t,volume,length,width,depth,local_width,local_depth
0.0,0.0,0.0,0.0,0.0,0.0,0.0
5e-05,0.001498,0.35,0.31,0.029,0.31,0.029
0.0001,0.0030074999999999998,0.5,0.31,0.043,0.31,0.043000000000000003
0.00015000000000000001,0.004634,0.6000000000000001,0.31,0.051,0.31,0.051
0.0002,0.006294999999999999,0.75,0.31,0.057,0.31,0.057
0.00025,0.0078955,0.9,0.31,0.060000000000000005,0.31,0.060000000000000005
0.00030000000000000003,0.00946,1.0,0.31,0.062,0.31,0.062
0.00035,0.010921,1.15,0.31,0.063,0.31,0.063
0.0004,0.012213,1.3,0.31,0.063,0.31,0.063
0.00045000000000000004,0.0133805,1.4,0.31,0.063,0.31,0.063
0.0005,0.0143805,1.55,0.31,0.063,0.31,0.063
0.00055,0.0151825,1.6500000000000001,0.31,0.063,0.31,0.063
0.0006000000000000001,0.0158025,1.8,0.31,0.063,0.31,0.063
0.0006500000000000001,0.016222,1.9000000000000004,0.31,0.063,0.31,0.063
0.0007,0.016451,2.0,0.31,0.063,0.31,0.063
0.00075,0.0165295,2.05,0.31,0.063,0.31,0.063
0.0008,0.016535499999999998,2.0999999999999996,0.31,0.063,0.31,0.063
0.0008500000000000001,0.016536,2.0999999999999996,0.31,0.063,0.31,0.063
0.0009000000000000001,0.016536,2.0999999999999996,0.31,0.063,0.31,0.063
0.00095,0.016536,2.0999999999999996,0.31,0.063,0.31,0.063
0.001,0.016536,2.0999999999999996,0.31,0.063,0.31,0.063
0.0010500000000000002,0.016537,2.0999999999999996,0.31,0.063,0.31,0.063
0.0011,0.016537,2.0999999999999996,0.31,0.063,0.31,0.063
0.00115,0.016537,2.1,0.31,0.063,0.31,0.063
0.0012000000000000001,0.016537,2.1,0.31,0.063,0.31,0.063
0.00125,0.016537,2.0999999999999996,0.31,0.063,0.31,0.063
0.0013000000000000002,0.016537,2.0999999999999996,0.31,0.063,0.31,0.063
0.00135,0.016537,2.1,0.31,0.063,0.31,0.063
0.0014,0.016537,2.0999999999999996,0.31,0.063,0.31,0.063
0.0014500000000000001,0.016537,2.1,0.31,0.063,0.31,0.063
0.0015,0.016537,2.099999999999999,0.31,0.063,0.31,0.063
0.0015500000000000002,0.016537,2.0999999999999996,0.31,0.063,0.31,0.063
0.0016,0.016537,2.099999999999999,0.31,0.063,0.31,0.063
0.00165,0.016537,2.0999999999999996,0.31,0.063,0.31,0.063
0.0017000000000000001,0.016537,2.1,0.31,0.063,0.31,0.063
0.00175,0.016537,2.0999999999999996,0.31,0.063,0.31,0.063
0.0018000000000000002,0.016537,2.1,0.31,0.063,0.31,0.063
0.00185,0.016537,2.099999999999999,0.31,0.063,0.31,0.063
0.0019,0.016537,2.0999999999999996,0.31,0.063,0.31,0.063
0.0019500000000000001,0.016537,2.1,0.31,0.063,0.31,0.063
0.002,0.016537,2.1000000000000005,0.31,0.063,0.31,0.063
0.00205,0.016537,2.0999999999999996,0.31,0.063,0.31,0.063
0.0021000000000000003,0.016537,2.1000000000000005,0.31,0.063,0.31,0.063
0.00215,0.016537,2.1000000000000005,0.31,0.063,0.31,0.063
0.0022,0.016537,2.1000000000000005,0.31,0.063,0.31,0.063
0.0022500000000000003,0.016537,2.1000000000000005,0.31,0.063,0.31,0.063
0.0023,0.016537,2.0999999999999996,0.31,0.063,0.31,0.063
0.00235,0.016537,2.0999999999999996,0.31,0.063,0.31,0.063
0.0024000000000000002,0.016537,2.0999999999999996,0.31,0.063,0.31,0.063
0.00245,0.016537,2.0999999999999996,0.31,0.063,0.31,0.063
0.0025,0.016537,2.0999999999999996,0.31,0.063,0.31,0.063
0.00255,0.016537,2.0999999999999996,0.31,0.063,0.31,0.063
0.0026000000000000003,0.016537,2.0999999999999996,0.31,0.063,0.31,0.063
0.00265,0.016537,2.1000000000000005,0.31,0.063,0.31,0.063
0.0027,0.016537,2.1000000000000005,0.31,0.063,0.31,0.063
0.0027500000000000003,0.016537,2.0999999999999996,0.31,0.063,0.31,0.063
0.0028,0.016537,2.0999999999999996,0.31,0.063,0.31,0.063
0.00285,0.016537,2.1000000000000005,0.31,0.063,0.31,0.063
0.0029000000000000002,0.016537,2.1000000000000005,0.31,0.063,0.31,0.063
0.00295,0.016537,2.0999999999999996,0.31,0.063,0.31,0.063
0.003,0.016537,2.0999999999999996,0.31,0.063,0.31,0.063
0.00305,0.016537,2.0999999999999996,0.31,0.063,0.31,0.063
0.0031000000000000003,0.016537,2.1000000000000005,0.31,0.063,0.31,0.063
0.00315,0.016537,2.0999999999999988,0.31,0.063,0.31,0.063
0.0032,0.016537,2.1000000000000014,0.31,0.063,0.31,0.063
0.0032500000000000003,0.016537,2.0999999999999996,0.31,0.063,0.31,0.063
0.0033,0.016537,2.0999999999999996,0.31,0.063,0.31,0.063
0.00335,0.016489,2.05,0.33,0.063,1.349999999999999,0.063
0.0034000000000000002,0.016123,1.8999999999999997,0.4,0.063,0.4,0.063
0.0034500000000000004,0.0156315,1.7499999999999993,0.3999999999999999,0.063,0.3999999999999999,0.063
0.0035,0.015434,1.599999999999999,0.38999999999999996,0.07200000000000001,0.39,0.07200000000000001
0.00355,0.0158155,1.4500000000000004,0.38999999999999996,0.078,0.39,0.078
0.0036000000000000003,0.0169875,1.250000000000001,0.37999999999999995,0.08399999999999999,0.38,0.08399999999999999
0.00365,0.019281,1.1500000000000015,0.37999999999999995,0.088,0.38,0.088
0.0037,0.02209,1.250000000000001,0.37999999999999995,0.091,0.38,0.091
0.0037500000000000003,0.024926499999999997,1.4000000000000015,0.37,0.093,0.37,0.093
0.0038,0.0276895,1.55,0.37,0.095,0.36,0.093
0.00385,0.0302875,1.7000000000000004,0.36,0.096,0.36,0.093
0.0039000000000000003,0.0327685,1.8,0.36,0.096,0.36,0.091
0.00395,0.035078,1.9000000000000015,0.36,0.096,0.35,0.091
0.004,0.0372865,2.05,0.35,0.096,0.35,0.09000000000000001
0.00405,0.039279999999999995,2.2,0.35,0.095,0.35,0.089
0.0041,0.040988,2.3499999999999996,0.35,0.094,0.35,0.087
0.00415,0.042517,2.499999999999999,0.35,0.092,0.35,0.087
0.004200000000000001,0.043699999999999996,2.6000000000000005,0.35,0.091,0.35,0.085
0.00425,0.044788,2.750000000000001,0.35,0.089,0.35,0.085
0.0043,0.045585999999999995,2.9000000000000004,0.33999999999999997,0.087,0.33999999999999997,0.083
0.004350000000000001,0.046016,3.0500000000000016,0.33999999999999997,0.086,0.33999999999999997,0.083
0.0044,0.046210999999999995,3.200000000000001,0.33999999999999997,0.085,0.33999999999999997,0.082
0.00445,0.046121999999999996,3.3000000000000007,0.33999999999999997,0.08399999999999999,0.33999999999999997,0.082
0.0045000000000000005,0.0457345,3.45,0.33999999999999997,0.083,0.33999999999999997,0.08
0.00455,0.0450495,3.6000000000000005,0.33999999999999997,0.082,0.33999999999999997,0.08
0.0046,0.044067499999999996,3.6999999999999993,0.33999999999999997,0.081,0.33999999999999997,0.08
0.0046500000000000005,0.042725,3.8499999999999996,0.33999999999999997,0.08,0.33999999999999997,0.079
0.0047,0.041138999999999995,3.9499999999999993,0.33999999999999997,0.079,0.33999999999999997,0.079
0.00475,0.039236,4.05,0.33999999999999997,0.079,0.33999999999999997,0.078
0.0048000000000000004,0.037166,3.8999999999999995,0.33999999999999997,0.078,0.33999999999999997,0.077
0.00485,0.0355555,3.6500000000000004,0.33999999999999997,0.078,0.33999999999999997,0.077
0.0049,0.0342815,3.4499999999999993,0.33999999999999997,0.077,0.33999999999999997,0.077
0.00495,0.0332255,3.3499999999999988,0.33999999999999997,0.077,0.33999999999999997,0.076
0.005,0.032311,3.250000000000001,0.33999999999999997,0.076,0.33999999999999997,0.076
0.005050000000000001,0.0315045,3.1499999999999995,0.33999999999999997,0.076,0.33999999999999997,0.075
0.0051,0.0308125,3.0999999999999996,0.33999999999999997,0.075,0.33999999999999997,0.075
0.00515,0.030178,3.0500000000000007,0.33999999999999997,0.075,0.33999999999999997,0.075
0.005200000000000001,0.029606999999999998,2.999999999999999,0.33999999999999997,0.075,0.33999999999999997,0.074
0.00525,0.0290805,2.95,0.33999999999999997,0.074,0.33999999999999997,0.074
0.0053,0.0286125,2.8999999999999986,0.32999999999999996,0.074,0.32999999999999996,0.074
0.005350000000000001,0.028168,2.8999999999999995,0.32999999999999996,0.074,0.32999999999999996,0.074
0.0054,0.027769,2.8499999999999996,0.32999999999999996,0.074,0.32999999999999996,0.073
0.00545,0.027389999999999998,2.8000000000000003,0.32999999999999996,0.073,0.32999999999999996,0.073
0.0055000000000000005,0.027038,2.8,0.32999999999999996,0.073,0.32999999999999996,0.073
0.00555,0.026695999999999998,2.7499999999999996,0.32999999999999996,0.073,0.32999999999999996,0.073
0.0056,0.0264165,2.749999999999999,0.32999999999999996,0.073,0.32999999999999996,0.073
0.0056500000000000005,0.026119999999999997,2.7499999999999996,0.32999999999999996,0.07200000000000001,0.32999999999999996,0.07200000000000001
0.0057,0.025852,2.6999999999999997,0.32999999999999996,0.07200000000000001,0.32999999999999996,0.07200000000000001
0.00575,0.0255905,2.7,0.32999999999999996,0.07200000000000001,0.32999999999999996,0.07200000000000001
0.0058000000000000005,0.025353999999999998,2.65,0.32999999999999996,0.07200000000000001,0.32999999999999996,0.07200000000000001
0.00585,0.0251295,2.65,0.32999999999999996,0.07200000000000001,0.32999999999999996,0.07200000000000001
0.0059,0.0249105,2.6499999999999995,0.32999999999999996,0.07100000000000001,0.32999999999999996,0.07100000000000001
0.00595,0.024700999999999997,2.6,0.32999999999999996,0.07100000000000001,0.32999999999999996,0.07100000000000001
0.006,0.0245225,2.5999999999999996,0.32999999999999996,0.07100000000000001,0.32999999999999996,0.07100000000000001
0.006050000000000001,0.024331,2.6,0.32999999999999996,0.07100000000000001,0.32999999999999996,0.07100000000000001
0.0061,0.024154,2.5999999999999996,0.32999999999999996,0.07100000000000001,0.32999999999999996,0.07100000000000001
0.00615,0.0239775,2.55,0.32999999999999996,0.07100000000000001,0.32999999999999996,0.07100000000000001
0.006200000000000001,0.0238285,2.55,0.32999999999999996,0.07100000000000001,0.32999999999999996,0.07100000000000001
0.00625,0.023667,2.55,0.32999999999999996,0.06999999999999998,0.32999999999999996,0.06999999999999999
0.0063,0.023511999999999998,2.55,0.32999999999999996,0.06999999999999998,0.32999999999999996,0.06999999999999999
0.006350000000000001,0.0233715,2.55,0.32999999999999996,0.06999999999999998,0.32999999999999996,0.06999999999999999
0.0064,0.0232365,2.5,0.32999999999999996,0.06999999999999998,0.32999999999999996,0.06999999999999999
0.00645,0.023098499999999998,2.5,0.32999999999999996,0.06999999999999998,0.32999999999999996,0.06999999999999999
0.006500000000000001,0.022979,2.4999999999999996,0.32999999999999996,0.06999999999999998,0.32999999999999996,0.06999999999999999
0.00655,0.022855499999999997,2.4999999999999996,0.32999999999999996,0.06999999999999998,0.32999999999999996,0.06999999999999999
0.0066,0.0227215,2.4999999999999996,0.32999999999999996,0.06999999999999998,0.32999999999999996,0.06999999999999999
0.0066500000000000005,0.022567,2.5,0.32999999999999996,0.06899999999999999,0.32999999999999996,0.06899999999999999
0.0067,0.022389,2.4499999999999997,0.32999999999999996,0.06899999999999999,1.35,0.06899999999999999
0.00675,0.021939999999999998,2.3499999999999996,0.39,0.06899999999999999,0.39,0.068
0.0068000000000000005,0.021115,2.15,0.41000000000000003,0.06899999999999999,0.41000000000000003,0.06899999999999999
0.00685,0.0204225,2.0,0.4000000000000001,0.07100000000000001,0.4,0.07100000000000001
0.006900000000000001,0.0201335,1.85,0.4000000000000001,0.078,0.4,0.078
0.0069500000000000004,0.0204155,1.7000000000000002,0.39000000000000007,0.08399999999999999,0.39,0.08399999999999999
0.007,0.021436999999999998,1.5,0.39000000000000007,0.089,0.39,0.089
0.007050000000000001,0.0234895,1.35,0.39000000000000007,0.093,0.39,0.093
0.0071,0.0264725,1.4000000000000001,0.38000000000000006,0.096,0.38000000000000006,0.096
0.00715,0.029626999999999997,1.5,0.38000000000000006,0.098,0.38000000000000006,0.097
0.007200000000000001,0.032698,1.6500000000000001,0.38000000000000006,0.1,0.37,0.098
0.00725,0.035706999999999996,1.8,0.37,0.101,0.37,0.097
0.0073,0.038556,1.9500000000000002,0.37,0.102,0.36000000000000004,0.097
0.007350000000000001,0.041237499999999996,2.05,0.37,0.102,0.36000000000000004,0.096
0.0074,0.043879499999999995,2.1999999999999997,0.36000000000000004,0.102,0.36000000000000004,0.095
0.00745,0.0462965,2.3,0.36000000000000004,0.102,0.36000000000000004,0.095
0.007500000000000001,0.048437499999999994,2.4499999999999997,0.36000000000000004,0.101,0.36000000000000004,0.093
0.00755,0.0504535,2.6,0.36000000000000004,0.1,0.36000000000000004,0.092
0.0076,0.052177499999999995,2.75,0.35000000000000003,0.09899999999999999,0.3500000000000001,0.092
0.0076500000000000005,0.053668999999999994,2.85,0.35000000000000003,0.098,0.3500000000000001,0.09000000000000001
0.0077,0.055002999999999996,3.0,0.35000000000000003,0.096,0.3500000000000001,0.089
0.00775,0.056067,3.15,0.35000000000000003,0.095,0.3500000000000001,0.089
0.0078000000000000005,0.056737499999999996,3.3,0.35000000000000003,0.093,0.3500000000000001,0.088
0.007850000000000001,0.057249499999999995,3.3999999999999995,0.35000000000000003,0.092,0.3500000000000001,0.087
0.0079,0.057449,3.55,0.35000000000000003,0.091,0.3500000000000001,0.08600000000000001
0.00795,0.057395499999999995,3.6999999999999997,0.35000000000000003,0.09000000000000001,0.3500000000000001,0.08600000000000001
0.008,0.056889999999999996,3.8499999999999996,0.35000000000000003,0.089,0.3500000000000001,0.08600000000000001
0.00805,0.056333999999999995,3.9499999999999997,0.35000000000000003,0.088,0.3500000000000001,0.085
0.0081,0.055316,4.1,0.35000000000000003,0.087,0.3500000000000001,0.085
0.008150000000000001,0.054030999999999996,4.199999999999999,0.35000000000000003,0.086,0.3500000000000001,0.08399999999999999
0.0082,0.0524405,4.3,0.34,0.086,0.3400000000000001,0.083
0.00825,0.0505595,4.449999999999999,0.34,0.085,0.3400000000000001,0.083
0.0083,0.0484605,4.5,0.34,0.085,0.3400000000000001,0.083
0.00835,0.046314,4.35,0.34,0.08399999999999999,0.3400000000000001,0.082
0.008400000000000001,0.044516,4.1000000000000005,0.34,0.083,0.3400000000000001,0.082
0.008450000000000001,0.043052,3.9,0.34,0.083,0.3400000000000001,0.081
0.0085,0.041825,3.8000000000000003,0.34,0.083,0.3400000000000001,0.081
0.00855,0.040759,3.6999999999999997,0.34,0.082,0.3400000000000001,0.081
0.0086,0.0398125,3.6,0.34,0.082,0.3400000000000001,0.081
0.00865,0.0389575,3.5000000000000004,0.34,0.081,0.3400000000000001,0.08
0.008700000000000001,0.0382085,3.4499999999999997,0.34,0.081,0.3400000000000001,0.08
0.00875,0.037510499999999995,3.4000000000000004,0.34,0.081,0.3400000000000001,0.079
0.0088,0.0368835,3.3499999999999996,0.34,0.08,0.3400000000000001,0.079
0.00885,0.036306,3.3,0.34,0.08,0.3400000000000001,0.079
0.0089,0.035757,3.2499999999999996,0.34,0.08,0.3400000000000001,0.079
0.00895,0.0352715,3.2499999999999996,0.34,0.079,0.3400000000000001,0.079
0.009000000000000001,0.03481,3.1999999999999993,0.34,0.079,0.3400000000000001,0.078
0.00905,0.0343835,3.1499999999999995,0.34,0.079,0.3400000000000001,0.078
0.0091,0.0339775,3.1499999999999995,0.34,0.079,0.3400000000000001,0.078
0.00915,0.033583499999999995,3.0999999999999996,0.34,0.078,0.3400000000000001,0.078
0.0092,0.033243999999999996,3.0999999999999996,0.34,0.078,0.3400000000000001,0.078
0.009250000000000001,0.032908,3.0999999999999996,0.34,0.078,0.3400000000000001,0.077
0.009300000000000001,0.0325955,3.05,0.34,0.078,0.3400000000000001,0.077
0.00935,0.0322915,3.05,0.34,0.078,0.3400000000000001,0.077
0.0094,0.0319965,2.999999999999999,0.34,0.077,0.3400000000000001,0.077
0.00945,0.031731999999999996,3.0,0.34,0.077,0.3400000000000001,0.077
0.0095,0.0314635,3.0,0.34,0.077,0.3400000000000001,0.077
0.009550000000000001,0.031222,2.950000000000001,0.34,0.077,0.3400000000000001,0.076
0.009600000000000001,0.0310035,2.9499999999999993,0.34,0.077,0.3400000000000001,0.076
0.00965,0.030765999999999998,2.9499999999999993,0.34,0.077,0.3400000000000001,0.076
0.0097,0.0305525,2.8999999999999995,0.34,0.076,0.3400000000000001,0.076
0.00975,0.0303445,2.9000000000000004,0.34,0.076,0.3400000000000001,0.076
0.0098,0.0301575,2.8999999999999986,0.34,0.076,0.3400000000000001,0.076
0.009850000000000001,0.029973,2.8999999999999995,0.34,0.076,0.3400000000000001,0.076
0.0099,0.029779499999999997,2.8999999999999995,0.34,0.076,0.3400000000000001,0.076
0.00995,0.0295945,2.8500000000000005,0.34,0.076,0.3400000000000001,0.076
0.01,0.029370999999999998,2.8499999999999996,0.34,0.076,0.3400000000000001,0.075
0.01005,0.029116999999999997,2.8500000000000005,0.33000000000000007,0.075,0.33000000000000007,0.075
0.010100000000000001,0.028673999999999998,2.799999999999998,0.38000000000000006,0.075,0.38000000000000006,0.07200000000000001
0.010150000000000001,0.027726499999999998,2.5999999999999988,0.41000000000000003,0.075,0.41000000000000003,0.075
0.0102,0.026718,2.3999999999999995,0.41000000000000003,0.075,0.41000000000000003,0.075
0.01025,0.0259075,2.249999999999999,0.41000000000000003,0.078,0.41000000000000003,0.078
0.0103,0.025549,2.0999999999999988,0.4,0.085,0.4,0.085
0.01035,0.025728499999999998,1.9499999999999986,0.4,0.091,0.4,0.091
0.010400000000000001,0.0266215,1.750000000000001,0.39,0.095,0.39,0.095
0.010450000000000001,0.028487,1.6000000000000008,0.39,0.098,0.39,0.098
0.0105,0.031384999999999996,1.500000000000001,0.39,0.101,0.39,0.101
0.01055,0.0347675,1.6000000000000008,0.39,0.103,0.39,0.102
0.0106,0.038147,1.750000000000001,0.38,0.10500000000000001,0.38,0.102
0.01065,0.0414825,1.8999999999999997,0.38,0.107,0.38,0.102
0.010700000000000001,0.0446475,2.05,0.38,0.107,0.37,0.101
0.010750000000000001,0.0476715,2.1499999999999995,0.38,0.108,0.37,0.1
0.0108,0.050673499999999996,2.3,0.37,0.108,0.37,0.09899999999999999
0.01085,0.053432,2.45,0.37,0.108,0.36000000000000004,0.098
0.0109,0.055983,2.5999999999999996,0.37,0.108,0.36000000000000004,0.097
0.01095,0.058344999999999994,2.75,0.37,0.107,0.37,0.097
0.011000000000000001,0.060494,2.8999999999999995,0.37,0.106,0.37,0.095
0.01105,0.062299999999999994,2.950000000000001,0.37,0.10500000000000001,0.37,0.094
0.0111,0.064052,3.1000000000000014,0.37,0.104,0.37,0.093
0.01115,0.065549,3.250000000000001,0.37,0.102,0.37,0.092
0.0112,0.0667005,3.4000000000000012,0.37,0.101,0.37,0.092
0.011250000000000001,0.067549,3.5500000000000007,0.36,0.09899999999999999,0.36,0.091
0.011300000000000001,0.0681985,3.6500000000000004,0.36,0.098,0.36,0.09000000000000001
0.01135,0.06865299999999999,3.8,0.36,0.096,0.36,0.09000000000000001
0.0114,0.06862349999999999,3.95,0.36,0.095,0.36,0.089
0.01145,0.068455,4.1,0.36,0.094,0.36,0.089
0.0115,0.06783299999999999,4.199999999999999,0.36,0.093,0.36,0.089
0.011550000000000001,0.067123,4.35,0.35000000000000003,0.092,0.35000000000000003,0.087
0.011600000000000001,0.065913,4.449999999999998,0.35000000000000003,0.091,0.35000000000000003,0.087
0.01165,0.06446149999999999,4.599999999999999,0.35000000000000003,0.091,0.35000000000000003,0.087
0.0117,0.06274199999999999,4.699999999999999,0.35000000000000003,0.09000000000000001,0.35000000000000003,0.08600000000000001
0.01175,0.060686,4.800000000000001,0.35000000000000003,0.089,0.35000000000000003,0.08600000000000001
0.0118,0.0583565,4.9,0.35000000000000003,0.089,0.35000000000000003,0.08600000000000001
0.011850000000000001,0.0558305,4.9,0.35000000000000003,0.088,0.35000000000000003,0.085
0.0119,0.0534015,4.7,0.35000000000000003,0.088,0.35000000000000003,0.085
0.01195,0.051422499999999996,4.3999999999999995,0.35000000000000003,0.087,0.35000000000000003,0.08399999999999999
0.012,0.0498065,4.25,0.35000000000000003,0.087,0.35000000000000003,0.08399999999999999
0.01205,0.048397499999999996,4.1,0.35000000000000003,0.086,0.35000000000000003,0.08399999999999999
0.012100000000000001,0.0471875,3.9999999999999996,0.35000000000000003,0.086,0.35000000000000003,0.083
0.012150000000000001,0.0461195,3.8999999999999995,0.35000000000000003,0.085,0.35000000000000003,0.083
0.0122,0.0451395,3.7999999999999994,0.35000000000000003,0.085,0.35000000000000003,0.083
0.01225,0.044232,3.7500000000000004,0.35000000000000003,0.085,0.35000000000000003,0.083
0.0123,0.043448,3.6999999999999993,0.3400000000000001,0.08399999999999999,0.3400000000000001,0.082
0.01235,0.042713,3.65,0.3400000000000001,0.08399999999999999,0.3400000000000001,0.083
0.012400000000000001,0.0420195,3.6000000000000005,0.3400000000000001,0.08399999999999999,0.3400000000000001,0.082
0.012450000000000001,0.041374,3.5499999999999994,0.3400000000000001,0.083,0.3400000000000001,0.082
0.0125,0.040794,3.5,0.3400000000000001,0.083,0.3400000000000001,0.081
0.01255,0.040232,3.4999999999999996,0.3400000000000001,0.083,0.3400000000000001,0.081
0.0126,0.039710999999999996,3.4499999999999997,0.3400000000000001,0.082,0.3400000000000001,0.081
0.01265,0.0392375,3.3999999999999995,0.3400000000000001,0.082,0.3400000000000001,0.081
0.012700000000000001,0.0387685,3.4,0.3400000000000001,0.082,0.3400000000000001,0.081
0.012750000000000001,0.0383275,3.3499999999999996,0.3400000000000001,0.082,0.3400000000000001,0.08
0.0128,0.037913999999999996,3.3500000000000005,0.3400000000000001,0.081,0.3400000000000001,0.08
0.01285,0.037516,3.2999999999999994,0.3400000000000001,0.081,0.3400000000000001,0.08
0.0129,0.0371585,3.3,0.3400000000000001,0.081,0.3400000000000001,0.08
0.012950000000000001,0.0368,3.2499999999999996,0.3400000000000001,0.081,0.3400000000000001,0.08
0.013000000000000001,0.036467,3.25,0.3400000000000001,0.081,0.3400000000000001,0.08
0.01305,0.0361545,3.2,0.3400000000000001,0.08,0.3400000000000001,0.079
0.0131,0.0358475,3.1999999999999997,0.3400000000000001,0.08,0.3400000000000001,0.079
0.01315,0.035559,3.1999999999999997,0.3400000000000001,0.08,0.3400000000000001,0.079
0.0132,0.0352745,3.15,0.3400000000000001,0.08,0.3400000000000001,0.079
0.013250000000000001,0.034992999999999996,3.15,0.3400000000000001,0.08,0.3400000000000001,0.079
0.013300000000000001,0.0347045,3.15,0.3400000000000001,0.08,0.3400000000000001,0.079
0.01335,0.0343875,3.1,0.3400000000000001,0.079,0.3400000000000001,0.079
0.0134,0.034028499999999996,3.1,0.3400000000000001,0.079,0.3400000000000001,0.078
0.01345,0.033558,3.05,0.3500000000000001,0.079,1.35,0.079
0.0135,0.032626999999999996,2.9,0.41000000000000003,0.079,0.41000000000000003,0.077
0.013550000000000001,0.031398999999999996,2.7,0.4099999999999999,0.079,0.4099999999999999,0.079
0.013600000000000001,0.030306999999999997,2.55,0.4099999999999999,0.078,0.4099999999999999,0.078
0.01365,0.029498,2.4,0.4099999999999999,0.08399999999999999,0.4099999999999999,0.08399999999999999
0.0137,0.029161,2.25,0.3999999999999999,0.09000000000000001,0.3999999999999999,0.09000000000000001
0.01375,0.029422499999999997,2.05,0.3999999999999999,0.095,0.3999999999999999,0.095
0.013800000000000002,0.030446499999999998,1.85,0.3999999999999999,0.09899999999999999,0.3999999999999999,0.09899999999999999
0.013850000000000001,0.032362,1.7000000000000002,0.3899999999999999,0.102,0.3899999999999999,0.102
0.013900000000000001,0.03539,1.6,0.3999999999999999,0.10500000000000001,0.3999999999999999,0.104
0.01395,0.038944,1.7000000000000002,0.3999999999999999,0.107,0.3999999999999999,0.10500000000000001
0.014,0.0425095,1.85,0.3999999999999999,0.108,0.38999999999999996,0.10500000000000001
0.01405,0.045954499999999995,2.0,0.3999999999999999,0.11,0.38999999999999996,0.10500000000000001
0.014100000000000001,0.0493245,2.15,0.38999999999999996,0.111,0.38999999999999996,0.103
0.014150000000000001,0.052591,2.25,0.38999999999999996,0.111,0.37999999999999995,0.102
0.0142,0.055715,2.4,0.38999999999999996,0.112,0.37999999999999995,0.101
0.01425,0.0586625,2.55,0.37999999999999995,0.112,0.37999999999999995,0.1
0.0143,0.061465,2.6999999999999997,0.37999999999999995,0.111,0.37999999999999995,0.09899999999999999
0.01435,0.063984,2.8499999999999996,0.37999999999999995,0.111,0.37999999999999995,0.09899999999999999
0.014400000000000001,0.06625199999999999,2.9999999999999996,0.37999999999999995,0.11,0.36999999999999994,0.097
0.014450000000000001,0.0683975,3.1,0.36999999999999994,0.10900000000000001,0.36999999999999994,0.096
0.0145,0.07036099999999999,3.25,0.36999999999999994,0.108,0.36999999999999994,0.096
0.01455,0.0719475,3.35,0.36999999999999994,0.107,0.36999999999999994,0.095
0.0146,0.0733325,3.5,0.36999999999999994,0.10500000000000001,0.36999999999999994,0.094
0.014650000000000002,0.07449549999999999,3.65,0.36999999999999994,0.103,0.36999999999999994,0.093
0.014700000000000001,0.0753865,3.7499999999999996,0.36999999999999994,0.102,0.36999999999999994,0.093
0.014750000000000001,0.07593799999999999,3.9,0.36999999999999994,0.1,0.36999999999999994,0.092
0.0148,0.0762525,4.050000000000001,0.36999999999999994,0.09899999999999999,0.36999999999999994,0.092
0.01485,0.07635499999999999,4.2,0.36999999999999994,0.098,0.36999999999999994,0.091
0.0149,0.07596499999999999,4.3,0.36,0.097,0.36,0.091
0.014950000000000001,0.075515,4.449999999999999,0.36,0.096,0.36,0.09000000000000001
0.015000000000000001,0.074532,4.6,0.36,0.095,0.36,0.089
0.015050000000000001,0.073444,4.7,0.36,0.095,0.36,0.089
0.0151,0.0719295,4.85,0.36,0.094,0.36,0.089
0.01515,0.0701465,4.95,0.36,0.093,0.36,0.089
0.0152,0.0680615,5.05,0.36,0.092,0.36,0.089
0.015250000000000001,0.0657075,5.15,0.36,0.092,0.36,0.087
0.015300000000000001,0.063135,5.199999999999999,0.36,0.091,0.36,0.087
0.01535,0.060490999999999996,5.05,0.36,0.091,0.36,0.087
0.0154,0.058169,4.8,0.36,0.09000000000000001,0.36,0.08600000000000001
0.01545,0.056251499999999996,4.6,0.36,0.09000000000000001,0.36,0.087
0.0155,0.054634999999999996,4.3999999999999995,0.36,0.089,0.36,0.087
0.015550000000000001,0.0532445,4.3,0.36,0.089,0.36,0.08600000000000001
0.015600000000000001,0.051983499999999995,4.2,0.36,0.088,0.36,0.085
0.01565,0.050866499999999995,4.099999999999999,0.36,0.088,0.36,0.085
0.015700000000000002,0.0498555,3.9999999999999996,0.36,0.088,0.36,0.085
0.01575,0.048930999999999995,3.949999999999999,0.36,0.087,0.36,0.085
0.0158,0.0480865,3.9000000000000004,0.36,0.087,0.36,0.08399999999999999
0.01585,0.047303,3.85,0.36,0.087,0.36,0.085
0.0159,0.046584,3.8000000000000003,0.36,0.086,0.36,0.08399999999999999
0.015950000000000002,0.0458965,3.7500000000000004,0.36,0.086,0.36,0.08399999999999999
0.016,0.045265,3.7,0.36,0.086,0.36,0.08399999999999999
0.016050000000000002,0.044663499999999995,3.6499999999999995,0.36,0.085,0.36,0.083
0.0161,0.0441275,3.6499999999999995,0.36,0.085,0.36,0.08399999999999999
0.01615,0.043595499999999995,3.5999999999999988,0.36,0.085,0.36,0.083
0.0162,0.0430715,3.5500000000000007,0.35,0.085,0.35,0.083
0.01625,0.0426285,3.549999999999999,0.35,0.08399999999999999,0.35,0.083
0.016300000000000002,0.042173499999999996,3.499999999999999,0.35,0.08399999999999999,0.35,0.082
0.01635,0.041756,3.5,0.35,0.08399999999999999,0.35,0.083
0.0164,0.0413575,3.45,0.35,0.08399999999999999,0.35,0.082
0.01645,0.040972499999999995,3.450000000000001,0.33999999999999997,0.08399999999999999,0.33999999999999997,0.082
0.0165,0.040597,3.4499999999999993,0.33999999999999997,0.083,0.33999999999999997,0.082
0.016550000000000002,0.0402475,3.4000000000000012,0.33999999999999997,0.083,0.33999999999999997,0.082
0.0166,0.039911999999999996,3.3999999999999995,0.33999999999999997,0.083,0.33999999999999997,0.082
0.01665,0.039578999999999996,3.3500000000000005,0.33999999999999997,0.083,0.33999999999999997,0.081
0.0167,0.039182499999999995,3.3499999999999988,0.33999999999999997,0.083,0.33999999999999997,0.082
0.01675,0.038785,3.3500000000000014,0.33999999999999997,0.082,0.33999999999999997,0.081
0.016800000000000002,0.038303,3.299999999999999,0.33999999999999997,0.082,1.349999999999999,0.082
0.01685,0.03745,3.1999999999999984,0.4,0.082,0.4,0.078
0.016900000000000002,0.0361055,2.999999999999999,0.42000000000000004,0.082,0.42000000000000004,0.082
0.01695,0.034759,2.8,0.4100000000000001,0.082,0.4100000000000001,0.082
0.017,0.0336575,2.6499999999999995,0.4100000000000001,0.083,0.4100000000000001,0.083
0.01705,0.0329365,2.5,0.4100000000000001,0.089,0.4100000000000001,0.089
0.0171,0.032645,2.3499999999999996,0.4100000000000001,0.094,0.4100000000000001,0.094
0.017150000000000002,0.0330555,2.1000000000000005,0.41000000000000003,0.09899999999999999,0.41000000000000003,0.09899999999999999
0.0172,0.0342735,1.9500000000000022,0.41000000000000003,0.103,0.41000000000000003,0.103
0.01725,0.036329,1.8,0.41000000000000003,0.10500000000000001,0.41000000000000003,0.10500000000000001
0.0173,0.039494499999999995,1.7000000000000004,0.41000000000000003,0.108,0.41000000000000003,0.107
0.01735,0.0431705,1.8,0.4000000000000001,0.11,0.4000000000000001,0.107
0.017400000000000002,0.046896,1.9500000000000022,0.4000000000000001,0.111,0.4000000000000001,0.107
0.01745,0.050539999999999995,2.1000000000000005,0.4000000000000001,0.11299999999999999,0.39000000000000007,0.106
0.0175,0.054018,2.250000000000001,0.4000000000000001,0.114,0.39000000000000007,0.10500000000000001
0.01755,0.057409499999999995,2.3499999999999996,0.4000000000000001,0.114,0.39000000000000007,0.104
0.0176,0.060716,2.499999999999999,0.39000000000000007,0.115,0.38000000000000006,0.103
0.017650000000000002,0.0638025,2.6499999999999995,0.39000000000000007,0.115,0.38000000000000006,0.102
0.0177,0.06668299999999999,2.8,0.39000000000000007,0.114,0.38000000000000006,0.101
0.017750000000000002,0.06937449999999999,2.9499999999999993,0.39000000000000007,0.114,0.38000000000000006,0.1
0.0178,0.07187299999999999,3.1000000000000005,0.38000000000000006,0.11299999999999999,0.38000000000000006,0.09899999999999999
0.01785,0.074098,3.200000000000001,0.38000000000000006,0.11299999999999999,0.38000000000000006,0.098
0.0179,0.07615999999999999,3.3500000000000014,0.38000000000000006,0.111,0.37000000000000005,0.097
0.01795,0.0780215,3.500000000000001,0.37000000000000005,0.11,0.37000000000000005,0.097
0.018000000000000002,0.079597,3.6500000000000012,0.37000000000000005,0.10900000000000001,0.37000000000000005,0.096
0.01805,0.0807925,3.750000000000001,0.37000000000000005,0.107,0.37000000000000005,0.095
0.0181,0.0818165,3.8499999999999996,0.37000000000000005,0.10500000000000001,0.37000000000000005,0.094
0.01815,0.08264149999999999,4.0,0.37000000000000005,0.104,0.37000000000000005,0.094
0.0182,0.08317,4.15,0.37000000000000005,0.102,0.37000000000000005,0.093
0.018250000000000002,0.083275,4.300000000000001,0.37000000000000005,0.101,0.37000000000000005,0.093
0.0183,0.083129,4.3999999999999995,0.37000000000000005,0.1,0.37000000000000005,0.092
0.01835,0.082892,4.55,0.37000000000000005,0.09899999999999999,0.37000000000000005,0.092
0.0184,0.0820405,4.699999999999999,0.37000000000000005,0.098,0.37000000000000005,0.091
0.01845,0.081171,4.799999999999999,0.37000000000000005,0.097,0.37000000000000005,0.091
0.018500000000000003,0.0797735,4.949999999999999,0.37000000000000005,0.097,0.37000000000000005,0.09000000000000001
0.01855,0.0781765,5.05,0.36000000000000004,0.096,0.36000000000000004,0.09000000000000001
0.018600000000000002,0.0762685,5.2,0.36000000000000004,0.095,0.36000000000000004,0.09000000000000001
0.01865,0.074033,5.300000000000001,0.36000000000000004,0.095,0.36000000000000004,0.089
0.0187,0.0715495,5.4,0.36000000000000004,0.094,0.36000000000000004,0.089
0.01875,0.068816,5.3999999999999995,0.36000000000000004,0.093,0.36000000000000004,0.088
0.0188,0.0660225,5.349999999999999,0.36000000000000004,0.093,0.36000000000000004,0.088
0.018850000000000002,0.063444,5.1000000000000005,0.36000000000000004,0.092,0.36000000000000004,0.088
0.0189,0.0613175,4.85,0.36000000000000004,0.092,0.36000000000000004,0.088
0.01895,0.059517,4.649999999999998,0.36000000000000004,0.091,0.36000000000000004,0.087
0.019,0.0579675,4.499999999999999,0.36000000000000004,0.091,0.36000000000000004,0.087
0.01905,0.056597499999999995,4.3999999999999995,0.36000000000000004,0.09000000000000001,0.36000000000000004,0.087
0.019100000000000002,0.055355999999999995,4.3,0.36000000000000004,0.09000000000000001,0.36000000000000004,0.087
0.01915,0.054232999999999996,4.2,0.36000000000000004,0.09000000000000001,0.36000000000000004,0.08600000000000001
0.019200000000000002,0.0532275,4.1499999999999995,0.36000000000000004,0.089,0.36000000000000004,0.08600000000000001
0.01925,0.052274999999999995,4.1000000000000005,0.36000000000000004,0.089,0.36000000000000004,0.08600000000000001
0.0193,0.0514265,4.05,0.36000000000000004,0.089,0.36000000000000004,0.08600000000000001
0.019350000000000003,0.050617499999999996,3.9499999999999997,0.36000000000000004,0.088,0.36000000000000004,0.085
0.0194,0.049858,3.95,0.36000000000000004,0.088,0.36000000000000004,0.085
0.019450000000000002,0.0491565,3.899999999999999,0.36000000000000004,0.088,0.36000000000000004,0.085
0.0195,0.0484965,3.85,0.36000000000000004,0.087,0.36000000000000004,0.085
0.01955,0.047887,3.8,0.36000000000000004,0.087,0.36000000000000004,0.085
0.0196,0.047314999999999996,3.7499999999999996,0.36000000000000004,0.087,0.36000000000000004,0.08399999999999999
0.01965,0.046759999999999996,3.75,0.36000000000000004,0.087,0.36000000000000004,0.08399999999999999
0.019700000000000002,0.04623,3.7,0.36000000000000004,0.086,0.36000000000000004,0.08399999999999999
0.01975,0.045748,3.6999999999999997,0.36000000000000004,0.086,0.36000000000000004,0.08399999999999999
0.0198,0.045286,3.6499999999999995,0.36000000000000004,0.086,0.36000000000000004,0.08399999999999999
0.01985,0.0448145,3.65,0.36000000000000004,0.086,0.36000000000000004,0.08399999999999999
0.0199,0.044391,3.5999999999999996,0.36000000000000004,0.086,0.36000000000000004,0.083
0.019950000000000002,0.043973,3.6000000000000005,0.36000000000000004,0.085,0.36000000000000004,0.083
0.02,0.043553499999999995,3.55,0.36000000000000004,0.085,0.36000000000000004,0.083
0.020050000000000002,0.043112,3.55,0.34,0.085,0.34,0.083
0.0201,0.0426425,3.5,0.34,0.085,0.34,0.083
0.02015,0.042116,3.4999999999999996,0.34,0.085,0.34,0.083
0.020200000000000003,0.041331,3.4499999999999997,0.39000000000000007,0.08399999999999999,0.39000000000000007,0.078
0.02025,0.0399845,3.2,0.42000000000000004,0.08399999999999999,0.42000000000000004,0.083
0.020300000000000002,0.038481,3.05,0.42000000000000004,0.08399999999999999,0.42000000000000004,0.08399999999999999
0.02035,0.0371275,2.9,0.41,0.08399999999999999,0.41,0.08399999999999999
0.0204,0.036102499999999996,2.7,0.41,0.088,0.41,0.088
0.02045,0.0354805,2.55,0.4199999999999999,0.093,0.4199999999999999,0.093
0.0205,0.0353615,2.4,0.4199999999999999,0.098,0.4199999999999999,0.098
0.020550000000000002,0.035975,2.15,0.4099999999999999,0.102,0.4099999999999999,0.102
0.0206,0.037437,2.0,0.4099999999999999,0.10500000000000001,0.4099999999999999,0.10500000000000001
0.02065,0.0397905,1.85,0.4099999999999999,0.108,0.4099999999999999,0.108
0.0207,0.04325,1.8,0.4099999999999999,0.11,0.4099999999999999,0.108
0.02075,0.0470525,1.9000000000000001,0.4099999999999999,0.112,0.3999999999999999,0.10900000000000001
0.020800000000000003,0.050827,2.05,0.3999999999999999,0.114,0.3999999999999999,0.108
0.02085,0.0545545,2.1999999999999997,0.3999999999999999,0.115,0.3999999999999999,0.107
0.020900000000000002,0.058123499999999995,2.3,0.3999999999999999,0.116,0.3899999999999999,0.106
0.02095,0.061645,2.4499999999999997,0.3999999999999999,0.116,0.3899999999999999,0.10500000000000001
0.021,0.0649695,2.6,0.3999999999999999,0.117,0.3899999999999999,0.104
0.021050000000000003,0.068185,2.75,0.3899999999999999,0.117,0.3799999999999999,0.103
0.0211,0.0711115,2.9,0.3899999999999999,0.117,0.3799999999999999,0.102
0.021150000000000002,0.073895,3.05,0.3899999999999999,0.116,0.3799999999999999,0.101
0.0212,0.076374,3.1999999999999997,0.3899999999999999,0.115,0.3799999999999999,0.1
0.02125,0.07879699999999999,3.3,0.3799999999999999,0.115,0.3799999999999999,0.09899999999999999
0.0213,0.080912,3.4499999999999997,0.3799999999999999,0.11299999999999999,0.3799999999999999,0.098
0.02135,0.08276499999999999,3.6,0.3799999999999999,0.112,0.3799999999999999,0.098
0.021400000000000002,0.0844125,3.75,0.36999999999999994,0.111,0.36999999999999994,0.097
0.02145,0.08582,3.9,0.36999999999999994,0.10900000000000001,0.36999999999999994,0.096
0.021500000000000002,0.08692699999999999,3.9499999999999997,0.36999999999999994,0.108,0.36999999999999994,0.096
0.02155,0.087711,4.1000000000000005,0.36999999999999994,0.106,0.36999999999999994,0.095
0.0216,0.088305,4.25,0.36999999999999994,0.10500000000000001,0.36999999999999994,0.094
0.021650000000000003,0.088589,4.4,0.36999999999999994,0.103,0.36999999999999994,0.094
0.0217,0.088628,4.499999999999999,0.36999999999999994,0.102,0.36999999999999994,0.093
0.021750000000000002,0.0881965,4.6499999999999995,0.36999999999999994,0.101,0.36999999999999994,0.093
0.0218,0.087716,4.799999999999999,0.36999999999999994,0.1,0.36999999999999994,0.093
0.02185,0.0866675,4.8999999999999995,0.36999999999999994,0.1,0.36999999999999994,0.092
0.0219,0.08556899999999999,5.05,0.36999999999999994,0.09899999999999999,0.36999999999999994,0.093
0.02195,0.083968,5.1499999999999995,0.36999999999999994,0.098,0.36999999999999994,0.091
0.022000000000000002,0.082199,5.3,0.36999999999999994,0.097,0.36999999999999994,0.091
0.02205,0.080082,5.3999999999999995,0.36999999999999994,0.097,0.36999999999999994,0.09000000000000001
0.0221,0.077642,5.5,0.36999999999999994,0.096,0.36999999999999994,0.09000000000000001
0.02215,0.07496799999999999,5.55,0.36999999999999994,0.095,0.36999999999999994,0.091
0.0222,0.0721275,5.550000000000001,0.3599999999999999,0.095,0.3599999999999999,0.089
0.022250000000000002,0.06926299999999999,5.45,0.3599999999999999,0.094,0.3599999999999999,0.089
0.0223,0.06672349999999999,5.15,0.3599999999999999,0.094,0.3599999999999999,0.089
0.022350000000000002,0.0646035,4.95,0.3599999999999999,0.093,0.3599999999999999,0.089
0.0224,0.06279699999999999,4.75,0.3599999999999999,0.093,0.3599999999999999,0.088
0.02245,0.061231499999999994,4.65,0.3599999999999999,0.092,0.3599999999999999,0.088
0.022500000000000003,0.059830999999999995,4.499999999999999,0.3599999999999999,0.092,0.3599999999999999,0.088
0.02255,0.058575499999999996,4.45,0.3599999999999999,0.092,0.3599999999999999,0.088
0.022600000000000002,0.057422999999999995,4.35,0.3599999999999999,0.091,0.3599999999999999,0.087
0.02265,0.056377,4.25,0.3599999999999999,0.091,0.3599999999999999,0.087
0.0227,0.055404999999999996,4.2,0.3599999999999999,0.091,0.3599999999999999,0.087
0.02275,0.0545205,4.1499999999999995,0.3599999999999999,0.09000000000000001,0.3599999999999999,0.087
0.0228,0.053684499999999996,4.1000000000000005,0.3599999999999999,0.09000000000000001,0.3599999999999999,0.08600000000000001
0.022850000000000002,0.0529095,4.050000000000001,0.3599999999999999,0.09000000000000001,0.3599999999999999,0.08600000000000001
0.0229,0.052161,4.000000000000001,0.3599999999999999,0.089,0.3599999999999999,0.08600000000000001
0.02295,0.051493,3.9499999999999993,0.3599999999999999,0.089,0.3599999999999999,0.08600000000000001
0.023,0.0508495,3.95,0.3599999999999999,0.089,0.3599999999999999,0.08600000000000001
0.02305,0.050253,3.9000000000000004,0.3599999999999999,0.089,0.3599999999999999,0.08600000000000001
0.023100000000000002,0.049664,3.8500000000000005,0.3599999999999999,0.088,0.3599999999999999,0.085
0.02315,0.0491095,3.8499999999999988,0.3599999999999999,0.088,0.3599999999999999,0.085
0.023200000000000002,0.048593,3.8,0.3599999999999999,0.088,0.3599999999999999,0.085
0.02325,0.048098999999999996,3.75,0.3599999999999999,0.088,0.3599999999999999,0.085
0.0233,0.0476155,3.75,0.3599999999999999,0.087,0.3599999999999999,0.085
0.023350000000000003,0.047154499999999995,3.6999999999999993,0.3599999999999999,0.087,0.3599999999999999,0.085
0.0234,0.0466595,3.700000000000001,0.3599999999999999,0.087,0.3599999999999999,0.08399999999999999
0.023450000000000002,0.046132,3.6499999999999995,0.34,0.087,0.34,0.08399999999999999
0.0235,0.045559499999999996,3.6499999999999995,0.34,0.087,0.34,0.08399999999999999
0.02355,0.044828,3.5999999999999988,0.35000000000000003,0.086,1.349999999999999,0.08600000000000001
0.0236,0.0435905,3.3999999999999995,0.41,0.086,0.41,0.082
0.02365,0.0419965,3.25,0.42,0.086,0.42,0.08600000000000001
0.023700000000000002,0.040454,3.0999999999999996,0.42,0.086,0.42,0.08600000000000001
0.02375,0.039174,2.8999999999999995,0.42,0.086,0.42,0.08600000000000001
0.0238,0.038241,2.749999999999999,0.42,0.092,0.42,0.092
0.02385,0.037785,2.5999999999999988,0.42,0.097,0.42,0.097
0.0239,0.037934999999999997,2.3500000000000005,0.42,0.102,0.42,0.102
0.023950000000000003,0.03879,2.2,0.42,0.10500000000000001,0.42,0.10500000000000001
0.024,0.040528499999999995,2.05,0.41000000000000003,0.108,0.41000000000000003,0.108
0.024050000000000002,0.0432585,1.8500000000000008,0.41000000000000003,0.111,0.41000000000000003,0.10900000000000001
0.0241,0.046993,1.8999999999999997,0.41000000000000003,0.11299999999999999,0.41000000000000003,0.11
0.02415,0.050900999999999995,2.000000000000001,0.41000000000000003,0.115,0.41000000000000003,0.11
0.024200000000000003,0.054735,2.1500000000000004,0.41000000000000003,0.116,0.39999999999999997,0.10900000000000001
0.02425,0.058463499999999995,2.3000000000000007,0.39999999999999997,0.117,0.39999999999999997,0.108
0.024300000000000002,0.062181499999999994,2.4000000000000004,0.39999999999999997,0.118,0.39,0.107
0.02435,0.065744,2.55,0.39999999999999997,0.118,0.39,0.106
0.0244,0.0691305,2.7,0.39999999999999997,0.118,0.39,0.10500000000000001
0.02445,0.07232849999999999,2.8499999999999996,0.39999999999999997,0.118,0.39,0.10500000000000001
0.0245,0.075343,3.0,0.39,0.118,0.38,0.103
0.024550000000000002,0.07811749999999999,3.1500000000000004,0.39,0.118,0.38,0.102
0.0246,0.080708,3.250000000000001,0.39,0.117,0.38,0.101
0.024650000000000002,0.0831355,3.4000000000000012,0.39,0.116,0.38,0.1
0.0247,0.085326,3.5500000000000007,0.38,0.115,0.38,0.1
0.02475,0.087224,3.700000000000001,0.38,0.114,0.38,0.09899999999999999
0.024800000000000003,0.08883049999999999,3.8500000000000005,0.38,0.112,0.38,0.098
0.02485,0.090214,4.000000000000001,0.38,0.111,0.38,0.097
0.024900000000000002,0.0914825,4.1,0.37,0.10900000000000001,0.37,0.097
0.02495,0.092364,4.2,0.37,0.108,0.37,0.096
0.025,0.09284049999999999,4.3500000000000005,0.37,0.106,0.37,0.095
0.025050000000000003,0.093153,4.5,0.37,0.10500000000000001,0.37,0.095
0.0251,0.093223,4.6,0.37,0.104,0.37,0.094
0.025150000000000002,0.093083,4.749999999999999,0.37,0.103,0.37,0.094
0.0252,0.092291,4.8999999999999995,0.37,0.102,0.37,0.093
0.02525,0.0915715,4.999999999999998,0.37,0.101,0.37,0.093
0.0253,0.090274,5.149999999999999,0.37,0.1,0.37,0.094
0.02535,0.0888725,5.25,0.37,0.1,0.37,0.092
0.025400000000000002,0.0870365,5.3999999999999995,0.37,0.09899999999999999,0.37,0.092
0.02545,0.0849525,5.500000000000001,0.37,0.098,0.37,0.091
0.025500000000000002,0.08259,5.6,0.37,0.098,0.37,0.091
0.02555,0.0799305,5.699999999999999,0.37,0.097,0.37,0.092
0.0256,0.07704699999999999,5.699999999999999,0.37,0.096,0.37,0.09000000000000001
0.025650000000000003,0.0740825,5.699999999999998,0.37,0.096,0.37,0.09000000000000001
0.0257,0.071241,5.45,0.37,0.095,0.37,0.09000000000000001
0.025750000000000002,0.06880549999999999,5.2,0.37,0.095,0.37,0.09000000000000001
0.0258,0.0667995,4.999999999999998,0.3600000000000001,0.094,0.3600000000000001,0.09000000000000001
0.02585,0.0650475,4.8,0.3600000000000001,0.094,0.3600000000000001,0.089
0.025900000000000003,0.063507,4.7,0.3600000000000001,0.094,0.3600000000000001,0.089
0.02595,0.06213,4.6,0.3600000000000001,0.093,0.3600000000000001,0.089
0.026000000000000002,0.060858999999999996,4.499999999999999,0.3600000000000001,0.093,0.3600000000000001,0.088
0.02605,0.0597075,4.3999999999999995,0.3600000000000001,0.092,0.3600000000000001,0.088
0.0261,0.0586495,4.35,0.3600000000000001,0.092,0.3600000000000001,0.088
0.02615,0.057700499999999995,4.3,0.3600000000000001,0.092,0.3600000000000001,0.088
0.0262,0.056777499999999995,4.25,0.3600000000000001,0.091,0.3600000000000001,0.087
0.026250000000000002,0.0559335,4.2,0.3600000000000001,0.091,0.3600000000000001,0.087
0.0263,0.055151,4.1499999999999995,0.3600000000000001,0.091,0.3600000000000001,0.087
0.026350000000000002,0.0544065,4.1,0.3600000000000001,0.09000000000000001,0.3600000000000001,0.087
0.0264,0.0537145,4.05,0.3600000000000001,0.09000000000000001,0.3600000000000001,0.087
0.02645,0.053056,4.0,0.3600000000000001,0.09000000000000001,0.3600000000000001,0.08600000000000001
0.026500000000000003,0.052438,3.9999999999999996,0.3600000000000001,0.09000000000000001,0.3600000000000001,0.08600000000000001
0.02655,0.051837999999999995,3.95,0.3600000000000001,0.089,0.3600000000000001,0.08600000000000001
0.026600000000000002,0.051255499999999996,3.8999999999999995,0.3600000000000001,0.089,0.3600000000000001,0.08600000000000001
0.02665,0.050738,3.9,0.3600000000000001,0.089,0.3600000000000001,0.087
0.0267,0.050206999999999995,3.8499999999999996,0.3600000000000001,0.089,0.3600000000000001,0.08600000000000001
0.026750000000000003,0.0496575,3.85,0.3600000000000001,0.088,0.3600000000000001,0.08600000000000001
0.0268,0.049103499999999994,3.8,0.3600000000000001,0.088,0.3600000000000001,0.085
0.026850000000000002,0.0484755,3.8,0.33999999999999997,0.088,0.33999999999999997,0.085
0.0269,0.047776,3.75,0.33999999999999997,0.088,1.35,0.087
0.02695,0.046668,3.6499999999999995,0.4099999999999999,0.088,0.4099999999999999,0.082
0.027,0.045026,3.4,0.42000000000000004,0.087,0.42000000000000004,0.08600000000000001
0.02705,0.043348,3.25,0.42000000000000004,0.087,0.42000000000000004,0.087
0.027100000000000003,0.041861499999999996,3.0999999999999996,0.42000000000000004,0.087,0.42000000000000004,0.087
0.02715,0.040669,2.9,0.43000000000000005,0.091,0.43000000000000005,0.091
0.027200000000000002,0.039908,2.75,0.42000000000000015,0.096,0.42000000000000015,0.096
0.02725,0.039661999999999996,2.5999999999999996,0.42000000000000015,0.101,0.42000000000000015,0.101
0.0273,0.0401395,2.3499999999999996,0.42000000000000015,0.10500000000000001,0.42000000000000015,0.10500000000000001
0.027350000000000003,0.041324,2.1999999999999997,0.42000000000000015,0.108,0.42000000000000015,0.108
0.0274,0.043418,2.05,0.42000000000000015,0.111,0.42000000000000015,0.11
0.027450000000000002,0.046593499999999996,1.9000000000000001,0.41000000000000014,0.11299999999999999,0.41000000000000014,0.111
0.0275,0.050519499999999995,2.0,0.41000000000000014,0.115,0.41000000000000014,0.111
0.02755,0.0545245,2.0999999999999996,0.41000000000000014,0.116,0.41000000000000014,0.11
0.027600000000000003,0.058392,2.2499999999999996,0.41000000000000014,0.118,0.40000000000000013,0.10900000000000001
0.02765,0.0621385,2.3499999999999996,0.41000000000000014,0.11900000000000001,0.40000000000000013,0.108
0.027700000000000002,0.0659005,2.4999999999999996,0.40000000000000013,0.11900000000000001,0.39,0.107
0.02775,0.069476,2.65,0.40000000000000013,0.12000000000000001,0.39,0.106
0.027800000000000002,0.072894,2.8,0.40000000000000013,0.12000000000000001,0.39,0.10500000000000001
0.02785,0.076108,2.9499999999999997,0.40000000000000013,0.12000000000000001,0.39,0.10500000000000001
0.0279,0.0790915,3.1,0.40000000000000013,0.11900000000000001,0.3800000000000001,0.103
0.027950000000000003,0.081857,3.25,0.39,0.11900000000000001,0.3800000000000001,0.102
0.028,0.08448549999999999,3.35,0.39,0.118,0.3800000000000001,0.101
0.028050000000000002,0.086906,3.5,0.39,0.117,0.3800000000000001,0.101
0.0281,0.0890555,3.65,0.39,0.116,0.3800000000000001,0.101
0.02815,0.090987,3.8,0.3800000000000001,0.115,0.3800000000000001,0.09899999999999999
0.028200000000000003,0.092578,3.95,0.3800000000000001,0.114,0.3800000000000001,0.098
0.02825,0.093942,4.050000000000001,0.3800000000000001,0.112,0.3800000000000001,0.098
0.028300000000000002,0.0951365,4.2,0.3800000000000001,0.11,0.3800000000000001,0.097
0.02835,0.09608649999999999,4.3500000000000005,0.3700000000000001,0.10900000000000001,0.3700000000000001,0.098
0.0284,0.096625,4.45,0.3700000000000001,0.107,0.3700000000000001,0.096
0.028450000000000003,0.09682299999999999,4.549999999999999,0.3700000000000001,0.106,0.3700000000000001,0.095
0.0285,0.09687799999999999,4.699999999999999,0.3700000000000001,0.10500000000000001,0.3700000000000001,0.095
0.028550000000000002,0.096691,4.85,0.3700000000000001,0.104,0.3700000000000001,0.095
0.0286,0.096106,4.95,0.3700000000000001,0.103,0.3700000000000001,0.094
0.028650000000000002,0.0951395,5.1,0.3700000000000001,0.102,0.3700000000000001,0.094
0.0287,0.09403099999999999,5.25,0.3700000000000001,0.101,0.3700000000000001,0.094
0.02875,0.09246299999999999,5.35,0.3700000000000001,0.101,0.3700000000000001,0.093
0.028800000000000003,0.09070149999999999,5.5,0.3700000000000001,0.1,0.3700000000000001,0.092
0.02885,0.08857699999999999,5.6000000000000005,0.3700000000000001,0.09899999999999999,0.3700000000000001,0.092
0.028900000000000002,0.086189,5.7,0.3700000000000001,0.09899999999999999,0.3700000000000001,0.092
0.02895,0.08350149999999999,5.8,0.3700000000000001,0.098,0.3700000000000001,0.092
0.029,0.08064349999999999,5.85,0.3700000000000001,0.098,0.3700000000000001,0.091
0.029050000000000003,0.0776375,5.8,0.3700000000000001,0.097,0.3700000000000001,0.091
0.0291,0.074663,5.6499999999999995,0.3700000000000001,0.096,0.3700000000000001,0.091
0.029150000000000002,0.0720915,5.35,0.3700000000000001,0.096,0.3700000000000001,0.09000000000000001
0.0292,0.0699065,5.1499999999999995,0.3700000000000001,0.096,0.3700000000000001,0.09000000000000001
0.02925,0.06804249999999999,4.95,0.3700000000000001,0.095,0.3700000000000001,0.09000000000000001
0.029300000000000003,0.0663945,4.8500000000000005,0.3700000000000001,0.095,0.3700000000000001,0.089
0.02935,0.064908,4.699999999999999,0.3700000000000001,0.094,0.3700000000000001,0.089
0.029400000000000003,0.063585,4.6000000000000005,0.3600000000000001,0.094,0.3600000000000001,0.089
0.02945,0.062374,4.55,0.3600000000000001,0.093,0.3600000000000001,0.09000000000000001
0.029500000000000002,0.061259499999999995,4.45,0.3600000000000001,0.093,0.3600000000000001,0.089
0.02955,0.060232499999999994,4.3999999999999995,0.3600000000000001,0.093,0.3600000000000001,0.089
0.0296,0.059279,4.35,0.3600000000000001,0.092,0.3600000000000001,0.088
0.029650000000000003,0.058386,4.3,0.3600000000000001,0.092,0.3600000000000001,0.088
0.0297,0.057561999999999995,4.25,0.3600000000000001,0.092,0.3600000000000001,0.088
0.029750000000000002,0.056777999999999995,4.2,0.3600000000000001,0.092,0.3600000000000001,0.088
0.0298,0.056034999999999995,4.1499999999999995,0.3600000000000001,0.091,0.3600000000000001,0.088
0.02985,0.0553475,4.1,0.3600000000000001,0.091,0.3600000000000001,0.087
0.029900000000000003,0.054681999999999994,4.05,0.3600000000000001,0.091,0.3600000000000001,0.087
0.02995,0.054056,4.05,0.3600000000000001,0.09000000000000001,0.3600000000000001,0.088
0.030000000000000002,0.053467999999999995,3.999999999999999,0.3600000000000001,0.09000000000000001,0.3600000000000001,0.087
0.03005,0.0528735,3.999999999999999,0.3600000000000001,0.09000000000000001,0.3600000000000001,0.087
0.030100000000000002,0.052308999999999994,3.9499999999999993,0.3600000000000001,0.09000000000000001,0.3600000000000001,0.08600000000000001
0.03015,0.0517035,3.9000000000000004,0.3600000000000001,0.09000000000000001,0.3600000000000001,0.087
0.0302,0.051065,3.9000000000000004,0.3500000000000001,0.089,0.3500000000000001,0.08600000000000001
0.030250000000000003,0.0503305,3.8500000000000005,0.3400000000000001,0.089,0.3400000000000001,0.08600000000000001
0.0303,0.0493715,3.799999999999998,0.39,0.089,0.39,0.08
0.030350000000000002,0.047788,3.55,0.42000000000000004,0.089,0.42000000000000004,0.08600000000000001
0.0304,0.0460155,3.3999999999999995,0.42000000000000004,0.088,0.42000000000000004,0.088
0.03045,0.044378999999999995,3.25,0.42000000000000004,0.088,0.42000000000000004,0.088
0.030500000000000003,0.04298,3.049999999999999,0.43000000000000005,0.089,0.43000000000000005,0.089
0.03055,0.0419395,2.8999999999999995,0.43000000000000005,0.095,0.43000000000000005,0.095
0.030600000000000002,0.041381,2.749999999999999,0.42000000000000004,0.1,0.42000000000000004,0.1
0.03065,0.041462,2.500000000000001,0.42000000000000004,0.104,0.42000000000000004,0.104
0.0307,0.042273,2.3500000000000005,0.42000000000000004,0.107,0.42000000000000004,0.107
0.030750000000000003,0.043823999999999995,2.2,0.42000000000000004,0.11,0.42000000000000004,0.11
0.0308,0.046372,2.000000000000001,0.42000000000000004,0.11299999999999999,0.42000000000000004,0.111
0.030850000000000002,0.049991999999999995,1.9500000000000022,0.41000000000000003,0.115,0.41000000000000003,0.112
0.0309,0.0540155,2.05,0.41000000000000003,0.117,0.41000000000000003,0.112
0.030950000000000002,0.058053,2.2,0.41000000000000003,0.118,0.41000000000000003,0.11
0.031,0.061954999999999996,2.3500000000000005,0.41000000000000003,0.11900000000000001,0.4,0.111
0.03105,0.065772,2.45,0.41000000000000003,0.12000000000000001,0.4,0.108
0.031100000000000003,0.0695065,2.5999999999999996,0.41000000000000003,0.121,0.3900000000000001,0.107
0.03115,0.07306549999999999,2.75,0.4,0.121,0.3900000000000001,0.108
0.031200000000000002,0.0764565,2.8999999999999995,0.4,0.121,0.3900000000000001,0.10500000000000001
0.03125,0.0796625,3.05,0.4,0.121,0.3900000000000001,0.106
0.0313,0.0826325,3.1999999999999993,0.4,0.12000000000000001,0.3900000000000001,0.103
0.03135,0.0853425,3.3000000000000007,0.3900000000000001,0.12000000000000001,0.3800000000000001,0.102
0.031400000000000004,0.0879875,3.45,0.3900000000000001,0.11900000000000001,0.3800000000000001,0.102
0.03145,0.0903795,3.6000000000000005,0.3900000000000001,0.118,0.3800000000000001,0.102
0.0315,0.092515,3.750000000000001,0.3900000000000001,0.117,0.3800000000000001,0.101
0.03155,0.094377,3.9000000000000004,0.3800000000000001,0.116,0.3800000000000001,0.09899999999999999
0.0316,0.09594599999999999,4.050000000000001,0.3800000000000001,0.114,0.3800000000000001,0.09899999999999999
0.031650000000000005,0.097317,4.15,0.3800000000000001,0.11299999999999999,0.3800000000000001,0.098
0.0317,0.0984125,4.300000000000001,0.3800000000000001,0.111,0.3800000000000001,0.09899999999999999
0.03175,0.099309,4.45,0.3800000000000001,0.11,0.3800000000000001,0.098
0.0318,0.09984499999999999,4.6000000000000005,0.3800000000000001,0.108,0.3800000000000001,0.096
0.03185,0.1001185,4.6499999999999995,0.3700000000000001,0.107,0.3700000000000001,0.096
0.031900000000000005,0.099968,4.799999999999999,0.3700000000000001,0.106,0.3700000000000001,0.095
0.03195,0.099662,4.949999999999999,0.3700000000000001,0.10500000000000001,0.3700000000000001,0.096
0.032,0.099186,5.049999999999999,0.3700000000000001,0.104,0.3700000000000001,0.096
0.03205,0.09809,5.199999999999999,0.3700000000000001,0.103,0.3700000000000001,0.094
0.032100000000000004,0.0969555,5.349999999999999,0.3700000000000001,0.102,0.3700000000000001,0.094
0.032150000000000005,0.0953405,5.45,0.3700000000000001,0.102,0.3700000000000001,0.093
0.0322,0.0935685,5.550000000000001,0.3700000000000001,0.101,0.3700000000000001,0.094
0.03225,0.0913845,5.700000000000001,0.3700000000000001,0.1,0.3700000000000001,0.093
0.0323,0.088962,5.8,0.3700000000000001,0.09899999999999999,0.3700000000000001,0.092
0.032350000000000004,0.086265,5.849999999999999,0.3700000000000001,0.09899999999999999,0.3700000000000001,0.092
0.0324,0.08333499999999999,5.8999999999999995,0.3700000000000001,0.098,0.3700000000000001,0.093
0.03245,0.08027,5.8999999999999995,0.3700000000000001,0.098,0.3700000000000001,0.092
0.0325,0.077238,5.75,0.3700000000000001,0.097,0.3700000000000001,0.091
0.03255,0.0745345,5.499999999999999,0.3700000000000001,0.097,0.3700000000000001,0.091
0.032600000000000004,0.072277,5.250000000000001,0.3700000000000001,0.096,0.3700000000000001,0.091
0.03265,0.070342,5.05,0.3700000000000001,0.096,0.3700000000000001,0.091
0.0327,0.06862349999999999,4.949999999999999,0.3700000000000001,0.096,0.3700000000000001,0.091
0.03275,0.0671005,4.8,0.3700000000000001,0.095,0.3700000000000001,0.09000000000000001
0.0328,0.065735,4.7,0.3700000000000001,0.095,0.3700000000000001,0.09000000000000001
0.032850000000000004,0.06446099999999999,4.65,0.3700000000000001,0.094,0.3700000000000001,0.089
0.0329,0.063301,4.55,0.3700000000000001,0.094,0.3700000000000001,0.09000000000000001
0.03295,0.062239499999999996,4.5,0.3700000000000001,0.094,0.3700000000000001,0.09000000000000001
0.033,0.061248,4.4,0.36,0.093,0.36,0.089
0.03305,0.060338499999999996,4.3500000000000005,0.36,0.093,0.36,0.089
0.033100000000000004,0.0594595,4.3,0.36,0.093,0.36,0.088
0.03315,0.058661,4.249999999999999,0.36,0.092,0.36,0.089
0.0332,0.0578865,4.199999999999999,0.36,0.092,0.36,0.089
0.03325,0.057181499999999996,4.2,0.36,0.092,0.36,0.088
0.0333,0.0564905,4.1499999999999995,0.36,0.092,0.36,0.088
0.033350000000000005,0.0558315,4.1,0.36,0.091,0.36,0.087
0.0334,0.0552145,4.1,0.36,0.091,0.36,0.088
0.03345,0.0545815,4.05,0.36,0.091,0.36,0.088
0.0335,0.0539525,4.0,0.36,0.091,0.36,0.087
0.03355,0.053291,4.000000000000001,0.36,0.09000000000000001,0.36,0.087
0.033600000000000005,0.052538499999999995,3.9499999999999997,0.3400000000000001,0.09000000000000001,0.3400000000000001,0.087
0.03365,0.0516285,3.9499999999999997,0.3600000000000001,0.09000000000000001,1.4,0.089
0.0337,0.0501905,3.7,0.41999999999999993,0.09000000000000001,0.41999999999999993,0.08399999999999999
0.03375,0.048390499999999996,3.55,0.41999999999999993,0.089,0.41999999999999993,0.088
0.033800000000000004,0.046602,3.35,0.41999999999999993,0.089,0.41999999999999993,0.089
0.033850000000000005,0.045066499999999995,3.2,0.42999999999999994,0.089,0.42999999999999994,0.089
0.0339,0.0437945,3.05,0.42999999999999994,0.093,0.42999999999999994,0.093
0.03395,0.042961,2.85,0.42999999999999994,0.098,0.42999999999999994,0.098
0.034,0.042688,2.65,0.41999999999999993,0.103,0.41999999999999993,0.103
0.034050000000000004,0.0431435,2.4499999999999997,0.41999999999999993,0.107,0.41999999999999993,0.107
0.0341,0.044288,2.3,0.41999999999999993,0.11,0.41999999999999993,0.11
0.03415,0.04631,2.15,0.41999999999999993,0.112,0.41999999999999993,0.112
0.0342,0.0493835,2.0,0.41999999999999993,0.115,0.41999999999999993,0.11299999999999999
0.03425,0.053307999999999994,2.05,0.41000000000000003,0.117,0.41000000000000003,0.11299999999999999
0.034300000000000004,0.057421,2.15,0.41000000000000003,0.118,0.41000000000000003,0.11299999999999999
0.03435,0.061447499999999995,2.3,0.41000000000000003,0.11900000000000001,0.41000000000000003,0.112
0.0344,0.065342,2.4,0.41000000000000003,0.12000000000000001,0.3999999999999999,0.111
0.03445,0.06920749999999999,2.55,0.41000000000000003,0.121,0.3999999999999999,0.11
0.0345,0.0729075,2.6999999999999997,0.41000000000000003,0.122,0.3899999999999999,0.10900000000000001
0.034550000000000004,0.0764305,2.8499999999999996,0.3999999999999999,0.122,0.3899999999999999,0.108
0.0346,0.0797735,2.9999999999999996,0.3999999999999999,0.122,0.3899999999999999,0.107
0.03465,0.082934,3.15,0.3999999999999999,0.122,0.3899999999999999,0.106
0.0347,0.0858415,3.3,0.3999999999999999,0.121,0.3899999999999999,0.10500000000000001
0.03475,0.088589,3.4,0.3999999999999999,0.12000000000000001,0.3799999999999999,0.104
0.034800000000000005,0.09113199999999999,3.5500000000000003,0.3899999999999999,0.12000000000000001,0.3799999999999999,0.102
0.03485,0.093484,3.7,0.3899999999999999,0.11900000000000001,0.3799999999999999,0.102
0.0349,0.095548,3.85,0.3899999999999999,0.117,0.3799999999999999,0.102
0.03495,0.097325,4.0,0.3899999999999999,0.116,0.3799999999999999,0.101
0.035,0.098899,4.1000000000000005,0.3799999999999999,0.115,0.3799999999999999,0.1
0.035050000000000005,0.1002005,4.25,0.3799999999999999,0.11299999999999999,0.3799999999999999,0.098
0.0351,0.1012005,4.4,0.3799999999999999,0.111,0.3799999999999999,0.09899999999999999
0.03515,0.101979,4.55,0.3799999999999999,0.11,0.3799999999999999,0.098
0.0352,0.1024865,4.6499999999999995,0.3799999999999999,0.10900000000000001,0.3799999999999999,0.098
0.035250000000000004,0.102716,4.799999999999999,0.3799999999999999,0.108,0.3799999999999999,0.097
0.035300000000000005,0.10253999999999999,4.8999999999999995,0.37,0.106,0.37,0.096
0.03535,0.10205349999999999,5.05,0.37,0.10500000000000001,0.37,0.096
0.0354,0.10152599999999999,5.1499999999999995,0.37,0.10500000000000001,0.37,0.096
0.03545,0.10042849999999999,5.3,0.37,0.104,0.37,0.096
0.035500000000000004,0.09917849999999999,5.3999999999999995,0.37,0.103,0.37,0.095
0.03555,0.09755549999999999,5.55,0.37,0.102,0.37,0.095
0.0356,0.095661,5.6499999999999995,0.37,0.101,0.37,0.094
0.03565,0.09339,5.75,0.37,0.101,0.37,0.094
0.0357,0.0909185,5.85,0.37,0.1,0.37,0.094
0.035750000000000004,0.08816099999999999,5.949999999999999,0.37,0.1,0.37,0.093
0.0358,0.085197,6.0,0.37,0.09899999999999999,0.37,0.093
0.03585,0.0820825,5.999999999999999,0.37,0.098,0.37,0.093
0.0359,0.0790125,5.8,0.37,0.098,0.37,0.092
0.03595,0.076277,5.549999999999999,0.37,0.097,0.37,0.092
0.036000000000000004,0.07399599999999999,5.3,0.37,0.097,0.37,0.092
0.03605,0.07203749999999999,5.1499999999999995,0.37,0.097,0.37,0.092
0.0361,0.070294,5.000000000000001,0.37,0.096,0.37,0.091
0.03615,0.068746,4.8500000000000005,0.37,0.096,0.37,0.091
0.0362,0.0673305,4.75,0.37,0.095,0.37,0.091
0.036250000000000004,0.066061,4.699999999999999,0.37,0.095,0.37,0.091
0.0363,0.064876,4.6000000000000005,0.37,0.095,0.37,0.09000000000000001
0.03635,0.0638005,4.549999999999998,0.37,0.094,0.37,0.09000000000000001
0.0364,0.06278349999999999,4.500000000000001,0.37,0.094,0.37,0.09000000000000001
0.03645,0.061841,4.399999999999999,0.37,0.094,0.37,0.09000000000000001
0.036500000000000005,0.0609495,4.35,0.37,0.093,0.37,0.09000000000000001
0.03655,0.060134,4.3,0.36,0.093,0.36,0.089
0.0366,0.059357999999999994,4.300000000000001,0.36,0.093,0.36,0.089
0.03665,0.0586115,4.25,0.36,0.093,0.36,0.089
0.0367,0.0579115,4.199999999999999,0.36,0.092,0.36,0.089
0.036750000000000005,0.057221499999999995,4.150000000000001,0.36,0.092,0.36,0.089
0.0368,0.056572,4.1499999999999995,0.36,0.092,0.36,0.089
0.03685,0.055916,4.1000000000000005,0.36,0.092,0.36,0.088
0.0369,0.055216999999999995,4.049999999999999,0.36,0.091,0.36,0.088
0.036950000000000004,0.054458,4.050000000000001,0.35,0.091,0.35,0.088
0.037000000000000005,0.053614499999999995,3.999999999999999,0.33999999999999997,0.091,1.349999999999999,0.09000000000000001
0.03705,0.0523675,3.8999999999999986,0.4099999999999999,0.091,0.4099999999999999,0.082
0.0371,0.050564,3.6499999999999995,0.42000000000000004,0.09000000000000001,0.42000000000000004,0.088
0.03715,0.048660999999999996,3.5,0.42000000000000004,0.09000000000000001,0.42000000000000004,0.09000000000000001
0.037200000000000004,0.046973499999999994,3.299999999999999,0.43000000000000005,0.089,0.43000000000000005,0.089
0.03725,0.045516,3.1499999999999995,0.43000000000000005,0.091,0.43000000000000005,0.091
0.0373,0.0445,2.999999999999999,0.43000000000000005,0.097,0.43000000000000005,0.097
0.03735,0.043900999999999996,2.8,0.43000000000000005,0.102,0.43000000000000005,0.102
0.0374,0.044,2.6000000000000005,0.42000000000000004,0.106,0.42000000000000004,0.106
0.037450000000000004,0.0448015,2.4000000000000004,0.42000000000000004,0.10900000000000001,0.42000000000000004,0.10900000000000001
0.0375,0.046377999999999996,2.250000000000001,0.42000000000000004,0.112,0.42000000000000004,0.112
0.03755,0.0489265,2.1000000000000005,0.42000000000000004,0.114,0.42000000000000004,0.11299999999999999
0.0376,0.0525545,2.000000000000001,0.42000000000000004,0.116,0.42000000000000004,0.114
0.03765,0.056609,2.1000000000000005,0.42000000000000004,0.118,0.41000000000000003,0.11299999999999999
0.037700000000000004,0.0607285,2.250000000000001,0.41000000000000003,0.12000000000000001,0.41000000000000003,0.11299999999999999
0.03775,0.0647625,2.4000000000000004,0.41000000000000003,0.121,0.41000000000000003,0.112
0.0378,0.068665,2.499999999999999,0.41000000000000003,0.122,0.4,0.111
0.03785,0.0725165,2.6499999999999995,0.41000000000000003,0.122,0.4,0.11
0.0379,0.0761655,2.8,0.41000000000000003,0.122,0.3900000000000001,0.10900000000000001
0.037950000000000005,0.079605,2.9499999999999993,0.4,0.12300000000000001,0.3900000000000001,0.108
0.038,0.08291699999999999,3.1000000000000005,0.4,0.122,0.3900000000000001,0.107
0.03805,0.086016,3.25,0.4,0.122,0.3900000000000001,0.106
0.0381,0.0888895,3.3500000000000014,0.4,0.122,0.3900000000000001,0.10500000000000001
0.03815,0.0915985,3.500000000000001,0.4,0.121,0.38,0.104
0.038200000000000005,0.09404549999999999,3.6500000000000012,0.3900000000000001,0.12000000000000001,0.38,0.103
0.03825,0.09633549999999999,3.8000000000000007,0.3900000000000001,0.11900000000000001,0.38,0.102
0.0383,0.09832049999999999,3.950000000000001,0.3900000000000001,0.118,0.38,0.102
0.03835,0.100003,4.100000000000001,0.3900000000000001,0.116,0.38,0.101
0.038400000000000004,0.1015345,4.2,0.38,0.115,0.38,0.1
0.038450000000000005,0.10274649999999999,4.3500000000000005,0.38,0.11299999999999999,0.38,0.1
0.0385,0.10363299999999999,4.5,0.38,0.112,0.38,0.09899999999999999
0.03855,0.1043075,4.65,0.38,0.11,0.38,0.09899999999999999
0.0386,0.10475899999999999,4.749999999999999,0.38,0.10900000000000001,0.38,0.098
0.038650000000000004,0.10488299999999999,4.8999999999999995,0.38,0.108,0.38,0.097
0.038700000000000005,0.10471,5.0,0.37,0.107,0.37,0.097
0.03875,0.10402199999999999,5.099999999999999,0.37,0.106,0.37,0.097
0.0388,0.1034075,5.249999999999999,0.37,0.10500000000000001,0.37,0.096
0.03885,0.1022945,5.399999999999999,0.37,0.104,0.37,0.096
0.038900000000000004,0.1008545,5.5,0.37,0.103,0.37,0.095
0.03895,0.09916749999999999,5.6499999999999995,0.37,0.103,0.37,0.095
0.039,0.09715,5.750000000000001,0.37,0.102,0.37,0.095
0.03905,0.094832,5.8500000000000005,0.37,0.101,0.37,0.094
0.0391,0.09222849999999999,5.949999999999999,0.37,0.101,0.37,0.094
0.039150000000000004,0.08939949999999999,5.999999999999999,0.37,0.1,0.37,0.094
0.0392,0.086363,6.05,0.37,0.09899999999999999,0.37,0.093
0.03925,0.08322249999999999,6.05,0.37,0.09899999999999999,0.37,0.093
0.0393,0.0801535,5.8500000000000005,0.37,0.098,0.37,0.093
0.03935,0.077455,5.55,0.37,0.098,0.37,0.092
0.039400000000000004,0.075179,5.35,0.37,0.097,0.37,0.092
0.03945,0.07321949999999999,5.1499999999999995,0.37,0.097,0.37,0.092
0.0395,0.0714995,5.05,0.37,0.097,0.37,0.092
0.03955,0.06994349999999999,4.8999999999999995,0.37,0.096,0.37,0.091
0.0396,0.068532,4.799999999999999,0.37,0.096,0.37,0.091
0.039650000000000005,0.067233,4.749999999999999,0.37,0.096,0.37,0.091
0.0397,0.06605899999999999,4.6499999999999995,0.37,0.095,0.37,0.091
0.03975,0.0649565,4.6,0.37,0.095,0.37,0.091
0.0398,0.0639525,4.499999999999999,0.37,0.095,0.37,0.09000000000000001
0.039850000000000003,0.062993,4.45,0.37,0.094,0.37,0.09000000000000001
0.039900000000000005,0.0621025,4.3999999999999995,0.37,0.094,0.37,0.09000000000000001
0.03995,0.061264,4.3500000000000005,0.37,0.094,0.37,0.09000000000000001
0.04,0.060478,4.3,0.36,0.093,0.36,0.09000000000000001
0.04005,0.059731,4.300000000000001,0.36,0.093,0.36,0.089
0.040100000000000004,0.05901,4.249999999999999,0.36,0.093,0.36,0.089
0.040150000000000005,0.058325999999999996,4.2,0.36,0.093,0.36,0.089
0.0402,0.0576225,4.1499999999999995,0.36,0.092,0.36,0.089
0.04025,0.056923499999999995,4.1499999999999995,0.36,0.092,0.36,0.089
0.0403,0.0561505,4.1000000000000005,0.36,0.092,0.36,0.088
0.040350000000000004,0.0553035,4.1,0.33999999999999997,0.092,0.33999999999999997,0.088
0.040400000000000005,0.054214,3.9999999999999996,0.3900000000000001,0.091,1.4,0.091
0.04045,0.0524535,3.8,0.43000000000000016,0.091,0.43000000000000016,0.087
0.0405,0.05056,3.5999999999999996,0.42000000000000015,0.091,0.42000000000000015,0.09000000000000001
0.04055,0.048714999999999994,3.4499999999999997,0.42000000000000015,0.09000000000000001,0.42000000000000015,0.09000000000000001
0.040600000000000004,0.047157,3.25,0.42999999999999994,0.09000000000000001,0.42999999999999994,0.09000000000000001
0.04065,0.045885999999999996,3.0999999999999996,0.42999999999999994,0.095,0.42999999999999994,0.095
0.0407,0.045084,2.9,0.42999999999999994,0.1,0.42999999999999994,0.1
0.04075,0.044818,2.6999999999999997,0.4199999999999998,0.10500000000000001,0.4199999999999998,0.10500000000000001
0.0408,0.045313,2.5499999999999994,0.4199999999999998,0.108,0.4199999999999998,0.108
0.040850000000000004,0.046533,2.3499999999999996,0.4199999999999998,0.111,0.4199999999999998,0.111
0.0409,0.048603999999999994,2.1999999999999997,0.4199999999999998,0.114,0.4199999999999998,0.11299999999999999
0.04095,0.051727499999999996,2.05,0.4199999999999998,0.116,0.4199999999999998,0.114
0.041,0.055736,2.0999999999999996,0.4199999999999998,0.118,0.4199999999999998,0.114
0.04105,0.059845999999999996,2.1999999999999997,0.4199999999999998,0.11900000000000001,0.4099999999999998,0.11299999999999999
0.041100000000000005,0.0639415,2.3499999999999996,0.4099999999999998,0.121,0.4099999999999998,0.11299999999999999
0.04115,0.0679605,2.4499999999999997,0.4099999999999998,0.122,0.3999999999999999,0.112
0.0412,0.07188699999999999,2.6,0.4099999999999998,0.122,0.3999999999999999,0.111
0.04125,0.0756675,2.75,0.4099999999999998,0.12300000000000001,0.3999999999999999,0.11
0.0413,0.079265,2.9,0.4099999999999998,0.12300000000000001,0.3899999999999999,0.108
0.041350000000000005,0.0826305,3.05,0.4099999999999998,0.12300000000000001,0.3899999999999999,0.107
0.0414,0.085879,3.1999999999999997,0.3999999999999999,0.12300000000000001,0.3899999999999999,0.106
0.04145,0.088877,3.3499999999999996,0.3999999999999999,0.122,0.3899999999999999,0.106
0.0415,0.0917325,3.4499999999999997,0.3999999999999999,0.122,0.3899999999999999,0.10500000000000001
0.041550000000000004,0.0943545,3.6,0.3999999999999999,0.121,0.3899999999999999,0.104
0.041600000000000005,0.09672,3.75,0.3899999999999999,0.12000000000000001,0.3799999999999999,0.103
0.04165,0.0988685,3.9,0.3899999999999999,0.11900000000000001,0.3799999999999999,0.102
0.0417,0.10076299999999999,4.05,0.3899999999999999,0.118,0.3799999999999999,0.102
0.04175,0.10238599999999999,4.15,0.3899999999999999,0.116,0.3799999999999999,0.101
0.041800000000000004,0.10383099999999999,4.3,0.3799999999999999,0.115,0.3799999999999999,0.1
0.041850000000000005,0.1049415,4.45,0.3799999999999999,0.11299999999999999,0.3799999999999999,0.1
0.0419,0.1056995,4.6,0.3799999999999999,0.112,0.3799999999999999,0.09899999999999999
0.04195,0.10625549999999999,4.699999999999999,0.3799999999999999,0.11,0.3799999999999999,0.09899999999999999
0.042,0.1066395,4.85,0.3799999999999999,0.10900000000000001,0.3799999999999999,0.098
0.042050000000000004,0.10664449999999999,5.0,0.3799999999999999,0.108,0.3799999999999999,0.098
0.042100000000000005,0.10632899999999999,5.1,0.3799999999999999,0.107,0.3799999999999999,0.097
0.04215,0.1055545,5.199999999999999,0.3699999999999999,0.106,0.3699999999999999,0.097
0.0422,0.1048175,5.35,0.3699999999999999,0.10500000000000001,0.3699999999999999,0.096
0.04225,0.1035875,5.449999999999999,0.3699999999999999,0.104,0.3699999999999999,0.096
0.042300000000000004,0.102045,5.6,0.3699999999999999,0.103,0.3699999999999999,0.095
0.04235,0.100216,5.7,0.3699999999999999,0.103,0.3699999999999999,0.095
0.0424,0.0981215,5.8500000000000005,0.3699999999999999,0.102,0.3699999999999999,0.095
0.04245,0.0956675,5.95,0.3699999999999999,0.101,0.3699999999999999,0.094
0.0425,0.09300649999999999,6.0,0.3699999999999999,0.101,0.3699999999999999,0.094
0.042550000000000004,0.09007799999999999,6.1000000000000005,0.3699999999999999,0.1,0.3699999999999999,0.094
0.0426,0.086992,6.1,0.3699999999999999,0.1,0.3699999999999999,0.093
0.04265,0.08380599999999999,6.050000000000001,0.3699999999999999,0.09899999999999999,0.3699999999999999,0.093
0.0427,0.080785,5.85,0.3699999999999999,0.09899999999999999,0.3699999999999999,0.093
0.04275,0.07817049999999999,5.55,0.3699999999999999,0.098,0.3699999999999999,0.093
0.042800000000000005,0.0759445,5.35,0.3699999999999999,0.098,0.3699999999999999,0.092
0.04285,0.07401049999999999,5.2,0.3699999999999999,0.097,0.3699999999999999,0.092
0.0429,0.07231449999999999,5.05,0.3699999999999999,0.097,0.3699999999999999,0.092
0.04295,0.07077,4.95,0.3699999999999999,0.097,0.3699999999999999,0.092
0.043000000000000003,0.069369,4.8500000000000005,0.3699999999999999,0.096,0.3699999999999999,0.091
0.043050000000000005,0.06808499999999999,4.750000000000001,0.3699999999999999,0.096,0.3699999999999999,0.091
0.0431,0.06690299999999999,4.7,0.3699999999999999,0.096,0.3699999999999999,0.091
0.04315,0.065828,4.6,0.3699999999999999,0.095,0.3699999999999999,0.091
0.0432,0.0648125,4.55,0.3699999999999999,0.095,0.3699999999999999,0.091
0.043250000000000004,0.063857,4.5,0.3699999999999999,0.095,0.3699999999999999,0.09000000000000001
0.043300000000000005,0.062965,4.45,0.3699999999999999,0.094,0.3699999999999999,0.09000000000000001
0.04335,0.062123,4.3999999999999995,0.3699999999999999,0.094,0.3699999999999999,0.09000000000000001
0.0434,0.0613345,4.35,0.3699999999999999,0.094,0.3699999999999999,0.09000000000000001
0.04345,0.0605695,4.3,0.3599999999999999,0.093,0.3599999999999999,0.09000000000000001
0.043500000000000004,0.0598255,4.25,0.3599999999999999,0.093,0.3599999999999999,0.089
0.043550000000000005,0.059123499999999996,4.249999999999999,0.3599999999999999,0.093,0.3599999999999999,0.089
0.0436,0.058393,4.200000000000001,0.3599999999999999,0.093,0.3599999999999999,0.089
0.04365,0.057622,4.1499999999999995,0.3599999999999999,0.092,0.3599999999999999,0.089
0.0437,0.0567815,4.15,0.3500000000000001,0.092,0.3500000000000001,0.089
0.043750000000000004,0.055758999999999996,4.099999999999998,0.3599999999999999,0.092,1.399999999999998,0.091
0.0438,0.0541875,3.8999999999999995,0.43000000000000016,0.092,0.43000000000000016,0.085
0.04385,0.052262499999999996,3.6999999999999993,0.41999999999999993,0.091,0.41999999999999993,0.089
0.0439,0.050360499999999996,3.55,0.41999999999999993,0.091,0.41999999999999993,0.091
0.04395,0.048625499999999995,3.3499999999999996,0.42999999999999994,0.09000000000000001,0.42999999999999994,0.09000000000000001
0.044000000000000004,0.0472255,3.2,0.42999999999999994,0.094,0.42999999999999994,0.094
0.04405,0.0462145,2.999999999999999,0.42999999999999994,0.09899999999999999,0.42999999999999994,0.09899999999999999
0.0441,0.045659,2.8000000000000007,0.42999999999999994,0.103,0.42999999999999994,0.103
0.04415,0.045821999999999995,2.6500000000000004,0.41999999999999993,0.107,0.41999999999999993,0.107
0.0442,0.0466945,2.450000000000001,0.41999999999999993,0.11,0.41999999999999993,0.11
0.044250000000000005,0.048385,2.3000000000000007,0.41999999999999993,0.11299999999999999,0.41999999999999993,0.11299999999999999
0.0443,0.051023,2.1000000000000005,0.41999999999999993,0.116,0.41999999999999993,0.114
0.04435,0.054779999999999995,2.05,0.41999999999999993,0.118,0.41999999999999993,0.114
0.0444,0.0589055,2.1500000000000004,0.41999999999999993,0.11900000000000001,0.4099999999999999,0.114
0.04445,0.0630145,2.3000000000000007,0.41999999999999993,0.121,0.4099999999999999,0.11299999999999999
0.044500000000000005,0.067097,2.450000000000001,0.4099999999999999,0.122,0.4099999999999999,0.112
0.04455,0.071116,2.55,0.4099999999999999,0.12300000000000001,0.3999999999999999,0.111
0.0446,0.074982,2.7,0.4099999999999999,0.12300000000000001,0.3999999999999999,0.11
0.04465,0.0787165,2.8499999999999996,0.4099999999999999,0.12300000000000001,0.3999999999999999,0.10900000000000001
0.044700000000000004,0.08222299999999999,3.0,0.4099999999999999,0.124,0.3899999999999999,0.108
0.044750000000000005,0.08549949999999999,3.1500000000000004,0.4099999999999999,0.12300000000000001,0.3899999999999999,0.107
0.0448,0.08864999999999999,3.3,0.3999999999999999,0.12300000000000001,0.3899999999999999,0.106
0.04485,0.091595,3.4000000000000012,0.3999999999999999,0.12300000000000001,0.3899999999999999,0.10500000000000001
0.0449,0.094389,3.5500000000000007,0.3999999999999999,0.122,0.3899999999999999,0.104
0.044950000000000004,0.0968965,3.700000000000001,0.3999999999999999,0.121,0.3799999999999999,0.104
0.045000000000000005,0.0991565,3.8500000000000005,0.3899999999999999,0.12000000000000001,0.3799999999999999,0.103
0.04505,0.10121849999999999,4.000000000000001,0.3899999999999999,0.11900000000000001,0.3799999999999999,0.102
0.0451,0.1029745,4.15,0.3899999999999999,0.117,0.3799999999999999,0.102
0.04515,0.1045315,4.25,0.3899999999999999,0.116,0.3799999999999999,0.101
0.045200000000000004,0.105862,4.4,0.3799999999999999,0.114,0.3799999999999999,0.1
0.045250000000000005,0.10683,4.55,0.3799999999999999,0.11299999999999999,0.3799999999999999,0.1
0.0453,0.10746449999999999,4.7,0.3799999999999999,0.111,0.3799999999999999,0.09899999999999999
0.04535,0.107959,4.799999999999999,0.3799999999999999,0.11,0.3799999999999999,0.09899999999999999
0.0454,0.1081805,4.949999999999999,0.3799999999999999,0.10900000000000001,0.3799999999999999,0.098
0.045450000000000004,0.108058,5.1,0.3799999999999999,0.108,0.3799999999999999,0.098
0.0455,0.1076475,5.149999999999999,0.3799999999999999,0.107,0.3799999999999999,0.097
0.04555,0.1066975,5.299999999999999,0.3699999999999999,0.106,0.3699999999999999,0.097
0.0456,0.1058345,5.449999999999998,0.3699999999999999,0.10500000000000001,0.3699999999999999,0.096
0.04565,0.10439649999999999,5.55,0.3699999999999999,0.104,0.3699999999999999,0.096
0.045700000000000005,0.1028235,5.699999999999999,0.3699999999999999,0.104,0.3699999999999999,0.096
0.04575,0.1008075,5.800000000000001,0.3699999999999999,0.103,0.3699999999999999,0.095
0.0458,0.09862749999999999,5.9,0.3699999999999999,0.102,0.3699999999999999,0.095
0.04585,0.0960765,5.999999999999999,0.3699999999999999,0.102,0.3699999999999999,0.095
0.0459,0.0932915,6.099999999999999,0.3699999999999999,0.101,0.3699999999999999,0.094
0.045950000000000005,0.090283,6.1499999999999995,0.3699999999999999,0.1,0.3699999999999999,0.094
0.046,0.087129,6.149999999999999,0.3699999999999999,0.1,0.3699999999999999,0.094
0.04605,0.0839205,6.05,0.3699999999999999,0.09899999999999999,0.3699999999999999,0.093
0.0461,0.0810095,5.8,0.3699999999999999,0.09899999999999999,0.3699999999999999,0.093
0.046150000000000004,0.0785,5.55,0.3699999999999999,0.098,0.3699999999999999,0.093
0.046200000000000005,0.076362,5.3500000000000005,0.3699999999999999,0.098,0.3699999999999999,0.093
0.04625,0.074491,5.150000000000001,0.3699999999999999,0.098,0.3699999999999999,0.092
0.0463,0.07280049999999999,5.05,0.3699999999999999,0.097,0.3699999999999999,0.092
0.04635,0.071301,4.95,0.3699999999999999,0.097,0.3699999999999999,0.092
0.046400000000000004,0.06991449999999999,4.85,0.3699999999999999,0.097,0.3699999999999999,0.092
0.046450000000000005,0.06866549999999999,4.750000000000001,0.3699999999999999,0.096,0.3699999999999999,0.091
0.0465,0.06749949999999999,4.699999999999999,0.3699999999999999,0.096,0.3699999999999999,0.091
0.04655,0.06641999999999999,4.65,0.3699999999999999,0.095,0.3699999999999999,0.091
0.0466,0.065411,4.55,0.3699999999999999,0.095,0.3699999999999999,0.091
0.046650000000000004,0.0644675,4.5,0.3699999999999999,0.095,0.3699999999999999,0.091
0.046700000000000005,0.06358,4.45,0.3699999999999999,0.095,0.3699999999999999,0.09000000000000001
0.04675,0.062753,4.3999999999999995,0.3699999999999999,0.094,0.3699999999999999,0.09000000000000001
0.0468,0.061958,4.3500000000000005,0.3699999999999999,0.094,0.3699999999999999,0.09000000000000001
0.04685,0.061201,4.35,0.3600000000000001,0.094,0.3600000000000001,0.09000000000000001
0.046900000000000004,0.060429,4.3,0.3600000000000001,0.093,0.3600000000000001,0.09000000000000001
0.046950000000000006,0.059691499999999995,4.25,0.3600000000000001,0.093,0.3600000000000001,0.089
0.047,0.058915999999999996,4.25,0.3600000000000001,0.093,0.3600000000000001,0.089
0.04705,0.058077,4.2,0.3600000000000001,0.093,0.3600000000000001,0.089
0.0471,0.057148,4.1499999999999995,0.3400000000000001,0.092,0.3400000000000001,0.089
0.047150000000000004,0.055785499999999995,4.05,0.4099999999999999,0.092,0.4099999999999999,0.083
0.0472,0.053848,3.8,0.43000000000000016,0.092,0.43000000000000016,0.089
0.04725,0.051851499999999995,3.65,0.42000000000000015,0.092,0.42000000000000015,0.091
0.0473,0.0500285,3.4499999999999997,0.43000000000000016,0.091,0.43000000000000016,0.091
0.04735,0.048464,3.3,0.43000000000000016,0.092,0.43000000000000016,0.092
0.047400000000000005,0.047259999999999996,3.0999999999999996,0.43000000000000016,0.097,0.43000000000000016,0.097
0.04745,0.046524499999999996,2.9499999999999997,0.43000000000000016,0.102,0.43000000000000016,0.102
0.0475,0.046349,2.6999999999999997,0.43000000000000016,0.106,0.43000000000000016,0.106
0.04755,0.046904499999999995,2.5499999999999994,0.42000000000000015,0.11,0.42000000000000015,0.11
0.0476,0.0482395,2.3999999999999995,0.42000000000000015,0.11299999999999999,0.42000000000000015,0.112
0.047650000000000005,0.050471999999999996,2.1999999999999997,0.42000000000000015,0.115,0.42000000000000015,0.114
0.0477,0.053751999999999994,2.05,0.42000000000000015,0.117,0.42000000000000015,0.115
0.04775,0.0578655,2.15,0.42000000000000015,0.11900000000000001,0.42000000000000015,0.114
0.0478,0.062010499999999996,2.2499999999999996,0.42000000000000015,0.121,0.41000000000000014,0.114
0.047850000000000004,0.0661025,2.3999999999999995,0.42000000000000015,0.122,0.41000000000000014,0.11299999999999999
0.047900000000000005,0.07019,2.4999999999999996,0.41000000000000014,0.12300000000000001,0.41000000000000014,0.112
0.04795,0.074138,2.65,0.41000000000000014,0.12300000000000001,0.3999999999999999,0.111
0.048,0.077974,2.8,0.41000000000000014,0.124,0.3999999999999999,0.11
0.04805,0.08159949999999999,2.9499999999999997,0.41000000000000014,0.124,0.3899999999999999,0.10900000000000001
0.048100000000000004,0.0850295,3.1,0.41000000000000014,0.124,0.3899999999999999,0.108
0.048150000000000005,0.0882235,3.25,0.3999999999999999,0.124,0.3899999999999999,0.107
0.0482,0.09127249999999999,3.4,0.3999999999999999,0.12300000000000001,0.3899999999999999,0.106
0.04825,0.09417299999999999,3.5,0.3999999999999999,0.12300000000000001,0.3899999999999999,0.10500000000000001
0.0483,0.096846,3.65,0.3999999999999999,0.122,0.3899999999999999,0.104
0.048350000000000004,0.09922349999999999,3.8,0.3999999999999999,0.121,0.3800000000000001,0.103
0.048400000000000006,0.10138699999999999,3.95,0.3899999999999999,0.12000000000000001,0.3800000000000001,0.103
0.04845,0.103319,4.1000000000000005,0.3899999999999999,0.118,0.3800000000000001,0.102
0.0485,0.104989,4.2,0.3899999999999999,0.117,0.3800000000000001,0.101
0.04855,0.10642549999999999,4.3500000000000005,0.3800000000000001,0.115,0.3800000000000001,0.101
0.048600000000000004,0.107642,4.5,0.3800000000000001,0.114,0.3800000000000001,0.1
0.048650000000000006,0.108426,4.65,0.3800000000000001,0.112,0.3800000000000001,0.1
0.0487,0.10894,4.75,0.3800000000000001,0.111,0.3800000000000001,0.09899999999999999
0.04875,0.10935049999999999,4.8999999999999995,0.3800000000000001,0.11,0.3800000000000001,0.09899999999999999
0.0488,0.109399,5.05,0.3800000000000001,0.10900000000000001,0.3800000000000001,0.098
0.048850000000000005,0.1091465,5.199999999999999,0.3800000000000001,0.108,0.3800000000000001,0.098
0.0489,0.108578,5.25,0.3800000000000001,0.107,0.3800000000000001,0.097
0.04895,0.1075415,5.3999999999999995,0.3700000000000001,0.106,0.3700000000000001,0.097
0.049,0.10652199999999999,5.5,0.3700000000000001,0.10500000000000001,0.3700000000000001,0.096
0.04905,0.10491049999999999,5.65,0.3700000000000001,0.104,0.3700000000000001,0.096
0.049100000000000005,0.10324399999999999,5.75,0.3700000000000001,0.104,0.3700000000000001,0.096
0.04915,0.1010785,5.9,0.3700000000000001,0.103,0.3700000000000001,0.095
0.0492,0.09873799999999999,6.0,0.3700000000000001,0.102,0.3700000000000001,0.095
0.04925,0.09607149999999999,6.1,0.3700000000000001,0.102,0.3700000000000001,0.095
0.049300000000000004,0.093181,6.1499999999999995,0.3700000000000001,0.101,0.3700000000000001,0.094
0.049350000000000005,0.0900855,6.2,0.3700000000000001,0.101,0.3700000000000001,0.094
0.0494,0.086875,6.1499999999999995,0.3700000000000001,0.1,0.3700000000000001,0.094
0.04945,0.08374,5.999999999999999,0.3700000000000001,0.1,0.3700000000000001,0.093
0.0495,0.0809435,5.7,0.3700000000000001,0.09899999999999999,0.3700000000000001,0.093
0.049550000000000004,0.0785655,5.499999999999999,0.3700000000000001,0.09899999999999999,0.3700000000000001,0.093
0.049600000000000005,0.076514,5.3,0.3700000000000001,0.098,0.3700000000000001,0.093
0.04965,0.07470249999999999,5.1499999999999995,0.3700000000000001,0.098,0.3700000000000001,0.092
0.0497,0.0730735,5.05,0.3700000000000001,0.097,0.3700000000000001,0.092
0.04975,0.0715995,4.95,0.3700000000000001,0.097,0.3700000000000001,0.092
0.049800000000000004,0.0702535,4.85,0.3700000000000001,0.097,0.3700000000000001,0.092
0.049850000000000005,0.069005,4.749999999999999,0.3700000000000001,0.096,0.3700000000000001,0.091
0.0499,0.067881,4.7,0.3700000000000001,0.096,0.3700000000000001,0.091
0.04995,0.0668035,4.65,0.3700000000000001,0.096,0.3700000000000001,0.091
0.05,0.065806,4.599999999999999,0.3700000000000001,0.095,0.3700000000000001,0.091
0.050050000000000004,0.0648735,4.499999999999999,0.3700000000000001,0.095,0.3700000000000001,0.091
0.050100000000000006,0.0639975,4.45,0.3700000000000001,0.095,0.3700000000000001,0.09000000000000001
0.05015,0.063154,4.45,0.3700000000000001,0.094,0.3700000000000001,0.09000000000000001
0.0502,0.0623865,4.399999999999999,0.3700000000000001,0.094,0.3700000000000001,0.09000000000000001
0.05025,0.061606499999999995,4.349999999999999,0.3600000000000001,0.094,0.3600000000000001,0.09000000000000001
0.050300000000000004,0.060822499999999995,4.3,0.3600000000000001,0.094,0.3600000000000001,0.09000000000000001
0.050350000000000006,0.060039499999999996,4.25,0.3600000000000001,0.093,0.3600000000000001,0.09000000000000001
0.0504,0.059221499999999996,4.25,0.3600000000000001,0.093,0.3600000000000001,0.089
0.05045,0.0583005,4.200000000000001,0.3400000000000001,0.093,0.3400000000000001,0.089
0.0505,0.057123,4.149999999999999,0.3899999999999999,0.093,1.399999999999998,0.092
0.050550000000000005,0.055271499999999994,3.8999999999999995,0.42999999999999994,0.092,0.42999999999999994,0.087
0.0506,0.0532705,3.749999999999999,0.41999999999999993,0.092,0.41999999999999993,0.091
0.05065,0.051351499999999994,3.55,0.43000000000000016,0.092,0.43000000000000016,0.092
0.0507,0.049649,3.3999999999999995,0.43000000000000016,0.091,0.43000000000000016,0.091
0.05075,0.048291999999999995,3.2,0.43000000000000016,0.096,0.43000000000000016,0.096
0.050800000000000005,0.0473445,3.049999999999999,0.43000000000000016,0.101,0.43000000000000016,0.101
0.05085,0.0469135,2.8000000000000007,0.43000000000000016,0.10500000000000001,0.43000000000000016,0.10500000000000001
0.0509,0.0471665,2.6500000000000004,0.43000000000000016,0.10900000000000001,0.43000000000000016,0.10900000000000001
0.05095,0.048164,2.450000000000001,0.42000000000000015,0.112,0.42000000000000015,0.112
0.051000000000000004,0.0500245,2.3000000000000007,0.42000000000000015,0.114,0.42000000000000015,0.114
0.051050000000000005,0.052850499999999995,2.1500000000000004,0.42000000000000015,0.117,0.42000000000000015,0.115
0.0511,0.0567415,2.1000000000000005,0.42000000000000015,0.11900000000000001,0.42000000000000015,0.115
0.05115,0.060923,2.2,0.42000000000000015,0.12000000000000001,0.42000000000000015,0.114
0.0512,0.065071,2.3500000000000005,0.42000000000000015,0.122,0.41000000000000014,0.114
0.051250000000000004,0.06915299999999999,2.45,0.42000000000000015,0.12300000000000001,0.41000000000000014,0.11299999999999999
0.051300000000000005,0.073198,2.5999999999999996,0.41000000000000014,0.12300000000000001,0.40000000000000013,0.112
0.05135,0.0770975,2.75,0.41000000000000014,0.124,0.40000000000000013,0.111
0.0514,0.08084849999999999,2.8999999999999995,0.41000000000000014,0.124,0.40000000000000013,0.10900000000000001
0.05145,0.0843795,3.05,0.41000000000000014,0.124,0.39000000000000035,0.108
0.051500000000000004,0.08770449999999999,3.1999999999999993,0.41000000000000014,0.124,0.39000000000000035,0.107
0.051550000000000006,0.0908015,3.3499999999999996,0.40000000000000013,0.124,0.39000000000000035,0.107
0.0516,0.093807,3.45,0.40000000000000013,0.12300000000000001,0.39000000000000035,0.106
0.05165,0.09661399999999999,3.6000000000000005,0.40000000000000013,0.12300000000000001,0.39000000000000035,0.10500000000000001
0.0517,0.099118,3.750000000000001,0.40000000000000013,0.122,0.39000000000000035,0.104
0.051750000000000004,0.101355,3.9000000000000004,0.40000000000000013,0.121,0.3800000000000001,0.103
0.051800000000000006,0.10341449999999999,4.050000000000001,0.39000000000000035,0.11900000000000001,0.3800000000000001,0.103
0.05185,0.105228,4.15,0.39000000000000035,0.118,0.3800000000000001,0.102
0.0519,0.1068035,4.300000000000001,0.39000000000000035,0.117,0.3800000000000001,0.101
0.05195,0.10810499999999999,4.45,0.3800000000000001,0.115,0.3800000000000001,0.101
0.052000000000000005,0.10914199999999999,4.6000000000000005,0.3800000000000001,0.11299999999999999,0.3800000000000001,0.1
0.05205,0.1097775,4.75,0.3800000000000001,0.112,0.3800000000000001,0.09899999999999999
0.0521,0.110232,4.85,0.3800000000000001,0.111,0.3800000000000001,0.09899999999999999
0.05215,0.110457,5.0,0.3800000000000001,0.11,0.3800000000000001,0.098
0.0522,0.11034,5.1499999999999995,0.3800000000000001,0.10900000000000001,0.3800000000000001,0.098
0.052250000000000005,0.1100065,5.249999999999999,0.3800000000000001,0.108,0.3800000000000001,0.098
0.0523,0.10911799999999999,5.349999999999999,0.3800000000000001,0.107,0.3800000000000001,0.097
0.05235,0.1080915,5.499999999999999,0.3800000000000001,0.106,0.3800000000000001,0.097
0.0524,0.10689499999999999,5.6,0.3700000000000001,0.10500000000000001,0.3700000000000001,0.096
0.052450000000000004,0.10513449999999999,5.75,0.3700000000000001,0.104,0.3700000000000001,0.096
0.052500000000000005,0.1032765,5.8500000000000005,0.3700000000000001,0.104,0.3700000000000001,0.096
0.05255,0.10099899999999999,5.95,0.3700000000000001,0.103,0.3700000000000001,0.095
0.0526,0.09848749999999999,6.05,0.3700000000000001,0.102,0.3700000000000001,0.095
0.05265,0.095718,6.1499999999999995,0.3700000000000001,0.102,0.3700000000000001,0.095
0.052700000000000004,0.092691,6.199999999999999,0.3700000000000001,0.101,0.3700000000000001,0.094
0.052750000000000005,0.0895385,6.199999999999998,0.3700000000000001,0.101,0.3700000000000001,0.094
0.0528,0.0863005,6.1499999999999995,0.3700000000000001,0.1,0.3700000000000001,0.094
0.05285,0.083274,5.8999999999999995,0.3700000000000001,0.1,0.3700000000000001,0.093
0.0529,0.080644,5.65,0.3700000000000001,0.09899999999999999,0.3700000000000001,0.093
0.052950000000000004,0.07839,5.45,0.3700000000000001,0.09899999999999999,0.3700000000000001,0.093
0.053000000000000005,0.07643599999999999,5.249999999999999,0.3700000000000001,0.098,0.3700000000000001,0.093
0.05305,0.074693,5.1499999999999995,0.3700000000000001,0.098,0.3700000000000001,0.092
0.0531,0.07313599999999999,4.999999999999999,0.3700000000000001,0.098,0.3700000000000001,0.092
0.05315,0.071696,4.8999999999999995,0.3700000000000001,0.097,0.3700000000000001,0.092
0.053200000000000004,0.070394,4.85,0.3700000000000001,0.097,0.3700000000000001,0.092
0.053250000000000006,0.069176,4.749999999999999,0.3700000000000001,0.096,0.3700000000000001,0.092
0.0533,0.0680675,4.7,0.3700000000000001,0.096,0.3700000000000001,0.091
0.05335,0.06701449999999999,4.6499999999999995,0.3700000000000001,0.096,0.3700000000000001,0.091
0.0534,0.06605,4.6,0.3700000000000001,0.095,0.3700000000000001,0.091
0.053450000000000004,0.0651355,4.55,0.3700000000000001,0.095,0.3700000000000001,0.091
0.053500000000000006,0.064274,4.499999999999999,0.3700000000000001,0.095,0.3700000000000001,0.091
0.05355,0.063427,4.45,0.3700000000000001,0.095,0.3700000000000001,0.09000000000000001
0.0536,0.0626485,4.4,0.3700000000000001,0.094,0.3700000000000001,0.09000000000000001
0.05365,0.061849999999999995,4.35,0.3600000000000001,0.094,0.3600000000000001,0.09000000000000001
0.053700000000000005,0.0610815,4.3,0.3600000000000001,0.094,0.3600000000000001,0.09000000000000001
0.05375,0.060232499999999994,4.3,0.3600000000000001,0.094,0.3600000000000001,0.09000000000000001
0.0538,0.059309499999999994,4.25,0.34999999999999987,0.093,0.34999999999999987,0.089
0.05385,0.058242499999999996,4.2,0.3600000000000001,0.093,1.4,0.092
0.0539,0.056633499999999996,4.0,0.42999999999999994,0.093,0.42999999999999994,0.085
0.053950000000000005,0.054586499999999996,3.8,0.42999999999999994,0.092,0.42999999999999994,0.09000000000000001
0.054,0.052600999999999995,3.65,0.41999999999999993,0.092,0.41999999999999993,0.092
0.05405,0.0507645,3.4499999999999997,0.42999999999999994,0.092,0.42999999999999994,0.092
0.0541,0.049262,3.3,0.42999999999999994,0.094,0.42999999999999994,0.094
0.054150000000000004,0.0481455,3.0999999999999996,0.42999999999999994,0.09899999999999999,0.42999999999999994,0.09899999999999999
0.054200000000000005,0.0474835,2.9499999999999997,0.42999999999999994,0.104,0.42999999999999994,0.104
0.05425,0.0474835,2.6999999999999997,0.42999999999999994,0.108,0.42999999999999994,0.108
0.0543,0.0481495,2.5499999999999994,0.41999999999999993,0.111,0.41999999999999993,0.111
0.05435,0.049667499999999996,2.3999999999999995,0.41999999999999993,0.114,0.41999999999999993,0.11299999999999999
0.054400000000000004,0.052085,2.1999999999999997,0.41999999999999993,0.116,0.41999999999999993,0.115
0.054450000000000005,0.0555745,2.0999999999999996,0.41999999999999993,0.118,0.41999999999999993,0.115
0.0545,0.0597725,2.1999999999999997,0.41999999999999993,0.12000000000000001,0.41999999999999993,0.115
0.05455,0.0639415,2.3,0.41999999999999993,0.121,0.41000000000000014,0.114
0.0546,0.06808,2.4499999999999997,0.41999999999999993,0.12300000000000001,0.41000000000000014,0.11299999999999999
0.054650000000000004,0.072172,2.55,0.41000000000000014,0.12300000000000001,0.41000000000000014,0.112
0.054700000000000006,0.0761385,2.6999999999999997,0.41000000000000014,0.124,0.40000000000000013,0.111
0.05475,0.07996199999999999,2.8499999999999996,0.41000000000000014,0.124,0.40000000000000013,0.11
0.0548,0.0835935,2.9999999999999996,0.41000000000000014,0.124,0.40000000000000013,0.10900000000000001
0.05485,0.087036,3.15,0.41000000000000014,0.124,0.3900000000000001,0.108
0.054900000000000004,0.090233,3.3,0.41000000000000014,0.124,0.3900000000000001,0.107
0.054950000000000006,0.0932585,3.4,0.40000000000000013,0.124,0.3900000000000001,0.106
0.055,0.096205,3.5500000000000003,0.40000000000000013,0.12300000000000001,0.3900000000000001,0.10500000000000001
0.05505,0.09884899999999999,3.7,0.40000000000000013,0.122,0.3900000000000001,0.104
0.0551,0.101243,3.85,0.40000000000000013,0.121,0.3900000000000001,0.104
0.055150000000000005,0.1033325,4.0,0.3900000000000001,0.12000000000000001,0.3800000000000001,0.103
0.055200000000000006,0.10525799999999999,4.15,0.3900000000000001,0.11900000000000001,0.3800000000000001,0.102
0.05525,0.10699099999999999,4.25,0.3900000000000001,0.117,0.3800000000000001,0.102
0.0553,0.10839549999999999,4.4,0.3900000000000001,0.116,0.3800000000000001,0.101
0.05535,0.10958799999999999,4.55,0.3800000000000001,0.114,0.3800000000000001,0.1
0.055400000000000005,0.110429,4.7,0.3800000000000001,0.11299999999999999,0.3800000000000001,0.1
0.05545,0.11090549999999999,4.799999999999999,0.3800000000000001,0.112,0.3800000000000001,0.09899999999999999
0.0555,0.11127849999999999,4.949999999999999,0.3800000000000001,0.11,0.3800000000000001,0.09899999999999999
0.05555,0.11132099999999999,5.1,0.3800000000000001,0.10900000000000001,0.3800000000000001,0.098
0.055600000000000004,0.111014,5.199999999999999,0.3800000000000001,0.108,0.3800000000000001,0.098
0.055650000000000005,0.11057199999999999,5.35,0.3800000000000001,0.107,0.3800000000000001,0.097
0.0557,0.109441,5.449999999999999,0.3800000000000001,0.106,0.3800000000000001,0.097
0.05575,0.10836849999999999,5.55,0.3800000000000001,0.106,0.3800000000000001,0.097
0.0558,0.1069055,5.699999999999999,0.3700000000000001,0.10500000000000001,0.3700000000000001,0.096
0.055850000000000004,0.105109,5.8,0.3700000000000001,0.104,0.3700000000000001,0.096
0.055900000000000005,0.1029745,5.95,0.3700000000000001,0.103,0.3700000000000001,0.096
0.05595,0.10060999999999999,6.05,0.3700000000000001,0.103,0.3700000000000001,0.095
0.056,0.09792999999999999,6.1,0.3700000000000001,0.102,0.3700000000000001,0.095
0.05605,0.09504,6.199999999999999,0.3700000000000001,0.102,0.3700000000000001,0.095
0.056100000000000004,0.09193549999999999,6.25,0.3700000000000001,0.101,0.3700000000000001,0.094
0.056150000000000005,0.0887155,6.199999999999999,0.3700000000000001,0.101,0.3700000000000001,0.094
0.0562,0.08552749999999999,6.05,0.3700000000000001,0.1,0.3700000000000001,0.094
0.05625,0.0826595,5.8,0.3700000000000001,0.1,0.3700000000000001,0.093
0.0563,0.080192,5.55,0.3700000000000001,0.09899999999999999,0.3700000000000001,0.093
0.056350000000000004,0.0780805,5.3500000000000005,0.3700000000000001,0.09899999999999999,0.3700000000000001,0.093
0.056400000000000006,0.0762075,5.2,0.3700000000000001,0.098,0.3700000000000001,0.093
0.05645,0.074552,5.1,0.3700000000000001,0.098,0.3700000000000001,0.092
0.0565,0.0730315,4.999999999999999,0.3700000000000001,0.098,0.3700000000000001,0.092
0.05655,0.0716455,4.899999999999999,0.3700000000000001,0.097,0.3700000000000001,0.092
0.056600000000000004,0.0703825,4.8,0.3700000000000001,0.097,0.3700000000000001,0.092
0.056650000000000006,0.06920849999999999,4.749999999999999,0.3700000000000001,0.097,0.3700000000000001,0.092
0.0567,0.068129,4.699999999999999,0.3700000000000001,0.096,0.3700000000000001,0.091
0.05675,0.067102,4.6499999999999995,0.3700000000000001,0.096,0.3700000000000001,0.091
0.0568,0.0661475,4.55,0.3700000000000001,0.096,0.3700000000000001,0.091
0.056850000000000005,0.065251,4.500000000000001,0.3700000000000001,0.095,0.3700000000000001,0.091
0.056900000000000006,0.064388,4.499999999999999,0.3700000000000001,0.095,0.3700000000000001,0.091
0.05695,0.0635585,4.450000000000001,0.3700000000000001,0.095,0.3700000000000001,0.09000000000000001
0.057,0.0627675,4.3999999999999995,0.3600000000000001,0.094,0.3600000000000001,0.09000000000000001
0.057050000000000003,0.061953999999999995,4.3500000000000005,0.3600000000000001,0.094,0.3600000000000001,0.09000000000000001
0.057100000000000005,0.061152,4.299999999999999,0.3600000000000001,0.094,0.3600000000000001,0.09000000000000001
0.05715,0.0602355,4.300000000000001,0.3600000000000001,0.094,0.3600000000000001,0.09000000000000001
0.0572,0.059252,4.25,0.33999999999999986,0.093,0.33999999999999986,0.089
0.05725,0.0578435,4.099999999999998,0.4099999999999999,0.093,0.4099999999999999,0.083
0.057300000000000004,0.055826,3.8999999999999995,0.42999999999999994,0.093,0.42999999999999994,0.089
0.057350000000000005,0.0537695,3.6999999999999993,0.42000000000000015,0.092,0.42000000000000015,0.092
0.0574,0.051879999999999996,3.55,0.42999999999999994,0.092,0.42999999999999994,0.092
0.05745,0.0502165,3.3499999999999996,0.42999999999999994,0.092,0.42999999999999994,0.092
0.0575,0.048931499999999996,3.2,0.42999999999999994,0.098,0.42999999999999994,0.098
0.057550000000000004,0.048073,2.999999999999999,0.42999999999999994,0.103,0.42999999999999994,0.103
0.057600000000000005,0.0478265,2.8000000000000007,0.42999999999999994,0.107,0.42999999999999994,0.107
0.05765,0.0482125,2.6500000000000004,0.42999999999999994,0.11,0.42999999999999994,0.11
0.0577,0.04938,2.450000000000001,0.41999999999999993,0.11299999999999999,0.41999999999999993,0.11299999999999999
0.05775,0.051455499999999994,2.3000000000000007,0.41999999999999993,0.115,0.41999999999999993,0.114
0.057800000000000004,0.054504,2.1000000000000005,0.41999999999999993,0.118,0.41999999999999993,0.115
0.057850000000000006,0.058559999999999994,2.1500000000000004,0.41999999999999993,0.12000000000000001,0.41999999999999993,0.115
0.0579,0.062785,2.250000000000001,0.41999999999999993,0.121,0.41999999999999993,0.114
0.05795,0.0669275,2.4000000000000004,0.41999999999999993,0.122,0.4099999999999999,0.114
0.058,0.0710495,2.499999999999999,0.41999999999999993,0.12300000000000001,0.4099999999999999,0.11299999999999999
0.058050000000000004,0.07507799999999999,2.6499999999999995,0.4099999999999999,0.124,0.3999999999999999,0.112
0.058100000000000006,0.0789845,2.8,0.4099999999999999,0.124,0.3999999999999999,0.111
0.05815,0.0827145,2.9499999999999993,0.4099999999999999,0.125,0.3999999999999999,0.11
0.0582,0.0862455,3.1000000000000005,0.4099999999999999,0.125,0.3899999999999999,0.108
0.05825,0.0895585,3.25,0.4099999999999999,0.125,0.3899999999999999,0.108
0.058300000000000005,0.0926115,3.4000000000000004,0.4099999999999999,0.124,0.3899999999999999,0.107
0.058350000000000006,0.0956225,3.500000000000001,0.3999999999999999,0.124,0.3899999999999999,0.106
0.0584,0.098424,3.6500000000000012,0.3999999999999999,0.12300000000000001,0.3899999999999999,0.10500000000000001
0.05845,0.1009475,3.8000000000000007,0.3999999999999999,0.122,0.3899999999999999,0.104
0.0585,0.103157,3.950000000000001,0.3999999999999999,0.121,0.3799999999999999,0.103
0.058550000000000005,0.105178,4.100000000000001,0.3899999999999999,0.12000000000000001,0.3799999999999999,0.103
0.058600000000000006,0.1069695,4.2,0.3899999999999999,0.118,0.3799999999999999,0.102
0.05865,0.108537,4.3500000000000005,0.3899999999999999,0.117,0.3799999999999999,0.101
0.0587,0.1097895,4.5,0.3799999999999999,0.115,0.3799999999999999,0.101
0.058750000000000004,0.110831,4.65,0.3799999999999999,0.114,0.3799999999999999,0.1
0.058800000000000005,0.11147599999999999,4.749999999999999,0.3799999999999999,0.112,0.3799999999999999,0.1
0.05885,0.1118665,4.8999999999999995,0.3799999999999999,0.111,0.3799999999999999,0.09899999999999999
0.0589,0.1120655,5.049999999999999,0.3799999999999999,0.11,0.3799999999999999,0.09899999999999999
0.05895,0.111923,5.199999999999999,0.3799999999999999,0.10900000000000001,0.3799999999999999,0.098
0.059000000000000004,0.111579,5.299999999999999,0.3799999999999999,0.108,0.3799999999999999,0.098
0.059050000000000005,0.11082299999999999,5.399999999999999,0.3799999999999999,0.107,0.3799999999999999,0.097
0.0591,0.10956049999999999,5.5,0.3799999999999999,0.106,0.3799999999999999,0.097
0.05915,0.1083725,5.6499999999999995,0.3699999999999999,0.10500000000000001,0.3699999999999999,0.097
0.0592,0.1066105,5.750000000000001,0.3699999999999999,0.10500000000000001,0.3699999999999999,0.096
0.059250000000000004,0.10475699999999999,5.900000000000001,0.3699999999999999,0.104,0.3699999999999999,0.096
0.059300000000000005,0.1024515,6.0,0.3699999999999999,0.103,0.3699999999999999,0.096
0.05935,0.0999115,6.099999999999999,0.3699999999999999,0.103,0.3699999999999999,0.095
0.0594,0.097135,6.199999999999998,0.3699999999999999,0.102,0.3699999999999999,0.095
0.05945,0.09408699999999999,6.249999999999999,0.3699999999999999,0.101,0.3699999999999999,0.095
0.059500000000000004,0.09090999999999999,6.249999999999999,0.3699999999999999,0.101,0.3699999999999999,0.094
0.059550000000000006,0.087667,6.2,0.3699999999999999,0.1,0.3699999999999999,0.094
0.0596,0.0846015,5.949999999999999,0.3699999999999999,0.1,0.3699999999999999,0.094
0.05965,0.08193199999999999,5.7,0.3699999999999999,0.1,0.3699999999999999,0.093
0.0597,0.07962749999999999,5.5,0.3699999999999999,0.09899999999999999,0.3699999999999999,0.093
0.059750000000000004,0.07764599999999999,5.3,0.3699999999999999,0.09899999999999999,0.3699999999999999,0.093
0.059800000000000006,0.07585299999999999,5.199999999999999,0.3699999999999999,0.098,0.3699999999999999,0.093
0.05985,0.074277,5.05,0.3699999999999999,0.098,0.3699999999999999,0.092
0.0599,0.0728355,4.95,0.3699999999999999,0.098,0.3699999999999999,0.092
0.05995,0.071493,4.8999999999999995,0.3699999999999999,0.097,0.3699999999999999,0.092
0.060000000000000005,0.070269,4.8,0.3699999999999999,0.097,0.3699999999999999,0.092
0.060050000000000006,0.06912299999999999,4.75,0.3699999999999999,0.097,0.3699999999999999,0.092
0.0601,0.06806899999999999,4.6499999999999995,0.3699999999999999,0.096,0.3699999999999999,0.091
0.06015,0.0670725,4.6000000000000005,0.3699999999999999,0.096,0.3699999999999999,0.091
0.060200000000000004,0.066146,4.55,0.3699999999999999,0.096,0.3699999999999999,0.091
0.060250000000000005,0.065258,4.5,0.3699999999999999,0.095,0.3699999999999999,0.091
0.0603,0.064409,4.45,0.3699999999999999,0.095,0.3699999999999999,0.091
0.06035,0.063586,4.45,0.3699999999999999,0.095,0.3699999999999999,0.091
0.0604,0.06276999999999999,4.3999999999999995,0.3599999999999999,0.095,0.3599999999999999,0.09000000000000001
0.060450000000000004,0.061945,4.35,0.3599999999999999,0.094,0.3599999999999999,0.09000000000000001
0.060500000000000005,0.061073499999999996,4.3,0.3599999999999999,0.094,0.3599999999999999,0.09000000000000001
0.06055,0.06009,4.3,0.3400000000000003,0.094,0.3400000000000003,0.09000000000000001
0.0606,0.058883,4.2,0.39000000000000035,0.093,1.4,0.093
0.06065,0.056975,4.0,0.43000000000000016,0.093,0.43000000000000016,0.088
0.060700000000000004,0.054916,3.8,0.41999999999999993,0.093,0.41999999999999993,0.091
0.060750000000000005,0.0529175,3.5999999999999996,0.42999999999999994,0.092,0.42999999999999994,0.092
0.0608,0.0511605,3.4499999999999997,0.42999999999999994,0.092,0.42999999999999994,0.092
0.06085,0.049715499999999996,3.25,0.42999999999999994,0.096,0.42999999999999994,0.096
0.0609,0.048695999999999996,3.0999999999999996,0.42999999999999994,0.101,0.42999999999999994,0.101
0.060950000000000004,0.048176,2.8999999999999995,0.42999999999999994,0.10500000000000001,0.42999999999999994,0.10500000000000001
0.061000000000000006,0.048347,2.6999999999999997,0.42999999999999994,0.10900000000000001,0.42999999999999994,0.10900000000000001
0.06105,0.049174499999999996,2.5499999999999994,0.42999999999999994,0.112,0.42999999999999994,0.112
0.0611,0.050900999999999995,2.3499999999999996,0.41999999999999993,0.115,0.41999999999999993,0.114
0.06115,0.053552499999999996,2.1999999999999997,0.41999999999999993,0.117,0.41999999999999993,0.115
0.061200000000000004,0.0572885,2.0999999999999996,0.41999999999999993,0.11900000000000001,0.41999999999999993,0.115
0.061250000000000006,0.061550499999999994,2.2499999999999996,0.41999999999999993,0.121,0.41999999999999993,0.115
0.0613,0.065743,2.3499999999999996,0.41999999999999993,0.122,0.4099999999999999,0.114
0.06135,0.0698565,2.4499999999999997,0.41999999999999993,0.12300000000000001,0.4099999999999999,0.11299999999999999
0.0614,0.07395499999999999,2.6,0.41999999999999993,0.124,0.4099999999999999,0.112
0.061450000000000005,0.0779155,2.75,0.4099999999999999,0.124,0.3999999999999999,0.111
0.061500000000000006,0.08173949999999999,2.9,0.4099999999999999,0.125,0.3999999999999999,0.11
0.06155,0.0853525,3.05,0.4099999999999999,0.125,0.3999999999999999,0.10900000000000001
0.0616,0.0887775,3.1999999999999997,0.4099999999999999,0.125,0.3899999999999999,0.108
0.06165,0.0919345,3.3499999999999996,0.4099999999999999,0.125,0.3899999999999999,0.107
0.061700000000000005,0.094965,3.4499999999999997,0.3999999999999999,0.124,0.3899999999999999,0.106
0.061750000000000006,0.09787749999999999,3.6,0.3999999999999999,0.12300000000000001,0.3899999999999999,0.10500000000000001
0.0618,0.100502,3.75,0.3999999999999999,0.12300000000000001,0.3899999999999999,0.10500000000000001
0.06185,0.102879,3.9,0.3999999999999999,0.122,0.3899999999999999,0.104
0.061900000000000004,0.10492549999999999,4.05,0.3899999999999999,0.12000000000000001,0.3799999999999999,0.103
0.061950000000000005,0.1068225,4.2,0.3899999999999999,0.11900000000000001,0.3799999999999999,0.102
0.062,0.1085365,4.3,0.3899999999999999,0.118,0.3799999999999999,0.102
0.06205,0.1099285,4.45,0.3899999999999999,0.116,0.3799999999999999,0.101
0.0621,0.11105599999999999,4.6,0.3799999999999999,0.115,0.3799999999999999,0.101
0.062150000000000004,0.1118965,4.75,0.3799999999999999,0.11299999999999999,0.3799999999999999,0.1
0.062200000000000005,0.112353,4.85,0.3799999999999999,0.112,0.3799999999999999,0.09899999999999999
0.06225,0.11262699999999999,5.0,0.3799999999999999,0.111,0.3799999999999999,0.09899999999999999
0.0623,0.112632,5.1499999999999995,0.3799999999999999,0.11,0.3799999999999999,0.098
0.06235,0.112328,5.25,0.3799999999999999,0.10900000000000001,0.3799999999999999,0.098
0.062400000000000004,0.11186499999999999,5.3999999999999995,0.3799999999999999,0.108,0.3799999999999999,0.098
0.062450000000000006,0.11071349999999999,5.499999999999999,0.3799999999999999,0.107,0.3799999999999999,0.097
0.0625,0.1095705,5.6,0.3799999999999999,0.106,0.3799999999999999,0.097
0.06255000000000001,0.108098,5.75,0.3699999999999999,0.10500000000000001,0.3699999999999999,0.096
0.0626,0.106232,5.8500000000000005,0.3699999999999999,0.104,0.3699999999999999,0.096
0.06265,0.1040965,5.95,0.3699999999999999,0.104,0.3699999999999999,0.096
0.0627,0.101681,6.05,0.3699999999999999,0.103,0.3699999999999999,0.095
0.06275,0.0989815,6.15,0.3699999999999999,0.102,0.3699999999999999,0.095
0.06280000000000001,0.096063,6.25,0.3699999999999999,0.102,0.3699999999999999,0.095
0.06285,0.092926,6.25,0.3699999999999999,0.101,0.3699999999999999,0.095
0.0629,0.0896935,6.25,0.3699999999999999,0.101,0.3699999999999999,0.094
0.06295,0.0864795,6.1000000000000005,0.3699999999999999,0.1,0.3699999999999999,0.094
0.063,0.08360999999999999,5.85,0.3699999999999999,0.1,0.3699999999999999,0.094
0.06305000000000001,0.08114249999999999,5.6000000000000005,0.3699999999999999,0.09899999999999999,0.3699999999999999,0.093
0.0631,0.07900299999999999,5.3999999999999995,0.3699999999999999,0.09899999999999999,0.3699999999999999,0.093
0.06315,0.077109,5.249999999999999,0.3699999999999999,0.09899999999999999,0.3699999999999999,0.093
0.0632,0.075428,5.15,0.3699999999999999,0.098,0.3699999999999999,0.093
0.06325,0.0739065,5.05,0.3699999999999999,0.098,0.3699999999999999,0.092
0.06330000000000001,0.072528,4.950000000000001,0.3699999999999999,0.098,0.3699999999999999,0.092
0.06335,0.0712425,4.849999999999999,0.3699999999999999,0.097,0.3699999999999999,0.092
0.0634,0.07006649999999999,4.8,0.3699999999999999,0.097,0.3699999999999999,0.092
0.06345,0.068955,4.7,0.3699999999999999,0.097,0.3699999999999999,0.092
0.0635,0.067926,4.65,0.3699999999999999,0.096,0.3699999999999999,0.091
0.06355000000000001,0.0669525,4.599999999999999,0.3699999999999999,0.096,0.3699999999999999,0.091
0.0636,0.0660385,4.55,0.3699999999999999,0.096,0.3699999999999999,0.091
0.06365,0.0651805,4.5,0.3699999999999999,0.095,0.3699999999999999,0.091
0.0637,0.06433649999999999,4.45,0.3699999999999999,0.095,0.3699999999999999,0.091
0.06375,0.0634965,4.399999999999999,0.3600000000000001,0.095,0.3600000000000001,0.09000000000000001
0.06380000000000001,0.062674,4.400000000000001,0.3600000000000001,0.095,0.3600000000000001,0.09000000000000001
0.06385,0.0618045,4.35,0.3600000000000001,0.094,0.3600000000000001,0.09000000000000001
0.0639,0.060850999999999995,4.3,0.3500000000000001,0.094,0.3500000000000001,0.09000000000000001
0.06395,0.059734499999999996,4.299999999999999,0.3600000000000001,0.094,1.399999999999998,0.092
0.064,0.058074,4.049999999999999,0.43000000000000016,0.093,0.43000000000000016,0.08600000000000001
0.06405000000000001,0.055980999999999996,3.8499999999999996,0.43000000000000016,0.093,0.43000000000000016,0.091
0.0641,0.0539515,3.6999999999999993,0.42000000000000015,0.093,0.42000000000000015,0.092
0.06415,0.0520545,3.5,0.42999999999999994,0.092,0.42999999999999994,0.092
0.06420000000000001,0.050494,3.3499999999999996,0.42999999999999994,0.094,0.42999999999999994,0.094
0.06425,0.049291999999999996,3.1499999999999995,0.42999999999999994,0.1,0.42999999999999994,0.1
0.06430000000000001,0.048576999999999995,2.999999999999999,0.42999999999999994,0.104,0.42999999999999994,0.104
0.06435,0.0484975,2.8000000000000007,0.42999999999999994,0.108,0.42999999999999994,0.108
0.0644,0.0490605,2.6000000000000005,0.42999999999999994,0.111,0.42999999999999994,0.111
0.06445000000000001,0.0504355,2.450000000000001,0.41999999999999993,0.114,0.41999999999999993,0.114
0.0645,0.0527365,2.250000000000001,0.41999999999999993,0.116,0.41999999999999993,0.115
0.06455,0.0560805,2.1000000000000005,0.41999999999999993,0.11900000000000001,0.41999999999999993,0.115
0.0646,0.060266999999999994,2.2,0.41999999999999993,0.12000000000000001,0.41999999999999993,0.115
0.06465,0.06450449999999999,2.3000000000000007,0.41999999999999993,0.122,0.41999999999999993,0.114
0.06470000000000001,0.0686545,2.450000000000001,0.41999999999999993,0.12300000000000001,0.4099999999999997,0.114
0.06475,0.072793,2.55,0.41999999999999993,0.124,0.4099999999999997,0.11299999999999999
0.0648,0.07679899999999999,2.7,0.4099999999999997,0.124,0.3999999999999997,0.112
0.06485,0.080681,2.8499999999999996,0.4099999999999997,0.125,0.3999999999999997,0.111
0.0649,0.084379,3.0,0.4099999999999997,0.125,0.3999999999999997,0.10900000000000001
0.06495000000000001,0.08789899999999999,3.1500000000000004,0.4099999999999997,0.125,0.3899999999999997,0.108
0.065,0.0911705,3.3,0.4099999999999997,0.125,0.3899999999999997,0.107
0.06505,0.09419799999999999,3.4000000000000012,0.4099999999999997,0.124,0.3899999999999997,0.107
0.0651,0.09720949999999999,3.5500000000000007,0.3999999999999997,0.124,0.3899999999999997,0.106
0.06515,0.0999815,3.700000000000001,0.3999999999999997,0.12300000000000001,0.3899999999999997,0.10500000000000001
0.06520000000000001,0.1024515,3.8500000000000005,0.3999999999999997,0.122,0.3899999999999997,0.104
0.06525,0.10462099999999999,4.000000000000001,0.3999999999999997,0.121,0.3899999999999997,0.103
0.0653,0.106584,4.15,0.3899999999999997,0.12000000000000001,0.3799999999999999,0.103
0.06535,0.10837899999999999,4.25,0.3899999999999997,0.118,0.3799999999999999,0.102
0.0654,0.10989099999999999,4.4,0.3899999999999997,0.117,0.3799999999999999,0.101
0.06545000000000001,0.1111105,4.55,0.3899999999999997,0.115,0.3799999999999999,0.101
0.0655,0.112095,4.7,0.3799999999999999,0.114,0.3799999999999999,0.1
0.06555,0.11270749999999999,4.799999999999999,0.3799999999999999,0.112,0.3799999999999999,0.1
0.0656,0.1130485,4.949999999999999,0.3799999999999999,0.111,0.3799999999999999,0.09899999999999999
0.06565,0.11320799999999999,5.1,0.3799999999999999,0.11,0.3799999999999999,0.09899999999999999
0.06570000000000001,0.112998,5.25,0.3799999999999999,0.10900000000000001,0.3799999999999999,0.098
0.06575,0.11261299999999999,5.349999999999999,0.3799999999999999,0.108,0.3799999999999999,0.098
0.0658,0.1118435,5.449999999999998,0.3799999999999999,0.107,0.3799999999999999,0.097
0.06585,0.11054299999999999,5.55,0.3799999999999999,0.106,0.3799999999999999,0.097
0.0659,0.10927999999999999,5.699999999999999,0.3799999999999999,0.106,0.3799999999999999,0.097
0.06595000000000001,0.107481,5.800000000000001,0.3699999999999999,0.10500000000000001,0.3699999999999999,0.096
0.066,0.10557699999999999,5.950000000000001,0.3699999999999999,0.104,0.3699999999999999,0.096
0.06605,0.10325,6.05,0.3699999999999999,0.104,0.3699999999999999,0.096
0.0661,0.1006455,6.1499999999999995,0.3699999999999999,0.103,0.3699999999999999,0.095
0.06615,0.097832,6.2,0.3699999999999999,0.102,0.3699999999999999,0.095
0.06620000000000001,0.09478149999999999,6.25,0.3699999999999999,0.102,0.3699999999999999,0.095
0.06625,0.09156099999999999,6.299999999999998,0.3699999999999999,0.101,0.3699999999999999,0.094
0.0663,0.08831649999999999,6.2,0.3699999999999999,0.101,0.3699999999999999,0.094
0.06635,0.08524699999999999,5.999999999999999,0.3699999999999999,0.1,0.3699999999999999,0.094
0.0664,0.0825935,5.7,0.3699999999999999,0.1,0.3699999999999999,0.094
0.06645000000000001,0.08030799999999999,5.500000000000001,0.3699999999999999,0.09899999999999999,0.3699999999999999,0.093
0.0665,0.0783145,5.35,0.3699999999999999,0.09899999999999999,0.3699999999999999,0.093
0.06655,0.0765315,5.2,0.3699999999999999,0.09899999999999999,0.3699999999999999,0.093
0.0666,0.0749325,5.1,0.3699999999999999,0.098,0.3699999999999999,0.093
0.06665,0.07348149999999999,4.999999999999999,0.3699999999999999,0.098,0.3699999999999999,0.092
0.06670000000000001,0.0721565,4.9,0.3699999999999999,0.097,0.3699999999999999,0.092
0.06675,0.0709325,4.8,0.3699999999999999,0.097,0.3699999999999999,0.092
0.0668,0.06978,4.750000000000001,0.3699999999999999,0.097,0.3699999999999999,0.092
0.06685,0.068702,4.699999999999999,0.3699999999999999,0.096,0.3699999999999999,0.092
0.0669,0.067706,4.6499999999999995,0.3699999999999999,0.096,0.3699999999999999,0.091
0.06695000000000001,0.066773,4.6,0.3699999999999999,0.096,0.3699999999999999,0.091
0.067,0.0658715,4.55,0.3699999999999999,0.096,0.3699999999999999,0.091
0.06705,0.06502,4.5,0.3699999999999999,0.095,0.3699999999999999,0.091
0.0671,0.064191,4.449999999999999,0.3699999999999999,0.095,0.3699999999999999,0.091
0.06715,0.06334,4.4,0.3599999999999999,0.095,0.3599999999999999,0.09000000000000001
0.06720000000000001,0.062474499999999995,4.35,0.3599999999999999,0.095,0.3599999999999999,0.09000000000000001
0.06725,0.061547,4.35,0.3599999999999999,0.094,0.3599999999999999,0.09000000000000001
0.0673,0.060537,4.3,0.3400000000000001,0.094,0.3400000000000001,0.09000000000000001
0.06735000000000001,0.059088999999999996,4.2,0.41000000000000014,0.094,0.41000000000000014,0.083
0.0674,0.057012,3.9499999999999997,0.43000000000000016,0.093,0.43000000000000016,0.089
0.06745000000000001,0.0549205,3.75,0.42000000000000015,0.093,0.42000000000000015,0.092
0.0675,0.0529715,3.5999999999999996,0.42999999999999994,0.092,0.42999999999999994,0.092
0.06755,0.0512655,3.4,0.42999999999999994,0.092,0.42999999999999994,0.092
0.06760000000000001,0.0499455,3.25,0.42999999999999994,0.098,0.42999999999999994,0.098
0.06765,0.049016,3.05,0.42999999999999994,0.103,0.42999999999999994,0.103
0.06770000000000001,0.048702999999999996,2.8499999999999996,0.42999999999999994,0.107,0.42999999999999994,0.107
0.06775,0.04902,2.6999999999999997,0.42999999999999994,0.11,0.42999999999999994,0.11
0.0678,0.050079,2.4999999999999996,0.42999999999999994,0.11299999999999999,0.42999999999999994,0.11299999999999999
0.06785000000000001,0.052046999999999996,2.3499999999999996,0.41999999999999993,0.116,0.41999999999999993,0.115
0.0679,0.054965,2.15,0.41999999999999993,0.118,0.41999999999999993,0.115
0.06795,0.0589655,2.15,0.41999999999999993,0.12000000000000001,0.41999999999999993,0.115
0.068,0.063217,2.2499999999999996,0.41999999999999993,0.121,0.41999999999999993,0.115
0.06805,0.067407,2.3999999999999995,0.41999999999999993,0.12300000000000001,0.4099999999999999,0.114
0.06810000000000001,0.07156649999999999,2.4999999999999996,0.41999999999999993,0.124,0.4099999999999999,0.11299999999999999
0.06815,0.075635,2.65,0.41999999999999993,0.124,0.4099999999999999,0.112
0.0682,0.0795485,2.8,0.4099999999999999,0.125,0.40000000000000013,0.111
0.06825,0.083355,2.9499999999999997,0.4099999999999999,0.125,0.40000000000000013,0.11
0.0683,0.08692849999999999,3.1,0.4099999999999999,0.125,0.40000000000000013,0.10900000000000001
0.06835000000000001,0.0903435,3.25,0.4099999999999999,0.125,0.3899999999999999,0.108
0.0684,0.093452,3.4,0.4099999999999999,0.125,0.3899999999999999,0.107
0.06845,0.0964535,3.5,0.40000000000000013,0.124,0.3899999999999999,0.106
0.0685,0.09931899999999999,3.65,0.40000000000000013,0.12300000000000001,0.3899999999999999,0.10500000000000001
0.06855,0.1019305,3.8,0.40000000000000013,0.12300000000000001,0.3899999999999999,0.104
0.06860000000000001,0.104254,3.95,0.40000000000000013,0.122,0.3899999999999999,0.104
0.06865,0.1062335,4.1000000000000005,0.40000000000000013,0.12000000000000001,0.3799999999999999,0.103
0.0687,0.108109,4.2,0.3899999999999999,0.11900000000000001,0.3799999999999999,0.102
0.06875,0.109791,4.3500000000000005,0.3899999999999999,0.118,0.3799999999999999,0.102
0.0688,0.11111349999999999,4.5,0.3899999999999999,0.116,0.3799999999999999,0.101
0.06885000000000001,0.112173,4.65,0.3799999999999999,0.115,0.3799999999999999,0.101
0.0689,0.11297499999999999,4.800000000000001,0.3799999999999999,0.11299999999999999,0.3799999999999999,0.1
0.06895,0.11340399999999999,4.8999999999999995,0.3799999999999999,0.112,0.3799999999999999,0.1
0.069,0.113632,5.05,0.3799999999999999,0.111,0.3799999999999999,0.09899999999999999
0.06905,0.11357099999999999,5.199999999999999,0.3799999999999999,0.11,0.3799999999999999,0.09899999999999999
0.06910000000000001,0.1132155,5.3,0.3799999999999999,0.10900000000000001,0.3799999999999999,0.098
0.06915,0.112686,5.449999999999999,0.3799999999999999,0.108,0.3799999999999999,0.098
0.0692,0.1114805,5.55,0.3799999999999999,0.107,0.3799999999999999,0.097
0.06925,0.110304,5.65,0.3799999999999999,0.106,0.3799999999999999,0.097
0.0693,0.10872,5.8,0.3799999999999999,0.10500000000000001,0.3799999999999999,0.097
0.06935000000000001,0.1068455,5.9,0.3699999999999999,0.10500000000000001,0.3699999999999999,0.096
0.0694,0.1046705,6.0,0.3699999999999999,0.104,0.3699999999999999,0.096
0.06945,0.1022015,6.1,0.3699999999999999,0.103,0.3699999999999999,0.096
0.0695,0.09944549999999999,6.199999999999999,0.3699999999999999,0.103,0.3699999999999999,0.095
0.06955,0.0964855,6.25,0.3699999999999999,0.102,0.3699999999999999,0.095
0.06960000000000001,0.0933145,6.299999999999999,0.3699999999999999,0.102,0.3699999999999999,0.095
0.06965,0.09006,6.25,0.3699999999999999,0.101,0.3699999999999999,0.094
0.0697,0.0868785,6.1000000000000005,0.3699999999999999,0.101,0.3699999999999999,0.094
0.06975,0.08404149999999999,5.85,0.3699999999999999,0.1,0.3699999999999999,0.094
0.0698,0.0815885,5.6,0.3699999999999999,0.1,0.3699999999999999,0.094
0.06985000000000001,0.0794645,5.3999999999999995,0.3699999999999999,0.09899999999999999,0.3699999999999999,0.093
0.0699,0.0776005,5.249999999999999,0.3699999999999999,0.09899999999999999,0.3699999999999999,0.093
0.06995,0.075915,5.1499999999999995,0.3699999999999999,0.098,0.3699999999999999,0.093
0.07,0.0744035,5.05,0.3699999999999999,0.098,0.3699999999999999,0.093
0.07005,0.07300949999999999,4.95,0.3699999999999999,0.098,0.3699999999999999,0.092
0.07010000000000001,0.0717395,4.8500000000000005,0.3699999999999999,0.097,0.3699999999999999,0.092
0.07015,0.0705615,4.800000000000001,0.3699999999999999,0.097,0.3699999999999999,0.092
0.0702,0.06944349999999999,4.749999999999999,0.3699999999999999,0.097,0.3699999999999999,0.092
0.07025,0.0683935,4.6499999999999995,0.3699999999999999,0.096,0.3699999999999999,0.092
0.0703,0.06744399999999999,4.6,0.3699999999999999,0.096,0.3699999999999999,0.091
0.07035000000000001,0.0665105,4.550000000000001,0.3699999999999999,0.096,0.3699999999999999,0.091
0.0704,0.065635,4.499999999999998,0.3699999999999999,0.096,0.3699999999999999,0.091
0.07045,0.064792,4.499999999999999,0.3699999999999999,0.095,0.3699999999999999,0.091
0.07050000000000001,0.0639535,4.449999999999999,0.3599999999999999,0.095,0.3599999999999999,0.091
0.07055,0.0631,4.3999999999999995,0.3599999999999999,0.095,0.3599999999999999,0.09000000000000001
0.07060000000000001,0.062187,4.3500000000000005,0.3599999999999999,0.094,0.3599999999999999,0.09000000000000001
0.07065,0.061177499999999996,4.3500000000000005,0.3400000000000001,0.094,0.3400000000000001,0.09000000000000001
0.0707,0.0599465,4.249999999999998,0.3900000000000001,0.094,1.399999999999998,0.093
0.07075000000000001,0.058004,3.999999999999999,0.4299999999999997,0.094,0.4299999999999997,0.088
0.0708,0.0559005,3.8499999999999996,0.4299999999999997,0.093,0.4299999999999997,0.092
0.07085000000000001,0.0538745,3.6499999999999995,0.42999999999999994,0.093,0.42999999999999994,0.093
0.0709,0.052053999999999996,3.5,0.42999999999999994,0.092,0.42999999999999994,0.092
0.07095,0.050571,3.299999999999999,0.42999999999999994,0.096,0.42999999999999994,0.096
0.07100000000000001,0.049509,3.1499999999999995,0.42999999999999994,0.101,0.42999999999999994,0.101
0.07105,0.048937499999999995,2.9000000000000004,0.42999999999999994,0.10500000000000001,0.42999999999999994,0.10500000000000001
0.0711,0.04906,2.750000000000001,0.42999999999999994,0.10900000000000001,0.42999999999999994,0.10900000000000001
0.07115,0.049790999999999995,2.6000000000000005,0.42999999999999994,0.112,0.42999999999999994,0.112
0.0712,0.0514395,2.4000000000000004,0.41999999999999993,0.115,0.41999999999999993,0.114
0.07125000000000001,0.053995499999999995,2.250000000000001,0.41999999999999993,0.117,0.41999999999999993,0.115
0.0713,0.057638499999999995,2.1000000000000005,0.41999999999999993,0.11900000000000001,0.41999999999999993,0.115
0.07135,0.0619005,2.250000000000001,0.41999999999999993,0.121,0.41999999999999993,0.115
0.0714,0.0661215,2.3500000000000005,0.41999999999999993,0.122,0.41000000000000014,0.114
0.07145,0.070279,2.45,0.41999999999999993,0.12300000000000001,0.41000000000000014,0.11299999999999999
0.07150000000000001,0.0744295,2.5999999999999996,0.41999999999999993,0.124,0.41000000000000014,0.112
0.07155,0.07837849999999999,2.75,0.41000000000000014,0.125,0.40000000000000013,0.111
0.0716,0.0822445,2.8999999999999995,0.41000000000000014,0.125,0.40000000000000013,0.11
0.07165,0.08591349999999999,3.05,0.41000000000000014,0.125,0.40000000000000013,0.10900000000000001
0.0717,0.08939599999999999,3.1999999999999993,0.41000000000000014,0.125,0.3900000000000001,0.108
0.07175000000000001,0.09263249999999999,3.3499999999999996,0.41000000000000014,0.125,0.3900000000000001,0.107
0.0718,0.0956515,3.45,0.41000000000000014,0.124,0.3900000000000001,0.107
0.07185,0.09859849999999999,3.6000000000000005,0.40000000000000013,0.124,0.3900000000000001,0.106
0.0719,0.1013275,3.750000000000001,0.40000000000000013,0.12300000000000001,0.3900000000000001,0.10500000000000001
0.07195,0.10374599999999999,3.9000000000000004,0.40000000000000013,0.122,0.3900000000000001,0.104
0.07200000000000001,0.10586799999999999,4.050000000000001,0.40000000000000013,0.121,0.3900000000000001,0.103
0.07205,0.1077745,4.200000000000001,0.3900000000000001,0.12000000000000001,0.3800000000000001,0.103
0.0721,0.1095405,4.300000000000001,0.3900000000000001,0.118,0.3800000000000001,0.102
0.07215,0.110979,4.45,0.3900000000000001,0.117,0.3800000000000001,0.101
0.0722,0.1121225,4.6000000000000005,0.3800000000000001,0.115,0.3800000000000001,0.101
0.07225000000000001,0.1130675,4.75,0.3800000000000001,0.114,0.3800000000000001,0.1
0.0723,0.11365499999999999,4.85,0.3800000000000001,0.112,0.3800000000000001,0.1
0.07235,0.11391,5.0,0.3800000000000001,0.111,0.3800000000000001,0.09899999999999999
0.0724,0.113991,5.1499999999999995,0.3800000000000001,0.11,0.3800000000000001,0.09899999999999999
0.07245,0.11373649999999999,5.249999999999999,0.3800000000000001,0.10900000000000001,0.3800000000000001,0.098
0.07250000000000001,0.11332249999999999,5.399999999999999,0.3800000000000001,0.108,0.3800000000000001,0.098
0.07255,0.112471,5.549999999999999,0.3800000000000001,0.107,0.3800000000000001,0.097
0.0726,0.111123,5.6,0.3800000000000001,0.106,0.3800000000000001,0.097
0.07265,0.1097895,5.75,0.3800000000000001,0.106,0.3800000000000001,0.097
0.0727,0.10792399999999999,5.8500000000000005,0.3700000000000001,0.10500000000000001,0.3700000000000001,0.096
0.07275000000000001,0.10593649999999999,6.000000000000001,0.3700000000000001,0.104,0.3700000000000001,0.096
0.0728,0.103554,6.1000000000000005,0.3700000000000001,0.104,0.3700000000000001,0.096
0.07285,0.10090299999999999,6.2,0.3700000000000001,0.103,0.3700000000000001,0.095
0.0729,0.0980375,6.25,0.3700000000000001,0.102,0.3700000000000001,0.095
0.07295,0.0949685,6.3,0.3700000000000001,0.102,0.3700000000000001,0.095
0.07300000000000001,0.0917115,6.3,0.3700000000000001,0.101,0.3700000000000001,0.094
0.07305,0.08846949999999999,6.2,0.3700000000000001,0.101,0.3700000000000001,0.094
0.0731,0.08544249999999999,5.949999999999999,0.3700000000000001,0.1,0.3700000000000001,0.094
0.07315,0.08283249999999999,5.7,0.3700000000000001,0.1,0.3700000000000001,0.094
0.0732,0.080594,5.499999999999999,0.3700000000000001,0.09899999999999999,0.3700000000000001,0.093
0.07325000000000001,0.0786125,5.3500000000000005,0.3700000000000001,0.09899999999999999,0.3700000000000001,0.093
0.0733,0.07684049999999999,5.2,0.3700000000000001,0.09899999999999999,0.3700000000000001,0.093
0.07335,0.075268,5.1,0.3700000000000001,0.098,0.3700000000000001,0.093
0.0734,0.073835,5.0,0.3700000000000001,0.098,0.3700000000000001,0.093
0.07345,0.07248199999999999,4.8999999999999995,0.3700000000000001,0.098,0.3700000000000001,0.092
0.07350000000000001,0.0712915,4.85,0.3700000000000001,0.097,0.3700000000000001,0.092
0.07355,0.0701335,4.749999999999999,0.3700000000000001,0.097,0.3700000000000001,0.092
0.0736,0.06906949999999999,4.7,0.3700000000000001,0.097,0.3700000000000001,0.092
0.07365000000000001,0.068067,4.6499999999999995,0.3700000000000001,0.096,0.3700000000000001,0.092
0.0737,0.06712599999999999,4.6,0.3700000000000001,0.096,0.3700000000000001,0.091
0.07375000000000001,0.0662415,4.55,0.3700000000000001,0.096,0.3700000000000001,0.091
0.0738,0.06537849999999999,4.5,0.3700000000000001,0.095,0.3700000000000001,0.091
0.07385,0.0645265,4.45,0.3700000000000001,0.095,0.3700000000000001,0.091
0.07390000000000001,0.063653,4.3999999999999995,0.3599999999999999,0.095,0.3599999999999999,0.091
0.07395,0.062765,4.3999999999999995,0.3599999999999999,0.095,0.3599999999999999,0.09000000000000001
0.07400000000000001,0.061788499999999996,4.35,0.3599999999999999,0.094,0.3599999999999999,0.09000000000000001
0.07405,0.060643499999999996,4.300000000000001,0.35999999999999965,0.094,1.4,0.093
0.0741,0.0589605,4.1,0.43000000000000016,0.094,0.43000000000000016,0.08600000000000001
0.07415000000000001,0.0568305,3.9,0.43000000000000016,0.093,0.43000000000000016,0.091
0.0742,0.054750999999999994,3.75,0.43000000000000016,0.093,0.43000000000000016,0.093
0.07425000000000001,0.052849,3.55,0.43000000000000016,0.093,0.43000000000000016,0.093
0.0743,0.051223,3.4,0.43000000000000016,0.094,0.43000000000000016,0.094
0.07435,0.0500105,3.2,0.43000000000000016,0.1,0.43000000000000016,0.1
0.07440000000000001,0.049236499999999996,3.05,0.43000000000000016,0.104,0.43000000000000016,0.104
0.07445,0.049131,2.8,0.43000000000000016,0.108,0.43000000000000016,0.108
0.0745,0.049614,2.65,0.43000000000000016,0.111,0.43000000000000016,0.111
0.07455,0.050914499999999994,2.4499999999999997,0.43000000000000016,0.114,0.43000000000000016,0.11299999999999999
0.0746,0.053154,2.3,0.42000000000000015,0.117,0.42000000000000015,0.115
0.07465000000000001,0.056388999999999995,2.15,0.42000000000000015,0.11900000000000001,0.42000000000000015,0.115
0.0747,0.060544,2.1999999999999997,0.42000000000000015,0.12000000000000001,0.42000000000000015,0.115
0.07475,0.0648265,2.3,0.42000000000000015,0.122,0.42000000000000015,0.115
0.0748,0.068995,2.4499999999999997,0.42000000000000015,0.12300000000000001,0.41000000000000014,0.112
0.07485,0.073171,2.55,0.42000000000000015,0.124,0.41000000000000014,0.11299999999999999
0.07490000000000001,0.07718749999999999,2.6999999999999997,0.42000000000000015,0.125,0.40000000000000013,0.11
0.07495,0.0811065,2.8499999999999996,0.41000000000000014,0.125,0.40000000000000013,0.111
0.075,0.08483299999999999,2.9999999999999996,0.41000000000000014,0.125,0.40000000000000013,0.11
0.07505,0.0883965,3.15,0.41000000000000014,0.125,0.3900000000000001,0.107
0.0751,0.0917335,3.3,0.41000000000000014,0.125,0.3900000000000001,0.108
0.07515000000000001,0.094818,3.4499999999999997,0.41000000000000014,0.125,0.3900000000000001,0.10500000000000001
0.0752,0.097804,3.5500000000000003,0.40000000000000013,0.124,0.3900000000000001,0.10500000000000001
0.07525,0.100602,3.7,0.40000000000000013,0.12300000000000001,0.3900000000000001,0.10500000000000001
0.0753,0.1031875,3.85,0.40000000000000013,0.12300000000000001,0.3900000000000001,0.103
0.07535,0.105418,4.0,0.40000000000000013,0.121,0.3900000000000001,0.104
0.07540000000000001,0.10733849999999999,4.15,0.3900000000000001,0.12000000000000001,0.3800000000000001,0.102
0.07545,0.109195,4.25,0.3900000000000001,0.11900000000000001,0.3800000000000001,0.101
0.0755,0.11079599999999999,4.4,0.3900000000000001,0.117,0.3800000000000001,0.102
0.07555,0.1120635,4.55,0.3900000000000001,0.116,0.3800000000000001,0.1
0.0756,0.113052,4.7,0.3800000000000001,0.114,0.3800000000000001,0.101
0.07565000000000001,0.11379449999999999,4.799999999999999,0.3800000000000001,0.11299999999999999,0.3800000000000001,0.09899999999999999
0.0757,0.11419649999999999,4.949999999999999,0.3800000000000001,0.112,0.3800000000000001,0.098
0.07575,0.114323,5.1,0.3800000000000001,0.111,0.3800000000000001,0.09899999999999999
0.0758,0.11418199999999999,5.249999999999999,0.3800000000000001,0.11,0.3800000000000001,0.097
0.07585,0.11377699999999999,5.35,0.3800000000000001,0.10900000000000001,0.3800000000000001,0.098
0.07590000000000001,0.113186,5.499999999999999,0.3800000000000001,0.108,0.3800000000000001,0.097
0.07595,0.11187849999999999,5.55,0.3800000000000001,0.107,0.3800000000000001,0.096
0.076,0.1106625,5.699999999999999,0.3800000000000001,0.106,0.3800000000000001,0.097
0.07605,0.108998,5.8,0.3800000000000001,0.10500000000000001,0.3800000000000001,0.095
0.0761,0.10706149999999999,5.95,0.3699999999999999,0.10500000000000001,0.3699999999999999,0.096
0.07615000000000001,0.10481549999999999,6.05,0.3699999999999999,0.104,0.3699999999999999,0.095
0.0762,0.1023235,6.1499999999999995,0.3699999999999999,0.103,0.3699999999999999,0.095
0.07625,0.09949,6.249999999999999,0.3699999999999999,0.103,0.3699999999999999,0.095
0.0763,0.0964775,6.3,0.3699999999999999,0.102,0.3699999999999999,0.094
0.07635,0.09329499999999999,6.299999999999999,0.3699999999999999,0.102,0.3699999999999999,0.095
0.07640000000000001,0.0900265,6.25,0.3699999999999999,0.101,0.3699999999999999,0.093
0.07645,0.0868675,6.1,0.3699999999999999,0.101,0.3699999999999999,0.093
0.0765,0.08409549999999999,5.8,0.3699999999999999,0.1,0.3699999999999999,0.094
0.07655,0.08168399999999999,5.6000000000000005,0.3699999999999999,0.1,0.3699999999999999,0.093
0.0766,0.079608,5.3999999999999995,0.3699999999999999,0.09899999999999999,0.3699999999999999,0.093
0.07665000000000001,0.077778,5.249999999999999,0.3699999999999999,0.09899999999999999,0.3699999999999999,0.092
0.0767,0.076115,5.1499999999999995,0.3699999999999999,0.09899999999999999,0.3699999999999999,0.092
0.07675,0.074611,5.049999999999998,0.3699999999999999,0.098,0.3699999999999999,0.093
0.07680000000000001,0.073243,4.95,0.3699999999999999,0.098,0.3699999999999999,0.092
0.07685,0.0719585,4.849999999999999,0.3699999999999999,0.097,0.3699999999999999,0.092
0.07690000000000001,0.0708015,4.8,0.3699999999999999,0.097,0.3699999999999999,0.091
0.07695,0.0696975,4.75,0.3699999999999999,0.097,0.3699999999999999,0.091
0.077,0.0686615,4.7,0.3699999999999999,0.097,0.3699999999999999,0.092
0.07705000000000001,0.06769649999999999,4.65,0.3699999999999999,0.096,0.3699999999999999,0.091
0.0771,0.066782,4.6,0.3699999999999999,0.096,0.3699999999999999,0.091
0.07715000000000001,0.06589149999999999,4.550000000000001,0.3699999999999999,0.096,0.3699999999999999,0.09000000000000001
0.0772,0.0650485,4.5,0.3699999999999999,0.095,0.3699999999999999,0.09000000000000001
0.07725,0.064183,4.45,0.3600000000000001,0.095,0.3600000000000001,0.091
0.07730000000000001,0.063308,4.399999999999999,0.3600000000000001,0.095,0.3600000000000001,0.09000000000000001
0.07735,0.062334999999999995,4.350000000000001,0.3600000000000001,0.095,0.3600000000000001,0.09000000000000001
0.07740000000000001,0.0613055,4.35,0.3400000000000001,0.094,1.349999999999999,0.093
0.07745,0.059836,4.199999999999998,0.4099999999999999,0.094,0.4099999999999999,0.085
0.0775,0.05773,3.999999999999999,0.42999999999999994,0.094,0.42999999999999994,0.09000000000000001
0.07755000000000001,0.055626999999999996,3.8,0.42999999999999994,0.093,0.42999999999999994,0.093
0.0776,0.053640999999999994,3.5999999999999988,0.4399999999999997,0.093,0.4399999999999997,0.093
0.07765,0.051926,3.4499999999999993,0.4299999999999995,0.092,0.4299999999999995,0.092
0.0777,0.0505495,3.25,0.4299999999999995,0.098,0.4299999999999995,0.098
0.07775,0.0496015,3.0999999999999996,0.4299999999999995,0.103,0.4299999999999995,0.103
0.07780000000000001,0.0492255,2.9000000000000004,0.4299999999999995,0.107,0.4299999999999995,0.107
0.07785,0.049522,2.7,0.4299999999999995,0.11,0.4299999999999995,0.11
0.0779,0.0505095,2.55,0.4299999999999995,0.11299999999999999,0.4299999999999995,0.11299999999999999
0.07795,0.052406499999999995,2.3500000000000005,0.4199999999999997,0.116,0.4199999999999997,0.114
0.078,0.0552625,2.2,0.4199999999999997,0.118,0.4199999999999997,0.115
0.07805000000000001,0.0591975,2.1500000000000004,0.4199999999999997,0.12000000000000001,0.4199999999999997,0.114
0.0781,0.0634545,2.250000000000001,0.4199999999999997,0.122,0.4199999999999997,0.114
0.07815,0.0676875,2.4000000000000004,0.4199999999999997,0.12300000000000001,0.4099999999999999,0.11299999999999999
0.0782,0.07186,2.499999999999999,0.4199999999999997,0.124,0.4099999999999999,0.112
0.07825,0.0759675,2.6499999999999995,0.4199999999999997,0.125,0.4099999999999999,0.111
0.07830000000000001,0.0799045,2.8,0.4099999999999999,0.125,0.40000000000000013,0.11
0.07835,0.08372099999999999,2.9499999999999993,0.4099999999999999,0.125,0.40000000000000013,0.10900000000000001
0.0784,0.0873495,3.1000000000000005,0.4099999999999999,0.125,0.40000000000000013,0.108
0.07845,0.0907775,3.25,0.4099999999999999,0.125,0.3899999999999999,0.107
0.0785,0.09394799999999999,3.4000000000000004,0.4099999999999999,0.125,0.3899999999999999,0.106
0.07855000000000001,0.0969515,3.500000000000001,0.4099999999999999,0.124,0.3899999999999999,0.10500000000000001
0.0786,0.099853,3.6500000000000012,0.40000000000000013,0.124,0.3899999999999999,0.104
0.07865,0.102502,3.8000000000000007,0.40000000000000013,0.12300000000000001,0.3899999999999999,0.103
0.0787,0.1048915,3.950000000000001,0.40000000000000013,0.122,0.3899999999999999,0.103
0.07875,0.10693,4.100000000000001,0.40000000000000013,0.121,0.3899999999999999,0.102
0.07880000000000001,0.10878049999999999,4.2,0.3899999999999999,0.11900000000000001,0.37999999999999967,0.101
0.07885,0.1104935,4.3500000000000005,0.3899999999999999,0.118,0.37999999999999967,0.101
0.0789,0.1118815,4.5,0.3899999999999999,0.117,0.37999999999999967,0.1
0.07895,0.11294549999999999,4.65,0.37999999999999967,0.115,0.37999999999999967,0.1
0.079,0.113839,4.8,0.37999999999999967,0.114,0.37999999999999967,0.09899999999999999
0.07905000000000001,0.114367,4.8999999999999995,0.37999999999999967,0.112,0.37999999999999967,0.09899999999999999
0.0791,0.11454249999999999,5.049999999999999,0.37999999999999967,0.111,0.37999999999999967,0.098
0.07915,0.114546,5.199999999999999,0.37999999999999967,0.11,0.37999999999999967,0.098
0.0792,0.1142185,5.299999999999999,0.37999999999999967,0.10900000000000001,0.37999999999999967,0.097
0.07925,0.1137305,5.449999999999998,0.37999999999999967,0.108,0.37999999999999967,0.097
0.07930000000000001,0.112761,5.599999999999999,0.37999999999999967,0.107,0.37999999999999967,0.096
0.07935,0.11143099999999999,5.6499999999999995,0.37999999999999967,0.106,0.37999999999999967,0.096
0.0794,0.1099875,5.8,0.37999999999999967,0.106,0.37999999999999967,0.096
0.07945,0.108069,5.900000000000001,0.3699999999999999,0.10500000000000001,0.3699999999999999,0.095
0.0795,0.1059845,6.0,0.3699999999999999,0.104,0.3699999999999999,0.095
0.07955000000000001,0.1035485,6.099999999999999,0.3699999999999999,0.104,0.3699999999999999,0.095
0.0796,0.1008375,6.199999999999998,0.3699999999999999,0.103,0.3699999999999999,0.094
0.07965,0.0978995,6.3,0.3699999999999999,0.102,0.3699999999999999,0.094
0.07970000000000001,0.0947845,6.300000000000002,0.3699999999999999,0.102,0.3699999999999999,0.094
0.07975,0.0914975,6.3,0.3699999999999999,0.101,0.3699999999999999,0.094
0.07980000000000001,0.088283,6.15,0.3699999999999999,0.101,0.3699999999999999,0.093
0.07985,0.0853245,5.8999999999999995,0.3699999999999999,0.1,0.3699999999999999,0.093
0.0799,0.08279299999999999,5.6499999999999995,0.3699999999999999,0.1,0.3699999999999999,0.093
0.07995000000000001,0.080608,5.499999999999999,0.3699999999999999,0.1,0.3699999999999999,0.093
0.08,0.078662,5.3,0.3699999999999999,0.09899999999999999,0.3699999999999999,0.092
0.08005000000000001,0.07692199999999999,5.2,0.3699999999999999,0.09899999999999999,0.3699999999999999,0.092
0.0801,0.0753595,5.099999999999999,0.3699999999999999,0.098,0.3699999999999999,0.092
0.08015,0.073933,5.0,0.3699999999999999,0.098,0.3699999999999999,0.092
0.08020000000000001,0.0726265,4.8999999999999995,0.3699999999999999,0.098,0.3699999999999999,0.091
0.08025,0.071433,4.85,0.3699999999999999,0.097,0.3699999999999999,0.091
0.08030000000000001,0.07029099999999999,4.75,0.3699999999999999,0.097,0.3699999999999999,0.091
0.08035,0.069242,4.7,0.3699999999999999,0.097,0.3699999999999999,0.091
0.0804,0.068232,4.6499999999999995,0.3699999999999999,0.096,0.3699999999999999,0.091
0.08045000000000001,0.0672945,4.6000000000000005,0.3699999999999999,0.096,0.3699999999999999,0.09000000000000001
0.0805,0.0664075,4.55,0.3699999999999999,0.096,0.3699999999999999,0.09000000000000001
0.08055000000000001,0.06552999999999999,4.5,0.3699999999999999,0.096,0.3699999999999999,0.09000000000000001
0.0806,0.064675,4.449999999999999,0.35999999999999965,0.095,0.35999999999999965,0.09000000000000001
0.08065,0.0637995,4.449999999999999,0.35999999999999965,0.095,0.35999999999999965,0.09000000000000001
0.08070000000000001,0.06286,4.4,0.35999999999999965,0.095,0.35999999999999965,0.089
0.08075,0.061841999999999994,4.35,0.3400000000000001,0.094,0.3400000000000001,0.089
0.08080000000000001,0.060577,4.300000000000001,0.3899999999999999,0.094,0.3899999999999999,0.082
0.08085,0.058634,4.05,0.42999999999999994,0.094,0.42999999999999994,0.089
0.0809,0.0565045,3.85,0.42999999999999994,0.094,0.42999999999999994,0.092
0.08095000000000001,0.054463,3.7,0.4399999999999997,0.093,0.4399999999999997,0.093
0.081,0.052614499999999995,3.5,0.42999999999999994,0.092,0.42999999999999994,0.092
0.08105,0.0511005,3.35,0.42999999999999994,0.096,0.42999999999999994,0.096
0.0811,0.049986499999999996,3.15,0.42999999999999994,0.101,0.42999999999999994,0.101
0.08115,0.049409999999999996,2.9499999999999997,0.42999999999999994,0.106,0.42999999999999994,0.106
0.08120000000000001,0.049464499999999995,2.7499999999999996,0.42999999999999994,0.10900000000000001,0.42999999999999994,0.10900000000000001
0.08125,0.0501975,2.5999999999999996,0.42999999999999994,0.112,0.42999999999999994,0.112
0.0813,0.051761999999999996,2.4499999999999997,0.4199999999999997,0.115,0.4199999999999997,0.114
0.08135,0.054265499999999994,2.2499999999999996,0.4199999999999997,0.117,0.4199999999999997,0.115
0.0814,0.057853499999999995,2.15,0.4199999999999997,0.11900000000000001,0.4199999999999997,0.115
0.08145000000000001,0.062112999999999995,2.2499999999999996,0.4199999999999997,0.121,0.4199999999999997,0.114
0.0815,0.066366,2.3499999999999996,0.4199999999999997,0.122,0.4099999999999999,0.11299999999999999
0.08155,0.0705325,2.4499999999999997,0.4199999999999997,0.124,0.4099999999999999,0.112
0.0816,0.074698,2.6,0.4199999999999997,0.124,0.4099999999999999,0.111
0.08165,0.07868599999999999,2.75,0.4199999999999997,0.125,0.3999999999999997,0.11
0.08170000000000001,0.0825675,2.9,0.4099999999999999,0.125,0.3999999999999997,0.10900000000000001
0.08175,0.08624749999999999,3.05,0.4099999999999999,0.126,0.3999999999999997,0.108
0.0818,0.089753,3.1999999999999997,0.4099999999999999,0.125,0.3899999999999999,0.107
0.08185,0.093028,3.3499999999999996,0.4099999999999999,0.125,0.3899999999999999,0.106
0.0819,0.096068,3.4499999999999997,0.4099999999999999,0.125,0.3899999999999999,0.10500000000000001
0.08195000000000001,0.0990525,3.6,0.3999999999999997,0.124,0.3899999999999999,0.104
0.082,0.101779,3.75,0.3999999999999997,0.12300000000000001,0.3899999999999999,0.104
0.08205,0.104278,3.9,0.3999999999999997,0.122,0.3899999999999999,0.103
0.0821,0.1064465,4.05,0.3999999999999997,0.121,0.3899999999999999,0.102
0.08215,0.1083195,4.2,0.3899999999999999,0.12000000000000001,0.37999999999999967,0.102
0.08220000000000001,0.110118,4.3,0.3899999999999999,0.11900000000000001,0.37999999999999967,0.101
0.08225,0.11164199999999999,4.45,0.3899999999999999,0.117,0.37999999999999967,0.1
0.0823,0.112842,4.6,0.3899999999999999,0.116,0.37999999999999967,0.1
0.08235,0.1137735,4.75,0.37999999999999967,0.114,0.37999999999999967,0.09899999999999999
0.0824,0.1144345,4.85,0.37999999999999967,0.11299999999999999,0.37999999999999967,0.09899999999999999
0.08245000000000001,0.11472149999999999,5.0,0.37999999999999967,0.112,0.37999999999999967,0.098
0.0825,0.1147965,5.1499999999999995,0.37999999999999967,0.11,0.37999999999999967,0.098
0.08255,0.11458,5.25,0.37999999999999967,0.10900000000000001,0.37999999999999967,0.097
0.0826,0.11415299999999999,5.3999999999999995,0.37999999999999967,0.108,0.37999999999999967,0.097
0.08265,0.11344549999999999,5.55,0.37999999999999967,0.108,0.37999999999999967,0.097
0.08270000000000001,0.112034,5.6,0.37999999999999967,0.107,0.37999999999999967,0.096
0.08275,0.1107875,5.75,0.37999999999999967,0.106,0.37999999999999967,0.096
0.0828,0.1089675,5.8500000000000005,0.37999999999999967,0.10500000000000001,0.37999999999999967,0.095
0.08285000000000001,0.107025,6.0,0.3699999999999999,0.10500000000000001,0.3699999999999999,0.095
0.0829,0.1046835,6.1000000000000005,0.3699999999999999,0.104,0.3699999999999999,0.095
0.08295000000000001,0.10212349999999999,6.2,0.3699999999999999,0.103,0.3699999999999999,0.095
0.083,0.09923399999999999,6.25,0.3699999999999999,0.103,0.3699999999999999,0.094
0.08305,0.09616749999999999,6.300000000000001,0.3699999999999999,0.102,0.3699999999999999,0.094
0.08310000000000001,0.092966,6.3,0.3699999999999999,0.102,0.3699999999999999,0.094
0.08315,0.089671,6.25,0.3699999999999999,0.101,0.3699999999999999,0.093
0.08320000000000001,0.08659349999999999,6.05,0.3699999999999999,0.101,0.3699999999999999,0.093
0.08325,0.08388899999999999,5.75,0.3699999999999999,0.1,0.3699999999999999,0.093
0.0833,0.08155699999999999,5.55,0.3699999999999999,0.1,0.3699999999999999,0.093
0.08335000000000001,0.079541,5.3999999999999995,0.3699999999999999,0.09899999999999999,0.3699999999999999,0.092
0.0834,0.0777445,5.25,0.3699999999999999,0.09899999999999999,0.3699999999999999,0.092
0.08345000000000001,0.07610449999999999,5.150000000000001,0.3699999999999999,0.09899999999999999,0.3699999999999999,0.092
0.0835,0.0746245,5.050000000000001,0.3699999999999999,0.098,0.3699999999999999,0.092
0.08355,0.0732825,4.95,0.3699999999999999,0.098,0.3699999999999999,0.092
0.08360000000000001,0.0720145,4.85,0.3699999999999999,0.098,0.3699999999999999,0.091
0.08365,0.07087299999999999,4.8,0.3699999999999999,0.097,0.3699999999999999,0.091
0.08370000000000001,0.069783,4.75,0.3699999999999999,0.097,0.3699999999999999,0.091
0.08375,0.0687525,4.699999999999999,0.3699999999999999,0.097,0.3699999999999999,0.091
0.0838,0.0677855,4.6499999999999995,0.3699999999999999,0.096,0.3699999999999999,0.091
0.08385000000000001,0.0668745,4.6,0.3699999999999999,0.096,0.3699999999999999,0.09000000000000001
0.0839,0.065994,4.550000000000001,0.3699999999999999,0.096,0.3699999999999999,0.09000000000000001
0.08395000000000001,0.06514,4.499999999999998,0.3699999999999999,0.095,0.3699999999999999,0.09000000000000001
0.084,0.064264,4.450000000000001,0.35999999999999965,0.095,0.35999999999999965,0.09000000000000001
0.08405,0.063348,4.3999999999999995,0.35999999999999965,0.095,0.35999999999999965,0.09000000000000001
0.08410000000000001,0.062354,4.35,0.35999999999999965,0.095,0.35999999999999965,0.089
0.08415,0.061201,4.349999999999998,0.3599999999999992,0.094,1.399999999999998,0.093
0.08420000000000001,0.059496999999999994,4.149999999999999,0.4300000000000004,0.094,0.4300000000000004,0.087
0.08425,0.057344,3.9499999999999993,0.4300000000000004,0.094,0.4300000000000004,0.092
0.0843,0.055250999999999995,3.749999999999999,0.4300000000000004,0.093,0.4300000000000004,0.093
0.08435000000000001,0.053313,3.5999999999999988,0.42999999999999994,0.093,0.42999999999999994,0.093
0.0844,0.051677499999999994,3.3999999999999995,0.42999999999999994,0.094,0.42999999999999994,0.094
0.08445,0.0504405,3.25,0.42999999999999994,0.1,0.42999999999999994,0.1
0.0845,0.049630999999999995,3.049999999999999,0.42999999999999994,0.104,0.42999999999999994,0.104
0.08455,0.0494845,2.8500000000000005,0.42999999999999994,0.108,0.42999999999999994,0.108
0.08460000000000001,0.049964999999999996,2.6500000000000004,0.42999999999999994,0.111,0.42999999999999994,0.111
0.08465,0.051231,2.500000000000001,0.42999999999999994,0.114,0.42999999999999994,0.114
0.0847,0.053385499999999995,2.3000000000000007,0.42000000000000015,0.117,0.42000000000000015,0.115
0.08475,0.05658,2.1500000000000004,0.42000000000000015,0.11900000000000001,0.42000000000000015,0.115
0.0848,0.0607165,2.2,0.42000000000000015,0.121,0.42000000000000015,0.114
0.08485000000000001,0.0650215,2.3000000000000007,0.42000000000000015,0.122,0.42000000000000015,0.114
0.0849,0.06919,2.450000000000001,0.42000000000000015,0.12300000000000001,0.4099999999999999,0.11299999999999999
0.08495,0.07338399999999999,2.55,0.42000000000000015,0.124,0.4099999999999999,0.112
0.085,0.077442,2.7,0.42000000000000015,0.125,0.4099999999999999,0.111
0.08505,0.0813585,2.8499999999999996,0.4099999999999999,0.125,0.40000000000000013,0.10900000000000001
0.08510000000000001,0.085115,3.0,0.4099999999999999,0.126,0.40000000000000013,0.108
0.08515,0.08868949999999999,3.1500000000000004,0.4099999999999999,0.126,0.3899999999999999,0.107
0.0852,0.09207,3.3,0.4099999999999999,0.125,0.3899999999999999,0.106
0.08525,0.095178,3.45,0.4099999999999999,0.125,0.3899999999999999,0.106
0.0853,0.0981605,3.5500000000000007,0.40000000000000013,0.124,0.3899999999999999,0.10500000000000001
0.08535000000000001,0.1009955,3.700000000000001,0.40000000000000013,0.124,0.3899999999999999,0.104
0.0854,0.103582,3.8500000000000005,0.40000000000000013,0.12300000000000001,0.3899999999999999,0.103
0.08545,0.10588,4.000000000000001,0.40000000000000013,0.122,0.3899999999999999,0.102
0.0855,0.107842,4.15,0.40000000000000013,0.121,0.3800000000000001,0.102
0.08555,0.1097035,4.25,0.3899999999999999,0.11900000000000001,0.3800000000000001,0.101
0.08560000000000001,0.1113165,4.4,0.3899999999999999,0.118,0.3800000000000001,0.101
0.08565,0.11262849999999999,4.55,0.3899999999999999,0.116,0.3800000000000001,0.1
0.0857,0.11362699999999999,4.7,0.3800000000000001,0.115,0.3800000000000001,0.09899999999999999
0.08575,0.1144215,4.799999999999999,0.3800000000000001,0.11299999999999999,0.3800000000000001,0.09899999999999999
0.0858,0.114869,4.949999999999999,0.3800000000000001,0.112,0.3800000000000001,0.098
0.08585000000000001,0.114995,5.1,0.3800000000000001,0.111,0.3800000000000001,0.098
0.0859,0.1148975,5.25,0.3800000000000001,0.11,0.3800000000000001,0.098
0.08595,0.1145075,5.349999999999999,0.3800000000000001,0.10900000000000001,0.3800000000000001,0.097
0.08600000000000001,0.1139375,5.499999999999999,0.3800000000000001,0.108,0.3800000000000001,0.097
0.08605,0.11281999999999999,5.55,0.3800000000000001,0.107,0.3800000000000001,0.096
0.08610000000000001,0.1114845,5.699999999999999,0.3800000000000001,0.106,0.3800000000000001,0.096
0.08615,0.10991949999999999,5.800000000000001,0.3800000000000001,0.106,0.3800000000000001,0.096
0.0862,0.10795149999999999,5.950000000000001,0.3699999999999999,0.10500000000000001,0.3699999999999999,0.095
0.08625000000000001,0.105777,6.05,0.3699999999999999,0.104,0.3699999999999999,0.095
0.0863,0.1032805,6.1499999999999995,0.3699999999999999,0.104,0.3699999999999999,0.095
0.08635000000000001,0.10049649999999999,6.249999999999999,0.3699999999999999,0.103,0.3699999999999999,0.094
0.0864,0.09750249999999999,6.299999999999999,0.3699999999999999,0.102,0.3699999999999999,0.094
0.08645,0.09432499999999999,6.3500000000000005,0.3699999999999999,0.102,0.3699999999999999,0.094
0.08650000000000001,0.091053,6.3,0.3699999999999999,0.101,0.3699999999999999,0.094
0.08655,0.087861,6.1499999999999995,0.3699999999999999,0.101,0.3699999999999999,0.093
0.08660000000000001,0.084996,5.8500000000000005,0.3699999999999999,0.1,0.3699999999999999,0.093
0.08665,0.082553,5.650000000000001,0.3699999999999999,0.1,0.3699999999999999,0.093
0.0867,0.0804295,5.45,0.3699999999999999,0.1,0.3699999999999999,0.093
0.08675000000000001,0.078536,5.3,0.3699999999999999,0.09899999999999999,0.3699999999999999,0.092
0.0868,0.076833,5.2,0.3699999999999999,0.09899999999999999,0.3699999999999999,0.092
0.08685000000000001,0.07530049999999999,5.099999999999999,0.3699999999999999,0.098,0.3699999999999999,0.092
0.0869,0.07388449999999999,4.999999999999999,0.3699999999999999,0.098,0.3699999999999999,0.092
0.08695,0.072598,4.9,0.3699999999999999,0.098,0.3699999999999999,0.091
0.08700000000000001,0.0714235,4.8500000000000005,0.3699999999999999,0.097,0.3699999999999999,0.091
0.08705,0.070301,4.75,0.3699999999999999,0.097,0.3699999999999999,0.091
0.08710000000000001,0.0692675,4.7,0.3699999999999999,0.097,0.3699999999999999,0.091
0.08715,0.06826399999999999,4.6499999999999995,0.3699999999999999,0.096,0.3699999999999999,0.091
0.0872,0.0673245,4.6,0.3699999999999999,0.096,0.3699999999999999,0.091
0.08725000000000001,0.0664385,4.55,0.3699999999999999,0.096,0.3699999999999999,0.09000000000000001
0.0873,0.065561,4.5,0.3699999999999999,0.096,0.3699999999999999,0.09000000000000001
0.08735000000000001,0.064701,4.45,0.3600000000000001,0.095,0.3600000000000001,0.09000000000000001
0.0874,0.06379699999999999,4.449999999999999,0.3600000000000001,0.095,0.3600000000000001,0.09000000000000001
0.08745,0.062828,4.4,0.3600000000000001,0.095,0.3600000000000001,0.089
0.08750000000000001,0.061793999999999995,4.35,0.3400000000000001,0.095,1.35,0.093
0.08755,0.060296499999999996,4.25,0.4099999999999999,0.094,0.4099999999999999,0.085
0.0876,0.058180499999999996,4.0,0.42999999999999994,0.094,0.42999999999999994,0.091
0.08765,0.0560725,3.8,0.42999999999999994,0.093,0.42999999999999994,0.093
0.0877,0.054056,3.65,0.44000000000000017,0.093,0.44000000000000017,0.093
0.08775000000000001,0.0522915,3.4499999999999997,0.42999999999999994,0.092,0.42999999999999994,0.092
0.0878,0.050926,3.3,0.42999999999999994,0.098,0.42999999999999994,0.098
0.08785,0.0499525,3.0999999999999996,0.42999999999999994,0.103,0.42999999999999994,0.103
0.0879,0.049554,2.8999999999999995,0.42999999999999994,0.107,0.42999999999999994,0.107
0.08795,0.0498175,2.6999999999999997,0.42999999999999994,0.11,0.42999999999999994,0.11
0.08800000000000001,0.0507795,2.5499999999999994,0.42999999999999994,0.11299999999999999,0.42999999999999994,0.11299999999999999
0.08805,0.052624,2.3999999999999995,0.4199999999999997,0.116,0.4199999999999997,0.114
0.0881,0.0554335,2.1999999999999997,0.4199999999999997,0.118,0.4199999999999997,0.115
0.08815,0.059338499999999995,2.15,0.4199999999999997,0.12000000000000001,0.4199999999999997,0.114
0.0882,0.0636105,2.2499999999999996,0.4199999999999997,0.122,0.4199999999999997,0.114
0.08825000000000001,0.0678705,2.3999999999999995,0.4199999999999997,0.12300000000000001,0.4099999999999999,0.11299999999999999
0.0883,0.0720435,2.4999999999999996,0.4199999999999997,0.124,0.4099999999999999,0.112
0.08835,0.076164,2.65,0.4199999999999997,0.125,0.4099999999999999,0.111
0.0884,0.080111,2.8,0.4099999999999999,0.125,0.3999999999999997,0.11
0.08845,0.0839485,2.9499999999999997,0.4099999999999999,0.126,0.3999999999999997,0.10900000000000001
0.08850000000000001,0.0876115,3.1,0.4099999999999999,0.126,0.3999999999999997,0.108
0.08855,0.09104799999999999,3.25,0.4099999999999999,0.125,0.3899999999999999,0.107
0.0886,0.09423999999999999,3.4,0.4099999999999999,0.125,0.3899999999999999,0.106
0.08865,0.0972685,3.5,0.4099999999999999,0.125,0.3899999999999999,0.10500000000000001
0.0887,0.10019349999999999,3.65,0.3999999999999997,0.124,0.3899999999999999,0.104
0.08875000000000001,0.1028535,3.8,0.3999999999999997,0.12300000000000001,0.3899999999999999,0.103
0.0888,0.10527099999999999,3.95,0.3999999999999997,0.122,0.3899999999999999,0.103
0.08885,0.107343,4.1000000000000005,0.3999999999999997,0.121,0.3899999999999999,0.102
0.0889,0.109196,4.2,0.3899999999999999,0.12000000000000001,0.3800000000000001,0.101
0.08895,0.11093499999999999,4.3500000000000005,0.3899999999999999,0.118,0.3800000000000001,0.101
0.08900000000000001,0.11235049999999999,4.5,0.3899999999999999,0.117,0.3800000000000001,0.1
0.08905,0.11344499999999999,4.65,0.3899999999999999,0.115,0.3800000000000001,0.1
0.0891,0.1143395,4.800000000000001,0.3800000000000001,0.114,0.3800000000000001,0.09899999999999999
0.08915000000000001,0.1149125,4.8999999999999995,0.3800000000000001,0.11299999999999999,0.3800000000000001,0.09899999999999999
0.0892,0.11509849999999999,5.05,0.3800000000000001,0.111,0.3800000000000001,0.098
0.08925000000000001,0.1151315,5.199999999999999,0.3800000000000001,0.11,0.3800000000000001,0.098
0.0893,0.114838,5.3,0.3800000000000001,0.10900000000000001,0.3800000000000001,0.097
0.08935,0.114358,5.449999999999999,0.3800000000000001,0.108,0.3800000000000001,0.097
0.08940000000000001,0.11349949999999999,5.6,0.3800000000000001,0.107,0.3800000000000001,0.096
0.08945,0.112077,5.65,0.3800000000000001,0.107,0.3800000000000001,0.096
0.08950000000000001,0.110718,5.8,0.3800000000000001,0.106,0.3800000000000001,0.096
0.08955,0.108803,5.9,0.3800000000000001,0.10500000000000001,0.3800000000000001,0.095
0.0896,0.106775,6.0,0.37000000000000033,0.104,0.37000000000000033,0.095
0.08965000000000001,0.1043655,6.1,0.37000000000000033,0.104,0.37000000000000033,0.095
0.0897,0.10170599999999999,6.199999999999999,0.37000000000000033,0.103,0.37000000000000033,0.094
0.08975000000000001,0.09877899999999999,6.3,0.37000000000000033,0.103,0.37000000000000033,0.094
0.0898,0.09565549999999999,6.35,0.37000000000000033,0.102,0.37000000000000033,0.094
0.08985,0.092403,6.3,0.37000000000000033,0.102,0.37000000000000033,0.094
0.08990000000000001,0.0891395,6.2,0.37000000000000033,0.101,0.37000000000000033,0.093
0.08995,0.08614,5.949999999999999,0.37000000000000033,0.101,0.37000000000000033,0.093
0.09000000000000001,0.083545,5.7,0.37000000000000033,0.1,0.37000000000000033,0.093
0.09005,0.081296,5.499999999999999,0.37000000000000033,0.1,0.37000000000000033,0.093
0.0901,0.0793145,5.35,0.37000000000000033,0.09899999999999999,0.37000000000000033,0.092
0.09015000000000001,0.0775665,5.25,0.37000000000000033,0.09899999999999999,0.37000000000000033,0.092
0.0902,0.07596549999999999,5.099999999999999,0.37000000000000033,0.09899999999999999,0.37000000000000033,0.092
0.09025000000000001,0.0745105,5.0,0.37000000000000033,0.098,0.37000000000000033,0.092
0.0903,0.0731935,4.95,0.37000000000000033,0.098,0.37000000000000033,0.092
0.09035,0.07193999999999999,4.8500000000000005,0.37000000000000033,0.098,0.37000000000000033,0.091
0.09040000000000001,0.070824,4.799999999999999,0.37000000000000033,0.097,0.37000000000000033,0.091
0.09045,0.06974,4.749999999999999,0.37000000000000033,0.097,0.37000000000000033,0.091
0.09050000000000001,0.068726,4.6499999999999995,0.37000000000000033,0.097,0.37000000000000033,0.091
0.09055,0.067769,4.6000000000000005,0.37000000000000033,0.096,0.37000000000000033,0.091
0.0906,0.0668605,4.549999999999999,0.37000000000000033,0.096,0.37000000000000033,0.09000000000000001
0.09065000000000001,0.065984,4.549999999999999,0.37000000000000033,0.096,0.37000000000000033,0.09000000000000001
0.0907,0.06511,4.499999999999999,0.3600000000000001,0.095,0.3600000000000001,0.09000000000000001
0.09075000000000001,0.0642295,4.45,0.3600000000000001,0.095,0.3600000000000001,0.09000000000000001
0.0908,0.06328149999999999,4.4,0.3600000000000001,0.095,0.3600000000000001,0.09000000000000001
0.09085,0.0622505,4.3500000000000005,0.34999999999999987,0.095,0.34999999999999987,0.089
0.09090000000000001,0.060976999999999996,4.299999999999999,0.3899999999999999,0.094,0.3899999999999999,0.082
0.09095,0.059024,4.049999999999999,0.4300000000000004,0.094,0.4300000000000004,0.089
0.091,0.056876499999999997,3.8999999999999995,0.4300000000000004,0.094,0.4300000000000004,0.092
0.09105,0.0547995,3.6999999999999993,0.44000000000000017,0.093,0.44000000000000017,0.093
0.0911,0.0529445,3.55,0.4300000000000004,0.093,0.4300000000000004,0.093
0.09115000000000001,0.051419,3.3499999999999996,0.4300000000000004,0.096,0.4300000000000004,0.096
0.0912,0.0503015,3.2,0.4300000000000004,0.101,0.4300000000000004,0.101
0.09125,0.049680999999999996,2.95,0.4300000000000004,0.106,0.4300000000000004,0.106
0.0913,0.0497385,2.8000000000000007,0.4300000000000004,0.10900000000000001,0.4300000000000004,0.10900000000000001
0.09135,0.050441,2.6000000000000005,0.4300000000000004,0.112,0.4300000000000004,0.112
0.09140000000000001,0.051959,2.450000000000001,0.4300000000000004,0.115,0.4300000000000004,0.114
0.09145,0.054424,2.250000000000001,0.42000000000000015,0.118,0.42000000000000015,0.115
0.0915,0.057976,2.1500000000000004,0.42000000000000015,0.12000000000000001,0.42000000000000015,0.115
0.09155,0.0622365,2.250000000000001,0.42000000000000015,0.121,0.42000000000000015,0.114
0.0916,0.06651499999999999,2.3500000000000005,0.42000000000000015,0.12300000000000001,0.42000000000000015,0.11299999999999999
0.09165000000000001,0.070672,2.500000000000001,0.42000000000000015,0.124,0.41000000000000036,0.112
0.0917,0.0748615,2.5999999999999996,0.42000000000000015,0.125,0.41000000000000036,0.111
0.09175,0.0788675,2.75,0.42000000000000015,0.125,0.40000000000000013,0.11
0.0918,0.082748,2.8999999999999995,0.41000000000000036,0.125,0.40000000000000013,0.10900000000000001
0.09185,0.08645399999999999,3.05,0.41000000000000036,0.126,0.40000000000000013,0.108
0.09190000000000001,0.08997999999999999,3.1999999999999993,0.41000000000000036,0.126,0.3899999999999999,0.107
0.09195,0.093291,3.3499999999999996,0.41000000000000036,0.125,0.3899999999999999,0.106
0.092,0.09634899999999999,3.45,0.41000000000000036,0.125,0.3899999999999999,0.10500000000000001
0.09205,0.09930549999999999,3.6000000000000005,0.40000000000000013,0.124,0.3899999999999999,0.10500000000000001
0.0921,0.102043,3.750000000000001,0.40000000000000013,0.124,0.3899999999999999,0.104
0.09215000000000001,0.104596,3.9000000000000004,0.40000000000000013,0.12300000000000001,0.3899999999999999,0.103
0.0922,0.1067905,4.050000000000001,0.40000000000000013,0.121,0.3899999999999999,0.102
0.09225,0.1086415,4.200000000000001,0.3899999999999999,0.12000000000000001,0.3800000000000001,0.102
0.09230000000000001,0.1104935,4.300000000000001,0.3899999999999999,0.11900000000000001,0.3800000000000001,0.101
0.09235,0.1120185,4.45,0.3899999999999999,0.117,0.3800000000000001,0.1
0.09240000000000001,0.113245,4.6000000000000005,0.3899999999999999,0.116,0.3800000000000001,0.1
0.09245,0.11419249999999999,4.75,0.3800000000000001,0.114,0.3800000000000001,0.09899999999999999
0.0925,0.114908,4.85,0.3800000000000001,0.11299999999999999,0.3800000000000001,0.09899999999999999
0.09255000000000001,0.11523549999999999,5.0,0.3800000000000001,0.112,0.3800000000000001,0.098
0.0926,0.115301,5.1499999999999995,0.3800000000000001,0.111,0.3800000000000001,0.098
0.09265000000000001,0.1150915,5.249999999999999,0.3800000000000001,0.11,0.3800000000000001,0.097
0.0927,0.1146585,5.399999999999999,0.3800000000000001,0.10900000000000001,0.3800000000000001,0.097
0.09275,0.11401499999999999,5.549999999999999,0.3800000000000001,0.108,0.3800000000000001,0.097
0.09280000000000001,0.11267949999999999,5.6,0.3800000000000001,0.107,0.3800000000000001,0.096
0.09285,0.11137649999999999,5.75,0.3800000000000001,0.106,0.3800000000000001,0.096
0.09290000000000001,0.109675,5.8500000000000005,0.3800000000000001,0.10500000000000001,0.3800000000000001,0.096
0.09295,0.107678,6.000000000000001,0.3699999999999999,0.10500000000000001,0.3699999999999999,0.095
0.093,0.105392,6.1000000000000005,0.3699999999999999,0.104,0.3699999999999999,0.095
0.09305000000000001,0.1028325,6.2,0.3699999999999999,0.103,0.3699999999999999,0.095
0.0931,0.0999625,6.25,0.3699999999999999,0.103,0.3699999999999999,0.094
0.09315000000000001,0.096923,6.3,0.3699999999999999,0.102,0.3699999999999999,0.094
0.0932,0.09369749999999999,6.349999999999999,0.3699999999999999,0.102,0.3699999999999999,0.094
0.09325,0.090429,6.250000000000001,0.3699999999999999,0.101,0.3699999999999999,0.093
0.09330000000000001,0.087307,6.049999999999999,0.3699999999999999,0.101,0.3699999999999999,0.093
0.09335,0.08454199999999999,5.8,0.3699999999999999,0.1,0.3699999999999999,0.093
0.09340000000000001,0.0821795,5.6000000000000005,0.3699999999999999,0.1,0.3699999999999999,0.093
0.09345,0.080124,5.3999999999999995,0.3699999999999999,0.09899999999999999,0.3699999999999999,0.093
0.0935,0.0782745,5.249999999999999,0.3699999999999999,0.09899999999999999,0.3699999999999999,0.092
0.09355000000000001,0.076623,5.1499999999999995,0.3699999999999999,0.09899999999999999,0.3699999999999999,0.092
0.0936,0.0751245,5.05,0.3699999999999999,0.098,0.3699999999999999,0.092
0.09365000000000001,0.073748,4.95,0.3699999999999999,0.098,0.3699999999999999,0.092
0.0937,0.0724795,4.8999999999999995,0.3699999999999999,0.098,0.3699999999999999,0.091
0.09375,0.071313,4.8,0.3699999999999999,0.097,0.3699999999999999,0.091
0.09380000000000001,0.0702125,4.749999999999999,0.3699999999999999,0.097,0.3699999999999999,0.091
0.09385,0.0691845,4.7,0.3699999999999999,0.097,0.3699999999999999,0.091
0.09390000000000001,0.0681905,4.6499999999999995,0.3699999999999999,0.096,0.3699999999999999,0.091
0.09395,0.0672755,4.6,0.3699999999999999,0.096,0.3699999999999999,0.091
0.094,0.06639149999999999,4.550000000000001,0.3699999999999999,0.096,0.3699999999999999,0.09000000000000001
0.09405000000000001,0.0655125,4.499999999999999,0.3699999999999999,0.096,0.3699999999999999,0.09000000000000001
0.0941,0.0646375,4.45,0.3600000000000001,0.095,0.3600000000000001,0.09000000000000001
0.09415,0.06371,4.449999999999999,0.3600000000000001,0.095,0.3600000000000001,0.09000000000000001
0.0942,0.062702,4.3999999999999995,0.3600000000000001,0.095,0.3600000000000001,0.089
0.09425,0.0615405,4.3500000000000005,0.3600000000000001,0.094,1.4,0.093
0.09430000000000001,0.059821,4.2,0.42999999999999994,0.094,0.42999999999999994,0.087
0.09435,0.0576625,3.9499999999999997,0.42999999999999994,0.094,0.42999999999999994,0.092
0.0944,0.055570499999999995,3.75,0.42999999999999994,0.093,0.42999999999999994,0.093
0.09445,0.053620999999999995,3.5999999999999996,0.44000000000000017,0.093,0.44000000000000017,0.093
0.0945,0.051955499999999995,3.4,0.42999999999999994,0.094,0.42999999999999994,0.094
0.09455000000000001,0.0507105,3.25,0.42999999999999994,0.1,0.42999999999999994,0.1
0.0946,0.0498845,3.05,0.42999999999999994,0.104,0.42999999999999994,0.104
0.09465,0.049715499999999996,2.8499999999999996,0.42999999999999994,0.108,0.42999999999999994,0.108
0.0947,0.050171,2.65,0.42999999999999994,0.111,0.42999999999999994,0.111
0.09475,0.051411,2.4999999999999996,0.42999999999999994,0.114,0.42999999999999994,0.114
0.09480000000000001,0.0535395,2.3499999999999996,0.42000000000000015,0.117,0.42000000000000015,0.115
0.09485,0.056691,2.15,0.42000000000000015,0.11900000000000001,0.42000000000000015,0.115
0.0949,0.0608265,2.1999999999999997,0.42000000000000015,0.121,0.42000000000000015,0.114
0.09495,0.0651255,2.3,0.42000000000000015,0.122,0.42000000000000015,0.114
0.095,0.069317,2.4499999999999997,0.42000000000000015,0.12300000000000001,0.41000000000000036,0.11299999999999999
0.09505000000000001,0.07352,2.55,0.42000000000000015,0.124,0.41000000000000036,0.112
0.0951,0.0775925,2.6999999999999997,0.42000000000000015,0.125,0.41000000000000036,0.111
0.09515,0.0815095,2.8499999999999996,0.41000000000000036,0.125,0.4000000000000006,0.11
0.0952,0.08529099999999999,2.9999999999999996,0.41000000000000036,0.126,0.4000000000000006,0.10900000000000001
0.09525,0.08888249999999999,3.15,0.41000000000000036,0.126,0.39000000000000035,0.108
0.09530000000000001,0.09226949999999999,3.3,0.41000000000000036,0.125,0.39000000000000035,0.107
0.09535,0.09539399999999999,3.4499999999999997,0.41000000000000036,0.125,0.39000000000000035,0.106
0.0954,0.09837549999999999,3.5500000000000003,0.41000000000000036,0.125,0.39000000000000035,0.10500000000000001
0.09545000000000001,0.101225,3.7,0.4000000000000006,0.124,0.39000000000000035,0.104
0.0955,0.1038455,3.85,0.4000000000000006,0.12300000000000001,0.39000000000000035,0.103
0.09555000000000001,0.106179,4.0,0.4000000000000006,0.122,0.39000000000000035,0.103
0.0956,0.108141,4.15,0.4000000000000006,0.121,0.39000000000000035,0.102
0.09565,0.10999249999999999,4.25,0.39000000000000035,0.11900000000000001,0.3800000000000001,0.101
0.09570000000000001,0.1116375,4.4,0.39000000000000035,0.118,0.3800000000000001,0.101
0.09575,0.11297499999999999,4.55,0.39000000000000035,0.116,0.3800000000000001,0.1
0.09580000000000001,0.11397049999999999,4.7,0.3800000000000001,0.115,0.3800000000000001,0.1
0.09585,0.114794,4.799999999999999,0.3800000000000001,0.114,0.3800000000000001,0.09899999999999999
0.0959,0.1153085,4.949999999999999,0.3800000000000001,0.112,0.3800000000000001,0.09899999999999999
0.09595000000000001,0.11539999999999999,5.1,0.3800000000000001,0.111,0.3800000000000001,0.098
0.096,0.1153365,5.249999999999999,0.3800000000000001,0.11,0.3800000000000001,0.098
0.09605000000000001,0.11495899999999999,5.35,0.3800000000000001,0.10900000000000001,0.3800000000000001,0.097
0.0961,0.1144235,5.499999999999999,0.3800000000000001,0.108,0.3800000000000001,0.097
0.09615,0.113384,5.6,0.3800000000000001,0.107,0.3800000000000001,0.096
0.09620000000000001,0.11199049999999999,5.699999999999999,0.3800000000000001,0.106,0.3800000000000001,0.096
0.09625,0.1104715,5.8,0.3800000000000001,0.106,0.3800000000000001,0.096
0.09630000000000001,0.10850599999999999,5.95,0.3800000000000001,0.10500000000000001,0.3800000000000001,0.095
0.09635,0.10635649999999999,6.05,0.37000000000000033,0.104,0.37000000000000033,0.095
0.0964,0.1038775,6.1499999999999995,0.37000000000000033,0.104,0.37000000000000033,0.095
0.09645000000000001,0.10113599999999999,6.249999999999999,0.37000000000000033,0.103,0.37000000000000033,0.094
0.0965,0.0981365,6.3,0.37000000000000033,0.103,0.37000000000000033,0.094
0.09655000000000001,0.094972,6.349999999999999,0.37000000000000033,0.102,0.37000000000000033,0.094
0.0966,0.09168599999999999,6.300000000000001,0.37000000000000033,0.101,0.37000000000000033,0.094
0.09665,0.08848149999999999,6.1499999999999995,0.37000000000000033,0.101,0.37000000000000033,0.093
0.09670000000000001,0.0855795,5.9,0.37000000000000033,0.101,0.37000000000000033,0.093
0.09675,0.08309849999999999,5.65,0.37000000000000033,0.1,0.37000000000000033,0.093
0.09680000000000001,0.0809135,5.5,0.37000000000000033,0.1,0.37000000000000033,0.093
0.09685,0.0789955,5.349999999999999,0.37000000000000033,0.09899999999999999,0.37000000000000033,0.092
0.0969,0.077315,5.2,0.37000000000000033,0.09899999999999999,0.37000000000000033,0.092
0.09695000000000001,0.075734,5.099999999999999,0.37000000000000033,0.09899999999999999,0.37000000000000033,0.092
0.097,0.074309,5.000000000000001,0.37000000000000033,0.098,0.37000000000000033,0.092
0.09705000000000001,0.0730045,4.8999999999999995,0.37000000000000033,0.098,0.37000000000000033,0.092
0.0971,0.0717865,4.85,0.37000000000000033,0.097,0.37000000000000033,0.091
0.09715,0.0706855,4.8,0.37000000000000033,0.097,0.37000000000000033,0.091
0.09720000000000001,0.069614,4.7,0.37000000000000033,0.097,0.37000000000000033,0.091
0.09725,0.068619,4.65,0.37000000000000033,0.097,0.37000000000000033,0.091
0.09730000000000001,0.06769499999999999,4.6,0.37000000000000033,0.096,0.37000000000000033,0.091
0.09735,0.066763,4.550000000000001,0.37000000000000033,0.096,0.37000000000000033,0.09000000000000001
0.0974,0.0658875,4.5,0.37000000000000033,0.096,0.37000000000000033,0.09000000000000001
0.09745000000000001,0.06501799999999999,4.5,0.3600000000000001,0.095,0.3600000000000001,0.09000000000000001
0.0975,0.064111,4.449999999999998,0.3600000000000001,0.095,0.3600000000000001,0.09000000000000001
0.09755,0.0631355,4.400000000000001,0.3600000000000001,0.095,0.3600000000000001,0.09000000000000001
0.0976,0.062075,4.35,0.3400000000000001,0.095,1.349999999999999,0.093
0.09765,0.0605905,4.249999999999998,0.4099999999999999,0.094,0.4099999999999999,0.085
0.09770000000000001,0.058448999999999994,3.999999999999999,0.4299999999999995,0.094,0.4299999999999995,0.091
0.09775,0.056334999999999996,3.8499999999999996,0.4299999999999995,0.094,0.4299999999999995,0.093
0.0978,0.054307499999999995,3.6499999999999995,0.4399999999999997,0.093,0.4399999999999997,0.093
0.09785,0.0525265,3.5,0.42999999999999994,0.092,0.42999999999999994,0.092
0.0979,0.051145499999999997,3.299999999999999,0.42999999999999994,0.098,0.42999999999999994,0.098
0.09795000000000001,0.0501675,3.1499999999999995,0.42999999999999994,0.103,0.42999999999999994,0.103
0.098,0.0497555,2.9000000000000004,0.42999999999999994,0.107,0.42999999999999994,0.107
0.09805,0.050012,2.750000000000001,0.42999999999999994,0.11,0.42999999999999994,0.11
0.0981,0.050955999999999994,2.55,0.42999999999999994,0.11299999999999999,0.42999999999999994,0.11299999999999999
0.09815,0.0527635,2.4000000000000004,0.4199999999999997,0.116,0.4199999999999997,0.114
0.09820000000000001,0.055549499999999995,2.2,0.4199999999999997,0.118,0.4199999999999997,0.115
0.09825,0.059433,2.1500000000000004,0.4199999999999997,0.12000000000000001,0.4199999999999997,0.115
0.0983,0.0637045,2.250000000000001,0.4199999999999997,0.122,0.4199999999999997,0.114
0.09835,0.067968,2.4000000000000004,0.4199999999999997,0.12300000000000001,0.4099999999999999,0.11299999999999999
0.0984,0.072158,2.499999999999999,0.4199999999999997,0.124,0.4099999999999999,0.112
0.09845000000000001,0.0762775,2.6499999999999995,0.4199999999999997,0.125,0.4099999999999999,0.111
0.0985,0.080231,2.8,0.4199999999999997,0.125,0.3999999999999997,0.11
0.09855,0.084079,2.9499999999999993,0.4099999999999999,0.126,0.3999999999999997,0.10900000000000001
0.09860000000000001,0.087755,3.1000000000000005,0.4099999999999999,0.126,0.3999999999999997,0.108
0.09865,0.091207,3.25,0.4099999999999999,0.126,0.3899999999999999,0.107
0.09870000000000001,0.0944255,3.4000000000000004,0.4099999999999999,0.125,0.3899999999999999,0.106
0.09875,0.09744699999999999,3.500000000000001,0.4099999999999999,0.125,0.3899999999999999,0.10500000000000001
0.0988,0.100382,3.6500000000000012,0.3999999999999997,0.124,0.3899999999999999,0.104
0.09885000000000001,0.103057,3.8000000000000007,0.3999999999999997,0.12300000000000001,0.3899999999999999,0.104
0.0989,0.10547999999999999,3.950000000000001,0.3999999999999997,0.122,0.3899999999999999,0.103
0.09895000000000001,0.107595,4.100000000000001,0.3999999999999997,0.121,0.3899999999999999,0.102
0.099,0.1094425,4.2,0.3899999999999999,0.12000000000000001,0.37999999999999967,0.101
0.09905,0.1112015,4.3500000000000005,0.3899999999999999,0.118,0.37999999999999967,0.101
0.09910000000000001,0.112647,4.5,0.3899999999999999,0.117,0.37999999999999967,0.1
0.09915,0.1137565,4.65,0.3899999999999999,0.116,0.37999999999999967,0.1
0.09920000000000001,0.114642,4.8,0.37999999999999967,0.114,0.37999999999999967,0.09899999999999999
0.09925,0.11526199999999999,4.8999999999999995,0.37999999999999967,0.11299999999999999,0.37999999999999967,0.09899999999999999
0.0993,0.115463,5.049999999999999,0.37999999999999967,0.112,0.37999999999999967,0.098
0.09935000000000001,0.115488,5.199999999999999,0.37999999999999967,0.11,0.37999999999999967,0.098
0.0994,0.11521949999999999,5.299999999999999,0.37999999999999967,0.10900000000000001,0.37999999999999967,0.097
0.09945000000000001,0.11472199999999999,5.449999999999998,0.37999999999999967,0.108,0.37999999999999967,0.097
0.0995,0.11394549999999999,5.599999999999999,0.37999999999999967,0.108,0.37999999999999967,0.097
0.09955,0.1124795,5.6499999999999995,0.37999999999999967,0.107,0.37999999999999967,0.096
0.09960000000000001,0.111159,5.8,0.37999999999999967,0.106,0.37999999999999967,0.096
0.09965,0.1092655,5.900000000000001,0.37999999999999967,0.10500000000000001,0.37999999999999967,0.095
0.09970000000000001,0.1072515,6.0,0.3699999999999999,0.10500000000000001,0.3699999999999999,0.095
0.09975,0.10485649999999999,6.1499999999999995,0.3699999999999999,0.104,0.3699999999999999,0.095
0.0998,0.10223,6.199999999999998,0.3699999999999999,0.103,0.3699999999999999,0.095
0.09985000000000001,0.09929149999999999,6.3,0.3699999999999999,0.103,0.3699999999999999,0.094
0.0999,0.0961905,6.3500000000000005,0.3699999999999999,0.102,0.3699999999999999,0.094
0.09995000000000001,0.092953,6.3500000000000005,0.3699999999999999,0.102,0.3699999999999999,0.094
0.1,0.089673,6.25,0.3699999999999999,0.101,0.3699999999999999,0.093
0.10005,0.08670449999999999,5.999999999999999,0.3699999999999999,0.101,0.3699999999999999,0.093
0.10010000000000001,0.084061,5.750000000000001,0.3699999999999999,0.1,0.3699999999999999,0.093
0.10015,0.081783,5.55,0.3699999999999999,0.1,0.3699999999999999,0.093
0.10020000000000001,0.0797895,5.4,0.3699999999999999,0.09899999999999999,0.3699999999999999,0.092
0.10025,0.077989,5.249999999999999,0.3699999999999999,0.09899999999999999,0.3699999999999999,0.092
0.1003,0.0763745,5.1499999999999995,0.3699999999999999,0.09899999999999999,0.3699999999999999,0.092
0.10035000000000001,0.074904,5.05,0.3699999999999999,0.098,0.3699999999999999,0.092
0.1004,0.073572,4.95,0.3699999999999999,0.098,0.3699999999999999,0.092
0.10045000000000001,0.0723245,4.85,0.3699999999999999,0.098,0.3699999999999999,0.091
0.1005,0.07117949999999999,4.8,0.3699999999999999,0.097,0.3699999999999999,0.091
0.10055,0.070103,4.750000000000001,0.3699999999999999,0.097,0.3699999999999999,0.091
0.10060000000000001,0.069075,4.699999999999999,0.3699999999999999,0.097,0.3699999999999999,0.091
0.10065,0.068101,4.65,0.3699999999999999,0.096,0.3699999999999999,0.091
0.10070000000000001,0.06718,4.6,0.3699999999999999,0.096,0.3699999999999999,0.09000000000000001
0.10075,0.066315,4.55,0.3699999999999999,0.096,0.3699999999999999,0.09000000000000001
0.1008,0.065428,4.5,0.35999999999999965,0.096,0.35999999999999965,0.09000000000000001
0.10085000000000001,0.064535,4.449999999999999,0.35999999999999965,0.095,0.35999999999999965,0.09000000000000001
0.1009,0.0635845,4.4,0.35999999999999965,0.095,0.35999999999999965,0.09000000000000001
0.10095,0.062536,4.3999999999999995,0.3499999999999994,0.095,0.3499999999999994,0.089
0.101,0.061265999999999994,4.300000000000001,0.39000000000000035,0.094,0.39000000000000035,0.082
0.10105,0.059293,4.05,0.4300000000000004,0.094,0.4300000000000004,0.089
0.10110000000000001,0.057125999999999996,3.9,0.4300000000000004,0.094,0.4300000000000004,0.093
0.10115,0.0550745,3.7,0.44000000000000017,0.093,0.44000000000000017,0.093
0.1012,0.0532015,3.55,0.44000000000000017,0.093,0.44000000000000017,0.093
0.10125,0.051649,3.35,0.42999999999999994,0.096,0.42999999999999994,0.096
0.1013,0.050539999999999995,3.2,0.42999999999999994,0.101,0.42999999999999994,0.101
0.10135000000000001,0.049886,2.9499999999999997,0.42999999999999994,0.106,0.42999999999999994,0.106
0.1014,0.0499255,2.8,0.42999999999999994,0.10900000000000001,0.42999999999999994,0.10900000000000001
0.10145,0.0506,2.65,0.42999999999999994,0.112,0.42999999999999994,0.112
0.1015,0.0521105,2.4499999999999997,0.42999999999999994,0.115,0.42999999999999994,0.114
0.10155,0.054530999999999996,2.3,0.42000000000000015,0.118,0.42000000000000015,0.115
0.10160000000000001,0.058055999999999996,2.15,0.42000000000000015,0.12000000000000001,0.42000000000000015,0.115
0.10165,0.062315499999999996,2.2499999999999996,0.42000000000000015,0.121,0.42000000000000015,0.114
0.1017,0.0666035,2.3499999999999996,0.42000000000000015,0.12300000000000001,0.42000000000000015,0.11299999999999999
0.10175000000000001,0.0707735,2.4999999999999996,0.42000000000000015,0.124,0.4099999999999999,0.112
0.1018,0.07496649999999999,2.6,0.42000000000000015,0.125,0.4099999999999999,0.111
0.10185000000000001,0.0789875,2.75,0.42000000000000015,0.125,0.40000000000000013,0.11
0.1019,0.0828685,2.9,0.4099999999999999,0.126,0.40000000000000013,0.10900000000000001
0.10195,0.08658149999999999,3.05,0.4099999999999999,0.126,0.40000000000000013,0.108
0.10200000000000001,0.0901275,3.1999999999999997,0.4099999999999999,0.126,0.3899999999999999,0.107
0.10205,0.09343599999999999,3.3499999999999996,0.4099999999999999,0.125,0.3899999999999999,0.106
0.10210000000000001,0.0965215,3.4499999999999997,0.4099999999999999,0.125,0.3899999999999999,0.10500000000000001
0.10215,0.0994745,3.6,0.40000000000000013,0.124,0.3899999999999999,0.10500000000000001
0.1022,0.10224649999999999,3.75,0.40000000000000013,0.124,0.3899999999999999,0.104
0.10225000000000001,0.10478549999999999,3.9,0.40000000000000013,0.12300000000000001,0.3899999999999999,0.103
0.1023,0.107025,4.05,0.40000000000000013,0.122,0.3899999999999999,0.102
0.10235000000000001,0.10887799999999999,4.2,0.40000000000000013,0.12000000000000001,0.3800000000000001,0.102
0.1024,0.11073699999999999,4.3,0.3899999999999999,0.11900000000000001,0.3800000000000001,0.101
0.10245,0.11229,4.45,0.3899999999999999,0.118,0.3800000000000001,0.101
0.10250000000000001,0.11353049999999999,4.6,0.3899999999999999,0.116,0.3800000000000001,0.1
0.10255,0.11448499999999999,4.75,0.3800000000000001,0.115,0.3800000000000001,0.09899999999999999
0.10260000000000001,0.115218,4.85,0.3800000000000001,0.11299999999999999,0.3800000000000001,0.09899999999999999
0.10265,0.11556949999999999,5.0,0.3800000000000001,0.112,0.3800000000000001,0.098
0.1027,0.1156455,5.1499999999999995,0.3800000000000001,0.111,0.3800000000000001,0.098
0.10275000000000001,0.11545499999999999,5.25,0.3800000000000001,0.11,0.3800000000000001,0.097
0.1028,0.1150225,5.3999999999999995,0.3800000000000001,0.10900000000000001,0.3800000000000001,0.097
0.10285000000000001,0.11437649999999999,5.55,0.3800000000000001,0.108,0.3800000000000001,0.097
0.1029,0.113143,5.6,0.3800000000000001,0.107,0.3800000000000001,0.096
0.10295,0.111803,5.75,0.3800000000000001,0.106,0.3800000000000001,0.096
0.10300000000000001,0.11014249999999999,5.8500000000000005,0.3800000000000001,0.106,0.3800000000000001,0.096
0.10305,0.108147,6.0,0.3800000000000001,0.10500000000000001,0.3800000000000001,0.095
0.10310000000000001,0.10588399999999999,6.1000000000000005,0.3699999999999999,0.104,0.3699999999999999,0.095
0.10315,0.10334299999999999,6.2,0.3699999999999999,0.104,0.3699999999999999,0.095
0.1032,0.10049799999999999,6.25,0.3699999999999999,0.103,0.3699999999999999,0.094
0.10325000000000001,0.097436,6.3500000000000005,0.3699999999999999,0.102,0.3699999999999999,0.094
0.1033,0.094224,6.35,0.3699999999999999,0.102,0.3699999999999999,0.094
0.10335000000000001,0.090949,6.3,0.3699999999999999,0.101,0.3699999999999999,0.094
0.1034,0.087808,6.1,0.3699999999999999,0.101,0.3699999999999999,0.093
0.10345,0.08499799999999999,5.8500000000000005,0.3699999999999999,0.1,0.3699999999999999,0.093
0.10350000000000001,0.082622,5.599999999999999,0.3699999999999999,0.1,0.3699999999999999,0.093
0.10355,0.080534,5.45,0.3699999999999999,0.1,0.3699999999999999,0.093
0.10360000000000001,0.0786615,5.3,0.3699999999999999,0.09899999999999999,0.3699999999999999,0.092
0.10365,0.07700599999999999,5.2,0.3699999999999999,0.09899999999999999,0.3699999999999999,0.092
0.1037,0.075469,5.050000000000001,0.3699999999999999,0.098,0.3699999999999999,0.092
0.10375000000000001,0.0740835,4.999999999999999,0.3699999999999999,0.098,0.3699999999999999,0.092
0.1038,0.07281,4.8999999999999995,0.3699999999999999,0.098,0.3699999999999999,0.092
0.10385000000000001,0.071619,4.8500000000000005,0.3699999999999999,0.097,0.3699999999999999,0.091
0.1039,0.07053,4.75,0.3699999999999999,0.097,0.3699999999999999,0.091
0.10395,0.0694775,4.699999999999999,0.3699999999999999,0.097,0.3699999999999999,0.091
0.10400000000000001,0.0685025,4.6499999999999995,0.3699999999999999,0.097,0.3699999999999999,0.091
0.10405,0.0675765,4.6,0.3699999999999999,0.096,0.3699999999999999,0.091
0.1041,0.066657,4.550000000000001,0.3699999999999999,0.096,0.3699999999999999,0.09000000000000001
0.10415,0.065787,4.499999999999998,0.3699999999999999,0.096,0.3699999999999999,0.09000000000000001
0.1042,0.0648985,4.500000000000001,0.3600000000000001,0.095,0.3600000000000001,0.09000000000000001
0.10425000000000001,0.0639695,4.449999999999999,0.3600000000000001,0.095,0.3600000000000001,0.09000000000000001
0.1043,0.0629745,4.4,0.3600000000000001,0.095,0.3600000000000001,0.089
0.10435,0.061795499999999996,4.349999999999998,0.3600000000000001,0.095,1.399999999999998,0.093
0.1044,0.060077,4.199999999999998,0.42999999999999994,0.094,0.42999999999999994,0.087
0.10445,0.057888999999999996,3.9499999999999993,0.42999999999999994,0.094,0.42999999999999994,0.092
0.10450000000000001,0.055793499999999996,3.8,0.42999999999999994,0.093,0.42999999999999994,0.093
0.10455,0.0538415,3.5999999999999988,0.44000000000000017,0.093,0.44000000000000017,0.093
0.1046,0.052157499999999996,3.4499999999999993,0.42999999999999994,0.094,0.42999999999999994,0.094
0.10465,0.050898,3.25,0.42999999999999994,0.1,0.42999999999999994,0.1
0.1047,0.0500645,3.0999999999999996,0.42999999999999994,0.104,0.42999999999999994,0.104
0.10475000000000001,0.049887999999999995,2.8500000000000005,0.42999999999999994,0.108,0.42999999999999994,0.108
0.1048,0.05032,2.7,0.42999999999999994,0.111,0.42999999999999994,0.111
0.10485,0.051542,2.500000000000001,0.42999999999999994,0.114,0.42999999999999994,0.114
0.10490000000000001,0.053652,2.3500000000000005,0.4199999999999997,0.117,0.4199999999999997,0.115
0.10495,0.0567765,2.1500000000000004,0.4199999999999997,0.11900000000000001,0.4199999999999997,0.115
0.10500000000000001,0.0609035,2.2,0.4199999999999997,0.121,0.4199999999999997,0.114
0.10505,0.06519799999999999,2.3000000000000007,0.4199999999999997,0.122,0.4199999999999997,0.114
0.1051,0.06940299999999999,2.450000000000001,0.4199999999999997,0.12300000000000001,0.4099999999999999,0.11299999999999999
0.10515000000000001,0.07360699999999999,2.55,0.4199999999999997,0.124,0.4099999999999999,0.112
0.1052,0.077691,2.7,0.4199999999999997,0.125,0.4099999999999999,0.111
0.10525000000000001,0.081609,2.8499999999999996,0.4099999999999999,0.125,0.3999999999999997,0.11
0.1053,0.0854055,3.0,0.4099999999999999,0.126,0.3999999999999997,0.10900000000000001
0.10535,0.08899699999999999,3.1500000000000004,0.4099999999999999,0.126,0.3999999999999997,0.108
0.10540000000000001,0.092402,3.3,0.4099999999999999,0.126,0.3899999999999999,0.107
0.10545,0.09553049999999999,3.45,0.4099999999999999,0.125,0.3899999999999999,0.106
0.10550000000000001,0.0985445,3.5500000000000007,0.4099999999999999,0.125,0.3899999999999999,0.10500000000000001
0.10555,0.1013895,3.700000000000001,0.3999999999999997,0.124,0.3899999999999999,0.104
0.1056,0.104027,3.8500000000000005,0.3999999999999997,0.12300000000000001,0.3899999999999999,0.103
0.10565000000000001,0.1063595,4.000000000000001,0.3999999999999997,0.122,0.3899999999999999,0.103
0.1057,0.1083585,4.15,0.3999999999999997,0.121,0.3899999999999999,0.102
0.10575000000000001,0.1102065,4.25,0.3899999999999999,0.12000000000000001,0.3800000000000001,0.101
0.1058,0.111856,4.4,0.3899999999999999,0.118,0.3800000000000001,0.101
0.10585,0.11321149999999999,4.55,0.3899999999999999,0.117,0.3800000000000001,0.1
0.10590000000000001,0.114218,4.7,0.3800000000000001,0.115,0.3800000000000001,0.1
0.10595,0.1150485,4.799999999999999,0.3800000000000001,0.114,0.3800000000000001,0.09899999999999999
0.10600000000000001,0.11558099999999999,4.949999999999999,0.3800000000000001,0.112,0.3800000000000001,0.09899999999999999
0.10605,0.115686,5.1,0.3800000000000001,0.111,0.3800000000000001,0.098
0.1061,0.115621,5.25,0.3800000000000001,0.11,0.3800000000000001,0.098
0.10615000000000001,0.1152835,5.349999999999999,0.3800000000000001,0.10900000000000001,0.3800000000000001,0.097
0.1062,0.1147315,5.499999999999999,0.3800000000000001,0.108,0.3800000000000001,0.097
0.10625000000000001,0.113773,5.6,0.3800000000000001,0.107,0.3800000000000001,0.096
0.1063,0.112325,5.699999999999999,0.3800000000000001,0.107,0.3800000000000001,0.096
0.10635,0.11084849999999999,5.85,0.3800000000000001,0.106,0.3800000000000001,0.096
0.10640000000000001,0.108883,5.950000000000001,0.3800000000000001,0.10500000000000001,0.3800000000000001,0.095
0.10645,0.10679649999999999,6.05,0.37000000000000033,0.104,0.37000000000000033,0.095
0.10650000000000001,0.1043055,6.1499999999999995,0.37000000000000033,0.104,0.37000000000000033,0.095
0.10655,0.101549,6.249999999999999,0.37000000000000033,0.103,0.37000000000000033,0.094
0.1066,0.09858499999999999,6.299999999999999,0.37000000000000033,0.103,0.37000000000000033,0.094
0.10665000000000001,0.0954165,6.3500000000000005,0.37000000000000033,0.102,0.37000000000000033,0.094
0.1067,0.0921525,6.3,0.37000000000000033,0.102,0.37000000000000033,0.094
0.10675000000000001,0.08892499999999999,6.2,0.37000000000000033,0.101,0.37000000000000033,0.093
0.1068,0.085993,5.95,0.37000000000000033,0.101,0.37000000000000033,0.093
0.10685,0.08347199999999999,5.7,0.37000000000000033,0.1,0.37000000000000033,0.093
0.10690000000000001,0.081283,5.5,0.37000000000000033,0.1,0.37000000000000033,0.093
0.10695,0.07935299999999999,5.3500000000000005,0.37000000000000033,0.09899999999999999,0.37000000000000033,0.092
0.10700000000000001,0.077628,5.2,0.37000000000000033,0.09899999999999999,0.37000000000000033,0.092
0.10705,0.07603549999999999,5.099999999999999,0.37000000000000033,0.09899999999999999,0.37000000000000033,0.092
0.1071,0.0746235,4.999999999999999,0.37000000000000033,0.098,0.37000000000000033,0.092
0.10715000000000001,0.07330149999999999,4.95,0.37000000000000033,0.098,0.37000000000000033,0.092
0.1072,0.07207949999999999,4.8500000000000005,0.37000000000000033,0.098,0.37000000000000033,0.091
0.10725000000000001,0.07096,4.8,0.37000000000000033,0.097,0.37000000000000033,0.091
0.1073,0.0698975,4.749999999999999,0.37000000000000033,0.097,0.37000000000000033,0.091
0.10735,0.0688825,4.699999999999999,0.37000000000000033,0.097,0.37000000000000033,0.091
0.10740000000000001,0.06791749999999999,4.6,0.37000000000000033,0.096,0.37000000000000033,0.091
0.10745,0.0670125,4.6,0.37000000000000033,0.096,0.37000000000000033,0.09000000000000001
0.1075,0.06614149999999999,4.55,0.37000000000000033,0.096,0.37000000000000033,0.09000000000000001
0.10755,0.0652545,4.5,0.3600000000000001,0.096,0.3600000000000001,0.09000000000000001
0.1076,0.06433749999999999,4.449999999999999,0.3600000000000001,0.095,0.3600000000000001,0.09000000000000001
0.10765000000000001,0.063373,4.4,0.3600000000000001,0.095,0.3600000000000001,0.09000000000000001
0.1077,0.0623045,4.3999999999999995,0.3400000000000001,0.095,1.35,0.093
0.10775,0.060781499999999995,4.25,0.41000000000000036,0.094,0.41000000000000036,0.085
0.1078,0.058658999999999996,4.0,0.4300000000000004,0.094,0.4300000000000004,0.091
0.10785,0.056527,3.85,0.4300000000000004,0.094,0.4300000000000004,0.093
0.10790000000000001,0.0544935,3.65,0.44000000000000017,0.093,0.44000000000000017,0.093
0.10795,0.052728,3.5,0.4300000000000004,0.093,0.4300000000000004,0.093
0.108,0.051318499999999996,3.3,0.4300000000000004,0.098,0.4300000000000004,0.098
0.10805000000000001,0.0503275,3.15,0.4300000000000004,0.103,0.4300000000000004,0.103
0.1081,0.049888999999999996,2.8999999999999995,0.4300000000000004,0.107,0.4300000000000004,0.107
0.10815000000000001,0.050151,2.7499999999999996,0.4300000000000004,0.11,0.4300000000000004,0.11
0.1082,0.051060499999999995,2.5499999999999994,0.4300000000000004,0.11299999999999999,0.4300000000000004,0.11299999999999999
0.10825,0.052858999999999996,2.3999999999999995,0.4300000000000004,0.116,0.4300000000000004,0.114
0.10830000000000001,0.055632,2.2499999999999996,0.42000000000000015,0.118,0.42000000000000015,0.115
0.10835,0.059495,2.15,0.42000000000000015,0.12000000000000001,0.42000000000000015,0.115
0.10840000000000001,0.063762,2.2499999999999996,0.42000000000000015,0.122,0.42000000000000015,0.114
0.10845,0.0680485,2.3999999999999995,0.42000000000000015,0.12300000000000001,0.4099999999999999,0.11299999999999999
0.1085,0.07223,2.4999999999999996,0.42000000000000015,0.124,0.4099999999999999,0.112
0.10855000000000001,0.076359,2.65,0.42000000000000015,0.125,0.4099999999999999,0.111
0.1086,0.08032299999999999,2.8,0.42000000000000015,0.125,0.40000000000000013,0.11
0.10865000000000001,0.0841715,2.9499999999999997,0.4099999999999999,0.126,0.40000000000000013,0.10900000000000001
0.1087,0.08785,3.1,0.4099999999999999,0.126,0.40000000000000013,0.108
0.10875,0.09131249999999999,3.25,0.4099999999999999,0.126,0.3899999999999999,0.107
0.10880000000000001,0.0945395,3.4,0.4099999999999999,0.125,0.3899999999999999,0.106
0.10885,0.0975895,3.5,0.4099999999999999,0.125,0.3899999999999999,0.10500000000000001
0.10890000000000001,0.10051449999999999,3.65,0.40000000000000013,0.124,0.3899999999999999,0.104
0.10895,0.1031965,3.8,0.40000000000000013,0.12300000000000001,0.3899999999999999,0.104
0.109,0.10564849999999999,3.95,0.40000000000000013,0.122,0.3899999999999999,0.103
0.10905000000000001,0.1077805,4.1000000000000005,0.40000000000000013,0.121,0.3899999999999999,0.102
0.1091,0.10961599999999999,4.2,0.3899999999999999,0.12000000000000001,0.3800000000000001,0.102
0.10915000000000001,0.11139099999999999,4.3500000000000005,0.3899999999999999,0.11900000000000001,0.3800000000000001,0.101
0.1092,0.1128515,4.5,0.3899999999999999,0.117,0.3800000000000001,0.1
0.10925,0.1139905,4.65,0.3899999999999999,0.116,0.3800000000000001,0.1
0.10930000000000001,0.11486199999999999,4.800000000000001,0.3800000000000001,0.114,0.3800000000000001,0.09899999999999999
0.10935,0.115508,4.8999999999999995,0.3800000000000001,0.11299999999999999,0.3800000000000001,0.09899999999999999
0.10940000000000001,0.1157425,5.05,0.3800000000000001,0.112,0.3800000000000001,0.098
0.10945,0.1157535,5.199999999999999,0.3800000000000001,0.111,0.3800000000000001,0.098
0.1095,0.115494,5.3,0.3800000000000001,0.11,0.3800000000000001,0.097
0.10955000000000001,0.115002,5.449999999999999,0.3800000000000001,0.10900000000000001,0.3800000000000001,0.097
0.1096,0.114245,5.6,0.3800000000000001,0.108,0.3800000000000001,0.097
0.10965000000000001,0.11280699999999999,5.65,0.3800000000000001,0.107,0.3800000000000001,0.096
0.1097,0.1114855,5.8,0.3800000000000001,0.106,0.3800000000000001,0.096
0.10975,0.1096215,5.9,0.3800000000000001,0.10500000000000001,0.3800000000000001,0.096
0.10980000000000001,0.1076095,6.0,0.3699999999999999,0.10500000000000001,0.3699999999999999,0.095
0.10985,0.1052085,6.15,0.3699999999999999,0.104,0.3699999999999999,0.095
0.10990000000000001,0.10260849999999999,6.199999999999999,0.3699999999999999,0.103,0.3699999999999999,0.095
0.10995,0.099705,6.3,0.3699999999999999,0.103,0.3699999999999999,0.094
0.11,0.0965915,6.35,0.3699999999999999,0.102,0.3699999999999999,0.094
0.11005000000000001,0.0933615,6.35,0.3699999999999999,0.102,0.3699999999999999,0.094
0.1101,0.090085,6.25,0.3699999999999999,0.101,0.3699999999999999,0.093
0.11015000000000001,0.0870215,6.05,0.3699999999999999,0.101,0.3699999999999999,0.093
0.1102,0.08434699999999999,5.75,0.3699999999999999,0.1,0.3699999999999999,0.093
0.11025,0.0820675,5.55,0.3699999999999999,0.1,0.3699999999999999,0.093
0.11030000000000001,0.080051,5.3999999999999995,0.3699999999999999,0.1,0.3699999999999999,0.093
0.11035,0.0782305,5.25,0.3699999999999999,0.09899999999999999,0.3699999999999999,0.092
0.11040000000000001,0.07661849999999999,5.1499999999999995,0.3699999999999999,0.09899999999999999,0.3699999999999999,0.092
0.11045,0.075135,5.05,0.3699999999999999,0.098,0.3699999999999999,0.092
0.1105,0.07378699999999999,4.95,0.3699999999999999,0.098,0.3699999999999999,0.092
0.11055000000000001,0.072529,4.9,0.3699999999999999,0.098,0.3699999999999999,0.091
0.1106,0.071379,4.799999999999999,0.3699999999999999,0.097,0.3699999999999999,0.091
0.11065000000000001,0.070298,4.749999999999999,0.3699999999999999,0.097,0.3699999999999999,0.091
0.1107,0.0692655,4.7,0.3699999999999999,0.097,0.3699999999999999,0.091
0.11075,0.06829049999999999,4.65,0.3699999999999999,0.096,0.3699999999999999,0.091
0.11080000000000001,0.067378,4.599999999999999,0.3699999999999999,0.096,0.3699999999999999,0.091
0.11085,0.06647499999999999,4.549999999999999,0.3699999999999999,0.096,0.3699999999999999,0.09000000000000001
0.1109,0.065592,4.499999999999999,0.3699999999999999,0.096,0.3699999999999999,0.09000000000000001
0.11095000000000001,0.0647085,4.45,0.3600000000000001,0.095,0.3600000000000001,0.09000000000000001
0.111,0.063739,4.45,0.3600000000000001,0.095,0.3600000000000001,0.09000000000000001
0.11105000000000001,0.06269899999999999,4.4,0.3500000000000003,0.095,0.3500000000000003,0.089
0.1111,0.061418,4.299999999999999,0.3899999999999999,0.095,0.3899999999999999,0.082
0.11115,0.059444,4.1,0.42999999999999994,0.094,0.42999999999999994,0.089
0.11120000000000001,0.0572675,3.8999999999999995,0.42999999999999994,0.094,0.42999999999999994,0.093
0.11125,0.055201999999999994,3.6999999999999993,0.44000000000000017,0.093,0.44000000000000017,0.093
0.11130000000000001,0.053328999999999994,3.55,0.44000000000000017,0.093,0.44000000000000017,0.093
0.11135,0.051760999999999995,3.3499999999999996,0.42999999999999994,0.096,0.42999999999999994,0.096
0.1114,0.0506565,3.2,0.42999999999999994,0.101,0.42999999999999994,0.101
0.11145000000000001,0.049984999999999995,2.95,0.42999999999999994,0.106,0.42999999999999994,0.106
0.1115,0.0500245,2.8000000000000007,0.42999999999999994,0.10900000000000001,0.42999999999999994,0.10900000000000001
0.11155000000000001,0.0506895,2.6500000000000004,0.42999999999999994,0.112,0.42999999999999994,0.112
0.1116,0.052188,2.450000000000001,0.42999999999999994,0.115,0.42999999999999994,0.114
0.11165,0.054599999999999996,2.3000000000000007,0.4200000000000006,0.118,0.4200000000000006,0.115
0.11170000000000001,0.058103999999999996,2.1500000000000004,0.4200000000000006,0.12000000000000001,0.4200000000000006,0.115
0.11175,0.062367,2.250000000000001,0.4200000000000006,0.121,0.4200000000000006,0.114
0.11180000000000001,0.066648,2.3500000000000005,0.4200000000000006,0.12300000000000001,0.4200000000000006,0.11299999999999999
0.11185,0.070833,2.500000000000001,0.4200000000000006,0.124,0.41000000000000036,0.112
0.1119,0.075025,2.5999999999999996,0.4200000000000006,0.125,0.41000000000000036,0.111
0.11195000000000001,0.079048,2.75,0.4200000000000006,0.125,0.4000000000000006,0.11
0.112,0.0829415,2.8999999999999995,0.41000000000000036,0.126,0.4000000000000006,0.10900000000000001
0.11205000000000001,0.0866585,3.05,0.41000000000000036,0.126,0.4000000000000006,0.108
0.1121,0.09020399999999999,3.1999999999999993,0.41000000000000036,0.126,0.39000000000000035,0.107
0.11215,0.09353,3.3499999999999996,0.41000000000000036,0.125,0.39000000000000035,0.106
0.11220000000000001,0.0966205,3.45,0.41000000000000036,0.125,0.39000000000000035,0.106
0.11225,0.0995795,3.6000000000000005,0.4000000000000006,0.124,0.39000000000000035,0.10500000000000001
0.11230000000000001,0.10235699999999999,3.750000000000001,0.4000000000000006,0.124,0.39000000000000035,0.104
0.11235,0.10489849999999999,3.9000000000000004,0.4000000000000006,0.12300000000000001,0.39000000000000035,0.103
0.1124,0.10714699999999999,4.050000000000001,0.4000000000000006,0.122,0.39000000000000035,0.102
0.11245000000000001,0.1090355,4.200000000000001,0.4000000000000006,0.12000000000000001,0.39000000000000035,0.102
0.1125,0.11086499999999999,4.300000000000001,0.39000000000000035,0.11900000000000001,0.3800000000000001,0.101
0.11255000000000001,0.11242999999999999,4.45,0.39000000000000035,0.118,0.3800000000000001,0.101
0.1126,0.113689,4.6000000000000005,0.39000000000000035,0.116,0.3800000000000001,0.1
0.11265,0.1146325,4.75,0.3800000000000001,0.115,0.3800000000000001,0.09899999999999999
0.11270000000000001,0.11538549999999999,4.85,0.3800000000000001,0.11299999999999999,0.3800000000000001,0.09899999999999999
0.11275,0.11577,5.0,0.3800000000000001,0.112,0.3800000000000001,0.098
0.11280000000000001,0.1158235,5.1499999999999995,0.3800000000000001,0.111,0.3800000000000001,0.098
0.11285,0.1156625,5.3,0.3800000000000001,0.11,0.3800000000000001,0.098
0.1129,0.11522199999999999,5.399999999999999,0.3800000000000001,0.10900000000000001,0.3800000000000001,0.097
0.11295000000000001,0.11460999999999999,5.549999999999999,0.3800000000000001,0.108,0.3800000000000001,0.097
0.113,0.11340549999999999,5.6,0.3800000000000001,0.107,0.3800000000000001,0.096
0.11305000000000001,0.112036,5.75,0.3800000000000001,0.106,0.3800000000000001,0.096
0.1131,0.1104145,5.8500000000000005,0.3800000000000001,0.106,0.3800000000000001,0.096
0.11315,0.1083845,6.000000000000001,0.3800000000000001,0.10500000000000001,0.3800000000000001,0.095
0.11320000000000001,0.10614449999999999,6.1000000000000005,0.37000000000000033,0.104,0.37000000000000033,0.095
0.11325,0.1036005,6.2,0.37000000000000033,0.104,0.37000000000000033,0.095
0.11330000000000001,0.100773,6.25,0.37000000000000033,0.103,0.37000000000000033,0.094
0.11335,0.09773,6.349999999999999,0.37000000000000033,0.102,0.37000000000000033,0.094
0.1134,0.0945265,6.349999999999999,0.37000000000000033,0.102,0.37000000000000033,0.094
0.11345000000000001,0.091238,6.3,0.37000000000000033,0.101,0.37000000000000033,0.094
0.1135,0.0880735,6.1,0.37000000000000033,0.101,0.37000000000000033,0.093
0.11355000000000001,0.08526199999999999,5.849999999999999,0.37000000000000033,0.1,0.37000000000000033,0.093
0.1136,0.0828645,5.6499999999999995,0.37000000000000033,0.1,0.37000000000000033,0.093
0.11365,0.0807465,5.449999999999999,0.37000000000000033,0.1,0.37000000000000033,0.093
0.11370000000000001,0.0788765,5.3,0.37000000000000033,0.09899999999999999,0.37000000000000033,0.092
0.11375,0.077223,5.2,0.37000000000000033,0.09899999999999999,0.37000000000000033,0.092
0.11380000000000001,0.0756665,5.1000000000000005,0.37000000000000033,0.09899999999999999,0.37000000000000033,0.092
0.11385,0.0742655,4.999999999999999,0.37000000000000033,0.098,0.37000000000000033,0.092
0.1139,0.0729905,4.8999999999999995,0.37000000000000033,0.098,0.37000000000000033,0.092
0.11395000000000001,0.071785,4.8500000000000005,0.37000000000000033,0.097,0.37000000000000033,0.091
0.114,0.070703,4.749999999999999,0.37000000000000033,0.097,0.37000000000000033,0.091
0.11405,0.069647,4.7,0.37000000000000033,0.097,0.37000000000000033,0.091
0.11410000000000001,0.0686575,4.6499999999999995,0.37000000000000033,0.097,0.37000000000000033,0.091
0.11415,0.067734,4.6,0.37000000000000033,0.096,0.37000000000000033,0.091
0.11420000000000001,0.066805,4.550000000000001,0.37000000000000033,0.096,0.37000000000000033,0.09000000000000001
0.11425,0.0659355,4.499999999999999,0.37000000000000033,0.096,0.37000000000000033,0.09000000000000001
0.1143,0.065042,4.5,0.3600000000000001,0.095,0.3600000000000001,0.09000000000000001
0.11435000000000001,0.0641125,4.449999999999999,0.3600000000000001,0.095,0.3600000000000001,0.09000000000000001
0.1144,0.0630975,4.3999999999999995,0.3600000000000001,0.095,0.3600000000000001,0.089
0.11445000000000001,0.0619225,4.3500000000000005,0.3600000000000001,0.095,1.4,0.093
0.1145,0.060189,4.2,0.4299999999999995,0.094,0.4299999999999995,0.087
0.11455,0.058018,3.9499999999999997,0.4299999999999995,0.094,0.4299999999999995,0.092
0.11460000000000001,0.055908,3.8,0.4299999999999995,0.094,0.4299999999999995,0.093
0.11465,0.0539515,3.5999999999999996,0.4399999999999997,0.093,0.4399999999999997,0.093
0.11470000000000001,0.052273,3.4499999999999997,0.42999999999999994,0.094,0.42999999999999994,0.094
0.11475,0.0510075,3.25,0.42999999999999994,0.1,0.42999999999999994,0.1
0.1148,0.0501565,3.0999999999999996,0.42999999999999994,0.104,0.42999999999999994,0.104
0.11485000000000001,0.049974,2.8499999999999996,0.42999999999999994,0.108,0.42999999999999994,0.108
0.1149,0.050414,2.6999999999999997,0.42999999999999994,0.111,0.42999999999999994,0.111
0.11495000000000001,0.0516075,2.4999999999999996,0.42999999999999994,0.114,0.42999999999999994,0.114
0.115,0.053719499999999996,2.3499999999999996,0.4199999999999997,0.117,0.4199999999999997,0.115
0.11505,0.0568235,2.1999999999999997,0.4199999999999997,0.11900000000000001,0.4199999999999997,0.115
0.11510000000000001,0.060939999999999994,2.1999999999999997,0.4199999999999997,0.121,0.4199999999999997,0.114
0.11515,0.06523899999999999,2.3,0.4199999999999997,0.122,0.4199999999999997,0.114
0.11520000000000001,0.0694535,2.4499999999999997,0.4199999999999997,0.12300000000000001,0.4099999999999999,0.11299999999999999
0.11525,0.0736535,2.55,0.4199999999999997,0.124,0.4099999999999999,0.112
0.1153,0.077749,2.6999999999999997,0.4199999999999997,0.125,0.4099999999999999,0.111
0.11535000000000001,0.0816585,2.8499999999999996,0.4099999999999999,0.126,0.3999999999999997,0.11
0.1154,0.08546949999999999,2.9999999999999996,0.4099999999999999,0.126,0.3999999999999997,0.10900000000000001
0.11545000000000001,0.089067,3.15,0.4099999999999999,0.126,0.3999999999999997,0.108
0.1155,0.09247899999999999,3.3,0.4099999999999999,0.126,0.3899999999999999,0.107
0.11555,0.095625,3.4499999999999997,0.4099999999999999,0.125,0.3899999999999999,0.106
0.11560000000000001,0.09862399999999999,3.5500000000000003,0.4099999999999999,0.125,0.3899999999999999,0.10500000000000001
0.11565,0.1014895,3.7,0.3999999999999997,0.124,0.3899999999999999,0.104
0.11570000000000001,0.1041115,3.85,0.3999999999999997,0.12300000000000001,0.3899999999999999,0.103
0.11575,0.10646599999999999,4.0,0.3999999999999997,0.122,0.3899999999999999,0.103
0.1158,0.10847799999999999,4.15,0.3999999999999997,0.121,0.3899999999999999,0.102
0.11585000000000001,0.1103265,4.25,0.3899999999999999,0.12000000000000001,0.37999999999999967,0.101
0.1159,0.111992,4.4,0.3899999999999999,0.118,0.37999999999999967,0.101
0.11595000000000001,0.11334,4.55,0.3899999999999999,0.117,0.37999999999999967,0.1
0.116,0.114341,4.7,0.3899999999999999,0.115,0.37999999999999967,0.1
0.11605,0.1151865,4.799999999999999,0.37999999999999967,0.114,0.37999999999999967,0.09899999999999999
0.11610000000000001,0.11573,4.949999999999999,0.37999999999999967,0.112,0.37999999999999967,0.09899999999999999
0.11615,0.11584549999999999,5.1,0.37999999999999967,0.111,0.37999999999999967,0.098
0.11620000000000001,0.11579049999999999,5.249999999999999,0.37999999999999967,0.11,0.37999999999999967,0.098
0.11625,0.115452,5.35,0.37999999999999967,0.10900000000000001,0.37999999999999967,0.097
0.1163,0.11493049999999999,5.499999999999999,0.37999999999999967,0.108,0.37999999999999967,0.097
0.11635000000000001,0.113976,5.6499999999999995,0.37999999999999967,0.107,0.37999999999999967,0.096
0.1164,0.11251749999999999,5.699999999999999,0.37999999999999967,0.107,0.37999999999999967,0.096
0.11645000000000001,0.11105949999999999,5.85,0.37999999999999967,0.106,0.37999999999999967,0.096
0.1165,0.1090965,5.95,0.37999999999999967,0.10500000000000001,0.37999999999999967,0.095
0.11655,0.107014,6.05,0.3699999999999999,0.10500000000000001,0.3699999999999999,0.095
0.11660000000000001,0.1045315,6.1499999999999995,0.3699999999999999,0.104,0.3699999999999999,0.095
0.11665,0.101806,6.249999999999999,0.3699999999999999,0.103,0.3699999999999999,0.095
0.11670000000000001,0.098815,6.3,0.3699999999999999,0.103,0.3699999999999999,0.094
0.11675,0.09566849999999999,6.349999999999999,0.3699999999999999,0.102,0.3699999999999999,0.094
0.1168,0.09242149999999999,6.3500000000000005,0.3699999999999999,0.102,0.3699999999999999,0.094
0.11685000000000001,0.0891715,6.2,0.3699999999999999,0.101,0.3699999999999999,0.093
0.1169,0.086231,5.95,0.3699999999999999,0.101,0.3699999999999999,0.093
0.11695000000000001,0.083675,5.7,0.3699999999999999,0.1,0.3699999999999999,0.093
0.117,0.0814775,5.5,0.3699999999999999,0.1,0.3699999999999999,0.093
0.11705,0.0795375,5.349999999999999,0.3699999999999999,0.09899999999999999,0.3699999999999999,0.092
0.11710000000000001,0.077789,5.25,0.3699999999999999,0.09899999999999999,0.3699999999999999,0.092
0.11715,0.0762125,5.099999999999999,0.3699999999999999,0.09899999999999999,0.3699999999999999,0.092
0.11720000000000001,0.0747785,5.000000000000001,0.3699999999999999,0.098,0.3699999999999999,0.092
0.11725000000000001,0.073458,4.949999999999998,0.3699999999999999,0.098,0.3699999999999999,0.092
0.1173,0.072222,4.85,0.3699999999999999,0.098,0.3699999999999999,0.091
0.11735000000000001,0.0711065,4.8,0.3699999999999999,0.097,0.3699999999999999,0.091
0.1174,0.070048,4.75,0.3699999999999999,0.097,0.3699999999999999,0.091
0.11745,0.0690235,4.7,0.3699999999999999,0.097,0.3699999999999999,0.091
0.11750000000000001,0.0680585,4.6499999999999995,0.3699999999999999,0.096,0.3699999999999999,0.091
0.11755,0.0671365,4.600000000000001,0.3699999999999999,0.096,0.3699999999999999,0.09000000000000001
0.11760000000000001,0.066275,4.55,0.3699999999999999,0.096,0.3699999999999999,0.09000000000000001
0.11765,0.06537749999999999,4.5,0.35999999999999965,0.096,0.35999999999999965,0.09000000000000001
0.1177,0.0644645,4.449999999999998,0.35999999999999965,0.095,0.35999999999999965,0.09000000000000001
0.11775000000000001,0.063484,4.400000000000001,0.35999999999999965,0.095,0.35999999999999965,0.09000000000000001
0.1178,0.062412999999999996,4.3999999999999995,0.33999999999999964,0.095,1.349999999999999,0.093
0.11785000000000001,0.0609105,4.249999999999998,0.41000000000000036,0.094,0.41000000000000036,0.085
0.1179,0.058779,3.999999999999999,0.4300000000000004,0.094,0.4300000000000004,0.091
0.11795,0.056619499999999996,3.8499999999999996,0.4300000000000004,0.094,0.4300000000000004,0.093
0.11800000000000001,0.054613999999999996,3.6499999999999995,0.44000000000000017,0.093,0.44000000000000017,0.093
0.11805,0.0528115,3.5,0.42999999999999994,0.093,0.42999999999999994,0.093
0.11810000000000001,0.051406999999999994,3.299999999999999,0.42999999999999994,0.098,0.42999999999999994,0.098
0.11815,0.0504245,3.1499999999999995,0.42999999999999994,0.103,0.42999999999999994,0.103
0.1182,0.0499745,2.9000000000000004,0.42999999999999994,0.107,0.42999999999999994,0.107
0.11825000000000001,0.0502165,2.750000000000001,0.42999999999999994,0.11,0.42999999999999994,0.11
0.1183,0.0511405,2.6000000000000005,0.42999999999999994,0.11299999999999999,0.42999999999999994,0.11299999999999999
0.11835000000000001,0.0529105,2.4000000000000004,0.42999999999999994,0.116,0.42999999999999994,0.114
0.1184,0.0556785,2.250000000000001,0.42000000000000015,0.118,0.42000000000000015,0.115
0.11845,0.059528,2.1500000000000004,0.42000000000000015,0.12000000000000001,0.42000000000000015,0.115
0.11850000000000001,0.06380949999999999,2.250000000000001,0.42000000000000015,0.122,0.42000000000000015,0.114
0.11855,0.0680935,2.4000000000000004,0.42000000000000015,0.12300000000000001,0.4099999999999999,0.11299999999999999
0.11860000000000001,0.072271,2.499999999999999,0.42000000000000015,0.124,0.4099999999999999,0.112
0.11865,0.0764175,2.6499999999999995,0.42000000000000015,0.125,0.4099999999999999,0.111
0.1187,0.080372,2.8,0.42000000000000015,0.125,0.40000000000000013,0.11
0.11875000000000001,0.08423,2.9499999999999993,0.4099999999999999,0.126,0.40000000000000013,0.10900000000000001
0.1188,0.0879025,3.1000000000000005,0.4099999999999999,0.126,0.40000000000000013,0.108
0.11885000000000001,0.09138099999999999,3.25,0.4099999999999999,0.126,0.3899999999999999,0.107
0.1189,0.0946115,3.4000000000000004,0.4099999999999999,0.125,0.3899999999999999,0.106
0.11895,0.0976615,3.500000000000001,0.4099999999999999,0.125,0.3899999999999999,0.10500000000000001
0.11900000000000001,0.1005885,3.6500000000000012,0.40000000000000013,0.124,0.3899999999999999,0.104
0.11905,0.10327349999999999,3.8000000000000007,0.40000000000000013,0.12300000000000001,0.3899999999999999,0.104
0.11910000000000001,0.105735,3.950000000000001,0.40000000000000013,0.122,0.3899999999999999,0.103
0.11915,0.1078885,4.100000000000001,0.40000000000000013,0.121,0.3899999999999999,0.102
0.1192,0.1097025,4.2,0.3899999999999999,0.12000000000000001,0.3800000000000001,0.102
0.11925000000000001,0.11148899999999999,4.3500000000000005,0.3899999999999999,0.11900000000000001,0.3800000000000001,0.101
0.1193,0.11297099999999999,4.5,0.3899999999999999,0.117,0.3800000000000001,0.1
0.11935000000000001,0.114106,4.65,0.3899999999999999,0.116,0.3800000000000001,0.1
0.1194,0.11498699999999999,4.8,0.3800000000000001,0.114,0.3800000000000001,0.09899999999999999
0.11945,0.11563899999999999,4.8999999999999995,0.3800000000000001,0.11299999999999999,0.3800000000000001,0.09899999999999999
0.11950000000000001,0.115881,5.049999999999999,0.3800000000000001,0.112,0.3800000000000001,0.098
0.11955,0.11588799999999999,5.199999999999999,0.3800000000000001,0.111,0.3800000000000001,0.098
0.11960000000000001,0.1156315,5.299999999999999,0.3800000000000001,0.11,0.3800000000000001,0.097
0.11965,0.1151455,5.449999999999998,0.3800000000000001,0.10900000000000001,0.3800000000000001,0.097
0.1197,0.11438999999999999,5.599999999999999,0.3800000000000001,0.108,0.3800000000000001,0.097
0.11975000000000001,0.11298649999999999,5.6499999999999995,0.3800000000000001,0.107,0.3800000000000001,0.096
0.1198,0.111646,5.8,0.3800000000000001,0.106,0.3800000000000001,0.096
0.11985000000000001,0.109834,5.900000000000001,0.3800000000000001,0.10500000000000001,0.3800000000000001,0.096
0.1199,0.10779849999999999,6.0,0.3800000000000001,0.10500000000000001,0.3800000000000001,0.095
0.11995,0.105418,6.1499999999999995,0.3699999999999999,0.104,0.3699999999999999,0.095
0.12000000000000001,0.1028085,6.199999999999998,0.3699999999999999,0.103,0.3699999999999999,0.095
0.12005,0.099908,6.3,0.3699999999999999,0.103,0.3699999999999999,0.094
0.12010000000000001,0.0968155,6.3500000000000005,0.3699999999999999,0.102,0.3699999999999999,0.094
0.12015,0.093563,6.3500000000000005,0.3699999999999999,0.102,0.3699999999999999,0.094
0.1202,0.090288,6.25,0.3699999999999999,0.101,0.3699999999999999,0.094
0.12025000000000001,0.087223,6.05,0.3699999999999999,0.101,0.3699999999999999,0.093
0.1203,0.084538,5.8,0.3699999999999999,0.1,0.3699999999999999,0.093
0.12035000000000001,0.082241,5.55,0.3699999999999999,0.1,0.3699999999999999,0.093
0.12040000000000001,0.080214,5.4,0.3699999999999999,0.1,0.3699999999999999,0.093
0.12045,0.0783865,5.249999999999999,0.3699999999999999,0.09899999999999999,0.3699999999999999,0.092
0.12050000000000001,0.076767,5.1499999999999995,0.3699999999999999,0.09899999999999999,0.3699999999999999,0.092
0.12055,0.075283,5.05,0.3699999999999999,0.098,0.3699999999999999,0.092
0.1206,0.0739095,4.95,0.3699999999999999,0.098,0.3699999999999999,0.092
0.12065000000000001,0.072666,4.8999999999999995,0.3699999999999999,0.098,0.3699999999999999,0.091
0.1207,0.07149,4.8,0.3699999999999999,0.097,0.3699999999999999,0.091
0.12075000000000001,0.0704265,4.750000000000001,0.3699999999999999,0.097,0.3699999999999999,0.091
0.1208,0.06938799999999999,4.699999999999999,0.3699999999999999,0.097,0.3699999999999999,0.091
0.12085,0.068414,4.65,0.3699999999999999,0.097,0.3699999999999999,0.091
0.12090000000000001,0.0674955,4.6,0.3699999999999999,0.096,0.3699999999999999,0.091
0.12095,0.06659,4.55,0.3699999999999999,0.096,0.3699999999999999,0.09000000000000001
0.12100000000000001,0.06571049999999999,4.5,0.3699999999999999,0.096,0.3699999999999999,0.09000000000000001
0.12105,0.06480849999999999,4.449999999999999,0.3600000000000001,0.095,0.3600000000000001,0.09000000000000001
0.1211,0.063845,4.45,0.3600000000000001,0.095,0.3600000000000001,0.09000000000000001
0.12115000000000001,0.06279749999999999,4.3999999999999995,0.3500000000000003,0.095,0.3500000000000003,0.089
0.1212,0.061513,4.300000000000001,0.3899999999999999,0.095,0.3899999999999999,0.082
0.12125000000000001,0.0595415,4.1,0.4299999999999995,0.094,0.4299999999999995,0.089
0.1213,0.057349,3.9,0.4299999999999995,0.094,0.4299999999999995,0.093
0.12135,0.055291,3.75,0.4399999999999997,0.093,0.4399999999999997,0.093
0.12140000000000001,0.05341,3.55,0.4399999999999997,0.093,0.4399999999999997,0.093
0.12145,0.0518395,3.4,0.42999999999999994,0.096,0.42999999999999994,0.096
0.12150000000000001,0.050717,3.2,0.42999999999999994,0.101,0.42999999999999994,0.101
0.12155,0.050059,2.9999999999999996,0.42999999999999994,0.106,0.42999999999999994,0.106
0.1216,0.0500935,2.8,0.42999999999999994,0.10900000000000001,0.42999999999999994,0.10900000000000001
0.12165000000000001,0.0507465,2.65,0.42999999999999994,0.11299999999999999,0.42999999999999994,0.112
0.1217,0.052245,2.4499999999999997,0.42999999999999994,0.115,0.42999999999999994,0.114
0.12175000000000001,0.054639999999999994,2.3,0.4199999999999997,0.118,0.4199999999999997,0.115
0.1218,0.0581345,2.15,0.4199999999999997,0.12000000000000001,0.4199999999999997,0.115
0.12185,0.0624015,2.2499999999999996,0.4199999999999997,0.121,0.4199999999999997,0.114
0.12190000000000001,0.06668249999999999,2.3499999999999996,0.4199999999999997,0.12300000000000001,0.4199999999999997,0.11299999999999999
0.12195,0.0708675,2.4999999999999996,0.4199999999999997,0.124,0.4099999999999999,0.11299999999999999
0.12200000000000001,0.075056,2.6,0.4199999999999997,0.125,0.4099999999999999,0.111
0.12205,0.07908749999999999,2.75,0.4199999999999997,0.125,0.3999999999999997,0.11
0.1221,0.082979,2.9,0.4099999999999999,0.126,0.3999999999999997,0.10900000000000001
0.12215000000000001,0.08670499999999999,3.05,0.4099999999999999,0.126,0.3999999999999997,0.108
0.1222,0.09025699999999999,3.1999999999999997,0.4099999999999999,0.126,0.39000000000000035,0.107
0.12225000000000001,0.0935935,3.3499999999999996,0.4099999999999999,0.126,0.39000000000000035,0.106
0.1223,0.096685,3.4499999999999997,0.4099999999999999,0.125,0.39000000000000035,0.106
0.12235,0.09963699999999999,3.6,0.3999999999999997,0.125,0.39000000000000035,0.10500000000000001
0.12240000000000001,0.102434,3.75,0.3999999999999997,0.124,0.39000000000000035,0.104
0.12245,0.104964,3.9,0.3999999999999997,0.12300000000000001,0.39000000000000035,0.103
0.12250000000000001,0.1072325,4.05,0.3999999999999997,0.122,0.39000000000000035,0.102
0.12255,0.1091235,4.2,0.3999999999999997,0.121,0.39000000000000035,0.102
0.1226,0.1109555,4.3,0.39000000000000035,0.11900000000000001,0.3800000000000001,0.101
0.12265000000000001,0.11251699999999999,4.45,0.39000000000000035,0.118,0.3800000000000001,0.101
0.1227,0.11379399999999999,4.6,0.39000000000000035,0.116,0.3800000000000001,0.1
0.12275000000000001,0.1147275,4.75,0.3800000000000001,0.115,0.3800000000000001,0.09899999999999999
0.1228,0.115495,4.85,0.3800000000000001,0.11299999999999999,0.3800000000000001,0.09899999999999999
0.12285,0.1158965,5.0,0.3800000000000001,0.112,0.3800000000000001,0.098
0.12290000000000001,0.115948,5.1499999999999995,0.3800000000000001,0.111,0.3800000000000001,0.098
0.12295,0.11579249999999999,5.3,0.3800000000000001,0.11,0.3800000000000001,0.098
0.12300000000000001,0.115355,5.3999999999999995,0.3800000000000001,0.10900000000000001,0.3800000000000001,0.097
0.12305,0.1147575,5.55,0.3800000000000001,0.108,0.3800000000000001,0.097
0.1231,0.11358149999999999,5.65,0.3800000000000001,0.107,0.3800000000000001,0.096
0.12315000000000001,0.1121795,5.75,0.3800000000000001,0.106,0.3800000000000001,0.096
0.1232,0.110568,5.8500000000000005,0.3800000000000001,0.106,0.3800000000000001,0.096
0.12325000000000001,0.108528,6.0,0.3800000000000001,0.10500000000000001,0.3800000000000001,0.095
0.1233,0.106307,6.1000000000000005,0.37000000000000033,0.104,0.37000000000000033,0.095
0.12335,0.103778,6.2,0.37000000000000033,0.104,0.37000000000000033,0.095
0.12340000000000001,0.100964,6.3,0.37000000000000033,0.103,0.37000000000000033,0.094
0.12345,0.09790549999999999,6.3500000000000005,0.37000000000000033,0.103,0.37000000000000033,0.094
0.12350000000000001,0.094709,6.35,0.37000000000000033,0.102,0.37000000000000033,0.094
0.12355000000000001,0.091432,6.3,0.37000000000000033,0.101,0.37000000000000033,0.094
0.1236,0.088243,6.1499999999999995,0.37000000000000033,0.101,0.37000000000000033,0.093
0.12365000000000001,0.0854345,5.8500000000000005,0.37000000000000033,0.101,0.37000000000000033,0.093
0.1237,0.0830105,5.6499999999999995,0.37000000000000033,0.1,0.37000000000000033,0.093
0.12375000000000001,0.080894,5.45,0.37000000000000033,0.1,0.37000000000000033,0.093
0.12380000000000001,0.0790105,5.3,0.37000000000000033,0.09899999999999999,0.37000000000000033,0.092
0.12385,0.07735,5.2,0.37000000000000033,0.09899999999999999,0.37000000000000033,0.092
0.12390000000000001,0.0757935,5.1000000000000005,0.37000000000000033,0.09899999999999999,0.37000000000000033,0.092
0.12395,0.074395,4.999999999999999,0.37000000000000033,0.098,0.37000000000000033,0.092
0.124,0.073112,4.8999999999999995,0.37000000000000033,0.098,0.37000000000000033,0.092
0.12405000000000001,0.0719035,4.8500000000000005,0.37000000000000033,0.098,0.37000000000000033,0.091
0.1241,0.070815,4.800000000000001,0.37000000000000033,0.097,0.37000000000000033,0.091
0.12415000000000001,0.069761,4.699999999999999,0.37000000000000033,0.097,0.37000000000000033,0.091
0.1242,0.06876499999999999,4.6499999999999995,0.37000000000000033,0.097,0.37000000000000033,0.091
0.12425,0.067811,4.6,0.37000000000000033,0.096,0.37000000000000033,0.091
0.12430000000000001,0.0668965,4.550000000000001,0.37000000000000033,0.096,0.37000000000000033,0.09000000000000001
0.12435,0.0660285,4.549999999999999,0.37000000000000033,0.096,0.37000000000000033,0.09000000000000001
0.12440000000000001,0.06512699999999999,4.500000000000001,0.3600000000000001,0.096,0.3600000000000001,0.09000000000000001
0.12445,0.06419749999999999,4.449999999999999,0.3600000000000001,0.095,0.3600000000000001,0.09000000000000001
0.1245,0.0631955,4.4,0.3600000000000001,0.095,0.3600000000000001,0.089
0.12455000000000001,0.0620185,4.399999999999999,0.3600000000000001,0.095,1.399999999999998,0.093
0.1246,0.0602665,4.199999999999998,0.4300000000000004,0.094,0.4300000000000004,0.087
0.12465000000000001,0.058088,3.9499999999999993,0.4300000000000004,0.094,0.4300000000000004,0.092
0.1247,0.0559825,3.8,0.4300000000000004,0.094,0.4300000000000004,0.093
0.12475,0.0540125,3.5999999999999988,0.44000000000000017,0.093,0.44000000000000017,0.093
0.12480000000000001,0.0523365,3.4499999999999993,0.4300000000000004,0.094,0.4300000000000004,0.094
0.12485,0.051073,3.25,0.4300000000000004,0.1,0.4300000000000004,0.1
0.12490000000000001,0.0502185,3.0999999999999996,0.4300000000000004,0.104,0.4300000000000004,0.104
0.12495,0.0500225,2.8500000000000005,0.4300000000000004,0.108,0.4300000000000004,0.108
0.125,0.050461,2.7,0.4300000000000004,0.112,0.4300000000000004,0.111
0.12505,0.051644499999999996,2.500000000000001,0.4300000000000004,0.114,0.4300000000000004,0.114
0.12510000000000002,0.0537515,2.3500000000000005,0.42000000000000015,0.117,0.42000000000000015,0.115
0.12515,0.056852,2.2,0.42000000000000015,0.11900000000000001,0.42000000000000015,0.115
0.1252,0.060968999999999995,2.2,0.42000000000000015,0.121,0.42000000000000015,0.114
0.12525,0.0652645,2.3000000000000007,0.42000000000000015,0.122,0.42000000000000015,0.114
0.1253,0.0694895,2.450000000000001,0.42000000000000015,0.12300000000000001,0.4099999999999999,0.11299999999999999
0.12535000000000002,0.073684,2.55,0.42000000000000015,0.124,0.4099999999999999,0.112
0.1254,0.07778449999999999,2.7,0.42000000000000015,0.125,0.4099999999999999,0.111
0.12545,0.0816925,2.8499999999999996,0.4099999999999999,0.126,0.40000000000000013,0.11
0.1255,0.0855025,3.0,0.4099999999999999,0.126,0.40000000000000013,0.10900000000000001
0.12555,0.0891135,3.1500000000000004,0.4099999999999999,0.126,0.40000000000000013,0.108
0.12560000000000002,0.092528,3.3,0.4099999999999999,0.126,0.3899999999999999,0.107
0.12565,0.09566899999999999,3.45,0.4099999999999999,0.125,0.3899999999999999,0.106
0.1257,0.0986745,3.5500000000000007,0.4099999999999999,0.125,0.3899999999999999,0.10500000000000001
0.12575,0.10154099999999999,3.700000000000001,0.40000000000000013,0.124,0.3899999999999999,0.104
0.1258,0.10417699999999999,3.8500000000000005,0.40000000000000013,0.12300000000000001,0.3899999999999999,0.103
0.12585000000000002,0.10653549999999999,4.000000000000001,0.40000000000000013,0.122,0.3899999999999999,0.103
0.1259,0.10854849999999999,4.15,0.40000000000000013,0.121,0.3899999999999999,0.102
0.12595,0.110399,4.25,0.3899999999999999,0.12000000000000001,0.3800000000000001,0.101
0.126,0.11207199999999999,4.4,0.3899999999999999,0.118,0.3800000000000001,0.101
0.12605,0.113414,4.55,0.3899999999999999,0.117,0.3800000000000001,0.1
0.12610000000000002,0.11443249999999999,4.7,0.3899999999999999,0.115,0.3800000000000001,0.1
0.12615,0.11527899999999999,4.799999999999999,0.3800000000000001,0.114,0.3800000000000001,0.09899999999999999
0.1262,0.11583399999999999,4.949999999999999,0.3800000000000001,0.112,0.3800000000000001,0.09899999999999999
0.12625,0.11594499999999999,5.1,0.3800000000000001,0.111,0.3800000000000001,0.098
0.1263,0.1158985,5.25,0.3800000000000001,0.11,0.3800000000000001,0.098
0.12635000000000002,0.1155755,5.349999999999999,0.3800000000000001,0.10900000000000001,0.3800000000000001,0.097
0.1264,0.11503,5.499999999999999,0.3800000000000001,0.108,0.3800000000000001,0.097
0.12645,0.1140795,5.649999999999999,0.3800000000000001,0.107,0.3800000000000001,0.097
0.1265,0.112635,5.699999999999999,0.3800000000000001,0.107,0.3800000000000001,0.096
0.12655,0.111178,5.85,0.3800000000000001,0.106,0.3800000000000001,0.096
0.12660000000000002,0.10922599999999999,5.950000000000001,0.3800000000000001,0.10500000000000001,0.3800000000000001,0.095
0.12665,0.1071495,6.05,0.3699999999999999,0.10500000000000001,0.3699999999999999,0.095
0.1267,0.104679,6.1499999999999995,0.3699999999999999,0.104,0.3699999999999999,0.095
0.12675,0.101965,6.249999999999999,0.3699999999999999,0.103,0.3699999999999999,0.095
0.1268,0.098978,6.299999999999999,0.3699999999999999,0.103,0.3699999999999999,0.094
0.12685000000000002,0.09583649999999999,6.3500000000000005,0.3699999999999999,0.102,0.3699999999999999,0.094
0.1269,0.092571,6.349999999999999,0.3699999999999999,0.102,0.3699999999999999,0.094
0.12695,0.089319,6.2,0.3699999999999999,0.101,0.3699999999999999,0.093
0.127,0.0863755,5.95,0.3699999999999999,0.101,0.3699999999999999,0.093
0.12705,0.083812,5.7,0.3699999999999999,0.1,0.3699999999999999,0.093
0.12710000000000002,0.0816095,5.5,0.3699999999999999,0.1,0.3699999999999999,0.093
0.12715,0.079654,5.3500000000000005,0.3699999999999999,0.09899999999999999,0.3699999999999999,0.092
0.1272,0.077902,5.25,0.3699999999999999,0.09899999999999999,0.3699999999999999,0.092
0.12725,0.0763105,5.099999999999999,0.3699999999999999,0.09899999999999999,0.3699999999999999,0.092
0.1273,0.074874,5.05,0.3699999999999999,0.098,0.3699999999999999,0.092
0.12735000000000002,0.07356,4.95,0.3699999999999999,0.098,0.3699999999999999,0.092
0.1274,0.07232999999999999,4.8500000000000005,0.3699999999999999,0.098,0.3699999999999999,0.091
0.12745,0.071195,4.8,0.3699999999999999,0.097,0.3699999999999999,0.091
0.1275,0.070134,4.749999999999999,0.3699999999999999,0.097,0.3699999999999999,0.091
0.12755,0.0691055,4.699999999999999,0.3699999999999999,0.097,0.3699999999999999,0.091
0.12760000000000002,0.068142,4.65,0.3699999999999999,0.096,0.3699999999999999,0.091
0.12765,0.0672255,4.6,0.3699999999999999,0.096,0.3699999999999999,0.091
0.1277,0.066346,4.55,0.3699999999999999,0.096,0.3699999999999999,0.09000000000000001
0.12775,0.065454,4.5,0.3600000000000001,0.096,0.3600000000000001,0.09000000000000001
0.1278,0.0645405,4.449999999999999,0.3600000000000001,0.095,0.3600000000000001,0.09000000000000001
0.12785000000000002,0.06355999999999999,4.4,0.3600000000000001,0.095,0.3600000000000001,0.09000000000000001
0.1279,0.0624785,4.3999999999999995,0.3400000000000001,0.095,1.35,0.093
0.12795,0.060975999999999995,4.25,0.4099999999999999,0.094,0.4099999999999999,0.085
0.128,0.058844999999999995,4.05,0.42999999999999994,0.094,0.42999999999999994,0.091
0.12805,0.0566865,3.85,0.42999999999999994,0.094,0.42999999999999994,0.093
0.12810000000000002,0.05468,3.65,0.4399999999999997,0.093,0.4399999999999997,0.093
0.12815000000000001,0.0528735,3.5,0.4299999999999995,0.093,0.4299999999999995,0.093
0.1282,0.051461,3.3,0.4299999999999995,0.098,0.4299999999999995,0.098
0.12825,0.050482,3.15,0.4299999999999995,0.103,0.4299999999999995,0.103
0.1283,0.0500235,2.8999999999999995,0.4299999999999995,0.107,0.4299999999999995,0.107
0.12835000000000002,0.050262499999999995,2.7499999999999996,0.4299999999999995,0.11,0.4299999999999995,0.11
0.12840000000000001,0.051176,2.5999999999999996,0.4299999999999995,0.11299999999999999,0.4299999999999995,0.11299999999999999
0.12845,0.052941499999999996,2.3999999999999995,0.4299999999999995,0.116,0.4299999999999995,0.114
0.1285,0.055702999999999996,2.2499999999999996,0.42000000000000015,0.118,0.42000000000000015,0.115
0.12855,0.059552,2.15,0.42000000000000015,0.12000000000000001,0.42000000000000015,0.115
0.12860000000000002,0.063836,2.2499999999999996,0.42000000000000015,0.122,0.42000000000000015,0.114
0.12865000000000001,0.06811249999999999,2.3999999999999995,0.42000000000000015,0.12300000000000001,0.4099999999999999,0.11299999999999999
0.1287,0.072293,2.4999999999999996,0.42000000000000015,0.124,0.4099999999999999,0.112
0.12875,0.0764455,2.65,0.42000000000000015,0.125,0.4099999999999999,0.111
0.1288,0.080403,2.8,0.42000000000000015,0.125,0.3999999999999997,0.11
0.12885,0.084257,2.9499999999999997,0.4099999999999999,0.126,0.3999999999999997,0.10900000000000001
0.12890000000000001,0.0879365,3.1,0.4099999999999999,0.126,0.3999999999999997,0.108
0.12895,0.09142299999999999,3.25,0.4099999999999999,0.126,0.3899999999999999,0.107
0.129,0.094659,3.4,0.4099999999999999,0.125,0.3899999999999999,0.106
0.12905,0.09770849999999999,3.5,0.4099999999999999,0.125,0.3899999999999999,0.10500000000000001
0.1291,0.100634,3.65,0.3999999999999997,0.124,0.3899999999999999,0.104
0.12915000000000001,0.10331699999999999,3.8,0.3999999999999997,0.12300000000000001,0.3899999999999999,0.104
0.1292,0.10578449999999999,3.95,0.3999999999999997,0.12300000000000001,0.3899999999999999,0.103
0.12925,0.1079475,4.1000000000000005,0.3999999999999997,0.121,0.3899999999999999,0.102
0.1293,0.10976949999999999,4.2,0.3899999999999999,0.12000000000000001,0.37999999999999967,0.102
0.12935,0.1115555,4.3500000000000005,0.3899999999999999,0.11900000000000001,0.37999999999999967,0.101
0.12940000000000002,0.1130365,4.5,0.3899999999999999,0.117,0.37999999999999967,0.1
0.12945,0.114177,4.65,0.3899999999999999,0.116,0.37999999999999967,0.1
0.1295,0.115064,4.800000000000001,0.37999999999999967,0.114,0.37999999999999967,0.09899999999999999
0.12955,0.1157275,4.8999999999999995,0.37999999999999967,0.11299999999999999,0.37999999999999967,0.09899999999999999
0.1296,0.11596949999999999,5.05,0.37999999999999967,0.112,0.37999999999999967,0.098
0.12965000000000002,0.11597249999999999,5.199999999999999,0.37999999999999967,0.111,0.37999999999999967,0.098
0.1297,0.1157275,5.3,0.37999999999999967,0.11,0.37999999999999967,0.097
0.12975,0.115239,5.449999999999999,0.37999999999999967,0.10900000000000001,0.37999999999999967,0.097
0.1298,0.1145025,5.6,0.37999999999999967,0.108,0.37999999999999967,0.097
0.12985,0.11309999999999999,5.65,0.37999999999999967,0.107,0.37999999999999967,0.096
0.12990000000000002,0.11176649999999999,5.8,0.37999999999999967,0.106,0.37999999999999967,0.096
0.12995,0.109952,5.9,0.37999999999999967,0.10500000000000001,0.37999999999999967,0.096
0.13,0.1079145,6.0,0.37999999999999967,0.10500000000000001,0.37999999999999967,0.095
0.13005,0.10554,6.15,0.3699999999999999,0.104,0.3699999999999999,0.095
0.1301,0.1029335,6.199999999999999,0.3699999999999999,0.104,0.3699999999999999,0.095
0.13015000000000002,0.10003999999999999,6.3,0.3699999999999999,0.103,0.3699999999999999,0.094
0.1302,0.0969545,6.35,0.3699999999999999,0.102,0.3699999999999999,0.094
0.13025,0.0936925,6.35,0.3699999999999999,0.102,0.3699999999999999,0.094
0.1303,0.090421,6.25,0.3699999999999999,0.101,0.3699999999999999,0.094
0.13035,0.0873495,6.05,0.3699999999999999,0.101,0.3699999999999999,0.093
0.13040000000000002,0.084645,5.8,0.3699999999999999,0.1,0.3699999999999999,0.093
0.13045,0.0823465,5.599999999999999,0.3699999999999999,0.1,0.3699999999999999,0.093
0.1305,0.08030799999999999,5.3999999999999995,0.3699999999999999,0.1,0.3699999999999999,0.093
0.13055,0.078475,5.25,0.3699999999999999,0.09899999999999999,0.3699999999999999,0.092
0.1306,0.0768725,5.1499999999999995,0.3699999999999999,0.09899999999999999,0.3699999999999999,0.092
0.13065000000000002,0.07536799999999999,5.05,0.3699999999999999,0.098,0.3699999999999999,0.092
0.1307,0.07399599999999999,4.95,0.3699999999999999,0.098,0.3699999999999999,0.092
0.13075,0.07274699999999999,4.9,0.3699999999999999,0.098,0.3699999999999999,0.092
0.1308,0.07156749999999999,4.799999999999999,0.3699999999999999,0.097,0.3699999999999999,0.091
0.13085,0.070502,4.749999999999999,0.3699999999999999,0.097,0.3699999999999999,0.091
0.13090000000000002,0.069467,4.7,0.3699999999999999,0.097,0.3699999999999999,0.091
0.13095,0.068489,4.65,0.3699999999999999,0.097,0.3699999999999999,0.091
0.131,0.067565,4.599999999999999,0.3699999999999999,0.096,0.3699999999999999,0.091
0.13105,0.06665,4.549999999999999,0.3699999999999999,0.096,0.3699999999999999,0.09000000000000001
0.1311,0.0657785,4.499999999999999,0.3699999999999999,0.096,0.3699999999999999,0.09000000000000001
0.13115000000000002,0.064869,4.45,0.35999999999999965,0.095,0.35999999999999965,0.09000000000000001
0.1312,0.0639135,4.45,0.35999999999999965,0.095,0.35999999999999965,0.09000000000000001
0.13125,0.062858,4.4,0.34999999999999987,0.095,0.34999999999999987,0.089
0.1313,0.061577999999999994,4.299999999999999,0.39000000000000035,0.095,0.39000000000000035,0.082
0.13135,0.059600999999999994,4.1,0.4300000000000004,0.094,0.4300000000000004,0.089
0.13140000000000002,0.057410499999999996,3.8999999999999995,0.4300000000000004,0.094,0.4300000000000004,0.093
0.13145,0.0553455,3.749999999999999,0.4399999999999993,0.093,0.4399999999999993,0.093
0.1315,0.053465,3.55,0.4399999999999993,0.093,0.4399999999999993,0.093
0.13155,0.051894499999999996,3.3999999999999995,0.4299999999999995,0.096,0.4299999999999995,0.096
0.1316,0.0507615,3.2,0.4299999999999995,0.101,0.4299999999999995,0.101
0.13165000000000002,0.0501015,3.0,0.4299999999999995,0.106,0.4299999999999995,0.106
0.1317,0.050137999999999995,2.8000000000000007,0.4299999999999995,0.10900000000000001,0.4299999999999995,0.10900000000000001
0.13175,0.0507815,2.6500000000000004,0.4299999999999995,0.11299999999999999,0.4299999999999995,0.112
0.1318,0.052267999999999995,2.450000000000001,0.4299999999999995,0.115,0.4299999999999995,0.114
0.13185,0.0546665,2.3000000000000007,0.41999999999999926,0.118,0.41999999999999926,0.115
0.13190000000000002,0.0581535,2.1500000000000004,0.41999999999999926,0.12000000000000001,0.41999999999999926,0.115
0.13195,0.062419499999999996,2.250000000000001,0.41999999999999926,0.121,0.41999999999999926,0.114
0.132,0.06669649999999999,2.3500000000000005,0.41999999999999926,0.12300000000000001,0.41999999999999926,0.11299999999999999
0.13205,0.070889,2.500000000000001,0.41999999999999926,0.124,0.4099999999999995,0.11299999999999999
0.1321,0.0750805,2.5999999999999996,0.41999999999999926,0.125,0.4099999999999995,0.111
0.13215000000000002,0.0791185,2.75,0.41999999999999926,0.125,0.39999999999999925,0.11
0.1322,0.083011,2.8999999999999995,0.4099999999999995,0.126,0.39999999999999925,0.10900000000000001
0.13225,0.08673149999999999,3.05,0.4099999999999995,0.126,0.39999999999999925,0.108
0.1323,0.09028749999999999,3.1999999999999993,0.4099999999999995,0.126,0.38999999999999946,0.107
0.13235,0.0936265,3.3499999999999996,0.4099999999999995,0.126,0.38999999999999946,0.106
0.13240000000000002,0.09672,3.45,0.4099999999999995,0.125,0.38999999999999946,0.106
0.13245,0.09967799999999999,3.6000000000000005,0.4099999999999995,0.125,0.38999999999999946,0.10500000000000001
0.1325,0.10248249999999999,3.750000000000001,0.39999999999999925,0.124,0.38999999999999946,0.104
0.13255,0.1050115,3.9000000000000004,0.39999999999999925,0.12300000000000001,0.38999999999999946,0.103
0.1326,0.107279,4.050000000000001,0.39999999999999925,0.122,0.38999999999999946,0.102
0.13265000000000002,0.1091775,4.200000000000001,0.39999999999999925,0.121,0.38999999999999946,0.102
0.1327,0.11101799999999999,4.300000000000001,0.38999999999999946,0.11900000000000001,0.3799999999999992,0.101
0.13275,0.1125745,4.45,0.38999999999999946,0.118,0.3799999999999992,0.101
0.1328,0.113858,4.6000000000000005,0.38999999999999946,0.116,0.3799999999999992,0.1
0.13285,0.114785,4.75,0.3799999999999992,0.115,0.3799999999999992,0.09899999999999999
0.13290000000000002,0.115561,4.85,0.3799999999999992,0.11299999999999999,0.3799999999999992,0.09899999999999999
0.13295,0.1159815,5.0,0.3799999999999992,0.112,0.3799999999999992,0.098
0.133,0.116023,5.1499999999999995,0.3799999999999992,0.111,0.3799999999999992,0.098
0.13305,0.11587149999999999,5.3,0.3799999999999992,0.11,0.3799999999999992,0.098
0.1331,0.11544099999999999,5.399999999999999,0.3799999999999992,0.10900000000000001,0.3799999999999992,0.097
0.13315000000000002,0.11483199999999999,5.549999999999999,0.3799999999999992,0.108,0.3799999999999992,0.097
0.1332,0.1136985,5.6499999999999995,0.3799999999999992,0.107,0.3799999999999992,0.096
0.13325,0.1122615,5.75,0.3799999999999992,0.106,0.3799999999999992,0.096
0.1333,0.11066849999999999,5.8500000000000005,0.3799999999999992,0.106,0.3799999999999992,0.096
0.13335,0.10861849999999999,6.000000000000001,0.3799999999999992,0.10500000000000001,0.3799999999999992,0.095
0.13340000000000002,0.106415,6.1000000000000005,0.369999999999999,0.104,0.369999999999999,0.095
0.13345,0.103882,6.2,0.369999999999999,0.104,0.369999999999999,0.095
0.1335,0.1010745,6.299999999999999,0.369999999999999,0.103,0.369999999999999,0.094
0.13355,0.098024,6.349999999999999,0.369999999999999,0.103,0.369999999999999,0.094
0.1336,0.09482249999999999,6.349999999999999,0.369999999999999,0.102,0.369999999999999,0.094
0.13365000000000002,0.0915415,6.3,0.369999999999999,0.102,0.369999999999999,0.094
0.1337,0.08837099999999999,6.15,0.369999999999999,0.101,0.369999999999999,0.093
0.13375,0.085537,5.849999999999999,0.369999999999999,0.101,0.369999999999999,0.093
0.1338,0.083116,5.6499999999999995,0.369999999999999,0.1,0.369999999999999,0.093
0.13385,0.0809865,5.449999999999999,0.369999999999999,0.1,0.369999999999999,0.093
0.13390000000000002,0.079107,5.3,0.369999999999999,0.09899999999999999,0.369999999999999,0.092
0.13395,0.07742399999999999,5.2,0.369999999999999,0.09899999999999999,0.369999999999999,0.092
0.134,0.0758765,5.1000000000000005,0.369999999999999,0.09899999999999999,0.369999999999999,0.092
0.13405,0.074479,4.999999999999999,0.369999999999999,0.098,0.369999999999999,0.092
0.1341,0.0731845,4.8999999999999995,0.369999999999999,0.098,0.369999999999999,0.092
0.13415000000000002,0.0719775,4.8500000000000005,0.369999999999999,0.098,0.369999999999999,0.091
0.1342,0.070882,4.8,0.369999999999999,0.097,0.369999999999999,0.091
0.13425,0.069823,4.7,0.369999999999999,0.097,0.369999999999999,0.091
0.1343,0.0688245,4.6499999999999995,0.369999999999999,0.097,0.369999999999999,0.091
0.13435,0.06787,4.6,0.369999999999999,0.096,0.369999999999999,0.091
0.13440000000000002,0.0669575,4.550000000000001,0.369999999999999,0.096,0.369999999999999,0.09000000000000001
0.13445000000000001,0.066097,4.55,0.369999999999999,0.096,0.369999999999999,0.09000000000000001
0.1345,0.065188,4.5,0.3599999999999992,0.096,0.3599999999999992,0.09000000000000001
0.13455,0.0642505,4.449999999999999,0.3599999999999992,0.095,0.3599999999999992,0.09000000000000001
0.1346,0.0632515,4.3999999999999995,0.3599999999999992,0.095,0.3599999999999992,0.089
0.13465000000000002,0.062070999999999994,4.4,0.3600000000000001,0.095,1.4,0.093
0.13470000000000001,0.060314,4.2,0.4299999999999995,0.094,0.4299999999999995,0.087
0.13475,0.058134,3.9499999999999997,0.4299999999999995,0.094,0.4299999999999995,0.092
0.1348,0.0560305,3.8,0.4299999999999995,0.094,0.4299999999999995,0.093
0.13485,0.054059499999999996,3.5999999999999996,0.44000000000000017,0.093,0.44000000000000017,0.093
0.13490000000000002,0.05239,3.4499999999999997,0.42999999999999994,0.094,0.42999999999999994,0.094
0.13495000000000001,0.0511115,3.25,0.42999999999999994,0.1,0.42999999999999994,0.1
0.135,0.050266,3.0999999999999996,0.42999999999999994,0.104,0.42999999999999994,0.104
0.13505,0.05006,2.8499999999999996,0.42999999999999994,0.108,0.42999999999999994,0.108
0.1351,0.0504975,2.6999999999999997,0.42999999999999994,0.112,0.42999999999999994,0.111
0.13515000000000002,0.0516745,2.4999999999999996,0.42999999999999994,0.114,0.42999999999999994,0.114
0.13520000000000001,0.0537755,2.3499999999999996,0.42000000000000015,0.117,0.42000000000000015,0.115
0.13525,0.056867499999999994,2.1999999999999997,0.42000000000000015,0.11900000000000001,0.42000000000000015,0.115
0.1353,0.060979,2.1999999999999997,0.42000000000000015,0.121,0.42000000000000015,0.114
0.13535,0.0652855,2.3,0.42000000000000015,0.122,0.42000000000000015,0.114
0.13540000000000002,0.06951149999999999,2.4499999999999997,0.42000000000000015,0.12300000000000001,0.4099999999999999,0.11299999999999999
0.13545000000000001,0.0737055,2.55,0.42000000000000015,0.124,0.4099999999999999,0.112
0.1355,0.0778045,2.6999999999999997,0.42000000000000015,0.125,0.4099999999999999,0.111
0.13555,0.0817205,2.8499999999999996,0.4099999999999999,0.126,0.40000000000000013,0.11
0.1356,0.085524,2.9999999999999996,0.4099999999999999,0.126,0.40000000000000013,0.10900000000000001
0.13565,0.0891365,3.15,0.4099999999999999,0.126,0.40000000000000013,0.108
0.13570000000000002,0.0925575,3.3,0.4099999999999999,0.126,0.3899999999999999,0.107
0.13575,0.095705,3.4499999999999997,0.4099999999999999,0.125,0.3899999999999999,0.106
0.1358,0.098711,3.5500000000000003,0.4099999999999999,0.125,0.3899999999999999,0.10500000000000001
0.13585,0.1015785,3.7,0.40000000000000013,0.124,0.3899999999999999,0.104
0.1359,0.104227,3.85,0.40000000000000013,0.12300000000000001,0.3899999999999999,0.103
0.13595000000000002,0.1065685,4.0,0.40000000000000013,0.122,0.3899999999999999,0.103
0.136,0.108592,4.15,0.40000000000000013,0.121,0.3899999999999999,0.102
0.13605,0.110439,4.25,0.3899999999999999,0.12000000000000001,0.3800000000000001,0.101
0.1361,0.112124,4.4,0.3899999999999999,0.118,0.3800000000000001,0.101
0.13615,0.11347549999999999,4.55,0.3899999999999999,0.117,0.3800000000000001,0.1
0.13620000000000002,0.114496,4.7,0.3899999999999999,0.115,0.3800000000000001,0.1
0.13625,0.11533049999999999,4.799999999999999,0.3800000000000001,0.114,0.3800000000000001,0.09899999999999999
0.1363,0.1159055,4.949999999999999,0.3800000000000001,0.11299999999999999,0.3800000000000001,0.09899999999999999
0.13635,0.116015,5.1,0.3800000000000001,0.111,0.3800000000000001,0.098
0.1364,0.115964,5.249999999999999,0.3800000000000001,0.11,0.3800000000000001,0.098
0.13645000000000002,0.11563749999999999,5.35,0.3800000000000001,0.10900000000000001,0.3800000000000001,0.097
0.1365,0.1150995,5.499999999999999,0.3800000000000001,0.108,0.3800000000000001,0.097
0.13655,0.114157,5.6499999999999995,0.3800000000000001,0.107,0.3800000000000001,0.097
0.1366,0.112718,5.699999999999999,0.3800000000000001,0.107,0.3800000000000001,0.096
0.13665,0.11127,5.85,0.3800000000000001,0.106,0.3800000000000001,0.096
0.13670000000000002,0.10930949999999999,5.95,0.3800000000000001,0.10500000000000001,0.3800000000000001,0.095
0.13675,0.1072345,6.05,0.3699999999999999,0.10500000000000001,0.3699999999999999,0.095
0.1368,0.104768,6.1499999999999995,0.3699999999999999,0.104,0.3699999999999999,0.095
0.13685,0.1020605,6.249999999999999,0.3699999999999999,0.103,0.3699999999999999,0.095
0.1369,0.0990775,6.3,0.3699999999999999,0.103,0.3699999999999999,0.094
0.13695000000000002,0.095937,6.349999999999999,0.3699999999999999,0.102,0.3699999999999999,0.094
0.137,0.0926755,6.3500000000000005,0.3699999999999999,0.102,0.3699999999999999,0.094
0.13705,0.0894045,6.2,0.3699999999999999,0.101,0.3699999999999999,0.093
0.1371,0.086465,5.95,0.3699999999999999,0.101,0.3699999999999999,0.093
0.13715,0.0839,5.7,0.3699999999999999,0.1,0.3699999999999999,0.093
0.13720000000000002,0.0816875,5.5,0.3699999999999999,0.1,0.3699999999999999,0.093
0.13725,0.0797305,5.349999999999999,0.3699999999999999,0.09899999999999999,0.3699999999999999,0.092
0.1373,0.077968,5.25,0.3699999999999999,0.09899999999999999,0.3699999999999999,0.092
0.13735,0.076384,5.149999999999998,0.3699999999999999,0.09899999999999999,0.3699999999999999,0.092
0.1374,0.0749355,5.050000000000001,0.3699999999999999,0.098,0.3699999999999999,0.092
0.13745000000000002,0.073617,4.949999999999998,0.3699999999999999,0.098,0.3699999999999999,0.092
0.1375,0.072389,4.85,0.3699999999999999,0.098,0.3699999999999999,0.091
0.13755,0.071253,4.8,0.3699999999999999,0.097,0.3699999999999999,0.091
0.1376,0.070186,4.75,0.3699999999999999,0.097,0.3699999999999999,0.091
0.13765,0.069156,4.7,0.3699999999999999,0.097,0.3699999999999999,0.091
0.13770000000000002,0.068197,4.6499999999999995,0.3699999999999999,0.096,0.3699999999999999,0.091
0.13775,0.0672895,4.600000000000001,0.3699999999999999,0.096,0.3699999999999999,0.091
0.1378,0.0663975,4.55,0.3699999999999999,0.096,0.3699999999999999,0.09000000000000001
0.13785,0.06550349999999999,4.5,0.3600000000000001,0.096,0.3600000000000001,0.09000000000000001
0.1379,0.064591,4.449999999999998,0.3600000000000001,0.095,0.3600000000000001,0.09000000000000001
0.13795000000000002,0.06360299999999999,4.450000000000001,0.3600000000000001,0.095,0.3600000000000001,0.09000000000000001
0.138,0.0625225,4.3999999999999995,0.3399999999999992,0.095,1.349999999999999,0.093
0.13805,0.0610205,4.249999999999998,0.4099999999999999,0.094,0.4099999999999999,0.085
0.1381,0.05889,4.049999999999999,0.4299999999999995,0.094,0.4299999999999995,0.091
0.13815,0.0567265,3.8499999999999996,0.4299999999999995,0.094,0.4299999999999995,0.093
0.13820000000000002,0.054711499999999996,3.6499999999999995,0.44000000000000017,0.093,0.44000000000000017,0.093
0.13825,0.0529115,3.5,0.4300000000000004,0.093,0.4300000000000004,0.093
0.1383,0.0514935,3.299999999999999,0.4300000000000004,0.098,0.4300000000000004,0.098
0.13835,0.050513499999999996,3.1499999999999995,0.4300000000000004,0.103,0.4300000000000004,0.103
0.1384,0.0500495,2.9000000000000004,0.4300000000000004,0.107,0.4300000000000004,0.107
0.13845000000000002,0.050289,2.750000000000001,0.4300000000000004,0.11,0.4300000000000004,0.11
0.1385,0.051205,2.6000000000000005,0.4300000000000004,0.11299999999999999,0.4300000000000004,0.11299999999999999
0.13855,0.052967,2.4000000000000004,0.4300000000000004,0.116,0.4300000000000004,0.114
0.1386,0.055722,2.250000000000001,0.42000000000000015,0.118,0.42000000000000015,0.115
0.13865,0.0595655,2.1500000000000004,0.42000000000000015,0.12000000000000001,0.42000000000000015,0.115
0.13870000000000002,0.0638535,2.3000000000000007,0.42000000000000015,0.122,0.42000000000000015,0.114
0.13875,0.0681345,2.4000000000000004,0.42000000000000015,0.12300000000000001,0.41000000000000036,0.11299999999999999
0.1388,0.072307,2.499999999999999,0.42000000000000015,0.124,0.41000000000000036,0.112
0.13885,0.0764685,2.6499999999999995,0.42000000000000015,0.125,0.41000000000000036,0.111
0.1389,0.08043,2.8,0.42000000000000015,0.125,0.40000000000000013,0.11
0.13895000000000002,0.08427799999999999,2.9499999999999993,0.41000000000000036,0.126,0.40000000000000013,0.10900000000000001
0.139,0.08795649999999999,3.1000000000000005,0.41000000000000036,0.126,0.40000000000000013,0.108
0.13905,0.091445,3.25,0.41000000000000036,0.126,0.3900000000000008,0.107
0.1391,0.09468649999999999,3.4000000000000004,0.41000000000000036,0.125,0.3900000000000008,0.106
0.13915,0.097735,3.500000000000001,0.41000000000000036,0.125,0.3900000000000008,0.10500000000000001
0.13920000000000002,0.10066349999999999,3.6500000000000012,0.40000000000000013,0.124,0.3900000000000008,0.104
0.13925,0.10334449999999999,3.8000000000000007,0.40000000000000013,0.124,0.3900000000000008,0.104
0.1393,0.105818,3.950000000000001,0.40000000000000013,0.12300000000000001,0.3900000000000008,0.103
0.13935,0.1079875,4.100000000000001,0.40000000000000013,0.121,0.3900000000000008,0.102
0.1394,0.1098055,4.2,0.3900000000000008,0.12000000000000001,0.38000000000000056,0.102
0.13945000000000002,0.11160049999999999,4.3500000000000005,0.3900000000000008,0.11900000000000001,0.38000000000000056,0.101
0.1395,0.113076,4.5,0.3900000000000008,0.117,0.38000000000000056,0.1
0.13955,0.114225,4.65,0.3900000000000008,0.116,0.38000000000000056,0.1
0.1396,0.11510899999999999,4.8,0.38000000000000056,0.114,0.38000000000000056,0.09899999999999999
0.13965,0.115786,4.8999999999999995,0.38000000000000056,0.11299999999999999,0.38000000000000056,0.09899999999999999
0.13970000000000002,0.11602799999999999,5.049999999999999,0.38000000000000056,0.112,0.38000000000000056,0.098
0.13975,0.11602399999999999,5.199999999999999,0.38000000000000056,0.111,0.38000000000000056,0.098
0.1398,0.1157875,5.299999999999999,0.38000000000000056,0.11,0.38000000000000056,0.097
0.13985,0.11529199999999999,5.449999999999998,0.38000000000000056,0.10900000000000001,0.38000000000000056,0.097
0.1399,0.11458099999999999,5.599999999999999,0.38000000000000056,0.108,0.38000000000000056,0.097
0.13995000000000002,0.11316999999999999,5.6499999999999995,0.38000000000000056,0.107,0.38000000000000056,0.096
0.14,0.111829,5.8,0.38000000000000056,0.106,0.38000000000000056,0.096
0.14005,0.1100395,5.900000000000001,0.38000000000000056,0.10500000000000001,0.38000000000000056,0.096
0.1401,0.1079885,6.0,0.38000000000000056,0.10500000000000001,0.38000000000000056,0.095
0.14015,0.10561,6.1499999999999995,0.37000000000000033,0.104,0.37000000000000033,0.095
0.14020000000000002,0.10301149999999999,6.199999999999998,0.37000000000000033,0.104,0.37000000000000033,0.095
0.14025,0.1001265,6.3,0.37000000000000033,0.103,0.37000000000000033,0.094
0.1403,0.09702949999999999,6.3500000000000005,0.37000000000000033,0.102,0.37000000000000033,0.094
0.14035,0.0937715,6.3500000000000005,0.37000000000000033,0.102,0.37000000000000033,0.094
0.1404,0.0905165,6.25,0.37000000000000033,0.101,0.37000000000000033,0.094
0.14045000000000002,0.087419,6.05,0.37000000000000033,0.101,0.37000000000000033,0.093
0.1405,0.08472199999999999,5.8,0.37000000000000033,0.1,0.37000000000000033,0.093
0.14055,0.08240549999999999,5.6000000000000005,0.37000000000000033,0.1,0.37000000000000033,0.093
0.1406,0.080374,5.4,0.37000000000000033,0.1,0.37000000000000033,0.093
0.14065,0.0785415,5.249999999999999,0.37000000000000033,0.09899999999999999,0.37000000000000033,0.092
0.14070000000000002,0.0769325,5.1499999999999995,0.37000000000000033,0.09899999999999999,0.37000000000000033,0.092
0.14075000000000001,0.075428,5.05,0.37000000000000033,0.098,0.37000000000000033,0.092
0.1408,0.074055,5.000000000000001,0.37000000000000033,0.098,0.37000000000000033,0.092
0.14085,0.07280049999999999,4.8999999999999995,0.37000000000000033,0.098,0.37000000000000033,0.092
0.1409,0.071624,4.8,0.37000000000000033,0.097,0.37000000000000033,0.091
0.14095000000000002,0.070549,4.750000000000001,0.37000000000000033,0.097,0.37000000000000033,0.091
0.14100000000000001,0.069509,4.699999999999999,0.37000000000000033,0.097,0.37000000000000033,0.091
0.14105,0.0685345,4.65,0.37000000000000033,0.097,0.37000000000000033,0.091
0.1411,0.0676095,4.6,0.37000000000000033,0.096,0.37000000000000033,0.091
0.14115,0.0666945,4.55,0.37000000000000033,0.096,0.37000000000000033,0.09000000000000001
0.14120000000000002,0.06582299999999999,4.5,0.37000000000000033,0.096,0.37000000000000033,0.09000000000000001
0.14125000000000001,0.06490499999999999,4.5,0.36000000000000054,0.095,0.36000000000000054,0.09000000000000001
0.1413,0.063959,4.45,0.36000000000000054,0.095,0.36000000000000054,0.09000000000000001
0.14135,0.06289,4.3999999999999995,0.34999999999999987,0.095,0.34999999999999987,0.089
0.1414,0.061612999999999994,4.300000000000001,0.39000000000000035,0.095,0.39000000000000035,0.082
0.14145000000000002,0.059638,4.1,0.4300000000000004,0.094,0.4300000000000004,0.089
0.14150000000000001,0.0574485,3.9,0.4300000000000004,0.094,0.4300000000000004,0.093
0.14155,0.0553815,3.75,0.44000000000000017,0.093,0.44000000000000017,0.093
0.1416,0.053497499999999996,3.55,0.44000000000000017,0.093,0.44000000000000017,0.093
0.14165,0.051927,3.4,0.42999999999999994,0.096,0.42999999999999994,0.096
0.14170000000000002,0.050788,3.2,0.42999999999999994,0.101,0.42999999999999994,0.101
0.14175000000000001,0.050129,2.9999999999999996,0.42999999999999994,0.106,0.42999999999999994,0.106
0.1418,0.050161,2.8,0.42999999999999994,0.10900000000000001,0.42999999999999994,0.10900000000000001
0.14185,0.050810499999999995,2.65,0.42999999999999994,0.11299999999999999,0.42999999999999994,0.112
0.1419,0.052286,2.4499999999999997,0.42999999999999994,0.115,0.42999999999999994,0.114
0.14195000000000002,0.054685,2.3,0.42000000000000015,0.118,0.42000000000000015,0.115
0.14200000000000002,0.0581635,2.15,0.42000000000000015,0.12000000000000001,0.42000000000000015,0.115
0.14205,0.062433499999999996,2.2499999999999996,0.42000000000000015,0.121,0.42000000000000015,0.114
0.1421,0.06670999999999999,2.3499999999999996,0.42000000000000015,0.12300000000000001,0.42000000000000015,0.11299999999999999
0.14215,0.070903,2.4999999999999996,0.42000000000000015,0.124,0.41000000000000036,0.11299999999999999
0.1422,0.0750975,2.6,0.42000000000000015,0.125,0.41000000000000036,0.111
0.14225000000000002,0.079135,2.75,0.42000000000000015,0.125,0.40000000000000013,0.11
0.1423,0.0830265,2.9,0.41000000000000036,0.126,0.40000000000000013,0.10900000000000001
0.14235,0.08674899999999999,3.05,0.41000000000000036,0.126,0.40000000000000013,0.108
0.1424,0.0903065,3.1999999999999997,0.41000000000000036,0.126,0.39000000000000035,0.107
0.14245,0.0936505,3.3499999999999996,0.41000000000000036,0.126,0.39000000000000035,0.106
0.14250000000000002,0.0967465,3.4499999999999997,0.41000000000000036,0.125,0.39000000000000035,0.106
0.14255,0.0997045,3.6,0.41000000000000036,0.125,0.39000000000000035,0.10500000000000001
0.1426,0.102508,3.75,0.40000000000000013,0.124,0.39000000000000035,0.104
0.14265,0.10503449999999999,3.9,0.40000000000000013,0.12300000000000001,0.39000000000000035,0.103
0.1427,0.1073015,4.05,0.40000000000000013,0.122,0.39000000000000035,0.102
0.14275000000000002,0.10921349999999999,4.2,0.40000000000000013,0.121,0.39000000000000035,0.102
0.1428,0.111054,4.3,0.39000000000000035,0.11900000000000001,0.3800000000000001,0.101
0.14285,0.11261299999999999,4.45,0.39000000000000035,0.118,0.3800000000000001,0.101
0.1429,0.113893,4.6,0.39000000000000035,0.116,0.3800000000000001,0.1
0.14295,0.1148265,4.75,0.3800000000000001,0.115,0.3800000000000001,0.09899999999999999
0.14300000000000002,0.11559799999999999,4.85,0.3800000000000001,0.11299999999999999,0.3800000000000001,0.09899999999999999
0.14305,0.116034,5.0,0.3800000000000001,0.112,0.3800000000000001,0.098
0.1431,0.11606749999999999,5.1499999999999995,0.3800000000000001,0.111,0.3800000000000001,0.098
0.14315,0.11592649999999999,5.3,0.3800000000000001,0.11,0.3800000000000001,0.098
0.1432,0.11548449999999999,5.3999999999999995,0.3800000000000001,0.10900000000000001,0.3800000000000001,0.097
0.14325000000000002,0.11488999999999999,5.55,0.3800000000000001,0.108,0.3800000000000001,0.097
0.1433,0.11376449999999999,5.65,0.3800000000000001,0.107,0.3800000000000001,0.096
0.14335,0.112317,5.75,0.3800000000000001,0.106,0.3800000000000001,0.096
0.1434,0.110733,5.8500000000000005,0.3800000000000001,0.106,0.3800000000000001,0.096
0.14345,0.10868549999999999,6.0,0.3800000000000001,0.10500000000000001,0.3800000000000001,0.095
0.14350000000000002,0.106482,6.1000000000000005,0.37000000000000033,0.104,0.37000000000000033,0.095
0.14355,0.10395399999999999,6.2,0.37000000000000033,0.104,0.37000000000000033,0.095
0.1436,0.10114,6.3,0.37000000000000033,0.103,0.37000000000000033,0.094
0.14365,0.098081,6.3500000000000005,0.37000000000000033,0.103,0.37000000000000033,0.094
0.1437,0.0949025,6.35,0.37000000000000033,0.102,0.37000000000000033,0.094
0.14375000000000002,0.0916085,6.3,0.37000000000000033,0.102,0.37000000000000033,0.094
0.1438,0.088438,6.1499999999999995,0.37000000000000033,0.101,0.37000000000000033,0.093
0.14385,0.08560849999999999,5.8500000000000005,0.37000000000000033,0.101,0.37000000000000033,0.093
0.1439,0.083173,5.6499999999999995,0.37000000000000033,0.1,0.37000000000000033,0.093
0.14395,0.081036,5.45,0.37000000000000033,0.1,0.37000000000000033,0.093
0.14400000000000002,0.0791525,5.3,0.37000000000000033,0.09899999999999999,0.37000000000000033,0.092
0.14405,0.0774715,5.2,0.37000000000000033,0.09899999999999999,0.37000000000000033,0.092
0.1441,0.07592299999999999,5.1000000000000005,0.37000000000000033,0.09899999999999999,0.37000000000000033,0.092
0.14415,0.0745285,4.999999999999999,0.37000000000000033,0.098,0.37000000000000033,0.092
0.1442,0.0732295,4.8999999999999995,0.37000000000000033,0.098,0.37000000000000033,0.092
0.14425000000000002,0.0720175,4.8500000000000005,0.37000000000000033,0.098,0.37000000000000033,0.091
0.1443,0.0709215,4.800000000000001,0.37000000000000033,0.097,0.37000000000000033,0.091
0.14435,0.069864,4.699999999999999,0.37000000000000033,0.097,0.37000000000000033,0.091
0.1444,0.0688645,4.6499999999999995,0.37000000000000033,0.097,0.37000000000000033,0.091
0.14445,0.0679135,4.6,0.37000000000000033,0.096,0.37000000000000033,0.091
0.14450000000000002,0.066998,4.550000000000001,0.37000000000000033,0.096,0.37000000000000033,0.09000000000000001
0.14455,0.066135,4.549999999999999,0.37000000000000033,0.096,0.37000000000000033,0.09000000000000001
0.1446,0.0652285,4.500000000000001,0.35999999999999965,0.096,0.35999999999999965,0.09000000000000001
0.14465,0.064291,4.449999999999999,0.35999999999999965,0.095,0.35999999999999965,0.09000000000000001
0.1447,0.063286,4.4,0.35999999999999965,0.095,0.35999999999999965,0.09000000000000001
0.14475000000000002,0.062106499999999995,4.399999999999999,0.36000000000000054,0.095,1.399999999999998,0.093
0.1448,0.0603465,4.199999999999998,0.4300000000000008,0.094,0.4300000000000008,0.087
0.14485,0.0581685,3.9499999999999993,0.4300000000000008,0.094,0.4300000000000008,0.092
0.1449,0.056057499999999996,3.8,0.4300000000000008,0.094,0.4300000000000008,0.093
0.14495,0.054092999999999995,3.5999999999999988,0.4399999999999997,0.093,0.4399999999999997,0.093
0.14500000000000002,0.0524155,3.4499999999999993,0.42999999999999994,0.094,0.42999999999999994,0.094
0.14505,0.051130999999999996,3.25,0.42999999999999994,0.1,0.42999999999999994,0.1
0.1451,0.050290999999999995,3.0999999999999996,0.42999999999999994,0.104,0.42999999999999994,0.104
0.14515,0.0500855,2.8500000000000005,0.42999999999999994,0.108,0.42999999999999994,0.108
0.1452,0.050520999999999996,2.7,0.42999999999999994,0.112,0.42999999999999994,0.111
0.14525000000000002,0.051693499999999996,2.500000000000001,0.42999999999999994,0.114,0.42999999999999994,0.114
0.1453,0.053791,2.3500000000000005,0.41999999999999926,0.117,0.41999999999999926,0.115
0.14535,0.056880999999999994,2.2,0.41999999999999926,0.11900000000000001,0.41999999999999926,0.115
0.1454,0.060989999999999996,2.2,0.41999999999999926,0.121,0.41999999999999926,0.114
0.14545,0.0652995,2.3000000000000007,0.41999999999999926,0.122,0.41999999999999926,0.114
0.14550000000000002,0.06952549999999999,2.450000000000001,0.41999999999999926,0.12300000000000001,0.41000000000000036,0.11299999999999999
0.14555,0.0737195,2.55,0.41999999999999926,0.124,0.41000000000000036,0.112
0.1456,0.0778165,2.7,0.41999999999999926,0.125,0.41000000000000036,0.111
0.14565,0.0817315,2.8499999999999996,0.41000000000000036,0.126,0.3999999999999997,0.11
0.1457,0.085536,3.0,0.41000000000000036,0.126,0.3999999999999997,0.10900000000000001
0.14575000000000002,0.089156,3.1500000000000004,0.41000000000000036,0.126,0.3999999999999997,0.108
0.1458,0.09257649999999999,3.3,0.41000000000000036,0.126,0.3899999999999999,0.107
0.14585,0.095729,3.45,0.41000000000000036,0.125,0.3899999999999999,0.106
0.1459,0.0987315,3.5500000000000007,0.41000000000000036,0.125,0.3899999999999999,0.10500000000000001
0.14595,0.101601,3.700000000000001,0.3999999999999997,0.124,0.3899999999999999,0.104
0.14600000000000002,0.1042535,3.8500000000000005,0.3999999999999997,0.12300000000000001,0.3899999999999999,0.103
0.14605,0.1065975,4.000000000000001,0.3999999999999997,0.122,0.3899999999999999,0.103
0.1461,0.1086245,4.15,0.3999999999999997,0.121,0.3899999999999999,0.102
0.14615,0.1104695,4.25,0.3899999999999999,0.12000000000000001,0.3799999999999992,0.101
0.1462,0.112149,4.4,0.3899999999999999,0.118,0.3799999999999992,0.101
0.14625000000000002,0.11351,4.55,0.3899999999999999,0.117,0.3799999999999992,0.1
0.1463,0.1145335,4.7,0.3899999999999999,0.115,0.3799999999999992,0.1
0.14635,0.11536199999999999,4.799999999999999,0.3799999999999992,0.114,0.3799999999999992,0.09899999999999999
0.1464,0.11594,4.949999999999999,0.3799999999999992,0.11299999999999999,0.3799999999999992,0.09899999999999999
0.14645,0.11605549999999999,5.1,0.3799999999999992,0.111,0.3799999999999992,0.098
0.14650000000000002,0.116002,5.25,0.3799999999999992,0.11,0.3799999999999992,0.098
0.14655,0.11567899999999999,5.349999999999999,0.3799999999999992,0.10900000000000001,0.3799999999999992,0.097
0.1466,0.115144,5.499999999999999,0.3799999999999992,0.108,0.3799999999999992,0.097
0.14665,0.11420599999999999,5.649999999999999,0.3799999999999992,0.107,0.3799999999999992,0.097
0.1467,0.11276549999999999,5.699999999999999,0.3799999999999992,0.107,0.3799999999999992,0.096
0.14675000000000002,0.111314,5.85,0.3799999999999992,0.106,0.3799999999999992,0.096
0.1468,0.10936349999999999,5.950000000000001,0.3799999999999992,0.10500000000000001,0.3799999999999992,0.095
0.14685,0.1072885,6.05,0.36999999999999944,0.10500000000000001,0.36999999999999944,0.095
0.1469,0.10482849999999999,6.1499999999999995,0.36999999999999944,0.104,0.36999999999999944,0.095
0.14695,0.102127,6.249999999999999,0.36999999999999944,0.103,0.36999999999999944,0.095
0.14700000000000002,0.09915049999999999,6.299999999999999,0.36999999999999944,0.103,0.36999999999999944,0.094
0.14705000000000001,0.0959995,6.3500000000000005,0.36999999999999944,0.102,0.36999999999999944,0.094
0.1471,0.0927305,6.349999999999999,0.36999999999999944,0.102,0.36999999999999944,0.094
0.14715,0.089473,6.2,0.36999999999999944,0.101,0.36999999999999944,0.093
0.1472,0.086519,5.95,0.36999999999999944,0.101,0.36999999999999944,0.093
0.14725000000000002,0.083955,5.7,0.36999999999999944,0.1,0.36999999999999944,0.093
0.14730000000000001,0.08173649999999999,5.55,0.36999999999999944,0.1,0.36999999999999944,0.093
0.14735,0.07978249999999999,5.3500000000000005,0.36999999999999944,0.09899999999999999,0.36999999999999944,0.093
0.1474,0.0780115,5.25,0.36999999999999944,0.09899999999999999,0.36999999999999944,0.092
0.14745,0.076435,5.1499999999999995,0.36999999999999944,0.09899999999999999,0.36999999999999944,0.092
0.14750000000000002,0.07498049999999999,5.05,0.36999999999999944,0.098,0.36999999999999944,0.092
0.14755000000000001,0.07366149999999999,4.95,0.36999999999999944,0.098,0.36999999999999944,0.092
0.1476,0.07243,4.8500000000000005,0.36999999999999944,0.098,0.36999999999999944,0.091
0.14765,0.071286,4.8,0.36999999999999944,0.097,0.36999999999999944,0.091
0.1477,0.07022049999999999,4.749999999999999,0.36999999999999944,0.097,0.36999999999999944,0.091
0.14775000000000002,0.06919349999999999,4.699999999999999,0.36999999999999944,0.097,0.36999999999999944,0.091
0.14780000000000001,0.06823499999999999,4.65,0.36999999999999944,0.096,0.36999999999999944,0.091
0.14785,0.0673265,4.6,0.36999999999999944,0.096,0.36999999999999944,0.091
0.1479,0.066429,4.55,0.36999999999999944,0.096,0.36999999999999944,0.09000000000000001
0.14795,0.0655325,4.5,0.35999999999999965,0.096,0.35999999999999965,0.09000000000000001
0.14800000000000002,0.0646235,4.449999999999999,0.35999999999999965,0.095,0.35999999999999965,0.09000000000000001
0.14805000000000001,0.06362899999999999,4.45,0.35999999999999965,0.095,0.35999999999999965,0.09000000000000001
0.1481,0.0625525,4.3999999999999995,0.34000000000000097,0.095,1.35,0.093
0.14815,0.061049,4.25,0.41000000000000036,0.095,0.41000000000000036,0.085
0.1482,0.0589175,4.05,0.42999999999999994,0.094,0.42999999999999994,0.091
0.14825000000000002,0.056749499999999994,3.85,0.42999999999999994,0.094,0.42999999999999994,0.093
0.14830000000000002,0.054738999999999996,3.65,0.4400000000000006,0.093,0.4400000000000006,0.093
0.14835,0.05294,3.5,0.42999999999999994,0.093,0.42999999999999994,0.093
0.1484,0.051512999999999996,3.3,0.42999999999999994,0.098,0.42999999999999994,0.098
0.14845,0.050532,3.15,0.42999999999999994,0.103,0.42999999999999994,0.103
0.14850000000000002,0.050062499999999996,2.8999999999999995,0.42999999999999994,0.107,0.42999999999999994,0.107
0.14855000000000002,0.050310999999999995,2.7499999999999996,0.42999999999999994,0.11,0.42999999999999994,0.11
0.1486,0.051219,2.5999999999999996,0.42999999999999994,0.11299999999999999,0.42999999999999994,0.11299999999999999
0.14865,0.052976499999999996,2.3999999999999995,0.42999999999999994,0.116,0.42999999999999994,0.114
0.1487,0.055729999999999995,2.2499999999999996,0.42000000000000104,0.118,0.42000000000000104,0.115
0.14875,0.059571,2.15,0.42000000000000104,0.12000000000000001,0.42000000000000104,0.115
0.14880000000000002,0.0638635,2.3,0.42000000000000104,0.122,0.42000000000000104,0.114
0.14885,0.068143,2.3999999999999995,0.42000000000000104,0.12300000000000001,0.41000000000000036,0.11299999999999999
0.1489,0.072314,2.4999999999999996,0.42000000000000104,0.124,0.41000000000000036,0.112
0.14895,0.0764815,2.65,0.42000000000000104,0.125,0.41000000000000036,0.111
0.149,0.0804445,2.8,0.42000000000000104,0.125,0.4000000000000006,0.11
0.14905000000000002,0.08429149999999999,2.9499999999999997,0.41000000000000036,0.126,0.4000000000000006,0.10900000000000001
0.1491,0.0879705,3.1,0.41000000000000036,0.126,0.4000000000000006,0.108
0.14915,0.0914595,3.25,0.41000000000000036,0.126,0.3899999999999999,0.107
0.1492,0.094702,3.4,0.41000000000000036,0.125,0.3899999999999999,0.106
0.14925,0.0977535,3.5,0.41000000000000036,0.125,0.3899999999999999,0.10500000000000001
0.14930000000000002,0.100683,3.65,0.4000000000000006,0.124,0.3899999999999999,0.104
0.14935,0.103374,3.8,0.4000000000000006,0.124,0.3899999999999999,0.104
0.1494,0.10584249999999999,3.95,0.4000000000000006,0.12300000000000001,0.3899999999999999,0.103
0.14945,0.10800649999999999,4.1000000000000005,0.4000000000000006,0.121,0.3899999999999999,0.102
0.1495,0.109831,4.2,0.3899999999999999,0.12000000000000001,0.3800000000000001,0.102
0.14955000000000002,0.11162499999999999,4.3500000000000005,0.3899999999999999,0.11900000000000001,0.3800000000000001,0.101
0.1496,0.113101,4.5,0.3899999999999999,0.117,0.3800000000000001,0.1
0.14965,0.1142545,4.65,0.3899999999999999,0.116,0.3800000000000001,0.1
0.1497,0.11513899999999999,4.800000000000001,0.3800000000000001,0.114,0.3800000000000001,0.09899999999999999
0.14975,0.1158245,4.8999999999999995,0.3800000000000001,0.11299999999999999,0.3800000000000001,0.09899999999999999
0.14980000000000002,0.1160635,5.05,0.3800000000000001,0.112,0.3800000000000001,0.098
0.14985,0.1160505,5.199999999999999,0.3800000000000001,0.111,0.3800000000000001,0.098
0.1499,0.115827,5.3,0.3800000000000001,0.11,0.3800000000000001,0.097
0.14995,0.1153235,5.449999999999999,0.3800000000000001,0.10900000000000001,0.3800000000000001,0.097
0.15,0.11462449999999999,5.6,0.3800000000000001,0.108,0.3800000000000001,0.097
0.15005000000000002,0.113214,5.65,0.3800000000000001,0.107,0.3800000000000001,0.096
0.1501,0.111869,5.8,0.3800000000000001,0.106,0.3800000000000001,0.096
0.15015,0.11008899999999999,5.9,0.3800000000000001,0.10500000000000001,0.3800000000000001,0.096
0.1502,0.1080305,6.0,0.3800000000000001,0.10500000000000001,0.3800000000000001,0.095
0.15025,0.1056685,6.15,0.37000000000000033,0.104,0.37000000000000033,0.095
0.15030000000000002,0.10306399999999999,6.199999999999999,0.37000000000000033,0.104,0.37000000000000033,0.095
0.15035,0.10018149999999999,6.3,0.37000000000000033,0.103,0.37000000000000033,0.094
0.1504,0.097091,6.35,0.37000000000000033,0.102,0.37000000000000033,0.094
0.15045,0.093828,6.35,0.37000000000000033,0.102,0.37000000000000033,0.094
0.1505,0.090569,6.25,0.37000000000000033,0.101,0.37000000000000033,0.094
0.15055000000000002,0.08746949999999999,6.05,0.37000000000000033,0.101,0.37000000000000033,0.093
0.1506,0.08476449999999999,5.8,0.37000000000000033,0.1,0.37000000000000033,0.093
0.15065,0.082453,5.599999999999999,0.37000000000000033,0.1,0.37000000000000033,0.093
0.1507,0.080416,5.3999999999999995,0.37000000000000033,0.1,0.37000000000000033,0.093
0.15075,0.07858799999999999,5.3,0.37000000000000033,0.09899999999999999,0.37000000000000033,0.092
0.15080000000000002,0.076981,5.1499999999999995,0.37000000000000033,0.09899999999999999,0.37000000000000033,0.092
0.15085,0.07546699999999999,5.05,0.37000000000000033,0.098,0.37000000000000033,0.092
0.1509,0.07409149999999999,5.000000000000001,0.37000000000000033,0.098,0.37000000000000033,0.092
0.15095,0.072838,4.9,0.37000000000000033,0.098,0.37000000000000033,0.092
0.151,0.071658,4.849999999999999,0.37000000000000033,0.097,0.37000000000000033,0.091
0.15105000000000002,0.0705855,4.749999999999999,0.37000000000000033,0.097,0.37000000000000033,0.091
0.1511,0.06954049999999999,4.7,0.37000000000000033,0.097,0.37000000000000033,0.091
0.15115,0.068573,4.65,0.37000000000000033,0.097,0.37000000000000033,0.091
0.1512,0.067642,4.599999999999999,0.37000000000000033,0.096,0.37000000000000033,0.091
0.15125,0.066722,4.549999999999999,0.37000000000000033,0.096,0.37000000000000033,0.09000000000000001
0.15130000000000002,0.0658545,4.499999999999999,0.37000000000000033,0.096,0.37000000000000033,0.09000000000000001
0.15135,0.064931,4.5,0.36000000000000054,0.095,0.36000000000000054,0.09000000000000001
0.1514,0.0639845,4.45,0.36000000000000054,0.095,0.36000000000000054,0.09000000000000001
0.15145,0.0629145,4.4,0.34999999999999987,0.095,0.34999999999999987,0.089
0.1515,0.0616395,4.299999999999999,0.3899999999999999,0.095,0.3899999999999999,0.082
0.15155000000000002,0.059662,4.1,0.42999999999999994,0.094,0.42999999999999994,0.089
0.1516,0.0574705,3.8999999999999995,0.42999999999999994,0.094,0.42999999999999994,0.093
0.15165,0.055398499999999996,3.749999999999999,0.4399999999999997,0.093,0.4399999999999997,0.093
0.1517,0.0535185,3.55,0.4399999999999997,0.093,0.4399999999999997,0.093
0.15175,0.0519475,3.3999999999999995,0.42999999999999994,0.096,0.42999999999999994,0.096
0.15180000000000002,0.050805499999999996,3.2,0.42999999999999994,0.101,0.42999999999999994,0.101
0.15185,0.050145999999999996,3.0,0.42999999999999994,0.106,0.42999999999999994,0.106
0.1519,0.050172999999999995,2.8000000000000007,0.42999999999999994,0.10900000000000001,0.42999999999999994,0.10900000000000001
0.15195,0.050825499999999996,2.6500000000000004,0.42999999999999994,0.11299999999999999,0.42999999999999994,0.112
0.152,0.052294,2.450000000000001,0.42999999999999994,0.115,0.42999999999999994,0.114
0.15205000000000002,0.054695999999999995,2.3000000000000007,0.42000000000000015,0.118,0.42000000000000015,0.115
0.1521,0.058171,2.1500000000000004,0.42000000000000015,0.12000000000000001,0.42000000000000015,0.115
0.15215,0.0624435,2.250000000000001,0.42000000000000015,0.121,0.42000000000000015,0.114
0.1522,0.066719,2.3500000000000005,0.42000000000000015,0.12300000000000001,0.42000000000000015,0.11299999999999999
0.15225,0.07091399999999999,2.500000000000001,0.42000000000000015,0.124,0.4099999999999995,0.11299999999999999
0.15230000000000002,0.075113,2.5999999999999996,0.42000000000000015,0.125,0.4099999999999995,0.111
0.15235,0.0791465,2.75,0.42000000000000015,0.125,0.3999999999999997,0.11
0.1524,0.0830365,2.8999999999999995,0.4099999999999995,0.126,0.3999999999999997,0.10900000000000001
0.15245,0.08676149999999999,3.05,0.4099999999999995,0.126,0.3999999999999997,0.108
0.1525,0.0903195,3.1999999999999993,0.4099999999999995,0.126,0.3899999999999999,0.107
0.15255000000000002,0.093662,3.3499999999999996,0.4099999999999995,0.126,0.3899999999999999,0.106
0.1526,0.09676549999999999,3.45,0.4099999999999995,0.125,0.3899999999999999,0.106
0.15265,0.09972099999999999,3.6000000000000005,0.4099999999999995,0.125,0.3899999999999999,0.10500000000000001
0.1527,0.10252349999999999,3.750000000000001,0.3999999999999997,0.124,0.3899999999999999,0.104
0.15275,0.10504899999999999,3.9000000000000004,0.3999999999999997,0.12300000000000001,0.3899999999999999,0.103
0.15280000000000002,0.10732799999999999,4.050000000000001,0.3999999999999997,0.122,0.3899999999999999,0.102
0.15285,0.109234,4.200000000000001,0.3999999999999997,0.121,0.3899999999999999,0.102
0.1529,0.1110765,4.300000000000001,0.3899999999999999,0.11900000000000001,0.3800000000000001,0.101
0.15295,0.1126335,4.45,0.3899999999999999,0.118,0.3800000000000001,0.101
0.153,0.11391699999999999,4.6000000000000005,0.3899999999999999,0.116,0.3800000000000001,0.1
0.15305000000000002,0.1148515,4.75,0.3800000000000001,0.115,0.3800000000000001,0.1
0.1531,0.11562249999999999,4.85,0.3800000000000001,0.11299999999999999,0.3800000000000001,0.09899999999999999
0.15315,0.1160615,5.0,0.3800000000000001,0.112,0.3800000000000001,0.098
0.1532,0.11609799999999999,5.1499999999999995,0.3800000000000001,0.111,0.3800000000000001,0.098
0.15325,0.11595649999999999,5.3,0.3800000000000001,0.11,0.3800000000000001,0.098
0.15330000000000002,0.1155215,5.399999999999999,0.3800000000000001,0.10900000000000001,0.3800000000000001,0.097
0.15335000000000001,0.114921,5.549999999999999,0.3800000000000001,0.108,0.3800000000000001,0.097
0.1534,0.11380649999999999,5.6499999999999995,0.3800000000000001,0.107,0.3800000000000001,0.096
0.15345,0.11234999999999999,5.75,0.3800000000000001,0.106,0.3800000000000001,0.096
0.1535,0.11076899999999999,5.8500000000000005,0.3800000000000001,0.106,0.3800000000000001,0.096
0.15355000000000002,0.108722,6.000000000000001,0.3800000000000001,0.10500000000000001,0.3800000000000001,0.095
0.15360000000000001,0.106527,6.1000000000000005,0.37000000000000033,0.104,0.37000000000000033,0.095
0.15365,0.103992,6.2,0.37000000000000033,0.104,0.37000000000000033,0.095
0.1537,0.101176,6.299999999999999,0.37000000000000033,0.103,0.37000000000000033,0.094
0.15375,0.0981295,6.349999999999999,0.37000000000000033,0.103,0.37000000000000033,0.094
0.15380000000000002,0.094952,6.349999999999999,0.37000000000000033,0.102,0.37000000000000033,0.094
0.15385000000000001,0.09165749999999999,6.3,0.37000000000000033,0.102,0.37000000000000033,0.094
0.1539,0.08848349999999999,6.15,0.37000000000000033,0.101,0.37000000000000033,0.093
0.15395,0.0856445,5.8999999999999995,0.37000000000000033,0.101,0.37000000000000033,0.093
0.154,0.0832125,5.6499999999999995,0.37000000000000033,0.1,0.37000000000000033,0.093
0.15405000000000002,0.0810805,5.449999999999999,0.37000000000000033,0.1,0.37000000000000033,0.093
0.15410000000000001,0.07918599999999999,5.3,0.37000000000000033,0.09899999999999999,0.37000000000000033,0.092
0.15415,0.077511,5.2,0.37000000000000033,0.09899999999999999,0.37000000000000033,0.092
0.1542,0.07595049999999999,5.1000000000000005,0.37000000000000033,0.09899999999999999,0.37000000000000033,0.092
0.15425,0.074556,4.999999999999999,0.37000000000000033,0.098,0.37000000000000033,0.092
0.15430000000000002,0.073256,4.8999999999999995,0.37000000000000033,0.098,0.37000000000000033,0.092
0.15435000000000001,0.0720475,4.8500000000000005,0.37000000000000033,0.098,0.37000000000000033,0.091
0.1544,0.070951,4.8,0.37000000000000033,0.097,0.37000000000000033,0.091
0.15445,0.069897,4.75,0.37000000000000033,0.097,0.37000000000000033,0.091
0.1545,0.068891,4.6499999999999995,0.37000000000000033,0.097,0.37000000000000033,0.091
0.15455000000000002,0.06794399999999999,4.6,0.37000000000000033,0.096,0.37000000000000033,0.091
0.15460000000000002,0.067022,4.6000000000000005,0.37000000000000033,0.096,0.37000000000000033,0.09000000000000001
0.15465,0.0661625,4.55,0.37000000000000033,0.096,0.37000000000000033,0.09000000000000001
0.1547,0.0652545,4.5,0.35999999999999965,0.096,0.35999999999999965,0.09000000000000001
0.15475,0.064318,4.449999999999999,0.35999999999999965,0.095,0.35999999999999965,0.09000000000000001
0.15480000000000002,0.063303,4.3999999999999995,0.35999999999999965,0.095,0.35999999999999965,0.09000000000000001
0.15485000000000002,0.062128499999999996,4.4,0.35999999999999965,0.095,1.4,0.093
0.1549,0.060371499999999995,4.2,0.4300000000000008,0.094,0.4300000000000008,0.087
0.15495,0.0581905,3.9499999999999997,0.4300000000000008,0.094,0.4300000000000008,0.092
0.155,0.056077999999999996,3.8,0.4300000000000008,0.094,0.4300000000000008,0.093
0.15505000000000002,0.0541115,3.5999999999999996,0.4399999999999997,0.093,0.4399999999999997,0.093
0.15510000000000002,0.0524315,3.4499999999999997,0.42999999999999994,0.094,0.42999999999999994,0.094
0.15515,0.051151999999999996,3.25,0.42999999999999994,0.1,0.42999999999999994,0.1
0.1552,0.0503065,3.0999999999999996,0.42999999999999994,0.104,0.42999999999999994,0.104
0.15525,0.050098,2.8499999999999996,0.42999999999999994,0.108,0.42999999999999994,0.108
0.1553,0.0505365,2.6999999999999997,0.42999999999999994,0.112,0.42999999999999994,0.111
0.15535000000000002,0.051705,2.4999999999999996,0.42999999999999994,0.114,0.42999999999999994,0.114
0.1554,0.0537995,2.3499999999999996,0.41999999999999926,0.117,0.41999999999999926,0.115
0.15545,0.056889999999999996,2.1999999999999997,0.41999999999999926,0.11900000000000001,0.41999999999999926,0.115
0.1555,0.060996999999999996,2.1999999999999997,0.41999999999999926,0.121,0.41999999999999926,0.114
0.15555,0.065306,2.3,0.41999999999999926,0.122,0.41999999999999926,0.114
0.15560000000000002,0.069531,2.4499999999999997,0.41999999999999926,0.12300000000000001,0.4099999999999995,0.11299999999999999
0.15565,0.073726,2.55,0.41999999999999926,0.124,0.4099999999999995,0.112
0.1557,0.077827,2.6999999999999997,0.41999999999999926,0.125,0.4099999999999995,0.111
0.15575,0.081742,2.8499999999999996,0.4099999999999995,0.126,0.3999999999999997,0.11
0.1558,0.0855445,2.9999999999999996,0.4099999999999995,0.126,0.3999999999999997,0.10900000000000001
0.15585000000000002,0.0891685,3.15,0.4099999999999995,0.126,0.3999999999999997,0.108
0.1559,0.09258799999999999,3.3,0.4099999999999995,0.126,0.3899999999999999,0.107
0.15595,0.0957445,3.4499999999999997,0.4099999999999995,0.125,0.3899999999999999,0.106
0.156,0.098744,3.5500000000000003,0.4099999999999995,0.125,0.3899999999999999,0.10500000000000001
0.15605,0.101614,3.7,0.3999999999999997,0.124,0.3899999999999999,0.104
0.15610000000000002,0.1042675,3.85,0.3999999999999997,0.12300000000000001,0.3899999999999999,0.103
0.15615,0.1066125,4.0,0.3999999999999997,0.122,0.3899999999999999,0.103
0.1562,0.10864199999999999,4.15,0.3999999999999997,0.121,0.3899999999999999,0.102
0.15625,0.1104835,4.25,0.3899999999999999,0.12000000000000001,0.3799999999999992,0.101
0.1563,0.11216899999999999,4.4,0.3899999999999999,0.118,0.3799999999999992,0.101
0.15635000000000002,0.11352799999999999,4.55,0.3899999999999999,0.117,0.3799999999999992,0.1
0.1564,0.11455749999999999,4.7,0.3899999999999999,0.115,0.3799999999999992,0.1
0.15645,0.11538599999999999,4.799999999999999,0.3799999999999992,0.114,0.3799999999999992,0.09899999999999999
0.1565,0.115966,4.949999999999999,0.3799999999999992,0.11299999999999999,0.3799999999999992,0.09899999999999999
0.15655,0.11608399999999999,5.1,0.3799999999999992,0.111,0.3799999999999992,0.098
0.15660000000000002,0.116033,5.249999999999999,0.3799999999999992,0.11,0.3799999999999992,0.098
0.15665,0.11570899999999999,5.35,0.3799999999999992,0.10900000000000001,0.3799999999999992,0.097
0.1567,0.1151735,5.499999999999999,0.3799999999999992,0.108,0.3799999999999992,0.097
0.15675,0.1142405,5.6499999999999995,0.3799999999999992,0.107,0.3799999999999992,0.097
0.1568,0.11279149999999999,5.699999999999999,0.3799999999999992,0.107,0.3799999999999992,0.096
0.15685000000000002,0.11134799999999999,5.85,0.3799999999999992,0.106,0.3799999999999992,0.096
0.1569,0.1094005,5.95,0.3799999999999992,0.10500000000000001,0.3799999999999992,0.095
0.15695,0.1073305,6.05,0.36999999999999944,0.10500000000000001,0.36999999999999944,0.095
0.157,0.10486799999999999,6.1499999999999995,0.36999999999999944,0.104,0.36999999999999944,0.095
0.15705,0.10216599999999999,6.249999999999999,0.36999999999999944,0.103,0.36999999999999944,0.095
0.15710000000000002,0.09919299999999999,6.3,0.36999999999999944,0.103,0.36999999999999944,0.094
0.15715,0.096042,6.349999999999999,0.36999999999999944,0.102,0.36999999999999944,0.094
0.1572,0.09276949999999999,6.3500000000000005,0.36999999999999944,0.102,0.36999999999999944,0.094
0.15725,0.08952299999999999,6.2,0.36999999999999944,0.101,0.36999999999999944,0.093
0.1573,0.0865565,5.95,0.36999999999999944,0.101,0.36999999999999944,0.093
0.15735000000000002,0.0839915,5.7,0.36999999999999944,0.1,0.36999999999999944,0.093
0.1574,0.0817715,5.55,0.36999999999999944,0.1,0.36999999999999944,0.093
0.15745,0.0798115,5.349999999999999,0.36999999999999944,0.09899999999999999,0.36999999999999944,0.093
0.1575,0.078043,5.25,0.36999999999999944,0.09899999999999999,0.36999999999999944,0.092
0.15755,0.076462,5.149999999999998,0.36999999999999944,0.09899999999999999,0.36999999999999944,0.092
0.15760000000000002,0.0750035,5.050000000000001,0.36999999999999944,0.098,0.36999999999999944,0.092
0.15765,0.073686,4.949999999999998,0.36999999999999944,0.098,0.36999999999999944,0.092
0.1577,0.0724495,4.85,0.36999999999999944,0.098,0.36999999999999944,0.091
0.15775,0.0713095,4.8,0.36999999999999944,0.097,0.36999999999999944,0.091
0.1578,0.070241,4.75,0.36999999999999944,0.097,0.36999999999999944,0.091
0.15785000000000002,0.06922149999999999,4.7,0.36999999999999944,0.097,0.36999999999999944,0.091
0.1579,0.06826399999999999,4.6499999999999995,0.36999999999999944,0.096,0.36999999999999944,0.091
0.15795,0.0673545,4.600000000000001,0.36999999999999944,0.096,0.36999999999999944,0.091
0.158,0.066452,4.55,0.36999999999999944,0.096,0.36999999999999944,0.09000000000000001
0.15805,0.0655505,4.5,0.35999999999999965,0.096,0.35999999999999965,0.09000000000000001
0.15810000000000002,0.0646465,4.449999999999998,0.35999999999999965,0.095,0.35999999999999965,0.09000000000000001
0.15815,0.0636475,4.450000000000001,0.35999999999999965,0.095,0.35999999999999965,0.09000000000000001
0.1582,0.0625715,4.3999999999999995,0.34000000000000097,0.095,1.349999999999999,0.093
0.15825,0.061066499999999996,4.249999999999998,0.4099999999999995,0.095,0.4099999999999995,0.085
0.1583,0.0589335,4.049999999999999,0.42999999999999905,0.094,0.42999999999999905,0.091
0.15835000000000002,0.0567675,3.8499999999999996,0.42999999999999905,0.094,0.42999999999999905,0.093
0.1584,0.054751499999999995,3.6499999999999995,0.4399999999999997,0.093,0.4399999999999997,0.093
0.15845,0.0529575,3.5,0.4399999999999997,0.093,0.4399999999999997,0.093
0.1585,0.0515305,3.299999999999999,0.42999999999999994,0.098,0.42999999999999994,0.098
0.15855,0.050544,3.1499999999999995,0.42999999999999994,0.103,0.42999999999999994,0.103
0.15860000000000002,0.050082999999999996,2.95,0.42999999999999994,0.107,0.42999999999999994,0.107
0.15865,0.050319499999999996,2.750000000000001,0.42999999999999994,0.11,0.42999999999999994,0.11
0.1587,0.051226999999999995,2.6000000000000005,0.42999999999999994,0.11299999999999999,0.42999999999999994,0.11299999999999999
0.15875,0.0529875,2.4000000000000004,0.42999999999999994,0.116,0.42999999999999994,0.114
0.1588,0.055737499999999995,2.250000000000001,0.41999999999999926,0.118,0.41999999999999926,0.115
0.15885000000000002,0.0595765,2.1500000000000004,0.41999999999999926,0.12000000000000001,0.41999999999999926,0.115
0.1589,0.063869,2.3000000000000007,0.41999999999999926,0.122,0.41999999999999926,0.114
0.15895,0.0681475,2.4000000000000004,0.41999999999999926,0.12300000000000001,0.41000000000000036,0.11299999999999999
0.159,0.072323,2.499999999999999,0.41999999999999926,0.124,0.41000000000000036,0.112
0.15905,0.0764865,2.6499999999999995,0.41999999999999926,0.125,0.41000000000000036,0.111
0.15910000000000002,0.080456,2.8,0.41999999999999926,0.125,0.4000000000000006,0.11
0.15915,0.084303,2.9499999999999993,0.41000000000000036,0.126,0.4000000000000006,0.10900000000000001
0.1592,0.08798099999999999,3.1000000000000005,0.41000000000000036,0.126,0.4000000000000006,0.108
0.15925,0.0914705,3.25,0.41000000000000036,0.126,0.3899999999999999,0.107
0.1593,0.094718,3.4000000000000004,0.41000000000000036,0.125,0.3899999999999999,0.106
0.15935000000000002,0.09776399999999999,3.500000000000001,0.41000000000000036,0.125,0.3899999999999999,0.10500000000000001
0.15940000000000001,0.1006905,3.6500000000000012,0.4000000000000006,0.124,0.3899999999999999,0.104
0.15945,0.1033905,3.8000000000000007,0.4000000000000006,0.124,0.3899999999999999,0.104
0.1595,0.10585299999999999,3.950000000000001,0.4000000000000006,0.12300000000000001,0.3899999999999999,0.103
0.15955,0.10802049999999999,4.100000000000001,0.4000000000000006,0.121,0.3899999999999999,0.102
0.15960000000000002,0.1098445,4.2,0.3899999999999999,0.12000000000000001,0.3800000000000001,0.102
0.15965000000000001,0.111644,4.3500000000000005,0.3899999999999999,0.11900000000000001,0.3800000000000001,0.101
0.1597,0.113119,4.5,0.3899999999999999,0.117,0.3800000000000001,0.1
0.15975,0.11427699999999999,4.65,0.3899999999999999,0.116,0.3800000000000001,0.1
0.1598,0.115163,4.8,0.3800000000000001,0.114,0.3800000000000001,0.09899999999999999
0.15985000000000002,0.115842,4.8999999999999995,0.3800000000000001,0.11299999999999999,0.3800000000000001,0.09899999999999999
0.15990000000000001,0.116086,5.049999999999999,0.3800000000000001,0.112,0.3800000000000001,0.098
0.15995,0.1160755,5.199999999999999,0.3800000000000001,0.111,0.3800000000000001,0.098
0.16,0.11584749999999999,5.299999999999999,0.3800000000000001,0.11,0.3800000000000001,0.097
0.16005,0.11534799999999999,5.449999999999998,0.3800000000000001,0.10900000000000001,0.3800000000000001,0.097
0.16010000000000002,0.1146485,5.599999999999999,0.3800000000000001,0.108,0.3800000000000001,0.097
0.16015000000000001,0.1132455,5.6499999999999995,0.3800000000000001,0.107,0.3800000000000001,0.096
0.1602,0.1118965,5.8,0.3800000000000001,0.106,0.3800000000000001,0.096
0.16025,0.11011599999999999,5.900000000000001,0.3800000000000001,0.10500000000000001,0.3800000000000001,0.096
0.1603,0.10805899999999999,6.0,0.3800000000000001,0.10500000000000001,0.3800000000000001,0.095
0.16035000000000002,0.105709,6.1499999999999995,0.37000000000000033,0.104,0.37000000000000033,0.095
0.16040000000000001,0.103099,6.199999999999998,0.37000000000000033,0.104,0.37000000000000033,0.095
0.16045,0.100214,6.3,0.37000000000000033,0.103,0.37000000000000033,0.094
0.1605,0.09712749999999999,6.3500000000000005,0.37000000000000033,0.102,0.37000000000000033,0.094
0.16055,0.09386699999999999,6.3500000000000005,0.37000000000000033,0.102,0.37000000000000033,0.094
0.16060000000000002,0.09060599999999999,6.25,0.37000000000000033,0.101,0.37000000000000033,0.094
0.16065000000000002,0.087504,6.05,0.37000000000000033,0.101,0.37000000000000033,0.093
0.1607,0.0847945,5.8,0.37000000000000033,0.1,0.37000000000000033,0.093
0.16075,0.08247399999999999,5.6000000000000005,0.37000000000000033,0.1,0.37000000000000033,0.093
0.1608,0.08044749999999999,5.4,0.37000000000000033,0.1,0.37000000000000033,0.093
0.16085000000000002,0.0786125,5.3,0.37000000000000033,0.09899999999999999,0.37000000000000033,0.092
0.16090000000000002,0.077002,5.1499999999999995,0.37000000000000033,0.09899999999999999,0.37000000000000033,0.092
0.16095,0.07549,5.05,0.37000000000000033,0.098,0.37000000000000033,0.092
0.161,0.0741115,5.000000000000001,0.37000000000000033,0.098,0.37000000000000033,0.092
0.16105,0.072864,4.8999999999999995,0.37000000000000033,0.098,0.37000000000000033,0.092
0.16110000000000002,0.071681,4.8500000000000005,0.37000000000000033,0.097,0.37000000000000033,0.091
0.16115000000000002,0.0706135,4.750000000000001,0.37000000000000033,0.097,0.37000000000000033,0.091
0.1612,0.0695595,4.699999999999999,0.37000000000000033,0.097,0.37000000000000033,0.091
0.16125,0.0685945,4.65,0.37000000000000033,0.097,0.37000000000000033,0.091
0.1613,0.067662,4.6,0.37000000000000033,0.096,0.37000000000000033,0.091
0.16135000000000002,0.0667405,4.55,0.37000000000000033,0.096,0.37000000000000033,0.09000000000000001
0.16140000000000002,0.065868,4.5,0.37000000000000033,0.096,0.37000000000000033,0.09000000000000001
0.16145,0.064952,4.5,0.36000000000000054,0.095,0.36000000000000054,0.09000000000000001
0.1615,0.0639995,4.45,0.36000000000000054,0.095,0.36000000000000054,0.09000000000000001
0.16155,0.06293699999999999,4.3999999999999995,0.34999999999999987,0.095,0.34999999999999987,0.089
0.16160000000000002,0.061656499999999996,4.300000000000001,0.3899999999999999,0.095,0.3899999999999999,0.082
0.16165000000000002,0.0596755,4.1,0.42999999999999994,0.094,0.42999999999999994,0.089
0.1617,0.057485499999999995,3.9,0.42999999999999994,0.094,0.42999999999999994,0.093
0.16175,0.055413,3.75,0.4399999999999997,0.093,0.4399999999999997,0.093
0.1618,0.053531499999999996,3.55,0.4399999999999997,0.093,0.4399999999999997,0.093
0.16185000000000002,0.051963499999999996,3.4,0.42999999999999994,0.096,0.42999999999999994,0.096
0.16190000000000002,0.050823,3.2,0.42999999999999994,0.101,0.42999999999999994,0.101
0.16195,0.0501605,2.9999999999999996,0.42999999999999994,0.106,0.42999999999999994,0.106
0.162,0.0501825,2.8,0.42999999999999994,0.10900000000000001,0.42999999999999994,0.10900000000000001
0.16205,0.050834,2.65,0.42999999999999994,0.11299999999999999,0.42999999999999994,0.112
0.1621,0.0523005,2.4499999999999997,0.42999999999999994,0.115,0.42999999999999994,0.114
0.16215000000000002,0.0547015,2.3,0.42000000000000015,0.118,0.42000000000000015,0.115
0.1622,0.058178499999999994,2.15,0.42000000000000015,0.12000000000000001,0.42000000000000015,0.115
0.16225,0.062445999999999995,2.2499999999999996,0.42000000000000015,0.121,0.42000000000000015,0.114
0.1623,0.066728,2.3499999999999996,0.42000000000000015,0.12300000000000001,0.42000000000000015,0.11299999999999999
0.16235,0.0709195,2.4999999999999996,0.42000000000000015,0.124,0.4099999999999995,0.11299999999999999
0.16240000000000002,0.07512049999999999,2.6,0.42000000000000015,0.125,0.4099999999999995,0.111
0.16245,0.0791505,2.75,0.42000000000000015,0.125,0.3999999999999997,0.11
0.1625,0.08304199999999999,2.9,0.4099999999999995,0.126,0.3999999999999997,0.10900000000000001
0.16255,0.0867695,3.05,0.4099999999999995,0.126,0.3999999999999997,0.108
0.1626,0.09032699999999999,3.1999999999999997,0.4099999999999995,0.126,0.389999999999999,0.107
0.16265000000000002,0.09366949999999999,3.3499999999999996,0.4099999999999995,0.126,0.389999999999999,0.106
0.1627,0.0967745,3.4499999999999997,0.4099999999999995,0.125,0.389999999999999,0.106
0.16275,0.099731,3.6,0.4099999999999995,0.125,0.389999999999999,0.10500000000000001
0.1628,0.1025345,3.75,0.3999999999999997,0.124,0.389999999999999,0.104
0.16285,0.10506199999999999,3.9,0.3999999999999997,0.12300000000000001,0.389999999999999,0.103
0.16290000000000002,0.10733849999999999,4.05,0.3999999999999997,0.122,0.389999999999999,0.102
0.16295,0.1092495,4.2,0.3999999999999997,0.121,0.389999999999999,0.102
0.163,0.1110915,4.3,0.389999999999999,0.11900000000000001,0.3800000000000001,0.101
0.16305,0.1126505,4.45,0.389999999999999,0.118,0.3800000000000001,0.101
0.1631,0.11393049999999999,4.6,0.389999999999999,0.116,0.3800000000000001,0.1
0.16315000000000002,0.114867,4.75,0.3800000000000001,0.115,0.3800000000000001,0.1
0.1632,0.11563849999999999,4.85,0.3800000000000001,0.11299999999999999,0.3800000000000001,0.09899999999999999
0.16325,0.11607999999999999,5.0,0.3800000000000001,0.112,0.3800000000000001,0.09899999999999999
0.1633,0.1161195,5.1499999999999995,0.3800000000000001,0.111,0.3800000000000001,0.098
0.16335,0.115978,5.3,0.3800000000000001,0.11,0.3800000000000001,0.098
0.16340000000000002,0.11553849999999999,5.3999999999999995,0.3800000000000001,0.10900000000000001,0.3800000000000001,0.097
0.16345,0.1149485,5.55,0.3800000000000001,0.108,0.3800000000000001,0.097
0.1635,0.113839,5.65,0.3800000000000001,0.107,0.3800000000000001,0.096
0.16355,0.112372,5.75,0.3800000000000001,0.106,0.3800000000000001,0.096
0.1636,0.110791,5.8500000000000005,0.3800000000000001,0.106,0.3800000000000001,0.096
0.16365000000000002,0.108751,6.0,0.3800000000000001,0.10500000000000001,0.3800000000000001,0.095
0.1637,0.1065545,6.1000000000000005,0.36999999999999944,0.104,0.36999999999999944,0.095
0.16375,0.104016,6.2,0.36999999999999944,0.104,0.36999999999999944,0.095
0.1638,0.1011965,6.3,0.36999999999999944,0.103,0.36999999999999944,0.094
0.16385,0.0981625,6.3500000000000005,0.36999999999999944,0.103,0.36999999999999944,0.094
0.16390000000000002,0.09498,6.35,0.36999999999999944,0.102,0.36999999999999944,0.094
0.16395,0.091685,6.3,0.36999999999999944,0.102,0.36999999999999944,0.094
0.164,0.08850999999999999,6.1499999999999995,0.36999999999999944,0.101,0.36999999999999944,0.093
0.16405,0.085668,5.8999999999999995,0.36999999999999944,0.101,0.36999999999999944,0.093
0.1641,0.083233,5.6499999999999995,0.36999999999999944,0.1,0.36999999999999944,0.093
0.16415000000000002,0.0811065,5.45,0.36999999999999944,0.1,0.36999999999999944,0.093
0.1642,0.07921199999999999,5.3,0.36999999999999944,0.09899999999999999,0.36999999999999944,0.092
0.16425,0.077531,5.2,0.36999999999999944,0.09899999999999999,0.36999999999999944,0.092
0.1643,0.07597,5.1000000000000005,0.36999999999999944,0.09899999999999999,0.36999999999999944,0.092
0.16435,0.07457849999999999,4.999999999999999,0.36999999999999944,0.098,0.36999999999999944,0.092
0.16440000000000002,0.073277,4.8999999999999995,0.36999999999999944,0.098,0.36999999999999944,0.092
0.16445,0.07207,4.8500000000000005,0.36999999999999944,0.098,0.36999999999999944,0.091
0.1645,0.0709675,4.800000000000001,0.36999999999999944,0.097,0.36999999999999944,0.091
0.16455,0.06991549999999999,4.749999999999999,0.36999999999999944,0.097,0.36999999999999944,0.091
0.1646,0.068913,4.6499999999999995,0.36999999999999944,0.097,0.36999999999999944,0.091
0.16465000000000002,0.06795749999999999,4.6,0.36999999999999944,0.096,0.36999999999999944,0.091
0.1647,0.0670395,4.6,0.36999999999999944,0.096,0.36999999999999944,0.09000000000000001
0.16475,0.066181,4.549999999999999,0.36999999999999944,0.096,0.36999999999999944,0.09000000000000001
0.1648,0.065269,4.500000000000001,0.35999999999999965,0.096,0.35999999999999965,0.09000000000000001
0.16485,0.064331,4.449999999999999,0.35999999999999965,0.095,0.35999999999999965,0.09000000000000001
0.16490000000000002,0.063321,4.4,0.35999999999999965,0.095,0.35999999999999965,0.09000000000000001
0.16495,0.062143,4.399999999999999,0.36000000000000054,0.095,1.399999999999998,0.093
0.165,0.060386999999999996,4.199999999999998,0.4300000000000008,0.094,0.4300000000000008,0.087
0.16505,0.058204,3.9499999999999993,0.4300000000000008,0.094,0.4300000000000008,0.092
0.1651,0.0560885,3.8,0.4300000000000008,0.094,0.4300000000000008,0.093
0.16515000000000002,0.0541255,3.5999999999999988,0.4400000000000006,0.093,0.4400000000000006,0.093
0.1652,0.0524385,3.4499999999999993,0.4300000000000008,0.094,0.4300000000000008,0.094
0.16525,0.051164999999999995,3.25,0.4300000000000008,0.1,0.4300000000000008,0.1
0.1653,0.0503165,3.0999999999999996,0.4300000000000008,0.104,0.4300000000000008,0.104
0.16535,0.050105,2.8500000000000005,0.4300000000000008,0.108,0.4300000000000008,0.108
0.16540000000000002,0.050545,2.7,0.4300000000000008,0.112,0.4300000000000008,0.111
0.16545,0.0517155,2.55,0.4300000000000008,0.114,0.4300000000000008,0.114
0.1655,0.053804,2.3500000000000005,0.42000000000000015,0.117,0.42000000000000015,0.115
0.16555,0.056895999999999995,2.2,0.42000000000000015,0.11900000000000001,0.42000000000000015,0.115
0.1656,0.061001,2.2,0.42000000000000015,0.121,0.42000000000000015,0.114
0.16565000000000002,0.065307,2.3000000000000007,0.42000000000000015,0.122,0.42000000000000015,0.114
0.16570000000000001,0.069539,2.450000000000001,0.42000000000000015,0.12300000000000001,0.41000000000000036,0.11299999999999999
0.16575,0.07373199999999999,2.55,0.42000000000000015,0.124,0.41000000000000036,0.112
0.1658,0.0778325,2.7,0.42000000000000015,0.125,0.41000000000000036,0.111
0.16585,0.0817485,2.8499999999999996,0.41000000000000036,0.126,0.4000000000000006,0.11
0.16590000000000002,0.0855505,3.0,0.41000000000000036,0.126,0.4000000000000006,0.10900000000000001
0.16595000000000001,0.08917699999999999,3.1500000000000004,0.41000000000000036,0.126,0.4000000000000006,0.108
0.166,0.092594,3.3,0.41000000000000036,0.126,0.3900000000000008,0.107
0.16605,0.0957505,3.45,0.41000000000000036,0.125,0.3900000000000008,0.106
0.1661,0.098755,3.5500000000000007,0.41000000000000036,0.125,0.3900000000000008,0.10500000000000001
0.16615000000000002,0.10162349999999999,3.700000000000001,0.4000000000000006,0.124,0.3900000000000008,0.104
0.16620000000000001,0.1042795,3.8500000000000005,0.4000000000000006,0.12300000000000001,0.3900000000000008,0.103
0.16625,0.1066235,4.000000000000001,0.4000000000000006,0.122,0.3900000000000008,0.103
0.1663,0.108652,4.15,0.4000000000000006,0.121,0.3900000000000008,0.102
0.16635,0.1104975,4.25,0.3900000000000008,0.12000000000000001,0.3800000000000001,0.101
0.16640000000000002,0.11218449999999999,4.4,0.3900000000000008,0.118,0.3800000000000001,0.101
0.16645000000000001,0.11354249999999999,4.55,0.3900000000000008,0.117,0.3800000000000001,0.1
0.1665,0.11456899999999999,4.7,0.3900000000000008,0.115,0.3800000000000001,0.1
0.16655,0.115406,4.799999999999999,0.3800000000000001,0.114,0.3800000000000001,0.09899999999999999
0.1666,0.1159795,4.949999999999999,0.3800000000000001,0.11299999999999999,0.3800000000000001,0.09899999999999999
0.16665000000000002,0.11609799999999999,5.1,0.3800000000000001,0.111,0.3800000000000001,0.098
0.16670000000000001,0.1160485,5.25,0.3800000000000001,0.11,0.3800000000000001,0.098
0.16675,0.115724,5.349999999999999,0.3800000000000001,0.10900000000000001,0.3800000000000001,0.097
0.1668,0.1151855,5.499999999999999,0.3800000000000001,0.108,0.3800000000000001,0.097
0.16685,0.11426549999999999,5.649999999999999,0.3800000000000001,0.108,0.3800000000000001,0.097
0.16690000000000002,0.1128125,5.699999999999999,0.3800000000000001,0.107,0.3800000000000001,0.096
0.16695000000000002,0.11137549999999999,5.85,0.3800000000000001,0.106,0.3800000000000001,0.096
0.167,0.10942199999999999,5.950000000000001,0.3800000000000001,0.10500000000000001,0.3800000000000001,0.095
0.16705,0.10735549999999999,6.05,0.37000000000000033,0.10500000000000001,0.37000000000000033,0.095
0.1671,0.10489599999999999,6.1499999999999995,0.37000000000000033,0.104,0.37000000000000033,0.095
0.16715000000000002,0.10219199999999999,6.249999999999999,0.37000000000000033,0.103,0.37000000000000033,0.095
0.16720000000000002,0.0992165,6.299999999999999,0.37000000000000033,0.103,0.37000000000000033,0.094
0.16725,0.0960685,6.3500000000000005,0.37000000000000033,0.102,0.37000000000000033,0.094
0.1673,0.0927945,6.349999999999999,0.37000000000000033,0.102,0.37000000000000033,0.094
0.16735,0.089547,6.2,0.37000000000000033,0.101,0.37000000000000033,0.093
0.16740000000000002,0.086585,5.95,0.37000000000000033,0.101,0.37000000000000033,0.093
0.16745000000000002,0.08401349999999999,5.7,0.37000000000000033,0.1,0.37000000000000033,0.093
0.1675,0.0817955,5.55,0.37000000000000033,0.1,0.37000000000000033,0.093
0.16755,0.079829,5.3500000000000005,0.37000000000000033,0.09899999999999999,0.37000000000000033,0.093
0.1676,0.078064,5.25,0.37000000000000033,0.09899999999999999,0.37000000000000033,0.092
0.16765000000000002,0.07647799999999999,5.1499999999999995,0.37000000000000033,0.09899999999999999,0.37000000000000033,0.092
0.16770000000000002,0.075018,5.05,0.37000000000000033,0.098,0.37000000000000033,0.092
0.16775,0.0737015,4.95,0.37000000000000033,0.098,0.37000000000000033,0.092
0.1678,0.0724655,4.8500000000000005,0.37000000000000033,0.098,0.37000000000000033,0.091
0.16785,0.07132,4.8,0.37000000000000033,0.097,0.37000000000000033,0.091
0.16790000000000002,0.070259,4.749999999999999,0.37000000000000033,0.097,0.37000000000000033,0.091
0.16795000000000002,0.06923649999999999,4.699999999999999,0.37000000000000033,0.097,0.37000000000000033,0.091
0.168,0.06828,4.65,0.37000000000000033,0.096,0.37000000000000033,0.091
0.16805,0.0673685,4.6,0.37000000000000033,0.096,0.37000000000000033,0.091
0.1681,0.066468,4.55,0.37000000000000033,0.096,0.37000000000000033,0.09000000000000001
0.16815000000000002,0.065565,4.5,0.35999999999999965,0.096,0.35999999999999965,0.09000000000000001
0.16820000000000002,0.064658,4.449999999999999,0.35999999999999965,0.095,0.35999999999999965,0.09000000000000001
0.16825,0.06365749999999999,4.45,0.35999999999999965,0.095,0.35999999999999965,0.09000000000000001
0.1683,0.062586,4.3999999999999995,0.34000000000000097,0.095,1.35,0.093
0.16835,0.0610815,4.25,0.4099999999999995,0.095,0.4099999999999995,0.085
0.16840000000000002,0.058943999999999996,4.05,0.42999999999999905,0.094,0.42999999999999905,0.091
0.16845000000000002,0.056778999999999996,3.85,0.42999999999999905,0.094,0.42999999999999905,0.093
0.1685,0.0547645,3.65,0.4399999999999997,0.093,0.4399999999999997,0.093
0.16855,0.052968499999999995,3.5,0.4399999999999997,0.093,0.4399999999999997,0.093
0.1686,0.0515415,3.3,0.42999999999999994,0.098,0.42999999999999994,0.098
0.16865,0.0505505,3.15,0.42999999999999994,0.103,0.42999999999999994,0.103
0.16870000000000002,0.050096499999999995,2.9499999999999997,0.42999999999999994,0.107,0.42999999999999994,0.107
0.16875,0.050324,2.7499999999999996,0.42999999999999994,0.11,0.42999999999999994,0.11
0.1688,0.051233999999999995,2.5999999999999996,0.42999999999999994,0.114,0.42999999999999994,0.11299999999999999
0.16885,0.0529935,2.3999999999999995,0.42999999999999994,0.116,0.42999999999999994,0.114
0.1689,0.055743999999999995,2.2499999999999996,0.41999999999999926,0.118,0.41999999999999926,0.115
0.16895000000000002,0.059581999999999996,2.15,0.41999999999999926,0.12000000000000001,0.41999999999999926,0.115
0.169,0.063872,2.3,0.41999999999999926,0.122,0.41999999999999926,0.114
0.16905,0.0681515,2.3999999999999995,0.41999999999999926,0.12300000000000001,0.41000000000000036,0.11299999999999999
0.1691,0.07232949999999999,2.4999999999999996,0.41999999999999926,0.124,0.41000000000000036,0.112
0.16915,0.07649349999999999,2.65,0.41999999999999926,0.125,0.41000000000000036,0.111
0.16920000000000002,0.08046249999999999,2.8,0.41999999999999926,0.125,0.3999999999999997,0.11
0.16925,0.0843085,2.9499999999999997,0.41000000000000036,0.126,0.3999999999999997,0.10900000000000001
0.1693,0.087986,3.1,0.41000000000000036,0.126,0.3999999999999997,0.108
0.16935,0.0914745,3.25,0.41000000000000036,0.126,0.3899999999999999,0.107
0.1694,0.09472449999999999,3.4,0.41000000000000036,0.125,0.3899999999999999,0.106
0.16945000000000002,0.0977755,3.5,0.41000000000000036,0.125,0.3899999999999999,0.10500000000000001
0.1695,0.1007,3.65,0.3999999999999997,0.124,0.3899999999999999,0.104
0.16955,0.10339899999999999,3.8,0.3999999999999997,0.124,0.3899999999999999,0.104
0.1696,0.10586,3.95,0.3999999999999997,0.12300000000000001,0.3899999999999999,0.103
0.16965,0.10803349999999999,4.1000000000000005,0.3999999999999997,0.121,0.3899999999999999,0.102
0.16970000000000002,0.1098605,4.2,0.3899999999999999,0.12000000000000001,0.3800000000000001,0.102
0.16975,0.11165449999999999,4.3500000000000005,0.3899999999999999,0.11900000000000001,0.3800000000000001,0.101
0.1698,0.11312749999999999,4.5,0.3899999999999999,0.117,0.3800000000000001,0.1
0.16985,0.114287,4.65,0.3899999999999999,0.116,0.3800000000000001,0.1
0.1699,0.1151755,4.800000000000001,0.3800000000000001,0.114,0.3800000000000001,0.09899999999999999
0.16995000000000002,0.1158565,4.8999999999999995,0.3800000000000001,0.11299999999999999,0.3800000000000001,0.09899999999999999
0.17,0.116101,5.05,0.3800000000000001,0.112,0.3800000000000001,0.098
0.17005,0.116092,5.199999999999999,0.3800000000000001,0.111,0.3800000000000001,0.098
0.1701,0.115866,5.3,0.3800000000000001,0.11,0.3800000000000001,0.097
0.17015,0.11536149999999999,5.449999999999999,0.3800000000000001,0.10900000000000001,0.3800000000000001,0.097
0.17020000000000002,0.11466,5.6,0.3800000000000001,0.108,0.3800000000000001,0.097
0.17025,0.11326349999999999,5.65,0.3800000000000001,0.107,0.3800000000000001,0.096
0.1703,0.1119125,5.8,0.3800000000000001,0.106,0.3800000000000001,0.096
0.17035,0.1101355,5.9,0.3800000000000001,0.106,0.3800000000000001,0.096
0.1704,0.1080785,6.0,0.3800000000000001,0.10500000000000001,0.3800000000000001,0.095
0.17045000000000002,0.10572949999999999,6.15,0.37000000000000033,0.104,0.37000000000000033,0.095
0.1705,0.1031245,6.199999999999999,0.37000000000000033,0.104,0.37000000000000033,0.095
0.17055,0.10023599999999999,6.3,0.37000000000000033,0.103,0.37000000000000033,0.094
0.1706,0.0971515,6.35,0.37000000000000033,0.102,0.37000000000000033,0.094
0.17065,0.09389149999999999,6.35,0.37000000000000033,0.102,0.37000000000000033,0.094
0.17070000000000002,0.0906265,6.25,0.37000000000000033,0.101,0.37000000000000033,0.094
0.17075,0.087527,6.05,0.37000000000000033,0.101,0.37000000000000033,0.093
0.1708,0.084813,5.8,0.37000000000000033,0.1,0.37000000000000033,0.093
0.17085,0.08249,5.599999999999999,0.37000000000000033,0.1,0.37000000000000033,0.093
0.1709,0.08046299999999999,5.3999999999999995,0.37000000000000033,0.1,0.37000000000000033,0.093
0.17095000000000002,0.07863049999999999,5.3,0.37000000000000033,0.09899999999999999,0.37000000000000033,0.092
0.171,0.0770175,5.1499999999999995,0.37000000000000033,0.09899999999999999,0.37000000000000033,0.092
0.17105,0.0755055,5.05,0.37000000000000033,0.098,0.37000000000000033,0.092
0.1711,0.0741255,5.000000000000001,0.37000000000000033,0.098,0.37000000000000033,0.092
0.17115,0.072875,4.9,0.37000000000000033,0.098,0.37000000000000033,0.092
0.17120000000000002,0.071695,4.849999999999999,0.37000000000000033,0.097,0.37000000000000033,0.091
0.17125,0.07062249999999999,4.749999999999999,0.37000000000000033,0.097,0.37000000000000033,0.091
0.1713,0.0695775,4.7,0.37000000000000033,0.097,0.37000000000000033,0.091
0.17135,0.0686065,4.65,0.37000000000000033,0.097,0.37000000000000033,0.091
0.1714,0.06767,4.599999999999999,0.37000000000000033,0.096,0.37000000000000033,0.091
0.17145000000000002,0.06675149999999999,4.549999999999999,0.37000000000000033,0.096,0.37000000000000033,0.09000000000000001
0.1715,0.0658795,4.499999999999999,0.37000000000000033,0.096,0.37000000000000033,0.09000000000000001
0.17155,0.0649645,4.5,0.36000000000000054,0.095,0.36000000000000054,0.09000000000000001
0.1716,0.06401,4.45,0.36000000000000054,0.095,0.36000000000000054,0.09000000000000001
0.17165,0.06294949999999999,4.4,0.34999999999999987,0.095,0.34999999999999987,0.089
0.17170000000000002,0.0616645,4.299999999999999,0.3899999999999999,0.095,0.3899999999999999,0.082
0.17175,0.059682,4.1,0.42999999999999994,0.094,0.42999999999999994,0.089
0.1718,0.057492499999999995,3.8999999999999995,0.42999999999999994,0.094,0.42999999999999994,0.093
0.17185,0.0554205,3.749999999999999,0.4400000000000006,0.093,0.4400000000000006,0.093
0.1719,0.0535405,3.55,0.4400000000000006,0.093,0.4400000000000006,0.093
0.17195000000000002,0.051977999999999996,3.3999999999999995,0.42999999999999994,0.096,0.42999999999999994,0.096
0.17200000000000001,0.0508285,3.2,0.42999999999999994,0.101,0.42999999999999994,0.101
0.17205,0.0501675,3.0,0.42999999999999994,0.106,0.42999999999999994,0.106
0.1721,0.050186499999999995,2.8000000000000007,0.42999999999999994,0.10900000000000001,0.42999999999999994,0.10900000000000001
0.17215,0.050837999999999994,2.6500000000000004,0.42999999999999994,0.11299999999999999,0.42999999999999994,0.112
0.17220000000000002,0.052303499999999996,2.450000000000001,0.42999999999999994,0.115,0.42999999999999994,0.114
0.17225000000000001,0.054704499999999996,2.3000000000000007,0.42000000000000104,0.118,0.42000000000000104,0.115
0.1723,0.058181,2.1500000000000004,0.42000000000000104,0.12000000000000001,0.42000000000000104,0.115
0.17235,0.0624495,2.250000000000001,0.42000000000000104,0.121,0.42000000000000104,0.114
0.1724,0.06673,2.3500000000000005,0.42000000000000104,0.12300000000000001,0.42000000000000104,0.11299999999999999
0.17245000000000002,0.0709245,2.500000000000001,0.42000000000000104,0.124,0.41000000000000036,0.11299999999999999
0.17250000000000001,0.075122,2.5999999999999996,0.42000000000000104,0.125,0.41000000000000036,0.111
0.17255,0.079152,2.75,0.42000000000000104,0.125,0.4000000000000006,0.11
0.1726,0.08304399999999999,2.8999999999999995,0.41000000000000036,0.126,0.4000000000000006,0.10900000000000001
0.17265,0.08677449999999999,3.05,0.41000000000000036,0.126,0.4000000000000006,0.108
0.17270000000000002,0.090331,3.1999999999999993,0.41000000000000036,0.126,0.3899999999999999,0.107
0.17275000000000001,0.0936755,3.3499999999999996,0.41000000000000036,0.126,0.3899999999999999,0.106
0.1728,0.096784,3.45,0.41000000000000036,0.125,0.3899999999999999,0.106
0.17285,0.09974,3.6000000000000005,0.41000000000000036,0.125,0.3899999999999999,0.10500000000000001
0.1729,0.10253899999999999,3.750000000000001,0.4000000000000006,0.124,0.3899999999999999,0.104
0.17295000000000002,0.1050705,3.9000000000000004,0.4000000000000006,0.12300000000000001,0.3899999999999999,0.103
0.17300000000000001,0.107347,4.050000000000001,0.4000000000000006,0.122,0.3899999999999999,0.102
0.17305,0.10925499999999999,4.200000000000001,0.4000000000000006,0.121,0.3899999999999999,0.102
0.1731,0.1110975,4.300000000000001,0.3899999999999999,0.11900000000000001,0.380000000000001,0.101
0.17315,0.112657,4.45,0.3899999999999999,0.118,0.380000000000001,0.101
0.17320000000000002,0.113941,4.6000000000000005,0.3899999999999999,0.116,0.380000000000001,0.1
0.17325000000000002,0.11487599999999999,4.75,0.380000000000001,0.115,0.380000000000001,0.1
0.1733,0.115648,4.85,0.380000000000001,0.11299999999999999,0.380000000000001,0.09899999999999999
0.17335,0.116091,5.0,0.380000000000001,0.112,0.380000000000001,0.09899999999999999
0.1734,0.1161275,5.1499999999999995,0.380000000000001,0.111,0.380000000000001,0.098
0.17345000000000002,0.115989,5.3,0.380000000000001,0.11,0.380000000000001,0.098
0.17350000000000002,0.1155505,5.399999999999999,0.380000000000001,0.10900000000000001,0.380000000000001,0.097
0.17355,0.114961,5.549999999999999,0.380000000000001,0.108,0.380000000000001,0.097
0.1736,0.1138565,5.6499999999999995,0.380000000000001,0.107,0.380000000000001,0.096
0.17365,0.11238849999999999,5.75,0.380000000000001,0.106,0.380000000000001,0.096
0.17370000000000002,0.11080849999999999,5.8500000000000005,0.380000000000001,0.106,0.380000000000001,0.096
0.17375000000000002,0.1087715,6.000000000000001,0.380000000000001,0.10500000000000001,0.380000000000001,0.095
0.1738,0.1065715,6.1000000000000005,0.37000000000000033,0.104,0.37000000000000033,0.095
0.17385,0.10403899999999999,6.2,0.37000000000000033,0.104,0.37000000000000033,0.095
0.1739,0.10121799999999999,6.299999999999999,0.37000000000000033,0.103,0.37000000000000033,0.094
0.17395000000000002,0.098188,6.349999999999999,0.37000000000000033,0.103,0.37000000000000033,0.094
0.17400000000000002,0.094995,6.349999999999999,0.37000000000000033,0.102,0.37000000000000033,0.094
0.17405,0.0917055,6.3,0.37000000000000033,0.102,0.37000000000000033,0.094
0.1741,0.0885285,6.15,0.37000000000000033,0.101,0.37000000000000033,0.093
0.17415,0.0856875,5.8999999999999995,0.37000000000000033,0.101,0.37000000000000033,0.093
0.17420000000000002,0.083248,5.6499999999999995,0.37000000000000033,0.1,0.37000000000000033,0.093
0.17425000000000002,0.0811195,5.449999999999999,0.37000000000000033,0.1,0.37000000000000033,0.093
0.1743,0.079232,5.3,0.37000000000000033,0.09899999999999999,0.37000000000000033,0.092
0.17435,0.0775445,5.2,0.37000000000000033,0.09899999999999999,0.37000000000000033,0.092
0.1744,0.0759865,5.1000000000000005,0.37000000000000033,0.09899999999999999,0.37000000000000033,0.092
0.17445000000000002,0.0745955,4.999999999999999,0.37000000000000033,0.098,0.37000000000000033,0.092
0.17450000000000002,0.0732925,4.95,0.37000000000000033,0.098,0.37000000000000033,0.092
0.17455,0.07208049999999999,4.8500000000000005,0.37000000000000033,0.098,0.37000000000000033,0.091
0.1746,0.070979,4.8,0.37000000000000033,0.097,0.37000000000000033,0.091
0.17465,0.06992799999999999,4.75,0.37000000000000033,0.097,0.37000000000000033,0.091
0.17470000000000002,0.0689245,4.6499999999999995,0.37000000000000033,0.097,0.37000000000000033,0.091
0.17475000000000002,0.067965,4.6,0.37000000000000033,0.096,0.37000000000000033,0.091
0.1748,0.0670585,4.6000000000000005,0.37000000000000033,0.096,0.37000000000000033,0.09000000000000001
0.17485,0.0661905,4.55,0.37000000000000033,0.096,0.37000000000000033,0.09000000000000001
0.1749,0.06527949999999999,4.5,0.36000000000000054,0.096,0.36000000000000054,0.09000000000000001
0.17495000000000002,0.06434,4.449999999999999,0.36000000000000054,0.095,0.36000000000000054,0.09000000000000001
0.17500000000000002,0.0633285,4.3999999999999995,0.36000000000000054,0.095,0.36000000000000054,0.09000000000000001
0.17505,0.0621515,4.4,0.35999999999999965,0.095,1.4,0.093
0.1751,0.0603945,4.2,0.4300000000000008,0.094,0.4300000000000008,0.087
0.17515,0.058212,3.9499999999999997,0.4300000000000008,0.094,0.4300000000000008,0.092
0.1752,0.0560945,3.8,0.4300000000000008,0.094,0.4300000000000008,0.093
0.17525000000000002,0.054134499999999995,3.5999999999999996,0.4400000000000006,0.093,0.4400000000000006,0.093
0.1753,0.052442499999999996,3.4499999999999997,0.42999999999999994,0.094,0.42999999999999994,0.094
0.17535,0.051175,3.25,0.42999999999999994,0.1,0.42999999999999994,0.1
0.1754,0.0503235,3.0999999999999996,0.42999999999999994,0.104,0.42999999999999994,0.104
0.17545,0.050110999999999996,2.8499999999999996,0.42999999999999994,0.108,0.42999999999999994,0.108
0.17550000000000002,0.0505495,2.6999999999999997,0.42999999999999994,0.112,0.42999999999999994,0.111
0.17555,0.0517225,2.5499999999999994,0.42999999999999994,0.114,0.42999999999999994,0.114
0.1756,0.0538105,2.3499999999999996,0.42000000000000015,0.117,0.42000000000000015,0.115
0.17565,0.056898,2.1999999999999997,0.42000000000000015,0.11900000000000001,0.42000000000000015,0.115
0.1757,0.061002,2.1999999999999997,0.42000000000000015,0.121,0.42000000000000015,0.114
0.17575000000000002,0.06530949999999999,2.3,0.42000000000000015,0.122,0.42000000000000015,0.114
0.1758,0.06954199999999999,2.4499999999999997,0.42000000000000015,0.12300000000000001,0.41000000000000036,0.11299999999999999
0.17585,0.073735,2.55,0.42000000000000015,0.124,0.41000000000000036,0.112
0.1759,0.077836,2.6999999999999997,0.42000000000000015,0.125,0.41000000000000036,0.111
0.17595,0.08175,2.8499999999999996,0.41000000000000036,0.126,0.3999999999999997,0.11
0.17600000000000002,0.08555299999999999,2.9999999999999996,0.41000000000000036,0.126,0.3999999999999997,0.10900000000000001
0.17605,0.08918,3.15,0.41000000000000036,0.126,0.3999999999999997,0.108
0.1761,0.09260149999999999,3.3,0.41000000000000036,0.126,0.3900000000000008,0.107
0.17615,0.0957615,3.4499999999999997,0.41000000000000036,0.125,0.3900000000000008,0.106
0.1762,0.0987605,3.5500000000000003,0.41000000000000036,0.125,0.3900000000000008,0.10500000000000001
0.17625000000000002,0.1016275,3.7,0.3999999999999997,0.124,0.3900000000000008,0.104
0.1763,0.10428499999999999,3.85,0.3999999999999997,0.12300000000000001,0.3900000000000008,0.103
0.17635,0.106629,4.0,0.3999999999999997,0.122,0.3900000000000008,0.103
0.1764,0.1086605,4.15,0.3999999999999997,0.121,0.3900000000000008,0.102
0.17645,0.1105075,4.25,0.3900000000000008,0.12000000000000001,0.3800000000000001,0.101
0.17650000000000002,0.1121925,4.4,0.3900000000000008,0.118,0.3800000000000001,0.101
0.17655,0.1135505,4.55,0.3900000000000008,0.117,0.3800000000000001,0.1
0.1766,0.114576,4.7,0.3900000000000008,0.115,0.3800000000000001,0.1
0.17665,0.11541499999999999,4.799999999999999,0.3800000000000001,0.114,0.3800000000000001,0.09899999999999999
0.1767,0.1159885,4.949999999999999,0.3800000000000001,0.11299999999999999,0.3800000000000001,0.09899999999999999
0.17675000000000002,0.11610749999999999,5.1,0.3800000000000001,0.111,0.3800000000000001,0.098
0.1768,0.1160605,5.249999999999999,0.3800000000000001,0.11,0.3800000000000001,0.098
0.17685,0.11573349999999999,5.35,0.3800000000000001,0.10900000000000001,0.3800000000000001,0.097
0.1769,0.11519399999999999,5.499999999999999,0.3800000000000001,0.108,0.3800000000000001,0.097
0.17695,0.114283,5.6499999999999995,0.3800000000000001,0.108,0.3800000000000001,0.097
0.17700000000000002,0.11282299999999999,5.699999999999999,0.3800000000000001,0.107,0.3800000000000001,0.096
0.17705,0.1113885,5.85,0.3800000000000001,0.106,0.3800000000000001,0.096
0.1771,0.1094385,5.95,0.3800000000000001,0.10500000000000001,0.3800000000000001,0.095
0.17715,0.107372,6.05,0.37000000000000033,0.10500000000000001,0.37000000000000033,0.095
0.1772,0.104915,6.1499999999999995,0.37000000000000033,0.104,0.37000000000000033,0.095
0.17725000000000002,0.10220749999999999,6.249999999999999,0.37000000000000033,0.103,0.37000000000000033,0.095
0.1773,0.099232,6.3,0.37000000000000033,0.103,0.37000000000000033,0.094
0.17735,0.09608499999999999,6.349999999999999,0.37000000000000033,0.102,0.37000000000000033,0.094
0.1774,0.09280949999999999,6.3500000000000005,0.37000000000000033,0.102,0.37000000000000033,0.094
0.17745,0.0895675,6.2,0.37000000000000033,0.101,0.37000000000000033,0.093
0.17750000000000002,0.086599,5.95,0.37000000000000033,0.101,0.37000000000000033,0.093
0.17755,0.084024,5.7,0.37000000000000033,0.1,0.37000000000000033,0.093
0.1776,0.081812,5.55,0.37000000000000033,0.1,0.37000000000000033,0.093
0.17765,0.0798435,5.349999999999999,0.37000000000000033,0.09899999999999999,0.37000000000000033,0.093
0.1777,0.07807549999999999,5.25,0.37000000000000033,0.09899999999999999,0.37000000000000033,0.092
0.17775000000000002,0.07649199999999999,5.149999999999998,0.37000000000000033,0.09899999999999999,0.37000000000000033,0.092
0.1778,0.075031,5.050000000000001,0.37000000000000033,0.098,0.37000000000000033,0.092
0.17785,0.073714,4.949999999999998,0.37000000000000033,0.098,0.37000000000000033,0.092
0.1779,0.072479,4.8999999999999995,0.37000000000000033,0.098,0.37000000000000033,0.091
0.17795,0.07133199999999999,4.8,0.37000000000000033,0.097,0.37000000000000033,0.091
0.17800000000000002,0.0702735,4.75,0.37000000000000033,0.097,0.37000000000000033,0.091
0.17805,0.069246,4.7,0.37000000000000033,0.097,0.37000000000000033,0.091
0.1781,0.068287,4.6499999999999995,0.37000000000000033,0.096,0.37000000000000033,0.091
0.17815,0.06737549999999999,4.600000000000001,0.37000000000000033,0.096,0.37000000000000033,0.091
0.1782,0.06647549999999999,4.55,0.37000000000000033,0.096,0.37000000000000033,0.09000000000000001
0.17825000000000002,0.06557299999999999,4.5,0.35999999999999965,0.096,0.35999999999999965,0.09000000000000001
0.17830000000000001,0.064666,4.449999999999998,0.35999999999999965,0.095,0.35999999999999965,0.09000000000000001
0.17835,0.063665,4.450000000000001,0.35999999999999965,0.095,0.35999999999999965,0.09000000000000001
0.1784,0.062592,4.3999999999999995,0.34000000000000097,0.095,1.349999999999999,0.093
0.17845,0.061085999999999994,4.249999999999998,0.41000000000000036,0.095,0.41000000000000036,0.085
0.17850000000000002,0.0589545,4.049999999999999,0.42999999999999994,0.094,0.42999999999999994,0.091
0.17855000000000001,0.0567835,3.8499999999999996,0.42999999999999994,0.094,0.42999999999999994,0.093
0.1786,0.0547715,3.6499999999999995,0.4399999999999997,0.093,0.4399999999999997,0.093
0.17865,0.0529745,3.5,0.4399999999999997,0.093,0.4399999999999997,0.093
0.1787,0.051547499999999996,3.299999999999999,0.42999999999999994,0.098,0.42999999999999994,0.098
0.17875000000000002,0.050554999999999996,3.1499999999999995,0.42999999999999994,0.103,0.42999999999999994,0.103
0.17880000000000001,0.0500995,2.95,0.42999999999999994,0.107,0.42999999999999994,0.107
0.17885,0.0503295,2.750000000000001,0.42999999999999994,0.11,0.42999999999999994,0.11
0.1789,0.0512385,2.6000000000000005,0.42999999999999994,0.114,0.42999999999999994,0.11299999999999999
0.17895,0.052997499999999996,2.4000000000000004,0.42999999999999994,0.116,0.42999999999999994,0.114
0.17900000000000002,0.055744999999999996,2.250000000000001,0.41999999999999926,0.118,0.41999999999999926,0.115
0.17905000000000001,0.059584,2.1500000000000004,0.41999999999999926,0.12000000000000001,0.41999999999999926,0.115
0.1791,0.0638745,2.3000000000000007,0.41999999999999926,0.122,0.41999999999999926,0.114
0.17915,0.06815249999999999,2.4000000000000004,0.41999999999999926,0.12300000000000001,0.4099999999999995,0.11299999999999999
0.1792,0.0723325,2.499999999999999,0.41999999999999926,0.124,0.4099999999999995,0.112
0.17925000000000002,0.0764965,2.6499999999999995,0.41999999999999926,0.125,0.4099999999999995,0.111
0.17930000000000001,0.0804665,2.8,0.41999999999999926,0.125,0.3999999999999997,0.11
0.17935,0.084311,2.9499999999999993,0.4099999999999995,0.126,0.3999999999999997,0.10900000000000001
0.1794,0.0879875,3.1000000000000005,0.4099999999999995,0.126,0.3999999999999997,0.108
0.17945,0.091476,3.25,0.4099999999999995,0.126,0.3899999999999999,0.107
0.17950000000000002,0.09472749999999999,3.4000000000000004,0.4099999999999995,0.125,0.3899999999999999,0.106
0.17955000000000002,0.0977815,3.500000000000001,0.4099999999999995,0.125,0.3899999999999999,0.10500000000000001
0.1796,0.100703,3.6500000000000012,0.3999999999999997,0.124,0.3899999999999999,0.104
0.17965,0.1034055,3.8000000000000007,0.3999999999999997,0.124,0.3899999999999999,0.104
0.1797,0.1058645,3.950000000000001,0.3999999999999997,0.12300000000000001,0.3899999999999999,0.103
0.17975000000000002,0.108038,4.100000000000001,0.3999999999999997,0.121,0.3899999999999999,0.102
0.17980000000000002,0.10986299999999999,4.2,0.3899999999999999,0.12000000000000001,0.3799999999999992,0.102
0.17985,0.111664,4.3500000000000005,0.3899999999999999,0.11900000000000001,0.3799999999999992,0.101
0.1799,0.113136,4.5,0.3899999999999999,0.117,0.3799999999999992,0.1
0.17995,0.1142965,4.65,0.3899999999999999,0.116,0.3799999999999992,0.1
0.18000000000000002,0.11518199999999999,4.8,0.3799999999999992,0.114,0.3799999999999992,0.09899999999999999
0.18005000000000002,0.1158665,4.8999999999999995,0.3799999999999992,0.11299999999999999,0.3799999999999992,0.09899999999999999
0.1801,0.1161155,5.049999999999999,0.3799999999999992,0.112,0.3799999999999992,0.098
0.18015,0.116102,5.199999999999999,0.3799999999999992,0.111,0.3799999999999992,0.098
0.1802,0.115878,5.299999999999999,0.3799999999999992,0.11,0.3799999999999992,0.097
0.18025000000000002,0.115369,5.449999999999998,0.3799999999999992,0.10900000000000001,0.3799999999999992,0.097
0.18030000000000002,0.11466799999999999,5.599999999999999,0.3799999999999992,0.108,0.3799999999999992,0.097
0.18035,0.113276,5.6499999999999995,0.3799999999999992,0.107,0.3799999999999992,0.096
0.1804,0.111926,5.8,0.3799999999999992,0.106,0.3799999999999992,0.096
0.18045,0.1101495,5.900000000000001,0.3799999999999992,0.106,0.3799999999999992,0.096
0.18050000000000002,0.108096,6.0,0.3799999999999992,0.10500000000000001,0.3799999999999992,0.095
0.18055000000000002,0.105741,6.1499999999999995,0.36999999999999944,0.104,0.36999999999999944,0.095
0.1806,0.10313499999999999,6.199999999999998,0.36999999999999944,0.104,0.36999999999999944,0.095
0.18065,0.1002515,6.3,0.36999999999999944,0.103,0.36999999999999944,0.094
0.1807,0.0971645,6.3500000000000005,0.36999999999999944,0.102,0.36999999999999944,0.094
0.18075000000000002,0.09390599999999999,6.3500000000000005,0.36999999999999944,0.102,0.36999999999999944,0.094
0.18080000000000002,0.090638,6.25,0.36999999999999944,0.101,0.36999999999999944,0.094
0.18085,0.087542,6.05,0.36999999999999944,0.101,0.36999999999999944,0.093
0.1809,0.084827,5.8,0.36999999999999944,0.1,0.36999999999999944,0.093
0.18095,0.08250299999999999,5.6000000000000005,0.36999999999999944,0.1,0.36999999999999944,0.093
0.18100000000000002,0.08047449999999999,5.4,0.36999999999999944,0.1,0.36999999999999944,0.093
0.18105000000000002,0.0786375,5.3,0.36999999999999944,0.09899999999999999,0.36999999999999944,0.092
0.1811,0.0770275,5.1499999999999995,0.36999999999999944,0.09899999999999999,0.36999999999999944,0.092
0.18115,0.075515,5.05,0.36999999999999944,0.09899999999999999,0.36999999999999944,0.092
0.1812,0.07413449999999999,5.000000000000001,0.36999999999999944,0.098,0.36999999999999944,0.092
0.18125000000000002,0.07288449999999999,4.8999999999999995,0.36999999999999944,0.098,0.36999999999999944,0.092
0.18130000000000002,0.0716995,4.8500000000000005,0.36999999999999944,0.097,0.36999999999999944,0.091
0.18135,0.0706295,4.750000000000001,0.36999999999999944,0.097,0.36999999999999944,0.091
0.1814,0.069587,4.699999999999999,0.36999999999999944,0.097,0.36999999999999944,0.091
0.18145,0.068614,4.65,0.36999999999999944,0.097,0.36999999999999944,0.091
0.18150000000000002,0.067679,4.6,0.36999999999999944,0.096,0.36999999999999944,0.091
0.18155000000000002,0.066758,4.55,0.36999999999999944,0.096,0.36999999999999944,0.09000000000000001
0.1816,0.06589099999999999,4.5,0.36999999999999944,0.096,0.36999999999999944,0.09000000000000001
0.18165,0.0649735,4.5,0.35999999999999965,0.095,0.35999999999999965,0.09000000000000001
0.1817,0.06401749999999999,4.45,0.35999999999999965,0.095,0.35999999999999965,0.09000000000000001
0.18175,0.062957,4.3999999999999995,0.34999999999999987,0.095,0.34999999999999987,0.089
0.18180000000000002,0.061671,4.300000000000001,0.3899999999999999,0.095,0.3899999999999999,0.082
0.18185,0.059689,4.1,0.42999999999999994,0.094,0.42999999999999994,0.089
0.1819,0.0574965,3.9,0.42999999999999994,0.094,0.42999999999999994,0.093
0.18195,0.055424999999999995,3.75,0.4400000000000006,0.093,0.4400000000000006,0.093
0.182,0.053543999999999994,3.55,0.4400000000000006,0.093,0.4400000000000006,0.093
0.18205000000000002,0.051983499999999995,3.4,0.42999999999999994,0.096,0.42999999999999994,0.096
0.1821,0.050832999999999996,3.2,0.42999999999999994,0.101,0.42999999999999994,0.101
0.18215,0.050171999999999994,2.9999999999999996,0.42999999999999994,0.106,0.42999999999999994,0.106
0.1822,0.050189,2.8,0.42999999999999994,0.10900000000000001,0.42999999999999994,0.10900000000000001
0.18225,0.0508425,2.65,0.42999999999999994,0.11299999999999999,0.42999999999999994,0.112
0.18230000000000002,0.052307,2.4499999999999997,0.42999999999999994,0.115,0.42999999999999994,0.114
0.18235,0.054709999999999995,2.3,0.42000000000000104,0.118,0.42000000000000104,0.115
0.1824,0.0581835,2.15,0.42000000000000104,0.12000000000000001,0.42000000000000104,0.115
0.18245,0.062451,2.2499999999999996,0.42000000000000104,0.121,0.42000000000000104,0.114
0.1825,0.066731,2.3499999999999996,0.42000000000000104,0.12300000000000001,0.42000000000000104,0.11299999999999999
0.18255000000000002,0.0709265,2.4999999999999996,0.42000000000000104,0.124,0.41000000000000036,0.11299999999999999
0.1826,0.0751245,2.6,0.42000000000000104,0.125,0.41000000000000036,0.111
0.18265,0.07915699999999999,2.75,0.42000000000000104,0.125,0.4000000000000006,0.11
0.1827,0.083046,2.9,0.41000000000000036,0.126,0.4000000000000006,0.10900000000000001
0.18275,0.0867775,3.05,0.41000000000000036,0.126,0.4000000000000006,0.108
0.18280000000000002,0.090335,3.1999999999999997,0.41000000000000036,0.126,0.3899999999999999,0.107
0.18285,0.093677,3.3499999999999996,0.41000000000000036,0.126,0.3899999999999999,0.106
0.1829,0.0967885,3.4499999999999997,0.41000000000000036,0.125,0.3899999999999999,0.106
0.18295,0.099743,3.6,0.41000000000000036,0.125,0.3899999999999999,0.10500000000000001
0.183,0.1025425,3.75,0.4000000000000006,0.124,0.3899999999999999,0.104
0.18305000000000002,0.10507649999999999,3.9,0.4000000000000006,0.12300000000000001,0.3899999999999999,0.103
0.1831,0.10735149999999999,4.05,0.4000000000000006,0.122,0.3899999999999999,0.102
0.18315,0.1092625,4.2,0.4000000000000006,0.121,0.3899999999999999,0.102
0.1832,0.111105,4.3,0.3899999999999999,0.11900000000000001,0.3800000000000001,0.101
0.18325,0.11266649999999999,4.45,0.3899999999999999,0.118,0.3800000000000001,0.101
0.18330000000000002,0.1139475,4.6,0.3899999999999999,0.116,0.3800000000000001,0.1
0.18335,0.114884,4.75,0.3800000000000001,0.115,0.3800000000000001,0.1
0.1834,0.1156555,4.85,0.3800000000000001,0.11299999999999999,0.3800000000000001,0.09899999999999999
0.18345,0.11609549999999999,5.0,0.3800000000000001,0.112,0.3800000000000001,0.09899999999999999
0.1835,0.11613699999999999,5.1499999999999995,0.3800000000000001,0.111,0.3800000000000001,0.098
0.18355000000000002,0.1159945,5.3,0.3800000000000001,0.11,0.3800000000000001,0.098
0.1836,0.1155595,5.3999999999999995,0.3800000000000001,0.10900000000000001,0.3800000000000001,0.097
0.18365,0.11496899999999999,5.55,0.3800000000000001,0.108,0.3800000000000001,0.097
0.1837,0.11386399999999999,5.65,0.3800000000000001,0.107,0.3800000000000001,0.096
0.18375,0.1123965,5.75,0.3800000000000001,0.106,0.3800000000000001,0.096
0.18380000000000002,0.11082399999999999,5.8500000000000005,0.3800000000000001,0.106,0.3800000000000001,0.096
0.18385,0.10878299999999999,6.0,0.3800000000000001,0.10500000000000001,0.3800000000000001,0.095
0.1839,0.1065845,6.1000000000000005,0.37000000000000033,0.104,0.37000000000000033,0.095
0.18395,0.10405099999999999,6.2,0.37000000000000033,0.104,0.37000000000000033,0.095
0.184,0.101227,6.3,0.37000000000000033,0.103,0.37000000000000033,0.094
0.18405000000000002,0.0982015,6.3500000000000005,0.37000000000000033,0.103,0.37000000000000033,0.094
0.1841,0.0950075,6.35,0.37000000000000033,0.102,0.37000000000000033,0.094
0.18415,0.091721,6.3,0.37000000000000033,0.102,0.37000000000000033,0.094
0.1842,0.0885395,6.1499999999999995,0.37000000000000033,0.101,0.37000000000000033,0.093
0.18425,0.085697,5.8999999999999995,0.37000000000000033,0.101,0.37000000000000033,0.093
0.18430000000000002,0.083257,5.6499999999999995,0.37000000000000033,0.1,0.37000000000000033,0.093
0.18435,0.08112749999999999,5.45,0.37000000000000033,0.1,0.37000000000000033,0.093
0.1844,0.0792445,5.3,0.37000000000000033,0.09899999999999999,0.37000000000000033,0.092
0.18445,0.077552,5.2,0.37000000000000033,0.09899999999999999,0.37000000000000033,0.092
0.1845,0.0759955,5.1000000000000005,0.37000000000000033,0.09899999999999999,0.37000000000000033,0.092
0.18455000000000002,0.0746015,4.999999999999999,0.37000000000000033,0.098,0.37000000000000033,0.092
0.18460000000000001,0.073299,4.95,0.37000000000000033,0.098,0.37000000000000033,0.092
0.18465,0.0720855,4.8500000000000005,0.37000000000000033,0.098,0.37000000000000033,0.091
0.1847,0.07098399999999999,4.800000000000001,0.37000000000000033,0.097,0.37000000000000033,0.091
0.18475,0.069939,4.749999999999999,0.37000000000000033,0.097,0.37000000000000033,0.091
0.18480000000000002,0.0689335,4.6499999999999995,0.37000000000000033,0.097,0.37000000000000033,0.091
0.18485000000000001,0.06797,4.6,0.37000000000000033,0.096,0.37000000000000033,0.091
0.1849,0.067063,4.6,0.37000000000000033,0.096,0.37000000000000033,0.09000000000000001
0.18495,0.06619549999999999,4.549999999999999,0.37000000000000033,0.096,0.37000000000000033,0.09000000000000001
0.185,0.06528199999999999,4.500000000000001,0.36000000000000054,0.096,0.36000000000000054,0.09000000000000001
0.18505000000000002,0.0643465,4.449999999999999,0.36000000000000054,0.095,0.36000000000000054,0.09000000000000001
0.18510000000000001,0.0633355,4.4,0.36000000000000054,0.095,0.36000000000000054,0.09000000000000001
0.18515,0.062156499999999996,4.399999999999999,0.35999999999999965,0.095,1.399999999999998,0.093
0.1852,0.060399999999999995,4.199999999999998,0.42999999999999994,0.094,0.42999999999999994,0.087
0.18525,0.0582175,3.9499999999999993,0.42999999999999994,0.094,0.42999999999999994,0.092
0.18530000000000002,0.0561,3.8,0.42999999999999994,0.094,0.42999999999999994,0.093
0.18535000000000001,0.0541395,3.5999999999999988,0.4399999999999997,0.093,0.4399999999999997,0.093
0.1854,0.0524455,3.4499999999999993,0.42999999999999994,0.094,0.42999999999999994,0.094
0.18545,0.051177999999999994,3.25,0.42999999999999994,0.1,0.42999999999999994,0.1
0.1855,0.0503285,3.0999999999999996,0.42999999999999994,0.104,0.42999999999999994,0.104
0.18555000000000002,0.050114,2.8500000000000005,0.42999999999999994,0.108,0.42999999999999994,0.108
0.18560000000000001,0.050554499999999995,2.7,0.42999999999999994,0.112,0.42999999999999994,0.111
0.18565,0.051727499999999996,2.55,0.42999999999999994,0.114,0.42999999999999994,0.114
0.1857,0.053814499999999994,2.3500000000000005,0.42000000000000015,0.117,0.42000000000000015,0.115
0.18575,0.0569,2.2,0.42000000000000015,0.11900000000000001,0.42000000000000015,0.115
0.18580000000000002,0.061004499999999996,2.2,0.42000000000000015,0.121,0.42000000000000015,0.114
0.18585000000000002,0.0653115,2.3000000000000007,0.42000000000000015,0.122,0.42000000000000015,0.114
0.1859,0.069545,2.450000000000001,0.42000000000000015,0.12300000000000001,0.4099999999999995,0.11299999999999999
0.18595,0.073738,2.55,0.42000000000000015,0.124,0.4099999999999995,0.112
0.186,0.07783949999999999,2.7,0.42000000000000015,0.125,0.4099999999999995,0.111
0.18605000000000002,0.08175199999999999,2.8499999999999996,0.4099999999999995,0.126,0.3999999999999997,0.11
0.18610000000000002,0.085556,3.0,0.4099999999999995,0.126,0.3999999999999997,0.10900000000000001
0.18615,0.089184,3.1500000000000004,0.4099999999999995,0.126,0.3999999999999997,0.108
0.1862,0.09260349999999999,3.3,0.4099999999999995,0.126,0.3899999999999999,0.107
0.18625,0.09576699999999999,3.45,0.4099999999999995,0.125,0.3899999999999999,0.106
0.18630000000000002,0.09876399999999999,3.5500000000000007,0.4099999999999995,0.125,0.3899999999999999,0.10500000000000001
0.18635000000000002,0.1016295,3.700000000000001,0.3999999999999997,0.124,0.3899999999999999,0.104
0.1864,0.10428799999999999,3.8500000000000005,0.3999999999999997,0.12300000000000001,0.3899999999999999,0.103
0.18645,0.106637,4.000000000000001,0.3999999999999997,0.122,0.3899999999999999,0.103
0.1865,0.1086655,4.15,0.3999999999999997,0.121,0.3899999999999999,0.102
0.18655000000000002,0.1105135,4.25,0.3899999999999999,0.12000000000000001,0.3800000000000001,0.101
0.18660000000000002,0.11219649999999999,4.4,0.3899999999999999,0.118,0.3800000000000001,0.101
0.18665,0.11355849999999999,4.55,0.3899999999999999,0.117,0.3800000000000001,0.1
0.1867,0.11458399999999999,4.7,0.3899999999999999,0.115,0.3800000000000001,0.1
0.18675,0.115421,4.799999999999999,0.3800000000000001,0.114,0.3800000000000001,0.09899999999999999
0.18680000000000002,0.115992,4.949999999999999,0.3800000000000001,0.11299999999999999,0.3800000000000001,0.09899999999999999
0.18685000000000002,0.1161155,5.1,0.3800000000000001,0.111,0.3800000000000001,0.098
0.1869,0.11606699999999999,5.25,0.3800000000000001,0.11,0.3800000000000001,0.098
0.18695,0.1157405,5.349999999999999,0.3800000000000001,0.10900000000000001,0.3800000000000001,0.097
0.187,0.1152035,5.499999999999999,0.3800000000000001,0.108,0.3800000000000001,0.097
0.18705000000000002,0.1142965,5.649999999999999,0.3800000000000001,0.108,0.3800000000000001,0.097
0.18710000000000002,0.112832,5.699999999999999,0.3800000000000001,0.107,0.3800000000000001,0.096
0.18715,0.1113985,5.85,0.3800000000000001,0.106,0.3800000000000001,0.096
0.1872,0.10944699999999999,5.950000000000001,0.3800000000000001,0.10500000000000001,0.3800000000000001,0.095
0.18725,0.10738349999999999,6.05,0.37000000000000033,0.10500000000000001,0.37000000000000033,0.095
0.18730000000000002,0.10492399999999999,6.1499999999999995,0.37000000000000033,0.104,0.37000000000000033,0.095
0.18735000000000002,0.10221749999999999,6.249999999999999,0.37000000000000033,0.103,0.37000000000000033,0.095
0.1874,0.099242,6.299999999999999,0.37000000000000033,0.103,0.37000000000000033,0.094
0.18745,0.096094,6.3500000000000005,0.37000000000000033,0.102,0.37000000000000033,0.094
0.1875,0.0928185,6.349999999999999,0.37000000000000033,0.102,0.37000000000000033,0.094
0.18755000000000002,0.08957699999999999,6.2,0.37000000000000033,0.101,0.37000000000000033,0.093
0.18760000000000002,0.08660999999999999,5.95,0.37000000000000033,0.101,0.37000000000000033,0.093
0.18765,0.0840315,5.7,0.37000000000000033,0.1,0.37000000000000033,0.093
0.1877,0.08182099999999999,5.55,0.37000000000000033,0.1,0.37000000000000033,0.093
0.18775,0.0798545,5.3500000000000005,0.37000000000000033,0.09899999999999999,0.37000000000000033,0.093
0.18780000000000002,0.078084,5.25,0.37000000000000033,0.09899999999999999,0.37000000000000033,0.092
0.18785000000000002,0.0764985,5.1499999999999995,0.37000000000000033,0.09899999999999999,0.37000000000000033,0.092
0.1879,0.07504,5.05,0.37000000000000033,0.098,0.37000000000000033,0.092
0.18795,0.073721,4.95,0.37000000000000033,0.098,0.37000000000000033,0.092
0.188,0.0724845,4.8999999999999995,0.37000000000000033,0.098,0.37000000000000033,0.091
0.18805000000000002,0.071338,4.8,0.37000000000000033,0.097,0.37000000000000033,0.091
0.18810000000000002,0.0702805,4.749999999999999,0.37000000000000033,0.097,0.37000000000000033,0.091
0.18815,0.06924999999999999,4.699999999999999,0.37000000000000033,0.097,0.37000000000000033,0.091
0.1882,0.06829199999999999,4.65,0.37000000000000033,0.096,0.37000000000000033,0.091
0.18825,0.067383,4.6,0.37000000000000033,0.096,0.37000000000000033,0.091
0.1883,0.0664825,4.55,0.37000000000000033,0.096,0.37000000000000033,0.09000000000000001
0.18835000000000002,0.06558,4.5,0.35999999999999965,0.096,0.35999999999999965,0.09000000000000001
0.1884,0.06466999999999999,4.449999999999999,0.35999999999999965,0.095,0.35999999999999965,0.09000000000000001
0.18845,0.06367099999999999,4.45,0.35999999999999965,0.095,0.35999999999999965,0.09000000000000001
0.1885,0.0625975,4.3999999999999995,0.3400000000000001,0.095,1.35,0.093
0.18855,0.061092999999999995,4.25,0.41000000000000036,0.095,0.41000000000000036,0.085
0.18860000000000002,0.058959,4.05,0.4300000000000008,0.094,0.4300000000000008,0.091
0.18865,0.056788,3.85,0.4300000000000008,0.094,0.4300000000000008,0.093
0.1887,0.0547755,3.65,0.4399999999999997,0.093,0.4399999999999997,0.093
0.18875,0.052976999999999996,3.5,0.4399999999999997,0.093,0.4399999999999997,0.093
0.1888,0.0515515,3.3,0.42999999999999994,0.098,0.42999999999999994,0.098
0.18885000000000002,0.0505585,3.15,0.42999999999999994,0.103,0.42999999999999994,0.103
0.1889,0.0501055,2.9499999999999997,0.42999999999999994,0.107,0.42999999999999994,0.107
0.18895,0.0503305,2.7499999999999996,0.42999999999999994,0.11,0.42999999999999994,0.11
0.189,0.051241999999999996,2.5999999999999996,0.42999999999999994,0.114,0.42999999999999994,0.11299999999999999
0.18905,0.0530015,2.3999999999999995,0.42999999999999994,0.116,0.42999999999999994,0.114
0.18910000000000002,0.055747,2.2499999999999996,0.41999999999999926,0.118,0.41999999999999926,0.115
0.18915,0.0595855,2.15,0.41999999999999926,0.12000000000000001,0.41999999999999926,0.115
0.1892,0.063876,2.3,0.41999999999999926,0.122,0.41999999999999926,0.114
0.18925,0.06815449999999999,2.3999999999999995,0.41999999999999926,0.12300000000000001,0.4099999999999995,0.11299999999999999
0.1893,0.0723355,2.4999999999999996,0.41999999999999926,0.124,0.4099999999999995,0.112
0.18935000000000002,0.0764985,2.65,0.41999999999999926,0.125,0.4099999999999995,0.111
0.1894,0.0804685,2.8,0.41999999999999926,0.125,0.3999999999999997,0.11
0.18945,0.084313,2.9499999999999997,0.4099999999999995,0.126,0.3999999999999997,0.10900000000000001
0.1895,0.08799,3.1,0.4099999999999995,0.126,0.3999999999999997,0.108
0.18955,0.09147849999999999,3.25,0.4099999999999995,0.126,0.3899999999999999,0.107
0.18960000000000002,0.094731,3.4,0.4099999999999995,0.125,0.3899999999999999,0.106
0.18965,0.097785,3.5,0.4099999999999995,0.125,0.3899999999999999,0.10500000000000001
0.1897,0.10070699999999999,3.65,0.3999999999999997,0.124,0.3899999999999999,0.104
0.18975,0.10341,3.8,0.3999999999999997,0.124,0.3899999999999999,0.104
0.1898,0.10586949999999999,3.95,0.3999999999999997,0.12300000000000001,0.3899999999999999,0.103
0.18985000000000002,0.108044,4.1000000000000005,0.3999999999999997,0.121,0.3899999999999999,0.102
0.1899,0.10986649999999999,4.2,0.3899999999999999,0.12000000000000001,0.3799999999999992,0.102
0.18995,0.111672,4.3500000000000005,0.3899999999999999,0.11900000000000001,0.3799999999999992,0.101
0.19,0.11314099999999999,4.5,0.3899999999999999,0.117,0.3799999999999992,0.1
0.19005,0.11430299999999999,4.65,0.3899999999999999,0.116,0.3799999999999992,0.1
0.19010000000000002,0.115186,4.800000000000001,0.3799999999999992,0.114,0.3799999999999992,0.09899999999999999
0.19015,0.11587199999999999,4.8999999999999995,0.3799999999999992,0.11299999999999999,0.3799999999999992,0.09899999999999999
0.1902,0.11612299999999999,5.05,0.3799999999999992,0.112,0.3799999999999992,0.098
0.19025,0.11610899999999999,5.199999999999999,0.3799999999999992,0.111,0.3799999999999992,0.098
0.1903,0.11588749999999999,5.3,0.3799999999999992,0.11,0.3799999999999992,0.097
0.19035000000000002,0.11537499999999999,5.449999999999999,0.3799999999999992,0.10900000000000001,0.3799999999999992,0.097
0.1904,0.1146765,5.6,0.3799999999999992,0.108,0.3799999999999992,0.097
0.19045,0.1132835,5.65,0.3799999999999992,0.107,0.3799999999999992,0.096
0.1905,0.11193499999999999,5.8,0.3799999999999992,0.106,0.3799999999999992,0.096
0.19055,0.11015649999999999,5.9,0.3799999999999992,0.106,0.3799999999999992,0.096
0.19060000000000002,0.10810399999999999,6.0,0.3799999999999992,0.10500000000000001,0.3799999999999992,0.095
0.19065000000000001,0.1057495,6.15,0.36999999999999944,0.104,0.36999999999999944,0.095
0.1907,0.103144,6.199999999999999,0.36999999999999944,0.104,0.36999999999999944,0.095
0.19075,0.100257,6.3,0.36999999999999944,0.103,0.36999999999999944,0.094
0.1908,0.097174,6.35,0.36999999999999944,0.102,0.36999999999999944,0.094
0.19085000000000002,0.0939165,6.35,0.36999999999999944,0.102,0.36999999999999944,0.094
0.19090000000000001,0.09064499999999999,6.25,0.36999999999999944,0.101,0.36999999999999944,0.094
0.19095,0.087548,6.05,0.36999999999999944,0.101,0.36999999999999944,0.093
0.191,0.0848365,5.8,0.36999999999999944,0.1,0.36999999999999944,0.093
0.19105,0.082513,5.599999999999999,0.36999999999999944,0.1,0.36999999999999944,0.093
0.19110000000000002,0.080481,5.3999999999999995,0.36999999999999944,0.1,0.36999999999999944,0.093
0.19115000000000001,0.0786465,5.3,0.36999999999999944,0.09899999999999999,0.36999999999999944,0.092
0.1912,0.07703399999999999,5.1499999999999995,0.36999999999999944,0.09899999999999999,0.36999999999999944,0.092
0.19125,0.07552099999999999,5.05,0.36999999999999944,0.09899999999999999,0.36999999999999944,0.092
0.1913,0.0741415,5.000000000000001,0.36999999999999944,0.098,0.36999999999999944,0.092
0.19135000000000002,0.072888,4.9,0.36999999999999944,0.098,0.36999999999999944,0.092
0.19140000000000001,0.07170549999999999,4.849999999999999,0.36999999999999944,0.097,0.36999999999999944,0.091
0.19145,0.0706335,4.749999999999999,0.36999999999999944,0.097,0.36999999999999944,0.091
0.1915,0.0695925,4.7,0.36999999999999944,0.097,0.36999999999999944,0.091
0.19155,0.068621,4.65,0.36999999999999944,0.097,0.36999999999999944,0.091
0.19160000000000002,0.06768249999999999,4.599999999999999,0.36999999999999944,0.096,0.36999999999999944,0.091
0.19165000000000001,0.0667615,4.549999999999999,0.36999999999999944,0.096,0.36999999999999944,0.09000000000000001
0.1917,0.0658945,4.499999999999999,0.36999999999999944,0.096,0.36999999999999944,0.09000000000000001
0.19175,0.0649815,4.5,0.35999999999999965,0.095,0.35999999999999965,0.09000000000000001
0.1918,0.0640195,4.45,0.35999999999999965,0.095,0.35999999999999965,0.09000000000000001
0.19185000000000002,0.0629605,4.4,0.35000000000000075,0.095,0.35000000000000075,0.089
0.19190000000000002,0.061675499999999994,4.299999999999999,0.389999999999999,0.095,0.389999999999999,0.082
0.19195,0.059692499999999996,4.1,0.42999999999999905,0.094,0.42999999999999905,0.089
0.192,0.057499499999999995,3.8999999999999995,0.42999999999999905,0.094,0.42999999999999905,0.093
0.19205,0.0554295,3.749999999999999,0.4399999999999997,0.093,0.4399999999999997,0.093
0.19210000000000002,0.0535465,3.55,0.4399999999999997,0.093,0.4399999999999997,0.093
0.19215000000000002,0.0519875,3.3999999999999995,0.42999999999999994,0.096,0.42999999999999994,0.096
0.1922,0.050839999999999996,3.2,0.42999999999999994,0.101,0.42999999999999994,0.101
0.19225,0.050176,3.0,0.42999999999999994,0.106,0.42999999999999994,0.106
0.1923,0.0501915,2.8000000000000007,0.42999999999999994,0.10900000000000001,0.42999999999999994,0.10900000000000001
0.19235000000000002,0.050844,2.6500000000000004,0.42999999999999994,0.11299999999999999,0.42999999999999994,0.112
0.19240000000000002,0.052309499999999995,2.450000000000001,0.42999999999999994,0.115,0.42999999999999994,0.114
0.19245,0.054710999999999996,2.3000000000000007,0.42000000000000015,0.118,0.42000000000000015,0.115
0.1925,0.058184,2.1500000000000004,0.42000000000000015,0.12000000000000001,0.42000000000000015,0.115
0.19255,0.062451,2.250000000000001,0.42000000000000015,0.121,0.42000000000000015,0.114
0.19260000000000002,0.0667315,2.3500000000000005,0.42000000000000015,0.12300000000000001,0.42000000000000015,0.11299999999999999
0.19265000000000002,0.07092849999999999,2.500000000000001,0.42000000000000015,0.124,0.41000000000000036,0.11299999999999999
0.1927,0.075125,2.5999999999999996,0.42000000000000015,0.125,0.41000000000000036,0.111
0.19275,0.079159,2.75,0.42000000000000015,0.125,0.4000000000000006,0.11
0.1928,0.083048,2.8999999999999995,0.41000000000000036,0.126,0.4000000000000006,0.10900000000000001
0.19285000000000002,0.0867785,3.05,0.41000000000000036,0.126,0.4000000000000006,0.108
0.19290000000000002,0.09033949999999999,3.1999999999999993,0.41000000000000036,0.126,0.3899999999999999,0.107
0.19295,0.093679,3.3499999999999996,0.41000000000000036,0.126,0.3899999999999999,0.106
0.193,0.09679249999999999,3.45,0.41000000000000036,0.125,0.3899999999999999,0.106
0.19305,0.099746,3.6000000000000005,0.41000000000000036,0.125,0.3899999999999999,0.10500000000000001
0.19310000000000002,0.1025455,3.750000000000001,0.4000000000000006,0.124,0.3899999999999999,0.104
0.19315000000000002,0.10507799999999999,3.9000000000000004,0.4000000000000006,0.12300000000000001,0.3899999999999999,0.103
0.1932,0.107358,4.050000000000001,0.4000000000000006,0.122,0.3899999999999999,0.102
0.19325,0.1092655,4.200000000000001,0.4000000000000006,0.121,0.3899999999999999,0.102
0.1933,0.1111105,4.300000000000001,0.3899999999999999,0.11900000000000001,0.3800000000000001,0.101
0.19335000000000002,0.11266949999999999,4.45,0.3899999999999999,0.118,0.3800000000000001,0.101
0.19340000000000002,0.1139505,4.6000000000000005,0.3899999999999999,0.116,0.3800000000000001,0.1
0.19345,0.114891,4.75,0.3800000000000001,0.115,0.3800000000000001,0.1
0.1935,0.115661,4.85,0.3800000000000001,0.11299999999999999,0.3800000000000001,0.09899999999999999
0.19355,0.116101,5.0,0.3800000000000001,0.112,0.3800000000000001,0.09899999999999999
0.19360000000000002,0.116144,5.1499999999999995,0.3800000000000001,0.111,0.3800000000000001,0.098
0.19365000000000002,0.11599899999999999,5.3,0.3800000000000001,0.11,0.3800000000000001,0.098
0.1937,0.11556599999999999,5.399999999999999,0.3800000000000001,0.10900000000000001,0.3800000000000001,0.097
0.19375,0.11497249999999999,5.549999999999999,0.3800000000000001,0.108,0.3800000000000001,0.097
0.1938,0.1138685,5.6499999999999995,0.3800000000000001,0.107,0.3800000000000001,0.096
0.19385000000000002,0.11240199999999999,5.75,0.3800000000000001,0.106,0.3800000000000001,0.096
0.19390000000000002,0.11083,5.8500000000000005,0.3800000000000001,0.106,0.3800000000000001,0.096
0.19395,0.10879,6.000000000000001,0.3800000000000001,0.10500000000000001,0.3800000000000001,0.095
0.194,0.10658999999999999,6.1000000000000005,0.37000000000000033,0.104,0.37000000000000033,0.095
0.19405,0.104062,6.2,0.37000000000000033,0.104,0.37000000000000033,0.095
0.19410000000000002,0.1012365,6.299999999999999,0.37000000000000033,0.103,0.37000000000000033,0.094
0.19415000000000002,0.09820999999999999,6.349999999999999,0.37000000000000033,0.103,0.37000000000000033,0.094
0.1942,0.09501599999999999,6.349999999999999,0.37000000000000033,0.102,0.37000000000000033,0.094
0.19425,0.09172749999999999,6.3,0.37000000000000033,0.102,0.37000000000000033,0.094
0.1943,0.088548,6.15,0.37000000000000033,0.101,0.37000000000000033,0.093
0.19435000000000002,0.08570699999999999,5.8999999999999995,0.37000000000000033,0.101,0.37000000000000033,0.093
0.19440000000000002,0.08326449999999999,5.6499999999999995,0.37000000000000033,0.1,0.37000000000000033,0.093
0.19445,0.081135,5.449999999999999,0.37000000000000033,0.1,0.37000000000000033,0.093
0.1945,0.07925,5.3,0.37000000000000033,0.09899999999999999,0.37000000000000033,0.092
0.19455,0.0775565,5.2,0.37000000000000033,0.09899999999999999,0.37000000000000033,0.092
0.19460000000000002,0.076001,5.1000000000000005,0.37000000000000033,0.09899999999999999,0.37000000000000033,0.092
0.19465000000000002,0.07460499999999999,4.999999999999999,0.37000000000000033,0.098,0.37000000000000033,0.092
0.1947,0.073303,4.95,0.37000000000000033,0.098,0.37000000000000033,0.092
0.19475,0.07209249999999999,4.8500000000000005,0.37000000000000033,0.098,0.37000000000000033,0.091
0.1948,0.070987,4.8,0.37000000000000033,0.097,0.37000000000000033,0.091
0.19485000000000002,0.0699475,4.75,0.37000000000000033,0.097,0.37000000000000033,0.091
0.19490000000000002,0.068938,4.6499999999999995,0.37000000000000033,0.097,0.37000000000000033,0.091
0.19495,0.067978,4.6,0.37000000000000033,0.096,0.37000000000000033,0.091
0.195,0.0670655,4.6000000000000005,0.37000000000000033,0.096,0.37000000000000033,0.09000000000000001
0.19505,0.066199,4.55,0.37000000000000033,0.096,0.37000000000000033,0.09000000000000001
0.1951,0.0652835,4.5,0.36000000000000054,0.096,0.36000000000000054,0.09000000000000001
0.19515000000000002,0.064348,4.449999999999999,0.36000000000000054,0.095,0.36000000000000054,0.09000000000000001
0.1952,0.0633405,4.3999999999999995,0.36000000000000054,0.095,0.36000000000000054,0.09000000000000001
0.19525,0.06216,4.4,0.35999999999999965,0.095,1.4,0.093
0.1953,0.060405499999999994,4.2,0.42999999999999994,0.094,0.42999999999999994,0.087
0.19535,0.058223,3.9499999999999997,0.42999999999999994,0.094,0.42999999999999994,0.092
0.19540000000000002,0.056104499999999995,3.8,0.42999999999999994,0.094,0.42999999999999994,0.093
0.19545,0.0541435,3.5999999999999996,0.4399999999999997,0.093,0.4399999999999997,0.093
0.1955,0.052447,3.4499999999999997,0.42999999999999994,0.094,0.42999999999999994,0.094
0.19555,0.051178999999999995,3.25,0.42999999999999994,0.1,0.42999999999999994,0.1
0.1956,0.0503295,3.0999999999999996,0.42999999999999994,0.104,0.42999999999999994,0.104
0.19565000000000002,0.050117499999999995,2.8499999999999996,0.42999999999999994,0.108,0.42999999999999994,0.108
0.1957,0.050559,2.6999999999999997,0.42999999999999994,0.112,0.42999999999999994,0.111
0.19575,0.051731,2.5499999999999994,0.42999999999999994,0.114,0.42999999999999994,0.114
0.1958,0.053814999999999995,2.3499999999999996,0.42000000000000015,0.117,0.42000000000000015,0.115
0.19585,0.056901,2.1999999999999997,0.42000000000000015,0.11900000000000001,0.42000000000000015,0.115
0.19590000000000002,0.0610055,2.1999999999999997,0.42000000000000015,0.121,0.42000000000000015,0.114
0.19595,0.065312,2.3,0.42000000000000015,0.122,0.42000000000000015,0.114
0.196,0.0695465,2.4499999999999997,0.42000000000000015,0.12300000000000001,0.4099999999999995,0.11299999999999999
0.19605,0.073739,2.55,0.42000000000000015,0.124,0.4099999999999995,0.112
0.1961,0.07784049999999999,2.6999999999999997,0.42000000000000015,0.125,0.4099999999999995,0.111
0.19615000000000002,0.081755,2.8499999999999996,0.42000000000000015,0.126,0.3999999999999997,0.11
0.1962,0.0855575,2.9999999999999996,0.4099999999999995,0.126,0.3999999999999997,0.10900000000000001
0.19625,0.089187,3.15,0.4099999999999995,0.126,0.3999999999999997,0.108
0.1963,0.09260499999999999,3.3,0.4099999999999995,0.126,0.389999999999999,0.107
0.19635,0.095771,3.4499999999999997,0.4099999999999995,0.125,0.389999999999999,0.106
0.19640000000000002,0.09876499999999999,3.5500000000000003,0.4099999999999995,0.125,0.389999999999999,0.10500000000000001
0.19645,0.1016325,3.7,0.3999999999999997,0.124,0.389999999999999,0.104
0.1965,0.10429,3.85,0.3999999999999997,0.12300000000000001,0.389999999999999,0.103
0.19655,0.106638,4.0,0.3999999999999997,0.122,0.389999999999999,0.103
0.1966,0.108669,4.15,0.3999999999999997,0.121,0.389999999999999,0.102
0.19665000000000002,0.11051899999999999,4.25,0.389999999999999,0.12000000000000001,0.3800000000000001,0.101
0.1967,0.1122005,4.4,0.389999999999999,0.118,0.3800000000000001,0.101
0.19675,0.113563,4.55,0.389999999999999,0.117,0.3800000000000001,0.1
0.1968,0.1145885,4.7,0.389999999999999,0.115,0.3800000000000001,0.1
0.19685,0.1154265,4.799999999999999,0.3800000000000001,0.114,0.3800000000000001,0.09899999999999999
0.19690000000000002,0.1159955,4.949999999999999,0.3800000000000001,0.11299999999999999,0.3800000000000001,0.09899999999999999
0.19695000000000001,0.11612099999999999,5.1,0.3800000000000001,0.111,0.3800000000000001,0.098
0.197,0.1160725,5.249999999999999,0.3800000000000001,0.11,0.3800000000000001,0.098
0.19705,0.115743,5.35,0.3800000000000001,0.10900000000000001,0.3800000000000001,0.097
0.1971,0.11520899999999999,5.499999999999999,0.3800000000000001,0.108,0.3800000000000001,0.097
0.19715000000000002,0.1143015,5.6499999999999995,0.3800000000000001,0.108,0.3800000000000001,0.097
0.19720000000000001,0.1128375,5.699999999999999,0.3800000000000001,0.107,0.3800000000000001,0.096
0.19725,0.1114085,5.85,0.3800000000000001,0.106,0.3800000000000001,0.096
0.1973,0.10944949999999999,5.95,0.3800000000000001,0.10500000000000001,0.3800000000000001,0.095
0.19735,0.10739,6.05,0.36999999999999944,0.10500000000000001,0.36999999999999944,0.095
0.19740000000000002,0.1049295,6.1499999999999995,0.36999999999999944,0.104,0.36999999999999944,0.095
0.19745000000000001,0.102225,6.249999999999999,0.36999999999999944,0.103,0.36999999999999944,0.095
0.1975,0.09924799999999999,6.3,0.36999999999999944,0.103,0.36999999999999944,0.094
0.19755,0.09610149999999999,6.349999999999999,0.36999999999999944,0.102,0.36999999999999944,0.094
0.1976,0.09282499999999999,6.3500000000000005,0.36999999999999944,0.102,0.36999999999999944,0.094
0.19765000000000002,0.089586,6.2,0.36999999999999944,0.101,0.36999999999999944,0.093
0.19770000000000001,0.0866155,5.95,0.36999999999999944,0.101,0.36999999999999944,0.093
0.19775,0.084039,5.7,0.36999999999999944,0.1,0.36999999999999944,0.093
0.1978,0.081827,5.55,0.36999999999999944,0.1,0.36999999999999944,0.093
0.19785,0.079859,5.349999999999999,0.36999999999999944,0.1,0.36999999999999944,0.093
0.19790000000000002,0.0780905,5.25,0.36999999999999944,0.09899999999999999,0.36999999999999944,0.092
0.19795000000000001,0.07650499999999999,5.149999999999998,0.36999999999999944,0.09899999999999999,0.36999999999999944,0.092
0.198,0.0750445,5.050000000000001,0.36999999999999944,0.098,0.36999999999999944,0.092
0.19805,0.073723,4.949999999999998,0.36999999999999944,0.098,0.36999999999999944,0.092
0.1981,0.0724885,4.8999999999999995,0.36999999999999944,0.098,0.36999999999999944,0.091
0.19815000000000002,0.07134,4.8,0.36999999999999944,0.097,0.36999999999999944,0.091
0.19820000000000002,0.070284,4.75,0.36999999999999944,0.097,0.36999999999999944,0.091
0.19825,0.069251,4.7,0.36999999999999944,0.097,0.36999999999999944,0.091
0.1983,0.068297,4.6499999999999995,0.36999999999999944,0.096,0.36999999999999944,0.091
0.19835,0.0673855,4.600000000000001,0.36999999999999944,0.096,0.36999999999999944,0.091
0.19840000000000002,0.066486,4.55,0.36999999999999944,0.096,0.36999999999999944,0.09000000000000001
0.19845000000000002,0.0655835,4.5,0.35999999999999965,0.096,0.35999999999999965,0.09000000000000001
0.1985,0.06467099999999999,4.449999999999998,0.35999999999999965,0.095,0.35999999999999965,0.09000000000000001
0.19855,0.063675,4.450000000000001,0.35999999999999965,0.095,0.35999999999999965,0.09000000000000001
0.1986,0.0626005,4.3999999999999995,0.3400000000000001,0.095,1.349999999999999,0.093
0.19865000000000002,0.0610975,4.249999999999998,0.41000000000000036,0.095,0.41000000000000036,0.085
0.19870000000000002,0.058962499999999994,4.049999999999999,0.4300000000000008,0.094,0.4300000000000008,0.091
0.19875,0.0567905,3.8499999999999996,0.4300000000000008,0.094,0.4300000000000008,0.093
0.1988,0.054778,3.6499999999999995,0.4400000000000006,0.093,0.4400000000000006,0.093
0.19885,0.052981999999999994,3.5,0.4400000000000006,0.093,0.4400000000000006,0.093
0.19890000000000002,0.051553499999999995,3.299999999999999,0.4300000000000008,0.098,0.4300000000000008,0.098
0.19895000000000002,0.0505595,3.1499999999999995,0.4300000000000008,0.103,0.4300000000000008,0.103
0.199,0.0501065,2.95,0.4300000000000008,0.107,0.4300000000000008,0.107
0.19905,0.0503345,2.750000000000001,0.4300000000000008,0.11,0.4300000000000008,0.11
0.1991,0.051244,2.6000000000000005,0.4300000000000008,0.114,0.4300000000000008,0.11299999999999999
0.19915000000000002,0.053003999999999996,2.4000000000000004,0.4300000000000008,0.116,0.4300000000000008,0.114
0.19920000000000002,0.0557475,2.250000000000001,0.42000000000000015,0.118,0.42000000000000015,0.115
0.19925,0.0595855,2.1500000000000004,0.42000000000000015,0.12000000000000001,0.42000000000000015,0.115
0.1993,0.063877,2.3000000000000007,0.42000000000000015,0.122,0.42000000000000015,0.114
0.19935,0.0681555,2.4000000000000004,0.42000000000000015,0.12300000000000001,0.41000000000000036,0.11299999999999999
0.19940000000000002,0.072336,2.499999999999999,0.42000000000000015,0.124,0.41000000000000036,0.112
0.19945000000000002,0.0764995,2.6499999999999995,0.42000000000000015,0.125,0.41000000000000036,0.111
0.1995,0.0804715,2.8,0.42000000000000015,0.125,0.4000000000000006,0.11
0.19955,0.084315,2.9499999999999993,0.41000000000000036,0.126,0.4000000000000006,0.10900000000000001
0.1996,0.0879925,3.1000000000000005,0.41000000000000036,0.126,0.4000000000000006,0.108
0.19965000000000002,0.09147899999999999,3.25,0.41000000000000036,0.126,0.3900000000000008,0.107
0.19970000000000002,0.094733,3.4000000000000004,0.41000000000000036,0.125,0.3900000000000008,0.106
0.19975,0.097789,3.500000000000001,0.41000000000000036,0.125,0.3900000000000008,0.10500000000000001
0.1998,0.10070849999999999,3.6500000000000012,0.4000000000000006,0.124,0.3900000000000008,0.104
0.19985,0.1034155,3.8000000000000007,0.4000000000000006,0.124,0.3900000000000008,0.104
0.19990000000000002,0.105872,3.950000000000001,0.4000000000000006,0.12300000000000001,0.3900000000000008,0.103
0.19995000000000002,0.10804599999999999,4.100000000000001,0.4000000000000006,0.121,0.3900000000000008,0.102
0.2,0.1098685,4.2,0.3900000000000008,0.12000000000000001,0.3800000000000001,0.102
0.20005,0.1116745,4.3500000000000005,0.3900000000000008,0.11900000000000001,0.3800000000000001,0.101
0.2001,0.1131425,4.5,0.3900000000000008,0.117,0.3800000000000001,0.1
0.20015000000000002,0.11430549999999999,4.65,0.3900000000000008,0.116,0.3800000000000001,0.1
0.20020000000000002,0.11519149999999999,4.8,0.3800000000000001,0.114,0.3800000000000001,0.09899999999999999
0.20025,0.1158775,4.8999999999999995,0.3800000000000001,0.11299999999999999,0.3800000000000001,0.09899999999999999
0.2003,0.11612549999999999,5.049999999999999,0.3800000000000001,0.112,0.3800000000000001,0.098
0.20035,0.116116,5.199999999999999,0.3800000000000001,0.111,0.3800000000000001,0.098
0.20040000000000002,0.115892,5.299999999999999,0.3800000000000001,0.11,0.3800000000000001,0.097
0.20045000000000002,0.115379,5.449999999999998,0.3800000000000001,0.10900000000000001,0.3800000000000001,0.097
0.2005,0.11468149999999999,5.599999999999999,0.3800000000000001,0.108,0.3800000000000001,0.097
0.20055,0.113289,5.6499999999999995,0.3800000000000001,0.107,0.3800000000000001,0.096
0.2006,0.1119405,5.8,0.3800000000000001,0.106,0.3800000000000001,0.096
0.20065000000000002,0.110162,5.900000000000001,0.3800000000000001,0.106,0.3800000000000001,0.096
0.20070000000000002,0.108109,6.0,0.3800000000000001,0.10500000000000001,0.3800000000000001,0.095
0.20075,0.105752,6.1499999999999995,0.37000000000000033,0.104,0.37000000000000033,0.095
0.2008,0.103152,6.199999999999998,0.37000000000000033,0.104,0.37000000000000033,0.095
0.20085,0.10026449999999999,6.3,0.37000000000000033,0.103,0.37000000000000033,0.094
0.20090000000000002,0.0971795,6.3500000000000005,0.37000000000000033,0.102,0.37000000000000033,0.094
0.20095000000000002,0.09392299999999999,6.3500000000000005,0.37000000000000033,0.102,0.37000000000000033,0.094
0.201,0.0906515,6.25,0.37000000000000033,0.101,0.37000000000000033,0.094
0.20105,0.08755399999999999,6.05,0.37000000000000033,0.101,0.37000000000000033,0.093
0.2011,0.084841,5.8,0.37000000000000033,0.1,0.37000000000000033,0.093
0.20115000000000002,0.08251649999999999,5.6000000000000005,0.37000000000000033,0.1,0.37000000000000033,0.093
0.20120000000000002,0.0804845,5.4,0.37000000000000033,0.1,0.37000000000000033,0.093
0.20125,0.078653,5.3,0.37000000000000033,0.09899999999999999,0.37000000000000033,0.092
0.2013,0.0770375,5.1499999999999995,0.37000000000000033,0.09899999999999999,0.37000000000000033,0.092
0.20135,0.075525,5.05,0.37000000000000033,0.09899999999999999,0.37000000000000033,0.092
0.20140000000000002,0.074146,5.000000000000001,0.37000000000000033,0.098,0.37000000000000033,0.092
0.20145000000000002,0.0728945,4.8999999999999995,0.37000000000000033,0.098,0.37000000000000033,0.092
0.2015,0.0717085,4.8500000000000005,0.37000000000000033,0.097,0.37000000000000033,0.091
0.20155,0.07063699999999999,4.750000000000001,0.37000000000000033,0.097,0.37000000000000033,0.091
0.2016,0.06959649999999999,4.699999999999999,0.37000000000000033,0.097,0.37000000000000033,0.091
0.20165,0.06862449999999999,4.65,0.37000000000000033,0.097,0.37000000000000033,0.091
0.20170000000000002,0.067688,4.6,0.37000000000000033,0.096,0.37000000000000033,0.091
0.20175,0.066763,4.55,0.37000000000000033,0.096,0.37000000000000033,0.09000000000000001
0.2018,0.0658975,4.5,0.37000000000000033,0.096,0.37000000000000033,0.09000000000000001
0.20185,0.0649835,4.5,0.35999999999999965,0.095,0.35999999999999965,0.09000000000000001
0.2019,0.0640225,4.45,0.35999999999999965,0.095,0.35999999999999965,0.09000000000000001
0.20195000000000002,0.0629615,4.3999999999999995,0.34999999999999987,0.095,0.34999999999999987,0.089
0.202,0.061677499999999996,4.300000000000001,0.389999999999999,0.095,0.389999999999999,0.082
0.20205,0.0596965,4.1,0.42999999999999905,0.094,0.42999999999999905,0.089
0.2021,0.0575015,3.9,0.42999999999999905,0.094,0.42999999999999905,0.093
0.20215,0.055430999999999994,3.75,0.4399999999999997,0.093,0.4399999999999997,0.093
0.20220000000000002,0.0535495,3.55,0.4399999999999997,0.093,0.4399999999999997,0.093
0.20225,0.0519895,3.4,0.42999999999999994,0.096,0.42999999999999994,0.096
0.2023,0.050842,3.2,0.42999999999999994,0.101,0.42999999999999994,0.101
0.20235,0.050177,2.9999999999999996,0.42999999999999994,0.106,0.42999999999999994,0.106
0.2024,0.050193999999999996,2.8,0.42999999999999994,0.10900000000000001,0.42999999999999994,0.10900000000000001
0.20245000000000002,0.050845499999999995,2.65,0.42999999999999994,0.11299999999999999,0.42999999999999994,0.112
0.2025,0.052312,2.4499999999999997,0.42999999999999994,0.115,0.42999999999999994,0.114
0.20255,0.054711499999999996,2.3,0.41999999999999926,0.118,0.41999999999999926,0.115
0.2026,0.058185499999999994,2.15,0.41999999999999926,0.12000000000000001,0.41999999999999926,0.115
0.20265,0.062452499999999994,2.2499999999999996,0.41999999999999926,0.121,0.41999999999999926,0.114
0.20270000000000002,0.066733,2.3499999999999996,0.41999999999999926,0.12300000000000001,0.41999999999999926,0.11299999999999999
0.20275,0.07092899999999999,2.4999999999999996,0.41999999999999926,0.124,0.41000000000000036,0.11299999999999999
0.2028,0.075126,2.6,0.41999999999999926,0.125,0.41000000000000036,0.111
0.20285,0.079159,2.75,0.41999999999999926,0.125,0.3999999999999997,0.11
0.2029,0.0830485,2.9,0.41000000000000036,0.126,0.3999999999999997,0.10900000000000001
0.20295000000000002,0.08678,3.05,0.41000000000000036,0.126,0.3999999999999997,0.108
0.203,0.09034149999999999,3.1999999999999997,0.41000000000000036,0.126,0.3899999999999999,0.107
0.20305,0.0936815,3.3499999999999996,0.41000000000000036,0.126,0.3899999999999999,0.106
0.2031,0.09679299999999999,3.4499999999999997,0.41000000000000036,0.125,0.3899999999999999,0.106
0.20315,0.099746,3.6,0.41000000000000036,0.125,0.3899999999999999,0.10500000000000001
0.20320000000000002,0.102546,3.75,0.3999999999999997,0.124,0.3899999999999999,0.104
0.20325000000000001,0.1050815,3.9,0.3999999999999997,0.12300000000000001,0.3899999999999999,0.103
0.2033,0.1073605,4.05,0.3999999999999997,0.122,0.3899999999999999,0.102
0.20335,0.10926799999999999,4.2,0.3999999999999997,0.121,0.3899999999999999,0.102
0.2034,0.11111199999999999,4.3,0.3899999999999999,0.11900000000000001,0.3800000000000001,0.101
0.20345000000000002,0.112673,4.45,0.3899999999999999,0.118,0.3800000000000001,0.101
0.20350000000000001,0.113952,4.6,0.3899999999999999,0.116,0.3800000000000001,0.1
0.20355,0.114894,4.75,0.3800000000000001,0.115,0.3800000000000001,0.1
0.2036,0.11566349999999999,4.85,0.3800000000000001,0.11299999999999999,0.3800000000000001,0.09899999999999999
0.20365,0.116105,5.0,0.3800000000000001,0.112,0.3800000000000001,0.09899999999999999
0.20370000000000002,0.11614899999999999,5.1499999999999995,0.3800000000000001,0.111,0.3800000000000001,0.098
0.20375000000000001,0.1160035,5.3,0.3800000000000001,0.11,0.3800000000000001,0.098
0.2038,0.11557049999999999,5.3999999999999995,0.3800000000000001,0.10900000000000001,0.3800000000000001,0.097
0.20385,0.114977,5.55,0.3800000000000001,0.108,0.3800000000000001,0.097
0.2039,0.11387349999999999,5.65,0.3800000000000001,0.107,0.3800000000000001,0.096
0.20395000000000002,0.11240549999999999,5.75,0.3800000000000001,0.106,0.3800000000000001,0.096
0.20400000000000001,0.11083399999999999,5.8500000000000005,0.3800000000000001,0.106,0.3800000000000001,0.096
0.20405,0.1087925,6.0,0.3800000000000001,0.10500000000000001,0.3800000000000001,0.095
0.2041,0.10659199999999999,6.1000000000000005,0.36999999999999944,0.104,0.36999999999999944,0.095
0.20415,0.1040675,6.2,0.36999999999999944,0.104,0.36999999999999944,0.095
0.20420000000000002,0.1012435,6.3,0.36999999999999944,0.103,0.36999999999999944,0.094
0.20425000000000001,0.098215,6.3500000000000005,0.36999999999999944,0.103,0.36999999999999944,0.094
0.2043,0.095021,6.35,0.36999999999999944,0.102,0.36999999999999944,0.094
0.20435,0.0917325,6.3,0.36999999999999944,0.102,0.36999999999999944,0.094
0.2044,0.08855199999999999,6.1499999999999995,0.36999999999999944,0.101,0.36999999999999944,0.093
0.20445000000000002,0.0857125,5.8999999999999995,0.36999999999999944,0.101,0.36999999999999944,0.093
0.20450000000000002,0.083268,5.6499999999999995,0.36999999999999944,0.1,0.36999999999999944,0.093
0.20455,0.081136,5.45,0.36999999999999944,0.1,0.36999999999999944,0.093
0.2046,0.07925449999999999,5.3,0.36999999999999944,0.09899999999999999,0.36999999999999944,0.092
0.20465,0.07756049999999999,5.2,0.36999999999999944,0.09899999999999999,0.36999999999999944,0.092
0.20470000000000002,0.076005,5.1000000000000005,0.36999999999999944,0.09899999999999999,0.36999999999999944,0.092
0.20475000000000002,0.0746085,4.999999999999999,0.36999999999999944,0.098,0.36999999999999944,0.092
0.2048,0.073307,4.95,0.36999999999999944,0.098,0.36999999999999944,0.092
0.20485,0.072096,4.8500000000000005,0.36999999999999944,0.098,0.36999999999999944,0.091
0.2049,0.070991,4.800000000000001,0.36999999999999944,0.097,0.36999999999999944,0.091
0.20495000000000002,0.0699495,4.749999999999999,0.36999999999999944,0.097,0.36999999999999944,0.091
0.20500000000000002,0.0689415,4.6499999999999995,0.36999999999999944,0.097,0.36999999999999944,0.091
0.20505,0.0679815,4.6,0.36999999999999944,0.096,0.36999999999999944,0.091
0.2051,0.0670685,4.6,0.36999999999999944,0.096,0.36999999999999944,0.09000000000000001
0.20515,0.0662,4.549999999999999,0.36999999999999944,0.096,0.36999999999999944,0.09000000000000001
0.20520000000000002,0.065286,4.500000000000001,0.36000000000000054,0.096,0.36000000000000054,0.09000000000000001
0.20525000000000002,0.06435049999999999,4.449999999999999,0.36000000000000054,0.095,0.36000000000000054,0.09000000000000001
0.2053,0.063343,4.4,0.36000000000000054,0.095,0.36000000000000054,0.09000000000000001
0.20535,0.0621605,4.399999999999999,0.35999999999999965,0.095,1.399999999999998,0.093
0.2054,0.060407499999999996,4.199999999999998,0.42999999999999994,0.094,0.42999999999999994,0.087
0.20545000000000002,0.0582245,3.9499999999999993,0.42999999999999994,0.094,0.42999999999999994,0.092
0.20550000000000002,0.056105999999999996,3.8,0.42999999999999994,0.094,0.42999999999999994,0.093
0.20555,0.0541455,3.5999999999999988,0.4400000000000006,0.093,0.4400000000000006,0.093
0.2056,0.052449499999999996,3.4499999999999993,0.42999999999999994,0.094,0.42999999999999994,0.094
0.20565,0.051181,3.25,0.42999999999999994,0.1,0.42999999999999994,0.1
0.20570000000000002,0.050331499999999994,3.0999999999999996,0.42999999999999994,0.104,0.42999999999999994,0.104
0.20575000000000002,0.050117999999999996,2.8500000000000005,0.42999999999999994,0.108,0.42999999999999994,0.108
0.2058,0.050561999999999996,2.7,0.42999999999999994,0.112,0.42999999999999994,0.111
0.20585,0.0517315,2.55,0.42999999999999994,0.114,0.42999999999999994,0.114
0.2059,0.053814999999999995,2.3500000000000005,0.42000000000000104,0.117,0.42000000000000104,0.115
0.20595000000000002,0.056902499999999995,2.2,0.42000000000000104,0.11900000000000001,0.42000000000000104,0.115
0.20600000000000002,0.061006,2.2,0.42000000000000104,0.121,0.42000000000000104,0.114
0.20605,0.065312,2.3000000000000007,0.42000000000000104,0.122,0.42000000000000104,0.114
0.2061,0.069548,2.450000000000001,0.42000000000000104,0.12300000000000001,0.41000000000000036,0.11299999999999999
0.20615,0.07374,2.55,0.42000000000000104,0.124,0.41000000000000036,0.112
0.20620000000000002,0.077841,2.7,0.42000000000000104,0.125,0.41000000000000036,0.111
0.20625000000000002,0.0817565,2.8499999999999996,0.42000000000000104,0.126,0.4000000000000006,0.11
0.2063,0.0855595,3.0,0.41000000000000036,0.126,0.4000000000000006,0.10900000000000001
0.20635,0.08918899999999999,3.1500000000000004,0.41000000000000036,0.126,0.4000000000000006,0.108
0.2064,0.0926075,3.3,0.41000000000000036,0.126,0.3899999999999999,0.107
0.20645000000000002,0.095772,3.45,0.41000000000000036,0.125,0.3899999999999999,0.106
0.20650000000000002,0.098767,3.5500000000000007,0.41000000000000036,0.125,0.3899999999999999,0.10500000000000001
0.20655,0.10163599999999999,3.700000000000001,0.4000000000000006,0.124,0.3899999999999999,0.104
0.2066,0.1042915,3.8500000000000005,0.4000000000000006,0.12300000000000001,0.3899999999999999,0.103
0.20665,0.106639,4.000000000000001,0.4000000000000006,0.122,0.3899999999999999,0.103
0.20670000000000002,0.10867149999999999,4.15,0.4000000000000006,0.121,0.3899999999999999,0.102
0.20675000000000002,0.11052,4.25,0.3899999999999999,0.12000000000000001,0.380000000000001,0.101
0.2068,0.1122025,4.4,0.3899999999999999,0.118,0.380000000000001,0.101
0.20685,0.113564,4.55,0.3899999999999999,0.117,0.380000000000001,0.1
0.2069,0.114591,4.7,0.3899999999999999,0.115,0.380000000000001,0.1
0.20695000000000002,0.11542749999999999,4.799999999999999,0.380000000000001,0.114,0.380000000000001,0.09899999999999999
0.20700000000000002,0.11599749999999999,4.949999999999999,0.380000000000001,0.11299999999999999,0.380000000000001,0.09899999999999999
0.20705,0.11612449999999999,5.1,0.380000000000001,0.111,0.380000000000001,0.098
0.2071,0.116076,5.25,0.380000000000001,0.11,0.380000000000001,0.098
0.20715,0.11574799999999999,5.349999999999999,0.380000000000001,0.10900000000000001,0.380000000000001,0.097
0.20720000000000002,0.1152125,5.499999999999999,0.380000000000001,0.108,0.380000000000001,0.097
0.20725000000000002,0.11430649999999999,5.649999999999999,0.380000000000001,0.108,0.380000000000001,0.097
0.2073,0.1128435,5.699999999999999,0.380000000000001,0.107,0.380000000000001,0.096
0.20735,0.1114105,5.85,0.380000000000001,0.106,0.380000000000001,0.096
0.2074,0.109456,5.950000000000001,0.380000000000001,0.10500000000000001,0.380000000000001,0.095
0.20745000000000002,0.10739549999999999,6.05,0.37000000000000033,0.10500000000000001,0.37000000000000033,0.095
0.20750000000000002,0.1049365,6.1499999999999995,0.37000000000000033,0.104,0.37000000000000033,0.095
0.20755,0.1022275,6.249999999999999,0.37000000000000033,0.103,0.37000000000000033,0.095
0.2076,0.0992545,6.299999999999999,0.37000000000000033,0.103,0.37000000000000033,0.094
0.20765,0.096104,6.3500000000000005,0.37000000000000033,0.102,0.37000000000000033,0.094
0.20770000000000002,0.0928305,6.349999999999999,0.37000000000000033,0.102,0.37000000000000033,0.094
0.20775000000000002,0.08959149999999999,6.2,0.37000000000000033,0.101,0.37000000000000033,0.093
0.2078,0.08662199999999999,5.95,0.37000000000000033,0.101,0.37000000000000033,0.093
0.20785,0.08404199999999999,5.7,0.37000000000000033,0.1,0.37000000000000033,0.093
0.2079,0.0818305,5.55,0.37000000000000033,0.1,0.37000000000000033,0.093
0.20795000000000002,0.07986399999999999,5.3500000000000005,0.37000000000000033,0.1,0.37000000000000033,0.093
0.20800000000000002,0.0780955,5.25,0.37000000000000033,0.09899999999999999,0.37000000000000033,0.092
0.20805,0.07650599999999999,5.1499999999999995,0.37000000000000033,0.09899999999999999,0.37000000000000033,0.092
0.2081,0.075046,5.05,0.37000000000000033,0.098,0.37000000000000033,0.092
0.20815,0.0737265,4.95,0.37000000000000033,0.098,0.37000000000000033,0.092
0.2082,0.0724895,4.8999999999999995,0.37000000000000033,0.098,0.37000000000000033,0.091
0.20825000000000002,0.071342,4.8,0.37000000000000033,0.097,0.37000000000000033,0.091
0.2083,0.070288,4.749999999999999,0.37000000000000033,0.097,0.37000000000000033,0.091
0.20835,0.0692535,4.699999999999999,0.37000000000000033,0.097,0.37000000000000033,0.091
0.2084,0.0682995,4.65,0.37000000000000033,0.096,0.37000000000000033,0.091
0.20845,0.06738849999999999,4.6,0.37000000000000033,0.096,0.37000000000000033,0.091
0.20850000000000002,0.06649,4.55,0.37000000000000033,0.096,0.37000000000000033,0.09000000000000001
0.20855,0.06558649999999999,4.5,0.36000000000000054,0.096,0.36000000000000054,0.09000000000000001
0.2086,0.0646725,4.449999999999999,0.36000000000000054,0.095,0.36000000000000054,0.09000000000000001
0.20865,0.06368,4.45,0.36000000000000054,0.095,0.36000000000000054,0.09000000000000001
0.2087,0.06260249999999999,4.3999999999999995,0.3399999999999992,0.095,1.35,0.093
0.20875000000000002,0.061099499999999994,4.25,0.4099999999999995,0.095,0.4099999999999995,0.085
0.2088,0.058963999999999996,4.05,0.42999999999999994,0.094,0.42999999999999994,0.091
0.20885,0.056791499999999995,3.85,0.42999999999999994,0.094,0.42999999999999994,0.093
0.2089,0.054779999999999995,3.65,0.4399999999999997,0.093,0.4399999999999997,0.093
0.20895,0.052982999999999995,3.5,0.4399999999999997,0.093,0.4399999999999997,0.093
0.20900000000000002,0.051553999999999996,3.3,0.42999999999999994,0.098,0.42999999999999994,0.098
0.20905,0.050560499999999994,3.15,0.42999999999999994,0.103,0.42999999999999994,0.103
0.2091,0.0501075,2.9499999999999997,0.42999999999999994,0.107,0.42999999999999994,0.107
0.20915,0.050336,2.7499999999999996,0.42999999999999994,0.11,0.42999999999999994,0.11
0.2092,0.0512465,2.5999999999999996,0.42999999999999994,0.114,0.42999999999999994,0.11299999999999999
0.20925000000000002,0.053006,2.3999999999999995,0.42999999999999994,0.116,0.42999999999999994,0.114
0.2093,0.055748,2.2499999999999996,0.42000000000000015,0.118,0.42000000000000015,0.115
0.20935,0.0595855,2.15,0.42000000000000015,0.12000000000000001,0.42000000000000015,0.115
0.2094,0.0638775,2.3,0.42000000000000015,0.122,0.42000000000000015,0.114
0.20945,0.068156,2.3999999999999995,0.42000000000000015,0.12300000000000001,0.41000000000000036,0.11299999999999999
0.20950000000000002,0.072337,2.4999999999999996,0.42000000000000015,0.124,0.41000000000000036,0.112
0.20955000000000001,0.0765005,2.65,0.42000000000000015,0.125,0.41000000000000036,0.111
0.2096,0.0804725,2.8,0.42000000000000015,0.125,0.3999999999999997,0.11
0.20965,0.0843155,2.9499999999999997,0.41000000000000036,0.126,0.3999999999999997,0.10900000000000001
0.2097,0.087993,3.1,0.41000000000000036,0.126,0.3999999999999997,0.108
0.20975000000000002,0.09147999999999999,3.25,0.41000000000000036,0.126,0.3900000000000008,0.107
0.20980000000000001,0.094734,3.4,0.41000000000000036,0.125,0.3900000000000008,0.106
0.20985,0.0977905,3.5,0.41000000000000036,0.125,0.3900000000000008,0.10500000000000001
0.2099,0.10071,3.65,0.3999999999999997,0.124,0.3900000000000008,0.104
0.20995,0.1034175,3.8,0.3999999999999997,0.124,0.3900000000000008,0.104
0.21000000000000002,0.105874,3.95,0.3999999999999997,0.12300000000000001,0.3900000000000008,0.103
0.21005000000000001,0.10804699999999999,4.1000000000000005,0.3999999999999997,0.121,0.3900000000000008,0.102
0.2101,0.1098685,4.2,0.3900000000000008,0.12000000000000001,0.3800000000000001,0.102
0.21015,0.1116775,4.3500000000000005,0.3900000000000008,0.11900000000000001,0.3800000000000001,0.101
0.2102,0.113143,4.5,0.3900000000000008,0.117,0.3800000000000001,0.1
0.21025000000000002,0.1143095,4.65,0.3900000000000008,0.116,0.3800000000000001,0.1
0.21030000000000001,0.11519349999999999,4.800000000000001,0.3800000000000001,0.114,0.3800000000000001,0.09899999999999999
0.21035,0.115879,4.8999999999999995,0.3800000000000001,0.11299999999999999,0.3800000000000001,0.09899999999999999
0.2104,0.116128,5.05,0.3800000000000001,0.112,0.3800000000000001,0.098
0.21045,0.11612,5.199999999999999,0.3800000000000001,0.111,0.3800000000000001,0.098
0.21050000000000002,0.115895,5.3,0.3800000000000001,0.11,0.3800000000000001,0.097
0.21055000000000001,0.1153845,5.449999999999999,0.3800000000000001,0.10900000000000001,0.3800000000000001,0.097
0.2106,0.114683,5.6,0.3800000000000001,0.108,0.3800000000000001,0.097
0.21065,0.11329349999999999,5.65,0.3800000000000001,0.107,0.3800000000000001,0.096
0.2107,0.111944,5.8,0.3800000000000001,0.106,0.3800000000000001,0.096
0.21075000000000002,0.1101665,5.9,0.3800000000000001,0.106,0.3800000000000001,0.096
0.21080000000000002,0.108114,6.0,0.3800000000000001,0.10500000000000001,0.3800000000000001,0.095
0.21085,0.105755,6.15,0.37000000000000033,0.104,0.37000000000000033,0.095
0.2109,0.1031545,6.199999999999999,0.37000000000000033,0.104,0.37000000000000033,0.095
0.21095,0.100268,6.3,0.37000000000000033,0.103,0.37000000000000033,0.094
0.21100000000000002,0.09718399999999999,6.35,0.37000000000000033,0.102,0.37000000000000033,0.094
0.21105000000000002,0.093925,6.35,0.37000000000000033,0.102,0.37000000000000033,0.094
0.2111,0.0906545,6.25,0.37000000000000033,0.101,0.37000000000000033,0.094
0.21115,0.087558,6.05,0.37000000000000033,0.101,0.37000000000000033,0.093
0.2112,0.084843,5.8,0.37000000000000033,0.1,0.37000000000000033,0.093
0.21125000000000002,0.0825175,5.599999999999999,0.37000000000000033,0.1,0.37000000000000033,0.093
0.21130000000000002,0.080487,5.3999999999999995,0.37000000000000033,0.1,0.37000000000000033,0.093
0.21135,0.07865749999999999,5.3,0.37000000000000033,0.09899999999999999,0.37000000000000033,0.092
0.2114,0.0770395,5.1499999999999995,0.37000000000000033,0.09899999999999999,0.37000000000000033,0.092
0.21145,0.075527,5.05,0.37000000000000033,0.09899999999999999,0.37000000000000033,0.092
0.21150000000000002,0.0741495,5.000000000000001,0.37000000000000033,0.098,0.37000000000000033,0.092
0.21155000000000002,0.07289949999999999,4.9,0.37000000000000033,0.098,0.37000000000000033,0.092
0.2116,0.0717115,4.849999999999999,0.37000000000000033,0.097,0.37000000000000033,0.091
0.21165,0.07064,4.749999999999999,0.37000000000000033,0.097,0.37000000000000033,0.091
0.2117,0.0695985,4.7,0.37000000000000033,0.097,0.37000000000000033,0.091
0.21175000000000002,0.068627,4.65,0.37000000000000033,0.097,0.37000000000000033,0.091
0.21180000000000002,0.0676905,4.599999999999999,0.37000000000000033,0.096,0.37000000000000033,0.091
0.21185,0.06676599999999999,4.549999999999999,0.37000000000000033,0.096,0.37000000000000033,0.09000000000000001
0.2119,0.065898,4.499999999999999,0.37000000000000033,0.096,0.37000000000000033,0.09000000000000001
0.21195,0.064986,4.5,0.35999999999999965,0.095,0.35999999999999965,0.09000000000000001
0.21200000000000002,0.0640245,4.45,0.35999999999999965,0.095,0.35999999999999965,0.09000000000000001
0.21205000000000002,0.06296349999999999,4.4,0.34999999999999987,0.095,0.34999999999999987,0.089
0.2121,0.0616805,4.299999999999999,0.3899999999999999,0.095,0.3899999999999999,0.082
0.21215,0.059697,4.1,0.42999999999999994,0.094,0.42999999999999994,0.089
0.2122,0.057502,3.8999999999999995,0.42999999999999994,0.094,0.42999999999999994,0.093
0.21225000000000002,0.0554335,3.749999999999999,0.4399999999999997,0.093,0.4399999999999997,0.093
0.21230000000000002,0.05355,3.55,0.4399999999999997,0.093,0.4399999999999997,0.093
0.21235,0.051990999999999996,3.3999999999999995,0.42999999999999994,0.096,0.42999999999999994,0.096
0.2124,0.0508425,3.2,0.42999999999999994,0.101,0.42999999999999994,0.101
0.21245,0.0501775,3.0,0.42999999999999994,0.106,0.42999999999999994,0.106
0.21250000000000002,0.050195,2.8000000000000007,0.42999999999999994,0.10900000000000001,0.42999999999999994,0.10900000000000001
0.21255000000000002,0.050846499999999996,2.6500000000000004,0.42999999999999994,0.11299999999999999,0.42999999999999994,0.112
0.2126,0.052312,2.450000000000001,0.42999999999999994,0.115,0.42999999999999994,0.114
0.21265,0.0547135,2.3000000000000007,0.41999999999999926,0.118,0.41999999999999926,0.115
0.2127,0.058186999999999996,2.1500000000000004,0.41999999999999926,0.12000000000000001,0.41999999999999926,0.115
0.21275000000000002,0.062453999999999996,2.250000000000001,0.41999999999999926,0.121,0.41999999999999926,0.114
0.21280000000000002,0.0667335,2.3500000000000005,0.41999999999999926,0.12300000000000001,0.41999999999999926,0.11299999999999999
0.21285,0.07092949999999999,2.500000000000001,0.41999999999999926,0.124,0.4099999999999995,0.11299999999999999
0.2129,0.0751265,2.5999999999999996,0.41999999999999926,0.125,0.4099999999999995,0.111
0.21295,0.07916,2.75,0.41999999999999926,0.125,0.3999999999999997,0.11
0.21300000000000002,0.0830495,2.8999999999999995,0.4099999999999995,0.126,0.3999999999999997,0.10900000000000001
0.21305000000000002,0.0867805,3.05,0.4099999999999995,0.126,0.3999999999999997,0.108
0.2131,0.0903435,3.1999999999999993,0.4099999999999995,0.126,0.3899999999999999,0.107
0.21315,0.093683,3.3499999999999996,0.4099999999999995,0.126,0.3899999999999999,0.106
0.2132,0.09679399999999999,3.45,0.4099999999999995,0.125,0.3899999999999999,0.106
0.21325000000000002,0.09974799999999999,3.6000000000000005,0.4099999999999995,0.125,0.3899999999999999,0.10500000000000001
0.21330000000000002,0.1025475,3.750000000000001,0.3999999999999997,0.124,0.3899999999999999,0.104
0.21335,0.1050825,3.9000000000000004,0.3999999999999997,0.12300000000000001,0.3899999999999999,0.103
0.2134,0.1073615,4.050000000000001,0.3999999999999997,0.122,0.3899999999999999,0.102
0.21345,0.10926949999999999,4.200000000000001,0.3999999999999997,0.121,0.3899999999999999,0.102
0.21350000000000002,0.11111299999999999,4.300000000000001,0.3899999999999999,0.11900000000000001,0.3799999999999992,0.101
0.21355000000000002,0.112675,4.45,0.3899999999999999,0.118,0.3799999999999992,0.101
0.2136,0.1139545,4.6000000000000005,0.3899999999999999,0.116,0.3799999999999992,0.1
0.21365,0.1148955,4.75,0.3799999999999992,0.115,0.3799999999999992,0.1
0.2137,0.11566549999999999,4.85,0.3799999999999992,0.11299999999999999,0.3799999999999992,0.09899999999999999
0.21375000000000002,0.11610699999999999,5.0,0.3799999999999992,0.112,0.3799999999999992,0.09899999999999999
0.21380000000000002,0.11615049999999999,5.1499999999999995,0.3799999999999992,0.111,0.3799999999999992,0.098
0.21385,0.116005,5.3,0.3799999999999992,0.11,0.3799999999999992,0.098
0.2139,0.115572,5.399999999999999,0.3799999999999992,0.10900000000000001,0.3799999999999992,0.097
0.21395,0.114979,5.549999999999999,0.3799999999999992,0.108,0.3799999999999992,0.097
0.21400000000000002,0.11387499999999999,5.6499999999999995,0.3799999999999992,0.107,0.3799999999999992,0.096
0.21405000000000002,0.1124085,5.75,0.3799999999999992,0.106,0.3799999999999992,0.096
0.2141,0.11083749999999999,5.8500000000000005,0.3799999999999992,0.106,0.3799999999999992,0.096
0.21415,0.10879849999999999,6.000000000000001,0.3799999999999992,0.10500000000000001,0.3799999999999992,0.095
0.2142,0.10659249999999999,6.1000000000000005,0.36999999999999944,0.104,0.36999999999999944,0.095
0.21425000000000002,0.1040715,6.2,0.36999999999999944,0.104,0.36999999999999944,0.095
0.21430000000000002,0.10124749999999999,6.299999999999999,0.36999999999999944,0.103,0.36999999999999944,0.094
0.21435,0.0982175,6.349999999999999,0.36999999999999944,0.103,0.36999999999999944,0.094
0.2144,0.0950245,6.349999999999999,0.36999999999999944,0.102,0.36999999999999944,0.094
0.21445,0.0917355,6.3,0.36999999999999944,0.102,0.36999999999999944,0.094
0.21450000000000002,0.088554,6.15,0.36999999999999944,0.101,0.36999999999999944,0.093
0.21455000000000002,0.0857145,5.8999999999999995,0.36999999999999944,0.101,0.36999999999999944,0.093
0.2146,0.0832685,5.6499999999999995,0.36999999999999944,0.1,0.36999999999999944,0.093
0.21465,0.0811385,5.449999999999999,0.36999999999999944,0.1,0.36999999999999944,0.093
0.2147,0.0792565,5.3,0.36999999999999944,0.09899999999999999,0.36999999999999944,0.092
0.21475,0.077563,5.2,0.36999999999999944,0.09899999999999999,0.36999999999999944,0.092
0.21480000000000002,0.07600799999999999,5.1000000000000005,0.36999999999999944,0.09899999999999999,0.36999999999999944,0.092
0.21485,0.074611,4.999999999999999,0.36999999999999944,0.098,0.36999999999999944,0.092
0.2149,0.0733095,4.95,0.36999999999999944,0.098,0.36999999999999944,0.092
0.21495,0.0720985,4.8500000000000005,0.36999999999999944,0.098,0.36999999999999944,0.091
0.215,0.070995,4.8,0.36999999999999944,0.097,0.36999999999999944,0.091
0.21505000000000002,0.0699515,4.75,0.36999999999999944,0.097,0.36999999999999944,0.091
0.2151,0.068942,4.6499999999999995,0.36999999999999944,0.097,0.36999999999999944,0.091
0.21515,0.067984,4.6,0.36999999999999944,0.096,0.36999999999999944,0.091
0.2152,0.06707099999999999,4.6000000000000005,0.36999999999999944,0.096,0.36999999999999944,0.09000000000000001
0.21525,0.0662015,4.55,0.36999999999999944,0.096,0.36999999999999944,0.09000000000000001
0.21530000000000002,0.0652875,4.5,0.36000000000000054,0.096,0.36000000000000054,0.09000000000000001
0.21535,0.06435099999999999,4.449999999999999,0.36000000000000054,0.095,0.36000000000000054,0.09000000000000001
0.2154,0.063347,4.3999999999999995,0.36000000000000054,0.095,0.36000000000000054,0.09000000000000001
0.21545,0.062162499999999996,4.4,0.35999999999999965,0.095,1.4,0.093
0.2155,0.0604105,4.2,0.42999999999999994,0.094,0.42999999999999994,0.087
0.21555000000000002,0.058226,3.9499999999999997,0.42999999999999994,0.094,0.42999999999999994,0.092
0.2156,0.0561065,3.8,0.42999999999999994,0.094,0.42999999999999994,0.093
0.21565,0.054147499999999994,3.5999999999999996,0.4400000000000006,0.093,0.4400000000000006,0.093
0.2157,0.052449499999999996,3.4499999999999997,0.42999999999999994,0.094,0.42999999999999994,0.094
0.21575,0.051181,3.25,0.42999999999999994,0.1,0.42999999999999994,0.1
0.21580000000000002,0.050332999999999996,3.0999999999999996,0.42999999999999994,0.104,0.42999999999999994,0.104
0.21585000000000001,0.050119,2.8499999999999996,0.42999999999999994,0.108,0.42999999999999994,0.108
0.2159,0.050564,2.6999999999999997,0.42999999999999994,0.112,0.42999999999999994,0.111
0.21595,0.051732,2.5499999999999994,0.42999999999999994,0.114,0.42999999999999994,0.114
0.216,0.053814999999999995,2.3499999999999996,0.42000000000000104,0.117,0.42000000000000104,0.115
0.21605000000000002,0.056902999999999995,2.1999999999999997,0.42000000000000104,0.11900000000000001,0.42000000000000104,0.115
0.21610000000000001,0.061006,2.1999999999999997,0.42000000000000104,0.121,0.42000000000000104,0.114
0.21615,0.0653125,2.3,0.42000000000000104,0.122,0.42000000000000104,0.114
0.2162,0.0695485,2.4499999999999997,0.42000000000000104,0.12300000000000001,0.41000000000000036,0.11299999999999999
0.21625,0.07374,2.55,0.42000000000000104,0.124,0.41000000000000036,0.112
0.21630000000000002,0.077841,2.6999999999999997,0.42000000000000104,0.125,0.41000000000000036,0.111
0.21635000000000001,0.0817585,2.8499999999999996,0.42000000000000104,0.126,0.4000000000000006,0.11
0.2164,0.08556,2.9999999999999996,0.41000000000000036,0.126,0.4000000000000006,0.10900000000000001
0.21645,0.08918999999999999,3.15,0.41000000000000036,0.126,0.4000000000000006,0.108
0.2165,0.0926085,3.3,0.41000000000000036,0.126,0.3899999999999999,0.107
0.21655000000000002,0.0957725,3.4499999999999997,0.41000000000000036,0.125,0.3899999999999999,0.106
0.21660000000000001,0.0987675,3.5500000000000003,0.41000000000000036,0.125,0.3899999999999999,0.10500000000000001
0.21665,0.10163699999999999,3.7,0.4000000000000006,0.124,0.3899999999999999,0.104
0.2167,0.1042925,3.85,0.4000000000000006,0.12300000000000001,0.3899999999999999,0.103
0.21675,0.1066415,4.0,0.4000000000000006,0.122,0.3899999999999999,0.103
0.21680000000000002,0.1086755,4.15,0.4000000000000006,0.121,0.3899999999999999,0.102
0.21685000000000001,0.110522,4.25,0.3899999999999999,0.12000000000000001,0.3800000000000001,0.101
0.2169,0.112204,4.4,0.3899999999999999,0.118,0.3800000000000001,0.101
0.21695,0.113566,4.55,0.3899999999999999,0.117,0.3800000000000001,0.1
0.217,0.1145925,4.7,0.3899999999999999,0.115,0.3800000000000001,0.1
0.21705000000000002,0.11542949999999999,4.799999999999999,0.3800000000000001,0.114,0.3800000000000001,0.09899999999999999
0.21710000000000002,0.11599899999999999,4.949999999999999,0.3800000000000001,0.11299999999999999,0.3800000000000001,0.09899999999999999
0.21715,0.11612549999999999,5.1,0.3800000000000001,0.111,0.3800000000000001,0.098
0.2172,0.1160785,5.249999999999999,0.3800000000000001,0.11,0.3800000000000001,0.098
0.21725,0.1157515,5.35,0.3800000000000001,0.10900000000000001,0.3800000000000001,0.097
0.21730000000000002,0.1152145,5.499999999999999,0.3800000000000001,0.108,0.3800000000000001,0.097
0.21735000000000002,0.1143085,5.6499999999999995,0.3800000000000001,0.108,0.3800000000000001,0.097
0.2174,0.112844,5.699999999999999,0.3800000000000001,0.107,0.3800000000000001,0.096
0.21745,0.111413,5.85,0.3800000000000001,0.106,0.3800000000000001,0.096
0.2175,0.10946099999999999,5.95,0.3800000000000001,0.10500000000000001,0.3800000000000001,0.096
0.21755000000000002,0.10739649999999999,6.05,0.37000000000000033,0.10500000000000001,0.37000000000000033,0.095
0.21760000000000002,0.10494099999999999,6.1499999999999995,0.37000000000000033,0.104,0.37000000000000033,0.095
0.21765,0.102228,6.249999999999999,0.37000000000000033,0.103,0.37000000000000033,0.095
0.2177,0.099256,6.3,0.37000000000000033,0.103,0.37000000000000033,0.094
0.21775,0.096105,6.349999999999999,0.37000000000000033,0.102,0.37000000000000033,0.094
0.21780000000000002,0.0928325,6.3500000000000005,0.37000000000000033,0.102,0.37000000000000033,0.094
0.21785000000000002,0.0895955,6.2,0.37000000000000033,0.101,0.37000000000000033,0.093
0.2179,0.0866245,5.95,0.37000000000000033,0.101,0.37000000000000033,0.093
0.21795,0.0840465,5.7,0.37000000000000033,0.1,0.37000000000000033,0.093
0.218,0.0818325,5.55,0.37000000000000033,0.1,0.37000000000000033,0.093
0.21805000000000002,0.079867,5.349999999999999,0.37000000000000033,0.1,0.37000000000000033,0.093
0.21810000000000002,0.0780965,5.25,0.37000000000000033,0.09899999999999999,0.37000000000000033,0.092
0.21815,0.076509,5.149999999999998,0.37000000000000033,0.09899999999999999,0.37000000000000033,0.092
0.2182,0.075047,5.050000000000001,0.37000000000000033,0.098,0.37000000000000033,0.092
0.21825,0.0737265,4.949999999999998,0.37000000000000033,0.098,0.37000000000000033,0.092
0.21830000000000002,0.072491,4.8999999999999995,0.37000000000000033,0.098,0.37000000000000033,0.091
0.21835000000000002,0.071343,4.8,0.37000000000000033,0.097,0.37000000000000033,0.091
0.2184,0.07029149999999999,4.75,0.37000000000000033,0.097,0.37000000000000033,0.091
0.21845,0.0692555,4.7,0.37000000000000033,0.097,0.37000000000000033,0.091
0.2185,0.068301,4.6499999999999995,0.37000000000000033,0.096,0.37000000000000033,0.091
0.21855000000000002,0.06738949999999999,4.600000000000001,0.37000000000000033,0.096,0.37000000000000033,0.091
0.21860000000000002,0.0664905,4.55,0.37000000000000033,0.096,0.37000000000000033,0.09000000000000001
0.21865,0.065588,4.5,0.36000000000000054,0.096,0.36000000000000054,0.09000000000000001
0.2187,0.0646745,4.449999999999998,0.36000000000000054,0.095,0.36000000000000054,0.09000000000000001
0.21875,0.0636805,4.450000000000001,0.36000000000000054,0.095,0.36000000000000054,0.09000000000000001
0.21880000000000002,0.06260399999999999,4.3999999999999995,0.3399999999999992,0.095,1.349999999999999,0.093
0.21885000000000002,0.061100499999999995,4.249999999999998,0.4099999999999995,0.095,0.4099999999999995,0.085
0.2189,0.058965,4.049999999999999,0.42999999999999994,0.094,0.42999999999999994,0.091
0.21895,0.0567935,3.8499999999999996,0.42999999999999994,0.094,0.42999999999999994,0.093
0.219,0.054780499999999996,3.6499999999999995,0.4399999999999997,0.093,0.4399999999999997,0.093
0.21905000000000002,0.052985,3.5,0.4399999999999997,0.093,0.4399999999999997,0.093
0.21910000000000002,0.051555,3.299999999999999,0.42999999999999994,0.098,0.42999999999999994,0.098
0.21915,0.050560999999999995,3.1499999999999995,0.42999999999999994,0.103,0.42999999999999994,0.103
0.2192,0.050109,2.95,0.42999999999999994,0.107,0.42999999999999994,0.107
0.21925,0.050338,2.750000000000001,0.42999999999999994,0.11,0.42999999999999994,0.11
0.21930000000000002,0.051247,2.6000000000000005,0.42999999999999994,0.114,0.42999999999999994,0.11299999999999999
0.21935000000000002,0.053007,2.4000000000000004,0.42999999999999994,0.116,0.42999999999999994,0.114
0.2194,0.055749,2.250000000000001,0.42000000000000015,0.118,0.42000000000000015,0.115
0.21945,0.0595865,2.1500000000000004,0.42000000000000015,0.12000000000000001,0.42000000000000015,0.115
0.2195,0.0638775,2.3000000000000007,0.42000000000000015,0.122,0.42000000000000015,0.114
0.21955000000000002,0.068156,2.4000000000000004,0.42000000000000015,0.12300000000000001,0.4099999999999995,0.11299999999999999
0.21960000000000002,0.072337,2.499999999999999,0.42000000000000015,0.124,0.4099999999999995,0.112
0.21965,0.0765005,2.6499999999999995,0.42000000000000015,0.125,0.4099999999999995,0.111
0.2197,0.08047399999999999,2.8,0.42000000000000015,0.125,0.3999999999999997,0.11
0.21975,0.084317,2.9499999999999993,0.4099999999999995,0.126,0.3999999999999997,0.10900000000000001
0.21980000000000002,0.087993,3.1000000000000005,0.4099999999999995,0.126,0.3999999999999997,0.108
0.21985000000000002,0.0914815,3.25,0.4099999999999995,0.126,0.3900000000000008,0.107
0.2199,0.094734,3.4000000000000004,0.4099999999999995,0.125,0.3900000000000008,0.106
0.21995,0.09779099999999999,3.500000000000001,0.4099999999999995,0.125,0.3900000000000008,0.10500000000000001
0.22,0.1007115,3.6500000000000012,0.3999999999999997,0.124,0.3900000000000008,0.104
0.22005000000000002,0.103418,3.8000000000000007,0.3999999999999997,0.124,0.3900000000000008,0.104
0.22010000000000002,0.105875,3.950000000000001,0.3999999999999997,0.12300000000000001,0.3900000000000008,0.103
0.22015,0.10804799999999999,4.100000000000001,0.3999999999999997,0.121,0.3900000000000008,0.102
0.2202,0.109869,4.2,0.3900000000000008,0.12000000000000001,0.3800000000000001,0.102
0.22025,0.1116785,4.3500000000000005,0.3900000000000008,0.11900000000000001,0.3800000000000001,0.101
0.22030000000000002,0.1131445,4.5,0.3900000000000008,0.117,0.3800000000000001,0.1
0.22035000000000002,0.1143095,4.65,0.3900000000000008,0.116,0.3800000000000001,0.1
0.2204,0.11519549999999999,4.8,0.3800000000000001,0.114,0.3800000000000001,0.09899999999999999
0.22045,0.115881,4.8999999999999995,0.3800000000000001,0.11299999999999999,0.3800000000000001,0.09899999999999999
0.2205,0.1161315,5.049999999999999,0.3800000000000001,0.112,0.3800000000000001,0.098
0.22055000000000002,0.11612149999999999,5.199999999999999,0.3800000000000001,0.111,0.3800000000000001,0.098
0.22060000000000002,0.115896,5.299999999999999,0.3800000000000001,0.11,0.3800000000000001,0.097
0.22065,0.1153845,5.449999999999998,0.3800000000000001,0.10900000000000001,0.3800000000000001,0.097
0.2207,0.114685,5.599999999999999,0.3800000000000001,0.108,0.3800000000000001,0.097
0.22075,0.1132955,5.6499999999999995,0.3800000000000001,0.107,0.3800000000000001,0.096
0.22080000000000002,0.11194549999999999,5.8,0.3800000000000001,0.106,0.3800000000000001,0.096
0.22085000000000002,0.11016799999999999,5.900000000000001,0.3800000000000001,0.106,0.3800000000000001,0.096
0.2209,0.10811649999999999,6.0,0.3800000000000001,0.10500000000000001,0.3800000000000001,0.095
0.22095,0.10575749999999999,6.1499999999999995,0.37000000000000033,0.104,0.37000000000000033,0.095
0.221,0.1031575,6.199999999999998,0.37000000000000033,0.104,0.37000000000000033,0.095
0.22105000000000002,0.1002695,6.3,0.37000000000000033,0.103,0.37000000000000033,0.094
0.22110000000000002,0.0971865,6.3500000000000005,0.37000000000000033,0.102,0.37000000000000033,0.094
0.22115,0.0939295,6.3500000000000005,0.37000000000000033,0.102,0.37000000000000033,0.094
0.2212,0.090656,6.25,0.37000000000000033,0.101,0.37000000000000033,0.094
0.22125,0.08756,6.05,0.37000000000000033,0.101,0.37000000000000033,0.093
0.22130000000000002,0.08484449999999999,5.8,0.37000000000000033,0.1,0.37000000000000033,0.093
0.22135000000000002,0.082518,5.6000000000000005,0.37000000000000033,0.1,0.37000000000000033,0.093
0.2214,0.08049049999999999,5.4,0.37000000000000033,0.1,0.37000000000000033,0.093
0.22145,0.0786605,5.3,0.37000000000000033,0.09899999999999999,0.37000000000000033,0.092
0.2215,0.077042,5.1499999999999995,0.37000000000000033,0.09899999999999999,0.37000000000000033,0.092
0.22155,0.0755275,5.05,0.37000000000000033,0.09899999999999999,0.37000000000000033,0.092
0.22160000000000002,0.0741525,5.000000000000001,0.37000000000000033,0.098,0.37000000000000033,0.092
0.22165,0.0729015,4.8999999999999995,0.37000000000000033,0.098,0.37000000000000033,0.092
0.2217,0.071712,4.8500000000000005,0.37000000000000033,0.097,0.37000000000000033,0.091
0.22175,0.070641,4.750000000000001,0.37000000000000033,0.097,0.37000000000000033,0.091
0.2218,0.0695995,4.699999999999999,0.37000000000000033,0.097,0.37000000000000033,0.091
0.22185000000000002,0.068629,4.65,0.37000000000000033,0.097,0.37000000000000033,0.091
0.22190000000000001,0.0676915,4.6,0.37000000000000033,0.096,0.37000000000000033,0.091
0.22195,0.06676699999999999,4.55,0.37000000000000033,0.096,0.37000000000000033,0.09000000000000001
0.222,0.0658985,4.5,0.37000000000000033,0.096,0.37000000000000033,0.09000000000000001
0.22205,0.0649865,4.5,0.35999999999999965,0.095,0.35999999999999965,0.09000000000000001
0.22210000000000002,0.0640255,4.45,0.35999999999999965,0.095,0.35999999999999965,0.09000000000000001
0.22215000000000001,0.06296399999999999,4.3999999999999995,0.34999999999999987,0.095,0.34999999999999987,0.089
0.2222,0.0616815,4.300000000000001,0.3900000000000008,0.095,0.3900000000000008,0.082
0.22225,0.059698499999999995,4.1,0.4300000000000008,0.094,0.4300000000000008,0.089
0.2223,0.0575025,3.9,0.4300000000000008,0.094,0.4300000000000008,0.093
0.22235000000000002,0.055434,3.75,0.4399999999999997,0.093,0.4399999999999997,0.093
0.22240000000000001,0.0535505,3.55,0.4399999999999997,0.093,0.4399999999999997,0.093
0.22245,0.051991499999999996,3.4,0.42999999999999994,0.096,0.42999999999999994,0.096
0.2225,0.050843,3.2,0.42999999999999994,0.101,0.42999999999999994,0.101
0.22255,0.0501785,2.9999999999999996,0.42999999999999994,0.106,0.42999999999999994,0.106
0.22260000000000002,0.050196,2.8,0.42999999999999994,0.10900000000000001,0.42999999999999994,0.10900000000000001
0.22265000000000001,0.050846999999999996,2.65,0.42999999999999994,0.11299999999999999,0.42999999999999994,0.112
0.2227,0.0523125,2.4499999999999997,0.42999999999999994,0.115,0.42999999999999994,0.114
0.22275,0.054714,2.3,0.41999999999999926,0.118,0.41999999999999926,0.115
0.2228,0.058187499999999996,2.15,0.41999999999999926,0.12000000000000001,0.41999999999999926,0.115
0.22285000000000002,0.062454499999999996,2.2499999999999996,0.41999999999999926,0.121,0.41999999999999926,0.114
0.22290000000000001,0.0667335,2.3499999999999996,0.41999999999999926,0.12300000000000001,0.41999999999999926,0.11299999999999999
0.22295,0.07092949999999999,2.4999999999999996,0.41999999999999926,0.124,0.4099999999999995,0.11299999999999999
0.223,0.075127,2.6,0.41999999999999926,0.125,0.4099999999999995,0.111
0.22305,0.07916,2.75,0.41999999999999926,0.125,0.3999999999999997,0.11
0.22310000000000002,0.08305,2.9,0.4099999999999995,0.126,0.3999999999999997,0.10900000000000001
0.22315000000000002,0.0867805,3.05,0.4099999999999995,0.126,0.3999999999999997,0.108
0.2232,0.0903435,3.1999999999999997,0.4099999999999995,0.126,0.3899999999999999,0.107
0.22325,0.093683,3.3499999999999996,0.4099999999999995,0.126,0.3899999999999999,0.106
0.2233,0.09679399999999999,3.4499999999999997,0.4099999999999995,0.125,0.3899999999999999,0.106
0.22335000000000002,0.09974849999999999,3.6,0.4099999999999995,0.125,0.3899999999999999,0.10500000000000001
0.22340000000000002,0.1025475,3.75,0.3999999999999997,0.124,0.3899999999999999,0.104
0.22345,0.105083,3.9,0.3999999999999997,0.12300000000000001,0.3899999999999999,0.103
0.2235,0.107362,4.05,0.3999999999999997,0.122,0.3899999999999999,0.102
0.22355,0.10927049999999999,4.2,0.3999999999999997,0.121,0.3899999999999999,0.102
0.22360000000000002,0.11111399999999999,4.3,0.3899999999999999,0.11900000000000001,0.3799999999999992,0.101
0.22365000000000002,0.112677,4.45,0.3899999999999999,0.118,0.3799999999999992,0.101
0.2237,0.11395649999999999,4.6,0.3899999999999999,0.116,0.3799999999999992,0.1
0.22375,0.1148955,4.75,0.3799999999999992,0.115,0.3799999999999992,0.1
0.2238,0.11566799999999999,4.85,0.3799999999999992,0.11299999999999999,0.3799999999999992,0.09899999999999999
0.22385000000000002,0.11610799999999999,5.0,0.3799999999999992,0.112,0.3799999999999992,0.09899999999999999
0.22390000000000002,0.11615149999999999,5.1499999999999995,0.3799999999999992,0.111,0.3799999999999992,0.098
0.22395,0.116006,5.3,0.3799999999999992,0.11,0.3799999999999992,0.098
0.224,0.115573,5.3999999999999995,0.3799999999999992,0.10900000000000001,0.3799999999999992,0.097
0.22405,0.11498,5.55,0.3799999999999992,0.108,0.3799999999999992,0.097
0.22410000000000002,0.11387649999999999,5.65,0.3799999999999992,0.107,0.3799999999999992,0.096
0.22415000000000002,0.11241,5.75,0.3799999999999992,0.106,0.3799999999999992,0.096
0.2242,0.110839,5.8500000000000005,0.3799999999999992,0.106,0.3799999999999992,0.096
0.22425,0.1088005,6.0,0.3799999999999992,0.10500000000000001,0.3799999999999992,0.095
0.2243,0.106595,6.1000000000000005,0.36999999999999944,0.104,0.36999999999999944,0.095
0.22435000000000002,0.1040725,6.2,0.36999999999999944,0.104,0.36999999999999944,0.095
0.22440000000000002,0.10124999999999999,6.3,0.36999999999999944,0.103,0.36999999999999944,0.094
0.22445,0.09822099999999999,6.3500000000000005,0.36999999999999944,0.103,0.36999999999999944,0.094
0.2245,0.0950275,6.35,0.36999999999999944,0.102,0.36999999999999944,0.094
0.22455,0.091738,6.3,0.36999999999999944,0.102,0.36999999999999944,0.094
0.22460000000000002,0.088555,6.1499999999999995,0.36999999999999944,0.101,0.36999999999999944,0.093
0.22465000000000002,0.0857175,5.8999999999999995,0.36999999999999944,0.101,0.36999999999999944,0.093
0.2247,0.0832705,5.6499999999999995,0.36999999999999944,0.1,0.36999999999999944,0.093
0.22475,0.08113949999999999,5.45,0.36999999999999944,0.1,0.36999999999999944,0.093
0.2248,0.0792595,5.3,0.36999999999999944,0.09899999999999999,0.36999999999999944,0.092
0.22485000000000002,0.077565,5.2,0.36999999999999944,0.09899999999999999,0.36999999999999944,0.092
0.22490000000000002,0.076009,5.1000000000000005,0.36999999999999944,0.09899999999999999,0.36999999999999944,0.092
0.22495,0.074612,4.999999999999999,0.36999999999999944,0.098,0.36999999999999944,0.092
0.225,0.0733115,4.95,0.36999999999999944,0.098,0.36999999999999944,0.092
0.22505,0.072102,4.8500000000000005,0.36999999999999944,0.098,0.36999999999999944,0.091
0.22510000000000002,0.07099699999999999,4.800000000000001,0.36999999999999944,0.097,0.36999999999999944,0.091
0.22515000000000002,0.069954,4.749999999999999,0.36999999999999944,0.097,0.36999999999999944,0.091
0.2252,0.06894349999999999,4.6499999999999995,0.36999999999999944,0.097,0.36999999999999944,0.091
0.22525,0.06798599999999999,4.6,0.36999999999999944,0.096,0.36999999999999944,0.091
0.2253,0.0670725,4.6,0.36999999999999944,0.096,0.36999999999999944,0.09000000000000001
0.22535000000000002,0.0662025,4.549999999999999,0.36999999999999944,0.096,0.36999999999999944,0.09000000000000001
0.22540000000000002,0.0652885,4.500000000000001,0.35999999999999965,0.096,0.35999999999999965,0.09000000000000001
0.22545,0.06435149999999999,4.449999999999999,0.35999999999999965,0.095,0.35999999999999965,0.09000000000000001
0.2255,0.0633475,4.4,0.35999999999999965,0.095,0.35999999999999965,0.09000000000000001
0.22555,0.0621655,4.399999999999999,0.35999999999999965,0.095,1.399999999999998,0.093
0.22560000000000002,0.0604105,4.199999999999998,0.42999999999999905,0.094,0.42999999999999905,0.087
0.22565000000000002,0.058226999999999994,3.9499999999999993,0.42999999999999905,0.094,0.42999999999999905,0.092
0.2257,0.0561085,3.8,0.42999999999999905,0.094,0.42999999999999905,0.093
0.22575,0.054148499999999995,3.5999999999999988,0.4399999999999997,0.093,0.4399999999999997,0.093
0.2258,0.052451,3.4499999999999993,0.42999999999999994,0.094,0.42999999999999994,0.094
0.22585000000000002,0.051183,3.25,0.42999999999999994,0.1,0.42999999999999994,0.1
0.22590000000000002,0.050332999999999996,3.0999999999999996,0.42999999999999994,0.104,0.42999999999999994,0.104
0.22595,0.0501195,2.8500000000000005,0.42999999999999994,0.108,0.42999999999999994,0.108
0.226,0.0505645,2.7,0.42999999999999994,0.112,0.42999999999999994,0.111
0.22605,0.0517325,2.55,0.42999999999999994,0.114,0.42999999999999994,0.114
0.22610000000000002,0.053815499999999995,2.3500000000000005,0.42000000000000015,0.117,0.42000000000000015,0.115
0.22615000000000002,0.0569045,2.2,0.42000000000000015,0.11900000000000001,0.42000000000000015,0.115
0.2262,0.061006,2.2,0.42000000000000015,0.121,0.42000000000000015,0.114
0.22625,0.065313,2.3000000000000007,0.42000000000000015,0.122,0.42000000000000015,0.114
0.2263,0.069549,2.450000000000001,0.42000000000000015,0.124,0.41000000000000036,0.11299999999999999
0.22635000000000002,0.07374,2.55,0.42000000000000015,0.124,0.41000000000000036,0.112
0.22640000000000002,0.0778415,2.7,0.42000000000000015,0.125,0.41000000000000036,0.111
0.22645,0.081759,2.8499999999999996,0.42000000000000015,0.126,0.4000000000000006,0.11
0.2265,0.0855605,3.0,0.41000000000000036,0.126,0.4000000000000006,0.10900000000000001
0.22655,0.08919099999999999,3.1500000000000004,0.41000000000000036,0.126,0.4000000000000006,0.108
0.22660000000000002,0.092609,3.3,0.41000000000000036,0.126,0.3899999999999999,0.107
0.22665000000000002,0.0957735,3.45,0.41000000000000036,0.125,0.3899999999999999,0.106
0.2267,0.0987675,3.5500000000000007,0.41000000000000036,0.125,0.3899999999999999,0.10500000000000001
0.22675,0.10163699999999999,3.700000000000001,0.4000000000000006,0.124,0.3899999999999999,0.104
0.2268,0.104293,3.8500000000000005,0.4000000000000006,0.12300000000000001,0.3899999999999999,0.103
0.22685000000000002,0.1066425,4.000000000000001,0.4000000000000006,0.122,0.3899999999999999,0.103
0.22690000000000002,0.108677,4.15,0.4000000000000006,0.121,0.3899999999999999,0.102
0.22695,0.1105235,4.25,0.3899999999999999,0.12000000000000001,0.3800000000000001,0.101
0.227,0.112205,4.4,0.3899999999999999,0.118,0.3800000000000001,0.101
0.22705,0.1135665,4.55,0.3899999999999999,0.117,0.3800000000000001,0.1
0.22710000000000002,0.1145935,4.7,0.3899999999999999,0.115,0.3800000000000001,0.1
0.22715000000000002,0.11543099999999999,4.799999999999999,0.3800000000000001,0.114,0.3800000000000001,0.09899999999999999
0.2272,0.11599949999999999,4.949999999999999,0.3800000000000001,0.11299999999999999,0.3800000000000001,0.09899999999999999
0.22725,0.116127,5.1,0.3800000000000001,0.111,0.3800000000000001,0.098
0.2273,0.11608049999999999,5.25,0.3800000000000001,0.11,0.3800000000000001,0.098
0.22735000000000002,0.115753,5.349999999999999,0.3800000000000001,0.10900000000000001,0.3800000000000001,0.097
0.22740000000000002,0.115217,5.499999999999999,0.3800000000000001,0.108,0.3800000000000001,0.097
0.22745,0.1143095,5.649999999999999,0.3800000000000001,0.108,0.3800000000000001,0.097
0.2275,0.11284599999999999,5.699999999999999,0.3800000000000001,0.107,0.3800000000000001,0.096
0.22755,0.111413,5.85,0.3800000000000001,0.106,0.3800000000000001,0.096
0.22760000000000002,0.10946249999999999,5.950000000000001,0.3800000000000001,0.10500000000000001,0.3800000000000001,0.096
0.22765000000000002,0.10739749999999999,6.05,0.37000000000000033,0.10500000000000001,0.37000000000000033,0.095
0.2277,0.104942,6.1499999999999995,0.37000000000000033,0.104,0.37000000000000033,0.095
0.22775,0.10223099999999999,6.249999999999999,0.37000000000000033,0.103,0.37000000000000033,0.095
0.2278,0.0992575,6.299999999999999,0.37000000000000033,0.103,0.37000000000000033,0.094
0.22785000000000002,0.0961085,6.3500000000000005,0.37000000000000033,0.102,0.37000000000000033,0.094
0.22790000000000002,0.092834,6.349999999999999,0.37000000000000033,0.102,0.37000000000000033,0.094
0.22795,0.089598,6.2,0.37000000000000033,0.101,0.37000000000000033,0.093
0.228,0.086627,5.95,0.37000000000000033,0.101,0.37000000000000033,0.093
0.22805,0.0840485,5.7,0.37000000000000033,0.1,0.37000000000000033,0.093
0.2281,0.08183399999999999,5.55,0.37000000000000033,0.1,0.37000000000000033,0.093
0.22815000000000002,0.079868,5.3500000000000005,0.37000000000000033,0.1,0.37000000000000033,0.093
0.22820000000000001,0.078097,5.25,0.37000000000000033,0.09899999999999999,0.37000000000000033,0.092
0.22825,0.0765115,5.1499999999999995,0.37000000000000033,0.09899999999999999,0.37000000000000033,0.092
0.2283,0.07505049999999999,5.05,0.37000000000000033,0.098,0.37000000000000033,0.092
0.22835,0.0737275,4.95,0.37000000000000033,0.098,0.37000000000000033,0.092
0.22840000000000002,0.072492,4.8999999999999995,0.37000000000000033,0.098,0.37000000000000033,0.091
0.22845000000000001,0.07134399999999999,4.8,0.37000000000000033,0.097,0.37000000000000033,0.091
0.2285,0.0702925,4.749999999999999,0.37000000000000033,0.097,0.37000000000000033,0.091
0.22855,0.069257,4.699999999999999,0.37000000000000033,0.097,0.37000000000000033,0.091
0.2286,0.0683015,4.65,0.37000000000000033,0.096,0.37000000000000033,0.091
0.22865000000000002,0.06739049999999999,4.6,0.37000000000000033,0.096,0.37000000000000033,0.091
0.22870000000000001,0.066492,4.55,0.37000000000000033,0.096,0.37000000000000033,0.09000000000000001
0.22875,0.0655885,4.5,0.36000000000000054,0.096,0.36000000000000054,0.09000000000000001
0.2288,0.0646755,4.449999999999999,0.36000000000000054,0.095,0.36000000000000054,0.09000000000000001
0.22885,0.0636815,4.45,0.36000000000000054,0.095,0.36000000000000054,0.09000000000000001
0.22890000000000002,0.06260399999999999,4.3999999999999995,0.3399999999999992,0.095,1.35,0.093
0.22895000000000001,0.0611025,4.25,0.41000000000000036,0.095,0.41000000000000036,0.085
0.229,0.0589675,4.05,0.42999999999999994,0.094,0.42999999999999994,0.091
0.22905,0.056794,3.85,0.42999999999999994,0.094,0.42999999999999994,0.093
0.2291,0.054780499999999996,3.65,0.4399999999999997,0.093,0.4399999999999997,0.093
0.22915000000000002,0.052985,3.5,0.4399999999999997,0.093,0.4399999999999997,0.093
0.22920000000000001,0.0515555,3.3,0.42999999999999905,0.098,0.42999999999999905,0.098
0.22925,0.050561499999999995,3.15,0.42999999999999905,0.103,0.42999999999999905,0.103
0.2293,0.050109499999999994,2.9499999999999997,0.42999999999999905,0.107,0.42999999999999905,0.107
0.22935,0.050338,2.7499999999999996,0.42999999999999905,0.11,0.42999999999999905,0.11
0.22940000000000002,0.051247,2.5999999999999996,0.42999999999999905,0.114,0.42999999999999905,0.11299999999999999
0.22945000000000002,0.0530075,2.3999999999999995,0.42999999999999905,0.116,0.42999999999999905,0.114
0.2295,0.055749,2.2499999999999996,0.42000000000000015,0.118,0.42000000000000015,0.115
0.22955,0.059586999999999994,2.15,0.42000000000000015,0.12000000000000001,0.42000000000000015,0.115
0.2296,0.0638775,2.3,0.42000000000000015,0.122,0.42000000000000015,0.114
0.22965000000000002,0.068156,2.3999999999999995,0.42000000000000015,0.12300000000000001,0.4099999999999995,0.11299999999999999
0.22970000000000002,0.072337,2.4999999999999996,0.42000000000000015,0.124,0.4099999999999995,0.112
0.22975,0.0765005,2.65,0.42000000000000015,0.125,0.4099999999999995,0.111
0.2298,0.08047399999999999,2.8,0.42000000000000015,0.125,0.3999999999999997,0.11
0.22985,0.084317,2.9499999999999997,0.4099999999999995,0.126,0.3999999999999997,0.10900000000000001
0.22990000000000002,0.087993,3.1,0.4099999999999995,0.126,0.3999999999999997,0.108
0.22995000000000002,0.0914815,3.25,0.4099999999999995,0.126,0.389999999999999,0.107
0.23,0.094734,3.4,0.4099999999999995,0.125,0.389999999999999,0.106
0.23005,0.09779199999999999,3.5,0.4099999999999995,0.125,0.389999999999999,0.10500000000000001
0.2301,0.1007115,3.65,0.3999999999999997,0.124,0.389999999999999,0.104
0.23015000000000002,0.1034185,3.8,0.3999999999999997,0.124,0.389999999999999,0.104
0.23020000000000002,0.105875,3.95,0.3999999999999997,0.12300000000000001,0.389999999999999,0.103
0.23025,0.10804799999999999,4.1000000000000005,0.3999999999999997,0.121,0.389999999999999,0.102
0.2303,0.10987,4.2,0.389999999999999,0.12000000000000001,0.3800000000000001,0.102
0.23035,0.11168,4.3500000000000005,0.389999999999999,0.11900000000000001,0.3800000000000001,0.101
0.23040000000000002,0.1131455,4.5,0.389999999999999,0.117,0.3800000000000001,0.1
0.23045000000000002,0.1143095,4.65,0.389999999999999,0.116,0.3800000000000001,0.1
0.2305,0.115197,4.800000000000001,0.3800000000000001,0.114,0.3800000000000001,0.09899999999999999
0.23055,0.1158815,4.8999999999999995,0.3800000000000001,0.11299999999999999,0.3800000000000001,0.09899999999999999
0.2306,0.116132,5.05,0.3800000000000001,0.112,0.3800000000000001,0.098
0.23065000000000002,0.11612299999999999,5.199999999999999,0.3800000000000001,0.111,0.3800000000000001,0.098
0.23070000000000002,0.1158965,5.3,0.3800000000000001,0.11,0.3800000000000001,0.097
0.23075,0.115385,5.449999999999999,0.3800000000000001,0.10900000000000001,0.3800000000000001,0.097
0.2308,0.114686,5.6,0.3800000000000001,0.108,0.3800000000000001,0.097
0.23085,0.1132965,5.65,0.3800000000000001,0.107,0.3800000000000001,0.096
0.23090000000000002,0.11194649999999999,5.8,0.3800000000000001,0.106,0.3800000000000001,0.096
0.23095000000000002,0.11017149999999999,5.9,0.3800000000000001,0.106,0.3800000000000001,0.096
0.231,0.10811749999999999,6.0,0.3800000000000001,0.10500000000000001,0.3800000000000001,0.095
0.23105,0.10575799999999999,6.15,0.36999999999999944,0.104,0.36999999999999944,0.095
0.2311,0.1031595,6.199999999999999,0.36999999999999944,0.104,0.36999999999999944,0.095
0.23115000000000002,0.10027,6.3,0.36999999999999944,0.103,0.36999999999999944,0.094
0.23120000000000002,0.097188,6.35,0.36999999999999944,0.102,0.36999999999999944,0.094
0.23125,0.093932,6.35,0.36999999999999944,0.102,0.36999999999999944,0.094
0.2313,0.0906575,6.25,0.36999999999999944,0.101,0.36999999999999944,0.094
0.23135,0.087561,6.05,0.36999999999999944,0.101,0.36999999999999944,0.093
0.23140000000000002,0.08484599999999999,5.8,0.36999999999999944,0.1,0.36999999999999944,0.093
0.23145000000000002,0.08252,5.599999999999999,0.36999999999999944,0.1,0.36999999999999944,0.093
0.2315,0.080491,5.3999999999999995,0.36999999999999944,0.1,0.36999999999999944,0.093
0.23155,0.0786615,5.3,0.36999999999999944,0.09899999999999999,0.36999999999999944,0.092
0.2316,0.077044,5.1499999999999995,0.36999999999999944,0.09899999999999999,0.36999999999999944,0.092
0.23165000000000002,0.075528,5.05,0.36999999999999944,0.09899999999999999,0.36999999999999944,0.092
0.23170000000000002,0.0741525,5.000000000000001,0.36999999999999944,0.098,0.36999999999999944,0.092
0.23175,0.0729025,4.9,0.36999999999999944,0.098,0.36999999999999944,0.092
0.2318,0.071714,4.849999999999999,0.36999999999999944,0.097,0.36999999999999944,0.091
0.23185,0.0706415,4.749999999999999,0.36999999999999944,0.097,0.36999999999999944,0.091
0.23190000000000002,0.0695995,4.7,0.36999999999999944,0.097,0.36999999999999944,0.091
0.23195000000000002,0.0686305,4.65,0.36999999999999944,0.097,0.36999999999999944,0.091
0.232,0.0676925,4.599999999999999,0.36999999999999944,0.096,0.36999999999999944,0.091
0.23205,0.0667675,4.549999999999999,0.36999999999999944,0.096,0.36999999999999944,0.09000000000000001
0.2321,0.065899,4.499999999999999,0.36999999999999944,0.096,0.36999999999999944,0.09000000000000001
0.23215000000000002,0.06498799999999999,4.5,0.35999999999999965,0.095,0.35999999999999965,0.09000000000000001
0.23220000000000002,0.0640265,4.45,0.35999999999999965,0.095,0.35999999999999965,0.09000000000000001
0.23225,0.062965,4.4,0.34999999999999987,0.095,0.34999999999999987,0.089
0.2323,0.061682499999999994,4.299999999999999,0.3900000000000008,0.095,0.3900000000000008,0.082
0.23235,0.059698999999999995,4.1,0.4300000000000008,0.094,0.4300000000000008,0.089
0.23240000000000002,0.0575035,3.8999999999999995,0.4300000000000008,0.094,0.4300000000000008,0.093
0.23245000000000002,0.0554345,3.749999999999999,0.4400000000000006,0.093,0.4400000000000006,0.093
0.2325,0.0535505,3.55,0.4400000000000006,0.093,0.4400000000000006,0.093
0.23255,0.051992,3.3999999999999995,0.4300000000000008,0.096,0.4300000000000008,0.096
0.2326,0.0508435,3.2,0.4300000000000008,0.101,0.4300000000000008,0.101
0.23265000000000002,0.050178999999999994,3.0,0.4300000000000008,0.106,0.4300000000000008,0.106
0.23270000000000002,0.050197,2.8000000000000007,0.4300000000000008,0.10900000000000001,0.4300000000000008,0.10900000000000001
0.23275,0.0508475,2.6500000000000004,0.4300000000000008,0.11299999999999999,0.4300000000000008,0.112
0.2328,0.052314,2.450000000000001,0.4300000000000008,0.115,0.4300000000000008,0.114
0.23285,0.054714,2.3000000000000007,0.42000000000000015,0.118,0.42000000000000015,0.115
0.23290000000000002,0.058187499999999996,2.1500000000000004,0.42000000000000015,0.12000000000000001,0.42000000000000015,0.115
0.23295000000000002,0.062454499999999996,2.250000000000001,0.42000000000000015,0.121,0.42000000000000015,0.114
0.233,0.0667335,2.3500000000000005,0.42000000000000015,0.12300000000000001,0.42000000000000015,0.11299999999999999
0.23305,0.07092999999999999,2.500000000000001,0.42000000000000015,0.124,0.41000000000000036,0.11299999999999999
0.2331,0.0751275,2.5999999999999996,0.42000000000000015,0.125,0.41000000000000036,0.111
0.23315000000000002,0.07916,2.75,0.42000000000000015,0.125,0.3999999999999997,0.11
0.23320000000000002,0.0830505,2.8999999999999995,0.41000000000000036,0.126,0.3999999999999997,0.10900000000000001
0.23325,0.086781,3.05,0.41000000000000036,0.126,0.3999999999999997,0.108
0.2333,0.0903435,3.1999999999999993,0.41000000000000036,0.126,0.3900000000000008,0.107
0.23335,0.09368349999999999,3.3499999999999996,0.41000000000000036,0.126,0.3900000000000008,0.106
0.23340000000000002,0.09679549999999999,3.45,0.41000000000000036,0.125,0.3900000000000008,0.106
0.23345000000000002,0.09974899999999999,3.6000000000000005,0.41000000000000036,0.125,0.3900000000000008,0.10500000000000001
0.2335,0.102548,3.750000000000001,0.3999999999999997,0.124,0.3900000000000008,0.104
0.23355,0.105083,3.9000000000000004,0.3999999999999997,0.12300000000000001,0.3900000000000008,0.103
0.2336,0.1073625,4.050000000000001,0.3999999999999997,0.122,0.3900000000000008,0.102
0.23365000000000002,0.10927049999999999,4.200000000000001,0.3999999999999997,0.121,0.3900000000000008,0.102
0.23370000000000002,0.11111449999999999,4.300000000000001,0.3900000000000008,0.11900000000000001,0.3800000000000001,0.101
0.23375,0.112678,4.45,0.3900000000000008,0.118,0.3800000000000001,0.101
0.2338,0.11395649999999999,4.6000000000000005,0.3900000000000008,0.116,0.3800000000000001,0.1
0.23385,0.1148955,4.75,0.3800000000000001,0.115,0.3800000000000001,0.1
0.23390000000000002,0.115669,4.85,0.3800000000000001,0.11299999999999999,0.3800000000000001,0.09899999999999999
0.23395000000000002,0.11610899999999999,5.0,0.3800000000000001,0.112,0.3800000000000001,0.09899999999999999
0.234,0.11615249999999999,5.1499999999999995,0.3800000000000001,0.111,0.3800000000000001,0.098
0.23405,0.116006,5.3,0.3800000000000001,0.11,0.3800000000000001,0.098
0.2341,0.1155735,5.399999999999999,0.3800000000000001,0.10900000000000001,0.3800000000000001,0.097
0.23415000000000002,0.1149805,5.549999999999999,0.3800000000000001,0.108,0.3800000000000001,0.097
0.23420000000000002,0.11387749999999999,5.6499999999999995,0.3800000000000001,0.107,0.3800000000000001,0.096
0.23425,0.1124105,5.75,0.3800000000000001,0.106,0.3800000000000001,0.096
0.2343,0.11084,5.8500000000000005,0.3800000000000001,0.106,0.3800000000000001,0.096
0.23435,0.108801,6.000000000000001,0.3800000000000001,0.10500000000000001,0.3800000000000001,0.095
0.23440000000000003,0.106597,6.1000000000000005,0.37000000000000033,0.104,0.37000000000000033,0.095
0.23445000000000002,0.104074,6.2,0.37000000000000033,0.104,0.37000000000000033,0.095
0.23450000000000001,0.10124999999999999,6.299999999999999,0.37000000000000033,0.103,0.37000000000000033,0.094
0.23455,0.09822349999999999,6.349999999999999,0.37000000000000033,0.103,0.37000000000000033,0.094
0.2346,0.0950275,6.349999999999999,0.37000000000000033,0.102,0.37000000000000033,0.094
0.23465,0.09174,6.3,0.37000000000000033,0.102,0.37000000000000033,0.094
0.23470000000000002,0.088557,6.15,0.37000000000000033,0.101,0.37000000000000033,0.093
0.23475000000000001,0.085718,5.8999999999999995,0.37000000000000033,0.101,0.37000000000000033,0.093
0.2348,0.083272,5.6499999999999995,0.37000000000000033,0.1,0.37000000000000033,0.093
0.23485,0.08114199999999999,5.449999999999999,0.37000000000000033,0.1,0.37000000000000033,0.093
0.2349,0.0792615,5.3,0.37000000000000033,0.09899999999999999,0.37000000000000033,0.092
0.23495000000000002,0.077566,5.2,0.37000000000000033,0.09899999999999999,0.37000000000000033,0.092
0.23500000000000001,0.07601,5.1000000000000005,0.37000000000000033,0.09899999999999999,0.37000000000000033,0.092
0.23505,0.0746125,4.999999999999999,0.37000000000000033,0.098,0.37000000000000033,0.092
0.2351,0.073312,4.95,0.37000000000000033,0.098,0.37000000000000033,0.092
0.23515,0.0721025,4.8500000000000005,0.37000000000000033,0.098,0.37000000000000033,0.091
0.23520000000000002,0.07099849999999999,4.8,0.37000000000000033,0.097,0.37000000000000033,0.091
0.23525000000000001,0.0699545,4.75,0.37000000000000033,0.097,0.37000000000000033,0.091
0.2353,0.06894399999999999,4.6499999999999995,0.37000000000000033,0.097,0.37000000000000033,0.091
0.23535,0.06798649999999999,4.6,0.37000000000000033,0.096,0.37000000000000033,0.091
0.2354,0.067073,4.6000000000000005,0.37000000000000033,0.096,0.37000000000000033,0.09000000000000001
0.23545000000000002,0.066205,4.55,0.37000000000000033,0.096,0.37000000000000033,0.09000000000000001
0.23550000000000001,0.06529,4.5,0.35999999999999965,0.096,0.35999999999999965,0.09000000000000001
0.23555,0.06435199999999999,4.449999999999999,0.35999999999999965,0.095,0.35999999999999965,0.09000000000000001
0.2356,0.063348,4.3999999999999995,0.35999999999999965,0.095,0.35999999999999965,0.09000000000000001
0.23565,0.0621665,4.4,0.36000000000000054,0.095,1.4,0.093
0.23570000000000002,0.0604115,4.2,0.42999999999999994,0.094,0.42999999999999994,0.087
0.23575000000000002,0.058227999999999995,3.9499999999999997,0.42999999999999994,0.094,0.42999999999999994,0.092
0.2358,0.0561085,3.8,0.42999999999999994,0.094,0.42999999999999994,0.093
0.23585,0.0541505,3.5999999999999996,0.4399999999999997,0.093,0.4399999999999997,0.093
0.2359,0.052451,3.4499999999999997,0.42999999999999994,0.094,0.42999999999999994,0.094
0.23595000000000002,0.051183,3.25,0.42999999999999994,0.1,0.42999999999999994,0.1
0.23600000000000002,0.050332999999999996,3.0999999999999996,0.42999999999999994,0.104,0.42999999999999994,0.104
0.23605,0.0501195,2.8499999999999996,0.42999999999999994,0.108,0.42999999999999994,0.108
0.2361,0.050565,2.6999999999999997,0.42999999999999994,0.112,0.42999999999999994,0.111
0.23615,0.051732999999999994,2.5499999999999994,0.42999999999999994,0.114,0.42999999999999994,0.114
0.23620000000000002,0.053815999999999996,2.3499999999999996,0.41999999999999926,0.117,0.41999999999999926,0.115
0.23625000000000002,0.056905,2.1999999999999997,0.41999999999999926,0.11900000000000001,0.41999999999999926,0.115
0.2363,0.0610065,2.1999999999999997,0.41999999999999926,0.121,0.41999999999999926,0.114
0.23635,0.065313,2.3,0.41999999999999926,0.122,0.41999999999999926,0.114
0.2364,0.069549,2.4499999999999997,0.41999999999999926,0.124,0.41000000000000036,0.11299999999999999
0.23645000000000002,0.07374,2.55,0.41999999999999926,0.124,0.41000000000000036,0.112
0.23650000000000002,0.0778415,2.6999999999999997,0.41999999999999926,0.125,0.41000000000000036,0.111
0.23655,0.08176,2.8499999999999996,0.41999999999999926,0.126,0.4000000000000006,0.11
0.2366,0.0855605,2.9999999999999996,0.41000000000000036,0.126,0.4000000000000006,0.10900000000000001
0.23665,0.08919149999999999,3.15,0.41000000000000036,0.126,0.4000000000000006,0.108
0.23670000000000002,0.09261,3.3,0.41000000000000036,0.126,0.3899999999999999,0.107
0.23675000000000002,0.095774,3.4499999999999997,0.41000000000000036,0.125,0.3899999999999999,0.106
0.2368,0.098768,3.5500000000000003,0.41000000000000036,0.125,0.3899999999999999,0.10500000000000001
0.23685,0.10163699999999999,3.7,0.4000000000000006,0.124,0.3899999999999999,0.104
0.2369,0.1042945,3.85,0.4000000000000006,0.12300000000000001,0.3899999999999999,0.103
0.23695000000000002,0.10664349999999999,4.0,0.4000000000000006,0.122,0.3899999999999999,0.103
0.23700000000000002,0.1086775,4.15,0.4000000000000006,0.121,0.3899999999999999,0.102
0.23705,0.1105235,4.25,0.3899999999999999,0.12000000000000001,0.3800000000000001,0.101
0.2371,0.112205,4.4,0.3899999999999999,0.118,0.3800000000000001,0.101
0.23715,0.1135665,4.55,0.3899999999999999,0.117,0.3800000000000001,0.1
0.23720000000000002,0.114594,4.7,0.3899999999999999,0.115,0.3800000000000001,0.1
0.23725000000000002,0.11543199999999999,4.799999999999999,0.3800000000000001,0.114,0.3800000000000001,0.09899999999999999
0.2373,0.11599999999999999,4.949999999999999,0.3800000000000001,0.11299999999999999,0.3800000000000001,0.09899999999999999
0.23735,0.116129,5.1,0.3800000000000001,0.111,0.3800000000000001,0.098
0.2374,0.11608049999999999,5.249999999999999,0.3800000000000001,0.11,0.3800000000000001,0.098
0.23745000000000002,0.1157545,5.35,0.3800000000000001,0.10900000000000001,0.3800000000000001,0.097
0.23750000000000002,0.1152175,5.499999999999999,0.3800000000000001,0.108,0.3800000000000001,0.097
0.23755,0.114311,5.6499999999999995,0.3800000000000001,0.108,0.3800000000000001,0.097
0.2376,0.11284599999999999,5.699999999999999,0.3800000000000001,0.107,0.3800000000000001,0.096
0.23765,0.1114135,5.85,0.3800000000000001,0.106,0.3800000000000001,0.096
0.23770000000000002,0.10946349999999999,5.95,0.3800000000000001,0.10500000000000001,0.3800000000000001,0.096
0.23775000000000002,0.1073985,6.05,0.36999999999999944,0.10500000000000001,0.36999999999999944,0.095
0.2378,0.1049425,6.1499999999999995,0.36999999999999944,0.104,0.36999999999999944,0.095
0.23785,0.10223099999999999,6.249999999999999,0.36999999999999944,0.103,0.36999999999999944,0.095
0.2379,0.0992585,6.3,0.36999999999999944,0.103,0.36999999999999944,0.094
0.23795000000000002,0.096109,6.349999999999999,0.36999999999999944,0.102,0.36999999999999944,0.094
0.23800000000000002,0.0928345,6.3500000000000005,0.36999999999999944,0.102,0.36999999999999944,0.094
0.23805,0.089599,6.2,0.36999999999999944,0.101,0.36999999999999944,0.093
0.2381,0.0866275,5.95,0.36999999999999944,0.101,0.36999999999999944,0.093
0.23815,0.0840485,5.7,0.36999999999999944,0.1,0.36999999999999944,0.093
0.23820000000000002,0.08183549999999999,5.55,0.36999999999999944,0.1,0.36999999999999944,0.093
0.23825000000000002,0.079869,5.349999999999999,0.36999999999999944,0.1,0.36999999999999944,0.093
0.2383,0.0780985,5.25,0.36999999999999944,0.09899999999999999,0.36999999999999944,0.092
0.23835,0.076512,5.149999999999998,0.36999999999999944,0.09899999999999999,0.36999999999999944,0.092
0.2384,0.0750515,5.050000000000001,0.36999999999999944,0.098,0.36999999999999944,0.092
0.23845000000000002,0.0737285,4.949999999999998,0.36999999999999944,0.098,0.36999999999999944,0.092
0.23850000000000002,0.0724935,4.8999999999999995,0.36999999999999944,0.098,0.36999999999999944,0.091
0.23855,0.07134499999999999,4.8,0.36999999999999944,0.097,0.36999999999999944,0.091
0.2386,0.070296,4.75,0.36999999999999944,0.097,0.36999999999999944,0.091
0.23865,0.069258,4.7,0.36999999999999944,0.097,0.36999999999999944,0.091
0.23870000000000002,0.068302,4.6499999999999995,0.36999999999999944,0.096,0.36999999999999944,0.091
0.23875000000000002,0.0673915,4.600000000000001,0.36999999999999944,0.096,0.36999999999999944,0.091
0.2388,0.0664925,4.55,0.36999999999999944,0.096,0.36999999999999944,0.09000000000000001
0.23885,0.06559,4.5,0.36000000000000054,0.096,0.36000000000000054,0.09000000000000001
0.2389,0.0646765,4.449999999999998,0.36000000000000054,0.095,0.36000000000000054,0.09000000000000001
0.23895000000000002,0.063682,4.450000000000001,0.36000000000000054,0.095,0.36000000000000054,0.09000000000000001
0.23900000000000002,0.062605,4.3999999999999995,0.3400000000000001,0.095,1.349999999999999,0.093
0.23905,0.061103,4.249999999999998,0.41000000000000036,0.095,0.41000000000000036,0.085
0.2391,0.058968,4.049999999999999,0.42999999999999994,0.094,0.42999999999999994,0.091
0.23915,0.0567945,3.8499999999999996,0.42999999999999994,0.094,0.42999999999999994,0.093
0.23920000000000002,0.054780499999999996,3.6499999999999995,0.4400000000000006,0.093,0.4400000000000006,0.093
0.23925000000000002,0.0529855,3.5,0.4400000000000006,0.093,0.4400000000000006,0.093
0.2393,0.0515555,3.299999999999999,0.42999999999999994,0.098,0.42999999999999994,0.098
0.23935,0.050561499999999995,3.1499999999999995,0.42999999999999994,0.103,0.42999999999999994,0.103
0.2394,0.050109999999999995,2.95,0.42999999999999994,0.107,0.42999999999999994,0.107
0.23945000000000002,0.050338,2.750000000000001,0.42999999999999994,0.11,0.42999999999999994,0.11
0.23950000000000002,0.051247999999999995,2.6000000000000005,0.42999999999999994,0.114,0.42999999999999994,0.11299999999999999
0.23955,0.053008,2.4000000000000004,0.42999999999999994,0.116,0.42999999999999994,0.114
0.2396,0.055749,2.250000000000001,0.42000000000000104,0.118,0.42000000000000104,0.115
0.23965,0.059586999999999994,2.1500000000000004,0.42000000000000104,0.12000000000000001,0.42000000000000104,0.115
0.23970000000000002,0.06387799999999999,2.3000000000000007,0.42000000000000104,0.122,0.42000000000000104,0.114
0.23975000000000002,0.068156,2.4000000000000004,0.42000000000000104,0.12300000000000001,0.41000000000000036,0.11299999999999999
0.2398,0.072337,2.499999999999999,0.42000000000000104,0.124,0.41000000000000036,0.112
0.23985,0.0765005,2.6499999999999995,0.42000000000000104,0.125,0.41000000000000036,0.111
0.2399,0.08047399999999999,2.8,0.42000000000000104,0.125,0.4000000000000006,0.11
0.23995000000000002,0.08431749999999999,2.9499999999999993,0.41000000000000036,0.126,0.4000000000000006,0.10900000000000001
0.24000000000000002,0.08799499999999999,3.1000000000000005,0.41000000000000036,0.126,0.4000000000000006,0.108
0.24005,0.091482,3.25,0.41000000000000036,0.126,0.3899999999999999,0.107
0.2401,0.094734,3.4000000000000004,0.41000000000000036,0.125,0.3899999999999999,0.106
0.24015,0.09779249999999999,3.500000000000001,0.41000000000000036,0.125,0.3899999999999999,0.10500000000000001
0.24020000000000002,0.1007125,3.6500000000000012,0.4000000000000006,0.124,0.3899999999999999,0.104
0.24025000000000002,0.103419,3.8000000000000007,0.4000000000000006,0.124,0.3899999999999999,0.104
0.2403,0.105875,3.950000000000001,0.4000000000000006,0.12300000000000001,0.3899999999999999,0.103
0.24035,0.10804799999999999,4.100000000000001,0.4000000000000006,0.121,0.3899999999999999,0.102
0.2404,0.1098705,4.2,0.3899999999999999,0.12000000000000001,0.380000000000001,0.102
0.24045000000000002,0.11168049999999999,4.3500000000000005,0.3899999999999999,0.11900000000000001,0.380000000000001,0.101
0.24050000000000002,0.113146,4.5,0.3899999999999999,0.117,0.380000000000001,0.1
0.24055,0.11431,4.65,0.3899999999999999,0.116,0.380000000000001,0.1
0.2406,0.115198,4.8,0.380000000000001,0.114,0.380000000000001,0.09899999999999999
0.24065,0.1158835,4.8999999999999995,0.380000000000001,0.11299999999999999,0.380000000000001,0.09899999999999999
0.24070000000000003,0.1161325,5.049999999999999,0.380000000000001,0.112,0.380000000000001,0.098
0.24075000000000002,0.11612299999999999,5.199999999999999,0.380000000000001,0.111,0.380000000000001,0.098
0.24080000000000001,0.1158975,5.299999999999999,0.380000000000001,0.11,0.380000000000001,0.097
0.24085,0.115385,5.449999999999998,0.380000000000001,0.10900000000000001,0.380000000000001,0.097
0.2409,0.1146865,5.599999999999999,0.380000000000001,0.108,0.380000000000001,0.097
0.24095000000000003,0.113297,5.6499999999999995,0.380000000000001,0.107,0.380000000000001,0.096
0.24100000000000002,0.11194749999999999,5.8,0.380000000000001,0.106,0.380000000000001,0.096
0.24105000000000001,0.11017149999999999,5.900000000000001,0.380000000000001,0.106,0.380000000000001,0.096
0.2411,0.10811749999999999,6.0,0.380000000000001,0.10500000000000001,0.380000000000001,0.095
0.24115,0.10575949999999999,6.1499999999999995,0.37000000000000033,0.104,0.37000000000000033,0.095
0.2412,0.10316099999999999,6.199999999999998,0.37000000000000033,0.104,0.37000000000000033,0.095
0.24125000000000002,0.10027,6.3,0.37000000000000033,0.103,0.37000000000000033,0.094
0.24130000000000001,0.097189,6.3500000000000005,0.37000000000000033,0.102,0.37000000000000033,0.094
0.24135,0.0939325,6.3500000000000005,0.37000000000000033,0.102,0.37000000000000033,0.094
0.2414,0.09065999999999999,6.25,0.37000000000000033,0.101,0.37000000000000033,0.094
0.24145,0.087562,6.05,0.37000000000000033,0.101,0.37000000000000033,0.093
0.24150000000000002,0.08484649999999999,5.8,0.37000000000000033,0.1,0.37000000000000033,0.093
0.24155000000000001,0.08252,5.6000000000000005,0.37000000000000033,0.1,0.37000000000000033,0.093
0.2416,0.080491,5.4,0.37000000000000033,0.1,0.37000000000000033,0.093
0.24165,0.078662,5.3,0.37000000000000033,0.09899999999999999,0.37000000000000033,0.092
0.2417,0.0770445,5.1499999999999995,0.37000000000000033,0.09899999999999999,0.37000000000000033,0.092
0.24175000000000002,0.07553,5.05,0.37000000000000033,0.09899999999999999,0.37000000000000033,0.092
0.24180000000000001,0.0741535,5.000000000000001,0.37000000000000033,0.098,0.37000000000000033,0.092
0.24185,0.0729025,4.8999999999999995,0.37000000000000033,0.098,0.37000000000000033,0.092
0.2419,0.0717155,4.8500000000000005,0.37000000000000033,0.097,0.37000000000000033,0.091
0.24195,0.0706415,4.750000000000001,0.37000000000000033,0.097,0.37000000000000033,0.091
0.24200000000000002,0.0695995,4.699999999999999,0.37000000000000033,0.097,0.37000000000000033,0.091
0.24205000000000002,0.0686305,4.65,0.37000000000000033,0.097,0.37000000000000033,0.091
0.2421,0.067693,4.6,0.37000000000000033,0.096,0.37000000000000033,0.091
0.24215,0.066768,4.55,0.37000000000000033,0.096,0.37000000000000033,0.09000000000000001
0.2422,0.0658995,4.5,0.37000000000000033,0.096,0.37000000000000033,0.09000000000000001
0.24225000000000002,0.06498849999999999,4.5,0.36000000000000054,0.095,0.36000000000000054,0.09000000000000001
0.24230000000000002,0.0640275,4.45,0.36000000000000054,0.095,0.36000000000000054,0.09000000000000001
0.24235,0.062966,4.3999999999999995,0.34999999999999987,0.095,0.34999999999999987,0.089
0.2424,0.061682999999999995,4.300000000000001,0.3899999999999999,0.095,0.3899999999999999,0.082
0.24245,0.0597005,4.1,0.42999999999999994,0.094,0.42999999999999994,0.089
0.24250000000000002,0.0575035,3.9,0.42999999999999994,0.094,0.42999999999999994,0.093
0.24255000000000002,0.0554355,3.75,0.4399999999999997,0.093,0.4399999999999997,0.093
0.2426,0.0535505,3.55,0.4399999999999997,0.093,0.4399999999999997,0.093
0.24265,0.051992,3.4,0.4300000000000008,0.096,0.4300000000000008,0.096
0.2427,0.050844,3.2,0.4300000000000008,0.101,0.4300000000000008,0.101
0.24275000000000002,0.050178999999999994,2.9999999999999996,0.4300000000000008,0.106,0.4300000000000008,0.106
0.24280000000000002,0.050197,2.8,0.4300000000000008,0.10900000000000001,0.4300000000000008,0.10900000000000001
0.24285,0.0508475,2.65,0.4300000000000008,0.11299999999999999,0.4300000000000008,0.112
0.2429,0.0523145,2.4499999999999997,0.4300000000000008,0.115,0.4300000000000008,0.114
0.24295,0.054714,2.3,0.42000000000000015,0.118,0.42000000000000015,0.115
0.24300000000000002,0.058187499999999996,2.15,0.42000000000000015,0.12000000000000001,0.42000000000000015,0.115
0.24305000000000002,0.062454499999999996,2.2499999999999996,0.42000000000000015,0.121,0.42000000000000015,0.114
0.2431,0.066734,2.3499999999999996,0.42000000000000015,0.12300000000000001,0.42000000000000015,0.11299999999999999
0.24315,0.0709305,2.4999999999999996,0.42000000000000015,0.124,0.41000000000000036,0.11299999999999999
0.2432,0.0751275,2.6,0.42000000000000015,0.125,0.41000000000000036,0.111
0.24325000000000002,0.0791605,2.75,0.42000000000000015,0.125,0.3999999999999997,0.11
0.24330000000000002,0.0830505,2.9,0.41000000000000036,0.126,0.3999999999999997,0.10900000000000001
0.24335,0.086781,3.05,0.41000000000000036,0.126,0.3999999999999997,0.108
0.2434,0.090344,3.1999999999999997,0.41000000000000036,0.126,0.3900000000000008,0.107
0.24345,0.09368399999999999,3.3499999999999996,0.41000000000000036,0.126,0.3900000000000008,0.106
0.24350000000000002,0.0967965,3.4499999999999997,0.41000000000000036,0.125,0.3900000000000008,0.106
0.24355000000000002,0.09975049999999999,3.6,0.41000000000000036,0.125,0.3900000000000008,0.10500000000000001
0.2436,0.102548,3.75,0.3999999999999997,0.124,0.3900000000000008,0.104
0.24365,0.105083,3.9,0.3999999999999997,0.12300000000000001,0.3900000000000008,0.103
0.2437,0.107363,4.05,0.3999999999999997,0.122,0.3900000000000008,0.102
0.24375000000000002,0.109273,4.2,0.3999999999999997,0.121,0.3900000000000008,0.102
0.24380000000000002,0.11111549999999999,4.3,0.3900000000000008,0.11900000000000001,0.3800000000000001,0.101
0.24385,0.112678,4.45,0.3900000000000008,0.118,0.3800000000000001,0.101
0.2439,0.11395699999999999,4.6,0.3900000000000008,0.116,0.3800000000000001,0.1
0.24395,0.114897,4.75,0.3800000000000001,0.115,0.3800000000000001,0.1
0.24400000000000002,0.115669,4.85,0.3800000000000001,0.11299999999999999,0.3800000000000001,0.09899999999999999
0.24405000000000002,0.11610999999999999,5.0,0.3800000000000001,0.112,0.3800000000000001,0.09899999999999999
0.2441,0.11615249999999999,5.1499999999999995,0.3800000000000001,0.111,0.3800000000000001,0.098
0.24415,0.1160075,5.3,0.3800000000000001,0.11,0.3800000000000001,0.098
0.2442,0.1155735,5.3999999999999995,0.3800000000000001,0.10900000000000001,0.3800000000000001,0.097
0.24425000000000002,0.1149815,5.55,0.3800000000000001,0.108,0.3800000000000001,0.097
0.24430000000000002,0.113878,5.65,0.3800000000000001,0.107,0.3800000000000001,0.096
0.24435,0.112412,5.75,0.3800000000000001,0.106,0.3800000000000001,0.096
0.2444,0.1108405,5.8500000000000005,0.3800000000000001,0.106,0.3800000000000001,0.096
0.24445,0.1088015,6.0,0.3800000000000001,0.10500000000000001,0.3800000000000001,0.095
0.24450000000000002,0.1065975,6.1000000000000005,0.37000000000000033,0.104,0.37000000000000033,0.095
0.24455000000000002,0.104074,6.2,0.37000000000000033,0.104,0.37000000000000033,0.095
0.2446,0.101251,6.3,0.37000000000000033,0.103,0.37000000000000033,0.094
0.24465,0.09822399999999999,6.3500000000000005,0.37000000000000033,0.103,0.37000000000000033,0.094
0.2447,0.0950275,6.35,0.37000000000000033,0.102,0.37000000000000033,0.094
0.24475000000000002,0.0917405,6.3,0.37000000000000033,0.102,0.37000000000000033,0.094
0.24480000000000002,0.0885585,6.1499999999999995,0.37000000000000033,0.101,0.37000000000000033,0.093
0.24485,0.08571999999999999,5.8999999999999995,0.37000000000000033,0.101,0.37000000000000033,0.093
0.2449,0.083273,5.6499999999999995,0.37000000000000033,0.1,0.37000000000000033,0.093
0.24495,0.0811435,5.45,0.37000000000000033,0.1,0.37000000000000033,0.093
0.24500000000000002,0.079263,5.3,0.37000000000000033,0.09899999999999999,0.37000000000000033,0.092
0.24505000000000002,0.077567,5.2,0.37000000000000033,0.09899999999999999,0.37000000000000033,0.092
0.2451,0.0760105,5.1000000000000005,0.37000000000000033,0.09899999999999999,0.37000000000000033,0.092
0.24515,0.074614,4.999999999999999,0.37000000000000033,0.098,0.37000000000000033,0.092
0.2452,0.07331349999999999,4.95,0.37000000000000033,0.098,0.37000000000000033,0.092
0.24525000000000002,0.0721035,4.8500000000000005,0.37000000000000033,0.098,0.37000000000000033,0.091
0.24530000000000002,0.07099899999999999,4.800000000000001,0.37000000000000033,0.097,0.37000000000000033,0.091
0.24535,0.0699545,4.749999999999999,0.37000000000000033,0.097,0.37000000000000033,0.091
0.2454,0.06894449999999999,4.6499999999999995,0.37000000000000033,0.097,0.37000000000000033,0.091
0.24545,0.06798699999999999,4.6,0.37000000000000033,0.096,0.37000000000000033,0.091
0.24550000000000002,0.067073,4.6,0.37000000000000033,0.096,0.37000000000000033,0.09000000000000001
0.24555000000000002,0.0662065,4.549999999999999,0.37000000000000033,0.096,0.37000000000000033,0.09000000000000001
0.2456,0.0652905,4.500000000000001,0.35999999999999965,0.096,0.35999999999999965,0.09000000000000001
0.24565,0.06435249999999999,4.449999999999999,0.35999999999999965,0.095,0.35999999999999965,0.09000000000000001
0.2457,0.0633485,4.4,0.35999999999999965,0.095,0.35999999999999965,0.09000000000000001
0.24575000000000002,0.062167,4.399999999999999,0.36000000000000054,0.095,1.399999999999998,0.093
0.24580000000000002,0.0604115,4.199999999999998,0.42999999999999994,0.094,0.42999999999999994,0.087
0.24585,0.058228499999999996,3.9499999999999993,0.42999999999999994,0.094,0.42999999999999994,0.092
0.2459,0.0561095,3.8,0.42999999999999994,0.094,0.42999999999999994,0.093
0.24595,0.0541505,3.5999999999999988,0.4399999999999997,0.093,0.4399999999999997,0.093
0.24600000000000002,0.052451,3.4499999999999993,0.42999999999999994,0.094,0.42999999999999994,0.094
0.24605000000000002,0.0511835,3.25,0.42999999999999994,0.1,0.42999999999999994,0.1
0.2461,0.050333499999999996,3.0999999999999996,0.42999999999999994,0.104,0.42999999999999994,0.104
0.24615,0.0501195,2.8500000000000005,0.42999999999999994,0.108,0.42999999999999994,0.108
0.2462,0.050565,2.7,0.42999999999999994,0.112,0.42999999999999994,0.111
0.24625000000000002,0.051732999999999994,2.55,0.42999999999999994,0.114,0.42999999999999994,0.114
0.24630000000000002,0.053815999999999996,2.3500000000000005,0.41999999999999926,0.117,0.41999999999999926,0.115
0.24635,0.056905,2.2,0.41999999999999926,0.11900000000000001,0.41999999999999926,0.115
0.2464,0.0610065,2.2,0.41999999999999926,0.121,0.41999999999999926,0.114
0.24645,0.065313,2.3000000000000007,0.41999999999999926,0.122,0.41999999999999926,0.114
0.24650000000000002,0.0695495,2.450000000000001,0.41999999999999926,0.124,0.4099999999999995,0.11299999999999999
0.24655000000000002,0.07374,2.55,0.41999999999999926,0.124,0.4099999999999995,0.112
0.2466,0.0778415,2.7,0.41999999999999926,0.125,0.4099999999999995,0.111
0.24665,0.0817605,2.8499999999999996,0.41999999999999926,0.126,0.3999999999999997,0.11
0.2467,0.085561,3.0,0.4099999999999995,0.126,0.3999999999999997,0.10900000000000001
0.24675000000000002,0.08919149999999999,3.1500000000000004,0.4099999999999995,0.126,0.3999999999999997,0.108
0.24680000000000002,0.09261,3.3,0.4099999999999995,0.126,0.3899999999999999,0.107
0.24685,0.095774,3.45,0.4099999999999995,0.125,0.3899999999999999,0.106
0.2469,0.098768,3.5500000000000007,0.4099999999999995,0.125,0.3899999999999999,0.10500000000000001
0.24695,0.10163749999999999,3.700000000000001,0.3999999999999997,0.124,0.3899999999999999,0.104
0.24700000000000003,0.1042955,3.8500000000000005,0.3999999999999997,0.12300000000000001,0.3899999999999999,0.103
0.24705000000000002,0.10664349999999999,4.000000000000001,0.3999999999999997,0.122,0.3899999999999999,0.103
0.24710000000000001,0.1086775,4.15,0.3999999999999997,0.121,0.3899999999999999,0.102
0.24715,0.110524,4.25,0.3899999999999999,0.12000000000000001,0.3799999999999992,0.101
0.2472,0.112205,4.4,0.3899999999999999,0.118,0.3799999999999992,0.101
0.24725000000000003,0.1135675,4.55,0.3899999999999999,0.117,0.3799999999999992,0.1
0.24730000000000002,0.11459449999999999,4.7,0.3899999999999999,0.115,0.3799999999999992,0.1
0.24735000000000001,0.1154325,4.799999999999999,0.3799999999999992,0.114,0.3799999999999992,0.09899999999999999
0.2474,0.11599999999999999,4.949999999999999,0.3799999999999992,0.11299999999999999,0.3799999999999992,0.09899999999999999
0.24745,0.11613,5.1,0.3799999999999992,0.111,0.3799999999999992,0.098
0.24750000000000003,0.11608149999999999,5.25,0.3799999999999992,0.11,0.3799999999999992,0.098
0.24755000000000002,0.1157545,5.349999999999999,0.3799999999999992,0.10900000000000001,0.3799999999999992,0.097
0.24760000000000001,0.1152175,5.499999999999999,0.3799999999999992,0.108,0.3799999999999992,0.097
0.24765,0.114312,5.649999999999999,0.3799999999999992,0.108,0.3799999999999992,0.097
0.2477,0.11284699999999999,5.699999999999999,0.3799999999999992,0.107,0.3799999999999992,0.096
0.24775,0.1114135,5.85,0.3799999999999992,0.106,0.3799999999999992,0.096
0.24780000000000002,0.10946399999999999,5.950000000000001,0.3799999999999992,0.10500000000000001,0.3799999999999992,0.096
0.24785000000000001,0.1073995,6.05,0.36999999999999944,0.10500000000000001,0.36999999999999944,0.095
0.2479,0.1049425,6.1499999999999995,0.36999999999999944,0.104,0.36999999999999944,0.095
0.24795,0.10223149999999999,6.249999999999999,0.36999999999999944,0.103,0.36999999999999944,0.095
0.248,0.0992595,6.299999999999999,0.36999999999999944,0.103,0.36999999999999944,0.094
0.24805000000000002,0.0961095,6.3500000000000005,0.36999999999999944,0.102,0.36999999999999944,0.094
0.24810000000000001,0.0928345,6.349999999999999,0.36999999999999944,0.102,0.36999999999999944,0.094
0.24815,0.0896,6.2,0.36999999999999944,0.101,0.36999999999999944,0.093
0.2482,0.0866295,5.95,0.36999999999999944,0.101,0.36999999999999944,0.093
0.24825,0.084049,5.7,0.36999999999999944,0.1,0.36999999999999944,0.093
0.24830000000000002,0.08183599999999999,5.55,0.36999999999999944,0.1,0.36999999999999944,0.093
0.24835000000000002,0.07987,5.3500000000000005,0.36999999999999944,0.1,0.36999999999999944,0.093
0.2484,0.0780985,5.25,0.36999999999999944,0.09899999999999999,0.36999999999999944,0.092
0.24845,0.076513,5.1499999999999995,0.36999999999999944,0.09899999999999999,0.36999999999999944,0.092
0.2485,0.0750515,5.05,0.36999999999999944,0.098,0.36999999999999944,0.092
0.24855000000000002,0.073729,4.95,0.36999999999999944,0.098,0.36999999999999944,0.092
0.24860000000000002,0.0724945,4.8999999999999995,0.36999999999999944,0.098,0.36999999999999944,0.091
0.24865,0.07134549999999999,4.8,0.36999999999999944,0.097,0.36999999999999944,0.091
0.2487,0.0702965,4.749999999999999,0.36999999999999944,0.097,0.36999999999999944,0.091
0.24875,0.0692595,4.699999999999999,0.36999999999999944,0.097,0.36999999999999944,0.091
0.24880000000000002,0.068302,4.65,0.36999999999999944,0.096,0.36999999999999944,0.091
0.24885000000000002,0.067393,4.6,0.36999999999999944,0.096,0.36999999999999944,0.091
0.2489,0.0664925,4.55,0.36999999999999944,0.096,0.36999999999999944,0.09000000000000001
0.24895,0.0655905,4.5,0.36000000000000054,0.096,0.36000000000000054,0.09000000000000001
0.249,0.0646765,4.449999999999999,0.36000000000000054,0.095,0.36000000000000054,0.09000000000000001
0.24905000000000002,0.063682,4.45,0.36000000000000054,0.095,0.36000000000000054,0.09000000000000001
0.24910000000000002,0.0626055,4.3999999999999995,0.3400000000000001,0.095,1.35,0.093
0.24915,0.061103,4.25,0.41000000000000036,0.095,0.41000000000000036,0.085
0.2492,0.0589685,4.05,0.42999999999999994,0.094,0.42999999999999994,0.091
0.24925,0.0567945,3.85,0.42999999999999994,0.094,0.42999999999999994,0.093
0.24930000000000002,0.054780999999999996,3.65,0.4400000000000006,0.093,0.4400000000000006,0.093
0.24935000000000002,0.0529865,3.5,0.4400000000000006,0.093,0.4400000000000006,0.093
0.2494,0.0515555,3.3,0.42999999999999994,0.098,0.42999999999999994,0.098
0.24945,0.050561499999999995,3.15,0.42999999999999994,0.103,0.42999999999999994,0.103
0.2495,0.050110499999999995,2.9499999999999997,0.42999999999999994,0.107,0.42999999999999994,0.107
0.24955000000000002,0.050338,2.7499999999999996,0.42999999999999994,0.11,0.42999999999999994,0.11
0.24960000000000002,0.051248499999999995,2.5999999999999996,0.42999999999999994,0.114,0.42999999999999994,0.11299999999999999
0.24965,0.0530085,2.3999999999999995,0.42999999999999994,0.116,0.42999999999999994,0.114
0.2497,0.055749,2.2499999999999996,0.42000000000000015,0.118,0.42000000000000015,0.115
0.24975,0.059586999999999994,2.15,0.42000000000000015,0.12000000000000001,0.42000000000000015,0.115
0.24980000000000002,0.06387849999999999,2.3,0.42000000000000015,0.122,0.42000000000000015,0.114
0.24985000000000002,0.068156,2.3999999999999995,0.42000000000000015,0.12300000000000001,0.41000000000000036,0.11299999999999999
0.2499,0.072337,2.4999999999999996,0.42000000000000015,0.124,0.41000000000000036,0.112
0.24995,0.0765005,2.65,0.42000000000000015,0.125,0.41000000000000036,0.111
0.25,0.08047449999999999,2.8,0.42000000000000015,0.125,0.4000000000000006,0.11
0.25005,0.08431799999999999,2.9499999999999997,0.41000000000000036,0.126,0.4000000000000006,0.10900000000000001
0.2501,0.08799499999999999,3.1,0.41000000000000036,0.126,0.4000000000000006,0.108
0.25015000000000004,0.0914825,3.25,0.41000000000000036,0.126,0.3899999999999999,0.107
0.25020000000000003,0.0947345,3.4,0.41000000000000036,0.125,0.3899999999999999,0.106
0.25025000000000003,0.09779349999999999,3.5,0.41000000000000036,0.125,0.3899999999999999,0.10500000000000001
0.2503,0.100714,3.65,0.4000000000000006,0.124,0.3899999999999999,0.104
0.25035,0.10342,3.8,0.4000000000000006,0.124,0.3899999999999999,0.104
0.2504,0.105876,3.95,0.4000000000000006,0.12300000000000001,0.3899999999999999,0.103
0.25045,0.10804849999999999,4.1000000000000005,0.4000000000000006,0.121,0.3899999999999999,0.102
0.2505,0.109871,4.2,0.3899999999999999,0.12000000000000001,0.3800000000000001,0.102
0.25055,0.11168099999999999,4.3500000000000005,0.3899999999999999,0.11900000000000001,0.3800000000000001,0.101
0.2506,0.113146,4.5,0.3899999999999999,0.117,0.3800000000000001,0.1
0.25065000000000004,0.11431,4.65,0.3899999999999999,0.116,0.3800000000000001,0.1
0.25070000000000003,0.1151985,4.800000000000001,0.3800000000000001,0.114,0.3800000000000001,0.09899999999999999
0.25075000000000003,0.1158835,4.8999999999999995,0.3800000000000001,0.11299999999999999,0.3800000000000001,0.09899999999999999
0.2508,0.116133,5.05,0.3800000000000001,0.112,0.3800000000000001,0.098
0.25085,0.11612349999999999,5.199999999999999,0.3800000000000001,0.111,0.3800000000000001,0.098
0.2509,0.1158985,5.3,0.3800000000000001,0.11,0.3800000000000001,0.097
0.25095,0.115385,5.449999999999999,0.3800000000000001,0.10900000000000001,0.3800000000000001,0.097
0.251,0.114687,5.6,0.3800000000000001,0.108,0.3800000000000001,0.097
0.25105,0.1132975,5.65,0.3800000000000001,0.107,0.3800000000000001,0.096
0.2511,0.11194749999999999,5.8,0.3800000000000001,0.106,0.3800000000000001,0.096
0.25115,0.11017149999999999,5.9,0.3800000000000001,0.106,0.3800000000000001,0.096
0.25120000000000003,0.10811899999999999,6.0,0.3800000000000001,0.10500000000000001,0.3800000000000001,0.095
0.25125000000000003,0.1057605,6.15,0.37000000000000033,0.104,0.37000000000000033,0.095
0.2513,0.10316149999999999,6.199999999999999,0.37000000000000033,0.104,0.37000000000000033,0.095
0.25135,0.1002705,6.3,0.37000000000000033,0.103,0.37000000000000033,0.094
0.2514,0.0971925,6.35,0.37000000000000033,0.102,0.37000000000000033,0.094
0.25145,0.093933,6.35,0.37000000000000033,0.102,0.37000000000000033,0.094
0.2515,0.09066049999999999,6.25,0.37000000000000033,0.101,0.37000000000000033,0.094
0.25155,0.0875625,6.05,0.37000000000000033,0.101,0.37000000000000033,0.093
0.2516,0.08484699999999999,5.8,0.37000000000000033,0.1,0.37000000000000033,0.093
0.25165,0.0825205,5.599999999999999,0.37000000000000033,0.1,0.37000000000000033,0.093
0.25170000000000003,0.080491,5.3999999999999995,0.37000000000000033,0.1,0.37000000000000033,0.093
0.25175000000000003,0.0786625,5.3,0.37000000000000033,0.09899999999999999,0.37000000000000033,0.092
0.2518,0.077045,5.1499999999999995,0.37000000000000033,0.09899999999999999,0.37000000000000033,0.092
0.25185,0.0755305,5.05,0.37000000000000033,0.09899999999999999,0.37000000000000033,0.092
0.2519,0.0741535,5.000000000000001,0.37000000000000033,0.098,0.37000000000000033,0.092
0.25195,0.072903,4.9,0.37000000000000033,0.098,0.37000000000000033,0.092
0.252,0.0717165,4.849999999999999,0.37000000000000033,0.097,0.37000000000000033,0.091
0.25205,0.070643,4.749999999999999,0.37000000000000033,0.097,0.37000000000000033,0.091
0.2521,0.0695995,4.7,0.37000000000000033,0.097,0.37000000000000033,0.091
0.25215,0.0686305,4.65,0.37000000000000033,0.097,0.37000000000000033,0.091
0.25220000000000004,0.067693,4.599999999999999,0.37000000000000033,0.096,0.37000000000000033,0.091
0.25225000000000003,0.066769,4.549999999999999,0.37000000000000033,0.096,0.37000000000000033,0.09000000000000001
0.2523,0.0658995,4.499999999999999,0.37000000000000033,0.096,0.37000000000000033,0.09000000000000001
0.25235,0.06498899999999999,4.5,0.36000000000000054,0.095,0.36000000000000054,0.09000000000000001
0.2524,0.0640275,4.45,0.36000000000000054,0.095,0.36000000000000054,0.09000000000000001
0.25245,0.0629675,4.4,0.34999999999999987,0.095,0.34999999999999987,0.089
0.2525,0.061683499999999995,4.299999999999999,0.3899999999999999,0.095,0.3899999999999999,0.082
0.25255,0.0597015,4.1,0.42999999999999994,0.094,0.42999999999999994,0.089
0.2526,0.057504,3.8999999999999995,0.42999999999999994,0.094,0.42999999999999994,0.093
0.25265,0.055436,3.749999999999999,0.4399999999999997,0.093,0.4399999999999997,0.093
0.25270000000000004,0.0535505,3.55,0.4399999999999997,0.093,0.4399999999999997,0.093
0.25275000000000003,0.051992,3.3999999999999995,0.42999999999999994,0.096,0.42999999999999994,0.096
0.2528,0.050844,3.2,0.42999999999999994,0.101,0.42999999999999994,0.101
0.25285,0.050180499999999996,3.0,0.42999999999999994,0.106,0.42999999999999994,0.106
0.2529,0.050197,2.8000000000000007,0.42999999999999994,0.10900000000000001,0.42999999999999994,0.10900000000000001
0.25295,0.0508475,2.6500000000000004,0.42999999999999994,0.11299999999999999,0.42999999999999994,0.112
0.253,0.0523145,2.450000000000001,0.42999999999999994,0.115,0.42999999999999994,0.114
0.25305,0.054714,2.3000000000000007,0.42000000000000015,0.118,0.42000000000000015,0.115
0.2531,0.058187499999999996,2.1500000000000004,0.42000000000000015,0.12000000000000001,0.42000000000000015,0.115
0.25315,0.062455,2.250000000000001,0.42000000000000015,0.121,0.42000000000000015,0.114
0.25320000000000004,0.066734,2.3500000000000005,0.42000000000000015,0.12300000000000001,0.42000000000000015,0.11299999999999999
0.25325000000000003,0.070931,2.500000000000001,0.42000000000000015,0.124,0.4099999999999995,0.11299999999999999
0.2533,0.075128,2.5999999999999996,0.42000000000000015,0.125,0.4099999999999995,0.111
0.25335,0.0791605,2.75,0.42000000000000015,0.125,0.3999999999999997,0.11
0.2534,0.0830505,2.8999999999999995,0.4099999999999995,0.126,0.3999999999999997,0.10900000000000001
0.25345,0.086781,3.05,0.4099999999999995,0.126,0.3999999999999997,0.108
0.2535,0.090344,3.1999999999999993,0.4099999999999995,0.126,0.3899999999999999,0.107
0.25355,0.09368399999999999,3.3499999999999996,0.4099999999999995,0.126,0.3899999999999999,0.106
0.2536,0.0967965,3.45,0.4099999999999995,0.125,0.3899999999999999,0.106
0.25365,0.09975049999999999,3.6000000000000005,0.4099999999999995,0.125,0.3899999999999999,0.10500000000000001
0.25370000000000004,0.1025485,3.750000000000001,0.3999999999999997,0.124,0.3899999999999999,0.104
0.25375000000000003,0.1050835,3.9000000000000004,0.3999999999999997,0.12300000000000001,0.3899999999999999,0.103
0.2538,0.1073635,4.050000000000001,0.3999999999999997,0.122,0.3899999999999999,0.102
0.25385,0.109273,4.200000000000001,0.3999999999999997,0.121,0.3899999999999999,0.102
0.2539,0.11111549999999999,4.300000000000001,0.3899999999999999,0.11900000000000001,0.3800000000000001,0.101
0.25395,0.112678,4.45,0.3899999999999999,0.118,0.3800000000000001,0.101
0.254,0.11395699999999999,4.6000000000000005,0.3899999999999999,0.116,0.3800000000000001,0.1
0.25405,0.114897,4.75,0.3800000000000001,0.115,0.3800000000000001,0.1
0.2541,0.1156695,4.85,0.3800000000000001,0.11299999999999999,0.3800000000000001,0.09899999999999999
0.25415,0.11610999999999999,5.0,0.3800000000000001,0.112,0.3800000000000001,0.09899999999999999
0.25420000000000004,0.11615349999999999,5.1499999999999995,0.3800000000000001,0.111,0.3800000000000001,0.098
0.25425000000000003,0.116008,5.3,0.3800000000000001,0.11,0.3800000000000001,0.098
0.2543,0.1155735,5.399999999999999,0.3800000000000001,0.10900000000000001,0.3800000000000001,0.097
0.25435,0.1149815,5.549999999999999,0.3800000000000001,0.108,0.3800000000000001,0.097
0.2544,0.1138785,5.6499999999999995,0.3800000000000001,0.107,0.3800000000000001,0.096
0.25445,0.112412,5.75,0.3800000000000001,0.106,0.3800000000000001,0.096
0.2545,0.1108415,5.8500000000000005,0.3800000000000001,0.106,0.3800000000000001,0.096
0.25455,0.1088015,6.000000000000001,0.3800000000000001,0.10500000000000001,0.3800000000000001,0.095
0.2546,0.1065985,6.1000000000000005,0.37000000000000033,0.104,0.37000000000000033,0.095
0.25465,0.1040745,6.2,0.37000000000000033,0.104,0.37000000000000033,0.095
0.25470000000000004,0.1012515,6.299999999999999,0.37000000000000033,0.103,0.37000000000000033,0.094
0.25475000000000003,0.0982255,6.349999999999999,0.37000000000000033,0.103,0.37000000000000033,0.094
0.2548,0.0950275,6.349999999999999,0.37000000000000033,0.102,0.37000000000000033,0.094
0.25485,0.09174249999999999,6.3,0.37000000000000033,0.102,0.37000000000000033,0.094
0.2549,0.0885585,6.15,0.37000000000000033,0.101,0.37000000000000033,0.093
0.25495,0.08571999999999999,5.8999999999999995,0.37000000000000033,0.101,0.37000000000000033,0.093
0.255,0.083273,5.6499999999999995,0.37000000000000033,0.1,0.37000000000000033,0.093
0.25505,0.0811435,5.449999999999999,0.37000000000000033,0.1,0.37000000000000033,0.093
0.2551,0.079265,5.3,0.37000000000000033,0.09899999999999999,0.37000000000000033,0.092
0.25515,0.077567,5.2,0.37000000000000033,0.09899999999999999,0.37000000000000033,0.092
0.25520000000000004,0.076012,5.1000000000000005,0.37000000000000033,0.09899999999999999,0.37000000000000033,0.092
0.25525000000000003,0.074614,4.999999999999999,0.37000000000000033,0.098,0.37000000000000033,0.092
0.2553,0.07331449999999999,4.95,0.37000000000000033,0.098,0.37000000000000033,0.092
0.25535,0.0721035,4.8500000000000005,0.37000000000000033,0.098,0.37000000000000033,0.091
0.2554,0.07099899999999999,4.8,0.37000000000000033,0.097,0.37000000000000033,0.091
0.25545,0.0699545,4.75,0.37000000000000033,0.097,0.37000000000000033,0.091
0.2555,0.06894449999999999,4.6499999999999995,0.37000000000000033,0.097,0.37000000000000033,0.091
0.25555,0.06798699999999999,4.6,0.37000000000000033,0.096,0.37000000000000033,0.091
0.2556,0.0670735,4.6000000000000005,0.37000000000000033,0.096,0.37000000000000033,0.09000000000000001
0.25565,0.0662065,4.55,0.37000000000000033,0.096,0.37000000000000033,0.09000000000000001
0.25570000000000004,0.0652905,4.5,0.35999999999999965,0.096,0.35999999999999965,0.09000000000000001
0.25575000000000003,0.06435249999999999,4.449999999999999,0.35999999999999965,0.095,0.35999999999999965,0.09000000000000001
0.2558,0.0633485,4.3999999999999995,0.35999999999999965,0.095,0.35999999999999965,0.09000000000000001
0.25585,0.062167,4.4,0.36000000000000054,0.095,1.4,0.093
0.2559,0.0604115,4.2,0.4300000000000008,0.094,0.4300000000000008,0.087
0.25595,0.058228499999999996,3.9499999999999997,0.4300000000000008,0.094,0.4300000000000008,0.092
0.256,0.0561095,3.8,0.4300000000000008,0.094,0.4300000000000008,0.093
0.25605,0.0541505,3.5999999999999996,0.4399999999999997,0.093,0.4399999999999997,0.093
0.2561,0.052451,3.4499999999999997,0.42999999999999994,0.094,0.42999999999999994,0.094
0.25615,0.0511835,3.25,0.42999999999999994,0.1,0.42999999999999994,0.1
0.25620000000000004,0.050333499999999996,3.0999999999999996,0.42999999999999994,0.104,0.42999999999999994,0.104
0.25625000000000003,0.0501195,2.8499999999999996,0.42999999999999994,0.108,0.42999999999999994,0.108
0.25630000000000003,0.050565,2.6999999999999997,0.42999999999999994,0.112,0.42999999999999994,0.111
0.25635,0.051733499999999995,2.5499999999999994,0.42999999999999994,0.114,0.42999999999999994,0.114
0.2564,0.053815999999999996,2.3499999999999996,0.41999999999999926,0.117,0.41999999999999926,0.115
0.25645,0.0569055,2.1999999999999997,0.41999999999999926,0.11900000000000001,0.41999999999999926,0.115
0.2565,0.0610065,2.1999999999999997,0.41999999999999926,0.121,0.41999999999999926,0.114
0.25655,0.065313,2.3,0.41999999999999926,0.122,0.41999999999999926,0.114
0.2566,0.0695495,2.4499999999999997,0.41999999999999926,0.124,0.4099999999999995,0.11299999999999999
0.25665,0.07374,2.55,0.41999999999999926,0.124,0.4099999999999995,0.112
0.25670000000000004,0.077842,2.6999999999999997,0.41999999999999926,0.125,0.4099999999999995,0.111
0.25675000000000003,0.0817605,2.8499999999999996,0.41999999999999926,0.126,0.3999999999999997,0.11
0.25680000000000003,0.085561,2.9999999999999996,0.4099999999999995,0.126,0.3999999999999997,0.10900000000000001
0.25685,0.08919149999999999,3.15,0.4099999999999995,0.126,0.3999999999999997,0.108
0.2569,0.09261,3.3,0.4099999999999995,0.126,0.3899999999999999,0.107
0.25695,0.095774,3.4499999999999997,0.4099999999999995,0.125,0.3899999999999999,0.106
0.257,0.098768,3.5500000000000003,0.4099999999999995,0.125,0.3899999999999999,0.10500000000000001
0.25705,0.10163799999999999,3.7,0.3999999999999997,0.124,0.3899999999999999,0.104
0.2571,0.1042955,3.85,0.3999999999999997,0.12300000000000001,0.3899999999999999,0.103
0.25715,0.10664349999999999,4.0,0.3999999999999997,0.122,0.3899999999999999,0.103
0.25720000000000004,0.1086785,4.15,0.3999999999999997,0.121,0.3899999999999999,0.102
0.25725000000000003,0.110524,4.25,0.3899999999999999,0.12000000000000001,0.3799999999999992,0.101
0.25730000000000003,0.112207,4.4,0.3899999999999999,0.118,0.3799999999999992,0.101
0.25735,0.11356799999999999,4.55,0.3899999999999999,0.117,0.3799999999999992,0.1
0.2574,0.11459449999999999,4.7,0.3899999999999999,0.115,0.3799999999999992,0.1
0.25745,0.1154325,4.799999999999999,0.3799999999999992,0.114,0.3799999999999992,0.09899999999999999
0.2575,0.11599999999999999,4.949999999999999,0.3799999999999992,0.11299999999999999,0.3799999999999992,0.09899999999999999
0.25755,0.11613,5.1,0.3799999999999992,0.111,0.3799999999999992,0.098
0.2576,0.11608199999999999,5.249999999999999,0.3799999999999992,0.11,0.3799999999999992,0.098
0.25765,0.115755,5.35,0.3799999999999992,0.10900000000000001,0.3799999999999992,0.097
0.2577,0.11521899999999999,5.499999999999999,0.3799999999999992,0.108,0.3799999999999992,0.097
0.25775000000000003,0.1143125,5.6499999999999995,0.3799999999999992,0.108,0.3799999999999992,0.097
0.25780000000000003,0.11284749999999999,5.699999999999999,0.3799999999999992,0.107,0.3799999999999992,0.096
0.25785,0.111414,5.85,0.3799999999999992,0.106,0.3799999999999992,0.096
0.2579,0.10946499999999999,5.95,0.3799999999999992,0.10500000000000001,0.3799999999999992,0.096
0.25795,0.1074,6.05,0.36999999999999944,0.10500000000000001,0.36999999999999944,0.095
0.258,0.1049425,6.1499999999999995,0.36999999999999944,0.104,0.36999999999999944,0.095
0.25805,0.10223149999999999,6.249999999999999,0.36999999999999944,0.103,0.36999999999999944,0.095
0.2581,0.099261,6.3,0.36999999999999944,0.103,0.36999999999999944,0.094
0.25815,0.0961095,6.349999999999999,0.36999999999999944,0.102,0.36999999999999944,0.094
0.2582,0.0928355,6.3500000000000005,0.36999999999999944,0.102,0.36999999999999944,0.094
0.25825000000000004,0.0896,6.2,0.36999999999999944,0.101,0.36999999999999944,0.093
0.25830000000000003,0.0866305,5.95,0.36999999999999944,0.101,0.36999999999999944,0.093
0.25835,0.08405,5.7,0.36999999999999944,0.1,0.36999999999999944,0.093
0.2584,0.081837,5.55,0.36999999999999944,0.1,0.36999999999999944,0.093
0.25845,0.079871,5.349999999999999,0.36999999999999944,0.1,0.36999999999999944,0.093
0.2585,0.0780985,5.25,0.36999999999999944,0.09899999999999999,0.36999999999999944,0.092
0.25855,0.0765135,5.149999999999998,0.36999999999999944,0.09899999999999999,0.36999999999999944,0.092
0.2586,0.0750515,5.050000000000001,0.36999999999999944,0.098,0.36999999999999944,0.092
0.25865,0.073729,4.949999999999998,0.36999999999999944,0.098,0.36999999999999944,0.092
0.2587,0.0724945,4.8999999999999995,0.36999999999999944,0.098,0.36999999999999944,0.091
0.25875000000000004,0.0713465,4.8,0.36999999999999944,0.097,0.36999999999999944,0.091
0.25880000000000003,0.0702965,4.75,0.36999999999999944,0.097,0.36999999999999944,0.091
0.25885,0.06926,4.7,0.36999999999999944,0.097,0.36999999999999944,0.091
0.2589,0.0683025,4.6499999999999995,0.36999999999999944,0.096,0.36999999999999944,0.091
0.25895,0.067393,4.600000000000001,0.36999999999999944,0.096,0.36999999999999944,0.091
0.259,0.0664935,4.55,0.36999999999999944,0.096,0.36999999999999944,0.09000000000000001
0.25905,0.0655905,4.5,0.35999999999999877,0.096,0.35999999999999877,0.09000000000000001
0.2591,0.064677,4.449999999999998,0.35999999999999877,0.095,0.35999999999999877,0.09000000000000001
0.25915,0.0636825,4.450000000000001,0.35999999999999877,0.095,0.35999999999999877,0.09000000000000001
0.2592,0.0626055,4.3999999999999995,0.34000000000000097,0.095,1.349999999999999,0.093
0.25925000000000004,0.061103,4.249999999999998,0.4099999999999995,0.095,0.4099999999999995,0.085
0.25930000000000003,0.058969,4.049999999999999,0.42999999999999994,0.094,0.42999999999999994,0.091
0.25935,0.0567945,3.8499999999999996,0.42999999999999994,0.094,0.42999999999999994,0.093
0.2594,0.054780999999999996,3.6499999999999995,0.4399999999999997,0.093,0.4399999999999997,0.093
0.25945,0.0529865,3.5,0.4399999999999997,0.093,0.4399999999999997,0.093
0.2595,0.051556,3.299999999999999,0.42999999999999994,0.098,0.42999999999999994,0.098
0.25955,0.050561499999999995,3.1499999999999995,0.42999999999999994,0.103,0.42999999999999994,0.103
0.2596,0.050110499999999995,2.95,0.42999999999999994,0.107,0.42999999999999994,0.107
0.25965,0.050338,2.750000000000001,0.42999999999999994,0.11,0.42999999999999994,0.11
0.2597,0.051248499999999995,2.6000000000000005,0.42999999999999994,0.114,0.42999999999999994,0.11299999999999999
0.25975000000000004,0.0530085,2.4000000000000004,0.42999999999999994,0.116,0.42999999999999994,0.114
0.25980000000000003,0.055749,2.250000000000001,0.42000000000000015,0.118,0.42000000000000015,0.115
0.25985,0.059586999999999994,2.1500000000000004,0.42000000000000015,0.12000000000000001,0.42000000000000015,0.115
0.2599,0.06387949999999999,2.3000000000000007,0.42000000000000015,0.122,0.42000000000000015,0.114
0.25995,0.068156,2.4000000000000004,0.42000000000000015,0.12300000000000001,0.41000000000000036,0.11299999999999999
0.26,0.0723375,2.499999999999999,0.42000000000000015,0.124,0.41000000000000036,0.112
0.26005,0.0765005,2.6499999999999995,0.42000000000000015,0.125,0.41000000000000036,0.111
0.2601,0.08047449999999999,2.8,0.42000000000000015,0.125,0.4000000000000006,0.11
0.26015,0.08431799999999999,2.9499999999999993,0.41000000000000036,0.126,0.4000000000000006,0.10900000000000001
0.2602,0.08799499999999999,3.1000000000000005,0.41000000000000036,0.126,0.4000000000000006,0.108
0.26025000000000004,0.0914825,3.25,0.41000000000000036,0.126,0.3899999999999999,0.107
0.26030000000000003,0.0947345,3.4000000000000004,0.41000000000000036,0.125,0.3899999999999999,0.106
0.26035,0.09779349999999999,3.500000000000001,0.41000000000000036,0.125,0.3899999999999999,0.10500000000000001
0.2604,0.1007145,3.6500000000000012,0.4000000000000006,0.124,0.3899999999999999,0.104
0.26045,0.10342,3.8000000000000007,0.4000000000000006,0.124,0.3899999999999999,0.104
0.2605,0.105876,3.950000000000001,0.4000000000000006,0.12300000000000001,0.3899999999999999,0.103
0.26055,0.10804899999999999,4.100000000000001,0.4000000000000006,0.121,0.3899999999999999,0.102
0.2606,0.1098715,4.2,0.3899999999999999,0.12000000000000001,0.3800000000000001,0.102
0.26065,0.11168249999999999,4.3500000000000005,0.3899999999999999,0.11900000000000001,0.3800000000000001,0.101
0.2607,0.113146,4.5,0.3899999999999999,0.117,0.3800000000000001,0.1
0.26075000000000004,0.11431,4.65,0.3899999999999999,0.116,0.3800000000000001,0.1
0.26080000000000003,0.1151985,4.8,0.3800000000000001,0.114,0.3800000000000001,0.09899999999999999
0.26085,0.115884,4.8999999999999995,0.3800000000000001,0.11299999999999999,0.3800000000000001,0.09899999999999999
0.2609,0.116133,5.049999999999999,0.3800000000000001,0.112,0.3800000000000001,0.098
0.26095,0.11612399999999999,5.199999999999999,0.3800000000000001,0.111,0.3800000000000001,0.098
0.261,0.11589899999999999,5.299999999999999,0.3800000000000001,0.11,0.3800000000000001,0.097
0.26105,0.115385,5.449999999999998,0.3800000000000001,0.10900000000000001,0.3800000000000001,0.097
0.2611,0.114687,5.599999999999999,0.3800000000000001,0.108,0.3800000000000001,0.097
0.26115,0.1132975,5.6499999999999995,0.3800000000000001,0.107,0.3800000000000001,0.096
0.2612,0.11194749999999999,5.8,0.3800000000000001,0.106,0.3800000000000001,0.096
0.26125000000000004,0.11017149999999999,5.900000000000001,0.3800000000000001,0.106,0.3800000000000001,0.096
0.26130000000000003,0.10811899999999999,6.0,0.3800000000000001,0.10500000000000001,0.3800000000000001,0.095
0.26135,0.1057615,6.1499999999999995,0.37000000000000033,0.104,0.37000000000000033,0.095
0.2614,0.10316199999999999,6.199999999999998,0.37000000000000033,0.104,0.37000000000000033,0.095
0.26145,0.1002715,6.3,0.37000000000000033,0.103,0.37000000000000033,0.094
0.2615,0.0971935,6.3500000000000005,0.37000000000000033,0.102,0.37000000000000033,0.094
0.26155,0.093933,6.3500000000000005,0.37000000000000033,0.102,0.37000000000000033,0.094
0.2616,0.09066049999999999,6.25,0.37000000000000033,0.101,0.37000000000000033,0.094
0.26165,0.0875625,6.05,0.37000000000000033,0.101,0.37000000000000033,0.093
0.2617,0.08484699999999999,5.8,0.37000000000000033,0.1,0.37000000000000033,0.093
0.26175000000000004,0.0825205,5.6000000000000005,0.37000000000000033,0.1,0.37000000000000033,0.093
0.26180000000000003,0.080491,5.4,0.37000000000000033,0.1,0.37000000000000033,0.093
0.26185,0.078663,5.3,0.37000000000000033,0.09899999999999999,0.37000000000000033,0.092
0.2619,0.0770455,5.1499999999999995,0.37000000000000033,0.09899999999999999,0.37000000000000033,0.092
0.26195,0.0755305,5.05,0.37000000000000033,0.09899999999999999,0.37000000000000033,0.092
0.262,0.074154,5.000000000000001,0.37000000000000033,0.098,0.37000000000000033,0.092
0.26205,0.0729045,4.8999999999999995,0.37000000000000033,0.098,0.37000000000000033,0.092
0.2621,0.071717,4.8500000000000005,0.37000000000000033,0.097,0.37000000000000033,0.091
0.26215,0.070643,4.750000000000001,0.37000000000000033,0.097,0.37000000000000033,0.091
0.2622,0.0696,4.699999999999999,0.37000000000000033,0.097,0.37000000000000033,0.091
0.26225000000000004,0.068631,4.65,0.37000000000000033,0.097,0.37000000000000033,0.091
0.26230000000000003,0.0676935,4.6,0.37000000000000033,0.096,0.37000000000000033,0.091
0.26235,0.0667695,4.55,0.37000000000000033,0.096,0.37000000000000033,0.09000000000000001
0.2624,0.0659,4.5,0.37000000000000033,0.096,0.37000000000000033,0.09000000000000001
0.26245,0.06498899999999999,4.5,0.36000000000000054,0.095,0.36000000000000054,0.09000000000000001
0.2625,0.0640275,4.45,0.36000000000000054,0.095,0.36000000000000054,0.09000000000000001
0.26255,0.0629685,4.3999999999999995,0.35000000000000075,0.095,0.35000000000000075,0.089
0.2626,0.061683499999999995,4.300000000000001,0.3899999999999999,0.095,0.3899999999999999,0.082
0.26265,0.0597015,4.1,0.42999999999999994,0.094,0.42999999999999994,0.089
0.2627,0.0575045,3.9,0.42999999999999994,0.094,0.42999999999999994,0.093
0.26275000000000004,0.055436,3.75,0.4399999999999997,0.093,0.4399999999999997,0.093
0.26280000000000003,0.053550999999999994,3.55,0.4399999999999997,0.093,0.4399999999999997,0.093
0.26285000000000003,0.051992,3.4,0.42999999999999905,0.096,0.42999999999999905,0.096
0.2629,0.0508445,3.2,0.42999999999999905,0.101,0.42999999999999905,0.101
0.26295,0.050180499999999996,2.9999999999999996,0.42999999999999905,0.106,0.42999999999999905,0.106
0.263,0.050197,2.8,0.42999999999999905,0.10900000000000001,0.42999999999999905,0.10900000000000001
0.26305,0.0508475,2.65,0.42999999999999905,0.11299999999999999,0.42999999999999905,0.112
0.2631,0.052315,2.4499999999999997,0.42999999999999905,0.115,0.42999999999999905,0.114
0.26315,0.054714,2.3,0.42000000000000015,0.118,0.42000000000000015,0.115
0.2632,0.058187499999999996,2.15,0.42000000000000015,0.12000000000000001,0.42000000000000015,0.115
0.26325000000000004,0.062455,2.2499999999999996,0.42000000000000015,0.121,0.42000000000000015,0.114
0.26330000000000003,0.0667345,2.3499999999999996,0.42000000000000015,0.12300000000000001,0.42000000000000015,0.11299999999999999
0.26335000000000003,0.0709315,2.4999999999999996,0.42000000000000015,0.124,0.4099999999999995,0.11299999999999999
0.2634,0.0751285,2.6,0.42000000000000015,0.125,0.4099999999999995,0.111
0.26345,0.0791605,2.75,0.42000000000000015,0.125,0.3999999999999997,0.11
0.2635,0.0830505,2.9,0.4099999999999995,0.126,0.3999999999999997,0.10900000000000001
0.26355,0.086781,3.05,0.4099999999999995,0.126,0.3999999999999997,0.108
0.2636,0.090344,3.1999999999999997,0.4099999999999995,0.126,0.389999999999999,0.107
0.26365,0.09368449999999999,3.3499999999999996,0.4099999999999995,0.126,0.389999999999999,0.106
0.2637,0.0967965,3.4499999999999997,0.4099999999999995,0.125,0.389999999999999,0.106
0.26375000000000004,0.09975049999999999,3.6,0.4099999999999995,0.125,0.389999999999999,0.10500000000000001
0.26380000000000003,0.1025485,3.75,0.3999999999999997,0.124,0.389999999999999,0.104
0.26385000000000003,0.1050835,3.9,0.3999999999999997,0.12300000000000001,0.389999999999999,0.103
0.2639,0.1073645,4.05,0.3999999999999997,0.122,0.389999999999999,0.102
0.26395,0.109273,4.2,0.3999999999999997,0.121,0.389999999999999,0.102
0.264,0.11111549999999999,4.3,0.389999999999999,0.11900000000000001,0.3800000000000001,0.101
0.26405,0.1126785,4.45,0.389999999999999,0.118,0.3800000000000001,0.101
0.2641,0.11395749999999999,4.6,0.389999999999999,0.116,0.3800000000000001,0.1
0.26415,0.114898,4.75,0.3800000000000001,0.115,0.3800000000000001,0.1
0.2642,0.1156705,4.85,0.3800000000000001,0.11299999999999999,0.3800000000000001,0.09899999999999999
0.26425000000000004,0.11610999999999999,5.0,0.3800000000000001,0.112,0.3800000000000001,0.09899999999999999
0.26430000000000003,0.116154,5.1499999999999995,0.3800000000000001,0.111,0.3800000000000001,0.098
0.26435000000000003,0.116008,5.3,0.3800000000000001,0.11,0.3800000000000001,0.098
0.2644,0.1155735,5.3999999999999995,0.3800000000000001,0.10900000000000001,0.3800000000000001,0.097
0.26445,0.1149815,5.55,0.3800000000000001,0.108,0.3800000000000001,0.097
0.2645,0.1138785,5.65,0.3800000000000001,0.107,0.3800000000000001,0.096
0.26455,0.112412,5.75,0.3800000000000001,0.106,0.3800000000000001,0.096
0.2646,0.110842,5.8500000000000005,0.3800000000000001,0.106,0.3800000000000001,0.096
0.26465,0.1088015,6.0,0.3800000000000001,0.10500000000000001,0.3800000000000001,0.095
0.2647,0.1065995,6.1000000000000005,0.37000000000000033,0.104,0.37000000000000033,0.095
0.26475,0.1040755,6.2,0.37000000000000033,0.104,0.37000000000000033,0.095
0.26480000000000004,0.1012525,6.3,0.37000000000000033,0.103,0.37000000000000033,0.094
0.26485000000000003,0.0982255,6.3500000000000005,0.37000000000000033,0.103,0.37000000000000033,0.094
0.2649,0.0950275,6.35,0.37000000000000033,0.102,0.37000000000000033,0.094
0.26495,0.09174249999999999,6.3,0.37000000000000033,0.102,0.37000000000000033,0.094
0.265,0.0885585,6.1499999999999995,0.37000000000000033,0.101,0.37000000000000033,0.093
0.26505,0.08572099999999999,5.8999999999999995,0.37000000000000033,0.101,0.37000000000000033,0.093
0.2651,0.083274,5.6499999999999995,0.37000000000000033,0.1,0.37000000000000033,0.093
0.26515,0.081144,5.45,0.37000000000000033,0.1,0.37000000000000033,0.093
0.2652,0.079265,5.3,0.37000000000000033,0.09899999999999999,0.37000000000000033,0.092
0.26525,0.077567,5.2,0.37000000000000033,0.09899999999999999,0.37000000000000033,0.092
0.26530000000000004,0.076012,5.1000000000000005,0.37000000000000033,0.09899999999999999,0.37000000000000033,0.092
0.26535000000000003,0.074614,4.999999999999999,0.37000000000000033,0.098,0.37000000000000033,0.092
0.2654,0.07331549999999999,4.95,0.37000000000000033,0.098,0.37000000000000033,0.092
0.26545,0.072104,4.8500000000000005,0.37000000000000033,0.098,0.37000000000000033,0.091
0.2655,0.07099899999999999,4.800000000000001,0.37000000000000033,0.097,0.37000000000000033,0.091
0.26555,0.069955,4.749999999999999,0.37000000000000033,0.097,0.37000000000000033,0.091
0.2656,0.06894449999999999,4.6499999999999995,0.37000000000000033,0.097,0.37000000000000033,0.091
0.26565,0.06798699999999999,4.6,0.37000000000000033,0.096,0.37000000000000033,0.091
0.2657,0.067074,4.6,0.37000000000000033,0.096,0.37000000000000033,0.09000000000000001
0.26575,0.066207,4.549999999999999,0.37000000000000033,0.096,0.37000000000000033,0.09000000000000001
0.26580000000000004,0.0652905,4.500000000000001,0.35999999999999965,0.096,0.35999999999999965,0.09000000000000001
0.26585000000000003,0.06435249999999999,4.449999999999999,0.35999999999999965,0.095,0.35999999999999965,0.09000000000000001
0.2659,0.0633485,4.4,0.35999999999999965,0.095,0.35999999999999965,0.09000000000000001
0.26595,0.0621675,4.399999999999999,0.35999999999999965,0.095,1.399999999999998,0.093
0.266,0.0604115,4.199999999999998,0.42999999999999905,0.094,0.42999999999999905,0.087
0.26605,0.058228499999999996,3.9499999999999993,0.42999999999999905,0.094,0.42999999999999905,0.092
0.2661,0.0561095,3.8,0.42999999999999905,0.094,0.42999999999999905,0.093
0.26615,0.0541505,3.5999999999999988,0.4400000000000006,0.093,0.4400000000000006,0.093
0.2662,0.052451,3.4499999999999993,0.4300000000000008,0.094,0.4300000000000008,0.094
0.26625,0.0511835,3.25,0.4300000000000008,0.1,0.4300000000000008,0.1
0.26630000000000004,0.050334,3.0999999999999996,0.4300000000000008,0.104,0.4300000000000008,0.104
0.26635000000000003,0.0501195,2.8500000000000005,0.4300000000000008,0.108,0.4300000000000008,0.108
0.2664,0.050565,2.7,0.4300000000000008,0.112,0.4300000000000008,0.111
0.26645,0.051733999999999995,2.55,0.4300000000000008,0.114,0.4300000000000008,0.114
0.2665,0.053815999999999996,2.3500000000000005,0.42000000000000015,0.117,0.42000000000000015,0.115
0.26655,0.0569055,2.2,0.42000000000000015,0.11900000000000001,0.42000000000000015,0.115
0.2666,0.0610065,2.2,0.42000000000000015,0.121,0.42000000000000015,0.114
0.26665,0.065313,2.3000000000000007,0.42000000000000015,0.122,0.42000000000000015,0.114
0.2667,0.0695495,2.450000000000001,0.42000000000000015,0.124,0.41000000000000036,0.11299999999999999
0.26675,0.07374,2.55,0.42000000000000015,0.124,0.41000000000000036,0.112
0.26680000000000004,0.077842,2.7,0.42000000000000015,0.125,0.41000000000000036,0.111
0.26685000000000003,0.0817605,2.8499999999999996,0.42000000000000015,0.126,0.3999999999999997,0.11
0.2669,0.085561,3.0,0.41000000000000036,0.126,0.3999999999999997,0.10900000000000001
0.26695,0.08919149999999999,3.1500000000000004,0.41000000000000036,0.126,0.3999999999999997,0.108
0.267,0.09261,3.3,0.41000000000000036,0.126,0.3900000000000008,0.107
0.26705,0.0957745,3.45,0.41000000000000036,0.125,0.3900000000000008,0.106
0.2671,0.098768,3.5500000000000007,0.41000000000000036,0.125,0.3900000000000008,0.10500000000000001
0.26715,0.10163799999999999,3.700000000000001,0.3999999999999997,0.124,0.3900000000000008,0.104
0.2672,0.1042955,3.8500000000000005,0.3999999999999997,0.12300000000000001,0.3900000000000008,0.103
0.26725,0.10664349999999999,4.000000000000001,0.3999999999999997,0.122,0.3900000000000008,0.103
0.26730000000000004,0.1086785,4.15,0.3999999999999997,0.121,0.3900000000000008,0.102
0.26735000000000003,0.110524,4.25,0.3900000000000008,0.12000000000000001,0.3800000000000001,0.101
0.2674,0.112207,4.4,0.3900000000000008,0.118,0.3800000000000001,0.101
0.26745,0.11356799999999999,4.55,0.3900000000000008,0.117,0.3800000000000001,0.1
0.2675,0.11459449999999999,4.7,0.3900000000000008,0.115,0.3800000000000001,0.1
0.26755,0.1154325,4.799999999999999,0.3800000000000001,0.114,0.3800000000000001,0.09899999999999999
0.2676,0.11599999999999999,4.949999999999999,0.3800000000000001,0.11299999999999999,0.3800000000000001,0.09899999999999999
0.26765,0.1161305,5.1,0.3800000000000001,0.111,0.3800000000000001,0.098
0.2677,0.11608199999999999,5.25,0.3800000000000001,0.11,0.3800000000000001,0.098
0.26775,0.115755,5.349999999999999,0.3800000000000001,0.10900000000000001,0.3800000000000001,0.097
0.26780000000000004,0.11521899999999999,5.499999999999999,0.3800000000000001,0.108,0.3800000000000001,0.097
0.26785000000000003,0.1143125,5.649999999999999,0.3800000000000001,0.108,0.3800000000000001,0.097
0.2679,0.11284849999999999,5.699999999999999,0.3800000000000001,0.107,0.3800000000000001,0.096
0.26795,0.111415,5.85,0.3800000000000001,0.106,0.3800000000000001,0.096
0.268,0.109466,5.950000000000001,0.3800000000000001,0.10500000000000001,0.3800000000000001,0.096
0.26805,0.1074005,6.05,0.37000000000000033,0.10500000000000001,0.37000000000000033,0.095
0.2681,0.1049425,6.1499999999999995,0.37000000000000033,0.104,0.37000000000000033,0.095
0.26815,0.10223149999999999,6.249999999999999,0.37000000000000033,0.103,0.37000000000000033,0.095
0.2682,0.099261,6.299999999999999,0.37000000000000033,0.103,0.37000000000000033,0.094
0.26825,0.09611,6.3500000000000005,0.37000000000000033,0.102,0.37000000000000033,0.094
0.26830000000000004,0.0928355,6.349999999999999,0.37000000000000033,0.102,0.37000000000000033,0.094
0.26835000000000003,0.0896,6.2,0.37000000000000033,0.101,0.37000000000000033,0.093
0.2684,0.0866305,5.95,0.37000000000000033,0.101,0.37000000000000033,0.093
0.26845,0.08405,5.7,0.37000000000000033,0.1,0.37000000000000033,0.093
0.2685,0.081837,5.55,0.37000000000000033,0.1,0.37000000000000033,0.093
0.26855,0.079871,5.3500000000000005,0.37000000000000033,0.1,0.37000000000000033,0.093
0.2686,0.078099,5.25,0.37000000000000033,0.09899999999999999,0.37000000000000033,0.092
0.26865,0.076514,5.1499999999999995,0.37000000000000033,0.09899999999999999,0.37000000000000033,0.092
0.2687,0.0750515,5.05,0.37000000000000033,0.098,0.37000000000000033,0.092
0.26875,0.0737295,4.95,0.37000000000000033,0.098,0.37000000000000033,0.092
0.26880000000000004,0.07249499999999999,4.8999999999999995,0.37000000000000033,0.098,0.37000000000000033,0.091
0.26885000000000003,0.0713475,4.8,0.37000000000000033,0.097,0.37000000000000033,0.091
0.26890000000000003,0.070297,4.749999999999999,0.37000000000000033,0.097,0.37000000000000033,0.091
0.26895,0.06926,4.699999999999999,0.37000000000000033,0.097,0.37000000000000033,0.091
0.269,0.0683035,4.65,0.37000000000000033,0.096,0.37000000000000033,0.091
0.26905,0.067393,4.6,0.37000000000000033,0.096,0.37000000000000033,0.091
0.2691,0.066494,4.55,0.37000000000000033,0.096,0.37000000000000033,0.09000000000000001
0.26915,0.065591,4.5,0.35999999999999965,0.096,0.35999999999999965,0.09000000000000001
0.2692,0.064677,4.449999999999999,0.35999999999999965,0.095,0.35999999999999965,0.09000000000000001
0.26925,0.063683,4.45,0.35999999999999965,0.095,0.35999999999999965,0.09000000000000001
0.26930000000000004,0.0626055,4.3999999999999995,0.3399999999999992,0.095,1.35,0.093
0.26935000000000003,0.0611035,4.25,0.4099999999999986,0.095,0.4099999999999986,0.085
0.26940000000000003,0.058969,4.05,0.42999999999999994,0.094,0.42999999999999994,0.091
0.26945,0.056795,3.85,0.42999999999999994,0.094,0.42999999999999994,0.093
0.2695,0.0547815,3.65,0.4399999999999997,0.093,0.4399999999999997,0.093
0.26955,0.0529865,3.5,0.4399999999999997,0.093,0.4399999999999997,0.093
0.2696,0.0515565,3.3,0.42999999999999994,0.098,0.42999999999999994,0.098
0.26965,0.050561999999999996,3.15,0.42999999999999994,0.103,0.42999999999999994,0.103
0.2697,0.050110499999999995,2.9499999999999997,0.42999999999999994,0.107,0.42999999999999994,0.107
0.26975,0.050338499999999994,2.7499999999999996,0.42999999999999994,0.11,0.42999999999999994,0.11
0.26980000000000004,0.051248499999999995,2.5999999999999996,0.42999999999999994,0.114,0.42999999999999994,0.11299999999999999
0.26985000000000003,0.0530085,2.3999999999999995,0.42999999999999994,0.116,0.42999999999999994,0.114
0.26990000000000003,0.055749,2.2499999999999996,0.41999999999999926,0.118,0.41999999999999926,0.115
0.26995,0.059586999999999994,2.15,0.41999999999999926,0.12000000000000001,0.41999999999999926,0.115
0.27,0.06387949999999999,2.3,0.41999999999999926,0.122,0.41999999999999926,0.114
0.27005,0.068156,2.3999999999999995,0.41999999999999926,0.12300000000000001,0.41000000000000036,0.11299999999999999
0.2701,0.072338,2.4999999999999996,0.41999999999999926,0.124,0.41000000000000036,0.112
0.27015,0.076501,2.65,0.41999999999999926,0.125,0.41000000000000036,0.111
0.2702,0.08047449999999999,2.8,0.41999999999999926,0.125,0.4000000000000006,0.11
0.27025,0.08431799999999999,2.9499999999999997,0.41000000000000036,0.126,0.4000000000000006,0.10900000000000001
0.27030000000000004,0.08799499999999999,3.1,0.41000000000000036,0.126,0.4000000000000006,0.108
0.27035000000000003,0.0914825,3.25,0.41000000000000036,0.126,0.3899999999999999,0.107
0.27040000000000003,0.094735,3.4,0.41000000000000036,0.125,0.3899999999999999,0.106
0.27045,0.09779349999999999,3.5,0.41000000000000036,0.125,0.3899999999999999,0.10500000000000001
0.2705,0.1007145,3.65,0.4000000000000006,0.124,0.3899999999999999,0.104
0.27055,0.10342,3.8,0.4000000000000006,0.124,0.3899999999999999,0.104
0.2706,0.105876,3.95,0.4000000000000006,0.12300000000000001,0.3899999999999999,0.103
0.27065,0.10804949999999999,4.1000000000000005,0.4000000000000006,0.121,0.3899999999999999,0.102
0.2707,0.1098715,4.2,0.3899999999999999,0.12000000000000001,0.3800000000000001,0.102
0.27075,0.11168299999999999,4.3500000000000005,0.3899999999999999,0.11900000000000001,0.3800000000000001,0.101
0.27080000000000004,0.113146,4.5,0.3899999999999999,0.117,0.3800000000000001,0.1
0.27085000000000004,0.1143105,4.65,0.3899999999999999,0.116,0.3800000000000001,0.1
0.27090000000000003,0.1152005,4.800000000000001,0.3800000000000001,0.114,0.3800000000000001,0.09899999999999999
0.27095,0.1158845,4.8999999999999995,0.3800000000000001,0.11299999999999999,0.3800000000000001,0.09899999999999999
0.271,0.116133,5.05,0.3800000000000001,0.112,0.3800000000000001,0.098
0.27105,0.11612399999999999,5.199999999999999,0.3800000000000001,0.111,0.3800000000000001,0.098
0.2711,0.11589899999999999,5.3,0.3800000000000001,0.11,0.3800000000000001,0.097
0.27115,0.115385,5.449999999999999,0.3800000000000001,0.10900000000000001,0.3800000000000001,0.097
0.2712,0.114687,5.6,0.3800000000000001,0.108,0.3800000000000001,0.097
0.27125,0.1132975,5.65,0.3800000000000001,0.107,0.3800000000000001,0.096
0.2713,0.11194799999999999,5.8,0.3800000000000001,0.106,0.3800000000000001,0.096
0.27135000000000004,0.11017149999999999,5.9,0.3800000000000001,0.106,0.3800000000000001,0.096
0.27140000000000003,0.1081195,6.0,0.3800000000000001,0.10500000000000001,0.3800000000000001,0.095
0.27145,0.1057615,6.15,0.36999999999999944,0.104,0.36999999999999944,0.095
0.2715,0.10316199999999999,6.199999999999999,0.36999999999999944,0.104,0.36999999999999944,0.095
0.27155,0.1002715,6.3,0.36999999999999944,0.103,0.36999999999999944,0.094
0.2716,0.0971935,6.35,0.36999999999999944,0.102,0.36999999999999944,0.094
0.27165,0.093933,6.35,0.36999999999999944,0.102,0.36999999999999944,0.094
0.2717,0.09066149999999999,6.25,0.36999999999999944,0.101,0.36999999999999944,0.094
0.27175,0.087563,6.05,0.36999999999999944,0.101,0.36999999999999944,0.093
0.2718,0.08484699999999999,5.8,0.36999999999999944,0.1,0.36999999999999944,0.093
0.27185000000000004,0.082521,5.599999999999999,0.36999999999999944,0.1,0.36999999999999944,0.093
0.27190000000000003,0.080491,5.3999999999999995,0.36999999999999944,0.1,0.36999999999999944,0.093
0.27195,0.078663,5.3,0.36999999999999944,0.09899999999999999,0.36999999999999944,0.092
0.272,0.0770455,5.1499999999999995,0.36999999999999944,0.09899999999999999,0.36999999999999944,0.092
0.27205,0.0755305,5.05,0.36999999999999944,0.09899999999999999,0.36999999999999944,0.092
0.2721,0.074154,5.000000000000001,0.36999999999999944,0.098,0.36999999999999944,0.092
0.27215,0.0729045,4.9,0.36999999999999944,0.098,0.36999999999999944,0.092
0.2722,0.071717,4.849999999999999,0.36999999999999944,0.097,0.36999999999999944,0.091
0.27225,0.070643,4.749999999999999,0.36999999999999944,0.097,0.36999999999999944,0.091
0.2723,0.0696005,4.7,0.36999999999999944,0.097,0.36999999999999944,0.091
0.27235000000000004,0.068631,4.65,0.36999999999999944,0.097,0.36999999999999944,0.091
0.27240000000000003,0.06769399999999999,4.599999999999999,0.36999999999999944,0.096,0.36999999999999944,0.091
0.27245,0.0667705,4.549999999999999,0.36999999999999944,0.096,0.36999999999999944,0.09000000000000001
0.2725,0.0659,4.499999999999999,0.36999999999999944,0.096,0.36999999999999944,0.09000000000000001
0.27255,0.06498899999999999,4.5,0.35999999999999965,0.095,0.35999999999999965,0.09000000000000001
0.2726,0.0640275,4.45,0.35999999999999965,0.095,0.35999999999999965,0.09000000000000001
0.27265,0.0629685,4.4,0.34999999999999987,0.095,0.34999999999999987,0.089
0.2727,0.061683499999999995,4.299999999999999,0.3900000000000008,0.095,0.3900000000000008,0.082
0.27275,0.0597015,4.1,0.42999999999999994,0.094,0.42999999999999994,0.089
0.2728,0.0575045,3.8999999999999995,0.42999999999999994,0.094,0.42999999999999994,0.093
0.27285000000000004,0.055436,3.749999999999999,0.4399999999999997,0.093,0.4399999999999997,0.093
0.27290000000000003,0.053550999999999994,3.55,0.4399999999999997,0.093,0.4399999999999997,0.093
0.27295,0.051993,3.3999999999999995,0.42999999999999994,0.096,0.42999999999999994,0.096
0.273,0.0508445,3.2,0.42999999999999994,0.101,0.42999999999999994,0.101
0.27305,0.050180499999999996,3.0,0.42999999999999994,0.106,0.42999999999999994,0.106
0.2731,0.050197,2.8000000000000007,0.42999999999999994,0.10900000000000001,0.42999999999999994,0.10900000000000001
0.27315,0.050848,2.6500000000000004,0.42999999999999994,0.11299999999999999,0.42999999999999994,0.112
0.2732,0.052315,2.450000000000001,0.42999999999999994,0.115,0.42999999999999994,0.114
0.27325,0.054714,2.3000000000000007,0.41999999999999926,0.118,0.41999999999999926,0.115
0.2733,0.058187499999999996,2.1500000000000004,0.41999999999999926,0.12000000000000001,0.41999999999999926,0.115
0.27335000000000004,0.062455,2.250000000000001,0.41999999999999926,0.121,0.41999999999999926,0.114
0.27340000000000003,0.0667345,2.3500000000000005,0.41999999999999926,0.12300000000000001,0.41999999999999926,0.11299999999999999
0.27345,0.0709315,2.500000000000001,0.41999999999999926,0.124,0.4099999999999995,0.11299999999999999
0.2735,0.0751285,2.5999999999999996,0.41999999999999926,0.125,0.4099999999999995,0.111
0.27355,0.0791605,2.75,0.41999999999999926,0.125,0.3999999999999997,0.11
0.2736,0.0830505,2.8999999999999995,0.4099999999999995,0.126,0.3999999999999997,0.10900000000000001
0.27365,0.0867815,3.05,0.4099999999999995,0.126,0.3999999999999997,0.108
0.2737,0.090344,3.1999999999999993,0.4099999999999995,0.126,0.3899999999999999,0.107
0.27375,0.09368449999999999,3.3499999999999996,0.4099999999999995,0.126,0.3899999999999999,0.106
0.2738,0.0967965,3.45,0.4099999999999995,0.125,0.3899999999999999,0.106
0.27385000000000004,0.09975049999999999,3.6000000000000005,0.4099999999999995,0.125,0.3899999999999999,0.10500000000000001
0.27390000000000003,0.1025485,3.750000000000001,0.3999999999999997,0.124,0.3899999999999999,0.104
0.27395,0.1050835,3.9000000000000004,0.3999999999999997,0.12300000000000001,0.3899999999999999,0.103
0.274,0.1073645,4.050000000000001,0.3999999999999997,0.122,0.3899999999999999,0.102
0.27405,0.109274,4.200000000000001,0.3999999999999997,0.121,0.3899999999999999,0.102
0.2741,0.11111549999999999,4.300000000000001,0.3899999999999999,0.11900000000000001,0.3799999999999992,0.101
0.27415,0.112679,4.45,0.3899999999999999,0.118,0.3799999999999992,0.101
0.2742,0.11395749999999999,4.6000000000000005,0.3899999999999999,0.116,0.3799999999999992,0.1
0.27425,0.1148985,4.75,0.3799999999999992,0.115,0.3799999999999992,0.1
0.2743,0.115671,4.85,0.3799999999999992,0.11299999999999999,0.3799999999999992,0.09899999999999999
0.27435000000000004,0.11611049999999999,5.0,0.3799999999999992,0.112,0.3799999999999992,0.09899999999999999
0.27440000000000003,0.116154,5.1499999999999995,0.3799999999999992,0.111,0.3799999999999992,0.098
0.27445,0.116008,5.3,0.3799999999999992,0.11,0.3799999999999992,0.098
0.2745,0.1155735,5.399999999999999,0.3799999999999992,0.10900000000000001,0.3799999999999992,0.097
0.27455,0.1149815,5.549999999999999,0.3799999999999992,0.108,0.3799999999999992,0.097
0.2746,0.113879,5.6499999999999995,0.3799999999999992,0.107,0.3799999999999992,0.096
0.27465,0.1124125,5.75,0.3799999999999992,0.106,0.3799999999999992,0.096
0.2747,0.110842,5.8500000000000005,0.3799999999999992,0.106,0.3799999999999992,0.096
0.27475,0.108802,6.000000000000001,0.3799999999999992,0.10500000000000001,0.3799999999999992,0.095
0.2748,0.1065995,6.1000000000000005,0.36999999999999944,0.104,0.36999999999999944,0.095
0.27485000000000004,0.1040755,6.2,0.36999999999999944,0.104,0.36999999999999944,0.095
0.27490000000000003,0.101253,6.299999999999999,0.36999999999999944,0.103,0.36999999999999944,0.094
0.27495,0.098226,6.349999999999999,0.36999999999999944,0.103,0.36999999999999944,0.094
0.275,0.0950275,6.349999999999999,0.36999999999999944,0.102,0.36999999999999944,0.094
0.27505,0.09174249999999999,6.3,0.36999999999999944,0.102,0.36999999999999944,0.094
0.2751,0.0885585,6.15,0.36999999999999944,0.101,0.36999999999999944,0.093
0.27515,0.08572099999999999,5.8999999999999995,0.36999999999999944,0.101,0.36999999999999944,0.093
0.2752,0.0832745,5.6499999999999995,0.36999999999999944,0.1,0.36999999999999944,0.093
0.27525,0.0811445,5.449999999999999,0.36999999999999944,0.1,0.36999999999999944,0.093
0.2753,0.079265,5.3,0.36999999999999944,0.09899999999999999,0.36999999999999944,0.092
0.27535000000000004,0.077567,5.2,0.36999999999999944,0.09899999999999999,0.36999999999999944,0.092
0.27540000000000003,0.076012,5.1000000000000005,0.36999999999999944,0.09899999999999999,0.36999999999999944,0.092
0.27545000000000003,0.074614,4.999999999999999,0.36999999999999944,0.098,0.36999999999999944,0.092
0.2755,0.07331549999999999,4.95,0.36999999999999944,0.098,0.36999999999999944,0.092
0.27555,0.072104,4.8500000000000005,0.36999999999999944,0.098,0.36999999999999944,0.091
0.2756,0.07099899999999999,4.8,0.36999999999999944,0.097,0.36999999999999944,0.091
0.27565,0.069955,4.75,0.36999999999999944,0.097,0.36999999999999944,0.091
0.2757,0.06894449999999999,4.6499999999999995,0.36999999999999944,0.097,0.36999999999999944,0.091
0.27575,0.06798749999999999,4.6,0.36999999999999944,0.096,0.36999999999999944,0.091
0.2758,0.067074,4.6000000000000005,0.36999999999999944,0.096,0.36999999999999944,0.09000000000000001
0.27585000000000004,0.066207,4.55,0.36999999999999944,0.096,0.36999999999999944,0.09000000000000001
0.27590000000000003,0.0652905,4.5,0.35999999999999965,0.096,0.35999999999999965,0.09000000000000001
0.27595000000000003,0.06435249999999999,4.449999999999999,0.35999999999999965,0.095,0.35999999999999965,0.09000000000000001
0.276,0.063349,4.3999999999999995,0.35999999999999965,0.095,0.35999999999999965,0.09000000000000001
0.27605,0.062167999999999994,4.4,0.35999999999999965,0.095,1.4,0.093
0.2761,0.0604115,4.2,0.42999999999999994,0.094,0.42999999999999994,0.087
0.27615,0.058228499999999996,3.9499999999999997,0.42999999999999994,0.094,0.42999999999999994,0.092
0.2762,0.05611,3.8,0.42999999999999994,0.094,0.42999999999999994,0.093
0.27625,0.0541505,3.5999999999999996,0.4400000000000015,0.093,0.4400000000000015,0.093
0.2763,0.0524515,3.4499999999999997,0.4300000000000008,0.094,0.4300000000000008,0.094
0.27635000000000004,0.0511835,3.25,0.4300000000000008,0.1,0.4300000000000008,0.1
0.27640000000000003,0.050335,3.0999999999999996,0.4300000000000008,0.104,0.4300000000000008,0.104
0.27645000000000003,0.0501195,2.8499999999999996,0.4300000000000008,0.108,0.4300000000000008,0.108
0.2765,0.050565,2.6999999999999997,0.4300000000000008,0.112,0.4300000000000008,0.111
0.27655,0.051733999999999995,2.5499999999999994,0.4300000000000008,0.114,0.4300000000000008,0.114
0.2766,0.053815999999999996,2.3499999999999996,0.42000000000000104,0.117,0.42000000000000104,0.115
0.27665,0.0569055,2.1999999999999997,0.42000000000000104,0.11900000000000001,0.42000000000000104,0.115
0.2767,0.0610065,2.1999999999999997,0.42000000000000104,0.121,0.42000000000000104,0.114
0.27675,0.065313,2.3,0.42000000000000104,0.122,0.42000000000000104,0.114
0.2768,0.0695495,2.4499999999999997,0.42000000000000104,0.124,0.41000000000000125,0.11299999999999999
0.27685000000000004,0.0737405,2.55,0.42000000000000104,0.124,0.41000000000000125,0.112
0.27690000000000003,0.077842,2.6999999999999997,0.42000000000000104,0.125,0.41000000000000125,0.111
0.27695000000000003,0.0817605,2.8499999999999996,0.42000000000000104,0.126,0.40000000000000147,0.11
0.277,0.085561,2.9999999999999996,0.41000000000000125,0.126,0.40000000000000147,0.10900000000000001
0.27705,0.08919149999999999,3.15,0.41000000000000125,0.126,0.40000000000000147,0.108
0.2771,0.09261,3.3,0.41000000000000125,0.126,0.3900000000000008,0.107
0.27715,0.0957745,3.4499999999999997,0.41000000000000125,0.125,0.3900000000000008,0.106
0.2772,0.0987685,3.5500000000000003,0.41000000000000125,0.125,0.3900000000000008,0.10500000000000001
0.27725,0.10163799999999999,3.7,0.40000000000000147,0.124,0.3900000000000008,0.104
0.2773,0.1042955,3.85,0.40000000000000147,0.12300000000000001,0.3900000000000008,0.103
0.27735000000000004,0.10664349999999999,4.0,0.40000000000000147,0.122,0.3900000000000008,0.103
0.27740000000000004,0.1086795,4.15,0.40000000000000147,0.121,0.3900000000000008,0.102
0.27745000000000003,0.1105245,4.25,0.3900000000000008,0.12000000000000001,0.380000000000001,0.101
0.2775,0.112207,4.4,0.3900000000000008,0.118,0.380000000000001,0.101
0.27755,0.11356799999999999,4.55,0.3900000000000008,0.117,0.380000000000001,0.1
0.2776,0.11459449999999999,4.7,0.3900000000000008,0.115,0.380000000000001,0.1
0.27765,0.1154325,4.799999999999999,0.380000000000001,0.114,0.380000000000001,0.09899999999999999
0.2777,0.11599999999999999,4.949999999999999,0.380000000000001,0.11299999999999999,0.380000000000001,0.09899999999999999
0.27775,0.1161305,5.1,0.380000000000001,0.111,0.380000000000001,0.098
0.2778,0.11608249999999999,5.249999999999999,0.380000000000001,0.11,0.380000000000001,0.098
0.27785,0.115755,5.35,0.380000000000001,0.10900000000000001,0.380000000000001,0.097
0.27790000000000004,0.11521949999999999,5.499999999999999,0.380000000000001,0.108,0.380000000000001,0.097
0.27795000000000003,0.1143125,5.6499999999999995,0.380000000000001,0.108,0.380000000000001,0.097
0.278,0.11284849999999999,5.699999999999999,0.380000000000001,0.107,0.380000000000001,0.096
0.27805,0.1114155,5.85,0.380000000000001,0.106,0.380000000000001,0.096
0.2781,0.109466,5.95,0.380000000000001,0.10500000000000001,0.380000000000001,0.096
0.27815,0.1074005,6.05,0.3700000000000012,0.10500000000000001,0.3700000000000012,0.095
0.2782,0.104943,6.1499999999999995,0.3700000000000012,0.104,0.3700000000000012,0.095
0.27825,0.10223149999999999,6.249999999999999,0.3700000000000012,0.103,0.3700000000000012,0.095
0.2783,0.099261,6.3,0.3700000000000012,0.103,0.3700000000000012,0.094
0.27835,0.0961105,6.349999999999999,0.3700000000000012,0.102,0.3700000000000012,0.094
0.27840000000000004,0.0928355,6.3500000000000005,0.3700000000000012,0.102,0.3700000000000012,0.094
0.27845000000000003,0.0896005,6.2,0.3700000000000012,0.101,0.3700000000000012,0.093
0.2785,0.0866305,5.95,0.3700000000000012,0.101,0.3700000000000012,0.093
0.27855,0.0840505,5.7,0.3700000000000012,0.1,0.3700000000000012,0.093
0.2786,0.081837,5.55,0.3700000000000012,0.1,0.3700000000000012,0.093
0.27865,0.079871,5.349999999999999,0.3700000000000012,0.1,0.3700000000000012,0.093
0.2787,0.078099,5.25,0.3700000000000012,0.09899999999999999,0.3700000000000012,0.092
0.27875,0.0765145,5.149999999999998,0.3700000000000012,0.09899999999999999,0.3700000000000012,0.092
0.2788,0.0750515,5.050000000000001,0.3700000000000012,0.098,0.3700000000000012,0.092
0.27885,0.0737295,4.949999999999998,0.3700000000000012,0.098,0.3700000000000012,0.092
0.27890000000000004,0.07249499999999999,4.8999999999999995,0.3700000000000012,0.098,0.3700000000000012,0.091
0.27895000000000003,0.0713475,4.8,0.3700000000000012,0.097,0.3700000000000012,0.091
0.279,0.070297,4.75,0.3700000000000012,0.097,0.3700000000000012,0.091
0.27905,0.0692605,4.7,0.3700000000000012,0.097,0.3700000000000012,0.091
0.2791,0.068304,4.6499999999999995,0.3700000000000012,0.096,0.3700000000000012,0.091
0.27915,0.067393,4.600000000000001,0.3700000000000012,0.096,0.3700000000000012,0.091
0.2792,0.0664945,4.55,0.3700000000000012,0.096,0.3700000000000012,0.09000000000000001
0.27925,0.0655915,4.5,0.36000000000000143,0.096,0.36000000000000143,0.09000000000000001
0.2793,0.064678,4.449999999999998,0.36000000000000143,0.095,0.36000000000000143,0.09000000000000001
0.27935,0.0636835,4.450000000000001,0.36000000000000143,0.095,0.36000000000000143,0.09000000000000001
0.27940000000000004,0.062607,4.3999999999999995,0.3399999999999983,0.095,1.349999999999999,0.093
0.27945000000000003,0.0611035,4.249999999999998,0.4099999999999986,0.095,0.4099999999999986,0.085
0.2795,0.058969,4.049999999999999,0.42999999999999994,0.094,0.42999999999999994,0.091
0.27955,0.056795,3.8499999999999996,0.42999999999999994,0.094,0.42999999999999994,0.093
0.2796,0.0547815,3.6499999999999995,0.4399999999999997,0.093,0.4399999999999997,0.093
0.27965,0.0529865,3.5,0.4399999999999997,0.093,0.4399999999999997,0.093
0.2797,0.0515565,3.299999999999999,0.42999999999999994,0.098,0.42999999999999994,0.098
0.27975,0.050561999999999996,3.1499999999999995,0.42999999999999994,0.103,0.42999999999999994,0.103
0.2798,0.050110999999999996,2.95,0.42999999999999994,0.107,0.42999999999999994,0.107
0.27985,0.050338499999999994,2.750000000000001,0.42999999999999994,0.11,0.42999999999999994,0.11
0.27990000000000004,0.051248499999999995,2.6000000000000005,0.42999999999999994,0.114,0.42999999999999994,0.11299999999999999
0.27995000000000003,0.0530085,2.4000000000000004,0.42999999999999994,0.116,0.42999999999999994,0.114
0.28,0.055749,2.250000000000001,0.4200000000000019,0.118,0.4200000000000019,0.115
0.28005,0.059586999999999994,2.1500000000000004,0.4200000000000019,0.12000000000000001,0.4200000000000019,0.115
0.2801,0.06387949999999999,2.3000000000000007,0.4200000000000019,0.122,0.4200000000000019,0.114
0.28015,0.068156,2.4000000000000004,0.4200000000000019,0.12300000000000001,0.41000000000000036,0.11299999999999999
0.2802,0.072338,2.499999999999999,0.4200000000000019,0.124,0.41000000000000036,0.112
0.28025,0.076501,2.6499999999999995,0.4200000000000019,0.125,0.41000000000000036,0.111
0.2803,0.08047449999999999,2.8,0.4200000000000019,0.125,0.4000000000000006,0.11
0.28035,0.08431799999999999,2.9499999999999993,0.41000000000000036,0.126,0.4000000000000006,0.10900000000000001
0.28040000000000004,0.08799549999999999,3.1000000000000005,0.41000000000000036,0.126,0.4000000000000006,0.108
0.28045000000000003,0.0914825,3.25,0.41000000000000036,0.126,0.3900000000000008,0.107
0.2805,0.094735,3.4000000000000004,0.41000000000000036,0.125,0.3900000000000008,0.106
0.28055,0.09779349999999999,3.500000000000001,0.41000000000000036,0.125,0.3900000000000008,0.10500000000000001
0.2806,0.1007145,3.6500000000000012,0.4000000000000006,0.124,0.3900000000000008,0.104
0.28065,0.10342,3.8000000000000007,0.4000000000000006,0.124,0.3900000000000008,0.104
0.2807,0.105876,3.950000000000001,0.4000000000000006,0.12300000000000001,0.3900000000000008,0.103
0.28075,0.10804949999999999,4.100000000000001,0.4000000000000006,0.121,0.3900000000000008,0.102
0.2808,0.1098715,4.2,0.3900000000000008,0.12000000000000001,0.380000000000001,0.102
0.28085,0.11168299999999999,4.3500000000000005,0.3900000000000008,0.11900000000000001,0.380000000000001,0.101
0.28090000000000004,0.113146,4.5,0.3900000000000008,0.117,0.380000000000001,0.1
0.28095000000000003,0.114311,4.65,0.3900000000000008,0.116,0.380000000000001,0.1
0.281,0.1152005,4.8,0.380000000000001,0.114,0.380000000000001,0.09899999999999999
0.28105,0.1158845,4.8999999999999995,0.380000000000001,0.11299999999999999,0.380000000000001,0.09899999999999999
0.2811,0.116133,5.049999999999999,0.380000000000001,0.112,0.380000000000001,0.098
0.28115,0.11612399999999999,5.199999999999999,0.380000000000001,0.111,0.380000000000001,0.098
0.2812,0.11589899999999999,5.299999999999999,0.380000000000001,0.11,0.380000000000001,0.097
0.28125,0.115385,5.449999999999998,0.380000000000001,0.10900000000000001,0.380000000000001,0.097
0.2813,0.1146875,5.599999999999999,0.380000000000001,0.108,0.380000000000001,0.097
0.28135,0.1132975,5.6499999999999995,0.380000000000001,0.107,0.380000000000001,0.096
0.28140000000000004,0.11194799999999999,5.8,0.380000000000001,0.106,0.380000000000001,0.096
0.28145000000000003,0.11017249999999999,5.900000000000001,0.380000000000001,0.106,0.380000000000001,0.096
0.28150000000000003,0.10812,6.0,0.380000000000001,0.10500000000000001,0.380000000000001,0.095
0.28155,0.105762,6.1499999999999995,0.3700000000000012,0.104,0.3700000000000012,0.095
0.2816,0.10316299999999999,6.199999999999998,0.3700000000000012,0.104,0.3700000000000012,0.095
0.28165,0.100272,6.3,0.3700000000000012,0.103,0.3700000000000012,0.094
0.2817,0.0971935,6.3500000000000005,0.3700000000000012,0.102,0.3700000000000012,0.094
0.28175,0.093933,6.3500000000000005,0.3700000000000012,0.102,0.3700000000000012,0.094
0.2818,0.09066149999999999,6.25,0.3700000000000012,0.101,0.3700000000000012,0.094
0.28185,0.087563,6.05,0.3700000000000012,0.101,0.3700000000000012,0.093
0.28190000000000004,0.08484749999999999,5.8,0.3700000000000012,0.1,0.3700000000000012,0.093
0.28195000000000003,0.082521,5.6000000000000005,0.3700000000000012,0.1,0.3700000000000012,0.093
0.28200000000000003,0.080491,5.4,0.3700000000000012,0.1,0.3700000000000012,0.093
0.28205,0.0786635,5.3,0.3700000000000012,0.09899999999999999,0.3700000000000012,0.092
0.2821,0.077046,5.1499999999999995,0.3700000000000012,0.09899999999999999,0.3700000000000012,0.092
0.28215,0.0755305,5.05,0.3700000000000012,0.09899999999999999,0.3700000000000012,0.092
0.2822,0.074154,5.000000000000001,0.3700000000000012,0.098,0.3700000000000012,0.092
0.28225,0.072905,4.8999999999999995,0.3700000000000012,0.098,0.3700000000000012,0.092
0.2823,0.071717,4.8500000000000005,0.3700000000000012,0.097,0.3700000000000012,0.091
0.28235,0.070643,4.750000000000001,0.3700000000000012,0.097,0.3700000000000012,0.091
0.28240000000000004,0.0696005,4.699999999999999,0.3700000000000012,0.097,0.3700000000000012,0.091
0.28245000000000003,0.068631,4.65,0.3700000000000012,0.097,0.3700000000000012,0.091
0.28250000000000003,0.06769399999999999,4.6,0.3700000000000012,0.096,0.3700000000000012,0.091
0.28255,0.0667705,4.55,0.3700000000000012,0.096,0.3700000000000012,0.09000000000000001
0.2826,0.0659005,4.5,0.3700000000000012,0.096,0.3700000000000012,0.09000000000000001
0.28265,0.06498899999999999,4.5,0.35999999999999965,0.095,0.35999999999999965,0.09000000000000001
0.2827,0.0640275,4.45,0.35999999999999965,0.095,0.35999999999999965,0.09000000000000001
0.28275,0.0629685,4.3999999999999995,0.34999999999999987,0.095,0.34999999999999987,0.089
0.2828,0.061683499999999995,4.300000000000001,0.3900000000000008,0.095,0.3900000000000008,0.082
0.28285,0.0597015,4.1,0.4300000000000017,0.094,0.4300000000000017,0.089
0.28290000000000004,0.0575045,3.9,0.4300000000000017,0.094,0.4300000000000017,0.093
0.28295000000000003,0.055436,3.75,0.4400000000000015,0.093,0.4400000000000015,0.093
0.28300000000000003,0.053550999999999994,3.55,0.4400000000000015,0.093,0.4400000000000015,0.093
0.28305,0.051993,3.4,0.4300000000000017,0.096,0.4300000000000017,0.096
0.2831,0.0508445,3.2,0.4300000000000017,0.101,0.4300000000000017,0.101
0.28315,0.050180499999999996,2.9999999999999996,0.4300000000000017,0.106,0.4300000000000017,0.106
0.2832,0.050197,2.8,0.4300000000000017,0.10900000000000001,0.4300000000000017,0.10900000000000001
0.28325,0.050848,2.65,0.4300000000000017,0.11299999999999999,0.4300000000000017,0.112
0.2833,0.052315,2.4499999999999997,0.4300000000000017,0.115,0.4300000000000017,0.114
0.28335,0.054714,2.3,0.42000000000000015,0.118,0.42000000000000015,0.115
0.28340000000000004,0.058187499999999996,2.15,0.42000000000000015,0.12000000000000001,0.42000000000000015,0.115
0.28345000000000004,0.062455,2.2499999999999996,0.42000000000000015,0.121,0.42000000000000015,0.114
0.28350000000000003,0.0667345,2.3499999999999996,0.42000000000000015,0.12300000000000001,0.42000000000000015,0.11299999999999999
0.28355,0.0709315,2.4999999999999996,0.42000000000000015,0.124,0.41000000000000036,0.11299999999999999
0.2836,0.0751285,2.6,0.42000000000000015,0.125,0.41000000000000036,0.111
0.28365,0.0791605,2.75,0.42000000000000015,0.125,0.4000000000000006,0.11
0.2837,0.0830505,2.9,0.41000000000000036,0.126,0.4000000000000006,0.10900000000000001
0.28375,0.0867815,3.05,0.41000000000000036,0.126,0.4000000000000006,0.108
0.2838,0.090344,3.1999999999999997,0.41000000000000036,0.126,0.3900000000000008,0.107
0.28385,0.09368449999999999,3.3499999999999996,0.41000000000000036,0.126,0.3900000000000008,0.106
0.28390000000000004,0.0967965,3.4499999999999997,0.41000000000000036,0.125,0.3900000000000008,0.106
0.28395000000000004,0.09975049999999999,3.6,0.41000000000000036,0.125,0.3900000000000008,0.10500000000000001
0.28400000000000003,0.1025485,3.75,0.4000000000000006,0.124,0.3900000000000008,0.104
0.28405,0.1050835,3.9,0.4000000000000006,0.12300000000000001,0.3900000000000008,0.103
0.2841,0.1073645,4.05,0.4000000000000006,0.122,0.3900000000000008,0.102
0.28415,0.109274,4.2,0.4000000000000006,0.121,0.3900000000000008,0.102
0.2842,0.11111599999999999,4.3,0.3900000000000008,0.11900000000000001,0.3799999999999992,0.101
0.28425,0.112679,4.45,0.3900000000000008,0.118,0.3799999999999992,0.101
0.2843,0.11395749999999999,4.6,0.3900000000000008,0.116,0.3799999999999992,0.1
0.28435,0.1148985,4.75,0.3799999999999992,0.115,0.3799999999999992,0.1
0.2844,0.115671,4.85,0.3799999999999992,0.11299999999999999,0.3799999999999992,0.09899999999999999
0.28445000000000004,0.11611049999999999,5.0,0.3799999999999992,0.112,0.3799999999999992,0.09899999999999999
0.28450000000000003,0.116154,5.1499999999999995,0.3799999999999992,0.111,0.3799999999999992,0.098
0.28455,0.116008,5.3,0.3799999999999992,0.11,0.3799999999999992,0.098
0.2846,0.115575,5.3999999999999995,0.3799999999999992,0.10900000000000001,0.3799999999999992,0.097
0.28465,0.1149815,5.55,0.3799999999999992,0.108,0.3799999999999992,0.097
0.2847,0.1138795,5.65,0.3799999999999992,0.107,0.3799999999999992,0.096
0.28475,0.112413,5.75,0.3799999999999992,0.106,0.3799999999999992,0.096
0.2848,0.1108425,5.8500000000000005,0.3799999999999992,0.106,0.3799999999999992,0.096
0.28485,0.1088025,6.0,0.3799999999999992,0.10500000000000001,0.3799999999999992,0.095
0.2849,0.1065995,6.1000000000000005,0.36999999999999944,0.104,0.36999999999999944,0.095
0.28495000000000004,0.104076,6.2,0.36999999999999944,0.104,0.36999999999999944,0.095
0.28500000000000003,0.101253,6.3,0.36999999999999944,0.103,0.36999999999999944,0.094
0.28505,0.098226,6.3500000000000005,0.36999999999999944,0.103,0.36999999999999944,0.094
0.2851,0.0950275,6.35,0.36999999999999944,0.102,0.36999999999999944,0.094
0.28515,0.09174249999999999,6.3,0.36999999999999944,0.102,0.36999999999999944,0.094
0.2852,0.0885585,6.1499999999999995,0.36999999999999944,0.101,0.36999999999999944,0.093
0.28525,0.08572099999999999,5.8999999999999995,0.36999999999999944,0.101,0.36999999999999944,0.093
0.2853,0.0832745,5.6499999999999995,0.36999999999999944,0.1,0.36999999999999944,0.093
0.28535,0.0811445,5.45,0.36999999999999944,0.1,0.36999999999999944,0.093
0.2854,0.079265,5.3,0.36999999999999944,0.09899999999999999,0.36999999999999944,0.092
0.28545000000000004,0.077567,5.2,0.36999999999999944,0.09899999999999999,0.36999999999999944,0.092
0.28550000000000003,0.076012,5.1000000000000005,0.36999999999999944,0.09899999999999999,0.36999999999999944,0.092
0.28555,0.074614,4.999999999999999,0.36999999999999944,0.098,0.36999999999999944,0.092
0.2856,0.07331599999999999,4.95,0.36999999999999944,0.098,0.36999999999999944,0.092
0.28565,0.072104,4.8500000000000005,0.36999999999999944,0.098,0.36999999999999944,0.091
0.2857,0.07099899999999999,4.800000000000001,0.36999999999999944,0.097,0.36999999999999944,0.091
0.28575,0.06995549999999999,4.749999999999999,0.36999999999999944,0.097,0.36999999999999944,0.091
0.2858,0.06894449999999999,4.6499999999999995,0.36999999999999944,0.097,0.36999999999999944,0.091
0.28585,0.06798749999999999,4.6,0.36999999999999944,0.096,0.36999999999999944,0.091
0.2859,0.067074,4.6,0.36999999999999944,0.096,0.36999999999999944,0.09000000000000001
0.28595000000000004,0.0662075,4.549999999999999,0.36999999999999944,0.096,0.36999999999999944,0.09000000000000001
0.28600000000000003,0.0652905,4.500000000000001,0.35999999999999965,0.096,0.35999999999999965,0.09000000000000001
0.28605,0.064353,4.449999999999999,0.35999999999999965,0.095,0.35999999999999965,0.09000000000000001
0.2861,0.063349,4.4,0.35999999999999965,0.095,0.35999999999999965,0.09000000000000001
0.28615,0.062167999999999994,4.399999999999999,0.36000000000000143,0.095,1.399999999999998,0.093
0.2862,0.0604115,4.199999999999998,0.42999999999999994,0.094,0.42999999999999994,0.087
0.28625,0.058228999999999996,3.9499999999999993,0.42999999999999994,0.094,0.42999999999999994,0.092
0.2863,0.0561105,3.8,0.42999999999999994,0.094,0.42999999999999994,0.093
0.28635,0.0541505,3.5999999999999988,0.4399999999999997,0.093,0.4399999999999997,0.093
0.2864,0.0524515,3.4499999999999993,0.42999999999999994,0.094,0.42999999999999994,0.094
0.28645000000000004,0.0511835,3.25,0.42999999999999994,0.1,0.42999999999999994,0.1
0.28650000000000003,0.050335,3.0999999999999996,0.42999999999999994,0.104,0.42999999999999994,0.104
0.28655,0.0501195,2.8500000000000005,0.42999999999999994,0.108,0.42999999999999994,0.108
0.2866,0.050565,2.7,0.42999999999999994,0.112,0.42999999999999994,0.111
0.28665,0.051733999999999995,2.55,0.42999999999999994,0.114,0.42999999999999994,0.114
0.2867,0.053815999999999996,2.3500000000000005,0.42000000000000015,0.117,0.42000000000000015,0.115
0.28675,0.056906,2.2,0.42000000000000015,0.11900000000000001,0.42000000000000015,0.115
0.2868,0.0610065,2.2,0.42000000000000015,0.121,0.42000000000000015,0.114
0.28685,0.065313,2.3000000000000007,0.42000000000000015,0.122,0.42000000000000015,0.114
0.2869,0.0695495,2.450000000000001,0.42000000000000015,0.124,0.41000000000000036,0.11299999999999999
0.28695000000000004,0.0737405,2.55,0.42000000000000015,0.124,0.41000000000000036,0.112
0.28700000000000003,0.077842,2.7,0.42000000000000015,0.125,0.41000000000000036,0.111
0.28705,0.0817605,2.8499999999999996,0.42000000000000015,0.126,0.4000000000000006,0.11
0.2871,0.085561,3.0,0.41000000000000036,0.126,0.4000000000000006,0.10900000000000001
0.28715,0.08919149999999999,3.1500000000000004,0.41000000000000036,0.126,0.4000000000000006,0.108
0.2872,0.09261,3.3,0.41000000000000036,0.126,0.389999999999999,0.107
0.28725,0.0957745,3.45,0.41000000000000036,0.125,0.389999999999999,0.106
0.2873,0.098769,3.5500000000000007,0.41000000000000036,0.125,0.389999999999999,0.10500000000000001
0.28735,0.10163799999999999,3.700000000000001,0.4000000000000006,0.124,0.389999999999999,0.104
0.2874,0.104296,3.8500000000000005,0.4000000000000006,0.12300000000000001,0.389999999999999,0.103
0.28745000000000004,0.10664399999999999,4.000000000000001,0.4000000000000006,0.122,0.389999999999999,0.103
0.28750000000000003,0.1086795,4.15,0.4000000000000006,0.121,0.389999999999999,0.102
0.28755000000000003,0.1105245,4.25,0.389999999999999,0.12000000000000001,0.3799999999999992,0.101
0.2876,0.112207,4.4,0.389999999999999,0.118,0.3799999999999992,0.101
0.28765,0.11356799999999999,4.55,0.389999999999999,0.117,0.3799999999999992,0.1
0.2877,0.11459449999999999,4.7,0.389999999999999,0.115,0.3799999999999992,0.1
0.28775,0.1154325,4.799999999999999,0.3799999999999992,0.114,0.3799999999999992,0.09899999999999999
0.2878,0.11599999999999999,4.949999999999999,0.3799999999999992,0.11299999999999999,0.3799999999999992,0.09899999999999999
0.28785,0.1161305,5.1,0.3799999999999992,0.111,0.3799999999999992,0.098
0.2879,0.11608249999999999,5.25,0.3799999999999992,0.11,0.3799999999999992,0.098
0.28795000000000004,0.115755,5.349999999999999,0.3799999999999992,0.10900000000000001,0.3799999999999992,0.097
0.28800000000000003,0.11521949999999999,5.499999999999999,0.3799999999999992,0.108,0.3799999999999992,0.097
0.28805000000000003,0.1143125,5.649999999999999,0.3799999999999992,0.108,0.3799999999999992,0.097
0.2881,0.11284849999999999,5.699999999999999,0.3799999999999992,0.107,0.3799999999999992,0.096
0.28815,0.1114155,5.85,0.3799999999999992,0.106,0.3799999999999992,0.096
0.2882,0.1094665,5.950000000000001,0.3799999999999992,0.10500000000000001,0.3799999999999992,0.096
0.28825,0.1074005,6.05,0.36999999999999944,0.10500000000000001,0.36999999999999944,0.095
0.2883,0.104943,6.1499999999999995,0.36999999999999944,0.104,0.36999999999999944,0.095
0.28835,0.10223149999999999,6.249999999999999,0.36999999999999944,0.103,0.36999999999999944,0.095
0.2884,0.099261,6.299999999999999,0.36999999999999944,0.103,0.36999999999999944,0.094
0.28845000000000004,0.096111,6.3500000000000005,0.36999999999999944,0.102,0.36999999999999944,0.094
0.28850000000000003,0.0928355,6.349999999999999,0.36999999999999944,0.102,0.36999999999999944,0.094
0.28855000000000003,0.0896005,6.2,0.36999999999999944,0.101,0.36999999999999944,0.093
0.2886,0.0866305,5.95,0.36999999999999944,0.101,0.36999999999999944,0.093
0.28865,0.084051,5.7,0.36999999999999944,0.1,0.36999999999999944,0.093
0.2887,0.081837,5.55,0.36999999999999944,0.1,0.36999999999999944,0.093
0.28875,0.079871,5.3500000000000005,0.36999999999999944,0.1,0.36999999999999944,0.093
0.2888,0.078099,5.25,0.36999999999999944,0.09899999999999999,0.36999999999999944,0.092
0.28885,0.0765145,5.1499999999999995,0.36999999999999944,0.09899999999999999,0.36999999999999944,0.092
0.2889,0.0750515,5.05,0.36999999999999944,0.098,0.36999999999999944,0.092
0.28895000000000004,0.0737295,4.95,0.36999999999999944,0.098,0.36999999999999944,0.092
0.28900000000000003,0.07249499999999999,4.8999999999999995,0.36999999999999944,0.098,0.36999999999999944,0.091
0.28905000000000003,0.0713475,4.8,0.36999999999999944,0.097,0.36999999999999944,0.091
0.2891,0.070297,4.749999999999999,0.36999999999999944,0.097,0.36999999999999944,0.091
0.28915,0.0692605,4.699999999999999,0.36999999999999944,0.097,0.36999999999999944,0.091
0.2892,0.068304,4.65,0.36999999999999944,0.096,0.36999999999999944,0.091
0.28925,0.067393,4.6,0.36999999999999944,0.096,0.36999999999999944,0.091
0.2893,0.0664945,4.55,0.36999999999999944,0.096,0.36999999999999944,0.09000000000000001
0.28935,0.0655915,4.5,0.36000000000000143,0.096,0.36000000000000143,0.09000000000000001
0.2894,0.064678,4.449999999999999,0.36000000000000143,0.095,0.36000000000000143,0.09000000000000001
0.28945000000000004,0.0636835,4.45,0.36000000000000143,0.095,0.36000000000000143,0.09000000000000001
0.28950000000000004,0.062607,4.3999999999999995,0.3400000000000001,0.095,1.35,0.093
0.28955000000000003,0.0611035,4.25,0.41000000000000036,0.095,0.41000000000000036,0.085
0.2896,0.058969499999999994,4.05,0.42999999999999994,0.094,0.42999999999999994,0.091
0.28965,0.056795,3.85,0.42999999999999994,0.094,0.42999999999999994,0.093
0.2897,0.054782,3.65,0.4399999999999997,0.093,0.4399999999999997,0.093
0.28975,0.0529865,3.5,0.4399999999999997,0.093,0.4399999999999997,0.093
0.2898,0.0515565,3.3,0.42999999999999994,0.098,0.42999999999999994,0.098
0.28985,0.050561999999999996,3.15,0.42999999999999994,0.103,0.42999999999999994,0.103
0.2899,0.050110999999999996,2.9499999999999997,0.42999999999999994,0.107,0.42999999999999994,0.107
0.28995000000000004,0.050338499999999994,2.7499999999999996,0.42999999999999994,0.11,0.42999999999999994,0.11
0.29000000000000004,0.051248499999999995,2.5999999999999996,0.42999999999999994,0.114,0.42999999999999994,0.11299999999999999
0.29005000000000003,0.053009,2.3999999999999995,0.42999999999999994,0.116,0.42999999999999994,0.114
0.2901,0.055749,2.2499999999999996,0.42000000000000015,0.118,0.42000000000000015,0.115
0.29015,0.059586999999999994,2.15,0.42000000000000015,0.12000000000000001,0.42000000000000015,0.115
0.2902,0.06387949999999999,2.3,0.42000000000000015,0.122,0.42000000000000015,0.114
0.29025,0.068156,2.3999999999999995,0.42000000000000015,0.12300000000000001,0.4099999999999986,0.11299999999999999
0.2903,0.072338,2.4999999999999996,0.42000000000000015,0.124,0.4099999999999986,0.112
0.29035,0.076501,2.65,0.42000000000000015,0.125,0.4099999999999986,0.111
0.2904,0.08047449999999999,2.8,0.42000000000000015,0.125,0.3999999999999988,0.11
0.29045000000000004,0.08431799999999999,2.9499999999999997,0.4099999999999986,0.126,0.3999999999999988,0.10900000000000001
0.29050000000000004,0.08799549999999999,3.1,0.4099999999999986,0.126,0.3999999999999988,0.108
0.29055000000000003,0.0914825,3.25,0.4099999999999986,0.126,0.389999999999999,0.107
0.2906,0.094735,3.4,0.4099999999999986,0.125,0.389999999999999,0.106
0.29065,0.09779399999999999,3.5,0.4099999999999986,0.125,0.389999999999999,0.10500000000000001
0.2907,0.1007145,3.65,0.3999999999999988,0.124,0.389999999999999,0.104
0.29075,0.10342,3.8,0.3999999999999988,0.124,0.389999999999999,0.104
0.2908,0.105876,3.95,0.3999999999999988,0.12300000000000001,0.389999999999999,0.103
0.29085,0.10804949999999999,4.1000000000000005,0.3999999999999988,0.121,0.389999999999999,0.102
0.2909,0.1098715,4.2,0.389999999999999,0.12000000000000001,0.3799999999999992,0.102
0.29095,0.11168299999999999,4.3500000000000005,0.389999999999999,0.11900000000000001,0.3799999999999992,0.101
0.29100000000000004,0.1131465,4.5,0.389999999999999,0.117,0.3799999999999992,0.1
0.29105000000000003,0.114311,4.65,0.389999999999999,0.116,0.3799999999999992,0.1
0.2911,0.1152005,4.800000000000001,0.3799999999999992,0.114,0.3799999999999992,0.09899999999999999
0.29115,0.1158845,4.8999999999999995,0.3799999999999992,0.11299999999999999,0.3799999999999992,0.09899999999999999
0.2912,0.116133,5.05,0.3799999999999992,0.112,0.3799999999999992,0.098
0.29125,0.11612399999999999,5.199999999999999,0.3799999999999992,0.111,0.3799999999999992,0.098
0.2913,0.11589949999999999,5.3,0.3799999999999992,0.11,0.3799999999999992,0.097
0.29135,0.115385,5.449999999999999,0.3799999999999992,0.10900000000000001,0.3799999999999992,0.097
0.2914,0.1146875,5.6,0.3799999999999992,0.108,0.3799999999999992,0.097
0.29145,0.1132975,5.65,0.3799999999999992,0.107,0.3799999999999992,0.096
0.29150000000000004,0.11194799999999999,5.8,0.3799999999999992,0.106,0.3799999999999992,0.096
0.29155000000000003,0.11017249999999999,5.9,0.3799999999999992,0.106,0.3799999999999992,0.096
0.2916,0.10812,6.0,0.3799999999999992,0.10500000000000001,0.3799999999999992,0.095
0.29165,0.105762,6.15,0.36999999999999944,0.104,0.36999999999999944,0.095
0.2917,0.10316299999999999,6.199999999999999,0.36999999999999944,0.104,0.36999999999999944,0.095
0.29175,0.100272,6.3,0.36999999999999944,0.103,0.36999999999999944,0.094
0.2918,0.0971935,6.35,0.36999999999999944,0.102,0.36999999999999944,0.094
0.29185,0.093933,6.35,0.36999999999999944,0.102,0.36999999999999944,0.094
0.2919,0.09066149999999999,6.25,0.36999999999999944,0.101,0.36999999999999944,0.094
0.29195,0.0875635,6.05,0.36999999999999944,0.101,0.36999999999999944,0.093
0.29200000000000004,0.0848485,5.8,0.36999999999999944,0.1,0.36999999999999944,0.093
0.29205000000000003,0.082521,5.599999999999999,0.36999999999999944,0.1,0.36999999999999944,0.093
0.2921,0.080491,5.3999999999999995,0.36999999999999944,0.1,0.36999999999999944,0.093
0.29215,0.0786635,5.3,0.36999999999999944,0.09899999999999999,0.36999999999999944,0.092
0.2922,0.077046,5.1499999999999995,0.36999999999999944,0.09899999999999999,0.36999999999999944,0.092
0.29225,0.0755305,5.05,0.36999999999999944,0.09899999999999999,0.36999999999999944,0.092
0.2923,0.074154,5.000000000000001,0.36999999999999944,0.098,0.36999999999999944,0.092
0.29235,0.072905,4.9,0.36999999999999944,0.098,0.36999999999999944,0.092
0.2924,0.071717,4.849999999999999,0.36999999999999944,0.097,0.36999999999999944,0.091
0.29245,0.070643,4.749999999999999,0.36999999999999944,0.097,0.36999999999999944,0.091
0.29250000000000004,0.0696005,4.7,0.36999999999999944,0.097,0.36999999999999944,0.091
0.29255000000000003,0.068631,4.65,0.36999999999999944,0.097,0.36999999999999944,0.091
0.2926,0.06769399999999999,4.599999999999999,0.36999999999999944,0.096,0.36999999999999944,0.091
0.29265,0.0667705,4.549999999999999,0.36999999999999944,0.096,0.36999999999999944,0.09000000000000001
0.2927,0.0659005,4.499999999999999,0.36999999999999944,0.096,0.36999999999999944,0.09000000000000001
0.29275,0.06498899999999999,4.5,0.35999999999999965,0.095,0.35999999999999965,0.09000000000000001
0.2928,0.0640275,4.45,0.35999999999999965,0.095,0.35999999999999965,0.09000000000000001
0.29285,0.0629685,4.4,0.34999999999999987,0.095,0.34999999999999987,0.089
0.2929,0.061683499999999995,4.299999999999999,0.3900000000000008,0.095,0.3900000000000008,0.082
0.29295,0.0597015,4.1,0.42999999999999994,0.094,0.42999999999999994,0.089
0.29300000000000004,0.0575045,3.8999999999999995,0.42999999999999994,0.094,0.42999999999999994,0.093
0.29305000000000003,0.0554365,3.749999999999999,0.4399999999999997,0.093,0.4399999999999997,0.093
0.2931,0.053550999999999994,3.55,0.4399999999999997,0.093,0.4399999999999997,0.093
0.29315,0.051993,3.3999999999999995,0.42999999999999994,0.096,0.42999999999999994,0.096
0.2932,0.0508445,3.2,0.42999999999999994,0.101,0.42999999999999994,0.101
0.29325,0.050180499999999996,3.0,0.42999999999999994,0.106,0.42999999999999994,0.106
0.2933,0.050197,2.8000000000000007,0.42999999999999994,0.10900000000000001,0.42999999999999994,0.10900000000000001
0.29335,0.0508485,2.6500000000000004,0.42999999999999994,0.11299999999999999,0.42999999999999994,0.112
0.2934,0.052315,2.450000000000001,0.42999999999999994,0.115,0.42999999999999994,0.114
0.29345,0.0547145,2.3000000000000007,0.4199999999999984,0.118,0.4199999999999984,0.115
0.29350000000000004,0.058187499999999996,2.1500000000000004,0.4199999999999984,0.12000000000000001,0.4199999999999984,0.115
0.29355000000000003,0.062455,2.250000000000001,0.4199999999999984,0.121,0.4199999999999984,0.114
0.2936,0.0667345,2.3500000000000005,0.4199999999999984,0.12300000000000001,0.4199999999999984,0.11299999999999999
0.29365,0.0709315,2.500000000000001,0.4199999999999984,0.124,0.4099999999999986,0.11299999999999999
0.2937,0.0751285,2.5999999999999996,0.4199999999999984,0.125,0.4099999999999986,0.111
0.29375,0.0791605,2.75,0.4199999999999984,0.125,0.3999999999999988,0.11
0.2938,0.0830505,2.8999999999999995,0.4099999999999986,0.126,0.3999999999999988,0.10900000000000001
0.29385,0.0867815,3.05,0.4099999999999986,0.126,0.3999999999999988,0.108
0.2939,0.090344,3.1999999999999993,0.4099999999999986,0.126,0.3900000000000008,0.107
0.29395,0.09368449999999999,3.3499999999999996,0.4099999999999986,0.126,0.3900000000000008,0.106
0.29400000000000004,0.0967965,3.45,0.4099999999999986,0.125,0.3900000000000008,0.106
0.29405000000000003,0.09975049999999999,3.6000000000000005,0.4099999999999986,0.125,0.3900000000000008,0.10500000000000001
0.29410000000000003,0.1025485,3.750000000000001,0.3999999999999988,0.124,0.3900000000000008,0.104
0.29415,0.1050835,3.9000000000000004,0.3999999999999988,0.12300000000000001,0.3900000000000008,0.103
0.2942,0.1073645,4.050000000000001,0.3999999999999988,0.122,0.3900000000000008,0.102
0.29425,0.109274,4.200000000000001,0.3999999999999988,0.121,0.3900000000000008,0.102
0.2943,0.11111599999999999,4.300000000000001,0.3900000000000008,0.11900000000000001,0.3799999999999992,0.101
0.29435,0.112679,4.45,0.3900000000000008,0.118,0.3799999999999992,0.101
0.2944,0.11395749999999999,4.6000000000000005,0.3900000000000008,0.116,0.3799999999999992,0.1
0.29445,0.1148985,4.75,0.3799999999999992,0.115,0.3799999999999992,0.1
0.29450000000000004,0.115671,4.85,0.3799999999999992,0.11299999999999999,0.3799999999999992,0.09899999999999999
0.29455000000000003,0.11611049999999999,5.0,0.3799999999999992,0.112,0.3799999999999992,0.09899999999999999
0.29460000000000003,0.116154,5.1499999999999995,0.3799999999999992,0.111,0.3799999999999992,0.098
0.29465,0.116008,5.3,0.3799999999999992,0.11,0.3799999999999992,0.098
0.2947,0.115575,5.399999999999999,0.3799999999999992,0.10900000000000001,0.3799999999999992,0.097
0.29475,0.1149815,5.549999999999999,0.3799999999999992,0.108,0.3799999999999992,0.097
0.2948,0.1138795,5.6499999999999995,0.3799999999999992,0.107,0.3799999999999992,0.096
0.29485,0.112413,5.75,0.3799999999999992,0.106,0.3799999999999992,0.096
0.2949,0.110843,5.8500000000000005,0.3799999999999992,0.106,0.3799999999999992,0.096
0.29495,0.108803,6.000000000000001,0.3799999999999992,0.10500000000000001,0.3799999999999992,0.095
0.29500000000000004,0.1065995,6.1000000000000005,0.36999999999999944,0.104,0.36999999999999944,0.095
0.29505000000000003,0.104076,6.2,0.36999999999999944,0.104,0.36999999999999944,0.095
0.29510000000000003,0.101253,6.299999999999999,0.36999999999999944,0.103,0.36999999999999944,0.094
0.29515,0.098226,6.349999999999999,0.36999999999999944,0.103,0.36999999999999944,0.094
0.2952,0.0950275,6.349999999999999,0.36999999999999944,0.102,0.36999999999999944,0.094
0.29525,0.09174299999999999,6.3,0.36999999999999944,0.102,0.36999999999999944,0.094
0.2953,0.088559,6.15,0.36999999999999944,0.101,0.36999999999999944,0.093
0.29535,0.08572149999999999,5.8999999999999995,0.36999999999999944,0.101,0.36999999999999944,0.093
0.2954,0.0832745,5.6499999999999995,0.36999999999999944,0.1,0.36999999999999944,0.093
0.29545,0.0811445,5.449999999999999,0.36999999999999944,0.1,0.36999999999999944,0.093
0.29550000000000004,0.079265,5.3,0.36999999999999944,0.09899999999999999,0.36999999999999944,0.092
0.29555000000000003,0.077567,5.2,0.36999999999999944,0.09899999999999999,0.36999999999999944,0.092
0.29560000000000003,0.076012,5.1000000000000005,0.36999999999999944,0.09899999999999999,0.36999999999999944,0.092
0.29565,0.074614,4.999999999999999,0.36999999999999944,0.098,0.36999999999999944,0.092
0.2957,0.07331599999999999,4.95,0.36999999999999944,0.098,0.36999999999999944,0.092
0.29575,0.072104,4.8500000000000005,0.36999999999999944,0.098,0.36999999999999944,0.091
0.2958,0.07099899999999999,4.8,0.36999999999999944,0.097,0.36999999999999944,0.091
0.29585,0.06995549999999999,4.75,0.36999999999999944,0.097,0.36999999999999944,0.091
0.2959,0.06894499999999999,4.6499999999999995,0.36999999999999944,0.097,0.36999999999999944,0.091
0.29595,0.06798749999999999,4.6,0.36999999999999944,0.096,0.36999999999999944,0.091
0.29600000000000004,0.067074,4.6000000000000005,0.36999999999999944,0.096,0.36999999999999944,0.09000000000000001
0.29605000000000004,0.0662075,4.55,0.36999999999999944,0.096,0.36999999999999944,0.09000000000000001
0.29610000000000003,0.0652905,4.5,0.35999999999999965,0.096,0.35999999999999965,0.09000000000000001
0.29615,0.064353,4.449999999999999,0.35999999999999965,0.095,0.35999999999999965,0.09000000000000001
0.2962,0.063349,4.3999999999999995,0.35999999999999965,0.095,0.35999999999999965,0.09000000000000001
0.29625,0.062167999999999994,4.4,0.36000000000000143,0.095,1.4,0.093
0.2963,0.0604115,4.2,0.42999999999999816,0.094,0.42999999999999816,0.087
0.29635,0.058228999999999996,3.9499999999999997,0.42999999999999816,0.094,0.42999999999999816,0.092
0.2964,0.0561105,3.8,0.42999999999999816,0.094,0.42999999999999816,0.093
0.29645,0.0541505,3.5999999999999996,0.4399999999999997,0.093,0.4399999999999997,0.093
0.29650000000000004,0.0524515,3.4499999999999997,0.42999999999999994,0.094,0.42999999999999994,0.094
0.29655000000000004,0.0511835,3.25,0.42999999999999994,0.1,0.42999999999999994,0.1
0.29660000000000003,0.050335,3.0999999999999996,0.42999999999999994,0.104,0.42999999999999994,0.104
0.29665,0.0501195,2.8499999999999996,0.42999999999999994,0.108,0.42999999999999994,0.108
0.2967,0.050565,2.6999999999999997,0.42999999999999994,0.112,0.42999999999999994,0.111
0.29675,0.051733999999999995,2.5499999999999994,0.42999999999999994,0.114,0.42999999999999994,0.114
0.2968,0.053815999999999996,2.3499999999999996,0.42000000000000015,0.117,0.42000000000000015,0.115
0.29685,0.0569065,2.1999999999999997,0.42000000000000015,0.11900000000000001,0.42000000000000015,0.115
0.2969,0.0610065,2.1999999999999997,0.42000000000000015,0.121,0.42000000000000015,0.114
0.29695,0.065313,2.3,0.42000000000000015,0.122,0.42000000000000015,0.114
0.29700000000000004,0.0695495,2.4499999999999997,0.42000000000000015,0.124,0.41000000000000036,0.11299999999999999
0.29705000000000004,0.0737405,2.55,0.42000000000000015,0.124,0.41000000000000036,0.112
0.29710000000000003,0.077842,2.6999999999999997,0.42000000000000015,0.125,0.41000000000000036,0.111
0.29715,0.0817605,2.8499999999999996,0.42000000000000015,0.126,0.4000000000000006,0.11
0.2972,0.085561,2.9999999999999996,0.41000000000000036,0.126,0.4000000000000006,0.10900000000000001
0.29725,0.08919149999999999,3.15,0.41000000000000036,0.126,0.4000000000000006,0.108
0.2973,0.09261,3.3,0.41000000000000036,0.126,0.3900000000000008,0.107
0.29735,0.0957745,3.4499999999999997,0.41000000000000036,0.125,0.3900000000000008,0.106
0.2974,0.098769,3.5500000000000003,0.41000000000000036,0.125,0.3900000000000008,0.10500000000000001
0.29745,0.10163799999999999,3.7,0.4000000000000006,0.124,0.3900000000000008,0.104
0.2975,0.104296,3.85,0.4000000000000006,0.12300000000000001,0.3900000000000008,0.103
0.29755000000000004,0.10664399999999999,4.0,0.4000000000000006,0.122,0.3900000000000008,0.103
0.29760000000000003,0.1086795,4.15,0.4000000000000006,0.121,0.3900000000000008,0.102
0.29765,0.1105245,4.25,0.3900000000000008,0.12000000000000001,0.380000000000001,0.101
0.2977,0.112207,4.4,0.3900000000000008,0.118,0.380000000000001,0.101
0.29775,0.11356799999999999,4.55,0.3900000000000008,0.117,0.380000000000001,0.1
0.2978,0.11459449999999999,4.7,0.3900000000000008,0.115,0.380000000000001,0.1
0.29785,0.1154325,4.799999999999999,0.380000000000001,0.114,0.380000000000001,0.09899999999999999
0.2979,0.11599999999999999,4.949999999999999,0.380000000000001,0.11299999999999999,0.380000000000001,0.09899999999999999
0.29795,0.1161305,5.1,0.380000000000001,0.111,0.380000000000001,0.098
0.298,0.11608299999999999,5.249999999999999,0.380000000000001,0.11,0.380000000000001,0.098
0.29805000000000004,0.115755,5.35,0.380000000000001,0.10900000000000001,0.380000000000001,0.097
0.29810000000000003,0.11521949999999999,5.499999999999999,0.380000000000001,0.108,0.380000000000001,0.097
0.29815,0.1143125,5.6499999999999995,0.380000000000001,0.108,0.380000000000001,0.097
0.2982,0.11284849999999999,5.699999999999999,0.380000000000001,0.107,0.380000000000001,0.096
0.29825,0.1114155,5.85,0.380000000000001,0.106,0.380000000000001,0.096
0.2983,0.1094665,5.95,0.380000000000001,0.10500000000000001,0.380000000000001,0.096
0.29835,0.1074005,6.05,0.3700000000000012,0.10500000000000001,0.3700000000000012,0.095
0.2984,0.104943,6.1499999999999995,0.3700000000000012,0.104,0.3700000000000012,0.095
0.29845,0.10223199999999999,6.249999999999999,0.3700000000000012,0.103,0.3700000000000012,0.095
0.2985,0.099261,6.3,0.3700000000000012,0.103,0.3700000000000012,0.094
0.29855000000000004,0.096111,6.349999999999999,0.3700000000000012,0.102,0.3700000000000012,0.094
0.29860000000000003,0.0928355,6.3500000000000005,0.3700000000000012,0.102,0.3700000000000012,0.094
0.29865,0.0896005,6.2,0.3700000000000012,0.101,0.3700000000000012,0.093
0.2987,0.0866305,5.95,0.3700000000000012,0.101,0.3700000000000012,0.093
0.29875,0.084051,5.7,0.3700000000000012,0.1,0.3700000000000012,0.093
0.2988,0.081837,5.55,0.3700000000000012,0.1,0.3700000000000012,0.093
0.29885,0.0798715,5.349999999999999,0.3700000000000012,0.1,0.3700000000000012,0.093
0.2989,0.078099,5.25,0.3700000000000012,0.09899999999999999,0.3700000000000012,0.092
0.29895,0.0765145,5.149999999999998,0.3700000000000012,0.09899999999999999,0.3700000000000012,0.092
0.299,0.0750515,5.050000000000001,0.3700000000000012,0.098,0.3700000000000012,0.092
0.29905000000000004,0.0737295,4.949999999999998,0.3700000000000012,0.098,0.3700000000000012,0.092
0.29910000000000003,0.07249499999999999,4.8999999999999995,0.3700000000000012,0.098,0.3700000000000012,0.091
0.29915,0.0713475,4.8,0.3700000000000012,0.097,0.3700000000000012,0.091
0.2992,0.070297,4.75,0.3700000000000012,0.097,0.3700000000000012,0.091
0.29925,0.069261,4.7,0.3700000000000012,0.097,0.3700000000000012,0.091
0.2993,0.068304,4.6499999999999995,0.3700000000000012,0.096,0.3700000000000012,0.091
0.29935,0.067393,4.600000000000001,0.3700000000000012,0.096,0.3700000000000012,0.091
0.2994,0.066495,4.55,0.3700000000000012,0.096,0.3700000000000012,0.09000000000000001
0.29945,0.0655915,4.5,0.36000000000000143,0.096,0.36000000000000143,0.09000000000000001
0.2995,0.064678,4.449999999999998,0.36000000000000143,0.095,0.36000000000000143,0.09000000000000001
0.29955000000000004,0.0636835,4.450000000000001,0.36000000000000143,0.095,0.36000000000000143,0.09000000000000001
0.29960000000000003,0.062607,4.3999999999999995,0.3399999999999983,0.095,1.349999999999999,0.093
0.29965,0.0611035,4.249999999999998,0.4099999999999986,0.095,0.4099999999999986,0.085
0.2997,0.058969499999999994,4.049999999999999,0.42999999999999994,0.094,0.42999999999999994,0.091
0.29975,0.056795,3.8499999999999996,0.42999999999999994,0.094,0.42999999999999994,0.093
0.2998,0.054782,3.6499999999999995,0.4399999999999997,0.093,0.4399999999999997,0.093
0.29985,0.0529865,3.5,0.4399999999999997,0.093,0.4399999999999997,0.093
0.2999,0.0515565,3.299999999999999,0.42999999999999994,0.098,0.42999999999999994,0.098
0.29995,0.050561999999999996,3.1499999999999995,0.42999999999999994,0.103,0.42999999999999994,0.103
0.3,0.050110999999999996,2.95,0.42999999999999994,0.107,0.42999999999999994,0.107
0.30005000000000004,0.050338499999999994,2.750000000000001,0.42999999999999994,0.11,0.42999999999999994,0.11
0.30010000000000003,0.051248499999999995,2.6000000000000005,0.42999999999999994,0.114,0.42999999999999994,0.11299999999999999
0.30015000000000003,0.053009,2.4000000000000004,0.42999999999999994,0.116,0.42999999999999994,0.114
0.3002,0.055749,2.250000000000001,0.42000000000000015,0.118,0.42000000000000015,0.115
0.30025,0.059586999999999994,2.1500000000000004,0.42000000000000015,0.12000000000000001,0.42000000000000015,0.115
0.3003,0.06387949999999999,2.3000000000000007,0.42000000000000015,0.122,0.42000000000000015,0.114
0.30035,0.068156,2.4000000000000004,0.42000000000000015,0.12300000000000001,0.41000000000000036,0.11299999999999999
0.3004,0.072338,2.499999999999999,0.42000000000000015,0.124,0.41000000000000036,0.112
0.30045,0.076501,2.6499999999999995,0.42000000000000015,0.125,0.41000000000000036,0.111
0.3005,0.08047449999999999,2.8,0.42000000000000015,0.125,0.4000000000000006,0.11
0.30055000000000004,0.08431849999999999,2.9499999999999993,0.41000000000000036,0.126,0.4000000000000006,0.10900000000000001
0.30060000000000003,0.08799549999999999,3.1000000000000005,0.41000000000000036,0.126,0.4000000000000006,0.108
0.30065000000000003,0.0914825,3.25,0.41000000000000036,0.126,0.3900000000000008,0.107
0.3007,0.094735,3.4000000000000004,0.41000000000000036,0.125,0.3900000000000008,0.106
0.30075,0.09779399999999999,3.500000000000001,0.41000000000000036,0.125,0.3900000000000008,0.10500000000000001
0.3008,0.1007145,3.6500000000000012,0.4000000000000006,0.124,0.3900000000000008,0.104
0.30085,0.1034205,3.8000000000000007,0.4000000000000006,0.124,0.3900000000000008,0.104
0.3009,0.105876,3.950000000000001,0.4000000000000006,0.12300000000000001,0.3900000000000008,0.103
0.30095,0.10804949999999999,4.100000000000001,0.4000000000000006,0.121,0.3900000000000008,0.102
0.301,0.1098715,4.2,0.3900000000000008,0.12000000000000001,0.380000000000001,0.102
0.30105000000000004,0.11168299999999999,4.3500000000000005,0.3900000000000008,0.11900000000000001,0.380000000000001,0.101
0.30110000000000003,0.1131465,4.5,0.3900000000000008,0.117,0.380000000000001,0.1
0.30115000000000003,0.114311,4.65,0.3900000000000008,0.116,0.380000000000001,0.1
0.3012,0.1152005,4.8,0.380000000000001,0.114,0.380000000000001,0.09899999999999999
0.30125,0.1158845,4.8999999999999995,0.380000000000001,0.11299999999999999,0.380000000000001,0.09899999999999999
0.3013,0.116133,5.049999999999999,0.380000000000001,0.112,0.380000000000001,0.098
0.30135,0.11612399999999999,5.199999999999999,0.380000000000001,0.111,0.380000000000001,0.098
0.3014,0.11589949999999999,5.299999999999999,0.380000000000001,0.11,0.380000000000001,0.097
0.30145,0.115385,5.449999999999998,0.380000000000001,0.10900000000000001,0.380000000000001,0.097
0.3015,0.1146875,5.599999999999999,0.380000000000001,0.108,0.380000000000001,0.097
0.30155000000000004,0.113298,5.6499999999999995,0.380000000000001,0.107,0.380000000000001,0.096
0.30160000000000003,0.11194799999999999,5.8,0.380000000000001,0.106,0.380000000000001,0.096
0.30165000000000003,0.110173,5.900000000000001,0.380000000000001,0.106,0.380000000000001,0.096
0.3017,0.1081205,6.0,0.380000000000001,0.10500000000000001,0.380000000000001,0.095
0.30175,0.105762,6.1499999999999995,0.36999999999999944,0.104,0.36999999999999944,0.095
0.3018,0.10316349999999999,6.199999999999998,0.36999999999999944,0.104,0.36999999999999944,0.095
0.30185,0.100272,6.3,0.36999999999999944,0.103,0.36999999999999944,0.094
0.3019,0.0971935,6.3500000000000005,0.36999999999999944,0.102,0.36999999999999944,0.094
0.30195,0.09393349999999999,6.3500000000000005,0.36999999999999944,0.102,0.36999999999999944,0.094
0.302,0.09066149999999999,6.25,0.36999999999999944,0.101,0.36999999999999944,0.094
0.30205000000000004,0.0875635,6.05,0.36999999999999944,0.101,0.36999999999999944,0.093
0.30210000000000004,0.0848485,5.8,0.36999999999999944,0.1,0.36999999999999944,0.093
0.30215000000000003,0.082521,5.6000000000000005,0.36999999999999944,0.1,0.36999999999999944,0.093
0.3022,0.080491,5.4,0.36999999999999944,0.1,0.36999999999999944,0.093
0.30225,0.0786635,5.3,0.36999999999999944,0.09899999999999999,0.36999999999999944,0.092
0.3023,0.077046,5.1499999999999995,0.36999999999999944,0.09899999999999999,0.36999999999999944,0.092
0.30235,0.0755305,5.05,0.36999999999999944,0.09899999999999999,0.36999999999999944,0.092
0.3024,0.074154,5.000000000000001,0.36999999999999944,0.098,0.36999999999999944,0.092
0.30245,0.072905,4.8999999999999995,0.36999999999999944,0.098,0.36999999999999944,0.092
0.3025,0.071717,4.8500000000000005,0.36999999999999944,0.097,0.36999999999999944,0.091
0.30255000000000004,0.070643,4.750000000000001,0.36999999999999944,0.097,0.36999999999999944,0.091
0.30260000000000004,0.069601,4.699999999999999,0.36999999999999944,0.097,0.36999999999999944,0.091
0.30265000000000003,0.068631,4.65,0.36999999999999944,0.097,0.36999999999999944,0.091
0.3027,0.06769399999999999,4.6,0.36999999999999944,0.096,0.36999999999999944,0.091
0.30275,0.0667705,4.55,0.36999999999999944,0.096,0.36999999999999944,0.09000000000000001
0.3028,0.065901,4.5,0.36999999999999944,0.096,0.36999999999999944,0.09000000000000001
0.30285,0.06498899999999999,4.5,0.35999999999999965,0.095,0.35999999999999965,0.09000000000000001
0.3029,0.0640275,4.45,0.35999999999999965,0.095,0.35999999999999965,0.09000000000000001
0.30295,0.0629685,4.3999999999999995,0.34999999999999987,0.095,0.34999999999999987,0.089
0.303,0.061683499999999995,4.300000000000001,0.389999999999999,0.095,0.389999999999999,0.082
0.30305000000000004,0.0597015,4.1,0.42999999999999994,0.094,0.42999999999999994,0.089
0.30310000000000004,0.0575045,3.9,0.42999999999999994,0.094,0.42999999999999994,0.093
0.30315000000000003,0.0554365,3.75,0.4399999999999997,0.093,0.4399999999999997,0.093
0.3032,0.053550999999999994,3.55,0.4399999999999997,0.093,0.4399999999999997,0.093
0.30325,0.051993,3.4,0.42999999999999994,0.096,0.42999999999999994,0.096
0.3033,0.0508445,3.2,0.42999999999999994,0.101,0.42999999999999994,0.101
0.30335,0.050180499999999996,2.9999999999999996,0.42999999999999994,0.106,0.42999999999999994,0.106
0.3034,0.050197,2.8,0.42999999999999994,0.10900000000000001,0.42999999999999994,0.10900000000000001
0.30345,0.050849,2.65,0.42999999999999994,0.11299999999999999,0.42999999999999994,0.112
0.3035,0.052315,2.4499999999999997,0.42999999999999994,0.115,0.42999999999999994,0.114
0.30355000000000004,0.0547145,2.3,0.42000000000000015,0.118,0.42000000000000015,0.115
0.30360000000000004,0.058187499999999996,2.15,0.42000000000000015,0.12000000000000001,0.42000000000000015,0.115
0.30365000000000003,0.062455,2.2499999999999996,0.42000000000000015,0.121,0.42000000000000015,0.114
0.3037,0.0667345,2.3499999999999996,0.42000000000000015,0.12300000000000001,0.42000000000000015,0.11299999999999999
0.30375,0.0709315,2.4999999999999996,0.42000000000000015,0.124,0.41000000000000036,0.11299999999999999
0.3038,0.0751285,2.6,0.42000000000000015,0.125,0.41000000000000036,0.111
0.30385,0.0791605,2.75,0.42000000000000015,0.125,0.4000000000000006,0.11
0.3039,0.0830505,2.9,0.41000000000000036,0.126,0.4000000000000006,0.10900000000000001
0.30395,0.0867815,3.05,0.41000000000000036,0.126,0.4000000000000006,0.108
0.304,0.090344,3.1999999999999997,0.41000000000000036,0.126,0.3900000000000008,0.107
0.30405,0.09368449999999999,3.3499999999999996,0.41000000000000036,0.126,0.3900000000000008,0.106
0.30410000000000004,0.0967965,3.4499999999999997,0.41000000000000036,0.125,0.3900000000000008,0.106
0.30415000000000003,0.09975049999999999,3.6,0.41000000000000036,0.125,0.3900000000000008,0.10500000000000001
0.3042,0.1025485,3.75,0.4000000000000006,0.124,0.3900000000000008,0.104
0.30425,0.1050835,3.9,0.4000000000000006,0.12300000000000001,0.3900000000000008,0.103
0.3043,0.1073645,4.05,0.4000000000000006,0.122,0.3900000000000008,0.102
0.30435,0.109274,4.2,0.4000000000000006,0.121,0.3900000000000008,0.102
0.3044,0.11111599999999999,4.3,0.3900000000000008,0.11900000000000001,0.3799999999999992,0.101
0.30445,0.112679,4.45,0.3900000000000008,0.118,0.3799999999999992,0.101
0.3045,0.11395749999999999,4.6,0.3900000000000008,0.116,0.3799999999999992,0.1
0.30455,0.1148985,4.75,0.3799999999999992,0.115,0.3799999999999992,0.1
0.30460000000000004,0.115671,4.85,0.3799999999999992,0.11299999999999999,0.3799999999999992,0.09899999999999999
0.30465000000000003,0.11611049999999999,5.0,0.3799999999999992,0.112,0.3799999999999992,0.09899999999999999
0.3047,0.116154,5.1499999999999995,0.3799999999999992,0.111,0.3799999999999992,0.098
0.30475,0.116008,5.3,0.3799999999999992,0.11,0.3799999999999992,0.098
0.3048,0.1155755,5.3999999999999995,0.3799999999999992,0.10900000000000001,0.3799999999999992,0.097
0.30485,0.1149815,5.55,0.3799999999999992,0.108,0.3799999999999992,0.097
0.3049,0.1138795,5.65,0.3799999999999992,0.107,0.3799999999999992,0.096
0.30495,0.112413,5.75,0.3799999999999992,0.106,0.3799999999999992,0.096
0.305,0.110843,5.8500000000000005,0.3799999999999992,0.106,0.3799999999999992,0.096
0.30505,0.108803,6.0,0.3799999999999992,0.10500000000000001,0.3799999999999992,0.095
0.30510000000000004,0.1065995,6.1000000000000005,0.36999999999999944,0.104,0.36999999999999944,0.095
0.30515000000000003,0.104076,6.2,0.36999999999999944,0.104,0.36999999999999944,0.095
0.3052,0.101253,6.3,0.36999999999999944,0.103,0.36999999999999944,0.094
0.30525,0.098226,6.3500000000000005,0.36999999999999944,0.103,0.36999999999999944,0.094
0.3053,0.0950275,6.35,0.36999999999999944,0.102,0.36999999999999944,0.094
0.30535,0.09174299999999999,6.3,0.36999999999999944,0.102,0.36999999999999944,0.094
0.3054,0.088559,6.1499999999999995,0.36999999999999944,0.101,0.36999999999999944,0.093
0.30545,0.08572149999999999,5.8999999999999995,0.36999999999999944,0.101,0.36999999999999944,0.093
0.3055,0.0832745,5.6499999999999995,0.36999999999999944,0.1,0.36999999999999944,0.093
0.30555,0.081145,5.45,0.36999999999999944,0.1,0.36999999999999944,0.093
0.30560000000000004,0.079265,5.3,0.36999999999999944,0.09899999999999999,0.36999999999999944,0.092
0.30565000000000003,0.077567,5.2,0.36999999999999944,0.09899999999999999,0.36999999999999944,0.092
0.3057,0.076012,5.1000000000000005,0.36999999999999944,0.09899999999999999,0.36999999999999944,0.092
0.30575,0.074614,4.999999999999999,0.36999999999999944,0.098,0.36999999999999944,0.092
0.3058,0.07331599999999999,4.95,0.36999999999999944,0.098,0.36999999999999944,0.092
0.30585,0.0721045,4.8500000000000005,0.36999999999999944,0.098,0.36999999999999944,0.091
0.3059,0.07099899999999999,4.800000000000001,0.36999999999999944,0.097,0.36999999999999944,0.091
0.30595,0.06995549999999999,4.749999999999999,0.36999999999999944,0.097,0.36999999999999944,0.091
0.306,0.06894499999999999,4.6499999999999995,0.36999999999999944,0.097,0.36999999999999944,0.091
0.30605,0.06798749999999999,4.6,0.36999999999999944,0.096,0.36999999999999944,0.091
0.30610000000000004,0.067074,4.6,0.36999999999999944,0.096,0.36999999999999944,0.09000000000000001
0.30615000000000003,0.066208,4.549999999999999,0.36999999999999944,0.096,0.36999999999999944,0.09000000000000001
0.3062,0.0652905,4.500000000000001,0.35999999999999965,0.096,0.35999999999999965,0.09000000000000001
0.30625,0.0643535,4.449999999999999,0.35999999999999965,0.095,0.35999999999999965,0.09000000000000001
0.3063,0.063349,4.4,0.35999999999999965,0.095,0.35999999999999965,0.09000000000000001
0.30635,0.062167999999999994,4.399999999999999,0.36000000000000143,0.095,1.399999999999998,0.093
0.3064,0.0604115,4.199999999999998,0.42999999999999994,0.094,0.42999999999999994,0.087
0.30645,0.058228999999999996,3.9499999999999993,0.42999999999999994,0.094,0.42999999999999994,0.092
0.3065,0.0561105,3.8,0.42999999999999994,0.094,0.42999999999999994,0.093
0.30655,0.0541505,3.5999999999999988,0.4399999999999997,0.093,0.4399999999999997,0.093
0.30660000000000004,0.0524515,3.4499999999999993,0.42999999999999994,0.094,0.42999999999999994,0.094
0.30665000000000003,0.0511835,3.25,0.42999999999999994,0.1,0.42999999999999994,0.1
0.30670000000000003,0.050335,3.0999999999999996,0.42999999999999994,0.104,0.42999999999999994,0.104
0.30675,0.0501195,2.8500000000000005,0.42999999999999994,0.108,0.42999999999999994,0.108
0.3068,0.050565,2.7,0.42999999999999994,0.112,0.42999999999999994,0.111
0.30685,0.051733999999999995,2.55,0.42999999999999994,0.114,0.42999999999999994,0.114
0.3069,0.053815999999999996,2.3500000000000005,0.42000000000000015,0.117,0.42000000000000015,0.115
0.30695,0.0569065,2.2,0.42000000000000015,0.11900000000000001,0.42000000000000015,0.115
0.307,0.0610065,2.2,0.42000000000000015,0.121,0.42000000000000015,0.114
0.30705,0.065313,2.3000000000000007,0.42000000000000015,0.122,0.42000000000000015,0.114
0.30710000000000004,0.0695495,2.450000000000001,0.42000000000000015,0.124,0.41000000000000036,0.11299999999999999
0.30715000000000003,0.0737405,2.55,0.42000000000000015,0.124,0.41000000000000036,0.112
0.30720000000000003,0.077842,2.7,0.42000000000000015,0.125,0.41000000000000036,0.111
0.30725,0.0817605,2.8499999999999996,0.42000000000000015,0.126,0.3999999999999988,0.11
0.3073,0.085561,3.0,0.41000000000000036,0.126,0.3999999999999988,0.10900000000000001
0.30735,0.08919149999999999,3.1500000000000004,0.41000000000000036,0.126,0.3999999999999988,0.108
0.3074,0.09261,3.3,0.41000000000000036,0.126,0.389999999999999,0.107
0.30745,0.0957745,3.45,0.41000000000000036,0.125,0.389999999999999,0.106
0.3075,0.098769,3.5500000000000007,0.41000000000000036,0.125,0.389999999999999,0.10500000000000001
0.30755,0.10163799999999999,3.700000000000001,0.3999999999999988,0.124,0.389999999999999,0.104
0.30760000000000004,0.104296,3.8500000000000005,0.3999999999999988,0.12300000000000001,0.389999999999999,0.103
0.30765000000000003,0.10664399999999999,4.000000000000001,0.3999999999999988,0.122,0.389999999999999,0.103
0.30770000000000003,0.1086795,4.15,0.3999999999999988,0.121,0.389999999999999,0.102
0.30775,0.1105245,4.25,0.389999999999999,0.12000000000000001,0.3799999999999992,0.101
0.3078,0.112207,4.4,0.389999999999999,0.118,0.3799999999999992,0.101
0.30785,0.11356799999999999,4.55,0.389999999999999,0.117,0.3799999999999992,0.1
0.3079,0.11459449999999999,4.7,0.389999999999999,0.115,0.3799999999999992,0.1
0.30795,0.1154325,4.799999999999999,0.3799999999999992,0.114,0.3799999999999992,0.09899999999999999
0.308,0.11599999999999999,4.949999999999999,0.3799999999999992,0.11299999999999999,0.3799999999999992,0.09899999999999999
0.30805,0.1161305,5.1,0.3799999999999992,0.111,0.3799999999999992,0.098
0.30810000000000004,0.11608349999999999,5.25,0.3799999999999992,0.11,0.3799999999999992,0.098
0.30815000000000003,0.115755,5.349999999999999,0.3799999999999992,0.10900000000000001,0.3799999999999992,0.097
0.30820000000000003,0.11521949999999999,5.499999999999999,0.3799999999999992,0.108,0.3799999999999992,0.097
0.30825,0.1143125,5.649999999999999,0.3799999999999992,0.108,0.3799999999999992,0.097
0.3083,0.11284849999999999,5.699999999999999,0.3799999999999992,0.107,0.3799999999999992,0.096
0.30835,0.1114155,5.85,0.3799999999999992,0.106,0.3799999999999992,0.096
0.3084,0.1094665,5.950000000000001,0.3799999999999992,0.10500000000000001,0.3799999999999992,0.096
0.30845,0.1074005,6.05,0.36999999999999944,0.10500000000000001,0.36999999999999944,0.095
0.3085,0.104943,6.1499999999999995,0.36999999999999944,0.104,0.36999999999999944,0.095
0.30855,0.10223199999999999,6.249999999999999,0.36999999999999944,0.103,0.36999999999999944,0.095
0.30860000000000004,0.099261,6.299999999999999,0.36999999999999944,0.103,0.36999999999999944,0.094
0.30865000000000004,0.096111,6.3500000000000005,0.36999999999999944,0.102,0.36999999999999944,0.094
0.30870000000000003,0.0928355,6.349999999999999,0.36999999999999944,0.102,0.36999999999999944,0.094
0.30875,0.0896005,6.2,0.36999999999999944,0.101,0.36999999999999944,0.093
0.3088,0.0866305,5.95,0.36999999999999944,0.101,0.36999999999999944,0.093
0.30885,0.084051,5.7,0.36999999999999944,0.1,0.36999999999999944,0.093
0.3089,0.081837,5.55,0.36999999999999944,0.1,0.36999999999999944,0.093
0.30895,0.0798715,5.3500000000000005,0.36999999999999944,0.1,0.36999999999999944,0.093
0.309,0.078099,5.25,0.36999999999999944,0.09899999999999999,0.36999999999999944,0.092
0.30905,0.0765145,5.1499999999999995,0.36999999999999944,0.09899999999999999,0.36999999999999944,0.092
0.30910000000000004,0.0750515,5.05,0.36999999999999944,0.098,0.36999999999999944,0.092
0.30915000000000004,0.0737295,4.95,0.36999999999999944,0.098,0.36999999999999944,0.092
0.30920000000000003,0.07249499999999999,4.8999999999999995,0.36999999999999944,0.098,0.36999999999999944,0.091
0.30925,0.0713475,4.8,0.36999999999999944,0.097,0.36999999999999944,0.091
0.3093,0.070297,4.749999999999999,0.36999999999999944,0.097,0.36999999999999944,0.091
0.30935,0.069261,4.699999999999999,0.36999999999999944,0.097,0.36999999999999944,0.091
0.3094,0.068304,4.65,0.36999999999999944,0.096,0.36999999999999944,0.091
0.30945,0.067393,4.6,0.36999999999999944,0.096,0.36999999999999944,0.091
0.3095,0.066495,4.55,0.36999999999999944,0.096,0.36999999999999944,0.09000000000000001
0.30955,0.0655915,4.5,0.3599999999999979,0.096,0.3599999999999979,0.09000000000000001
0.30960000000000004,0.064678,4.449999999999999,0.3599999999999979,0.095,0.3599999999999979,0.09000000000000001
0.30965000000000004,0.0636835,4.45,0.3599999999999979,0.095,0.3599999999999979,0.09000000000000001
0.30970000000000003,0.062607,4.3999999999999995,0.3400000000000001,0.095,1.35,0.093
0.30975,0.0611035,4.25,0.41000000000000036,0.095,0.41000000000000036,0.085
0.3098,0.058969499999999994,4.05,0.42999999999999994,0.094,0.42999999999999994,0.091
0.30985,0.056795,3.85,0.42999999999999994,0.094,0.42999999999999994,0.093
0.3099,0.054782,3.65,0.4399999999999997,0.093,0.4399999999999997,0.093
0.30995,0.0529865,3.5,0.4399999999999997,0.093,0.4399999999999997,0.093
0.31,0.0515565,3.3,0.42999999999999994,0.098,0.42999999999999994,0.098
0.31005,0.050561999999999996,3.15,0.42999999999999994,0.103,0.42999999999999994,0.103
0.31010000000000004,0.050110999999999996,2.9499999999999997,0.42999999999999994,0.107,0.42999999999999994,0.107
0.31015000000000004,0.050338499999999994,2.7499999999999996,0.42999999999999994,0.11,0.42999999999999994,0.11
0.31020000000000003,0.051248499999999995,2.5999999999999996,0.42999999999999994,0.114,0.42999999999999994,0.11299999999999999
0.31025,0.053009,2.3999999999999995,0.42999999999999994,0.116,0.42999999999999994,0.114
0.3103,0.055749,2.2499999999999996,0.42000000000000015,0.118,0.42000000000000015,0.115
0.31035,0.059586999999999994,2.15,0.42000000000000015,0.12000000000000001,0.42000000000000015,0.115
0.3104,0.06387949999999999,2.3,0.42000000000000015,0.122,0.42000000000000015,0.114
0.31045,0.068156,2.3999999999999995,0.42000000000000015,0.12300000000000001,0.4099999999999986,0.11299999999999999
0.3105,0.072338,2.4999999999999996,0.42000000000000015,0.124,0.4099999999999986,0.112
0.31055,0.076501,2.65,0.42000000000000015,0.125,0.4099999999999986,0.111
0.3106,0.08047449999999999,2.8,0.42000000000000015,0.125,0.3999999999999988,0.11
0.31065000000000004,0.08431849999999999,2.9499999999999997,0.4099999999999986,0.126,0.3999999999999988,0.10900000000000001
0.31070000000000003,0.08799549999999999,3.1,0.4099999999999986,0.126,0.3999999999999988,0.108
0.31075,0.0914825,3.25,0.4099999999999986,0.126,0.389999999999999,0.107
0.3108,0.094735,3.4,0.4099999999999986,0.125,0.389999999999999,0.106
0.31085,0.09779399999999999,3.5,0.4099999999999986,0.125,0.389999999999999,0.10500000000000001
0.3109,0.1007145,3.65,0.3999999999999988,0.124,0.389999999999999,0.104
0.31095,0.1034205,3.8,0.3999999999999988,0.124,0.389999999999999,0.104
0.311,0.105876,3.95,0.3999999999999988,0.12300000000000001,0.389999999999999,0.103
0.31105,0.10804949999999999,4.1000000000000005,0.3999999999999988,0.121,0.389999999999999,0.102
0.3111,0.1098715,4.2,0.389999999999999,0.12000000000000001,0.3799999999999992,0.102
0.31115000000000004,0.11168299999999999,4.3500000000000005,0.389999999999999,0.11900000000000001,0.3799999999999992,0.101
0.31120000000000003,0.1131465,4.5,0.389999999999999,0.117,0.3799999999999992,0.1
0.31125,0.114311,4.65,0.389999999999999,0.116,0.3799999999999992,0.1
0.3113,0.1152005,4.800000000000001,0.3799999999999992,0.114,0.3799999999999992,0.09899999999999999
0.31135,0.1158845,4.8999999999999995,0.3799999999999992,0.11299999999999999,0.3799999999999992,0.09899999999999999
0.3114,0.116133,5.05,0.3799999999999992,0.112,0.3799999999999992,0.098
0.31145,0.11612399999999999,5.199999999999999,0.3799999999999992,0.111,0.3799999999999992,0.098
0.3115,0.11589949999999999,5.3,0.3799999999999992,0.11,0.3799999999999992,0.097
0.31155,0.115385,5.449999999999999,0.3799999999999992,0.10900000000000001,0.3799999999999992,0.097
0.3116,0.1146875,5.6,0.3799999999999992,0.108,0.3799999999999992,0.097
0.31165000000000004,0.113298,5.65,0.3799999999999992,0.107,0.3799999999999992,0.096
0.31170000000000003,0.11194799999999999,5.8,0.3799999999999992,0.106,0.3799999999999992,0.096
0.31175,0.110173,5.9,0.3799999999999992,0.106,0.3799999999999992,0.096
0.3118,0.1081205,6.0,0.3799999999999992,0.10500000000000001,0.3799999999999992,0.095
0.31185,0.105762,6.15,0.36999999999999944,0.104,0.36999999999999944,0.095
0.3119,0.10316349999999999,6.199999999999999,0.36999999999999944,0.104,0.36999999999999944,0.095
0.31195,0.100272,6.3,0.36999999999999944,0.103,0.36999999999999944,0.094
0.312,0.0971935,6.35,0.36999999999999944,0.102,0.36999999999999944,0.094
0.31205,0.09393349999999999,6.35,0.36999999999999944,0.102,0.36999999999999944,0.094
0.3121,0.09066149999999999,6.25,0.36999999999999944,0.101,0.36999999999999944,0.094
0.31215000000000004,0.0875635,6.05,0.36999999999999944,0.101,0.36999999999999944,0.093
0.31220000000000003,0.0848485,5.8,0.36999999999999944,0.1,0.36999999999999944,0.093
0.31225,0.082521,5.599999999999999,0.36999999999999944,0.1,0.36999999999999944,0.093
0.3123,0.080491,5.3999999999999995,0.36999999999999944,0.1,0.36999999999999944,0.093
0.31235,0.0786635,5.3,0.36999999999999944,0.09899999999999999,0.36999999999999944,0.092
0.3124,0.077046,5.1499999999999995,0.36999999999999944,0.09899999999999999,0.36999999999999944,0.092
0.31245,0.0755305,5.05,0.36999999999999944,0.09899999999999999,0.36999999999999944,0.092
0.3125,0.074154,5.000000000000001,0.36999999999999944,0.098,0.36999999999999944,0.092
0.31255,0.072905,4.9,0.36999999999999944,0.098,0.36999999999999944,0.092
0.3126,0.071717,4.849999999999999,0.36999999999999944,0.097,0.36999999999999944,0.091
0.31265000000000004,0.070643,4.749999999999999,0.36999999999999944,0.097,0.36999999999999944,0.091
0.31270000000000003,0.069601,4.7,0.36999999999999944,0.097,0.36999999999999944,0.091
0.31275000000000003,0.0686315,4.65,0.36999999999999944,0.097,0.36999999999999944,0.091
0.3128,0.06769399999999999,4.599999999999999,0.36999999999999944,0.096,0.36999999999999944,0.091
0.31285,0.0667705,4.549999999999999,0.36999999999999944,0.096,0.36999999999999944,0.09000000000000001
0.3129,0.065901,4.499999999999999,0.36999999999999944,0.096,0.36999999999999944,0.09000000000000001
0.31295,0.06498899999999999,4.5,0.35999999999999965,0.095,0.35999999999999965,0.09000000000000001
0.313,0.0640275,4.45,0.35999999999999965,0.095,0.35999999999999965,0.09000000000000001
0.31305,0.0629685,4.4,0.34999999999999987,0.095,0.34999999999999987,0.089
0.3131,0.061683499999999995,4.299999999999999,0.3900000000000008,0.095,0.3900000000000008,0.082
0.31315000000000004,0.0597015,4.1,0.42999999999999994,0.094,0.42999999999999994,0.089
0.31320000000000003,0.0575045,3.8999999999999995,0.42999999999999994,0.094,0.42999999999999994,0.093
0.31325000000000003,0.0554365,3.749999999999999,0.4399999999999997,0.093,0.4399999999999997,0.093
0.3133,0.053551499999999995,3.55,0.4399999999999997,0.093,0.4399999999999997,0.093
0.31335,0.051993,3.3999999999999995,0.42999999999999816,0.096,0.42999999999999816,0.096
0.3134,0.0508445,3.2,0.42999999999999816,0.101,0.42999999999999816,0.101
0.31345,0.050180499999999996,3.0,0.42999999999999816,0.106,0.42999999999999816,0.106
0.3135,0.050197,2.8000000000000007,0.42999999999999816,0.10900000000000001,0.42999999999999816,0.10900000000000001
0.31355,0.050849,2.6500000000000004,0.42999999999999816,0.11299999999999999,0.42999999999999816,0.112
0.3136,0.052315,2.450000000000001,0.42999999999999816,0.115,0.42999999999999816,0.114
0.31365000000000004,0.0547145,2.3000000000000007,0.4199999999999984,0.118,0.4199999999999984,0.115
0.31370000000000003,0.058187499999999996,2.1500000000000004,0.4199999999999984,0.12000000000000001,0.4199999999999984,0.115
0.31375000000000003,0.062455,2.250000000000001,0.4199999999999984,0.121,0.4199999999999984,0.114
0.3138,0.0667345,2.3500000000000005,0.4199999999999984,0.12300000000000001,0.4199999999999984,0.11299999999999999
0.31385,0.070932,2.500000000000001,0.4199999999999984,0.124,0.4099999999999986,0.11299999999999999
0.3139,0.0751285,2.5999999999999996,0.4199999999999984,0.125,0.4099999999999986,0.111
0.31395,0.0791605,2.75,0.4199999999999984,0.125,0.3999999999999988,0.11
0.314,0.0830505,2.8999999999999995,0.4099999999999986,0.126,0.3999999999999988,0.10900000000000001
0.31405,0.0867815,3.05,0.4099999999999986,0.126,0.3999999999999988,0.108
0.3141,0.090344,3.1999999999999993,0.4099999999999986,0.126,0.38999999999999724,0.107
0.31415000000000004,0.09368449999999999,3.3499999999999996,0.4099999999999986,0.126,0.38999999999999724,0.106
0.31420000000000003,0.0967965,3.45,0.4099999999999986,0.125,0.38999999999999724,0.106
0.31425000000000003,0.09975049999999999,3.6000000000000005,0.4099999999999986,0.125,0.38999999999999724,0.10500000000000001
0.3143,0.1025485,3.750000000000001,0.3999999999999988,0.124,0.38999999999999724,0.104
0.31435,0.1050835,3.9000000000000004,0.3999999999999988,0.12300000000000001,0.38999999999999724,0.103
0.3144,0.1073645,4.050000000000001,0.3999999999999988,0.122,0.38999999999999724,0.102
0.31445,0.109274,4.200000000000001,0.3999999999999988,0.121,0.38999999999999724,0.102
0.3145,0.11111599999999999,4.300000000000001,0.38999999999999724,0.11900000000000001,0.3799999999999992,0.101
0.31455,0.112679,4.45,0.38999999999999724,0.118,0.3799999999999992,0.101
0.3146,0.11395749999999999,4.6000000000000005,0.38999999999999724,0.116,0.3799999999999992,0.1
0.31465000000000004,0.1148985,4.75,0.3799999999999992,0.115,0.3799999999999992,0.1
0.31470000000000004,0.115671,4.85,0.3799999999999992,0.11299999999999999,0.3799999999999992,0.09899999999999999
0.31475000000000003,0.11611049999999999,5.0,0.3799999999999992,0.112,0.3799999999999992,0.09899999999999999
0.3148,0.116154,5.1499999999999995,0.3799999999999992,0.111,0.3799999999999992,0.098
0.31485,0.116008,5.3,0.3799999999999992,0.11,0.3799999999999992,0.098
0.3149,0.1155755,5.399999999999999,0.3799999999999992,0.10900000000000001,0.3799999999999992,0.097
0.31495,0.1149815,5.549999999999999,0.3799999999999992,0.108,0.3799999999999992,0.097
0.315,0.1138795,5.6499999999999995,0.3799999999999992,0.107,0.3799999999999992,0.096
0.31505,0.112413,5.75,0.3799999999999992,0.106,0.3799999999999992,0.096
0.3151,0.110843,5.8500000000000005,0.3799999999999992,0.106,0.3799999999999992,0.096
0.31515000000000004,0.108803,6.000000000000001,0.3799999999999992,0.10500000000000001,0.3799999999999992,0.095
0.31520000000000004,0.1065995,6.1000000000000005,0.36999999999999944,0.104,0.36999999999999944,0.095
0.31525000000000003,0.104076,6.2,0.36999999999999944,0.104,0.36999999999999944,0.095
0.3153,0.1012535,6.299999999999999,0.36999999999999944,0.103,0.36999999999999944,0.094
0.31535,0.098226,6.349999999999999,0.36999999999999944,0.103,0.36999999999999944,0.094
0.3154,0.0950275,6.349999999999999,0.36999999999999944,0.102,0.36999999999999944,0.094
0.31545,0.09174349999999999,6.3,0.36999999999999944,0.102,0.36999999999999944,0.094
0.3155,0.088559,6.15,0.36999999999999944,0.101,0.36999999999999944,0.093
0.31555,0.08572149999999999,5.8999999999999995,0.36999999999999944,0.101,0.36999999999999944,0.093
0.3156,0.0832745,5.6499999999999995,0.36999999999999944,0.1,0.36999999999999944,0.093
0.31565000000000004,0.081145,5.449999999999999,0.36999999999999944,0.1,0.36999999999999944,0.093
0.31570000000000004,0.079265,5.3,0.36999999999999944,0.09899999999999999,0.36999999999999944,0.092
0.31575000000000003,0.077567,5.2,0.36999999999999944,0.09899999999999999,0.36999999999999944,0.092
0.3158,0.076012,5.1000000000000005,0.36999999999999944,0.09899999999999999,0.36999999999999944,0.092
0.31585,0.074614,4.999999999999999,0.36999999999999944,0.098,0.36999999999999944,0.092
0.3159,0.07331599999999999,4.95,0.36999999999999944,0.098,0.36999999999999944,0.092
0.31595,0.0721045,4.8500000000000005,0.36999999999999944,0.098,0.36999999999999944,0.091
0.316,0.07099899999999999,4.8,0.36999999999999944,0.097,0.36999999999999944,0.091
0.31605,0.06995549999999999,4.75,0.36999999999999944,0.097,0.36999999999999944,0.091
0.3161,0.06894499999999999,4.6499999999999995,0.36999999999999944,0.097,0.36999999999999944,0.091
0.31615000000000004,0.06798749999999999,4.6,0.36999999999999944,0.096,0.36999999999999944,0.091
0.31620000000000004,0.067074,4.6000000000000005,0.36999999999999944,0.096,0.36999999999999944,0.09000000000000001
0.31625000000000003,0.066208,4.55,0.36999999999999944,0.096,0.36999999999999944,0.09000000000000001
0.3163,0.0652905,4.5,0.35999999999999965,0.096,0.35999999999999965,0.09000000000000001
0.31635,0.0643535,4.449999999999999,0.35999999999999965,0.095,0.35999999999999965,0.09000000000000001
0.3164,0.063349,4.3999999999999995,0.35999999999999965,0.095,0.35999999999999965,0.09000000000000001
0.31645,0.062167999999999994,4.4,0.36000000000000143,0.095,1.4,0.093
0.3165,0.0604115,4.2,0.42999999999999994,0.094,0.42999999999999994,0.087
0.31655,0.058228999999999996,3.9499999999999997,0.42999999999999994,0.094,0.42999999999999994,0.092
0.3166,0.0561105,3.8,0.42999999999999994,0.094,0.42999999999999994,0.093
0.31665000000000004,0.0541505,3.5999999999999996,0.4399999999999997,0.093,0.4399999999999997,0.093
0.31670000000000004,0.0524515,3.4499999999999997,0.42999999999999994,0.094,0.42999999999999994,0.094
0.31675000000000003,0.0511835,3.25,0.42999999999999994,0.1,0.42999999999999994,0.1
0.3168,0.050335,3.0999999999999996,0.42999999999999994,0.104,0.42999999999999994,0.104
0.31685,0.0501195,2.8499999999999996,0.42999999999999994,0.108,0.42999999999999994,0.108
0.3169,0.050565,2.6999999999999997,0.42999999999999994,0.112,0.42999999999999994,0.111
0.31695,0.051733999999999995,2.5499999999999994,0.42999999999999994,0.114,0.42999999999999994,0.114
0.317,0.053815999999999996,2.3499999999999996,0.42000000000000015,0.117,0.42000000000000015,0.115
0.31705,0.0569065,2.1999999999999997,0.42000000000000015,0.11900000000000001,0.42000000000000015,0.115
0.3171,0.0610065,2.1999999999999997,0.42000000000000015,0.121,0.42000000000000015,0.114
0.31715,0.065313,2.3,0.42000000000000015,0.122,0.42000000000000015,0.114
0.31720000000000004,0.0695495,2.4499999999999997,0.42000000000000015,0.124,0.41000000000000036,0.11299999999999999
0.31725000000000003,0.0737405,2.55,0.42000000000000015,0.124,0.41000000000000036,0.112
0.3173,0.077842,2.6999999999999997,0.42000000000000015,0.125,0.41000000000000036,0.111
0.31735,0.0817605,2.8499999999999996,0.42000000000000015,0.126,0.3999999999999988,0.11
0.3174,0.085561,2.9999999999999996,0.41000000000000036,0.126,0.3999999999999988,0.10900000000000001
0.31745,0.08919149999999999,3.15,0.41000000000000036,0.126,0.3999999999999988,0.108
0.3175,0.09261,3.3,0.41000000000000036,0.126,0.3900000000000008,0.107
0.31755,0.0957745,3.4499999999999997,0.41000000000000036,0.125,0.3900000000000008,0.106
0.3176,0.098769,3.5500000000000003,0.41000000000000036,0.125,0.3900000000000008,0.10500000000000001
0.31765,0.10163799999999999,3.7,0.3999999999999988,0.124,0.3900000000000008,0.104
0.31770000000000004,0.104296,3.85,0.3999999999999988,0.12300000000000001,0.3900000000000008,0.103
0.31775000000000003,0.10664399999999999,4.0,0.3999999999999988,0.122,0.3900000000000008,0.103
0.3178,0.1086795,4.15,0.3999999999999988,0.121,0.3900000000000008,0.102
0.31785,0.1105245,4.25,0.3900000000000008,0.12000000000000001,0.380000000000001,0.101
0.3179,0.112207,4.4,0.3900000000000008,0.118,0.380000000000001,0.101
0.31795,0.11356799999999999,4.55,0.3900000000000008,0.117,0.380000000000001,0.1
0.318,0.11459449999999999,4.7,0.3900000000000008,0.115,0.380000000000001,0.1
0.31805,0.1154325,4.799999999999999,0.380000000000001,0.114,0.380000000000001,0.09899999999999999
0.3181,0.11599999999999999,4.949999999999999,0.380000000000001,0.11299999999999999,0.380000000000001,0.09899999999999999
0.31815,0.1161305,5.1,0.380000000000001,0.111,0.380000000000001,0.098
0.31820000000000004,0.11608349999999999,5.249999999999999,0.380000000000001,0.11,0.380000000000001,0.098
0.31825000000000003,0.115755,5.35,0.380000000000001,0.10900000000000001,0.380000000000001,0.097
0.3183,0.11521949999999999,5.499999999999999,0.380000000000001,0.108,0.380000000000001,0.097
0.31835,0.1143125,5.6499999999999995,0.380000000000001,0.108,0.380000000000001,0.097
0.3184,0.11284849999999999,5.699999999999999,0.380000000000001,0.107,0.380000000000001,0.096
0.31845,0.1114155,5.85,0.380000000000001,0.106,0.380000000000001,0.096
0.3185,0.1094665,5.95,0.380000000000001,0.10500000000000001,0.380000000000001,0.096
0.31855,0.1074005,6.05,0.3700000000000012,0.10500000000000001,0.3700000000000012,0.095
0.3186,0.104943,6.1499999999999995,0.3700000000000012,0.104,0.3700000000000012,0.095
0.31865,0.10223199999999999,6.249999999999999,0.3700000000000012,0.103,0.3700000000000012,0.095
0.31870000000000004,0.099261,6.3,0.3700000000000012,0.103,0.3700000000000012,0.094
0.31875000000000003,0.096111,6.349999999999999,0.3700000000000012,0.102,0.3700000000000012,0.094
0.31880000000000003,0.0928355,6.3500000000000005,0.3700000000000012,0.102,0.3700000000000012,0.094
0.31885,0.0896005,6.2,0.3700000000000012,0.101,0.3700000000000012,0.093
0.3189,0.0866305,5.95,0.3700000000000012,0.101,0.3700000000000012,0.093
0.31895,0.084051,5.7,0.3700000000000012,0.1,0.3700000000000012,0.093
0.319,0.081837,5.55,0.3700000000000012,0.1,0.3700000000000012,0.093
0.31905,0.0798715,5.349999999999999,0.3700000000000012,0.1,0.3700000000000012,0.093
0.3191,0.078099,5.25,0.3700000000000012,0.09899999999999999,0.3700000000000012,0.092
0.31915,0.0765145,5.149999999999998,0.3700000000000012,0.09899999999999999,0.3700000000000012,0.092
0.31920000000000004,0.0750515,5.050000000000001,0.3700000000000012,0.098,0.3700000000000012,0.092
0.31925000000000003,0.0737295,4.949999999999998,0.3700000000000012,0.098,0.3700000000000012,0.092
0.31930000000000003,0.07249499999999999,4.8999999999999995,0.3700000000000012,0.098,0.3700000000000012,0.091
0.31935,0.0713475,4.8,0.3700000000000012,0.097,0.3700000000000012,0.091
0.3194,0.070297,4.75,0.3700000000000012,0.097,0.3700000000000012,0.091
0.31945,0.069261,4.7,0.3700000000000012,0.097,0.3700000000000012,0.091
0.3195,0.068304,4.6499999999999995,0.3700000000000012,0.096,0.3700000000000012,0.091
0.31955,0.067393,4.600000000000001,0.3700000000000012,0.096,0.3700000000000012,0.091
0.3196,0.066495,4.55,0.3700000000000012,0.096,0.3700000000000012,0.09000000000000001
0.31965,0.0655915,4.5,0.35999999999999965,0.096,0.35999999999999965,0.09000000000000001
0.31970000000000004,0.064678,4.449999999999998,0.35999999999999965,0.095,0.35999999999999965,0.09000000000000001
0.31975000000000003,0.0636835,4.450000000000001,0.35999999999999965,0.095,0.35999999999999965,0.09000000000000001
0.31980000000000003,0.062607,4.3999999999999995,0.3400000000000001,0.095,1.349999999999999,0.093
0.31985,0.0611035,4.249999999999998,0.4099999999999986,0.095,0.4099999999999986,0.085
0.3199,0.058969499999999994,4.049999999999999,0.42999999999999994,0.094,0.42999999999999994,0.091
0.31995,0.056795,3.8499999999999996,0.42999999999999994,0.094,0.42999999999999994,0.093
0.32,0.054782,3.6499999999999995,0.4399999999999997,0.093,0.4399999999999997,0.093
0.32005,0.0529865,3.5,0.4399999999999997,0.093,0.4399999999999997,0.093
0.3201,0.0515565,3.299999999999999,0.42999999999999994,0.098,0.42999999999999994,0.098
0.32015,0.050561999999999996,3.1499999999999995,0.42999999999999994,0.103,0.42999999999999994,0.103
0.32020000000000004,0.050110999999999996,2.95,0.42999999999999994,0.107,0.42999999999999994,0.107
0.32025000000000003,0.050338499999999994,2.750000000000001,0.42999999999999994,0.11,0.42999999999999994,0.11
0.32030000000000003,0.051248499999999995,2.6000000000000005,0.42999999999999994,0.114,0.42999999999999994,0.11299999999999999
0.32035,0.053009,2.4000000000000004,0.42999999999999994,0.116,0.42999999999999994,0.114
0.3204,0.055749,2.250000000000001,0.42000000000000015,0.118,0.42000000000000015,0.115
0.32045,0.059586999999999994,2.1500000000000004,0.42000000000000015,0.12000000000000001,0.42000000000000015,0.115
0.3205,0.06387949999999999,2.3000000000000007,0.42000000000000015,0.122,0.42000000000000015,0.114
0.32055,0.068156,2.4000000000000004,0.42000000000000015,0.12300000000000001,0.41000000000000036,0.11299999999999999
0.3206,0.072338,2.499999999999999,0.42000000000000015,0.124,0.41000000000000036,0.112
0.32065,0.076501,2.6499999999999995,0.42000000000000015,0.125,0.41000000000000036,0.111
0.32070000000000004,0.08047449999999999,2.8,0.42000000000000015,0.125,0.4000000000000006,0.11
0.32075000000000004,0.08431849999999999,2.9499999999999993,0.41000000000000036,0.126,0.4000000000000006,0.10900000000000001
0.32080000000000003,0.08799549999999999,3.1000000000000005,0.41000000000000036,0.126,0.4000000000000006,0.108
0.32085,0.091483,3.25,0.41000000000000036,0.126,0.3900000000000008,0.107
0.3209,0.094735,3.4000000000000004,0.41000000000000036,0.125,0.3900000000000008,0.106
0.32095,0.09779399999999999,3.500000000000001,0.41000000000000036,0.125,0.3900000000000008,0.10500000000000001
0.321,0.1007145,3.6500000000000012,0.4000000000000006,0.124,0.3900000000000008,0.104
0.32105,0.1034205,3.8000000000000007,0.4000000000000006,0.124,0.3900000000000008,0.104
0.3211,0.105876,3.950000000000001,0.4000000000000006,0.12300000000000001,0.3900000000000008,0.103
0.32115,0.10804949999999999,4.100000000000001,0.4000000000000006,0.121,0.3900000000000008,0.102
0.32120000000000004,0.1098715,4.2,0.3900000000000008,0.12000000000000001,0.380000000000001,0.102
0.32125000000000004,0.11168299999999999,4.3500000000000005,0.3900000000000008,0.11900000000000001,0.380000000000001,0.101
0.32130000000000003,0.1131465,4.5,0.3900000000000008,0.117,0.380000000000001,0.1
0.32135,0.114311,4.65,0.3900000000000008,0.116,0.380000000000001,0.1
0.3214,0.1152005,4.8,0.380000000000001,0.114,0.380000000000001,0.09899999999999999
0.32145,0.1158845,4.8999999999999995,0.380000000000001,0.11299999999999999,0.380000000000001,0.09899999999999999
0.3215,0.116133,5.049999999999999,0.380000000000001,0.112,0.380000000000001,0.098
0.32155,0.11612399999999999,5.199999999999999,0.380000000000001,0.111,0.380000000000001,0.098
0.3216,0.11589949999999999,5.299999999999999,0.380000000000001,0.11,0.380000000000001,0.097
0.32165,0.115385,5.449999999999998,0.380000000000001,0.10900000000000001,0.380000000000001,0.097
0.32170000000000004,0.1146875,5.599999999999999,0.380000000000001,0.108,0.380000000000001,0.097
0.32175000000000004,0.113298,5.6499999999999995,0.380000000000001,0.107,0.380000000000001,0.096
0.32180000000000003,0.11194799999999999,5.8,0.380000000000001,0.106,0.380000000000001,0.096
0.32185,0.110173,5.900000000000001,0.380000000000001,0.106,0.380000000000001,0.096
0.3219,0.1081205,6.0,0.380000000000001,0.10500000000000001,0.380000000000001,0.095
0.32195,0.105762,6.1499999999999995,0.36999999999999944,0.104,0.36999999999999944,0.095
0.322,0.10316349999999999,6.199999999999998,0.36999999999999944,0.104,0.36999999999999944,0.095
0.32205,0.100272,6.3,0.36999999999999944,0.103,0.36999999999999944,0.094
0.3221,0.0971935,6.3500000000000005,0.36999999999999944,0.102,0.36999999999999944,0.094
0.32215,0.09393349999999999,6.3500000000000005,0.36999999999999944,0.102,0.36999999999999944,0.094
0.32220000000000004,0.09066149999999999,6.25,0.36999999999999944,0.101,0.36999999999999944,0.094
0.32225000000000004,0.0875635,6.05,0.36999999999999944,0.101,0.36999999999999944,0.093
0.32230000000000003,0.0848485,5.8,0.36999999999999944,0.1,0.36999999999999944,0.093
0.32235,0.082521,5.6000000000000005,0.36999999999999944,0.1,0.36999999999999944,0.093
0.3224,0.080491,5.4,0.36999999999999944,0.1,0.36999999999999944,0.093
0.32245,0.0786635,5.3,0.36999999999999944,0.09899999999999999,0.36999999999999944,0.092
0.3225,0.077046,5.1499999999999995,0.36999999999999944,0.09899999999999999,0.36999999999999944,0.092
0.32255,0.0755305,5.05,0.36999999999999944,0.09899999999999999,0.36999999999999944,0.092
0.3226,0.074154,5.000000000000001,0.36999999999999944,0.098,0.36999999999999944,0.092
0.32265,0.072905,4.8999999999999995,0.36999999999999944,0.098,0.36999999999999944,0.092
0.32270000000000004,0.071717,4.8500000000000005,0.36999999999999944,0.097,0.36999999999999944,0.091
0.32275000000000004,0.070643,4.750000000000001,0.36999999999999944,0.097,0.36999999999999944,0.091
0.32280000000000003,0.069601,4.699999999999999,0.36999999999999944,0.097,0.36999999999999944,0.091
0.32285,0.0686315,4.65,0.36999999999999944,0.097,0.36999999999999944,0.091
0.3229,0.06769399999999999,4.6,0.36999999999999944,0.096,0.36999999999999944,0.091
0.32295,0.0667705,4.55,0.36999999999999944,0.096,0.36999999999999944,0.09000000000000001
0.323,0.065901,4.5,0.36999999999999944,0.096,0.36999999999999944,0.09000000000000001
0.32305,0.06498899999999999,4.5,0.35999999999999965,0.095,0.35999999999999965,0.09000000000000001
0.3231,0.064028,4.45,0.35999999999999965,0.095,0.35999999999999965,0.09000000000000001
0.32315,0.0629685,4.3999999999999995,0.34999999999999987,0.095,0.34999999999999987,0.089
0.32320000000000004,0.061683499999999995,4.300000000000001,0.389999999999999,0.095,0.389999999999999,0.082
0.32325000000000004,0.0597015,4.1,0.42999999999999994,0.094,0.42999999999999994,0.089
0.32330000000000003,0.0575045,3.9,0.42999999999999994,0.094,0.42999999999999994,0.093
0.32335,0.0554365,3.75,0.4399999999999997,0.093,0.4399999999999997,0.093
0.3234,0.053551499999999995,3.55,0.4399999999999997,0.093,0.4399999999999997,0.093
0.32345,0.051993,3.4,0.42999999999999816,0.096,0.42999999999999816,0.096
0.3235,0.0508445,3.2,0.42999999999999816,0.101,0.42999999999999816,0.101
0.32355,0.050180499999999996,2.9999999999999996,0.42999999999999816,0.106,0.42999999999999816,0.106
0.3236,0.050197,2.8,0.42999999999999816,0.10900000000000001,0.42999999999999816,0.10900000000000001
0.32365,0.050849,2.65,0.42999999999999816,0.11299999999999999,0.42999999999999816,0.112
0.32370000000000004,0.052315,2.4499999999999997,0.42999999999999816,0.115,0.42999999999999816,0.114
0.32375000000000004,0.0547145,2.3,0.42000000000000015,0.118,0.42000000000000015,0.115
0.32380000000000003,0.058187499999999996,2.15,0.42000000000000015,0.12000000000000001,0.42000000000000015,0.115
0.32385,0.062455,2.2499999999999996,0.42000000000000015,0.121,0.42000000000000015,0.114
0.3239,0.0667345,2.3499999999999996,0.42000000000000015,0.12300000000000001,0.42000000000000015,0.11299999999999999
0.32395,0.070932,2.4999999999999996,0.42000000000000015,0.124,0.41000000000000036,0.11299999999999999
0.324,0.0751285,2.6,0.42000000000000015,0.125,0.41000000000000036,0.111
0.32405,0.0791605,2.75,0.42000000000000015,0.125,0.4000000000000006,0.11
0.3241,0.0830505,2.9,0.41000000000000036,0.126,0.4000000000000006,0.10900000000000001
0.32415,0.0867815,3.05,0.41000000000000036,0.126,0.4000000000000006,0.108
0.3242,0.090344,3.1999999999999997,0.41000000000000036,0.126,0.389999999999999,0.107
0.32425000000000004,0.09368449999999999,3.3499999999999996,0.41000000000000036,0.126,0.389999999999999,0.106
0.32430000000000003,0.0967965,3.4499999999999997,0.41000000000000036,0.125,0.389999999999999,0.106
0.32435,0.09975049999999999,3.6,0.41000000000000036,0.125,0.389999999999999,0.10500000000000001
0.3244,0.1025485,3.75,0.4000000000000006,0.124,0.389999999999999,0.104
0.32445,0.1050835,3.9,0.4000000000000006,0.12300000000000001,0.389999999999999,0.103
0.3245,0.1073645,4.05,0.4000000000000006,0.122,0.389999999999999,0.102
0.32455,0.109274,4.2,0.4000000000000006,0.121,0.389999999999999,0.102
0.3246,0.11111599999999999,4.3,0.389999999999999,0.11900000000000001,0.3799999999999992,0.101
0.32465,0.112679,4.45,0.389999999999999,0.118,0.3799999999999992,0.101
0.3247,0.11395749999999999,4.6,0.389999999999999,0.116,0.3799999999999992,0.1
0.32475000000000004,0.1148985,4.75,0.3799999999999992,0.115,0.3799999999999992,0.1
0.32480000000000003,0.115671,4.85,0.3799999999999992,0.11299999999999999,0.3799999999999992,0.09899999999999999
0.32485,0.11611049999999999,5.0,0.3799999999999992,0.112,0.3799999999999992,0.09899999999999999
0.3249,0.116154,5.1499999999999995,0.3799999999999992,0.111,0.3799999999999992,0.098
0.32495,0.116008,5.3,0.3799999999999992,0.11,0.3799999999999992,0.098
0.325,0.1155755,5.3999999999999995,0.3799999999999992,0.10900000000000001,0.3799999999999992,0.097
0.32505,0.1149815,5.55,0.3799999999999992,0.108,0.3799999999999992,0.097
0.3251,0.1138795,5.65,0.3799999999999992,0.107,0.3799999999999992,0.096
0.32515,0.112413,5.75,0.3799999999999992,0.106,0.3799999999999992,0.096
0.3252,0.110843,5.8500000000000005,0.3799999999999992,0.106,0.3799999999999992,0.096
0.32525000000000004,0.108803,6.0,0.3799999999999992,0.10500000000000001,0.3799999999999992,0.095
0.32530000000000003,0.1065995,6.1000000000000005,0.36999999999999944,0.104,0.36999999999999944,0.095
0.32535000000000003,0.104076,6.2,0.36999999999999944,0.104,0.36999999999999944,0.095
0.3254,0.1012535,6.3,0.36999999999999944,0.103,0.36999999999999944,0.094
0.32545,0.098226,6.3500000000000005,0.36999999999999944,0.103,0.36999999999999944,0.094
0.3255,0.095028,6.35,0.36999999999999944,0.102,0.36999999999999944,0.094
0.32555,0.09174349999999999,6.3,0.36999999999999944,0.102,0.36999999999999944,0.094
0.3256,0.088559,6.1499999999999995,0.36999999999999944,0.101,0.36999999999999944,0.093
0.32565,0.08572149999999999,5.8999999999999995,0.36999999999999944,0.101,0.36999999999999944,0.093
0.3257,0.0832745,5.6499999999999995,0.36999999999999944,0.1,0.36999999999999944,0.093
0.32575000000000004,0.081145,5.45,0.36999999999999944,0.1,0.36999999999999944,0.093
0.32580000000000003,0.079265,5.3,0.36999999999999944,0.09899999999999999,0.36999999999999944,0.092
0.32585000000000003,0.077567,5.2,0.36999999999999944,0.09899999999999999,0.36999999999999944,0.092
0.3259,0.076012,5.1000000000000005,0.36999999999999944,0.09899999999999999,0.36999999999999944,0.092
0.32595,0.074614,4.999999999999999,0.36999999999999944,0.098,0.36999999999999944,0.092
0.326,0.07331599999999999,4.95,0.36999999999999944,0.098,0.36999999999999944,0.092
0.32605,0.0721045,4.8500000000000005,0.36999999999999944,0.098,0.36999999999999944,0.091
0.3261,0.07099899999999999,4.800000000000001,0.36999999999999944,0.097,0.36999999999999944,0.091
0.32615,0.06995549999999999,4.749999999999999,0.36999999999999944,0.097,0.36999999999999944,0.091
0.3262,0.06894499999999999,4.6499999999999995,0.36999999999999944,0.097,0.36999999999999944,0.091
0.32625000000000004,0.06798749999999999,4.6,0.36999999999999944,0.096,0.36999999999999944,0.091
0.32630000000000003,0.067074,4.6,0.36999999999999944,0.096,0.36999999999999944,0.09000000000000001
0.32635000000000003,0.066208,4.549999999999999,0.36999999999999944,0.096,0.36999999999999944,0.09000000000000001
0.3264,0.0652905,4.500000000000001,0.35999999999999965,0.096,0.35999999999999965,0.09000000000000001
0.32645,0.0643535,4.449999999999999,0.35999999999999965,0.095,0.35999999999999965,0.09000000000000001
0.3265,0.063349,4.4,0.35999999999999965,0.095,0.35999999999999965,0.09000000000000001
0.32655,0.062167999999999994,4.399999999999999,0.36000000000000143,0.095,1.399999999999998,0.093
0.3266,0.0604115,4.199999999999998,0.42999999999999994,0.094,0.42999999999999994,0.087
0.32665,0.058228999999999996,3.9499999999999993,0.42999999999999994,0.094,0.42999999999999994,0.092
0.3267,0.0561105,3.8,0.42999999999999994,0.094,0.42999999999999994,0.093
0.32675000000000004,0.0541505,3.5999999999999988,0.4399999999999997,0.093,0.4399999999999997,0.093
0.32680000000000003,0.0524515,3.4499999999999993,0.4300000000000017,0.094,0.4300000000000017,0.094
0.32685000000000003,0.0511835,3.25,0.4300000000000017,0.1,0.4300000000000017,0.1
0.3269,0.050335,3.0999999999999996,0.4300000000000017,0.104,0.4300000000000017,0.104
0.32695,0.0501195,2.8500000000000005,0.4300000000000017,0.108,0.4300000000000017,0.108
0.327,0.050565,2.7,0.4300000000000017,0.112,0.4300000000000017,0.111
0.32705,0.051733999999999995,2.55,0.4300000000000017,0.114,0.4300000000000017,0.114
0.3271,0.053815999999999996,2.3500000000000005,0.4200000000000019,0.117,0.4200000000000019,0.115
0.32715,0.0569065,2.2,0.4200000000000019,0.11900000000000001,0.4200000000000019,0.115
0.3272,0.0610065,2.2,0.4200000000000019,0.121,0.4200000000000019,0.114
0.32725000000000004,0.065313,2.3000000000000007,0.4200000000000019,0.122,0.4200000000000019,0.114
0.32730000000000004,0.0695495,2.450000000000001,0.4200000000000019,0.124,0.41000000000000214,0.11299999999999999
0.32735000000000003,0.0737405,2.55,0.4200000000000019,0.124,0.41000000000000214,0.112
0.3274,0.077842,2.7,0.4200000000000019,0.125,0.41000000000000214,0.111
0.32745,0.0817605,2.8499999999999996,0.4200000000000019,0.126,0.4000000000000006,0.11
0.3275,0.085561,3.0,0.41000000000000214,0.126,0.4000000000000006,0.10900000000000001
0.32755,0.08919149999999999,3.1500000000000004,0.41000000000000214,0.126,0.4000000000000006,0.108
0.3276,0.09261,3.3,0.41000000000000214,0.126,0.3900000000000008,0.107
0.32765,0.0957745,3.45,0.41000000000000214,0.125,0.3900000000000008,0.106
0.3277,0.098769,3.5500000000000007,0.41000000000000214,0.125,0.3900000000000008,0.10500000000000001
0.32775000000000004,0.10163799999999999,3.700000000000001,0.4000000000000006,0.124,0.3900000000000008,0.104
0.32780000000000004,0.104296,3.8500000000000005,0.4000000000000006,0.12300000000000001,0.3900000000000008,0.103
0.32785000000000003,0.10664399999999999,4.000000000000001,0.4000000000000006,0.122,0.3900000000000008,0.103
0.3279,0.10868,4.15,0.4000000000000006,0.121,0.3900000000000008,0.102
0.32795,0.1105245,4.25,0.3900000000000008,0.12000000000000001,0.380000000000001,0.101
0.328,0.112207,4.4,0.3900000000000008,0.118,0.380000000000001,0.101
0.32805,0.11356799999999999,4.55,0.3900000000000008,0.117,0.380000000000001,0.1
0.3281,0.11459449999999999,4.7,0.3900000000000008,0.115,0.380000000000001,0.1
0.32815,0.1154325,4.799999999999999,0.380000000000001,0.114,0.380000000000001,0.09899999999999999
0.3282,0.11599999999999999,4.949999999999999,0.380000000000001,0.11299999999999999,0.380000000000001,0.09899999999999999
0.32825000000000004,0.1161305,5.1,0.380000000000001,0.111,0.380000000000001,0.098
0.32830000000000004,0.11608349999999999,5.25,0.380000000000001,0.11,0.380000000000001,0.098
0.32835000000000003,0.115755,5.349999999999999,0.380000000000001,0.10900000000000001,0.380000000000001,0.097
0.3284,0.11521949999999999,5.499999999999999,0.380000000000001,0.108,0.380000000000001,0.097
0.32845,0.1143125,5.649999999999999,0.380000000000001,0.108,0.380000000000001,0.097
0.3285,0.11284849999999999,5.699999999999999,0.380000000000001,0.107,0.380000000000001,0.096
0.32855,0.1114155,5.85,0.380000000000001,0.106,0.380000000000001,0.096
0.3286,0.1094665,5.950000000000001,0.380000000000001,0.10500000000000001,0.380000000000001,0.096
0.32865,0.1074005,6.05,0.3700000000000012,0.10500000000000001,0.3700000000000012,0.095
0.3287,0.104943,6.1499999999999995,0.3700000000000012,0.104,0.3700000000000012,0.095
0.32875000000000004,0.10223199999999999,6.249999999999999,0.3700000000000012,0.103,0.3700000000000012,0.095
0.32880000000000004,0.099261,6.299999999999999,0.3700000000000012,0.103,0.3700000000000012,0.094
0.32885000000000003,0.096111,6.3500000000000005,0.3700000000000012,0.102,0.3700000000000012,0.094
0.3289,0.0928355,6.349999999999999,0.3700000000000012,0.102,0.3700000000000012,0.094
0.32895,0.0896005,6.2,0.3700000000000012,0.101,0.3700000000000012,0.093
0.329,0.0866305,5.95,0.3700000000000012,0.101,0.3700000000000012,0.093
0.32905,0.084051,5.7,0.3700000000000012,0.1,0.3700000000000012,0.093
0.3291,0.081837,5.55,0.3700000000000012,0.1,0.3700000000000012,0.093
0.32915,0.0798715,5.3500000000000005,0.3700000000000012,0.1,0.3700000000000012,0.093
0.3292,0.0780995,5.25,0.3700000000000012,0.09899999999999999,0.3700000000000012,0.092
0.32925000000000004,0.0765145,5.1499999999999995,0.3700000000000012,0.09899999999999999,0.3700000000000012,0.092
0.32930000000000004,0.0750515,5.05,0.3700000000000012,0.098,0.3700000000000012,0.092
0.32935000000000003,0.0737295,4.95,0.3700000000000012,0.098,0.3700000000000012,0.092
0.3294,0.07249499999999999,4.8999999999999995,0.3700000000000012,0.098,0.3700000000000012,0.091
0.32945,0.0713475,4.8,0.3700000000000012,0.097,0.3700000000000012,0.091
0.3295,0.070297,4.749999999999999,0.3700000000000012,0.097,0.3700000000000012,0.091
0.32955,0.069261,4.699999999999999,0.3700000000000012,0.097,0.3700000000000012,0.091
0.3296,0.068304,4.65,0.3700000000000012,0.096,0.3700000000000012,0.091
0.32965,0.067393,4.6,0.3700000000000012,0.096,0.3700000000000012,0.091
0.3297,0.066495,4.55,0.3700000000000012,0.096,0.3700000000000012,0.09000000000000001
0.32975000000000004,0.0655915,4.5,0.35999999999999965,0.096,0.35999999999999965,0.09000000000000001
0.32980000000000004,0.064678,4.449999999999999,0.35999999999999965,0.095,0.35999999999999965,0.09000000000000001
0.32985000000000003,0.0636835,4.45,0.35999999999999965,0.095,0.35999999999999965,0.09000000000000001
0.3299,0.062607,4.3999999999999995,0.3400000000000001,0.095,1.35,0.093
0.32995,0.0611035,4.25,0.41000000000000036,0.095,0.41000000000000036,0.085
0.33,0.058969499999999994,4.05,0.4300000000000017,0.094,0.4300000000000017,0.091
0.33005,0.056795,3.85,0.4300000000000017,0.094,0.4300000000000017,0.093
0.3301,0.054782,3.65,0.4399999999999997,0.093,0.4399999999999997,0.093
0.33015,0.0529865,3.5,0.4399999999999997,0.093,0.4399999999999997,0.093
0.3302,0.0515565,3.3,0.42999999999999994,0.098,0.42999999999999994,0.098
0.33025000000000004,0.050561999999999996,3.15,0.42999999999999994,0.103,0.42999999999999994,0.103
0.33030000000000004,0.050110999999999996,2.9499999999999997,0.42999999999999994,0.107,0.42999999999999994,0.107
0.33035000000000003,0.050338499999999994,2.7499999999999996,0.42999999999999994,0.11,0.42999999999999994,0.11
0.3304,0.051248499999999995,2.5999999999999996,0.42999999999999994,0.114,0.42999999999999994,0.11299999999999999
0.33045,0.053009,2.3999999999999995,0.42999999999999994,0.116,0.42999999999999994,0.114
0.3305,0.055749,2.2499999999999996,0.4199999999999984,0.118,0.4199999999999984,0.115
0.33055,0.059586999999999994,2.15,0.4199999999999984,0.12000000000000001,0.4199999999999984,0.115
0.3306,0.06387949999999999,2.3,0.4199999999999984,0.122,0.4199999999999984,0.114
0.33065,0.068156,2.3999999999999995,0.4199999999999984,0.12300000000000001,0.4099999999999986,0.11299999999999999
0.3307,0.072338,2.4999999999999996,0.4199999999999984,0.124,0.4099999999999986,0.112
0.33075,0.076501,2.65,0.4199999999999984,0.125,0.4099999999999986,0.111
0.33080000000000004,0.08047449999999999,2.8,0.4199999999999984,0.125,0.3999999999999988,0.11
0.33085000000000003,0.08431849999999999,2.9499999999999997,0.4099999999999986,0.126,0.3999999999999988,0.10900000000000001
0.3309,0.08799549999999999,3.1,0.4099999999999986,0.126,0.3999999999999988,0.108
0.33095,0.091483,3.25,0.4099999999999986,0.126,0.389999999999999,0.107
0.331,0.094735,3.4,0.4099999999999986,0.125,0.389999999999999,0.106
0.33105,0.09779399999999999,3.5,0.4099999999999986,0.125,0.389999999999999,0.10500000000000001
0.3311,0.1007145,3.65,0.3999999999999988,0.124,0.389999999999999,0.104
0.33115,0.1034205,3.8,0.3999999999999988,0.124,0.389999999999999,0.104
0.3312,0.105876,3.95,0.3999999999999988,0.12300000000000001,0.389999999999999,0.103
0.33125,0.10804949999999999,4.1000000000000005,0.3999999999999988,0.121,0.389999999999999,0.102
0.33130000000000004,0.1098715,4.2,0.389999999999999,0.12000000000000001,0.3799999999999992,0.102
0.33135000000000003,0.11168299999999999,4.3500000000000005,0.389999999999999,0.11900000000000001,0.3799999999999992,0.101
0.33140000000000003,0.1131465,4.5,0.389999999999999,0.117,0.3799999999999992,0.1
0.33145,0.114311,4.65,0.389999999999999,0.116,0.3799999999999992,0.1
0.3315,0.1152005,4.800000000000001,0.3799999999999992,0.114,0.3799999999999992,0.09899999999999999
0.33155,0.1158845,4.8999999999999995,0.3799999999999992,0.11299999999999999,0.3799999999999992,0.09899999999999999
0.3316,0.116133,5.05,0.3799999999999992,0.112,0.3799999999999992,0.098
0.33165,0.11612399999999999,5.199999999999999,0.3799999999999992,0.111,0.3799999999999992,0.098
0.3317,0.11589949999999999,5.3,0.3799999999999992,0.11,0.3799999999999992,0.097
0.33175,0.115385,5.449999999999999,0.3799999999999992,0.10900000000000001,0.3799999999999992,0.097
0.33180000000000004,0.1146875,5.6,0.3799999999999992,0.108,0.3799999999999992,0.097
0.33185000000000003,0.113298,5.65,0.3799999999999992,0.107,0.3799999999999992,0.096
0.33190000000000003,0.11194799999999999,5.8,0.3799999999999992,0.106,0.3799999999999992,0.096
0.33195,0.1101735,5.9,0.3799999999999992,0.106,0.3799999999999992,0.096
0.332,0.1081205,6.0,0.3799999999999992,0.10500000000000001,0.3799999999999992,0.095
0.33205,0.105762,6.15,0.36999999999999766,0.104,0.36999999999999766,0.095
0.3321,0.10316349999999999,6.199999999999999,0.36999999999999766,0.104,0.36999999999999766,0.095
0.33215,0.100272,6.3,0.36999999999999766,0.103,0.36999999999999766,0.094
0.3322,0.0971935,6.35,0.36999999999999766,0.102,0.36999999999999766,0.094
0.33225,0.09393349999999999,6.35,0.36999999999999766,0.102,0.36999999999999766,0.094
0.33230000000000004,0.09066149999999999,6.25,0.36999999999999766,0.101,0.36999999999999766,0.094
0.33235000000000003,0.0875635,6.05,0.36999999999999766,0.101,0.36999999999999766,0.093
0.33240000000000003,0.0848485,5.8,0.36999999999999766,0.1,0.36999999999999766,0.093
0.33245,0.082521,5.599999999999999,0.36999999999999766,0.1,0.36999999999999766,0.093
0.3325,0.080491,5.3999999999999995,0.36999999999999766,0.1,0.36999999999999766,0.093
0.33255,0.0786635,5.3,0.36999999999999766,0.09899999999999999,0.36999999999999766,0.092
0.3326,0.077046,5.1499999999999995,0.36999999999999766,0.09899999999999999,0.36999999999999766,0.092
0.33265,0.0755305,5.05,0.36999999999999766,0.09899999999999999,0.36999999999999766,0.092
0.3327,0.074154,5.000000000000001,0.36999999999999766,0.098,0.36999999999999766,0.092
0.33275,0.072905,4.9,0.36999999999999766,0.098,0.36999999999999766,0.092
0.33280000000000004,0.071717,4.849999999999999,0.36999999999999766,0.097,0.36999999999999766,0.091
0.33285000000000003,0.070643,4.749999999999999,0.36999999999999766,0.097,0.36999999999999766,0.091
0.33290000000000003,0.069601,4.7,0.36999999999999766,0.097,0.36999999999999766,0.091
0.33295,0.0686315,4.65,0.36999999999999766,0.097,0.36999999999999766,0.091
0.333,0.06769399999999999,4.599999999999999,0.36999999999999766,0.096,0.36999999999999766,0.091
0.33305,0.0667705,4.549999999999999,0.36999999999999766,0.096,0.36999999999999766,0.09000000000000001
0.3331,0.065901,4.499999999999999,0.36999999999999766,0.096,0.36999999999999766,0.09000000000000001
0.33315,0.06498899999999999,4.5,0.35999999999999965,0.095,0.35999999999999965,0.09000000000000001
0.3332,0.064028,4.45,0.35999999999999965,0.095,0.35999999999999965,0.09000000000000001
0.33325,0.0629685,4.4,0.35000000000000164,0.095,0.35000000000000164,0.089
0.33330000000000004,0.061683499999999995,4.299999999999999,0.3900000000000008,0.095,0.3900000000000008,0.082
0.33335000000000004,0.0597015,4.1,0.42999999999999994,0.094,0.42999999999999994,0.089
0.33340000000000003,0.0575045,3.8999999999999995,0.42999999999999994,0.094,0.42999999999999994,0.093
0.33345,0.0554365,3.749999999999999,0.4400000000000015,0.093,0.4400000000000015,0.093
0.3335,0.053551999999999995,3.55,0.4400000000000015,0.093,0.4400000000000015,0.093
0.33355,0.051993,3.3999999999999995,0.42999999999999994,0.096,0.42999999999999994,0.096
0.3336,0.0508445,3.2,0.42999999999999994,0.101,0.42999999999999994,0.101
0.33365,0.050180499999999996,3.0,0.42999999999999994,0.106,0.42999999999999994,0.106
0.3337,0.050197,2.8000000000000007,0.42999999999999994,0.10900000000000001,0.42999999999999994,0.10900000000000001
0.33375,0.050849,2.6500000000000004,0.42999999999999994,0.11299999999999999,0.42999999999999994,0.112
0.33380000000000004,0.052315,2.450000000000001,0.42999999999999994,0.115,0.42999999999999994,0.114
0.33385000000000004,0.0547145,2.3000000000000007,0.42000000000000015,0.118,0.42000000000000015,0.115
0.33390000000000003,0.058187499999999996,2.1500000000000004,0.42000000000000015,0.12000000000000001,0.42000000000000015,0.115
0.33395,0.062455,2.250000000000001,0.42000000000000015,0.121,0.42000000000000015,0.114
0.334,0.0667345,2.3500000000000005,0.42000000000000015,0.12300000000000001,0.42000000000000015,0.11299999999999999
0.33405,0.070932,2.500000000000001,0.42000000000000015,0.124,0.41000000000000036,0.11299999999999999
0.3341,0.0751285,2.5999999999999996,0.42000000000000015,0.125,0.41000000000000036,0.111
0.33415,0.0791605,2.75,0.42000000000000015,0.125,0.4000000000000006,0.11
0.3342,0.0830505,2.8999999999999995,0.41000000000000036,0.126,0.4000000000000006,0.10900000000000001
0.33425,0.0867815,3.05,0.41000000000000036,0.126,0.4000000000000006,0.108
0.33430000000000004,0.090344,3.1999999999999993,0.41000000000000036,0.126,0.389999999999999,0.107
0.33435000000000004,0.09368449999999999,3.3499999999999996,0.41000000000000036,0.126,0.389999999999999,0.106
0.33440000000000003,0.0967965,3.45,0.41000000000000036,0.125,0.389999999999999,0.106
0.33445,0.09975049999999999,3.6000000000000005,0.41000000000000036,0.125,0.389999999999999,0.10500000000000001
0.3345,0.1025485,3.750000000000001,0.4000000000000006,0.124,0.389999999999999,0.104
0.33455,0.1050835,3.9000000000000004,0.4000000000000006,0.12300000000000001,0.389999999999999,0.103
0.3346,0.1073645,4.050000000000001,0.4000000000000006,0.122,0.389999999999999,0.102
0.33465,0.1092745,4.200000000000001,0.4000000000000006,0.121,0.389999999999999,0.102
0.3347,0.11111599999999999,4.300000000000001,0.389999999999999,0.11900000000000001,0.3799999999999992,0.101
0.33475,0.112679,4.45,0.389999999999999,0.118,0.3799999999999992,0.101
0.33480000000000004,0.11395749999999999,4.6000000000000005,0.389999999999999,0.116,0.3799999999999992,0.1
0.33485000000000004,0.1148985,4.75,0.3799999999999992,0.115,0.3799999999999992,0.1
0.33490000000000003,0.115671,4.85,0.3799999999999992,0.11299999999999999,0.3799999999999992,0.09899999999999999
0.33495,0.11611049999999999,5.0,0.3799999999999992,0.112,0.3799999999999992,0.09899999999999999
0.335,0.116154,5.1499999999999995,0.3799999999999992,0.111,0.3799999999999992,0.098
0.33505,0.116008,5.3,0.3799999999999992,0.11,0.3799999999999992,0.098
0.3351,0.1155755,5.399999999999999,0.3799999999999992,0.10900000000000001,0.3799999999999992,0.097
0.33515,0.1149815,5.549999999999999,0.3799999999999992,0.108,0.3799999999999992,0.097
0.3352,0.1138795,5.6499999999999995,0.3799999999999992,0.107,0.3799999999999992,0.096
0.33525,0.112413,5.75,0.3799999999999992,0.106,0.3799999999999992,0.096
0.33530000000000004,0.110843,5.8500000000000005,0.3799999999999992,0.106,0.3799999999999992,0.096
0.33535000000000004,0.108803,6.000000000000001,0.3799999999999992,0.10500000000000001,0.3799999999999992,0.095
0.33540000000000003,0.1065995,6.1000000000000005,0.3700000000000012,0.104,0.3700000000000012,0.095
0.33545,0.104076,6.2,0.3700000000000012,0.104,0.3700000000000012,0.095
0.3355,0.1012535,6.299999999999999,0.3700000000000012,0.103,0.3700000000000012,0.094
0.33555,0.098226,6.349999999999999,0.3700000000000012,0.103,0.3700000000000012,0.094
0.3356,0.095028,6.349999999999999,0.3700000000000012,0.102,0.3700000000000012,0.094
0.33565,0.09174349999999999,6.3,0.3700000000000012,0.102,0.3700000000000012,0.094
0.3357,0.088559,6.15,0.3700000000000012,0.101,0.3700000000000012,0.093
0.33575,0.08572149999999999,5.8999999999999995,0.3700000000000012,0.101,0.3700000000000012,0.093
0.33580000000000004,0.0832745,5.6499999999999995,0.3700000000000012,0.1,0.3700000000000012,0.093
0.33585000000000004,0.081145,5.449999999999999,0.3700000000000012,0.1,0.3700000000000012,0.093
0.33590000000000003,0.079265,5.3,0.3700000000000012,0.09899999999999999,0.3700000000000012,0.092
0.33595,0.077567,5.2,0.3700000000000012,0.09899999999999999,0.3700000000000012,0.092
0.336,0.076012,5.1000000000000005,0.3700000000000012,0.09899999999999999,0.3700000000000012,0.092
0.33605,0.074614,4.999999999999999,0.3700000000000012,0.098,0.3700000000000012,0.092
0.3361,0.07331599999999999,4.95,0.3700000000000012,0.098,0.3700000000000012,0.092
0.33615,0.0721045,4.8500000000000005,0.3700000000000012,0.098,0.3700000000000012,0.091
0.3362,0.07099899999999999,4.8,0.3700000000000012,0.097,0.3700000000000012,0.091
0.33625,0.06995549999999999,4.75,0.3700000000000012,0.097,0.3700000000000012,0.091
0.33630000000000004,0.06894499999999999,4.6499999999999995,0.3700000000000012,0.097,0.3700000000000012,0.091
0.33635000000000004,0.06798749999999999,4.6,0.3700000000000012,0.096,0.3700000000000012,0.091
0.33640000000000003,0.067074,4.6000000000000005,0.3700000000000012,0.096,0.3700000000000012,0.09000000000000001
0.33645,0.066208,4.55,0.3700000000000012,0.096,0.3700000000000012,0.09000000000000001
0.3365,0.0652905,4.5,0.36000000000000143,0.096,0.36000000000000143,0.09000000000000001
0.33655,0.0643535,4.449999999999999,0.36000000000000143,0.095,0.36000000000000143,0.09000000000000001
0.3366,0.063349,4.3999999999999995,0.36000000000000143,0.095,0.36000000000000143,0.09000000000000001
0.33665,0.062167999999999994,4.4,0.35999999999999965,0.095,1.4,0.093
0.3367,0.0604115,4.2,0.42999999999999994,0.094,0.42999999999999994,0.087
0.33675,0.058228999999999996,3.9499999999999997,0.42999999999999994,0.094,0.42999999999999994,0.092
0.33680000000000004,0.0561105,3.8,0.42999999999999994,0.094,0.42999999999999994,0.093
0.33685000000000004,0.0541505,3.5999999999999996,0.4399999999999997,0.093,0.4399999999999997,0.093
0.33690000000000003,0.0524515,3.4499999999999997,0.42999999999999994,0.094,0.42999999999999994,0.094
0.33695,0.0511835,3.25,0.42999999999999994,0.1,0.42999999999999994,0.1
0.337,0.050335,3.0999999999999996,0.42999999999999994,0.104,0.42999999999999994,0.104
0.33705,0.0501195,2.8499999999999996,0.42999999999999994,0.108,0.42999999999999994,0.108
0.3371,0.0505655,2.6999999999999997,0.42999999999999994,0.112,0.42999999999999994,0.111
0.33715,0.051733999999999995,2.5499999999999994,0.42999999999999994,0.114,0.42999999999999994,0.114
0.3372,0.053815999999999996,2.3499999999999996,0.42000000000000015,0.117,0.42000000000000015,0.115
0.33725,0.0569065,2.1999999999999997,0.42000000000000015,0.11900000000000001,0.42000000000000015,0.115
0.3373,0.0610065,2.1999999999999997,0.42000000000000015,0.121,0.42000000000000015,0.114
0.33735000000000004,0.065313,2.3,0.42000000000000015,0.122,0.42000000000000015,0.114
0.33740000000000003,0.0695495,2.4499999999999997,0.42000000000000015,0.124,0.41000000000000036,0.11299999999999999
0.33745,0.0737405,2.55,0.42000000000000015,0.124,0.41000000000000036,0.112
0.3375,0.077842,2.6999999999999997,0.42000000000000015,0.125,0.41000000000000036,0.111
0.33755,0.0817605,2.8499999999999996,0.42000000000000015,0.126,0.3999999999999988,0.11
0.3376,0.085561,2.9999999999999996,0.41000000000000036,0.126,0.3999999999999988,0.10900000000000001
0.33765,0.08919149999999999,3.15,0.41000000000000036,0.126,0.3999999999999988,0.108
0.3377,0.09261,3.3,0.41000000000000036,0.126,0.389999999999999,0.107
0.33775,0.0957745,3.4499999999999997,0.41000000000000036,0.125,0.389999999999999,0.106
0.3378,0.098769,3.5500000000000003,0.41000000000000036,0.125,0.389999999999999,0.10500000000000001
0.33785000000000004,0.10163799999999999,3.7,0.3999999999999988,0.124,0.389999999999999,0.104
0.33790000000000003,0.104296,3.85,0.3999999999999988,0.12300000000000001,0.389999999999999,0.103
0.33795000000000003,0.10664399999999999,4.0,0.3999999999999988,0.122,0.389999999999999,0.103
0.338,0.10868,4.15,0.3999999999999988,0.121,0.389999999999999,0.102
0.33805,0.1105245,4.25,0.389999999999999,0.12000000000000001,0.380000000000001,0.101
0.3381,0.112207,4.4,0.389999999999999,0.118,0.380000000000001,0.101
0.33815,0.11356799999999999,4.55,0.389999999999999,0.117,0.380000000000001,0.1
0.3382,0.11459449999999999,4.7,0.389999999999999,0.115,0.380000000000001,0.1
0.33825,0.1154325,4.799999999999999,0.380000000000001,0.114,0.380000000000001,0.09899999999999999
0.3383,0.11599999999999999,4.949999999999999,0.380000000000001,0.11299999999999999,0.380000000000001,0.09899999999999999
0.33835000000000004,0.1161305,5.1,0.380000000000001,0.111,0.380000000000001,0.098
0.33840000000000003,0.11608349999999999,5.249999999999999,0.380000000000001,0.11,0.380000000000001,0.098
0.33845000000000003,0.115755,5.35,0.380000000000001,0.10900000000000001,0.380000000000001,0.097
0.3385,0.11521949999999999,5.499999999999999,0.380000000000001,0.108,0.380000000000001,0.097
0.33855,0.1143125,5.6499999999999995,0.380000000000001,0.108,0.380000000000001,0.097
0.3386,0.11284849999999999,5.699999999999999,0.380000000000001,0.107,0.380000000000001,0.096
0.33865,0.1114155,5.85,0.380000000000001,0.106,0.380000000000001,0.096
0.3387,0.1094665,5.95,0.380000000000001,0.10500000000000001,0.380000000000001,0.096
0.33875,0.1074005,6.05,0.3700000000000012,0.10500000000000001,0.3700000000000012,0.095
0.3388,0.104943,6.1499999999999995,0.3700000000000012,0.104,0.3700000000000012,0.095
0.33885000000000004,0.10223199999999999,6.249999999999999,0.3700000000000012,0.103,0.3700000000000012,0.095
0.33890000000000003,0.099261,6.3,0.3700000000000012,0.103,0.3700000000000012,0.094
0.33895000000000003,0.096111,6.349999999999999,0.3700000000000012,0.102,0.3700000000000012,0.094
0.339,0.0928355,6.3500000000000005,0.3700000000000012,0.102,0.3700000000000012,0.094
0.33905,0.0896005,6.2,0.3700000000000012,0.101,0.3700000000000012,0.093
0.3391,0.0866305,5.95,0.3700000000000012,0.101,0.3700000000000012,0.093
0.33915,0.084051,5.7,0.3700000000000012,0.1,0.3700000000000012,0.093
0.3392,0.081837,5.55,0.3700000000000012,0.1,0.3700000000000012,0.093
0.33925,0.0798715,5.349999999999999,0.3700000000000012,0.1,0.3700000000000012,0.093
0.3393,0.0781,5.25,0.3700000000000012,0.09899999999999999,0.3700000000000012,0.092
0.33935000000000004,0.0765145,5.149999999999998,0.3700000000000012,0.09899999999999999,0.3700000000000012,0.092
0.33940000000000003,0.0750515,5.050000000000001,0.3700000000000012,0.098,0.3700000000000012,0.092
0.33945000000000003,0.0737295,4.949999999999998,0.3700000000000012,0.098,0.3700000000000012,0.092
0.3395,0.07249499999999999,4.8999999999999995,0.3700000000000012,0.098,0.3700000000000012,0.091
0.33955,0.0713475,4.8,0.3700000000000012,0.097,0.3700000000000012,0.091
0.3396,0.070297,4.75,0.3700000000000012,0.097,0.3700000000000012,0.091
0.33965,0.069261,4.7,0.3700000000000012,0.097,0.3700000000000012,0.091
0.3397,0.068304,4.6499999999999995,0.3700000000000012,0.096,0.3700000000000012,0.091
0.33975,0.067393,4.600000000000001,0.3700000000000012,0.096,0.3700000000000012,0.091
0.3398,0.066495,4.55,0.3700000000000012,0.096,0.3700000000000012,0.09000000000000001
0.33985000000000004,0.0655915,4.5,0.35999999999999965,0.096,0.35999999999999965,0.09000000000000001
0.33990000000000004,0.064678,4.449999999999998,0.35999999999999965,0.095,0.35999999999999965,0.09000000000000001
0.33995000000000003,0.06368399999999999,4.450000000000001,0.35999999999999965,0.095,0.35999999999999965,0.09000000000000001
0.34,0.062607,4.3999999999999995,0.3400000000000001,0.095,0.0,0.0
0.34005,0.0597385,4.15,0.31999999999999873,0.095,0.0,0.0
0.3401,0.056209499999999996,4.0,0.3100000000000007,0.094,0.0,0.0
0.34015,0.0524115,3.75,0.29000000000000115,0.094,0.0,0.0
0.3402,0.048546,3.55,0.29000000000000115,0.093,0.0,0.0
0.34025,0.0445375,3.4000000000000004,0.28000000000000136,0.093,0.0,0.0
0.3403,0.0405055,3.1999999999999993,0.2699999999999998,0.092,0.0,0.0
0.34035000000000004,0.036504,3.000000000000001,0.25999999999999823,0.091,0.0,0.0
0.34040000000000004,0.0325995,2.8500000000000005,0.25999999999999823,0.089,0.0,0.0
0.34045000000000003,0.028768,2.6500000000000012,0.23999999999999866,0.087,0.0,0.0
0.3405,0.025041499999999998,2.500000000000001,0.23999999999999866,0.085,0.0,0.0
0.34055,0.021445,2.25,0.22000000000000086,0.083,0.0,0.0
0.3406,0.0180535,2.1000000000000005,0.22000000000000086,0.079,0.0,0.0
0.34065,0.0148425,1.8999999999999997,0.2000000000000013,0.076,0.0,0.0
0.3407,0.011821,1.6999999999999986,0.1900000000000015,0.07100000000000001,0.0,0.0
0.34075,0.009078,1.55,0.16999999999999837,0.066,0.0,0.0
0.3408,0.0065379999999999995,1.349999999999999,0.15000000000000058,0.060000000000000005,0.0,0.0
0.34085000000000004,0.0043514999999999995,1.1499999999999997,0.130000000000001,0.053,0.0,0.0
0.34090000000000004,0.0024705,0.8999999999999997,0.11000000000000142,0.045000000000000005,0.0,0.0
0.34095000000000003,0.00099,0.6500000000000015,0.09000000000000007,0.033,0.0,0.0
0.341,5.3e-05,0.24999999999999928,0.030000000000001352,0.012,0.0,0.0
0.34105,0.0,0.0,0.0,0.0,0.0,0.0
