t,volume,length,width,depth,local_width,local_depth
0.0,0.0,0.0,0.0,0.0,0.0,0.0
5e-05,0.001498,0.35,0.31,0.029,0.31,0.029
0.0001,0.0030074999999999998,0.5,0.31,0.043,0.31,0.043000000000000003
0.00015000000000000001,0.004634,0.6000000000000001,0.31,0.051,0.31,0.051
0.0002,0.006294999999999999,0.75,0.31,0.057,0.31,0.057
0.00025,0.0078955,0.9,0.31,0.060000000000000005,0.31,0.060000000000000005
0.00030000000000000003,0.00946,1.0,0.31,0.062,0.31,0.062
0.00035,0.010921,1.15,0.31,0.063,0.31,0.063
0.0004,0.012213,1.3,0.31,0.063,0.31,0.063
0.00045000000000000004,0.0133805,1.4,0.31,0.063,0.31,0.063
0.0005,0.0143805,1.55,0.31,0.063,0.31,0.063
0.00055,0.0151825,1.6500000000000001,0.31,0.063,0.31,0.063
0.0006000000000000001,0.0158025,1.8,0.31,0.063,0.31,0.063
0.0006500000000000001,0.016222,1.9000000000000004,0.31,0.063,0.31,0.063
0.0007,0.016451,2.0,0.31,0.063,0.31,0.063
0.00075,0.0165295,2.05,0.31,0.063,0.31,0.063
0.0008,0.016535499999999998,2.0999999999999996,0.31,0.063,0.31,0.063
0.0008500000000000001,0.016536,2.0999999999999996,0.31,0.063,0.31,0.063
0.0009000000000000001,0.016536,2.0999999999999996,0.31,0.063,0.31,0.063
0.00095,0.016536,2.0999999999999996,0.31,0.063,0.31,0.063
0.001,0.016536,2.0999999999999996,0.31,0.063,0.31,0.063
0.0010500000000000002,0.016537,2.0999999999999996,0.31,0.063,0.31,0.063
0.0011,0.016537,2.0999999999999996,0.31,0.063,0.31,0.063
0.00115,0.016537,2.1,0.31,0.063,0.31,0.063
0.0012000000000000001,0.016537,2.1,0.31,0.063,0.31,0.063
0.00125,0.016537,2.0999999999999996,0.31,0.063,0.31,0.063
0.0013000000000000002,0.016537,2.0999999999999996,0.31,0.063,0.31,0.063
0.00135,0.016537,2.1,0.31,0.063,0.31,0.063
0.0014,0.016537,2.0999999999999996,0.31,0.063,0.31,0.063
0.0014500000000000001,0.016537,2.1,0.31,0.063,0.31,0.063
0.0015,0.016537,2.099999999999999,0.31,0.063,0.31,0.063
0.0015500000000000002,0.016537,2.0999999999999996,0.31,0.063,0.31,0.063
0.0016,0.016537,2.099999999999999,0.31,0.063,0.31,0.063
0.00165,0.016537,2.0999999999999996,0.31,0.063,0.31,0.063
0.0017000000000000001,0.016537,2.1,0.31,0.063,0.31,0.063
0.00175,0.016537,2.0999999999999996,0.31,0.063,0.31,0.063
0.0018000000000000002,0.016537,2.1,0.31,0.063,0.31,0.063
0.00185,0.016537,2.099999999999999,0.31,0.063,0.31,0.063
0.0019,0.016537,2.0999999999999996,0.31,0.063,0.31,0.063
0.0019500000000000001,0.016537,2.1,0.31,0.063,0.31,0.063
0.002,0.016537,2.1000000000000005,0.31,0.063,0.31,0.063
0.00205,0.016537,2.0999999999999996,0.31,0.063,0.31,0.063
0.0021000000000000003,0.016537,2.1000000000000005,0.31,0.063,0.31,0.063
0.00215,0.016537,2.1000000000000005,0.31,0.063,0.31,0.063
0.0022,0.016537,2.1000000000000005,0.31,0.063,0.31,0.063
0.0022500000000000003,0.016537,2.1000000000000005,0.31,0.063,0.31,0.063
0.0023,0.016537,2.0999999999999996,0.31,0.063,0.31,0.063
0.00235,0.016537,2.0999999999999996,0.31,0.063,0.31,0.063
0.0024000000000000002,0.016537,2.0999999999999996,0.31,0.063,0.31,0.063
0.00245,0.016537,2.0999999999999996,0.31,0.063,0.31,0.063
0.0025,0.016537,2.0999999999999996,0.31,0.063,0.31,0.063
0.00255,0.016537,2.0999999999999996,0.31,0.063,0.31,0.063
0.0026000000000000003,0.016537,2.0999999999999996,0.31,0.063,0.31,0.063
0.00265,0.016537,2.1000000000000005,0.31,0.063,0.31,0.063
0.0027,0.016537,2.1000000000000005,0.31,0.063,0.31,0.063
0.0027500000000000003,0.016537,2.0999999999999996,0.31,0.063,0.31,0.063
0.0028,0.016537,2.0999999999999996,0.31,0.063,0.31,0.063
0.00285,0.016537,2.1000000000000005,0.31,0.063,0.31,0.063
0.0029000000000000002,0.016537,2.1000000000000005,0.31,0.063,0.31,0.063
0.00295,0.016537,2.0999999999999996,0.31,0.063,0.31,0.063
0.003,0.016537,2.0999999999999996,0.31,0.063,0.31,0.063
0.00305,0.016537,2.0999999999999996,0.31,0.063,0.31,0.063
0.0031000000000000003,0.016537,2.1000000000000005,0.31,0.063,0.31,0.063
0.00315,0.016537,2.0999999999999988,0.31,0.063,0.31,0.063
0.0032,0.016537,2.1000000000000014,0.31,0.063,0.31,0.063
0.0032500000000000003,0.016537,2.0999999999999996,0.31,0.063,0.31,0.063
0.0033,0.016537,2.0999999999999996,0.31,0.063,0.31,0.063
0.00335,0.0161025,2.000000000000001,0.29,0.063,0.0,0.0
0.0034000000000000002,0.014313999999999999,1.8500000000000008,0.26999999999999996,0.063,0.0,0.0
0.0034500000000000004,0.012321499999999999,1.6499999999999997,0.25,0.063,0.0,0.0
0.0035,0.010301,1.4999999999999993,0.23,0.063,0.0,0.0
0.00355,0.0082785,1.3500000000000008,0.21000000000000002,0.062,0.0,0.0
0.0036000000000000003,0.0064395,1.1500000000000015,0.19000000000000003,0.060000000000000005,0.0,0.0
0.00365,0.004732,1.000000000000001,0.19000000000000003,0.057,0.0,0.0
0.0037,0.0031885,0.8,0.17,0.053,0.0,0.0
0.0037500000000000003,0.0019405,0.6500000000000015,0.13,0.047,0.0,0.0
0.0038,0.000935,0.45000000000000034,0.11,0.038,0.0,0.0
0.00385,0.00023999999999999998,0.3,0.07,0.025,0.0,0.0
0.0039000000000000003,0.0,0.0,0.0,0.0,0.0,0.0
0.00395,0.0,0.0,0.0,0.0,0.0,0.0
0.004,0.0,0.0,0.0,0.0,0.0,0.0
0.00405,0.0,0.0,0.0,0.0,0.0,0.0
0.0041,0.0,0.0,0.0,0.0,0.0,0.0
0.00415,0.0,0.0,0.0,0.0,0.0,0.0
0.004200000000000001,0.0,0.0,0.0,0.0,0.0,0.0
0.00425,0.000459,0.3,0.25,0.012,0.25,0.012
0.0043,0.0025915,0.39999999999999963,0.35,0.038,0.35,0.038
0.004350000000000001,0.0047935,0.5500000000000018,0.35,0.053,0.35,0.053
0.0044,0.007127,0.6499999999999997,0.35,0.064,0.35,0.064
0.00445,0.009651999999999999,0.8,0.35,0.07100000000000001,0.35,0.07100000000000001
0.0045000000000000005,0.0121985,0.9500000000000004,0.35,0.076,0.35,0.076
0.00455,0.0147125,1.1000000000000008,0.35,0.08,0.35,0.08
0.0046,0.01715,1.2499999999999993,0.35,0.082,0.35,0.082
0.0046500000000000005,0.019518,1.3500000000000008,0.35,0.08399999999999999,0.35,0.08399999999999999
0.0047,0.021823,1.500000000000001,0.35,0.085,0.35,0.08399999999999999
0.00475,0.023971,1.6500000000000015,0.33999999999999997,0.085,0.33999999999999997,0.08399999999999999
0.0048000000000000004,0.025908999999999998,1.8,0.33999999999999997,0.085,0.33999999999999997,0.083
0.00485,0.027698499999999997,1.8999999999999997,0.33999999999999997,0.08399999999999999,0.33999999999999997,0.082
0.0049,0.029338999999999997,2.05,0.33999999999999997,0.083,0.33999999999999997,0.081
0.00495,0.0307735,2.2,0.33999999999999997,0.082,0.33999999999999997,0.081
0.005,0.031929,2.3500000000000005,0.33999999999999997,0.081,0.33999999999999997,0.08
0.005050000000000001,0.032921,2.4499999999999993,0.33999999999999997,0.081,0.33999999999999997,0.079
0.0051,0.033660999999999996,2.5999999999999996,0.33999999999999997,0.08,0.33999999999999997,0.079
0.00515,0.0341285,2.6999999999999984,0.33999999999999997,0.079,0.33999999999999997,0.078
0.005200000000000001,0.0343985,2.8499999999999988,0.33999999999999997,0.079,0.33999999999999997,0.078
0.00525,0.034373,2.9499999999999993,0.33999999999999997,0.078,0.33999999999999997,0.077
0.0053,0.034123,3.0999999999999996,0.33999999999999997,0.078,0.33999999999999997,0.077
0.005350000000000001,0.033608,3.2,0.33999999999999997,0.077,0.33999999999999997,0.077
0.0054,0.032899,3.249999999999999,0.33999999999999997,0.077,0.33999999999999997,0.076
0.00545,0.032083,3.249999999999999,0.33999999999999997,0.076,0.33999999999999997,0.076
0.0055000000000000005,0.031321,3.1499999999999986,0.33999999999999997,0.076,0.33999999999999997,0.076
0.00555,0.030631,3.0999999999999996,0.33999999999999997,0.075,0.33999999999999997,0.075
0.0056,0.0300145,3.0500000000000007,0.33999999999999997,0.075,0.33999999999999997,0.075
0.0056500000000000005,0.029439,3.0,0.33999999999999997,0.075,0.33999999999999997,0.075
0.0057,0.0289455,2.95,0.33999999999999997,0.074,0.33999999999999997,0.074
0.00575,0.0284665,2.95,0.32999999999999996,0.074,0.32999999999999996,0.074
0.0058000000000000005,0.0280645,2.9000000000000004,0.32999999999999996,0.074,0.32999999999999996,0.074
0.00585,0.0276475,2.8499999999999996,0.32999999999999996,0.073,0.32999999999999996,0.073
0.0059,0.027288,2.8500000000000005,0.32999999999999996,0.073,0.32999999999999996,0.073
0.00595,0.026942999999999998,2.8,0.32999999999999996,0.073,0.32999999999999996,0.073
0.006,0.0266205,2.8,0.32999999999999996,0.073,0.32999999999999996,0.073
0.006050000000000001,0.0263195,2.75,0.32999999999999996,0.073,0.32999999999999996,0.073
0.0061,0.026043,2.75,0.32999999999999996,0.07200000000000001,0.32999999999999996,0.07200000000000001
0.00615,0.025765,2.6999999999999993,0.32999999999999996,0.07200000000000001,0.32999999999999996,0.07200000000000001
0.006200000000000001,0.0255225,2.6999999999999993,0.32999999999999996,0.07200000000000001,0.32999999999999996,0.07200000000000001
0.00625,0.025282,2.6999999999999997,0.32999999999999996,0.07200000000000001,0.32999999999999996,0.07200000000000001
0.0063,0.0250685,2.6499999999999995,0.32999999999999996,0.07200000000000001,0.32999999999999996,0.07200000000000001
0.006350000000000001,0.024850499999999998,2.65,0.32999999999999996,0.07100000000000001,0.32999999999999996,0.07100000000000001
0.0064,0.0246415,2.65,0.32999999999999996,0.07100000000000001,0.32999999999999996,0.07100000000000001
0.00645,0.024453,2.5999999999999996,0.32999999999999996,0.07100000000000001,0.32999999999999996,0.07100000000000001
0.006500000000000001,0.0242725,2.599999999999999,0.32999999999999996,0.07100000000000001,0.32999999999999996,0.07100000000000001
0.00655,0.0240995,2.6,0.32999999999999996,0.07100000000000001,0.32999999999999996,0.07100000000000001
0.0066,0.023920999999999998,2.5999999999999996,0.32999999999999996,0.07100000000000001,0.32999999999999996,0.07100000000000001
0.0066500000000000005,0.023768499999999998,2.6,0.32999999999999996,0.06999999999999998,0.32999999999999996,0.06999999999999999
0.0067,0.0236175,2.55,0.32999999999999996,0.06999999999999998,0.32999999999999996,0.06999999999999999
0.00675,0.0234715,2.5500000000000003,0.32999999999999996,0.06999999999999998,0.32999999999999996,0.06999999999999999
0.0068000000000000005,0.023330999999999998,2.55,0.32999999999999996,0.06999999999999998,0.32999999999999996,0.06999999999999999
0.00685,0.023194,2.5499999999999994,0.32999999999999996,0.06999999999999998,0.32999999999999996,0.06999999999999999
0.006900000000000001,0.023064499999999998,2.5500000000000003,0.32999999999999996,0.06999999999999998,0.32999999999999996,0.06999999999999999
0.0069500000000000004,0.022942999999999998,2.5,0.32999999999999996,0.06999999999999998,0.32999999999999996,0.06999999999999999
0.007,0.022821499999999998,2.4999999999999996,0.32999999999999996,0.06999999999999998,0.32999999999999996,0.06999999999999999
0.007050000000000001,0.022711,2.5,0.32999999999999996,0.06999999999999998,0.32999999999999996,0.06999999999999999
0.0071,0.0225975,2.5,0.32999999999999996,0.06899999999999999,0.32999999999999996,0.06899999999999999
0.00715,0.022481499999999998,2.5,0.32999999999999996,0.06899999999999999,0.32999999999999996,0.06899999999999999
0.007200000000000001,0.0223935,2.4999999999999996,0.32999999999999996,0.06899999999999999,0.32999999999999996,0.06899999999999999
0.00725,0.022288,2.4999999999999996,0.32999999999999996,0.06899999999999999,0.32999999999999996,0.06899999999999999
0.0073,0.022195,2.45,0.32999999999999996,0.06899999999999999,0.32999999999999996,0.06899999999999999
0.007350000000000001,0.022102999999999998,2.4499999999999993,0.32999999999999996,0.06899999999999999,0.32999999999999996,0.06899999999999999
0.0074,0.0220015,2.4499999999999997,0.32999999999999996,0.06899999999999999,0.32999999999999996,0.06899999999999999
0.00745,0.021901,2.4499999999999997,0.32999999999999996,0.06899999999999999,0.32999999999999996,0.06899999999999999
0.007500000000000001,0.021792,2.4499999999999997,0.32999999999999996,0.06899999999999999,0.32999999999999996,0.06899999999999999
0.00755,0.021646,2.4499999999999997,0.32999999999999996,0.06899999999999999,0.32999999999999996,0.06899999999999999
0.0076,0.020739499999999998,2.3,0.29000000000000004,0.06899999999999999,0.0,0.0
0.0076500000000000005,0.0186535,2.15,0.27,0.068,0.0,0.0
0.0077,0.016373,1.9000000000000001,0.25,0.068,0.0,0.0
0.00775,0.0140655,1.75,0.24000000000000002,0.068,0.0,0.0
0.0078000000000000005,0.011750499999999999,1.6,0.23000000000000004,0.067,0.0,0.0
0.007850000000000001,0.009552999999999999,1.4,0.20999999999999996,0.066,0.0,0.0
0.0079,0.0074954999999999996,1.25,0.19,0.063,0.0,0.0
0.00795,0.0055509999999999995,1.1,0.18000000000000002,0.060000000000000005,0.0,0.0
0.008,0.0038715,0.9,0.16000000000000003,0.055,0.0,0.0
0.00805,0.002412,0.7500000000000001,0.14,0.049,0.0,0.0
0.0081,0.001248,0.55,0.10999999999999999,0.041,0.0,0.0
0.008150000000000001,0.00038449999999999997,0.3,0.07999999999999997,0.028,0.0,0.0
0.0082,0.0,0.0,0.0,0.0,0.0,0.0
0.00825,0.0,0.0,0.0,0.0,0.0,0.0
0.0083,0.0,0.0,0.0,0.0,0.0,0.0
0.00835,0.0,0.0,0.0,0.0,0.0,0.0
0.008400000000000001,0.0,0.0,0.0,0.0,0.0,0.0
0.008450000000000001,0.0,0.0,0.0,0.0,0.0,0.0
0.0085,0.0010119999999999999,0.35000000000000003,0.30000000000000004,0.02,0.30000000000000004,0.02
0.00855,0.0032465,0.44999999999999996,0.36000000000000004,0.043,0.36000000000000004,0.043000000000000003
0.0086,0.005640999999999999,0.6000000000000001,0.36000000000000004,0.057,0.36000000000000004,0.057
0.00865,0.008195,0.7500000000000001,0.36000000000000004,0.067,0.36000000000000004,0.067
0.008700000000000001,0.010952,0.8500000000000001,0.36000000000000004,0.074,0.36000000000000004,0.074
0.00875,0.01375,1.0,0.36000000000000004,0.08,0.36000000000000004,0.08
0.0088,0.0165445,1.1500000000000001,0.35000000000000003,0.08399999999999999,0.3500000000000001,0.08399999999999999
0.00885,0.019271999999999997,1.3,0.35000000000000003,0.086,0.3500000000000001,0.08600000000000001
0.0089,0.02192,1.4,0.35000000000000003,0.088,0.3500000000000001,0.088
0.00895,0.024568,1.55,0.35000000000000003,0.09000000000000001,0.3500000000000001,0.089
0.009000000000000001,0.027057499999999998,1.7,0.35000000000000003,0.09000000000000001,0.3500000000000001,0.088
0.00905,0.029394499999999997,1.85,0.35000000000000003,0.091,0.3500000000000001,0.088
0.0091,0.031543,2.0,0.35000000000000003,0.09000000000000001,0.3500000000000001,0.087
0.00915,0.0335825,2.0999999999999996,0.35000000000000003,0.09000000000000001,0.3500000000000001,0.08600000000000001
0.0092,0.0354345,2.2499999999999996,0.35000000000000003,0.089,0.3500000000000001,0.08600000000000001
0.009250000000000001,0.037074499999999996,2.3999999999999995,0.35000000000000003,0.088,0.3500000000000001,0.085
0.009300000000000001,0.038466,2.5,0.35000000000000003,0.088,0.3500000000000001,0.08399999999999999
0.00935,0.039682999999999996,2.6,0.34,0.087,0.3400000000000001,0.08399999999999999
0.0094,0.040678,2.75,0.34,0.086,0.3400000000000001,0.083
0.00945,0.041381,2.9,0.34,0.085,0.3400000000000001,0.083
0.0095,0.041901999999999995,2.9999999999999996,0.34,0.085,0.3400000000000001,0.082
0.009550000000000001,0.0421285,3.1499999999999995,0.34,0.08399999999999999,0.3400000000000001,0.082
0.009600000000000001,0.04213,3.2499999999999996,0.34,0.083,0.3400000000000001,0.082
0.00965,0.041854499999999996,3.35,0.34,0.083,0.3400000000000001,0.081
0.0097,0.041336,3.4499999999999997,0.34,0.082,0.3400000000000001,0.081
0.00975,0.040632499999999995,3.55,0.34,0.082,0.3400000000000001,0.08
0.0098,0.0397335,3.5999999999999996,0.34,0.081,0.3400000000000001,0.08
0.009850000000000001,0.0388395,3.55,0.34,0.081,0.3400000000000001,0.08
0.0099,0.0379725,3.4999999999999996,0.34,0.081,0.3400000000000001,0.08
0.00995,0.0372015,3.4,0.34,0.08,0.3400000000000001,0.079
0.01,0.036494,3.349999999999999,0.34,0.08,0.3400000000000001,0.079
0.01005,0.0358515,3.3,0.34,0.08,0.3400000000000001,0.079
0.010100000000000001,0.035266,3.25,0.34,0.079,0.3400000000000001,0.078
0.010150000000000001,0.0347125,3.2,0.34,0.079,0.3400000000000001,0.078
0.0102,0.034212,3.1999999999999997,0.34,0.079,0.3400000000000001,0.078
0.01025,0.033741,3.1500000000000004,0.34,0.078,0.3400000000000001,0.078
0.0103,0.033318,3.0999999999999996,0.34,0.078,0.3400000000000001,0.077
0.01035,0.0329095,3.1,0.34,0.078,0.3400000000000001,0.077
0.010400000000000001,0.0325385,3.0500000000000003,0.34,0.078,0.3400000000000001,0.077
0.010450000000000001,0.0321725,3.05,0.34,0.077,0.3400000000000001,0.077
0.0105,0.031826,3.0,0.34,0.077,0.3400000000000001,0.077
0.01055,0.0315125,2.9999999999999996,0.34,0.077,0.3400000000000001,0.077
0.0106,0.031226,2.9499999999999997,0.34,0.077,0.3400000000000001,0.076
0.01065,0.030926,2.9499999999999993,0.34,0.077,0.3400000000000001,0.076
0.010700000000000001,0.030666,2.9499999999999997,0.34,0.076,0.3400000000000001,0.076
0.010750000000000001,0.030414499999999997,2.8999999999999995,0.34,0.076,0.3400000000000001,0.076
0.0108,0.0301735,2.8999999999999995,0.34,0.076,0.3400000000000001,0.076
0.01085,0.0299485,2.9000000000000004,0.34,0.076,0.3400000000000001,0.076
0.0109,0.0297185,2.8499999999999996,0.34,0.076,0.3400000000000001,0.075
0.01095,0.029509499999999998,2.8499999999999996,0.34,0.076,0.3400000000000001,0.075
0.011000000000000001,0.029304999999999998,2.8499999999999988,0.34,0.075,0.3400000000000001,0.075
0.01105,0.029123999999999997,2.8499999999999996,0.34,0.075,0.3400000000000001,0.075
0.0111,0.028925,2.8,0.34,0.075,0.3400000000000001,0.075
0.01115,0.0287555,2.8,0.34,0.075,0.3400000000000001,0.075
0.0112,0.028579499999999997,2.8,0.34,0.075,0.3400000000000001,0.075
0.011250000000000001,0.028419,2.8000000000000007,0.34,0.075,0.3400000000000001,0.075
0.011300000000000001,0.028263,2.8000000000000007,0.34,0.075,0.3400000000000001,0.074
0.01135,0.028100499999999997,2.749999999999999,0.34,0.074,0.3400000000000001,0.074
0.0114,0.027965,2.749999999999999,0.34,0.074,0.3400000000000001,0.074
0.01145,0.027835,2.75,0.34,0.074,0.3400000000000001,0.074
0.0115,0.027687,2.75,0.34,0.074,0.3400000000000001,0.074
0.011550000000000001,0.027548,2.749999999999999,0.34,0.074,0.3400000000000001,0.074
0.011600000000000001,0.027422,2.749999999999999,0.33000000000000007,0.074,0.33000000000000007,0.074
0.01165,0.027281999999999997,2.7,0.33000000000000007,0.074,0.33000000000000007,0.074
0.0117,0.027150499999999998,2.6999999999999993,0.33000000000000007,0.074,0.33000000000000007,0.074
0.01175,0.0269615,2.7,0.33000000000000007,0.074,0.33000000000000007,0.074
0.0118,0.0267495,2.7,0.33000000000000007,0.074,0.33000000000000007,0.073
0.011850000000000001,0.0253315,2.55,0.29000000000000004,0.073,0.0,0.0
0.0119,0.0229955,2.4000000000000004,0.27,0.073,0.0,0.0
0.01195,0.020514499999999998,2.2,0.26,0.073,0.0,0.0
0.012,0.0179585,1.9999999999999993,0.25,0.07200000000000001,0.0,0.0
0.01205,0.0153925,1.849999999999999,0.22999999999999998,0.07200000000000001,0.0,0.0
0.012100000000000001,0.012907499999999999,1.6500000000000015,0.21999999999999997,0.06999999999999998,0.0,0.0
0.012150000000000001,0.010554,1.500000000000001,0.21,0.068,0.0,0.0
0.0122,0.00831,1.3500000000000008,0.19,0.06499999999999999,0.0,0.0
0.01225,0.0062499999999999995,1.1499999999999997,0.18,0.061,0.0,0.0
0.0123,0.004423,1.000000000000001,0.16000000000000003,0.057,0.0,0.0
0.01235,0.0028009999999999997,0.8,0.13999999999999999,0.05,0.0,0.0
0.012400000000000001,0.0015065,0.6000000000000008,0.12000000000000001,0.041999999999999996,0.0,0.0
0.012450000000000001,0.0005285,0.39999999999999963,0.08,0.030000000000000002,0.0,0.0
0.0125,4.5e-06,0.05,0.02000000000000001,0.005,0.0,0.0
0.01255,0.0,0.0,0.0,0.0,0.0,0.0
0.0126,0.0,0.0,0.0,0.0,0.0,0.0
0.01265,0.0,0.0,0.0,0.0,0.0,0.0
0.012700000000000001,0.0,0.0,0.0,0.0,0.0,0.0
0.012750000000000001,0.0015574999999999999,0.39999999999999963,0.33000000000000007,0.027,0.33000000000000007,0.027
0.0128,0.003932,0.5000000000000011,0.36000000000000004,0.048,0.36000000000000004,0.048
0.01285,0.0065025,0.6500000000000015,0.37,0.061,0.37,0.061
0.0129,0.0092485,0.8000000000000018,0.36000000000000004,0.07100000000000001,0.36000000000000004,0.07100000000000001
0.012950000000000001,0.012215,0.8999999999999997,0.36000000000000004,0.078,0.36000000000000004,0.078
0.013000000000000001,0.01525,0.9999999999999993,0.36000000000000004,0.083,0.36000000000000004,0.083
0.01305,0.0182785,1.1499999999999997,0.36000000000000004,0.087,0.36000000000000004,0.087
0.0131,0.0212445,1.3,0.36000000000000004,0.09000000000000001,0.36000000000000004,0.09000000000000001
0.01315,0.024159,1.4500000000000004,0.36000000000000004,0.092,0.36000000000000004,0.092
0.0132,0.027079,1.5500000000000018,0.37,0.094,0.37,0.093
0.013250000000000001,0.0298685,1.7000000000000004,0.37,0.095,0.37,0.093
0.013300000000000001,0.0324825,1.8500000000000025,0.36,0.095,0.36,0.092
0.01335,0.034963,2.000000000000001,0.36,0.095,0.36,0.091
0.0134,0.037308999999999995,2.1000000000000005,0.36,0.095,0.36,0.091
0.01345,0.039506,2.25,0.36,0.095,0.36,0.09000000000000001
0.0135,0.0414825,2.3999999999999995,0.36,0.094,0.36,0.089
0.013550000000000001,0.043264,2.55,0.35000000000000003,0.093,0.35000000000000003,0.089
0.013600000000000001,0.044794999999999995,2.6499999999999995,0.35000000000000003,0.092,0.35000000000000003,0.088
0.01365,0.046179,2.799999999999999,0.35000000000000003,0.091,0.35000000000000003,0.087
0.0137,0.0473165,2.95,0.35000000000000003,0.091,0.35000000000000003,0.087
0.01375,0.048147999999999996,3.049999999999999,0.35000000000000003,0.09000000000000001,0.35000000000000003,0.08600000000000001
0.013800000000000002,0.0488295,3.1999999999999993,0.35000000000000003,0.089,0.35000000000000003,0.08600000000000001
0.013850000000000001,0.049203,3.3499999999999988,0.35000000000000003,0.088,0.35000000000000003,0.08600000000000001
0.013900000000000001,0.049336,3.45,0.35000000000000003,0.088,0.35000000000000003,0.085
0.01395,0.049197,3.5999999999999996,0.35000000000000003,0.087,0.35000000000000003,0.085
0.014,0.048832999999999994,3.700000000000001,0.35000000000000003,0.087,0.35000000000000003,0.08399999999999999
0.01405,0.048203499999999996,3.8000000000000007,0.35000000000000003,0.086,0.35000000000000003,0.08399999999999999
0.014100000000000001,0.047334499999999995,3.8999999999999995,0.35000000000000003,0.086,0.35000000000000003,0.08399999999999999
0.014150000000000001,0.0463345,3.8999999999999995,0.3400000000000001,0.085,0.3400000000000001,0.083
0.0142,0.045245,3.8999999999999986,0.3400000000000001,0.085,0.3400000000000001,0.083
0.01425,0.0442035,3.8499999999999996,0.3400000000000001,0.08399999999999999,0.3400000000000001,0.083
0.0143,0.0432155,3.749999999999999,0.3400000000000001,0.08399999999999999,0.3400000000000001,0.082
0.01435,0.04237,3.7,0.3400000000000001,0.083,0.3400000000000001,0.082
0.014400000000000001,0.0415645,3.5999999999999996,0.3400000000000001,0.083,0.3400000000000001,0.082
0.014450000000000001,0.0408225,3.5500000000000007,0.3400000000000001,0.083,0.3400000000000001,0.082
0.0145,0.0401525,3.5,0.3400000000000001,0.082,0.3400000000000001,0.081
0.01455,0.039524,3.499999999999999,0.3400000000000001,0.082,0.3400000000000001,0.081
0.0146,0.038957,3.4499999999999993,0.3400000000000001,0.082,0.3400000000000001,0.081
0.014650000000000002,0.038408,3.3999999999999995,0.3400000000000001,0.082,0.3400000000000001,0.081
0.014700000000000001,0.037902,3.3499999999999996,0.3400000000000001,0.081,0.3400000000000001,0.08
0.014750000000000001,0.0374365,3.3500000000000005,0.3400000000000001,0.081,0.3400000000000001,0.08
0.0148,0.036985,3.2999999999999994,0.3400000000000001,0.081,0.3400000000000001,0.08
0.01485,0.036563,3.3,0.3400000000000001,0.08,0.3400000000000001,0.08
0.0149,0.036166,3.2500000000000004,0.3400000000000001,0.08,0.3400000000000001,0.08
0.014950000000000001,0.0357775,3.25,0.3400000000000001,0.08,0.3400000000000001,0.079
0.015000000000000001,0.035436999999999996,3.1999999999999997,0.3400000000000001,0.08,0.3400000000000001,0.079
0.015050000000000001,0.035092,3.1999999999999997,0.3400000000000001,0.08,0.3400000000000001,0.079
0.0151,0.034770999999999996,3.1500000000000004,0.3400000000000001,0.079,0.3400000000000001,0.079
0.01515,0.0344705,3.15,0.3400000000000001,0.079,0.3400000000000001,0.079
0.0152,0.034172999999999995,3.15,0.3400000000000001,0.079,0.3400000000000001,0.079
0.015250000000000001,0.033884,3.0999999999999996,0.3400000000000001,0.079,0.3400000000000001,0.078
0.015300000000000001,0.033616,3.1,0.3400000000000001,0.079,0.3400000000000001,0.078
0.01535,0.033366,3.0999999999999996,0.3400000000000001,0.078,0.3400000000000001,0.078
0.0154,0.0331295,3.0500000000000003,0.3400000000000001,0.078,0.3400000000000001,0.078
0.01545,0.032889,3.05,0.3400000000000001,0.078,0.3400000000000001,0.078
0.0155,0.032663,3.05,0.3400000000000001,0.078,0.3400000000000001,0.078
0.015550000000000001,0.0324475,2.9999999999999996,0.3400000000000001,0.078,0.3400000000000001,0.078
0.015600000000000001,0.0322355,3.0,0.3400000000000001,0.078,0.3400000000000001,0.077
0.01565,0.032029999999999996,2.9999999999999996,0.3400000000000001,0.078,0.3400000000000001,0.077
0.015700000000000002,0.031835999999999996,3.0,0.3400000000000001,0.077,0.3400000000000001,0.077
0.01575,0.031637,3.0,0.3400000000000001,0.077,0.3400000000000001,0.077
0.0158,0.0314575,2.95,0.3400000000000001,0.077,0.3400000000000001,0.077
0.01585,0.031272,2.9499999999999997,0.3400000000000001,0.077,0.3400000000000001,0.077
0.0159,0.031087999999999998,2.9499999999999997,0.3400000000000001,0.077,0.3400000000000001,0.077
0.015950000000000002,0.030869999999999998,2.9499999999999997,0.3400000000000001,0.077,0.3400000000000001,0.077
0.016,0.0305865,2.9499999999999997,0.33000000000000007,0.077,0.33000000000000007,0.076
0.016050000000000002,0.0302775,2.9,0.33000000000000007,0.077,0.33000000000000007,0.076
0.0161,0.028368499999999998,2.6999999999999997,0.29000000000000004,0.076,0.0,0.0
0.01615,0.0258365,2.5499999999999994,0.28,0.076,0.0,0.0
0.0162,0.0231945,2.3499999999999996,0.26,0.076,0.0,0.0
0.01625,0.0204565,2.1999999999999997,0.25,0.075,0.0,0.0
0.016300000000000002,0.0177135,2.0,0.23999999999999996,0.074,0.0,0.0
0.01635,0.015046499999999999,1.8,0.22000000000000003,0.073,0.0,0.0
0.0164,0.012489,1.65,0.21000000000000002,0.07100000000000001,0.0,0.0
0.01645,0.010062,1.5,0.2,0.068,0.0,0.0
0.0165,0.0077855,1.3,0.18,0.064,0.0,0.0
0.016550000000000002,0.005738,1.15,0.17,0.060000000000000005,0.0,0.0
0.0166,0.00389,1.0,0.15,0.054,0.0,0.0
0.01665,0.0023569999999999997,0.75,0.11999999999999995,0.047,0.0,0.0
0.0167,0.001099,0.5499999999999999,0.10000000000000002,0.037,0.0,0.0
0.01675,0.00023549999999999998,0.3,0.05999999999999999,0.022,0.0,0.0
0.016800000000000002,0.0,0.0,0.0,0.0,0.0,0.0
0.01685,0.0,0.0,0.0,0.0,0.0,0.0
0.016900000000000002,0.0,0.0,0.0,0.0,0.0,0.0
0.01695,0.0,0.0,0.0,0.0,0.0,0.0
0.017,0.0020915,0.35,0.3400000000000001,0.032,0.3400000000000001,0.032
0.01705,0.0045845,0.5,0.36999999999999994,0.051,0.36999999999999994,0.051
0.0171,0.007293999999999999,0.6500000000000001,0.36999999999999994,0.064,0.36999999999999994,0.064
0.017150000000000002,0.010180999999999999,0.75,0.37999999999999995,0.073,0.37999999999999995,0.073
0.0172,0.013297999999999999,0.9,0.37999999999999995,0.08,0.37999999999999995,0.08
0.01725,0.016467,1.05,0.37999999999999995,0.085,0.37999999999999995,0.085
0.0173,0.019632,1.2,0.36999999999999994,0.089,0.36999999999999994,0.089
0.01735,0.0227735,1.35,0.36999999999999994,0.092,0.36999999999999994,0.092
0.017400000000000002,0.025849,1.5,0.36999999999999994,0.094,0.36999999999999994,0.094
0.01745,0.0288865,1.6,0.36999999999999994,0.096,0.36999999999999994,0.095
0.0175,0.031848999999999995,1.75,0.36999999999999994,0.097,0.36999999999999994,0.094
0.01755,0.034686999999999996,1.9,0.36999999999999994,0.098,0.36999999999999994,0.094
0.0176,0.037369,2.0500000000000003,0.36999999999999994,0.098,0.36999999999999994,0.093
0.017650000000000002,0.0398395,2.2,0.36999999999999994,0.098,0.36999999999999994,0.093
0.0177,0.0422395,2.3,0.36,0.098,0.36,0.092
0.017750000000000002,0.0444745,2.4499999999999997,0.36,0.097,0.36,0.091
0.0178,0.046456,2.5999999999999996,0.36,0.097,0.36,0.091
0.01785,0.0482,2.7499999999999996,0.36,0.096,0.36,0.09000000000000001
0.0179,0.0498205,2.8499999999999996,0.36,0.095,0.36,0.09000000000000001
0.01795,0.0512195,3.0,0.36,0.094,0.36,0.089
0.018000000000000002,0.0523125,3.15,0.36,0.093,0.36,0.089
0.01805,0.0532025,3.2499999999999996,0.36,0.093,0.36,0.088
0.0181,0.0538615,3.4,0.36,0.092,0.36,0.088
0.01815,0.0542265,3.5,0.36,0.091,0.36,0.087
0.0182,0.054376999999999995,3.65,0.36,0.09000000000000001,0.36,0.087
0.018250000000000002,0.0542555,3.75,0.36,0.09000000000000001,0.36,0.08600000000000001
0.0183,0.05389,3.9000000000000004,0.36,0.089,0.36,0.08600000000000001
0.01835,0.053273999999999995,3.9999999999999996,0.36,0.089,0.36,0.08600000000000001
0.0184,0.0524265,4.05,0.36,0.088,0.36,0.085
0.01845,0.0513965,4.1,0.36,0.088,0.36,0.085
0.018500000000000003,0.0502585,4.1,0.36,0.087,0.36,0.085
0.01855,0.049124999999999995,4.1,0.36,0.087,0.36,0.08399999999999999
0.018600000000000002,0.0480485,3.9999999999999996,0.36,0.086,0.36,0.08399999999999999
0.01865,0.0470535,3.95,0.36,0.086,0.36,0.08399999999999999
0.0187,0.046137,3.8499999999999996,0.36,0.086,0.36,0.08399999999999999
0.01875,0.045305,3.8,0.36,0.085,0.36,0.083
0.0188,0.0445405,3.749999999999999,0.36,0.085,0.36,0.083
0.018850000000000002,0.043837999999999995,3.6999999999999997,0.35,0.085,0.35,0.083
0.0189,0.0431745,3.65,0.35,0.08399999999999999,0.35,0.083
0.01895,0.042559,3.6,0.35,0.08399999999999999,0.35,0.082
0.019,0.041995,3.5999999999999996,0.35,0.08399999999999999,0.35,0.082
0.01905,0.041457,3.5500000000000003,0.33999999999999997,0.08399999999999999,0.33999999999999997,0.082
0.019100000000000002,0.040956,3.5000000000000004,0.33999999999999997,0.083,0.33999999999999997,0.082
0.01915,0.040469,3.5,0.33999999999999997,0.083,0.33999999999999997,0.082
0.019200000000000002,0.0400375,3.4500000000000006,0.33999999999999997,0.083,0.33999999999999997,0.082
0.01925,0.0396105,3.4499999999999997,0.33999999999999997,0.083,0.33999999999999997,0.081
0.0193,0.0392065,3.4000000000000004,0.33999999999999997,0.082,0.33999999999999997,0.081
0.019350000000000003,0.0388175,3.3999999999999995,0.33999999999999997,0.082,0.33999999999999997,0.081
0.0194,0.0384655,3.3499999999999996,0.33999999999999997,0.082,0.33999999999999997,0.081
0.019450000000000002,0.038117,3.3499999999999996,0.33999999999999997,0.082,0.33999999999999997,0.081
0.0195,0.0377895,3.3,0.33999999999999997,0.082,0.33999999999999997,0.081
0.01955,0.037475,3.3000000000000007,0.33999999999999997,0.081,0.33999999999999997,0.08
0.0196,0.0371735,3.3000000000000007,0.33999999999999997,0.081,0.33999999999999997,0.08
0.01965,0.036883,3.250000000000001,0.33999999999999997,0.081,0.33999999999999997,0.08
0.019700000000000002,0.0366105,3.249999999999999,0.33999999999999997,0.081,0.33999999999999997,0.08
0.01975,0.036345499999999996,3.25,0.33999999999999997,0.081,0.33999999999999997,0.08
0.0198,0.0360925,3.2,0.33999999999999997,0.08,0.33999999999999997,0.08
0.01985,0.035838,3.200000000000001,0.33999999999999997,0.08,0.33999999999999997,0.08
0.0199,0.035616499999999995,3.1999999999999993,0.33999999999999997,0.08,0.33999999999999997,0.079
0.019950000000000002,0.0353905,3.1999999999999993,0.33999999999999997,0.08,0.33999999999999997,0.079
0.02,0.035145499999999996,3.1499999999999995,0.33999999999999997,0.08,0.33999999999999997,0.079
0.020050000000000002,0.0349265,3.1500000000000004,0.33999999999999997,0.08,0.33999999999999997,0.079
0.0201,0.034699,3.1499999999999986,0.33999999999999997,0.08,0.33999999999999997,0.079
0.02015,0.034467,3.1500000000000012,0.33999999999999997,0.079,0.33999999999999997,0.079
0.020200000000000003,0.034183,3.0999999999999996,0.33999999999999997,0.079,0.33999999999999997,0.079
0.02025,0.033858,3.0500000000000016,0.33999999999999997,0.079,0.33999999999999997,0.079
0.020300000000000002,0.0332735,3.049999999999999,0.32000000000000006,0.079,0.0,0.0
0.02035,0.0310655,2.8500000000000005,0.2900000000000001,0.079,0.0,0.0
0.0204,0.028368499999999998,2.7,0.2800000000000001,0.079,0.0,0.0
0.02045,0.0255805,2.45,0.2599999999999999,0.078,0.0,0.0
0.0205,0.0226935,2.3,0.24999999999999994,0.078,0.0,0.0
0.020550000000000002,0.019814,2.1499999999999995,0.24000000000000005,0.076,0.0,0.0
0.0206,0.0169805,1.9500000000000004,0.23000000000000004,0.075,0.0,0.0
0.02065,0.014306,1.8,0.22000000000000003,0.073,0.0,0.0
0.0207,0.011696,1.6500000000000015,0.2,0.06999999999999998,0.0,0.0
0.02075,0.0092105,1.3999999999999997,0.19,0.067,0.0,0.0
0.020800000000000003,0.0070205,1.250000000000001,0.18000000000000005,0.063,0.0,0.0
0.02085,0.00499,1.1000000000000008,0.15999999999999998,0.057,0.0,0.0
0.020900000000000002,0.0032459999999999998,0.8999999999999997,0.14,0.051,0.0,0.0
0.02095,0.0017295,0.7499999999999993,0.11999999999999998,0.041999999999999996,0.0,0.0
0.021,0.0006185,0.4999999999999975,0.07999999999999995,0.030000000000000002,0.0,0.0
0.021050000000000003,4e-06,0.05,0.02000000000000001,0.004,0.0,0.0
0.0211,0.0,0.0,0.0,0.0,0.0,0.0
0.021150000000000002,0.0,0.0,0.0,0.0,0.0,0.0
0.0212,3.7e-05,0.09999999999999894,0.11999999999999998,0.003,0.11999999999999998,0.003
0.02125,0.0026765,0.39999999999999963,0.36000000000000004,0.037,0.36000000000000004,0.037
0.0213,0.0052705,0.5500000000000018,0.37000000000000005,0.055,0.37000000000000005,0.055
0.02135,0.008100999999999999,0.7000000000000004,0.37000000000000005,0.067,0.37000000000000005,0.067
0.021400000000000002,0.011122,0.8,0.38000000000000006,0.076,0.38000000000000006,0.076
0.02145,0.0143545,0.9500000000000004,0.38000000000000006,0.082,0.38000000000000006,0.082
0.021500000000000002,0.0176415,1.1000000000000008,0.38000000000000006,0.087,0.38000000000000006,0.087
0.02155,0.020937499999999998,1.2499999999999993,0.38000000000000006,0.091,0.38000000000000006,0.091
0.0216,0.0241805,1.3999999999999997,0.38000000000000006,0.094,0.38000000000000006,0.094
0.021650000000000003,0.027396,1.55,0.37000000000000005,0.096,0.37000000000000005,0.096
0.0217,0.0306065,1.6500000000000015,0.37000000000000005,0.098,0.37000000000000005,0.096
0.021750000000000002,0.033708499999999995,1.8,0.37000000000000005,0.09899999999999999,0.37000000000000005,0.096
0.0218,0.036643499999999996,1.9500000000000004,0.37000000000000005,0.1,0.37000000000000005,0.095
0.02185,0.039488999999999996,2.1000000000000005,0.37000000000000005,0.101,0.37000000000000005,0.095
0.0219,0.042159999999999996,2.250000000000001,0.37000000000000005,0.101,0.37000000000000005,0.094
0.02195,0.044727499999999996,2.3500000000000005,0.37000000000000005,0.101,0.37000000000000005,0.093
0.022000000000000002,0.0470815,2.5,0.37000000000000005,0.1,0.37000000000000005,0.093
0.02205,0.0492545,2.6500000000000004,0.37000000000000005,0.1,0.37000000000000005,0.092
0.0221,0.0512185,2.8,0.37000000000000005,0.09899999999999999,0.37000000000000005,0.092
0.02215,0.0529925,2.8999999999999995,0.36000000000000004,0.098,0.36000000000000004,0.091
0.0222,0.0545485,3.0,0.36000000000000004,0.097,0.36000000000000004,0.091
0.022250000000000002,0.055871,3.1499999999999995,0.36000000000000004,0.096,0.36000000000000004,0.09000000000000001
0.0223,0.056953,3.249999999999999,0.36000000000000004,0.095,0.36000000000000004,0.09000000000000001
0.022350000000000002,0.0578165,3.3999999999999986,0.36000000000000004,0.095,0.36000000000000004,0.089
0.0224,0.05839,3.549999999999999,0.36000000000000004,0.094,0.36000000000000004,0.089
0.02245,0.0587505,3.6499999999999995,0.36000000000000004,0.093,0.36000000000000004,0.088
0.022500000000000003,0.058843,3.8,0.36000000000000004,0.092,0.36000000000000004,0.088
0.02255,0.058673499999999996,3.9000000000000004,0.36000000000000004,0.092,0.36000000000000004,0.088
0.022600000000000002,0.058249499999999996,4.0,0.36000000000000004,0.091,0.36000000000000004,0.087
0.02265,0.0575795,4.1,0.36000000000000004,0.091,0.36000000000000004,0.087
0.0227,0.0566835,4.199999999999998,0.36000000000000004,0.09000000000000001,0.36000000000000004,0.087
0.02275,0.0556175,4.249999999999999,0.36000000000000004,0.09000000000000001,0.36000000000000004,0.08600000000000001
0.0228,0.054426499999999996,4.249999999999998,0.36000000000000004,0.089,0.36000000000000004,0.08600000000000001
0.022850000000000002,0.0531965,4.25,0.36000000000000004,0.089,0.36000000000000004,0.08600000000000001
0.0229,0.052004999999999996,4.15,0.36000000000000004,0.088,0.36000000000000004,0.085
0.02295,0.050913,4.1,0.36000000000000004,0.088,0.36000000000000004,0.085
0.023,0.049905,3.999999999999999,0.36000000000000004,0.088,0.36000000000000004,0.085
0.02305,0.048983,3.95,0.36000000000000004,0.087,0.36000000000000004,0.085
0.023100000000000002,0.048145,3.9000000000000004,0.36000000000000004,0.087,0.36000000000000004,0.08399999999999999
0.02315,0.047359,3.8499999999999996,0.36000000000000004,0.087,0.36000000000000004,0.08399999999999999
0.023200000000000002,0.0466335,3.7999999999999994,0.36000000000000004,0.086,0.36000000000000004,0.08399999999999999
0.02325,0.0459515,3.75,0.36000000000000004,0.086,0.36000000000000004,0.08399999999999999
0.0233,0.045328,3.6999999999999997,0.36000000000000004,0.086,0.36000000000000004,0.08399999999999999
0.023350000000000003,0.0447315,3.65,0.36000000000000004,0.085,0.36000000000000004,0.083
0.0234,0.044175,3.6499999999999995,0.36000000000000004,0.085,0.36000000000000004,0.083
0.023450000000000002,0.043657499999999995,3.6,0.36000000000000004,0.085,0.36000000000000004,0.083
0.0235,0.043157999999999995,3.55,0.36000000000000004,0.085,0.36000000000000004,0.083
0.02355,0.042685999999999995,3.5499999999999994,0.35000000000000003,0.08399999999999999,0.35000000000000003,0.083
0.0236,0.042250499999999996,3.5,0.35000000000000003,0.08399999999999999,0.35000000000000003,0.082
0.02365,0.04183,3.4999999999999996,0.35000000000000003,0.08399999999999999,0.35000000000000003,0.082
0.023700000000000002,0.0414195,3.4499999999999997,0.35000000000000003,0.08399999999999999,0.35000000000000003,0.082
0.02375,0.041026,3.4499999999999993,0.35000000000000003,0.08399999999999999,0.35000000000000003,0.082
0.0238,0.0406715,3.4,0.35000000000000003,0.083,0.35000000000000003,0.082
0.02385,0.04031,3.3999999999999995,0.35000000000000003,0.083,0.35000000000000003,0.082
0.0239,0.039985,3.4000000000000004,0.34,0.083,0.34,0.081
0.023950000000000003,0.0396705,3.35,0.34,0.083,0.34,0.081
0.024,0.039343499999999997,3.3499999999999996,0.34,0.083,0.34,0.081
0.024050000000000002,0.039061,3.349999999999999,0.34,0.082,0.34,0.081
0.0241,0.0387695,3.3,0.34,0.082,0.34,0.081
0.02415,0.038495499999999995,3.3,0.34,0.082,0.34,0.081
0.024200000000000003,0.038235,3.3000000000000003,0.34,0.082,0.34,0.081
0.02425,0.0379735,3.25,0.34,0.082,0.34,0.081
0.024300000000000002,0.037709,3.2499999999999996,0.34,0.082,0.34,0.08
0.02435,0.037447,3.2499999999999996,0.34,0.082,0.34,0.08
0.0244,0.037157499999999996,3.25,0.34,0.081,0.34,0.08
0.02445,0.036819,3.1999999999999997,0.34,0.081,0.34,0.08
0.0245,0.036428999999999996,3.1999999999999997,0.34,0.081,0.34,0.08
0.024550000000000002,0.0354475,3.0999999999999996,0.31000000000000005,0.081,0.0,0.0
0.0246,0.033021499999999995,2.9499999999999997,0.29,0.081,0.0,0.0
0.024650000000000002,0.030191,2.75,0.27999999999999997,0.08,0.0,0.0
0.0247,0.027295,2.55,0.26,0.08,0.0,0.0
0.02475,0.0242805,2.4,0.26,0.079,0.0,0.0
0.024800000000000003,0.0213,2.25,0.24,0.078,0.0,0.0
0.02485,0.018331,2.0500000000000003,0.24,0.076,0.0,0.0
0.024900000000000002,0.0155565,1.9,0.21999999999999997,0.074,0.0,0.0
0.02495,0.012806,1.7,0.20000000000000007,0.07200000000000001,0.0,0.0
0.025,0.010234499999999999,1.5,0.20000000000000007,0.068,0.0,0.0
0.025050000000000003,0.0079145,1.3499999999999999,0.18,0.064,0.0,0.0
0.0251,0.0057405,1.2,0.15999999999999992,0.059,0.0,0.0
0.025150000000000002,0.003845,1.0,0.13999999999999996,0.053,0.0,0.0
0.0252,0.0022129999999999997,0.8,0.12000000000000004,0.045000000000000005,0.0,0.0
0.02525,0.0009325,0.6000000000000001,0.09000000000000001,0.034,0.0,0.0
0.0253,0.0001015,0.25,0.03999999999999997,0.016,0.0,0.0
0.02535,0.0,0.0,0.0,0.0,0.0,0.0
0.025400000000000002,0.0,0.0,0.0,0.0,0.0,0.0
0.02545,0.0007214999999999999,0.35000000000000003,0.2800000000000001,0.015000000000000001,0.2800000000000001,0.015000000000000001
0.025500000000000002,0.0032624999999999998,0.44999999999999996,0.36000000000000004,0.041999999999999996,0.36000000000000004,0.041999999999999996
0.02555,0.0059499999999999996,0.6000000000000001,0.3799999999999999,0.058,0.3799999999999999,0.058
0.0256,0.0088725,0.7500000000000001,0.3799999999999999,0.06999999999999998,0.3799999999999999,0.06999999999999999
0.025650000000000003,0.012008,0.8500000000000001,0.3799999999999999,0.078,0.3799999999999999,0.078
0.0257,0.015323,1.0,0.3799999999999999,0.08399999999999999,0.3799999999999999,0.08399999999999999
0.025750000000000002,0.018688,1.1,0.3799999999999999,0.089,0.3799999999999999,0.089
0.0258,0.0220975,1.25,0.3799999999999999,0.093,0.3799999999999999,0.093
0.02585,0.025448,1.4000000000000001,0.3799999999999999,0.096,0.3799999999999999,0.096
0.025900000000000003,0.028729499999999998,1.55,0.3799999999999999,0.098,0.3799999999999999,0.098
0.02595,0.0320245,1.65,0.36999999999999994,0.1,0.36999999999999994,0.098
0.026000000000000002,0.035266,1.8,0.36999999999999994,0.101,0.36999999999999994,0.098
0.02605,0.038349,1.95,0.36999999999999994,0.102,0.36999999999999994,0.097
0.0261,0.041254,2.1,0.36999999999999994,0.102,0.36999999999999994,0.097
0.02615,0.043997499999999995,2.25,0.36999999999999994,0.102,0.36999999999999994,0.096
0.0262,0.046712,2.3499999999999996,0.36999999999999994,0.102,0.36999999999999994,0.095
0.026250000000000002,0.049228499999999994,2.5,0.36999999999999994,0.102,0.36999999999999994,0.095
0.0263,0.0515095,2.65,0.36999999999999994,0.102,0.36999999999999994,0.094
0.026350000000000002,0.053555,2.8,0.36999999999999994,0.101,0.36999999999999994,0.094
0.0264,0.055466999999999995,2.9,0.36999999999999994,0.1,0.36999999999999994,0.093
0.02645,0.057178,3.05,0.36999999999999994,0.09899999999999999,0.36999999999999994,0.092
0.026500000000000003,0.058643499999999994,3.1999999999999997,0.36999999999999994,0.098,0.36999999999999994,0.092
0.02655,0.0598255,3.2999999999999994,0.3599999999999999,0.097,0.3599999999999999,0.091
0.026600000000000002,0.06087,3.4499999999999997,0.3599999999999999,0.097,0.3599999999999999,0.091
0.02665,0.061591,3.5999999999999996,0.3599999999999999,0.096,0.3599999999999999,0.091
0.0267,0.0620835,3.6999999999999997,0.3599999999999999,0.095,0.3599999999999999,0.09000000000000001
0.026750000000000003,0.062322999999999996,3.8499999999999996,0.3599999999999999,0.094,0.3599999999999999,0.09000000000000001
0.0268,0.062299499999999994,3.95,0.3599999999999999,0.094,0.3599999999999999,0.089
0.026850000000000002,0.062022999999999995,4.1,0.3599999999999999,0.093,0.3599999999999999,0.089
0.0269,0.061493,4.2,0.3599999999999999,0.093,0.3599999999999999,0.089
0.02695,0.0607435,4.299999999999999,0.3599999999999999,0.092,0.3599999999999999,0.088
0.027,0.059761999999999996,4.35,0.3599999999999999,0.092,0.3599999999999999,0.088
0.02705,0.0586265,4.4,0.3599999999999999,0.091,0.3599999999999999,0.088
0.027100000000000003,0.057381499999999995,4.4,0.3599999999999999,0.091,0.3599999999999999,0.087
0.02715,0.0561035,4.35,0.3599999999999999,0.09000000000000001,0.3599999999999999,0.087
0.027200000000000002,0.054879,4.3,0.3599999999999999,0.09000000000000001,0.3599999999999999,0.087
0.02725,0.0537575,4.249999999999999,0.3599999999999999,0.089,0.3599999999999999,0.087
0.0273,0.052702,4.1499999999999995,0.3599999999999999,0.089,0.3599999999999999,0.08600000000000001
0.027350000000000003,0.051743,4.1000000000000005,0.3599999999999999,0.089,0.3599999999999999,0.08600000000000001
0.0274,0.050869,4.05,0.3599999999999999,0.088,0.3599999999999999,0.08600000000000001
0.027450000000000002,0.0500525,3.95,0.3599999999999999,0.088,0.3599999999999999,0.08600000000000001
0.0275,0.049278999999999996,3.9,0.3599999999999999,0.088,0.3599999999999999,0.085
0.02755,0.0485805,3.9,0.3599999999999999,0.087,0.3599999999999999,0.085
0.027600000000000003,0.047924499999999995,3.8499999999999996,0.3599999999999999,0.087,0.3599999999999999,0.085
0.02765,0.047298,3.8,0.3599999999999999,0.087,0.3599999999999999,0.085
0.027700000000000002,0.046716999999999995,3.749999999999999,0.3599999999999999,0.087,0.3599999999999999,0.085
0.02775,0.046154999999999995,3.7499999999999996,0.3599999999999999,0.086,0.3599999999999999,0.08399999999999999
0.027800000000000002,0.045642999999999996,3.6999999999999997,0.3599999999999999,0.086,0.3599999999999999,0.08399999999999999
0.02785,0.045135999999999996,3.6499999999999995,0.3599999999999999,0.086,0.3599999999999999,0.08399999999999999
0.0279,0.044683,3.65,0.3599999999999999,0.086,0.3599999999999999,0.08399999999999999
0.027950000000000003,0.0442285,3.5999999999999988,0.3599999999999999,0.085,0.3599999999999999,0.08399999999999999
0.028,0.043809999999999995,3.5999999999999996,0.3599999999999999,0.085,0.3599999999999999,0.08399999999999999
0.028050000000000002,0.043394999999999996,3.55,0.3599999999999999,0.085,0.3599999999999999,0.083
0.0281,0.0430235,3.55,0.3599999999999999,0.085,0.3599999999999999,0.083
0.02815,0.0426405,3.55,0.3599999999999999,0.085,0.3599999999999999,0.083
0.028200000000000003,0.042286,3.5,0.3599999999999999,0.08399999999999999,0.3599999999999999,0.083
0.02825,0.041965499999999996,3.5,0.3599999999999999,0.08399999999999999,0.3599999999999999,0.083
0.028300000000000002,0.041636,3.4499999999999993,0.3599999999999999,0.08399999999999999,0.3599999999999999,0.083
0.02835,0.041317,3.4499999999999993,0.3599999999999999,0.08399999999999999,0.3599999999999999,0.083
0.0284,0.041014999999999996,3.45,0.3499999999999999,0.08399999999999999,0.3499999999999999,0.082
0.028450000000000003,0.040715999999999995,3.4000000000000004,0.3499999999999999,0.08399999999999999,0.3499999999999999,0.082
0.0285,0.040442,3.3999999999999986,0.3499999999999999,0.083,0.3499999999999999,0.082
0.028550000000000002,0.0401445,3.3999999999999986,0.3499999999999999,0.083,0.3499999999999999,0.082
0.0286,0.03983,3.3999999999999995,0.3499999999999999,0.083,0.3499999999999999,0.082
0.028650000000000002,0.039515499999999995,3.3499999999999996,0.34,0.083,0.34,0.082
0.0287,0.039133,3.3500000000000005,0.34,0.083,0.34,0.082
0.02875,0.038661,3.3500000000000005,0.34,0.083,0.34,0.081
0.028800000000000003,0.0372575,3.1500000000000012,0.31,0.082,0.0,0.0
0.02885,0.0346575,3.0,0.29,0.082,0.0,0.0
0.028900000000000002,0.031738499999999996,2.8,0.27999999999999997,0.082,0.0,0.0
0.02895,0.028713,2.6499999999999995,0.2600000000000001,0.081,0.0,0.0
0.029,0.025609,2.499999999999999,0.2600000000000001,0.081,0.0,0.0
0.029050000000000003,0.022512499999999998,2.3,0.23999999999999994,0.079,0.0,0.0
0.0291,0.0194855,2.1000000000000005,0.23999999999999994,0.078,0.0,0.0
0.029150000000000002,0.01659,1.9500000000000004,0.21999999999999997,0.076,0.0,0.0
0.0292,0.0137345,1.8,0.19999999999999996,0.073,0.0,0.0
0.02925,0.0110825,1.6000000000000008,0.19999999999999996,0.06999999999999998,0.0,0.0
0.029300000000000003,0.008643,1.3999999999999997,0.18000000000000005,0.066,0.0,0.0
0.02935,0.006363499999999999,1.250000000000001,0.16000000000000014,0.061,0.0,0.0
0.029400000000000003,0.0043605,1.05,0.14,0.054,0.0,0.0
0.02945,0.0026225,0.8999999999999997,0.11999999999999998,0.047,0.0,0.0
0.029500000000000002,0.0012265,0.6499999999999997,0.09999999999999996,0.037,0.0,0.0
0.02955,0.00023099999999999998,0.39999999999999963,0.05000000000000004,0.020999999999999998,0.0,0.0
0.0296,0.0,0.0,0.0,0.0,0.0,0.0
0.029650000000000003,0.0,0.0,0.0,0.0,0.0,0.0
0.0297,0.0012994999999999999,0.39999999999999963,0.32000000000000006,0.023,0.32000000000000006,0.023
0.029750000000000002,0.003852,0.5000000000000011,0.37,0.046,0.37,0.046
0.0298,0.00663,0.6000000000000008,0.38,0.061,0.38,0.061
0.02985,0.009660499999999999,0.7499999999999993,0.38,0.07200000000000001,0.38,0.07200000000000001
0.029900000000000003,0.0128925,0.8500000000000008,0.38,0.08,0.38,0.08
0.02995,0.016302,0.9999999999999993,0.38,0.086,0.38,0.08600000000000001
0.030000000000000002,0.019743,1.1499999999999997,0.38,0.091,0.38,0.091
0.03005,0.0232185,1.3,0.38,0.094,0.38,0.094
0.030100000000000002,0.026659,1.4500000000000004,0.38,0.097,0.38,0.097
0.03015,0.030031,1.6000000000000008,0.38,0.09899999999999999,0.38,0.098
0.0302,0.033387,1.7000000000000004,0.38,0.101,0.38,0.09899999999999999
0.030250000000000003,0.036701,1.8500000000000025,0.37,0.102,0.37,0.098
0.0303,0.039865,2.000000000000001,0.37,0.103,0.37,0.098
0.030350000000000002,0.042899,2.1500000000000012,0.37,0.104,0.37,0.097
0.0304,0.045745999999999995,2.3000000000000007,0.37,0.104,0.37,0.097
0.03045,0.048462,2.3999999999999995,0.37,0.104,0.37,0.096
0.030500000000000003,0.051087999999999995,2.55,0.37,0.104,0.37,0.095
0.03055,0.0535015,2.7,0.37,0.103,0.37,0.095
0.030600000000000002,0.055684,2.8499999999999996,0.37,0.103,0.37,0.094
0.03065,0.0576195,2.95,0.37,0.102,0.37,0.094
0.0307,0.059451,3.0999999999999996,0.37,0.101,0.37,0.093
0.030750000000000003,0.061043999999999994,3.25,0.37,0.1,0.37,0.093
0.0308,0.062341,3.3999999999999995,0.37,0.09899999999999999,0.37,0.092
0.030850000000000002,0.0634665,3.499999999999999,0.37,0.098,0.37,0.092
0.0309,0.064327,3.6499999999999986,0.3600000000000001,0.098,0.3600000000000001,0.091
0.030950000000000002,0.06489299999999999,3.75,0.3600000000000001,0.097,0.3600000000000001,0.091
0.031,0.0652705,3.9000000000000004,0.3600000000000001,0.096,0.3600000000000001,0.09000000000000001
0.03105,0.065353,4.000000000000001,0.3600000000000001,0.095,0.3600000000000001,0.09000000000000001
0.031100000000000003,0.06522549999999999,4.150000000000001,0.3600000000000001,0.095,0.3600000000000001,0.09000000000000001
0.03115,0.0648105,4.25,0.3600000000000001,0.094,0.3600000000000001,0.089
0.031200000000000002,0.06415549999999999,4.35,0.3600000000000001,0.094,0.3600000000000001,0.089
0.03125,0.063259,4.449999999999998,0.3600000000000001,0.093,0.3600000000000001,0.089
0.0313,0.062178,4.499999999999999,0.3600000000000001,0.093,0.3600000000000001,0.088
0.03135,0.0609595,4.550000000000001,0.3600000000000001,0.092,0.3600000000000001,0.088
0.031400000000000004,0.059656999999999995,4.549999999999999,0.3600000000000001,0.092,0.3600000000000001,0.088
0.03145,0.0583575,4.5,0.3600000000000001,0.091,0.3600000000000001,0.088
0.0315,0.057083499999999995,4.3999999999999995,0.3600000000000001,0.091,0.3600000000000001,0.087
0.03155,0.0559285,4.3500000000000005,0.3600000000000001,0.091,0.3600000000000001,0.087
0.0316,0.054872,4.25,0.3600000000000001,0.09000000000000001,0.3600000000000001,0.087
0.031650000000000005,0.0538905,4.199999999999999,0.3600000000000001,0.09000000000000001,0.3600000000000001,0.087
0.0317,0.0529845,4.15,0.3600000000000001,0.09000000000000001,0.3600000000000001,0.08600000000000001
0.03175,0.0521275,4.1000000000000005,0.3600000000000001,0.089,0.3600000000000001,0.08600000000000001
0.0318,0.0513615,4.05,0.3600000000000001,0.089,0.3600000000000001,0.08600000000000001
0.03185,0.050641,3.9999999999999996,0.3600000000000001,0.089,0.3600000000000001,0.08600000000000001
0.031900000000000005,0.049956,3.95,0.3600000000000001,0.088,0.3600000000000001,0.08600000000000001
0.03195,0.04931,3.899999999999999,0.3600000000000001,0.088,0.3600000000000001,0.085
0.032,0.048694499999999995,3.85,0.3600000000000001,0.088,0.3600000000000001,0.085
0.03205,0.0481345,3.8500000000000005,0.3600000000000001,0.088,0.3600000000000001,0.085
0.032100000000000004,0.047598999999999995,3.7999999999999994,0.3600000000000001,0.087,0.3600000000000001,0.085
0.032150000000000005,0.047078999999999996,3.7500000000000004,0.3600000000000001,0.087,0.3600000000000001,0.085
0.0322,0.0465975,3.75,0.3600000000000001,0.087,0.3600000000000001,0.085
0.03225,0.046120999999999995,3.6999999999999997,0.3600000000000001,0.087,0.3600000000000001,0.08399999999999999
0.0323,0.0456935,3.6999999999999993,0.3600000000000001,0.086,0.3600000000000001,0.08399999999999999
0.032350000000000004,0.045275499999999996,3.65,0.3600000000000001,0.086,0.3600000000000001,0.08399999999999999
0.0324,0.044872499999999996,3.6499999999999995,0.3600000000000001,0.086,0.3600000000000001,0.08399999999999999
0.03245,0.044475999999999995,3.6500000000000004,0.3600000000000001,0.086,0.3600000000000001,0.08399999999999999
0.0325,0.044102999999999996,3.6,0.3600000000000001,0.086,0.3600000000000001,0.08399999999999999
0.03255,0.0437595,3.5999999999999996,0.3600000000000001,0.085,0.3600000000000001,0.083
0.032600000000000004,0.043426,3.5499999999999994,0.3600000000000001,0.085,0.3600000000000001,0.083
0.03265,0.043082499999999996,3.55,0.3600000000000001,0.085,0.3600000000000001,0.083
0.0327,0.042789999999999995,3.55,0.3600000000000001,0.085,0.3600000000000001,0.083
0.03275,0.042450999999999996,3.5000000000000004,0.35,0.085,0.35,0.083
0.0328,0.042121,3.5,0.35,0.085,0.35,0.083
0.032850000000000004,0.0417795,3.4999999999999996,0.33999999999999997,0.08399999999999999,0.33999999999999997,0.083
0.0329,0.0414145,3.4,0.33999999999999997,0.08399999999999999,0.33999999999999997,0.083
0.03295,0.040977,3.3999999999999995,0.33999999999999997,0.08399999999999999,0.33999999999999997,0.082
0.033,0.040476,3.3999999999999995,0.33999999999999997,0.08399999999999999,0.33999999999999997,0.082
0.03305,0.038634,3.2499999999999996,0.30000000000000004,0.08399999999999999,0.0,0.0
0.033100000000000004,0.0358715,3.0499999999999994,0.29000000000000015,0.083,0.0,0.0
0.03315,0.032844,2.8499999999999996,0.28,0.083,0.0,0.0
0.0332,0.0297435,2.6999999999999997,0.26,0.082,0.0,0.0
0.03325,0.026559,2.55,0.26,0.081,0.0,0.0
0.0333,0.023356,2.3499999999999996,0.24,0.08,0.0,0.0
0.033350000000000005,0.0202875,2.15,0.24,0.079,0.0,0.0
0.0334,0.0173105,2.0,0.21999999999999997,0.076,0.0,0.0
0.03345,0.014381,1.85,0.20999999999999996,0.074,0.0,0.0
0.0335,0.011651,1.65,0.20000000000000007,0.06999999999999998,0.0,0.0
0.03355,0.009129499999999999,1.45,0.18000000000000005,0.066,0.0,0.0
0.033600000000000005,0.0067725,1.3,0.16999999999999993,0.061,0.0,0.0
0.03365,0.004711,1.1,0.15000000000000002,0.055,0.0,0.0
0.0337,0.002881,0.9500000000000001,0.13,0.048,0.0,0.0
0.03375,0.0014069999999999998,0.7,0.09999999999999996,0.038,0.0,0.0
0.033800000000000004,0.0003255,0.45,0.060000000000000046,0.023,0.0,0.0
0.033850000000000005,0.0,0.0,0.0,0.0,0.0,0.0
0.0339,0.0,0.0,0.0,0.0,0.0,0.0
0.03395,0.0018644999999999998,0.39999999999999997,0.33999999999999997,0.029,0.33999999999999997,0.029
0.034,0.004471999999999999,0.5,0.3700000000000001,0.05,0.3700000000000001,0.05
0.034050000000000004,0.0073525,0.6500000000000001,0.3800000000000001,0.064,0.3800000000000001,0.064
0.0341,0.010454,0.8,0.39,0.074,0.39,0.074
0.03415,0.013764499999999999,0.9,0.39,0.082,0.39,0.082
0.0342,0.0172275,1.05,0.3800000000000001,0.087,0.3800000000000001,0.087
0.03425,0.0207335,1.2,0.3800000000000001,0.092,0.3800000000000001,0.092
0.034300000000000004,0.024273,1.35,0.3800000000000001,0.095,0.3800000000000001,0.095
0.03435,0.027766,1.5,0.3800000000000001,0.098,0.3800000000000001,0.098
0.0344,0.031211,1.6,0.3800000000000001,0.1,0.3800000000000001,0.1
0.03445,0.03464,1.75,0.3800000000000001,0.102,0.3800000000000001,0.1
0.0345,0.037974,1.9,0.3800000000000001,0.103,0.3800000000000001,0.1
0.034550000000000004,0.0411965,2.0500000000000003,0.3800000000000001,0.104,0.3800000000000001,0.09899999999999999
0.0346,0.0443,2.2,0.3700000000000001,0.10500000000000001,0.3700000000000001,0.09899999999999999
0.03465,0.047231499999999996,2.35,0.3700000000000001,0.10500000000000001,0.3700000000000001,0.098
0.0347,0.050048499999999996,2.4499999999999997,0.3700000000000001,0.10500000000000001,0.3700000000000001,0.097
0.03475,0.052661,2.55,0.3700000000000001,0.10500000000000001,0.3700000000000001,0.097
0.034800000000000005,0.055153,2.6999999999999997,0.3700000000000001,0.104,0.3700000000000001,0.096
0.03485,0.0574425,2.8499999999999996,0.3700000000000001,0.104,0.3700000000000001,0.096
0.0349,0.0595065,2.95,0.3700000000000001,0.103,0.3700000000000001,0.095
0.03495,0.061342,3.1,0.3700000000000001,0.102,0.3700000000000001,0.095
0.035,0.0630065,3.25,0.3700000000000001,0.101,0.3700000000000001,0.094
0.035050000000000005,0.064388,3.4,0.3700000000000001,0.101,0.3700000000000001,0.093
0.0351,0.065593,3.4999999999999996,0.3700000000000001,0.1,0.3700000000000001,0.093
0.03515,0.066527,3.6499999999999995,0.3700000000000001,0.09899999999999999,0.3700000000000001,0.093
0.0352,0.0671925,3.75,0.3700000000000001,0.098,0.3700000000000001,0.092
0.035250000000000004,0.0676475,3.9000000000000004,0.3700000000000001,0.097,0.3700000000000001,0.092
0.035300000000000005,0.067824,4.05,0.3600000000000001,0.097,0.3600000000000001,0.09000000000000001
0.03535,0.067775,4.15,0.3600000000000001,0.096,0.3600000000000001,0.091
0.0354,0.067427,4.25,0.3600000000000001,0.096,0.3600000000000001,0.091
0.03545,0.066861,4.35,0.3600000000000001,0.095,0.3600000000000001,0.09000000000000001
0.035500000000000004,0.066064,4.45,0.3600000000000001,0.094,0.3600000000000001,0.09000000000000001
0.03555,0.065023,4.55,0.3600000000000001,0.094,0.3600000000000001,0.09000000000000001
0.0356,0.063842,4.6000000000000005,0.3600000000000001,0.093,0.3600000000000001,0.089
0.03565,0.0625625,4.6,0.3600000000000001,0.093,0.3600000000000001,0.089
0.0357,0.061194,4.55,0.3600000000000001,0.093,0.3600000000000001,0.089
0.035750000000000004,0.059878,4.499999999999999,0.3600000000000001,0.092,0.3600000000000001,0.089
0.0358,0.058641,4.45,0.3600000000000001,0.092,0.3600000000000001,0.088
0.03585,0.057486499999999996,4.349999999999999,0.3600000000000001,0.091,0.3600000000000001,0.088
0.0359,0.056429,4.3,0.3600000000000001,0.091,0.3600000000000001,0.088
0.03595,0.055444999999999994,4.2,0.3600000000000001,0.091,0.3600000000000001,0.088
0.036000000000000004,0.0545485,4.1499999999999995,0.3600000000000001,0.09000000000000001,0.3600000000000001,0.087
0.03605,0.05371,4.1000000000000005,0.3600000000000001,0.09000000000000001,0.3600000000000001,0.087
0.0361,0.0529315,4.05,0.3600000000000001,0.09000000000000001,0.3600000000000001,0.087
0.03615,0.0522025,3.9999999999999996,0.3600000000000001,0.089,0.3600000000000001,0.087
0.0362,0.051514,3.949999999999999,0.3600000000000001,0.089,0.3600000000000001,0.087
0.036250000000000004,0.050866499999999995,3.95,0.3600000000000001,0.089,0.3600000000000001,0.08600000000000001
0.0363,0.0502505,3.9,0.3600000000000001,0.089,0.3600000000000001,0.08600000000000001
0.03635,0.049678,3.85,0.3600000000000001,0.088,0.3600000000000001,0.08600000000000001
0.0364,0.049131499999999995,3.8500000000000005,0.3600000000000001,0.088,0.3600000000000001,0.08600000000000001
0.03645,0.0486175,3.8,0.3600000000000001,0.088,0.3600000000000001,0.08600000000000001
0.036500000000000005,0.048118999999999995,3.799999999999999,0.3600000000000001,0.088,0.3600000000000001,0.08600000000000001
0.03655,0.047661499999999996,3.75,0.3600000000000001,0.087,0.3600000000000001,0.085
0.0366,0.0471985,3.7499999999999982,0.3600000000000001,0.087,0.3600000000000001,0.085
0.03665,0.0467845,3.700000000000001,0.3600000000000001,0.087,0.3600000000000001,0.085
0.0367,0.046362999999999994,3.6999999999999993,0.3600000000000001,0.087,0.3600000000000001,0.085
0.036750000000000005,0.045982499999999996,3.6499999999999995,0.3600000000000001,0.087,0.3600000000000001,0.085
0.0368,0.045595,3.6499999999999995,0.3600000000000001,0.086,0.3600000000000001,0.085
0.03685,0.0452415,3.6000000000000005,0.3600000000000001,0.086,0.3600000000000001,0.08399999999999999
0.0369,0.044893499999999996,3.6000000000000005,0.3600000000000001,0.086,0.3600000000000001,0.08399999999999999
0.036950000000000004,0.044541,3.5999999999999996,0.3600000000000001,0.086,0.3600000000000001,0.08399999999999999
0.037000000000000005,0.044201,3.5500000000000007,0.3600000000000001,0.086,0.3600000000000001,0.08399999999999999
0.03705,0.043832499999999996,3.55,0.3600000000000001,0.086,0.3600000000000001,0.08399999999999999
0.0371,0.043476999999999995,3.55,0.3500000000000001,0.085,0.3500000000000001,0.08399999999999999
0.03715,0.043073,3.499999999999999,0.3400000000000001,0.085,0.3400000000000001,0.08399999999999999
0.037200000000000004,0.042595,3.500000000000001,0.3400000000000001,0.085,0.3400000000000001,0.083
0.03725,0.042022,3.5,0.3400000000000001,0.085,0.3400000000000001,0.083
0.0373,0.0397225,3.25,0.29999999999999993,0.085,0.0,0.0
0.03735,0.0368255,3.1000000000000005,0.28,0.08399999999999999,0.0,0.0
0.0374,0.033715999999999996,2.8999999999999995,0.28,0.08399999999999999,0.0,0.0
0.037450000000000004,0.030535999999999997,2.75,0.26,0.083,0.0,0.0
0.0375,0.027282499999999998,2.55,0.26,0.082,0.0,0.0
0.03755,0.0240165,2.4000000000000004,0.24,0.081,0.0,0.0
0.0376,0.020888999999999998,2.200000000000001,0.24,0.079,0.0,0.0
0.03765,0.017836499999999998,2.0500000000000007,0.22000000000000008,0.077,0.0,0.0
0.037700000000000004,0.0148645,1.9000000000000015,0.20999999999999996,0.074,0.0,0.0
0.03775,0.0120815,1.6499999999999997,0.19999999999999996,0.07100000000000001,0.0,0.0
0.0378,0.009497499999999999,1.500000000000001,0.18000000000000005,0.067,0.0,0.0
0.03785,0.007078999999999999,1.3500000000000008,0.17000000000000004,0.062,0.0,0.0
0.0379,0.0049594999999999995,1.1499999999999997,0.1499999999999999,0.056,0.0,0.0
0.037950000000000005,0.00308,0.9500000000000004,0.13,0.048,0.0,0.0
0.038,0.001529,0.7499999999999993,0.10000000000000007,0.039,0.0,0.0
0.03805,0.00039299999999999996,0.44999999999999857,0.06999999999999994,0.025,0.0,0.0
0.0381,0.0,0.0,0.0,0.0,0.0,0.0
0.03815,0.0,0.0,0.0,0.0,0.0,0.0
0.038200000000000005,0.0024059999999999997,0.44999999999999857,0.3600000000000001,0.034,0.3600000000000001,0.034
0.03825,0.005102,0.5500000000000018,0.3700000000000001,0.054,0.3700000000000001,0.054
0.0383,0.00805,0.7000000000000004,0.3900000000000001,0.067,0.3900000000000001,0.067
0.03835,0.0112255,0.8500000000000008,0.3900000000000001,0.076,0.3900000000000001,0.076
0.038400000000000004,0.014612499999999999,0.9500000000000004,0.3900000000000001,0.083,0.3900000000000001,0.083
0.038450000000000005,0.018139,1.05,0.3900000000000001,0.089,0.3900000000000001,0.089
0.0385,0.0217125,1.2000000000000004,0.3800000000000001,0.093,0.3800000000000001,0.093
0.03855,0.025285,1.3500000000000008,0.3800000000000001,0.096,0.3800000000000001,0.096
0.0386,0.0288315,1.4999999999999993,0.3800000000000001,0.09899999999999999,0.3800000000000001,0.09899999999999999
0.038650000000000004,0.032348,1.6000000000000008,0.3800000000000001,0.101,0.3800000000000001,0.1
0.038700000000000005,0.0358415,1.750000000000001,0.3800000000000001,0.103,0.3800000000000001,0.1
0.03875,0.0392155,1.9000000000000015,0.3800000000000001,0.104,0.3800000000000001,0.1
0.0388,0.0424635,2.0500000000000007,0.3800000000000001,0.10500000000000001,0.3800000000000001,0.1
0.03885,0.045613,2.200000000000001,0.3800000000000001,0.106,0.3800000000000001,0.09899999999999999
0.038900000000000004,0.048612499999999996,2.3500000000000014,0.3700000000000001,0.106,0.3700000000000001,0.098
0.03895,0.051524,2.45,0.3700000000000001,0.106,0.3700000000000001,0.098
0.039,0.0541875,2.6000000000000005,0.3700000000000001,0.106,0.3700000000000001,0.097
0.03905,0.056648,2.75,0.3700000000000001,0.10500000000000001,0.3700000000000001,0.096
0.0391,0.059015,2.9000000000000004,0.3700000000000001,0.10500000000000001,0.3700000000000001,0.096
0.039150000000000004,0.061145,3.0,0.3700000000000001,0.104,0.3700000000000001,0.095
0.0392,0.06308949999999999,3.1499999999999995,0.3700000000000001,0.103,0.3700000000000001,0.095
0.03925,0.06473,3.3,0.3700000000000001,0.103,0.3700000000000001,0.094
0.0393,0.0662125,3.4499999999999993,0.3700000000000001,0.102,0.3700000000000001,0.094
0.03935,0.0674755,3.549999999999999,0.3700000000000001,0.101,0.3700000000000001,0.093
0.039400000000000004,0.068456,3.6999999999999984,0.3700000000000001,0.1,0.3700000000000001,0.093
0.03945,0.06917949999999999,3.8,0.3700000000000001,0.09899999999999999,0.3700000000000001,0.093
0.0395,0.069724,3.9499999999999993,0.3700000000000001,0.09899999999999999,0.3700000000000001,0.092
0.03955,0.069937,4.1,0.3700000000000001,0.098,0.3700000000000001,0.092
0.0396,0.069964,4.200000000000001,0.3700000000000001,0.097,0.3700000000000001,0.091
0.039650000000000005,0.0696855,4.3,0.3700000000000001,0.097,0.3700000000000001,0.091
0.0397,0.0691485,4.45,0.36,0.096,0.36,0.091
0.03975,0.0684055,4.499999999999998,0.36,0.095,0.36,0.09000000000000001
0.0398,0.0674425,4.6,0.36,0.095,0.36,0.09000000000000001
0.039850000000000003,0.066282,4.65,0.36,0.094,0.36,0.09000000000000001
0.039900000000000005,0.0649915,4.699999999999999,0.36,0.094,0.36,0.089
0.03995,0.063634,4.7,0.36,0.094,0.36,0.089
0.04,0.0622695,4.6499999999999995,0.36,0.093,0.36,0.089
0.04005,0.060954499999999995,4.549999999999999,0.36,0.093,0.36,0.089
0.040100000000000004,0.059739499999999994,4.5,0.36,0.092,0.36,0.088
0.040150000000000005,0.058609999999999995,4.3999999999999995,0.36,0.092,0.36,0.088
0.0402,0.0575805,4.3500000000000005,0.36,0.092,0.36,0.088
0.04025,0.056612499999999996,4.249999999999999,0.36,0.091,0.36,0.088
0.0403,0.055714,4.2,0.36,0.091,0.36,0.088
0.040350000000000004,0.054882999999999994,4.15,0.36,0.091,0.36,0.087
0.040400000000000005,0.054118,4.1000000000000005,0.36,0.09000000000000001,0.36,0.087
0.04045,0.053374,4.05,0.36,0.09000000000000001,0.36,0.087
0.0405,0.0527005,4.05,0.36,0.09000000000000001,0.36,0.087
0.04055,0.0520545,3.999999999999999,0.36,0.09000000000000001,0.36,0.087
0.040600000000000004,0.051442499999999995,3.9499999999999997,0.36,0.089,0.36,0.08600000000000001
0.04065,0.0508755,3.9499999999999997,0.36,0.089,0.36,0.08600000000000001
0.0407,0.0503205,3.9000000000000004,0.36,0.089,0.36,0.08600000000000001
0.04075,0.049797499999999995,3.849999999999999,0.36,0.089,0.36,0.08600000000000001
0.0408,0.049314,3.8499999999999996,0.36,0.088,0.36,0.08600000000000001
0.040850000000000004,0.0488365,3.8,0.36,0.088,0.36,0.08600000000000001
0.0409,0.0484005,3.8000000000000003,0.36,0.088,0.36,0.085
0.04095,0.0479365,3.75,0.36,0.088,0.36,0.085
0.041,0.047556,3.7499999999999996,0.36,0.087,0.36,0.085
0.04105,0.047143,3.7,0.36,0.087,0.36,0.085
0.041100000000000005,0.046773999999999996,3.7,0.36,0.087,0.36,0.085
0.04115,0.0463885,3.6999999999999997,0.36,0.087,0.36,0.085
0.0412,0.046022999999999994,3.6499999999999995,0.36,0.087,0.36,0.085
0.04125,0.045676499999999995,3.65,0.36,0.087,0.36,0.085
0.0413,0.04528,3.6499999999999995,0.36,0.086,0.36,0.08399999999999999
0.041350000000000005,0.044877,3.6,0.3500000000000001,0.086,0.3500000000000001,0.08399999999999999
0.0414,0.0444255,3.6,0.3400000000000001,0.086,0.3400000000000001,0.08399999999999999
0.04145,0.043900499999999995,3.6,0.3400000000000001,0.086,0.3400000000000001,0.08399999999999999
0.0415,0.043004,3.5,0.32000000000000006,0.086,0.0,0.0
0.041550000000000004,0.0404985,3.3,0.2999999999999998,0.085,0.0,0.0
0.041600000000000005,0.037493,3.15,0.28,0.085,0.0,0.0
0.04165,0.0343025,2.9499999999999997,0.28,0.085,0.0,0.0
0.0417,0.031087499999999997,2.75,0.2600000000000001,0.08399999999999999,0.0,0.0
0.04175,0.027747499999999998,2.6,0.2600000000000001,0.083,0.0,0.0
0.041800000000000004,0.0244335,2.4,0.24,0.082,0.0,0.0
0.041850000000000005,0.021263,2.25,0.22999999999999998,0.08,0.0,0.0
0.0419,0.018151999999999998,2.0500000000000003,0.21999999999999997,0.077,0.0,0.0
0.04195,0.0151325,1.9,0.20999999999999996,0.075,0.0,0.0
0.042,0.0123185,1.7,0.19999999999999996,0.07100000000000001,0.0,0.0
0.042050000000000004,0.0096835,1.55,0.18000000000000005,0.067,0.0,0.0
0.042100000000000005,0.0072369999999999995,1.3,0.17000000000000015,0.062,0.0,0.0
0.04215,0.0050999999999999995,1.1500000000000001,0.15000000000000013,0.056,0.0,0.0
0.0422,0.0031625,0.9500000000000002,0.13,0.049,0.0,0.0
0.04225,0.0015804999999999999,0.75,0.09999999999999996,0.039,0.0,0.0
0.042300000000000004,0.00041549999999999996,0.49999999999999994,0.07000000000000005,0.025,0.0,0.0
0.04235,0.0,0.0,0.0,0.0,0.0,0.0
0.0424,0.0002295,0.25,0.21000000000000008,0.008,0.21000000000000008,0.008
0.04245,0.0029635,0.44999999999999996,0.36,0.039,0.36,0.039
0.0425,0.0057285,0.55,0.3799999999999999,0.057,0.3799999999999999,0.057
0.042550000000000004,0.008765499999999999,0.7000000000000001,0.3899999999999999,0.06899999999999999,0.3899999999999999,0.06899999999999999
0.0426,0.0120045,0.8500000000000001,0.3899999999999999,0.078,0.3899999999999999,0.078
0.04265,0.015479999999999999,0.9500000000000001,0.3899999999999999,0.085,0.3899999999999999,0.085
0.0427,0.0190525,1.1,0.3899999999999999,0.09000000000000001,0.3899999999999999,0.09000000000000001
0.04275,0.022663,1.25,0.3899999999999999,0.094,0.3899999999999999,0.094
0.042800000000000005,0.026273499999999998,1.4000000000000001,0.3799999999999999,0.097,0.3799999999999999,0.097
0.04285,0.029869999999999997,1.55,0.3799999999999999,0.1,0.3799999999999999,0.1
0.0429,0.0334185,1.65,0.3799999999999999,0.102,0.3799999999999999,0.1
0.04295,0.0369525,1.8,0.3799999999999999,0.104,0.3799999999999999,0.1
0.043000000000000003,0.040395,1.95,0.3799999999999999,0.10500000000000001,0.3799999999999999,0.1
0.043050000000000005,0.0436345,2.1,0.3799999999999999,0.106,0.3799999999999999,0.1
0.0431,0.046805,2.25,0.3799999999999999,0.106,0.3799999999999999,0.09899999999999999
0.04315,0.049846999999999995,2.3499999999999996,0.37,0.107,0.37,0.098
0.0432,0.052797,2.5,0.37,0.107,0.37,0.098
0.043250000000000004,0.055533,2.65,0.37,0.107,0.37,0.097
0.043300000000000005,0.058005999999999995,2.8,0.37,0.106,0.37,0.097
0.04335,0.060356999999999994,2.9499999999999997,0.37,0.106,0.37,0.096
0.0434,0.0625545,3.05,0.37,0.10500000000000001,0.37,0.095
0.04345,0.06457199999999999,3.1999999999999997,0.37,0.104,0.37,0.095
0.043500000000000004,0.0662675,3.3499999999999996,0.37,0.103,0.37,0.094
0.043550000000000005,0.0677325,3.4499999999999997,0.37,0.103,0.37,0.094
0.0436,0.06905399999999999,3.5999999999999996,0.37,0.102,0.37,0.094
0.04365,0.07009649999999999,3.7499999999999996,0.37,0.101,0.37,0.093
0.0437,0.07085999999999999,3.8499999999999996,0.37,0.1,0.37,0.093
0.043750000000000004,0.071423,4.0,0.37,0.09899999999999999,0.37,0.092
0.0438,0.071687,4.1499999999999995,0.37,0.09899999999999999,0.37,0.092
0.04385,0.0717355,4.25,0.37,0.098,0.37,0.092
0.0439,0.07151199999999999,4.35,0.37,0.097,0.37,0.091
0.04395,0.07105249999999999,4.5,0.37,0.097,0.37,0.091
0.044000000000000004,0.07033049999999999,4.6,0.36,0.096,0.36,0.091
0.04405,0.0694105,4.65,0.36,0.096,0.36,0.09000000000000001
0.0441,0.0682735,4.75,0.36,0.095,0.36,0.09000000000000001
0.04415,0.066986,4.75,0.36,0.095,0.36,0.09000000000000001
0.0442,0.06562799999999999,4.75,0.36,0.094,0.36,0.089
0.044250000000000005,0.06424099999999999,4.75,0.36,0.094,0.36,0.089
0.0443,0.0628845,4.65,0.36,0.093,0.36,0.089
0.04435,0.0616155,4.6,0.36,0.093,0.36,0.089
0.0444,0.060433499999999994,4.5,0.36,0.093,0.36,0.088
0.04445,0.059328,4.45,0.36,0.092,0.36,0.088
0.044500000000000005,0.058334,4.3500000000000005,0.36,0.092,0.36,0.088
0.04455,0.0574,4.3,0.36,0.092,0.36,0.088
0.0446,0.0565165,4.249999999999999,0.36,0.091,0.36,0.088
0.04465,0.055701499999999994,4.199999999999999,0.36,0.091,0.36,0.087
0.044700000000000004,0.054942,4.1499999999999995,0.36,0.091,0.36,0.087
0.044750000000000005,0.0542265,4.1000000000000005,0.36,0.091,0.36,0.087
0.0448,0.053559999999999997,4.1,0.36,0.09000000000000001,0.36,0.087
0.04485,0.052924,4.05,0.36,0.09000000000000001,0.36,0.087
0.0449,0.052347,3.999999999999999,0.36,0.09000000000000001,0.36,0.087
0.044950000000000004,0.0517525,3.9999999999999996,0.36,0.089,0.36,0.08600000000000001
0.045000000000000005,0.051205,3.95,0.36,0.089,0.36,0.08600000000000001
0.04505,0.0507155,3.8999999999999995,0.36,0.089,0.36,0.08600000000000001
0.0451,0.050214999999999996,3.8999999999999995,0.36,0.089,0.36,0.08600000000000001
0.04515,0.049735499999999995,3.8500000000000005,0.36,0.089,0.36,0.08600000000000001
0.045200000000000004,0.049293,3.8500000000000005,0.36,0.088,0.36,0.08600000000000001
0.045250000000000005,0.0488635,3.799999999999999,0.36,0.088,0.36,0.085
0.0453,0.048442,3.799999999999999,0.36,0.088,0.36,0.085
0.04535,0.048052,3.8,0.36,0.088,0.36,0.085
0.0454,0.047647499999999995,3.6999999999999993,0.36,0.088,0.36,0.085
0.045450000000000004,0.047266499999999996,3.7,0.36,0.087,0.36,0.085
0.0455,0.046881,3.6500000000000004,0.36,0.087,0.36,0.085
0.04555,0.0465,3.6499999999999986,0.36,0.087,0.36,0.085
0.0456,0.04606,3.6500000000000004,0.35,0.087,0.35,0.08399999999999999
0.04565,0.045568,3.5999999999999996,0.33999999999999997,0.087,0.33999999999999997,0.08399999999999999
0.045700000000000005,0.045003999999999995,3.5999999999999996,0.33999999999999997,0.087,0.33999999999999997,0.08399999999999999
0.04575,0.0437515,3.500000000000001,0.31999999999999984,0.086,0.0,0.0
0.0458,0.041063999999999996,3.3000000000000007,0.29999999999999993,0.086,0.0,0.0
0.04585,0.037961999999999996,3.1000000000000005,0.2799999999999999,0.086,0.0,0.0
0.0459,0.034722499999999996,2.9499999999999993,0.2799999999999999,0.085,0.0,0.0
0.045950000000000005,0.031426499999999996,2.8,0.2599999999999999,0.08399999999999999,0.0,0.0
0.046,0.0280505,2.5999999999999996,0.2599999999999999,0.083,0.0,0.0
0.04605,0.024711999999999998,2.4000000000000012,0.2400000000000001,0.082,0.0,0.0
0.0461,0.021484,2.250000000000001,0.2300000000000001,0.08,0.0,0.0
0.046150000000000004,0.0183275,2.1000000000000005,0.2200000000000002,0.078,0.0,0.0
0.046200000000000005,0.0152915,1.9000000000000015,0.2100000000000002,0.075,0.0,0.0
0.04625,0.012454,1.7000000000000004,0.19000000000000006,0.07100000000000001,0.0,0.0
0.0463,0.009779,1.55,0.18000000000000005,0.067,0.0,0.0
0.04635,0.00731,1.349999999999999,0.17000000000000004,0.062,0.0,0.0
0.046400000000000004,0.005135,1.1499999999999997,0.15000000000000002,0.056,0.0,0.0
0.046450000000000005,0.0031869999999999997,0.9499999999999986,0.13,0.048,0.0,0.0
0.0465,0.0015739999999999999,0.7499999999999993,0.10999999999999986,0.039,0.0,0.0
0.04655,0.000406,0.4500000000000021,0.06999999999999994,0.024,0.0,0.0
0.0466,0.0,0.0,0.0,0.0,0.0,0.0
0.046650000000000004,0.0009035,0.3500000000000007,0.30000000000000004,0.017,0.30000000000000004,0.017
0.046700000000000005,0.0035559999999999997,0.45000000000000034,0.37,0.044,0.37,0.044
0.04675,0.00639,0.6000000000000008,0.3900000000000001,0.060000000000000005,0.3900000000000001,0.060000000000000005
0.0468,0.0094845,0.7499999999999993,0.3900000000000001,0.07100000000000001,0.3900000000000001,0.07100000000000001
0.04685,0.0128045,0.8500000000000008,0.3900000000000001,0.08,0.3900000000000001,0.08
0.046900000000000004,0.016327499999999998,0.9999999999999993,0.3900000000000001,0.086,0.3900000000000001,0.08600000000000001
0.046950000000000006,0.0199515,1.1499999999999997,0.3900000000000001,0.091,0.3900000000000001,0.091
0.047,0.023591499999999998,1.3,0.3900000000000001,0.095,0.3900000000000001,0.095
0.04705,0.027228,1.4500000000000004,0.38,0.098,0.38,0.098
0.0471,0.030836,1.6000000000000008,0.38,0.101,0.38,0.101
0.047150000000000004,0.034441,1.7000000000000004,0.38,0.103,0.38,0.101
0.0472,0.038016,1.8500000000000025,0.38,0.104,0.38,0.101
0.04725,0.041469,2.000000000000001,0.38,0.106,0.38,0.101
0.0473,0.044798,2.1000000000000005,0.38,0.106,0.38,0.101
0.04735,0.047904999999999996,2.250000000000001,0.38,0.107,0.38,0.1
0.047400000000000005,0.050997499999999994,2.3500000000000005,0.38,0.107,0.38,0.1
0.04745,0.0539735,2.5,0.37,0.107,0.37,0.09899999999999999
0.0475,0.056775,2.6500000000000004,0.37,0.107,0.37,0.098
0.04755,0.0592945,2.8,0.37,0.107,0.37,0.098
0.0476,0.0615775,2.95,0.37,0.106,0.37,0.097
0.047650000000000005,0.0638325,3.049999999999999,0.37,0.106,0.37,0.097
0.0477,0.06587599999999999,3.1999999999999993,0.37,0.10500000000000001,0.37,0.096
0.04775,0.067629,3.3499999999999988,0.37,0.104,0.37,0.095
0.0478,0.06910949999999999,3.4499999999999984,0.37,0.103,0.37,0.095
0.047850000000000004,0.070449,3.5999999999999988,0.37,0.102,0.37,0.095
0.047900000000000005,0.071513,3.7499999999999982,0.37,0.102,0.37,0.094
0.04795,0.07230099999999999,3.8499999999999996,0.37,0.101,0.37,0.094
0.048,0.072911,4.0,0.37,0.1,0.37,0.093
0.04805,0.07320449999999999,4.15,0.37,0.09899999999999999,0.37,0.093
0.048100000000000004,0.0732825,4.250000000000001,0.37,0.09899999999999999,0.37,0.093
0.048150000000000005,0.07309449999999999,4.3500000000000005,0.37,0.098,0.37,0.092
0.0482,0.07264749999999999,4.5,0.37,0.098,0.37,0.092
0.04825,0.071959,4.6,0.37,0.097,0.37,0.092
0.0483,0.071019,4.65,0.37,0.096,0.37,0.091
0.048350000000000004,0.06994249999999999,4.749999999999999,0.36,0.096,0.36,0.091
0.048400000000000006,0.068683,4.749999999999999,0.36,0.095,0.36,0.091
0.04845,0.0673105,4.799999999999999,0.36,0.095,0.36,0.09000000000000001
0.0485,0.06589099999999999,4.75,0.36,0.095,0.36,0.09000000000000001
0.04855,0.0645105,4.7,0.36,0.094,0.36,0.09000000000000001
0.048600000000000004,0.0631975,4.6000000000000005,0.36,0.094,0.36,0.09000000000000001
0.048650000000000006,0.06197,4.55,0.36,0.093,0.36,0.089
0.0487,0.0608315,4.449999999999999,0.36,0.093,0.36,0.089
0.04875,0.059794999999999994,4.3999999999999995,0.36,0.093,0.36,0.089
0.0488,0.0588095,4.3500000000000005,0.36,0.092,0.36,0.089
0.048850000000000005,0.0579175,4.3,0.36,0.092,0.36,0.089
0.0489,0.057090999999999996,4.249999999999999,0.36,0.092,0.36,0.088
0.04895,0.056292999999999996,4.2,0.36,0.091,0.36,0.088
0.049,0.0555545,4.1499999999999995,0.36,0.091,0.36,0.088
0.04905,0.054852,4.1000000000000005,0.36,0.091,0.36,0.088
0.049100000000000005,0.054207,4.05,0.36,0.091,0.36,0.088
0.04915,0.053592999999999995,4.05,0.36,0.09000000000000001,0.36,0.087
0.0492,0.052989999999999995,4.0,0.36,0.09000000000000001,0.36,0.087
0.04925,0.052425,3.9499999999999997,0.36,0.09000000000000001,0.36,0.087
0.049300000000000004,0.0519035,3.9499999999999997,0.36,0.09000000000000001,0.36,0.087
0.049350000000000005,0.051393999999999995,3.8999999999999995,0.36,0.089,0.36,0.087
0.0494,0.0509125,3.9,0.36,0.089,0.36,0.087
0.04945,0.0504455,3.8499999999999996,0.36,0.089,0.36,0.08600000000000001
0.0495,0.049998,3.8500000000000005,0.36,0.089,0.36,0.08600000000000001
0.049550000000000004,0.0495605,3.7999999999999994,0.36,0.089,0.36,0.08600000000000001
0.049600000000000005,0.0491585,3.8,0.36,0.088,0.36,0.08600000000000001
0.04965,0.048754,3.7499999999999996,0.36,0.088,0.36,0.08600000000000001
0.0497,0.0483535,3.75,0.36,0.088,0.36,0.08600000000000001
0.04975,0.047941,3.75,0.36,0.088,0.36,0.08600000000000001
0.049800000000000004,0.047517,3.6999999999999997,0.36,0.088,0.36,0.085
0.049850000000000005,0.047057999999999996,3.6999999999999997,0.35,0.087,0.35,0.085
0.0499,0.0465475,3.6999999999999997,0.33999999999999997,0.087,0.33999999999999997,0.085
0.04995,0.045918,3.65,0.33999999999999997,0.087,0.33999999999999997,0.085
0.05,0.0442675,3.4999999999999996,0.31000000000000005,0.087,0.0,0.0
0.050050000000000004,0.0414145,3.3499999999999996,0.30000000000000004,0.087,0.0,0.0
0.050100000000000006,0.038264,3.1,0.2799999999999999,0.086,0.0,0.0
0.05015,0.034953,2.9499999999999997,0.2799999999999999,0.086,0.0,0.0
0.0502,0.0316105,2.8,0.2599999999999999,0.085,0.0,0.0
0.05025,0.0281715,2.65,0.2499999999999999,0.08399999999999999,0.0,0.0
0.050300000000000004,0.0248275,2.4,0.24,0.082,0.0,0.0
0.050350000000000006,0.021564999999999997,2.25,0.22999999999999998,0.08,0.0,0.0
0.0504,0.018379,2.1,0.21999999999999997,0.078,0.0,0.0
0.05045,0.015309499999999998,1.9,0.2100000000000002,0.075,0.0,0.0
0.0505,0.012471999999999999,1.7,0.19000000000000017,0.07100000000000001,0.0,0.0
0.050550000000000005,0.009759499999999999,1.55,0.18000000000000016,0.067,0.0,0.0
0.0506,0.007280999999999999,1.35,0.16999999999999993,0.062,0.0,0.0
0.05065,0.0050975,1.2000000000000002,0.1499999999999999,0.056,0.0,0.0
0.0507,0.0031444999999999997,0.9500000000000002,0.1299999999999999,0.048,0.0,0.0
0.05075,0.0015214999999999998,0.75,0.08999999999999984,0.038,0.0,0.0
0.050800000000000005,0.00036399999999999996,0.44999999999999996,0.060000000000000046,0.023,0.0,0.0
0.05085,0.0,0.0,0.0,0.0,0.0,0.0
0.0509,0.0014904999999999999,0.39999999999999997,0.33000000000000007,0.024,0.33000000000000007,0.024
0.05095,0.0041455,0.5,0.3700000000000001,0.048,0.3700000000000001,0.048
0.051000000000000004,0.007045999999999999,0.6500000000000001,0.3899999999999999,0.063,0.3899999999999999,0.063
0.051050000000000005,0.0102075,0.8,0.3899999999999999,0.073,0.3899999999999999,0.073
0.0511,0.013599,0.9,0.3899999999999999,0.081,0.3899999999999999,0.081
0.05115,0.0171615,1.0,0.3899999999999999,0.087,0.3899999999999999,0.087
0.0512,0.020826499999999998,1.1500000000000001,0.3899999999999999,0.092,0.3899999999999999,0.092
0.051250000000000004,0.0245165,1.3,0.3899999999999999,0.096,0.3899999999999999,0.096
0.051300000000000005,0.028170999999999998,1.45,0.3799999999999999,0.09899999999999999,0.3799999999999999,0.09899999999999999
0.05135,0.031801499999999996,1.6,0.3799999999999999,0.102,0.3799999999999999,0.101
0.0514,0.035436999999999996,1.7,0.3799999999999999,0.104,0.3799999999999999,0.101
0.05145,0.0390385,1.85,0.3799999999999999,0.10500000000000001,0.3799999999999999,0.101
0.051500000000000004,0.042527999999999996,2.0,0.3799999999999999,0.106,0.3799999999999999,0.101
0.051550000000000006,0.0458495,2.15,0.3799999999999999,0.107,0.3799999999999999,0.101
0.0516,0.048948,2.3,0.3799999999999999,0.108,0.3799999999999999,0.1
0.05165,0.052077,2.3999999999999995,0.3799999999999999,0.108,0.3799999999999999,0.09899999999999999
0.0517,0.055078999999999996,2.55,0.3799999999999999,0.108,0.3799999999999999,0.09899999999999999
0.051750000000000004,0.0578865,2.6999999999999997,0.3699999999999999,0.108,0.3699999999999999,0.098
0.051800000000000006,0.060478,2.8499999999999996,0.3699999999999999,0.107,0.3699999999999999,0.098
0.05185,0.0627465,3.0,0.3699999999999999,0.107,0.3699999999999999,0.097
0.0519,0.064982,3.1,0.3699999999999999,0.106,0.3699999999999999,0.096
0.05195,0.0670405,3.25,0.3699999999999999,0.106,0.3699999999999999,0.096
0.052000000000000005,0.0688235,3.4,0.3699999999999999,0.10500000000000001,0.3699999999999999,0.095
0.05205,0.07033199999999999,3.4999999999999996,0.3699999999999999,0.104,0.3699999999999999,0.095
0.0521,0.0716705,3.6499999999999995,0.3699999999999999,0.103,0.3699999999999999,0.095
0.05215,0.07275999999999999,3.8,0.3699999999999999,0.102,0.3699999999999999,0.094
0.0522,0.073584,3.9000000000000004,0.3699999999999999,0.101,0.3699999999999999,0.094
0.052250000000000005,0.0741855,4.05,0.3699999999999999,0.101,0.3699999999999999,0.093
0.0523,0.0744785,4.2,0.3699999999999999,0.1,0.3699999999999999,0.093
0.05235,0.07459099999999999,4.3,0.3699999999999999,0.09899999999999999,0.3699999999999999,0.093
0.0524,0.074406,4.4,0.3699999999999999,0.09899999999999999,0.3699999999999999,0.092
0.052450000000000004,0.073984,4.550000000000001,0.3699999999999999,0.098,0.3699999999999999,0.092
0.052500000000000005,0.0732935,4.6499999999999995,0.3699999999999999,0.097,0.3699999999999999,0.092
0.05255,0.0724155,4.7,0.3699999999999999,0.097,0.3699999999999999,0.091
0.0526,0.071324,4.8,0.3699999999999999,0.096,0.3699999999999999,0.091
0.05265,0.07006649999999999,4.85,0.3599999999999999,0.096,0.3599999999999999,0.091
0.052700000000000004,0.068691,4.85,0.3599999999999999,0.096,0.3599999999999999,0.09000000000000001
0.052750000000000005,0.067275,4.8,0.3599999999999999,0.095,0.3599999999999999,0.09000000000000001
0.0528,0.06586349999999999,4.749999999999999,0.3599999999999999,0.095,0.3599999999999999,0.09000000000000001
0.05285,0.0645135,4.7,0.3599999999999999,0.094,0.3599999999999999,0.09000000000000001
0.0529,0.0632625,4.6000000000000005,0.3599999999999999,0.094,0.3599999999999999,0.089
0.052950000000000004,0.062088,4.55,0.3599999999999999,0.094,0.3599999999999999,0.089
0.053000000000000005,0.061014,4.499999999999999,0.3599999999999999,0.093,0.3599999999999999,0.089
0.05305,0.0600135,4.3999999999999995,0.3599999999999999,0.093,0.3599999999999999,0.089
0.0531,0.0590915,4.35,0.3599999999999999,0.092,0.3599999999999999,0.089
0.05315,0.0582325,4.299999999999999,0.3599999999999999,0.092,0.3599999999999999,0.088
0.053200000000000004,0.057402499999999995,4.250000000000001,0.3599999999999999,0.092,0.3599999999999999,0.088
0.053250000000000006,0.056645999999999995,4.2,0.3599999999999999,0.092,0.3599999999999999,0.088
0.0533,0.055918999999999996,4.15,0.3599999999999999,0.091,0.3599999999999999,0.088
0.05335,0.055264999999999995,4.150000000000001,0.3599999999999999,0.091,0.3599999999999999,0.088
0.0534,0.0546385,4.1000000000000005,0.3599999999999999,0.091,0.3599999999999999,0.087
0.053450000000000004,0.054025,4.05,0.3599999999999999,0.091,0.3599999999999999,0.087
0.053500000000000006,0.053446,4.05,0.3599999999999999,0.09000000000000001,0.3599999999999999,0.087
0.05355,0.052891,3.9999999999999982,0.3599999999999999,0.09000000000000001,0.3599999999999999,0.087
0.0536,0.0523815,3.95,0.3599999999999999,0.09000000000000001,0.3599999999999999,0.087
0.05365,0.051885999999999995,3.9499999999999993,0.3599999999999999,0.09000000000000001,0.3599999999999999,0.087
0.053700000000000005,0.051412,3.8999999999999995,0.3599999999999999,0.089,0.3599999999999999,0.087
0.05375,0.050954,3.9000000000000004,0.3599999999999999,0.089,0.3599999999999999,0.08600000000000001
0.0538,0.0505145,3.8499999999999996,0.3599999999999999,0.089,0.3599999999999999,0.08600000000000001
0.05385,0.050091,3.8500000000000005,0.3599999999999999,0.089,0.3599999999999999,0.08600000000000001
0.0539,0.0496645,3.8499999999999988,0.3599999999999999,0.089,0.3599999999999999,0.08600000000000001
0.053950000000000005,0.0492415,3.8000000000000016,0.3599999999999999,0.089,0.3599999999999999,0.08600000000000001
0.054,0.048827499999999996,3.8,0.3599999999999999,0.088,0.3599999999999999,0.08600000000000001
0.05405,0.048378,3.75,0.3599999999999999,0.088,0.3599999999999999,0.08600000000000001
0.0541,0.0478945,3.7499999999999982,0.34999999999999987,0.088,0.34999999999999987,0.085
0.054150000000000004,0.047308499999999996,3.750000000000001,0.3400000000000001,0.088,0.3400000000000001,0.085
0.054200000000000005,0.046654,3.6500000000000004,0.3400000000000001,0.088,0.3400000000000001,0.085
0.05425,0.044599,3.500000000000001,0.30000000000000004,0.087,0.0,0.0
0.0543,0.0416155,3.3500000000000005,0.29000000000000004,0.087,0.0,0.0
0.05435,0.0383965,3.1500000000000004,0.28,0.086,0.0,0.0
0.054400000000000004,0.035023,2.9499999999999993,0.27,0.086,0.0,0.0
0.054450000000000005,0.031661499999999995,2.8,0.26,0.085,0.0,0.0
0.0545,0.028183,2.6499999999999995,0.25,0.08399999999999999,0.0,0.0
0.05455,0.024809499999999998,2.4000000000000012,0.24,0.082,0.0,0.0
0.0546,0.021525,2.250000000000001,0.22999999999999998,0.08,0.0,0.0
0.054650000000000004,0.0183075,2.1000000000000005,0.21999999999999997,0.078,0.0,0.0
0.054700000000000006,0.015241999999999999,1.8999999999999997,0.20999999999999974,0.075,0.0,0.0
0.05475,0.0123895,1.7000000000000004,0.18999999999999995,0.07100000000000001,0.0,0.0
0.0548,0.009660499999999999,1.55,0.17999999999999994,0.067,0.0,0.0
0.05485,0.007186499999999999,1.349999999999999,0.16999999999999993,0.062,0.0,0.0
0.054900000000000004,0.004987,1.2000000000000004,0.15000000000000013,0.055,0.0,0.0
0.054950000000000006,0.003047,0.9499999999999986,0.13000000000000012,0.047,0.0,0.0
0.055,0.0014475,0.7000000000000004,0.09000000000000007,0.037,0.0,0.0
0.05505,0.00030399999999999996,0.4500000000000021,0.05000000000000004,0.022,0.0,0.0
0.0551,0.0,0.0,0.0,0.0,0.0,0.0
0.055150000000000005,0.0020375,0.44999999999999857,0.3400000000000001,0.030000000000000002,0.3400000000000001,0.030000000000000002
0.055200000000000006,0.004742,0.5000000000000011,0.3699999999999999,0.051,0.3699999999999999,0.051
0.05525,0.007728,0.6500000000000015,0.3899999999999999,0.06499999999999999,0.3899999999999999,0.06499999999999999
0.0553,0.010952,0.8000000000000018,0.3899999999999999,0.075,0.3899999999999999,0.075
0.05535,0.014404499999999999,0.8999999999999997,0.3899999999999999,0.083,0.3899999999999999,0.083
0.055400000000000005,0.0180275,1.05,0.3899999999999999,0.089,0.3899999999999999,0.089
0.05545,0.021695,1.2000000000000004,0.3899999999999999,0.093,0.3899999999999999,0.093
0.0555,0.0254255,1.3500000000000008,0.3899999999999999,0.097,0.3899999999999999,0.097
0.05555,0.029103,1.4999999999999993,0.3899999999999999,0.1,0.3899999999999999,0.1
0.055600000000000004,0.032730999999999996,1.6499999999999997,0.3799999999999999,0.102,0.3799999999999999,0.101
0.055650000000000005,0.0364135,1.750000000000001,0.3799999999999999,0.104,0.3799999999999999,0.101
0.0557,0.0400195,1.9000000000000015,0.3799999999999999,0.106,0.3799999999999999,0.101
0.05575,0.043516,2.0500000000000007,0.3799999999999999,0.107,0.3799999999999999,0.101
0.0558,0.0468675,2.200000000000001,0.3799999999999999,0.107,0.3799999999999999,0.1
0.055850000000000004,0.050008,2.3500000000000014,0.3799999999999999,0.108,0.3799999999999999,0.1
0.055900000000000005,0.0530925,2.45,0.3799999999999999,0.108,0.3799999999999999,0.09899999999999999
0.05595,0.056117,2.6000000000000005,0.3799999999999999,0.108,0.3799999999999999,0.09899999999999999
0.056,0.05892,2.75,0.3699999999999999,0.108,0.3699999999999999,0.098
0.05605,0.0615115,2.9000000000000004,0.3699999999999999,0.108,0.3699999999999999,0.097
0.056100000000000004,0.063832,3.0500000000000007,0.3699999999999999,0.107,0.3699999999999999,0.097
0.056150000000000005,0.06601649999999999,3.1499999999999995,0.3699999999999999,0.107,0.3699999999999999,0.096
0.0562,0.068094,3.3,0.3699999999999999,0.106,0.3699999999999999,0.096
0.05625,0.0698795,3.4499999999999993,0.3699999999999999,0.10500000000000001,0.3699999999999999,0.095
0.0563,0.07142,3.549999999999999,0.3699999999999999,0.104,0.3699999999999999,0.095
0.056350000000000004,0.07274749999999999,3.6999999999999984,0.3699999999999999,0.103,0.3699999999999999,0.094
0.056400000000000006,0.073834,3.8499999999999988,0.3699999999999999,0.103,0.3699999999999999,0.094
0.05645,0.0746555,3.9499999999999993,0.3699999999999999,0.102,0.3699999999999999,0.094
0.0565,0.0752755,4.1,0.3699999999999999,0.101,0.3699999999999999,0.093
0.05655,0.0755795,4.200000000000001,0.3699999999999999,0.1,0.3699999999999999,0.093
0.056600000000000004,0.075693,4.3500000000000005,0.3699999999999999,0.1,0.3699999999999999,0.092
0.056650000000000006,0.0755025,4.45,0.3699999999999999,0.09899999999999999,0.3699999999999999,0.092
0.0567,0.0750665,4.6,0.3699999999999999,0.09899999999999999,0.3699999999999999,0.092
0.05675,0.074418,4.699999999999999,0.3699999999999999,0.098,0.3699999999999999,0.091
0.0568,0.073534,4.75,0.3699999999999999,0.097,0.3699999999999999,0.091
0.056850000000000005,0.0724485,4.85,0.3699999999999999,0.097,0.3699999999999999,0.091
0.056900000000000006,0.0711845,4.850000000000001,0.3699999999999999,0.096,0.3699999999999999,0.091
0.05695,0.0697965,4.849999999999999,0.3699999999999999,0.096,0.3699999999999999,0.09000000000000001
0.057,0.06838899999999999,4.8500000000000005,0.3600000000000001,0.096,0.3600000000000001,0.09000000000000001
0.057050000000000003,0.06695,4.799999999999999,0.3600000000000001,0.095,0.3600000000000001,0.09000000000000001
0.057100000000000005,0.06558549999999999,4.699999999999999,0.3600000000000001,0.095,0.3600000000000001,0.09000000000000001
0.05715,0.064311,4.65,0.3600000000000001,0.094,0.3600000000000001,0.089
0.0572,0.0631205,4.549999999999998,0.3600000000000001,0.094,0.3600000000000001,0.089
0.05725,0.062016499999999995,4.5,0.3600000000000001,0.094,0.3600000000000001,0.089
0.057300000000000004,0.0609875,4.3999999999999995,0.3600000000000001,0.093,0.3600000000000001,0.089
0.057350000000000005,0.060053499999999996,4.35,0.3600000000000001,0.093,0.3600000000000001,0.089
0.0574,0.0591755,4.3,0.3600000000000001,0.093,0.3600000000000001,0.088
0.05745,0.058338499999999995,4.250000000000001,0.3600000000000001,0.092,0.3600000000000001,0.088
0.0575,0.057559,4.199999999999999,0.3600000000000001,0.092,0.3600000000000001,0.088
0.057550000000000004,0.056837,4.2,0.3600000000000001,0.092,0.3600000000000001,0.088
0.057600000000000005,0.056156,4.150000000000001,0.3600000000000001,0.092,0.3600000000000001,0.088
0.05765,0.0554975,4.1,0.3600000000000001,0.091,0.3600000000000001,0.087
0.0577,0.054862499999999995,4.05,0.3600000000000001,0.091,0.3600000000000001,0.087
0.05775,0.054305,4.05,0.3600000000000001,0.091,0.3600000000000001,0.087
0.057800000000000004,0.0537305,3.9999999999999996,0.3600000000000001,0.091,0.3600000000000001,0.087
0.057850000000000006,0.053205499999999996,3.9499999999999993,0.3600000000000001,0.09000000000000001,0.3600000000000001,0.087
0.0579,0.052699499999999996,3.95,0.3600000000000001,0.09000000000000001,0.3600000000000001,0.087
0.05795,0.052219499999999995,3.9,0.3600000000000001,0.09000000000000001,0.3600000000000001,0.087
0.058,0.0517605,3.9000000000000004,0.3600000000000001,0.09000000000000001,0.3600000000000001,0.08600000000000001
0.058050000000000004,0.051281999999999994,3.849999999999999,0.3600000000000001,0.089,0.3600000000000001,0.08600000000000001
0.058100000000000006,0.0508515,3.8499999999999996,0.3600000000000001,0.089,0.3600000000000001,0.08600000000000001
0.05815,0.0504275,3.8499999999999996,0.3600000000000001,0.089,0.3600000000000001,0.08600000000000001
0.0582,0.049999999999999996,3.8000000000000003,0.3600000000000001,0.089,0.3600000000000001,0.08600000000000001
0.05825,0.049576999999999996,3.8,0.3600000000000001,0.089,0.3600000000000001,0.08600000000000001
0.058300000000000005,0.049083499999999995,3.7499999999999996,0.3600000000000001,0.089,0.3600000000000001,0.08600000000000001
0.058350000000000006,0.0485795,3.7499999999999996,0.3500000000000001,0.088,0.3500000000000001,0.085
0.0584,0.047987499999999995,3.75,0.3400000000000001,0.088,0.3400000000000001,0.085
0.05845,0.047252499999999996,3.7,0.3400000000000001,0.088,0.0,0.0
0.0585,0.0447785,3.4999999999999996,0.30000000000000027,0.088,0.0,0.0
0.058550000000000005,0.0416715,3.3499999999999996,0.29000000000000026,0.087,0.0,0.0
0.058600000000000006,0.0384175,3.15,0.28000000000000025,0.087,0.0,0.0
0.05865,0.034987,2.9499999999999997,0.27,0.086,0.0,0.0
0.0587,0.0315695,2.8,0.26,0.085,0.0,0.0
0.058750000000000004,0.028064,2.65,0.25,0.08399999999999999,0.0,0.0
0.058800000000000005,0.024689,2.4,0.23999999999999977,0.082,0.0,0.0
0.05885,0.0213945,2.25,0.22999999999999976,0.08,0.0,0.0
0.0589,0.0181525,2.1,0.21999999999999975,0.078,0.0,0.0
0.05895,0.015091499999999999,1.9,0.20999999999999974,0.075,0.0,0.0
0.059000000000000004,0.0122255,1.7,0.18999999999999995,0.07100000000000001,0.0,0.0
0.059050000000000005,0.009497499999999999,1.55,0.16999999999999993,0.066,0.0,0.0
0.0591,0.0070265,1.35,0.16999999999999993,0.061,0.0,0.0
0.05915,0.004823,1.1500000000000001,0.15000000000000013,0.055,0.0,0.0
0.0592,0.0028955,0.9500000000000002,0.12000000000000009,0.047,0.0,0.0
0.059250000000000004,0.0013405,0.7000000000000001,0.09000000000000007,0.036000000000000004,0.0,0.0
0.059300000000000005,0.00023449999999999998,0.4,0.05000000000000004,0.02,0.0,0.0
0.05935,0.0,0.0,0.0,0.0,0.0,0.0
0.0594,0.002587,0.39999999999999997,0.3600000000000001,0.036000000000000004,0.3600000000000001,0.036000000000000004
0.05945,0.0053735,0.55,0.3899999999999999,0.055,0.3899999999999999,0.055
0.059500000000000004,0.008424,0.7000000000000001,0.3899999999999999,0.068,0.3899999999999999,0.068
0.059550000000000006,0.011698499999999999,0.8500000000000001,0.3899999999999999,0.077,0.3899999999999999,0.077
0.0596,0.015212999999999999,0.9500000000000001,0.3899999999999999,0.08399999999999999,0.3899999999999999,0.08399999999999999
0.05965,0.0188575,1.1,0.3899999999999999,0.09000000000000001,0.3899999999999999,0.09000000000000001
0.0597,0.022548,1.25,0.3899999999999999,0.094,0.3899999999999999,0.094
0.059750000000000004,0.026304499999999998,1.4000000000000001,0.3899999999999999,0.098,0.3899999999999999,0.098
0.059800000000000006,0.0299995,1.55,0.3899999999999999,0.101,0.3899999999999999,0.101
0.05985,0.0336355,1.6500000000000001,0.3800000000000001,0.103,0.3800000000000001,0.102
0.0599,0.0373315,1.75,0.3800000000000001,0.10500000000000001,0.3800000000000001,0.102
0.05995,0.040951499999999995,1.9,0.3800000000000001,0.106,0.3800000000000001,0.102
0.060000000000000005,0.044442999999999996,2.0500000000000003,0.3800000000000001,0.107,0.3800000000000001,0.102
0.060050000000000006,0.0478385,2.2,0.3800000000000001,0.108,0.3800000000000001,0.101
0.0601,0.0509945,2.35,0.3800000000000001,0.108,0.3800000000000001,0.101
0.06015,0.054044999999999996,2.4499999999999997,0.3800000000000001,0.10900000000000001,0.3800000000000001,0.1
0.060200000000000004,0.057069499999999995,2.5999999999999996,0.3800000000000001,0.10900000000000001,0.3800000000000001,0.09899999999999999
0.060250000000000005,0.059898999999999994,2.7499999999999996,0.3800000000000001,0.10900000000000001,0.3800000000000001,0.09899999999999999
0.0603,0.062494499999999994,2.8999999999999995,0.3700000000000001,0.108,0.3700000000000001,0.098
0.06035,0.0648345,3.0,0.3700000000000001,0.108,0.3700000000000001,0.098
0.0604,0.0670045,3.15,0.3700000000000001,0.107,0.3700000000000001,0.097
0.060450000000000004,0.069059,3.3,0.3700000000000001,0.106,0.3700000000000001,0.097
0.060500000000000005,0.070839,3.45,0.3700000000000001,0.106,0.3700000000000001,0.096
0.06055,0.0723945,3.55,0.3700000000000001,0.10500000000000001,0.3700000000000001,0.096
0.0606,0.0737295,3.6999999999999997,0.3700000000000001,0.104,0.3700000000000001,0.095
0.06065,0.07478499999999999,3.8499999999999996,0.3700000000000001,0.103,0.3700000000000001,0.095
0.060700000000000004,0.075636,3.95,0.3700000000000001,0.102,0.3700000000000001,0.094
0.060750000000000005,0.0762245,4.1,0.3700000000000001,0.101,0.3700000000000001,0.094
0.0608,0.0765515,4.2,0.3700000000000001,0.101,0.3700000000000001,0.094
0.06085,0.0766395,4.35,0.3700000000000001,0.1,0.3700000000000001,0.093
0.0609,0.0764575,4.45,0.3700000000000001,0.09899999999999999,0.3700000000000001,0.093
0.060950000000000004,0.0760385,4.549999999999999,0.3700000000000001,0.09899999999999999,0.3700000000000001,0.093
0.061000000000000006,0.0753645,4.699999999999999,0.3700000000000001,0.098,0.3700000000000001,0.092
0.06105,0.07448099999999999,4.75,0.3700000000000001,0.098,0.3700000000000001,0.092
0.0611,0.0733895,4.85,0.3700000000000001,0.097,0.3700000000000001,0.092
0.06115,0.0721455,4.8999999999999995,0.3700000000000001,0.097,0.3700000000000001,0.091
0.061200000000000004,0.0707675,4.8999999999999995,0.3700000000000001,0.096,0.3700000000000001,0.091
0.061250000000000006,0.069321,4.8999999999999995,0.3700000000000001,0.096,0.3700000000000001,0.091
0.0613,0.0678815,4.8500000000000005,0.3700000000000001,0.095,0.3700000000000001,0.091
0.06135,0.066505,4.750000000000001,0.3600000000000001,0.095,0.3600000000000001,0.09000000000000001
0.0614,0.065195,4.7,0.3600000000000001,0.095,0.3600000000000001,0.09000000000000001
0.061450000000000005,0.063986,4.6000000000000005,0.3600000000000001,0.094,0.3600000000000001,0.09000000000000001
0.061500000000000006,0.062875,4.55,0.3600000000000001,0.094,0.3600000000000001,0.09000000000000001
0.06155,0.0618345,4.5,0.3600000000000001,0.094,0.3600000000000001,0.09000000000000001
0.0616,0.060879499999999996,4.4,0.3600000000000001,0.093,0.3600000000000001,0.089
0.06165,0.059989499999999994,4.35,0.3600000000000001,0.093,0.3600000000000001,0.089
0.061700000000000005,0.059136999999999995,4.3,0.3600000000000001,0.093,0.3600000000000001,0.089
0.061750000000000006,0.058352999999999995,4.249999999999999,0.3600000000000001,0.092,0.3600000000000001,0.089
0.0618,0.057604999999999996,4.25,0.3600000000000001,0.092,0.3600000000000001,0.089
0.06185,0.0569185,4.2,0.3600000000000001,0.092,0.3600000000000001,0.088
0.061900000000000004,0.056243499999999995,4.1499999999999995,0.3600000000000001,0.092,0.3600000000000001,0.088
0.061950000000000005,0.055611,4.1000000000000005,0.3600000000000001,0.091,0.3600000000000001,0.088
0.062,0.055026,4.1000000000000005,0.3600000000000001,0.091,0.3600000000000001,0.088
0.06205,0.0544595,4.050000000000001,0.3600000000000001,0.091,0.3600000000000001,0.088
0.0621,0.053935,3.999999999999999,0.3600000000000001,0.091,0.3600000000000001,0.088
0.062150000000000004,0.053411999999999994,4.0,0.3600000000000001,0.09000000000000001,0.3600000000000001,0.087
0.062200000000000005,0.052913499999999995,3.95,0.3600000000000001,0.09000000000000001,0.3600000000000001,0.087
0.06225,0.0524305,3.950000000000001,0.3600000000000001,0.09000000000000001,0.3600000000000001,0.087
0.0623,0.051966,3.8999999999999986,0.3600000000000001,0.09000000000000001,0.3600000000000001,0.087
0.06235,0.0515275,3.8999999999999995,0.3600000000000001,0.09000000000000001,0.3600000000000001,0.087
0.062400000000000004,0.051077,3.8999999999999995,0.3600000000000001,0.089,0.3600000000000001,0.087
0.062450000000000006,0.050654,3.8500000000000005,0.3600000000000001,0.089,0.3600000000000001,0.087
0.0625,0.050194499999999996,3.8499999999999988,0.3600000000000001,0.089,0.3600000000000001,0.08600000000000001
0.06255000000000001,0.049687499999999996,3.8000000000000007,0.3600000000000001,0.089,0.3600000000000001,0.08600000000000001
0.0626,0.0491545,3.799999999999999,0.3500000000000001,0.089,0.3500000000000001,0.08600000000000001
0.06265,0.048513,3.8,0.3400000000000001,0.088,0.3400000000000001,0.08600000000000001
0.0627,0.0474545,3.6999999999999993,0.32000000000000006,0.088,0.0,0.0
0.06275,0.044802499999999995,3.500000000000001,0.2999999999999998,0.088,0.0,0.0
0.06280000000000001,0.041610499999999995,3.3500000000000005,0.2799999999999998,0.088,0.0,0.0
0.06285,0.038302499999999996,3.1000000000000005,0.2799999999999998,0.087,0.0,0.0
0.0629,0.0348525,2.9499999999999993,0.26,0.086,0.0,0.0
0.06295,0.031383,2.8,0.26,0.085,0.0,0.0
0.063,0.0278625,2.6000000000000005,0.25,0.08399999999999999,0.0,0.0
0.06305000000000001,0.024481,2.4000000000000012,0.24,0.082,0.0,0.0
0.0631,0.021168,2.250000000000001,0.22999999999999998,0.08,0.0,0.0
0.06315,0.01791,2.1000000000000005,0.2100000000000002,0.078,0.0,0.0
0.0632,0.014844999999999999,1.8999999999999997,0.2100000000000002,0.074,0.0,0.0
0.06325,0.012000499999999999,1.7000000000000004,0.18999999999999995,0.06999999999999998,0.0,0.0
0.06330000000000001,0.009269,1.55,0.16999999999999993,0.066,0.0,0.0
0.06335,0.006804999999999999,1.349999999999999,0.1499999999999999,0.060000000000000005,0.0,0.0
0.0634,0.004606,1.1499999999999997,0.1399999999999999,0.054,0.0,0.0
0.06345,0.0027259999999999997,0.9499999999999986,0.11000000000000008,0.046,0.0,0.0
0.0635,0.0012064999999999999,0.7000000000000004,0.09000000000000007,0.03499999999999999,0.0,0.0
0.06355000000000001,0.00014749999999999998,0.3499999999999989,0.05000000000000004,0.017,0.0,0.0
0.0636,0.000392,0.25000000000000105,0.25,0.01,0.25,0.01
0.06365,0.00316,0.45000000000000034,0.3699999999999999,0.04,0.3699999999999999,0.04
0.0637,0.006005,0.6000000000000008,0.39000000000000035,0.058,0.39000000000000035,0.058
0.06375,0.009117499999999999,0.7499999999999993,0.39000000000000035,0.06999999999999998,0.39000000000000035,0.06999999999999999
0.06380000000000001,0.012433,0.8500000000000008,0.39000000000000035,0.079,0.39000000000000035,0.079
0.06385,0.016012,0.9500000000000004,0.39000000000000035,0.086,0.39000000000000035,0.08600000000000001
0.0639,0.019698,1.1000000000000008,0.39000000000000035,0.091,0.39000000000000035,0.091
0.06395,0.0234305,1.2499999999999993,0.39000000000000035,0.095,0.39000000000000035,0.095
0.064,0.027188999999999998,1.3999999999999997,0.39000000000000035,0.09899999999999999,0.39000000000000035,0.09899999999999999
0.06405000000000001,0.030896,1.55,0.39000000000000035,0.101,0.39000000000000035,0.101
0.0641,0.034561,1.6500000000000015,0.3800000000000001,0.104,0.3800000000000001,0.102
0.06415,0.038266999999999995,1.8,0.3800000000000001,0.10500000000000001,0.3800000000000001,0.102
0.06420000000000001,0.041887,1.9500000000000004,0.3800000000000001,0.107,0.3800000000000001,0.102
0.06425,0.045393499999999996,2.1000000000000005,0.3800000000000001,0.108,0.3800000000000001,0.102
0.06430000000000001,0.048764499999999995,2.250000000000001,0.3800000000000001,0.108,0.3800000000000001,0.101
0.06435,0.051929499999999996,2.4000000000000012,0.3800000000000001,0.10900000000000001,0.3800000000000001,0.1
0.0644,0.054978,2.5,0.3800000000000001,0.10900000000000001,0.3800000000000001,0.1
0.06445000000000001,0.057978499999999995,2.6500000000000004,0.3800000000000001,0.10900000000000001,0.3800000000000001,0.09899999999999999
0.0645,0.060801999999999995,2.8,0.3800000000000001,0.10900000000000001,0.3800000000000001,0.09899999999999999
0.06455,0.0634015,2.95,0.3700000000000001,0.10900000000000001,0.3700000000000001,0.098
0.0646,0.06576549999999999,3.049999999999999,0.3700000000000001,0.108,0.3700000000000001,0.097
0.06465,0.0679125,3.1999999999999993,0.3700000000000001,0.107,0.3700000000000001,0.097
0.06470000000000001,0.0699185,3.3499999999999988,0.3700000000000001,0.107,0.3700000000000001,0.096
0.06475,0.0717155,3.499999999999999,0.3700000000000001,0.106,0.3700000000000001,0.096
0.0648,0.073271,3.5999999999999988,0.3700000000000001,0.10500000000000001,0.3700000000000001,0.095
0.06485,0.0745935,3.7499999999999982,0.3700000000000001,0.104,0.3700000000000001,0.095
0.0649,0.075638,3.8999999999999986,0.3700000000000001,0.103,0.3700000000000001,0.095
0.06495000000000001,0.0764695,4.0,0.3700000000000001,0.102,0.3700000000000001,0.094
0.065,0.077072,4.15,0.3700000000000001,0.102,0.3700000000000001,0.094
0.06505,0.077365,4.250000000000001,0.3700000000000001,0.101,0.3700000000000001,0.093
0.0651,0.0774535,4.400000000000001,0.3700000000000001,0.1,0.3700000000000001,0.093
0.06515,0.0772745,4.5,0.3700000000000001,0.1,0.3700000000000001,0.093
0.06520000000000001,0.07682449999999999,4.6,0.3700000000000001,0.09899999999999999,0.3700000000000001,0.092
0.06525,0.076148,4.699999999999999,0.3700000000000001,0.09899999999999999,0.3700000000000001,0.092
0.0653,0.075261,4.8,0.3700000000000001,0.098,0.3700000000000001,0.092
0.06535,0.074154,4.8999999999999995,0.3700000000000001,0.098,0.3700000000000001,0.092
0.0654,0.072895,4.899999999999999,0.3700000000000001,0.097,0.3700000000000001,0.091
0.06545000000000001,0.071517,4.949999999999999,0.3700000000000001,0.097,0.3700000000000001,0.091
0.0655,0.070057,4.8999999999999995,0.3700000000000001,0.096,0.3700000000000001,0.091
0.06555,0.0686025,4.8999999999999995,0.3600000000000001,0.096,0.3600000000000001,0.09000000000000001
0.0656,0.0672265,4.8,0.3600000000000001,0.095,0.3600000000000001,0.09000000000000001
0.06565,0.065907,4.75,0.3600000000000001,0.095,0.3600000000000001,0.09000000000000001
0.06570000000000001,0.06469799999999999,4.649999999999998,0.3600000000000001,0.095,0.3600000000000001,0.09000000000000001
0.06575,0.0635665,4.6000000000000005,0.3600000000000001,0.094,0.3600000000000001,0.09000000000000001
0.0658,0.0625305,4.5,0.3600000000000001,0.094,0.3600000000000001,0.089
0.06585,0.0615335,4.45,0.3600000000000001,0.094,0.3600000000000001,0.089
0.0659,0.060652,4.3999999999999995,0.3600000000000001,0.093,0.3600000000000001,0.089
0.06595000000000001,0.059797499999999996,4.3500000000000005,0.3600000000000001,0.093,0.3600000000000001,0.089
0.066,0.058984499999999995,4.3,0.3600000000000001,0.093,0.3600000000000001,0.089
0.06605,0.058235499999999996,4.25,0.3600000000000001,0.092,0.3600000000000001,0.088
0.0661,0.0575305,4.250000000000001,0.3600000000000001,0.092,0.3600000000000001,0.088
0.06615,0.056848499999999996,4.199999999999999,0.3600000000000001,0.092,0.3600000000000001,0.088
0.06620000000000001,0.056236999999999995,4.1499999999999995,0.3600000000000001,0.092,0.3600000000000001,0.088
0.06625,0.055625999999999995,4.1000000000000005,0.3600000000000001,0.091,0.3600000000000001,0.088
0.0663,0.0550415,4.1,0.3600000000000001,0.091,0.3600000000000001,0.088
0.06635,0.0545135,4.05,0.3600000000000001,0.091,0.3600000000000001,0.087
0.0664,0.053979,4.05,0.3600000000000001,0.091,0.3600000000000001,0.087
0.06645000000000001,0.053488999999999995,4.0,0.3600000000000001,0.091,0.3600000000000001,0.087
0.0665,0.0529915,4.000000000000001,0.3600000000000001,0.09000000000000001,0.3600000000000001,0.087
0.06655,0.052527,3.9499999999999993,0.3600000000000001,0.09000000000000001,0.3600000000000001,0.087
0.0666,0.052074999999999996,3.9499999999999997,0.3600000000000001,0.09000000000000001,0.3600000000000001,0.087
0.06665,0.051629999999999995,3.8999999999999995,0.3600000000000001,0.09000000000000001,0.3600000000000001,0.087
0.06670000000000001,0.051165999999999996,3.9000000000000004,0.3600000000000001,0.09000000000000001,0.3600000000000001,0.08600000000000001
0.06675,0.050679999999999996,3.9,0.3600000000000001,0.089,0.3600000000000001,0.08600000000000001
0.0668,0.0501855,3.8499999999999996,0.3600000000000001,0.089,0.3600000000000001,0.08600000000000001
0.06685,0.04962,3.8,0.33999999999999986,0.089,0.33999999999999986,0.08600000000000001
0.0669,0.0489355,3.75,0.33999999999999986,0.089,0.33999999999999986,0.08600000000000001
0.06695000000000001,0.047529999999999996,3.65,0.31999999999999984,0.088,0.0,0.0
0.067,0.044716,3.4999999999999996,0.2999999999999998,0.088,0.0,0.0
0.06705,0.041449,3.3499999999999996,0.2799999999999998,0.088,0.0,0.0
0.0671,0.038116,3.1,0.2799999999999998,0.087,0.0,0.0
0.06715,0.0346305,2.9499999999999997,0.26,0.086,0.0,0.0
0.06720000000000001,0.031108999999999998,2.8,0.26,0.085,0.0,0.0
0.06725,0.027586,2.5500000000000003,0.2500000000000002,0.08399999999999999,0.0,0.0
0.0673,0.024193,2.4,0.2400000000000002,0.082,0.0,0.0
0.06735000000000001,0.0208735,2.25,0.2300000000000002,0.08,0.0,0.0
0.0674,0.0176115,2.1,0.2100000000000002,0.077,0.0,0.0
0.06745000000000001,0.014549999999999999,1.8499999999999999,0.2100000000000002,0.074,0.0,0.0
0.0675,0.011720999999999999,1.7,0.19000000000000017,0.06999999999999998,0.0,0.0
0.06755,0.0090025,1.55,0.17000000000000015,0.06499999999999999,0.0,0.0
0.06760000000000001,0.006572499999999999,1.3,0.15000000000000013,0.060000000000000005,0.0,0.0
0.06765,0.004377,1.1500000000000001,0.1299999999999999,0.053,0.0,0.0
0.06770000000000001,0.002539,0.9000000000000001,0.10999999999999964,0.044,0.0,0.0
0.06775,0.001041,0.65,0.08999999999999984,0.033,0.0,0.0
0.0678,6.95e-05,0.3,0.03000000000000002,0.013,0.0,0.0
0.06785000000000001,0.0010475,0.35000000000000003,0.30999999999999983,0.019,0.30999999999999983,0.019
0.0679,0.00374,0.5,0.3700000000000001,0.045000000000000005,0.3700000000000001,0.045000000000000005
0.06795,0.006644,0.6000000000000001,0.3900000000000001,0.061,0.3900000000000001,0.061
0.068,0.009817,0.7500000000000001,0.3900000000000001,0.07200000000000001,0.3900000000000001,0.07200000000000001
0.06805,0.013201,0.8500000000000001,0.3900000000000001,0.081,0.3900000000000001,0.081
0.06810000000000001,0.016829999999999998,1.0,0.3900000000000001,0.087,0.3900000000000001,0.087
0.06815,0.020543,1.1500000000000001,0.3900000000000001,0.092,0.3900000000000001,0.092
0.0682,0.0242935,1.3,0.3900000000000001,0.096,0.3900000000000001,0.096
0.06825,0.028054,1.45,0.3900000000000001,0.09899999999999999,0.3900000000000001,0.09899999999999999
0.0683,0.031779,1.6,0.3900000000000001,0.102,0.3900000000000001,0.101
0.06835000000000001,0.035454,1.7,0.3800000000000001,0.104,0.3800000000000001,0.102
0.0684,0.03916,1.85,0.3800000000000001,0.106,0.3800000000000001,0.102
0.06845,0.042779,2.0,0.3800000000000001,0.107,0.3800000000000001,0.102
0.0685,0.046281499999999996,2.15,0.3800000000000001,0.108,0.3800000000000001,0.101
0.06855,0.0496405,2.3,0.3800000000000001,0.10900000000000001,0.3800000000000001,0.101
0.06860000000000001,0.052809999999999996,2.4499999999999997,0.3800000000000001,0.10900000000000001,0.3800000000000001,0.1
0.06865,0.055856499999999996,2.55,0.3800000000000001,0.10900000000000001,0.3800000000000001,0.09899999999999999
0.0687,0.0588575,2.6999999999999997,0.3800000000000001,0.10900000000000001,0.3800000000000001,0.09899999999999999
0.06875,0.061649499999999996,2.8499999999999996,0.3800000000000001,0.10900000000000001,0.3800000000000001,0.098
0.0688,0.06425499999999999,3.0,0.3800000000000001,0.10900000000000001,0.3800000000000001,0.098
0.06885000000000001,0.0666245,3.1,0.3700000000000001,0.108,0.3700000000000001,0.097
0.0689,0.0687435,3.25,0.3700000000000001,0.108,0.3700000000000001,0.097
0.06895,0.070724,3.3499999999999996,0.3700000000000001,0.107,0.3700000000000001,0.096
0.069,0.07250899999999999,3.5,0.3700000000000001,0.106,0.3700000000000001,0.096
0.06905,0.07406449999999999,3.5999999999999996,0.3700000000000001,0.10500000000000001,0.3700000000000001,0.095
0.06910000000000001,0.0753635,3.7499999999999996,0.3700000000000001,0.104,0.3700000000000001,0.095
0.06915,0.076393,3.8999999999999995,0.3700000000000001,0.103,0.3700000000000001,0.094
0.0692,0.0772185,4.0,0.3700000000000001,0.103,0.3700000000000001,0.094
0.06925,0.0777605,4.1499999999999995,0.3700000000000001,0.102,0.3700000000000001,0.094
0.0693,0.07808949999999999,4.25,0.3700000000000001,0.101,0.3700000000000001,0.093
0.06935000000000001,0.07814399999999999,4.3999999999999995,0.3700000000000001,0.101,0.3700000000000001,0.093
0.0694,0.0779475,4.5,0.3700000000000001,0.1,0.3700000000000001,0.093
0.06945,0.077488,4.6,0.3700000000000001,0.09899999999999999,0.3700000000000001,0.092
0.0695,0.07679,4.7,0.3700000000000001,0.09899999999999999,0.3700000000000001,0.092
0.06955,0.0758795,4.8,0.3700000000000001,0.098,0.3700000000000001,0.092
0.06960000000000001,0.074779,4.8500000000000005,0.3700000000000001,0.098,0.3700000000000001,0.091
0.06965,0.073498,4.8999999999999995,0.3700000000000001,0.097,0.3700000000000001,0.091
0.0697,0.0721285,4.95,0.3700000000000001,0.097,0.3700000000000001,0.091
0.06975,0.070675,4.9,0.3700000000000001,0.096,0.3700000000000001,0.091
0.0698,0.0692165,4.85,0.3700000000000001,0.096,0.3700000000000001,0.09000000000000001
0.06985000000000001,0.06782099999999999,4.8,0.3700000000000001,0.096,0.3700000000000001,0.09000000000000001
0.0699,0.0664845,4.749999999999999,0.3600000000000001,0.095,0.3600000000000001,0.09000000000000001
0.06995,0.0652715,4.6499999999999995,0.3600000000000001,0.095,0.3600000000000001,0.09000000000000001
0.07,0.0641215,4.599999999999999,0.3600000000000001,0.094,0.3600000000000001,0.089
0.07005,0.063076,4.5,0.3600000000000001,0.094,0.3600000000000001,0.089
0.07010000000000001,0.062098,4.449999999999999,0.3600000000000001,0.094,0.3600000000000001,0.089
0.07015,0.061169499999999995,4.3999999999999995,0.3600000000000001,0.094,0.3600000000000001,0.089
0.0702,0.060326,4.3500000000000005,0.3600000000000001,0.093,0.3600000000000001,0.089
0.07025,0.059531,4.3,0.3600000000000001,0.093,0.3600000000000001,0.088
0.0703,0.0587585,4.25,0.3600000000000001,0.093,0.3600000000000001,0.088
0.07035000000000001,0.058047499999999995,4.199999999999999,0.3600000000000001,0.092,0.3600000000000001,0.088
0.0704,0.057373,4.2,0.3600000000000001,0.092,0.3600000000000001,0.088
0.07045,0.0567455,4.1499999999999995,0.3600000000000001,0.092,0.3600000000000001,0.088
0.07050000000000001,0.056131999999999994,4.1,0.3600000000000001,0.092,0.3600000000000001,0.088
0.07055,0.0555585,4.1,0.3600000000000001,0.091,0.3600000000000001,0.088
0.07060000000000001,0.054995499999999996,4.05,0.3600000000000001,0.091,0.3600000000000001,0.087
0.07065,0.0544625,4.000000000000001,0.3600000000000001,0.091,0.3600000000000001,0.087
0.0707,0.05396,3.999999999999999,0.3600000000000001,0.091,0.3600000000000001,0.087
0.07075000000000001,0.053469499999999996,3.9499999999999993,0.3600000000000001,0.091,0.3600000000000001,0.087
0.0708,0.0530005,3.9499999999999993,0.3600000000000001,0.09000000000000001,0.3600000000000001,0.087
0.07085000000000001,0.052546499999999996,3.95,0.3600000000000001,0.09000000000000001,0.3600000000000001,0.087
0.0709,0.052072,3.8999999999999986,0.3600000000000001,0.09000000000000001,0.3600000000000001,0.087
0.07095,0.0516145,3.8999999999999995,0.3600000000000001,0.09000000000000001,0.3600000000000001,0.08600000000000001
0.07100000000000001,0.051124499999999996,3.8499999999999996,0.3600000000000001,0.09000000000000001,0.3600000000000001,0.08600000000000001
0.07105,0.050601,3.8499999999999996,0.3600000000000001,0.089,0.3600000000000001,0.08600000000000001
0.0711,0.049995,3.8499999999999996,0.33999999999999986,0.089,0.33999999999999986,0.08600000000000001
0.07115,0.049302,3.8000000000000007,0.33999999999999986,0.089,0.33999999999999986,0.085
0.0712,0.0474825,3.6500000000000004,0.31000000000000005,0.089,0.0,0.0
0.07125000000000001,0.0445265,3.500000000000001,0.30000000000000004,0.088,0.0,0.0
0.0713,0.0412355,3.25,0.28,0.088,0.0,0.0
0.07135,0.037836499999999995,3.1000000000000005,0.28,0.087,0.0,0.0
0.0714,0.0342965,2.9499999999999993,0.26,0.086,0.0,0.0
0.07145,0.03078,2.75,0.26,0.085,0.0,0.0
0.07150000000000001,0.0272415,2.5500000000000007,0.25,0.08399999999999999,0.0,0.0
0.07155,0.0238525,2.4000000000000012,0.22999999999999998,0.082,0.0,0.0
0.0716,0.020499,2.250000000000001,0.22999999999999998,0.08,0.0,0.0
0.07165,0.0172735,2.0500000000000007,0.2100000000000002,0.077,0.0,0.0
0.0717,0.0142125,1.8500000000000008,0.20000000000000018,0.074,0.0,0.0
0.07175000000000001,0.0113855,1.7000000000000004,0.19000000000000017,0.06899999999999999,0.0,0.0
0.0718,0.008706,1.4500000000000004,0.17000000000000015,0.06499999999999999,0.0,0.0
0.07185,0.006299,1.3,0.1499999999999999,0.059,0.0,0.0
0.0719,0.004131999999999999,1.099999999999999,0.13000000000000012,0.052,0.0,0.0
0.07195,0.00233,0.8999999999999997,0.11000000000000008,0.043,0.0,0.0
0.07200000000000001,0.0008755,0.6499999999999997,0.07999999999999984,0.031,0.0,0.0
0.07205,8e-06,0.14999999999999963,0.02000000000000001,0.006,0.0,0.0
0.0721,0.0016359999999999999,0.39999999999999963,0.3400000000000001,0.026,0.3400000000000001,0.026
0.07215,0.0043419999999999995,0.5000000000000011,0.3700000000000001,0.049,0.3700000000000001,0.049
0.0722,0.0073005,0.6500000000000015,0.3899999999999999,0.064,0.3899999999999999,0.064
0.07225000000000001,0.010534499999999999,0.8000000000000018,0.3899999999999999,0.074,0.3899999999999999,0.074
0.0723,0.013977,0.8999999999999997,0.3899999999999999,0.082,0.3899999999999999,0.082
0.07235,0.017629,1.05,0.3899999999999999,0.088,0.3899999999999999,0.088
0.0724,0.0213565,1.2000000000000004,0.3899999999999999,0.093,0.3899999999999999,0.093
0.07245,0.025134999999999998,1.3,0.3899999999999999,0.097,0.3899999999999999,0.097
0.07250000000000001,0.028904,1.4500000000000004,0.3899999999999999,0.1,0.3899999999999999,0.1
0.07255,0.032646999999999995,1.6000000000000008,0.3899999999999999,0.103,0.3899999999999999,0.102
0.0726,0.0363425,1.7000000000000004,0.3799999999999999,0.10500000000000001,0.3799999999999999,0.103
0.07265,0.0400485,1.8500000000000025,0.3799999999999999,0.106,0.3799999999999999,0.103
0.0727,0.04366,2.000000000000001,0.3799999999999999,0.107,0.3799999999999999,0.102
0.07275000000000001,0.047161499999999995,2.1500000000000012,0.3799999999999999,0.108,0.3799999999999999,0.102
0.0728,0.050511,2.3000000000000007,0.3799999999999999,0.10900000000000001,0.3799999999999999,0.101
0.07285,0.0536875,2.3999999999999995,0.3799999999999999,0.10900000000000001,0.3799999999999999,0.101
0.0729,0.056721999999999995,2.55,0.3799999999999999,0.11,0.3799999999999999,0.1
0.07295,0.059691499999999995,2.7,0.3799999999999999,0.11,0.3799999999999999,0.1
0.07300000000000001,0.062463,2.8499999999999996,0.3799999999999999,0.10900000000000001,0.3799999999999999,0.09899999999999999
0.07305,0.065048,3.000000000000001,0.3799999999999999,0.10900000000000001,0.3799999999999999,0.098
0.0731,0.067437,3.0999999999999996,0.3699999999999999,0.108,0.3699999999999999,0.098
0.07315,0.06955349999999999,3.25,0.3699999999999999,0.108,0.3699999999999999,0.097
0.0732,0.071504,3.3999999999999995,0.3699999999999999,0.107,0.3699999999999999,0.097
0.07325000000000001,0.07323249999999999,3.55,0.3699999999999999,0.106,0.3699999999999999,0.096
0.0733,0.074807,3.6499999999999986,0.3699999999999999,0.10500000000000001,0.3699999999999999,0.096
0.07335,0.0760645,3.799999999999999,0.3699999999999999,0.104,0.3699999999999999,0.095
0.0734,0.0770665,3.9499999999999993,0.3699999999999999,0.104,0.3699999999999999,0.095
0.07345,0.077887,4.05,0.3699999999999999,0.103,0.3699999999999999,0.095
0.07350000000000001,0.078403,4.2,0.3699999999999999,0.102,0.3699999999999999,0.094
0.07355,0.07871299999999999,4.300000000000001,0.3699999999999999,0.101,0.3699999999999999,0.094
0.0736,0.07871399999999999,4.450000000000001,0.3699999999999999,0.101,0.3699999999999999,0.094
0.07365000000000001,0.07851999999999999,4.55,0.3699999999999999,0.1,0.3699999999999999,0.093
0.0737,0.078035,4.6499999999999995,0.3699999999999999,0.1,0.3699999999999999,0.093
0.07375000000000001,0.0773415,4.749999999999998,0.3699999999999999,0.09899999999999999,0.3699999999999999,0.093
0.0738,0.0763975,4.85,0.3699999999999999,0.098,0.3699999999999999,0.092
0.07385,0.0752895,4.9,0.3699999999999999,0.098,0.3699999999999999,0.092
0.07390000000000001,0.0740125,4.949999999999998,0.3699999999999999,0.098,0.3699999999999999,0.092
0.07395,0.0726245,4.95,0.3699999999999999,0.097,0.3699999999999999,0.091
0.07400000000000001,0.071153,4.949999999999999,0.3699999999999999,0.097,0.3699999999999999,0.091
0.07405,0.0697045,4.9,0.3699999999999999,0.096,0.3699999999999999,0.091
0.0741,0.06827949999999999,4.85,0.3699999999999999,0.096,0.3699999999999999,0.091
0.07415000000000001,0.0669715,4.749999999999999,0.3699999999999999,0.095,0.3699999999999999,0.091
0.0742,0.0657285,4.699999999999998,0.3599999999999999,0.095,0.3599999999999999,0.09000000000000001
0.07425000000000001,0.064598,4.6000000000000005,0.3599999999999999,0.095,0.3599999999999999,0.09000000000000001
0.0743,0.06353249999999999,4.55,0.3599999999999999,0.094,0.3599999999999999,0.09000000000000001
0.07435,0.06254749999999999,4.499999999999999,0.3599999999999999,0.094,0.3599999999999999,0.09000000000000001
0.07440000000000001,0.061626999999999994,4.45,0.3599999999999999,0.094,0.3599999999999999,0.09000000000000001
0.07445,0.0607725,4.4,0.3599999999999999,0.093,0.3599999999999999,0.089
0.0745,0.059962499999999995,4.349999999999999,0.3599999999999999,0.093,0.3599999999999999,0.089
0.07455,0.059199499999999995,4.3,0.3599999999999999,0.093,0.3599999999999999,0.089
0.0746,0.0584805,4.25,0.3599999999999999,0.093,0.3599999999999999,0.089
0.07465000000000001,0.057812999999999996,4.2,0.3599999999999999,0.092,0.3599999999999999,0.089
0.0747,0.0571615,4.2,0.3599999999999999,0.092,0.3599999999999999,0.088
0.07475,0.0565525,4.1499999999999995,0.3599999999999999,0.092,0.3599999999999999,0.088
0.0748,0.0559625,4.1,0.3599999999999999,0.092,0.3599999999999999,0.088
0.07485,0.0554065,4.1,0.3599999999999999,0.091,0.3599999999999999,0.088
0.07490000000000001,0.0548785,4.05,0.3599999999999999,0.091,0.3599999999999999,0.088
0.07495,0.0543685,4.05,0.3599999999999999,0.091,0.3599999999999999,0.088
0.075,0.053898999999999996,3.9999999999999996,0.3599999999999999,0.091,0.3599999999999999,0.088
0.07505,0.053404,3.999999999999999,0.3599999999999999,0.091,0.3599999999999999,0.087
0.0751,0.0529385,3.95,0.3599999999999999,0.09000000000000001,0.3599999999999999,0.087
0.07515000000000001,0.052468,3.9499999999999997,0.3599999999999999,0.09000000000000001,0.3599999999999999,0.087
0.0752,0.05198,3.8999999999999995,0.3599999999999999,0.09000000000000001,0.3599999999999999,0.087
0.07525,0.051481,3.9,0.3599999999999999,0.09000000000000001,0.3599999999999999,0.087
0.0753,0.0509305,3.8999999999999995,0.3599999999999999,0.09000000000000001,0.3599999999999999,0.087
0.07535,0.0502885,3.85,0.3400000000000003,0.089,0.3400000000000003,0.08600000000000001
0.07540000000000001,0.0495855,3.85,0.3400000000000003,0.089,0.3400000000000003,0.08600000000000001
0.07545,0.047319,3.65,0.30000000000000004,0.089,0.0,0.0
0.0755,0.044239999999999995,3.4499999999999997,0.30000000000000004,0.088,0.0,0.0
0.07555,0.04093,3.25,0.28,0.088,0.0,0.0
0.0756,0.0374635,3.1,0.27,0.087,0.0,0.0
0.07565000000000001,0.033943,2.9,0.26,0.086,0.0,0.0
0.0757,0.030389,2.75,0.25,0.085,0.0,0.0
0.07575,0.026846,2.5500000000000003,0.24,0.08399999999999999,0.0,0.0
0.0758,0.0234485,2.35,0.22999999999999998,0.082,0.0,0.0
0.07585,0.020085,2.2,0.22999999999999998,0.079,0.0,0.0
0.07590000000000001,0.016899499999999998,2.0,0.20999999999999996,0.077,0.0,0.0
0.07595,0.013848,1.8499999999999999,0.18999999999999972,0.073,0.0,0.0
0.076,0.011018,1.65,0.18999999999999972,0.06899999999999999,0.0,0.0
0.07605,0.0083825,1.4500000000000002,0.16999999999999993,0.064,0.0,0.0
0.0761,0.006004499999999999,1.3,0.15000000000000013,0.058,0.0,0.0
0.07615000000000001,0.0038805,1.05,0.13000000000000012,0.051,0.0,0.0
0.0762,0.0020855,0.9000000000000001,0.11000000000000008,0.041,0.0,0.0
0.07625,0.0006965,0.55,0.07000000000000005,0.029,0.0,0.0
0.0763,0.0,0.0,0.0,0.0,0.0,0.0
0.07635,0.002191,0.45,0.34999999999999987,0.032,0.34999999999999987,0.032
0.07640000000000001,0.0049435,0.55,0.3799999999999999,0.052,0.3799999999999999,0.052
0.07645,0.007970999999999999,0.7000000000000001,0.3899999999999999,0.066,0.3899999999999999,0.066
0.0765,0.0112505,0.8,0.3899999999999999,0.076,0.3899999999999999,0.076
0.07655,0.014761,0.9,0.3899999999999999,0.08399999999999999,0.3899999999999999,0.08399999999999999
0.0766,0.018443499999999998,1.05,0.3899999999999999,0.09000000000000001,0.3899999999999999,0.09000000000000001
0.07665000000000001,0.0221905,1.2,0.3899999999999999,0.094,0.3899999999999999,0.094
0.0767,0.0259945,1.35,0.3899999999999999,0.098,0.3899999999999999,0.098
0.07675,0.029765999999999997,1.5,0.3899999999999999,0.101,0.3899999999999999,0.101
0.07680000000000001,0.033514999999999996,1.6500000000000001,0.3899999999999999,0.103,0.3899999999999999,0.102
0.07685,0.037218,1.75,0.3799999999999999,0.10500000000000001,0.3799999999999999,0.102
0.07690000000000001,0.040917999999999996,1.9,0.3799999999999999,0.107,0.3799999999999999,0.102
0.07695,0.044531499999999995,2.0500000000000003,0.3799999999999999,0.108,0.3799999999999999,0.102
0.077,0.0480135,2.2,0.3799999999999999,0.10900000000000001,0.3799999999999999,0.102
0.07705000000000001,0.051358,2.35,0.3799999999999999,0.10900000000000001,0.3799999999999999,0.101
0.0771,0.054556,2.4499999999999997,0.3799999999999999,0.11,0.3799999999999999,0.1
0.07715000000000001,0.0575645,2.5999999999999996,0.3799999999999999,0.11,0.3799999999999999,0.1
0.0772,0.060490999999999996,2.7499999999999996,0.3799999999999999,0.11,0.3799999999999999,0.09899999999999999
0.07725,0.06326999999999999,2.8999999999999995,0.3799999999999999,0.10900000000000001,0.3799999999999999,0.09899999999999999
0.07730000000000001,0.065792,3.05,0.3799999999999999,0.10900000000000001,0.3799999999999999,0.098
0.07735,0.0681905,3.15,0.3699999999999999,0.108,0.3699999999999999,0.097
0.07740000000000001,0.0702845,3.3,0.3699999999999999,0.108,0.3699999999999999,0.097
0.07745,0.0722125,3.45,0.3699999999999999,0.107,0.3699999999999999,0.096
0.0775,0.0739205,3.55,0.3699999999999999,0.106,0.3699999999999999,0.096
0.07755000000000001,0.075459,3.6999999999999997,0.3699999999999999,0.10500000000000001,0.3699999999999999,0.096
0.0776,0.07668799999999999,3.8499999999999996,0.3699999999999999,0.10500000000000001,0.3699999999999999,0.095
0.07765,0.0776665,3.95,0.3699999999999999,0.104,0.3699999999999999,0.095
0.0777,0.078465,4.1,0.3699999999999999,0.103,0.3699999999999999,0.094
0.07775,0.078979,4.25,0.3699999999999999,0.102,0.3699999999999999,0.094
0.07780000000000001,0.079251,4.35,0.3699999999999999,0.102,0.3699999999999999,0.094
0.07785,0.079236,4.5,0.3699999999999999,0.101,0.3699999999999999,0.093
0.0779,0.078985,4.6,0.3699999999999999,0.1,0.3699999999999999,0.093
0.07795,0.078508,4.699999999999999,0.3699999999999999,0.1,0.3699999999999999,0.093
0.078,0.077765,4.8,0.3699999999999999,0.09899999999999999,0.3699999999999999,0.092
0.07805000000000001,0.076814,4.8999999999999995,0.3699999999999999,0.09899999999999999,0.3699999999999999,0.092
0.0781,0.075686,4.95,0.3699999999999999,0.098,0.3699999999999999,0.092
0.07815,0.0743805,4.999999999999999,0.3699999999999999,0.098,0.3699999999999999,0.091
0.0782,0.072977,5.0,0.3699999999999999,0.097,0.3699999999999999,0.091
0.07825,0.071521,5.0,0.3699999999999999,0.097,0.3699999999999999,0.091
0.07830000000000001,0.070058,4.95,0.3699999999999999,0.096,0.3699999999999999,0.091
0.07835,0.06865399999999999,4.85,0.3699999999999999,0.096,0.3699999999999999,0.091
0.0784,0.0673225,4.8,0.3600000000000001,0.096,0.3600000000000001,0.09000000000000001
0.07845,0.06608699999999999,4.7,0.3600000000000001,0.095,0.3600000000000001,0.09000000000000001
0.0785,0.06494799999999999,4.6499999999999995,0.3600000000000001,0.095,0.3600000000000001,0.09000000000000001
0.07855000000000001,0.0639045,4.6000000000000005,0.3600000000000001,0.095,0.3600000000000001,0.09000000000000001
0.0786,0.0628895,4.499999999999999,0.3600000000000001,0.094,0.3600000000000001,0.089
0.07865,0.061997,4.45,0.3600000000000001,0.094,0.3600000000000001,0.089
0.0787,0.061112,4.3999999999999995,0.3600000000000001,0.094,0.3600000000000001,0.089
0.07875,0.060312,4.3500000000000005,0.3600000000000001,0.093,0.3600000000000001,0.089
0.07880000000000001,0.0595445,4.35,0.3600000000000001,0.093,0.3600000000000001,0.089
0.07885,0.0588235,4.3,0.3600000000000001,0.093,0.3600000000000001,0.089
0.0789,0.0581435,4.25,0.3600000000000001,0.092,0.3600000000000001,0.088
0.07895,0.0575015,4.2,0.3600000000000001,0.092,0.3600000000000001,0.088
0.079,0.056874999999999995,4.200000000000001,0.3600000000000001,0.092,0.3600000000000001,0.088
0.07905000000000001,0.056297,4.1499999999999995,0.3600000000000001,0.092,0.3600000000000001,0.088
0.0791,0.055723499999999995,4.1,0.3600000000000001,0.092,0.3600000000000001,0.088
0.07915,0.0552055,4.1000000000000005,0.3600000000000001,0.091,0.3600000000000001,0.088
0.0792,0.0546915,4.050000000000001,0.3600000000000001,0.091,0.3600000000000001,0.088
0.07925,0.054173,4.049999999999999,0.3600000000000001,0.091,0.3600000000000001,0.087
0.07930000000000001,0.053714,3.999999999999999,0.3600000000000001,0.091,0.3600000000000001,0.087
0.07935,0.053239499999999995,4.0,0.3600000000000001,0.091,0.3600000000000001,0.087
0.0794,0.0527555,3.95,0.3600000000000001,0.09000000000000001,0.3600000000000001,0.087
0.07945,0.052268999999999996,3.9000000000000004,0.3600000000000001,0.09000000000000001,0.3600000000000001,0.087
0.0795,0.051760999999999995,3.9000000000000004,0.3600000000000001,0.09000000000000001,0.3600000000000001,0.087
0.07955000000000001,0.051181,3.8499999999999988,0.3500000000000001,0.09000000000000001,0.3500000000000001,0.08600000000000001
0.0796,0.050543,3.8500000000000005,0.3400000000000001,0.089,0.3400000000000001,0.08600000000000001
0.07965,0.049665999999999995,3.8499999999999996,0.33000000000000007,0.089,0.0,0.0
0.07970000000000001,0.047096,3.6000000000000005,0.30000000000000027,0.089,0.0,0.0
0.07975,0.0438985,3.450000000000001,0.29000000000000026,0.089,0.0,0.0
0.07980000000000001,0.0405585,3.25,0.28000000000000025,0.088,0.0,0.0
0.07985,0.037051,3.05,0.27000000000000024,0.087,0.0,0.0
0.0799,0.0335045,2.8999999999999995,0.26,0.086,0.0,0.0
0.07995000000000001,0.0299135,2.75,0.24999999999999978,0.085,0.0,0.0
0.08,0.0264035,2.500000000000001,0.23999999999999977,0.08399999999999999,0.0,0.0
0.08005000000000001,0.0230205,2.3500000000000014,0.22999999999999976,0.082,0.0,0.0
0.0801,0.019640499999999998,2.200000000000001,0.21999999999999975,0.079,0.0,0.0
0.08015,0.016472499999999998,2.0,0.20999999999999974,0.076,0.0,0.0
0.08020000000000001,0.0134545,1.8000000000000018,0.18999999999999995,0.07200000000000001,0.0,0.0
0.08025,0.01062,1.6499999999999997,0.18999999999999995,0.068,0.0,0.0
0.08030000000000001,0.008017999999999999,1.4500000000000004,0.16999999999999993,0.063,0.0,0.0
0.08035,0.0056689999999999996,1.2499999999999993,0.15000000000000013,0.057,0.0,0.0
0.0804,0.0035875,1.0499999999999983,0.13000000000000012,0.049,0.0,0.0
0.08045000000000001,0.001836,0.8,0.10000000000000007,0.04,0.0,0.0
0.0805,0.0005369999999999999,0.5500000000000018,0.07000000000000005,0.026,0.0,0.0
0.08055000000000001,0.0,0.0,0.0,0.0,0.0,0.0
0.0806,0.002732,0.39999999999999963,0.3600000000000001,0.037,0.3600000000000001,0.037
0.08065,0.0055615,0.5500000000000018,0.3899999999999997,0.056,0.3899999999999997,0.056
0.08070000000000001,0.0086635,0.7000000000000004,0.3899999999999997,0.06899999999999999,0.3899999999999997,0.06899999999999999
0.08075,0.011989999999999999,0.8500000000000008,0.3899999999999997,0.078,0.3899999999999997,0.078
0.08080000000000001,0.015554,0.9500000000000004,0.3899999999999997,0.085,0.3899999999999997,0.085
0.08085,0.019258499999999998,1.1000000000000008,0.3899999999999997,0.091,0.3899999999999997,0.091
0.0809,0.023025,1.2499999999999993,0.3899999999999997,0.095,0.3899999999999997,0.095
0.08095000000000001,0.0268435,1.3999999999999997,0.3899999999999997,0.09899999999999999,0.3899999999999997,0.09899999999999999
0.081,0.030612499999999997,1.55,0.3899999999999997,0.101,0.3899999999999997,0.101
0.08105,0.03435,1.7000000000000004,0.3899999999999997,0.104,0.3899999999999997,0.103
0.0811,0.0380765,1.8,0.3799999999999999,0.106,0.3799999999999999,0.103
0.08115,0.041778499999999996,1.9500000000000004,0.3799999999999999,0.107,0.3799999999999999,0.103
0.08120000000000001,0.045357999999999996,2.1000000000000005,0.3799999999999999,0.108,0.3799999999999999,0.103
0.08125,0.048845,2.250000000000001,0.3799999999999999,0.10900000000000001,0.3799999999999999,0.102
0.0813,0.052154,2.3500000000000014,0.3799999999999999,0.10900000000000001,0.3799999999999999,0.102
0.08135,0.055347999999999994,2.45,0.3799999999999999,0.11,0.3799999999999999,0.101
0.0814,0.0583375,2.6000000000000005,0.3799999999999999,0.11,0.3799999999999999,0.101
0.08145000000000001,0.0612555,2.75,0.3799999999999999,0.11,0.3799999999999999,0.1
0.0815,0.0640015,2.9000000000000004,0.3799999999999999,0.11,0.3799999999999999,0.09899999999999999
0.08155,0.0665095,3.0500000000000007,0.3799999999999999,0.10900000000000001,0.3799999999999999,0.09899999999999999
0.0816,0.06891,3.1499999999999995,0.3699999999999999,0.10900000000000001,0.3699999999999999,0.098
0.08165,0.070968,3.3,0.3699999999999999,0.108,0.3699999999999999,0.098
0.08170000000000001,0.0728485,3.4499999999999993,0.3699999999999999,0.107,0.3699999999999999,0.097
0.08175,0.0745395,3.549999999999999,0.3699999999999999,0.106,0.3699999999999999,0.097
0.0818,0.0760725,3.6999999999999984,0.3699999999999999,0.10500000000000001,0.3699999999999999,0.096
0.08185,0.077275,3.8499999999999988,0.3699999999999999,0.10500000000000001,0.3699999999999999,0.096
0.0819,0.0782315,3.9499999999999993,0.3699999999999999,0.104,0.3699999999999999,0.095
0.08195000000000001,0.07897599999999999,4.1,0.3699999999999999,0.103,0.3699999999999999,0.095
0.082,0.0794665,4.25,0.3699999999999999,0.102,0.3699999999999999,0.095
0.08205,0.0796955,4.3500000000000005,0.3699999999999999,0.102,0.3699999999999999,0.094
0.0821,0.079647,4.45,0.3699999999999999,0.101,0.3699999999999999,0.094
0.08215,0.079404,4.6,0.3699999999999999,0.1,0.3699999999999999,0.094
0.08220000000000001,0.078871,4.699999999999999,0.3699999999999999,0.1,0.3699999999999999,0.093
0.08225,0.078123,4.799999999999999,0.3699999999999999,0.09899999999999999,0.3699999999999999,0.093
0.0823,0.0771395,4.85,0.3699999999999999,0.09899999999999999,0.3699999999999999,0.093
0.08235,0.0759675,4.95,0.3699999999999999,0.098,0.3699999999999999,0.092
0.0824,0.0746565,4.95,0.3699999999999999,0.098,0.3699999999999999,0.092
0.08245000000000001,0.07325,5.0,0.3699999999999999,0.097,0.3699999999999999,0.092
0.0825,0.071798,4.949999999999999,0.3699999999999999,0.097,0.3699999999999999,0.092
0.08255,0.070329,4.8999999999999995,0.3699999999999999,0.096,0.3699999999999999,0.091
0.0826,0.06894449999999999,4.8500000000000005,0.3699999999999999,0.096,0.3699999999999999,0.091
0.08265,0.0676215,4.750000000000001,0.3699999999999999,0.096,0.3699999999999999,0.091
0.08270000000000001,0.06639149999999999,4.7,0.3699999999999999,0.095,0.3699999999999999,0.091
0.08275,0.0652465,4.6,0.3599999999999999,0.095,0.3599999999999999,0.09000000000000001
0.0828,0.064173,4.55,0.3599999999999999,0.095,0.3599999999999999,0.09000000000000001
0.08285000000000001,0.063193,4.5,0.3599999999999999,0.094,0.3599999999999999,0.09000000000000001
0.0829,0.062278,4.45,0.3599999999999999,0.094,0.3599999999999999,0.09000000000000001
0.08295000000000001,0.061418,4.3999999999999995,0.3599999999999999,0.094,0.3599999999999999,0.09000000000000001
0.083,0.0606025,4.3500000000000005,0.3599999999999999,0.093,0.3599999999999999,0.09000000000000001
0.08305,0.059842,4.3,0.3599999999999999,0.093,0.3599999999999999,0.089
0.08310000000000001,0.059112,4.25,0.3599999999999999,0.093,0.3599999999999999,0.089
0.08315,0.058435499999999994,4.249999999999999,0.3599999999999999,0.093,0.3599999999999999,0.089
0.08320000000000001,0.057784499999999996,4.2,0.3599999999999999,0.092,0.3599999999999999,0.089
0.08325,0.057165499999999994,4.1499999999999995,0.3599999999999999,0.092,0.3599999999999999,0.089
0.0833,0.056584499999999996,4.1499999999999995,0.3599999999999999,0.092,0.3599999999999999,0.089
0.08335000000000001,0.056022499999999996,4.1,0.3599999999999999,0.092,0.3599999999999999,0.088
0.0834,0.055487499999999995,4.05,0.3599999999999999,0.091,0.3599999999999999,0.088
0.08345000000000001,0.054967499999999996,4.05,0.3599999999999999,0.091,0.3599999999999999,0.088
0.0835,0.054477,4.0,0.3599999999999999,0.091,0.3599999999999999,0.088
0.08355,0.0539935,4.000000000000001,0.3599999999999999,0.091,0.3599999999999999,0.088
0.08360000000000001,0.0535145,3.9499999999999993,0.3599999999999999,0.091,0.3599999999999999,0.088
0.08365,0.053038499999999995,3.9499999999999997,0.3599999999999999,0.09000000000000001,0.3599999999999999,0.087
0.08370000000000001,0.052525499999999996,3.9499999999999993,0.3599999999999999,0.09000000000000001,0.3599999999999999,0.087
0.08375,0.051995,3.9000000000000004,0.3599999999999999,0.09000000000000001,0.3599999999999999,0.087
0.0838,0.051386499999999995,3.9,0.34999999999999987,0.09000000000000001,0.34999999999999987,0.087
0.08385000000000001,0.050721499999999996,3.8499999999999996,0.3400000000000001,0.09000000000000001,0.3400000000000001,0.087
0.0839,0.0495185,3.7499999999999996,0.3200000000000003,0.089,0.0,0.0
0.08395000000000001,0.0467995,3.5999999999999996,0.30000000000000004,0.089,0.0,0.0
0.084,0.04349,3.3999999999999995,0.28000000000000025,0.089,0.0,0.0
0.08405,0.040126999999999996,3.1999999999999997,0.28000000000000025,0.088,0.0,0.0
0.08410000000000001,0.036598,3.05,0.27,0.087,0.0,0.0
0.08415,0.033016,2.9,0.26,0.086,0.0,0.0
0.08420000000000001,0.029431,2.6999999999999997,0.2500000000000002,0.085,0.0,0.0
0.08425,0.025936499999999998,2.5,0.24000000000000044,0.083,0.0,0.0
0.0843,0.0225285,2.35,0.2300000000000002,0.081,0.0,0.0
0.08435000000000001,0.019154499999999998,2.15,0.21999999999999997,0.079,0.0,0.0
0.0844,0.016024,1.95,0.20999999999999996,0.076,0.0,0.0
0.08445,0.013042,1.8,0.18999999999999995,0.07200000000000001,0.0,0.0
0.0845,0.010169,1.65,0.17999999999999994,0.067,0.0,0.0
0.08455,0.007634999999999999,1.4000000000000001,0.16999999999999993,0.062,0.0,0.0
0.08460000000000001,0.005319,1.2500000000000002,0.1499999999999999,0.056,0.0,0.0
0.08465,0.0032875,1.0,0.1299999999999999,0.048,0.0,0.0
0.0847,0.0016075,0.75,0.10000000000000007,0.038,0.0,0.0
0.08475,0.00037799999999999997,0.5,0.059999999999999824,0.023,0.0,0.0
0.0848,0.000542,0.35000000000000003,0.2699999999999998,0.012,0.2699999999999998,0.012
0.08485000000000001,0.0033144999999999997,0.44999999999999996,0.3700000000000001,0.041,0.3700000000000001,0.041
0.0849,0.0061985,0.6000000000000001,0.3899999999999999,0.059,0.3899999999999999,0.059
0.08495,0.009359,0.7500000000000001,0.3899999999999999,0.07100000000000001,0.3899999999999999,0.07100000000000001
0.085,0.0127125,0.9000000000000001,0.3899999999999999,0.08,0.3899999999999999,0.08
0.08505,0.016321,1.0,0.3899999999999999,0.086,0.3899999999999999,0.08600000000000001
0.08510000000000001,0.020059999999999998,1.1,0.3899999999999999,0.092,0.3899999999999999,0.092
0.08515,0.0238535,1.25,0.3899999999999999,0.096,0.3899999999999999,0.096
0.0852,0.027663499999999997,1.4000000000000001,0.3899999999999999,0.09899999999999999,0.3899999999999999,0.09899999999999999
0.08525,0.031460999999999996,1.55,0.3899999999999999,0.102,0.3899999999999999,0.102
0.0853,0.0351995,1.65,0.3899999999999999,0.104,0.3899999999999999,0.103
0.08535000000000001,0.0389315,1.8,0.3799999999999999,0.106,0.3799999999999999,0.103
0.0854,0.0426085,1.95,0.3799999999999999,0.107,0.3799999999999999,0.103
0.08545,0.0461875,2.1,0.3799999999999999,0.108,0.3799999999999999,0.102
0.0855,0.049685,2.25,0.3799999999999999,0.10900000000000001,0.3799999999999999,0.102
0.08555,0.0529635,2.4,0.3799999999999999,0.11,0.3799999999999999,0.101
0.08560000000000001,0.056152,2.5,0.3799999999999999,0.11,0.3799999999999999,0.101
0.08565,0.059116499999999995,2.65,0.3799999999999999,0.11,0.3799999999999999,0.1
0.0857,0.062014,2.8,0.3799999999999999,0.11,0.3799999999999999,0.09899999999999999
0.08575,0.06474099999999999,2.9499999999999997,0.3799999999999999,0.11,0.3799999999999999,0.09899999999999999
0.0858,0.0672205,3.05,0.3799999999999999,0.10900000000000001,0.3799999999999999,0.098
0.08585000000000001,0.069591,3.1999999999999997,0.3699999999999999,0.10900000000000001,0.3699999999999999,0.098
0.0859,0.071615,3.3499999999999996,0.3699999999999999,0.108,0.3699999999999999,0.097
0.08595,0.07346,3.5,0.3699999999999999,0.107,0.3699999999999999,0.097
0.08600000000000001,0.0751515,3.5999999999999996,0.3699999999999999,0.106,0.3699999999999999,0.096
0.08605,0.0766425,3.7499999999999996,0.3699999999999999,0.10500000000000001,0.3699999999999999,0.096
0.08610000000000001,0.0778155,3.8999999999999995,0.3699999999999999,0.10500000000000001,0.3699999999999999,0.096
0.08615,0.078719,4.0,0.3699999999999999,0.104,0.3699999999999999,0.095
0.0862,0.079451,4.1499999999999995,0.3699999999999999,0.103,0.3699999999999999,0.095
0.08625000000000001,0.07986649999999999,4.25,0.3699999999999999,0.102,0.3699999999999999,0.094
0.0863,0.08010199999999999,4.3999999999999995,0.3699999999999999,0.102,0.3699999999999999,0.094
0.08635000000000001,0.080048,4.5,0.3699999999999999,0.101,0.3699999999999999,0.094
0.0864,0.079724,4.65,0.3699999999999999,0.1,0.3699999999999999,0.093
0.08645,0.07918649999999999,4.75,0.3699999999999999,0.1,0.3699999999999999,0.093
0.08650000000000001,0.07839249999999999,4.85,0.3699999999999999,0.09899999999999999,0.3699999999999999,0.093
0.08655,0.0774025,4.9,0.3699999999999999,0.09899999999999999,0.3699999999999999,0.092
0.08660000000000001,0.0762075,4.949999999999999,0.3699999999999999,0.098,0.3699999999999999,0.092
0.08665,0.0749085,5.0,0.3699999999999999,0.098,0.3699999999999999,0.092
0.0867,0.0734715,5.0,0.3699999999999999,0.097,0.3699999999999999,0.092
0.08675000000000001,0.0720085,5.0,0.3699999999999999,0.097,0.3699999999999999,0.091
0.0868,0.0705445,4.95,0.3699999999999999,0.097,0.3699999999999999,0.091
0.08685000000000001,0.06913799999999999,4.85,0.3699999999999999,0.096,0.3699999999999999,0.091
0.0869,0.0678145,4.8,0.3699999999999999,0.096,0.3699999999999999,0.091
0.08695,0.0666025,4.699999999999999,0.3699999999999999,0.095,0.3699999999999999,0.09000000000000001
0.08700000000000001,0.0654635,4.6499999999999995,0.3599999999999999,0.095,0.3599999999999999,0.09000000000000001
0.08705,0.06441949999999999,4.599999999999999,0.3599999999999999,0.095,0.3599999999999999,0.09000000000000001
0.08710000000000001,0.0633955,4.499999999999999,0.3599999999999999,0.094,0.3599999999999999,0.09000000000000001
0.08715,0.062496499999999996,4.45,0.3599999999999999,0.094,0.3599999999999999,0.09000000000000001
0.0872,0.0616295,4.3999999999999995,0.3599999999999999,0.094,0.3599999999999999,0.089
0.08725000000000001,0.0608145,4.3999999999999995,0.3599999999999999,0.094,0.3599999999999999,0.089
0.0873,0.0600755,4.349999999999999,0.3599999999999999,0.093,0.3599999999999999,0.089
0.08735000000000001,0.059341,4.3,0.3599999999999999,0.093,0.3599999999999999,0.089
0.0874,0.0586615,4.25,0.3599999999999999,0.093,0.3599999999999999,0.089
0.08745,0.0580105,4.199999999999999,0.3599999999999999,0.092,0.3599999999999999,0.089
0.08750000000000001,0.057408,4.199999999999999,0.3599999999999999,0.092,0.3599999999999999,0.088
0.08755,0.056818999999999995,4.15,0.3599999999999999,0.092,0.3599999999999999,0.088
0.0876,0.056237999999999996,4.15,0.3599999999999999,0.092,0.3599999999999999,0.088
0.08765,0.0557135,4.1,0.3599999999999999,0.092,0.3599999999999999,0.088
0.0877,0.055191,4.049999999999999,0.3599999999999999,0.091,0.3599999999999999,0.088
0.08775000000000001,0.0546935,4.05,0.3599999999999999,0.091,0.3599999999999999,0.088
0.0878,0.0541995,4.0,0.3599999999999999,0.091,0.3599999999999999,0.088
0.08785,0.0537235,3.999999999999999,0.3599999999999999,0.091,0.3599999999999999,0.087
0.0879,0.053232499999999995,3.999999999999999,0.3599999999999999,0.091,0.3599999999999999,0.087
0.08795,0.0527165,3.9499999999999993,0.3599999999999999,0.09000000000000001,0.3599999999999999,0.087
0.08800000000000001,0.0521605,3.9499999999999993,0.3599999999999999,0.09000000000000001,0.3599999999999999,0.087
0.08805,0.051549,3.9000000000000004,0.34999999999999987,0.09000000000000001,0.34999999999999987,0.087
0.0881,0.050830999999999994,3.9000000000000004,0.3400000000000001,0.09000000000000001,0.3400000000000001,0.08600000000000001
0.08815,0.049296,3.750000000000001,0.31999999999999984,0.089,0.0,0.0
0.0882,0.046390999999999995,3.55,0.30000000000000004,0.089,0.0,0.0
0.08825000000000001,0.043061999999999996,3.4000000000000004,0.2799999999999998,0.089,0.0,0.0
0.0883,0.0396575,3.1999999999999993,0.2799999999999998,0.088,0.0,0.0
0.08835,0.0360785,3.0,0.27,0.087,0.0,0.0
0.0884,0.032497,2.8499999999999996,0.26000000000000023,0.086,0.0,0.0
0.08845,0.028901999999999997,2.6500000000000012,0.25,0.085,0.0,0.0
0.08850000000000001,0.025411,2.500000000000001,0.24,0.083,0.0,0.0
0.08855,0.0220185,2.3000000000000007,0.2300000000000002,0.081,0.0,0.0
0.0886,0.018659,2.1500000000000012,0.20999999999999996,0.078,0.0,0.0
0.08865,0.015536,1.9500000000000004,0.20999999999999996,0.075,0.0,0.0
0.0887,0.012579499999999999,1.7499999999999993,0.18999999999999972,0.07100000000000001,0.0,0.0
0.08875000000000001,0.009758,1.6000000000000008,0.16999999999999993,0.067,0.0,0.0
0.0888,0.0072315,1.3999999999999997,0.16000000000000014,0.061,0.0,0.0
0.08885,0.0049545,1.2000000000000004,0.14000000000000012,0.055,0.0,0.0
0.0889,0.0029855,0.9999999999999993,0.11999999999999987,0.046,0.0,0.0
0.08895,0.0013685,0.7499999999999993,0.09000000000000029,0.036000000000000004,0.0,0.0
0.08900000000000001,0.000223,0.4000000000000014,0.05000000000000026,0.019,0.0,0.0
0.08905,0.001183,0.39999999999999963,0.3199999999999996,0.020999999999999998,0.3199999999999996,0.020999999999999998
0.0891,0.0039024999999999997,0.5000000000000011,0.3699999999999999,0.046,0.3699999999999999,0.046
0.08915000000000001,0.006829,0.6000000000000008,0.3900000000000001,0.061,0.3900000000000001,0.061
0.0892,0.0100415,0.7499999999999993,0.3900000000000001,0.073,0.3900000000000001,0.073
0.08925000000000001,0.013464499999999999,0.8500000000000008,0.3900000000000001,0.081,0.3900000000000001,0.081
0.0893,0.0171335,0.9999999999999993,0.3900000000000001,0.088,0.3900000000000001,0.088
0.08935,0.020892499999999998,1.1499999999999997,0.3900000000000001,0.093,0.3900000000000001,0.093
0.08940000000000001,0.024704499999999997,1.3,0.3900000000000001,0.097,0.3900000000000001,0.097
0.08945,0.028513,1.4500000000000004,0.3900000000000001,0.1,0.3900000000000001,0.1
0.08950000000000001,0.032298,1.6000000000000008,0.3900000000000001,0.103,0.3900000000000001,0.102
0.08955,0.03603,1.7000000000000004,0.3900000000000001,0.10500000000000001,0.3900000000000001,0.103
0.0896,0.0397635,1.8500000000000025,0.3800000000000001,0.106,0.3800000000000001,0.103
0.08965000000000001,0.043432,2.000000000000001,0.3800000000000001,0.108,0.3800000000000001,0.102
0.0897,0.047022999999999995,2.1500000000000012,0.3800000000000001,0.10900000000000001,0.3800000000000001,0.102
0.08975000000000001,0.050462,2.3000000000000007,0.3800000000000001,0.10900000000000001,0.3800000000000001,0.101
0.0898,0.0537305,2.45,0.3800000000000001,0.11,0.3800000000000001,0.101
0.08985,0.056908,2.55,0.3800000000000001,0.11,0.3800000000000001,0.1
0.08990000000000001,0.0598555,2.7,0.3800000000000001,0.11,0.3800000000000001,0.1
0.08995,0.062738,2.8499999999999996,0.3800000000000001,0.11,0.3800000000000001,0.09899999999999999
0.09000000000000001,0.0654375,3.000000000000001,0.3800000000000001,0.11,0.3800000000000001,0.098
0.09005,0.0679205,3.0999999999999996,0.3800000000000001,0.10900000000000001,0.3800000000000001,0.098
0.0901,0.07022199999999999,3.25,0.3700000000000001,0.10900000000000001,0.3700000000000001,0.097
0.09015000000000001,0.0722165,3.3999999999999995,0.3700000000000001,0.108,0.3700000000000001,0.097
0.0902,0.074025,3.55,0.3700000000000001,0.107,0.3700000000000001,0.096
0.09025000000000001,0.0756945,3.6499999999999986,0.3700000000000001,0.106,0.3700000000000001,0.096
0.0903,0.07714599999999999,3.799999999999999,0.3700000000000001,0.106,0.3700000000000001,0.096
0.09035,0.078273,3.9499999999999993,0.3700000000000001,0.10500000000000001,0.3700000000000001,0.095
0.09040000000000001,0.0791785,4.05,0.3700000000000001,0.104,0.3700000000000001,0.095
0.09045,0.07986399999999999,4.2,0.3700000000000001,0.103,0.3700000000000001,0.094
0.09050000000000001,0.080258,4.300000000000001,0.3700000000000001,0.102,0.3700000000000001,0.094
0.09055,0.0804415,4.450000000000001,0.3700000000000001,0.102,0.3700000000000001,0.094
0.0906,0.0803275,4.55,0.3700000000000001,0.101,0.3700000000000001,0.093
0.09065000000000001,0.07998849999999999,4.7,0.3700000000000001,0.1,0.3700000000000001,0.093
0.0907,0.0794035,4.799999999999999,0.3700000000000001,0.1,0.3700000000000001,0.093
0.09075000000000001,0.078586,4.85,0.3700000000000001,0.09899999999999999,0.3700000000000001,0.092
0.0908,0.077573,4.949999999999999,0.3700000000000001,0.09899999999999999,0.3700000000000001,0.092
0.09085,0.07635299999999999,5.000000000000001,0.3700000000000001,0.098,0.3700000000000001,0.092
0.09090000000000001,0.0750315,5.05,0.3700000000000001,0.098,0.3700000000000001,0.092
0.09095,0.073585,5.049999999999999,0.3700000000000001,0.097,0.3700000000000001,0.091
0.091,0.0721025,5.0,0.3700000000000001,0.097,0.3700000000000001,0.091
0.09105,0.07064999999999999,4.949999999999999,0.3700000000000001,0.097,0.3700000000000001,0.091
0.0911,0.0692695,4.85,0.3700000000000001,0.096,0.3700000000000001,0.091
0.09115000000000001,0.0679615,4.749999999999999,0.3700000000000001,0.096,0.3700000000000001,0.09000000000000001
0.0912,0.0667405,4.7,0.3700000000000001,0.096,0.3700000000000001,0.09000000000000001
0.09125,0.0655965,4.6,0.3599999999999999,0.095,0.3599999999999999,0.09000000000000001
0.0913,0.064547,4.55,0.3599999999999999,0.095,0.3599999999999999,0.09000000000000001
0.09135,0.0635705,4.500000000000001,0.3599999999999999,0.095,0.3599999999999999,0.09000000000000001
0.09140000000000001,0.0626515,4.45,0.3599999999999999,0.094,0.3599999999999999,0.089
0.09145,0.061808499999999995,4.3999999999999995,0.3599999999999999,0.094,0.3599999999999999,0.089
0.0915,0.0609945,4.35,0.3599999999999999,0.094,0.3599999999999999,0.089
0.09155,0.0602215,4.3,0.3599999999999999,0.093,0.3599999999999999,0.089
0.0916,0.059504499999999995,4.25,0.3599999999999999,0.093,0.3599999999999999,0.089
0.09165000000000001,0.058822,4.249999999999999,0.3599999999999999,0.093,0.3599999999999999,0.089
0.0917,0.058193999999999996,4.2,0.3599999999999999,0.093,0.3599999999999999,0.088
0.09175,0.057562999999999996,4.15,0.3599999999999999,0.092,0.3599999999999999,0.088
0.0918,0.056982,4.1499999999999995,0.3599999999999999,0.092,0.3599999999999999,0.088
0.09185,0.0564135,4.1,0.3599999999999999,0.092,0.3599999999999999,0.088
0.09190000000000001,0.055879,4.05,0.3599999999999999,0.092,0.3599999999999999,0.088
0.09195,0.055366,4.05,0.3599999999999999,0.091,0.3599999999999999,0.088
0.092,0.0548665,4.0,0.3599999999999999,0.091,0.3599999999999999,0.088
0.09205,0.054372,3.9999999999999996,0.3599999999999999,0.091,0.3599999999999999,0.087
0.0921,0.0538815,3.9499999999999993,0.3599999999999999,0.091,0.3599999999999999,0.087
0.09215000000000001,0.053389,3.95,0.3599999999999999,0.091,0.3599999999999999,0.087
0.0922,0.0528635,3.9499999999999997,0.3599999999999999,0.09000000000000001,0.3599999999999999,0.087
0.09225,0.0522945,3.9000000000000004,0.3599999999999999,0.09000000000000001,0.3599999999999999,0.087
0.09230000000000001,0.0516525,3.9,0.33999999999999964,0.09000000000000001,0.33999999999999964,0.08600000000000001
0.09235,0.0509305,3.8999999999999995,0.33999999999999964,0.09000000000000001,0.33999999999999964,0.08600000000000001
0.09240000000000001,0.048972499999999995,3.6999999999999997,0.31000000000000005,0.089,0.0,0.0
0.09245,0.045960999999999995,3.5499999999999994,0.2999999999999998,0.089,0.0,0.0
0.0925,0.042572,3.3499999999999996,0.28000000000000047,0.089,0.0,0.0
0.09255000000000001,0.0391255,3.15,0.28000000000000047,0.088,0.0,0.0
0.0926,0.035545,2.9999999999999996,0.26000000000000023,0.087,0.0,0.0
0.09265000000000001,0.031944,2.8499999999999996,0.26000000000000023,0.086,0.0,0.0
0.0927,0.0283525,2.6,0.25,0.085,0.0,0.0
0.09275,0.024857999999999998,2.4499999999999997,0.2300000000000002,0.083,0.0,0.0
0.09280000000000001,0.021466,2.3,0.2300000000000002,0.081,0.0,0.0
0.09285,0.018151,2.1,0.20999999999999996,0.078,0.0,0.0
0.09290000000000001,0.015028999999999999,1.9,0.20999999999999996,0.074,0.0,0.0
0.09295,0.012124999999999999,1.75,0.19000000000000017,0.06999999999999998,0.0,0.0
0.093,0.009321,1.55,0.1699999999999997,0.066,0.0,0.0
0.09305000000000001,0.006828,1.35,0.15999999999999992,0.060000000000000005,0.0,0.0
0.0931,0.0045769999999999995,1.2000000000000002,0.1399999999999999,0.053,0.0,0.0
0.09315000000000001,0.002675,0.9500000000000002,0.11000000000000008,0.045000000000000005,0.0,0.0
0.0932,0.0011325,0.7000000000000001,0.08999999999999962,0.034,0.0,0.0
0.09325,9.499999999999999e-05,0.3,0.04000000000000025,0.014,0.0,0.0
0.09330000000000001,0.001761,0.39999999999999997,0.3400000000000001,0.027,0.3400000000000001,0.027
0.09335,0.0044965,0.5,0.37000000000000033,0.05,0.37000000000000033,0.05
0.09340000000000001,0.0074884999999999995,0.6500000000000001,0.3900000000000001,0.064,0.3900000000000001,0.064
0.09345,0.010754999999999999,0.8,0.3900000000000001,0.075,0.3900000000000001,0.075
0.0935,0.014237,0.9,0.3900000000000001,0.083,0.3900000000000001,0.083
0.09355000000000001,0.017925999999999997,1.05,0.3900000000000001,0.089,0.3900000000000001,0.089
0.0936,0.021702,1.2,0.3900000000000001,0.094,0.3900000000000001,0.094
0.09365000000000001,0.025502999999999998,1.35,0.3900000000000001,0.098,0.3900000000000001,0.098
0.0937,0.029332499999999997,1.5,0.3900000000000001,0.101,0.3900000000000001,0.101
0.09375,0.0331035,1.6500000000000001,0.3900000000000001,0.103,0.3900000000000001,0.103
0.09380000000000001,0.036872499999999996,1.7,0.3900000000000001,0.10500000000000001,0.3900000000000001,0.103
0.09385,0.040593,1.85,0.3800000000000001,0.107,0.3800000000000001,0.103
0.09390000000000001,0.0442585,2.0,0.3800000000000001,0.108,0.3800000000000001,0.103
0.09395,0.0478155,2.15,0.3800000000000001,0.10900000000000001,0.3800000000000001,0.103
0.094,0.051232,2.3,0.3800000000000001,0.11,0.3800000000000001,0.102
0.09405000000000001,0.054506,2.3999999999999995,0.3800000000000001,0.11,0.3800000000000001,0.102
0.0941,0.0576715,2.55,0.3800000000000001,0.11,0.3800000000000001,0.101
0.09415,0.060575,2.6999999999999997,0.3800000000000001,0.11,0.3800000000000001,0.1
0.0942,0.0634295,2.8499999999999996,0.3800000000000001,0.11,0.3800000000000001,0.1
0.09425,0.06609849999999999,3.0,0.3800000000000001,0.11,0.3800000000000001,0.09899999999999999
0.09430000000000001,0.06856799999999999,3.1,0.3800000000000001,0.10900000000000001,0.3800000000000001,0.09899999999999999
0.09435,0.070836,3.25,0.3699999999999999,0.10900000000000001,0.3699999999999999,0.098
0.0944,0.07280149999999999,3.4,0.3699999999999999,0.108,0.3699999999999999,0.098
0.09445,0.0745735,3.55,0.3699999999999999,0.107,0.3699999999999999,0.097
0.0945,0.0762375,3.6499999999999995,0.3699999999999999,0.106,0.3699999999999999,0.097
0.09455000000000001,0.07762,3.8,0.3699999999999999,0.10500000000000001,0.3699999999999999,0.096
0.0946,0.0787215,3.95,0.3699999999999999,0.10500000000000001,0.3699999999999999,0.096
0.09465,0.07961349999999999,4.05,0.3699999999999999,0.104,0.3699999999999999,0.095
0.0947,0.08025,4.2,0.3699999999999999,0.103,0.3699999999999999,0.095
0.09475,0.08061549999999999,4.3,0.3699999999999999,0.102,0.3699999999999999,0.095
0.09480000000000001,0.080737,4.45,0.3699999999999999,0.102,0.3699999999999999,0.094
0.09485,0.0806085,4.550000000000001,0.3699999999999999,0.101,0.3699999999999999,0.094
0.0949,0.0802095,4.6499999999999995,0.3699999999999999,0.101,0.3699999999999999,0.094
0.09495,0.07960049999999999,4.75,0.3699999999999999,0.1,0.3699999999999999,0.093
0.095,0.07875349999999999,4.85,0.3699999999999999,0.09899999999999999,0.3699999999999999,0.093
0.09505000000000001,0.0777035,4.95,0.3699999999999999,0.09899999999999999,0.3699999999999999,0.093
0.0951,0.076483,4.999999999999999,0.3699999999999999,0.098,0.3699999999999999,0.092
0.09515,0.075125,5.0,0.3699999999999999,0.098,0.3699999999999999,0.092
0.0952,0.0736805,4.999999999999999,0.3699999999999999,0.098,0.3699999999999999,0.092
0.09525,0.0722075,4.999999999999999,0.3699999999999999,0.097,0.3699999999999999,0.092
0.09530000000000001,0.07073499999999999,4.95,0.3699999999999999,0.097,0.3699999999999999,0.091
0.09535,0.0693675,4.85,0.3699999999999999,0.096,0.3699999999999999,0.091
0.0954,0.0680445,4.8,0.3699999999999999,0.096,0.3699999999999999,0.091
0.09545000000000001,0.0668555,4.699999999999999,0.3699999999999999,0.096,0.3699999999999999,0.091
0.0955,0.065722,4.6499999999999995,0.3699999999999999,0.095,0.3699999999999999,0.091
0.09555000000000001,0.0646825,4.599999999999999,0.3699999999999999,0.095,0.3699999999999999,0.09000000000000001
0.0956,0.06369849999999999,4.500000000000001,0.3600000000000001,0.095,0.3600000000000001,0.09000000000000001
0.09565,0.0627805,4.45,0.3600000000000001,0.094,0.3600000000000001,0.09000000000000001
0.09570000000000001,0.061926499999999995,4.3999999999999995,0.3600000000000001,0.094,0.3600000000000001,0.09000000000000001
0.09575,0.061121499999999995,4.3500000000000005,0.3600000000000001,0.094,0.3600000000000001,0.09000000000000001
0.09580000000000001,0.060368,4.3500000000000005,0.3600000000000001,0.093,0.3600000000000001,0.089
0.09585,0.059655,4.3,0.3600000000000001,0.093,0.3600000000000001,0.089
0.0959,0.058984999999999996,4.25,0.3600000000000001,0.093,0.3600000000000001,0.089
0.09595000000000001,0.0583225,4.199999999999998,0.3600000000000001,0.093,0.3600000000000001,0.089
0.096,0.057734499999999994,4.2,0.3600000000000001,0.092,0.3600000000000001,0.089
0.09605000000000001,0.057138499999999995,4.1499999999999995,0.3600000000000001,0.092,0.3600000000000001,0.089
0.0961,0.0565745,4.1,0.3600000000000001,0.092,0.3600000000000001,0.088
0.09615,0.056042499999999995,4.1,0.3600000000000001,0.092,0.3600000000000001,0.088
0.09620000000000001,0.055515999999999996,4.050000000000001,0.3600000000000001,0.092,0.3600000000000001,0.088
0.09625,0.055002999999999996,4.050000000000001,0.3600000000000001,0.091,0.3600000000000001,0.088
0.09630000000000001,0.0545145,3.999999999999999,0.3600000000000001,0.091,0.3600000000000001,0.088
0.09635,0.0540345,4.000000000000001,0.3600000000000001,0.091,0.3600000000000001,0.088
0.0964,0.0535145,4.0,0.3600000000000001,0.091,0.3600000000000001,0.088
0.09645000000000001,0.0530005,3.95,0.3600000000000001,0.091,0.3600000000000001,0.087
0.0965,0.052393999999999996,3.9499999999999993,0.3600000000000001,0.09000000000000001,0.3600000000000001,0.087
0.09655000000000001,0.051718,3.9000000000000004,0.3400000000000001,0.09000000000000001,0.3400000000000001,0.087
0.0966,0.0509695,3.8999999999999995,0.3400000000000001,0.09000000000000001,0.3400000000000001,0.08600000000000001
0.09665,0.0485935,3.7,0.2999999999999996,0.089,0.0,0.0
0.09670000000000001,0.045455999999999996,3.500000000000001,0.2999999999999996,0.089,0.0,0.0
0.09675,0.042092,3.3,0.28,0.089,0.0,0.0
0.09680000000000001,0.0385745,3.1500000000000004,0.28,0.088,0.0,0.0
0.09685,0.034959,2.9499999999999993,0.26,0.087,0.0,0.0
0.0969,0.0313515,2.8,0.2500000000000002,0.086,0.0,0.0
0.09695000000000001,0.027771999999999998,2.6000000000000005,0.2500000000000002,0.08399999999999999,0.0,0.0
0.097,0.024309499999999998,2.45,0.2300000000000002,0.083,0.0,0.0
0.09705000000000001,0.020888999999999998,2.250000000000001,0.2300000000000002,0.08,0.0,0.0
0.0971,0.017619,2.05,0.2100000000000002,0.077,0.0,0.0
0.09715,0.0144905,1.8999999999999997,0.2100000000000002,0.074,0.0,0.0
0.09720000000000001,0.011618999999999999,1.7000000000000004,0.18999999999999972,0.06999999999999998,0.0,0.0
0.09725,0.0088965,1.4999999999999993,0.17000000000000015,0.06499999999999999,0.0,0.0
0.09730000000000001,0.006444999999999999,1.349999999999999,0.1499999999999997,0.059,0.0,0.0
0.09735,0.0042315,1.099999999999999,0.13000000000000012,0.052,0.0,0.0
0.0974,0.0023734999999999997,0.8999999999999997,0.10999999999999964,0.043,0.0,0.0
0.09745000000000001,0.0008935,0.6499999999999997,0.08000000000000028,0.031,0.0,0.0
0.0975,9e-06,0.09999999999999894,0.01999999999999979,0.005,0.0,0.0
0.09755,0.0023179999999999997,0.44999999999999857,0.34999999999999987,0.033,0.34999999999999987,0.033
0.0976,0.0051055,0.5500000000000018,0.3899999999999999,0.053,0.3899999999999999,0.053
0.09765,0.008164,0.7000000000000004,0.3899999999999999,0.067,0.3899999999999999,0.067
0.09770000000000001,0.011464499999999999,0.8500000000000008,0.3899999999999999,0.077,0.3899999999999999,0.077
0.09775,0.015007999999999999,0.8999999999999997,0.3899999999999999,0.08399999999999999,0.3899999999999999,0.08399999999999999
0.0978,0.0187265,1.05,0.3899999999999999,0.09000000000000001,0.3899999999999999,0.09000000000000001
0.09785,0.022508499999999997,1.2000000000000004,0.3899999999999999,0.095,0.3899999999999999,0.095
0.0979,0.026344,1.3500000000000008,0.3899999999999999,0.098,0.3899999999999999,0.098
0.09795000000000001,0.0301625,1.4999999999999993,0.3899999999999999,0.101,0.3899999999999999,0.101
0.098,0.033944499999999996,1.6499999999999997,0.3899999999999999,0.104,0.3899999999999999,0.103
0.09805,0.0377225,1.750000000000001,0.3899999999999999,0.106,0.3899999999999999,0.103
0.0981,0.0414265,1.9000000000000015,0.37999999999999967,0.107,0.37999999999999967,0.103
0.09815,0.0450825,2.0500000000000007,0.37999999999999967,0.108,0.37999999999999967,0.103
0.09820000000000001,0.048612999999999996,2.200000000000001,0.37999999999999967,0.10900000000000001,0.37999999999999967,0.102
0.09825,0.0520065,2.3500000000000014,0.37999999999999967,0.11,0.37999999999999967,0.102
0.0983,0.055264,2.45,0.37999999999999967,0.11,0.37999999999999967,0.101
0.09835,0.058407999999999995,2.6000000000000005,0.37999999999999967,0.11,0.37999999999999967,0.1
0.0984,0.061274999999999996,2.75,0.37999999999999967,0.11,0.37999999999999967,0.1
0.09845000000000001,0.064108,2.9000000000000004,0.37999999999999967,0.11,0.37999999999999967,0.09899999999999999
0.0985,0.066744,3.0500000000000007,0.37999999999999967,0.11,0.37999999999999967,0.09899999999999999
0.09855,0.06920699999999999,3.1499999999999995,0.3699999999999999,0.10900000000000001,0.3699999999999999,0.098
0.09860000000000001,0.071438,3.3,0.3699999999999999,0.10900000000000001,0.3699999999999999,0.098
0.09865,0.073346,3.4499999999999993,0.3699999999999999,0.108,0.3699999999999999,0.097
0.09870000000000001,0.0750965,3.5999999999999996,0.3699999999999999,0.107,0.3699999999999999,0.097
0.09875,0.076726,3.6999999999999984,0.3699999999999999,0.106,0.3699999999999999,0.096
0.0988,0.0780845,3.8499999999999988,0.3699999999999999,0.10500000000000001,0.3699999999999999,0.096
0.09885000000000001,0.079108,3.9999999999999982,0.3699999999999999,0.10500000000000001,0.3699999999999999,0.095
0.0989,0.0799725,4.1,0.3699999999999999,0.104,0.3699999999999999,0.095
0.09895000000000001,0.08054399999999999,4.25,0.3699999999999999,0.103,0.3699999999999999,0.095
0.099,0.0808975,4.3500000000000005,0.3699999999999999,0.102,0.3699999999999999,0.094
0.09905,0.0809835,4.500000000000001,0.3699999999999999,0.102,0.3699999999999999,0.094
0.09910000000000001,0.0808105,4.6,0.3699999999999999,0.101,0.3699999999999999,0.094
0.09915,0.080398,4.699999999999999,0.3699999999999999,0.101,0.3699999999999999,0.093
0.09920000000000001,0.07973999999999999,4.799999999999999,0.3699999999999999,0.1,0.3699999999999999,0.093
0.09925,0.0788565,4.9,0.3699999999999999,0.09899999999999999,0.3699999999999999,0.093
0.0993,0.07776799999999999,4.95,0.3699999999999999,0.09899999999999999,0.3699999999999999,0.092
0.09935000000000001,0.076529,4.999999999999999,0.3699999999999999,0.098,0.3699999999999999,0.092
0.0994,0.07516149999999999,5.049999999999999,0.3699999999999999,0.098,0.3699999999999999,0.092
0.09945000000000001,0.073701,5.050000000000001,0.3699999999999999,0.098,0.3699999999999999,0.092
0.0995,0.0722145,4.999999999999999,0.3699999999999999,0.097,0.3699999999999999,0.091
0.09955,0.07077549999999999,4.95,0.3699999999999999,0.097,0.3699999999999999,0.091
0.09960000000000001,0.06938899999999999,4.8999999999999995,0.3699999999999999,0.096,0.3699999999999999,0.091
0.09965,0.068104,4.800000000000002,0.3699999999999999,0.096,0.3699999999999999,0.091
0.09970000000000001,0.066882,4.75,0.3699999999999999,0.096,0.3699999999999999,0.09000000000000001
0.09975,0.065789,4.6499999999999995,0.35999999999999965,0.095,0.35999999999999965,0.09000000000000001
0.0998,0.06473849999999999,4.6000000000000005,0.35999999999999965,0.095,0.35999999999999965,0.09000000000000001
0.09985000000000001,0.063779,4.55,0.35999999999999965,0.095,0.35999999999999965,0.09000000000000001
0.0999,0.06286749999999999,4.5,0.35999999999999965,0.094,0.35999999999999965,0.09000000000000001
0.09995000000000001,0.0620215,4.449999999999998,0.35999999999999965,0.094,0.35999999999999965,0.09000000000000001
0.1,0.0612295,4.3999999999999995,0.35999999999999965,0.094,0.35999999999999965,0.089
0.10005,0.0604935,4.3500000000000005,0.35999999999999965,0.093,0.35999999999999965,0.089
0.10010000000000001,0.059795999999999995,4.3,0.35999999999999965,0.093,0.35999999999999965,0.089
0.10015,0.0591135,4.3,0.35999999999999965,0.093,0.35999999999999965,0.089
0.10020000000000001,0.0584735,4.25,0.35999999999999965,0.093,0.35999999999999965,0.089
0.10025,0.0578585,4.2,0.35999999999999965,0.092,0.35999999999999965,0.089
0.1003,0.057273,4.199999999999999,0.35999999999999965,0.092,0.35999999999999965,0.088
0.10035000000000001,0.056715999999999996,4.1499999999999995,0.35999999999999965,0.092,0.35999999999999965,0.088
0.1004,0.056166499999999994,4.1,0.35999999999999965,0.092,0.35999999999999965,0.088
0.10045000000000001,0.0556505,4.1000000000000005,0.35999999999999965,0.092,0.35999999999999965,0.088
0.1005,0.055158,4.05,0.35999999999999965,0.091,0.35999999999999965,0.088
0.10055,0.05466,4.05,0.35999999999999965,0.091,0.35999999999999965,0.088
0.10060000000000001,0.054149499999999996,3.9999999999999996,0.35999999999999965,0.091,0.35999999999999965,0.087
0.10065,0.053633999999999994,4.0,0.35999999999999965,0.091,0.35999999999999965,0.087
0.10070000000000001,0.0530855,4.0,0.35999999999999965,0.091,0.35999999999999965,0.087
0.10075,0.052479,3.8999999999999995,0.34999999999999987,0.09000000000000001,0.34999999999999987,0.087
0.1008,0.051782499999999995,3.9,0.3400000000000001,0.09000000000000001,0.3400000000000001,0.087
0.10085000000000001,0.050859499999999995,3.85,0.32999999999999985,0.09000000000000001,0.0,0.0
0.1009,0.0482205,3.65,0.30000000000000004,0.09000000000000001,0.0,0.0
0.10095,0.04495,3.4999999999999996,0.30000000000000004,0.089,0.0,0.0
0.101,0.041558,3.25,0.2799999999999996,0.089,0.0,0.0
0.10105,0.038016999999999995,3.1,0.2699999999999998,0.088,0.0,0.0
0.10110000000000001,0.0344015,2.9499999999999997,0.26,0.087,0.0,0.0
0.10115,0.030775499999999997,2.8,0.24999999999999978,0.086,0.0,0.0
0.1012,0.0271965,2.5500000000000003,0.24999999999999978,0.08399999999999999,0.0,0.0
0.10125,0.023756,2.4,0.22999999999999976,0.082,0.0,0.0
0.1013,0.020343,2.25,0.22999999999999976,0.08,0.0,0.0
0.10135000000000001,0.0171065,2.0,0.2100000000000002,0.077,0.0,0.0
0.1014,0.014008999999999999,1.8499999999999999,0.19000000000000017,0.073,0.0,0.0
0.10145,0.011136,1.7,0.19000000000000017,0.06899999999999999,0.0,0.0
0.1015,0.008470499999999999,1.5000000000000002,0.17000000000000015,0.064,0.0,0.0
0.10155,0.0060545,1.3,0.15000000000000013,0.058,0.0,0.0
0.10160000000000001,0.0039045,1.1,0.12999999999999967,0.051,0.0,0.0
0.10165,0.0020815,0.9000000000000001,0.11000000000000008,0.041,0.0,0.0
0.1017,0.000686,0.6000000000000001,0.07000000000000005,0.028,0.0,0.0
0.10175000000000001,0.0,0.0,0.0,0.0,0.0,0.0
0.1018,0.0028705,0.44999999999999996,0.3600000000000001,0.038,0.3600000000000001,0.038
0.10185000000000001,0.0057145,0.55,0.3899999999999999,0.056,0.3899999999999999,0.056
0.1019,0.0088465,0.7000000000000001,0.3899999999999999,0.06899999999999999,0.3899999999999999,0.06899999999999999
0.10195,0.0122075,0.8500000000000001,0.3899999999999999,0.078,0.3899999999999999,0.078
0.10200000000000001,0.0157985,0.9500000000000001,0.3899999999999999,0.086,0.3899999999999999,0.08600000000000001
0.10205,0.0195375,1.1,0.3899999999999999,0.091,0.3899999999999999,0.091
0.10210000000000001,0.023332,1.25,0.3899999999999999,0.095,0.3899999999999999,0.095
0.10215,0.027186,1.4000000000000001,0.3899999999999999,0.09899999999999999,0.3899999999999999,0.09899999999999999
0.1022,0.030993,1.55,0.3899999999999999,0.102,0.3899999999999999,0.102
0.10225000000000001,0.0347655,1.7,0.3899999999999999,0.104,0.3899999999999999,0.102
0.1023,0.0385485,1.8,0.3899999999999999,0.106,0.3899999999999999,0.103
0.10235000000000001,0.042234,1.95,0.37999999999999967,0.107,0.37999999999999967,0.103
0.1024,0.045862,2.1,0.37999999999999967,0.10900000000000001,0.37999999999999967,0.102
0.10245,0.049398,2.25,0.37999999999999967,0.10900000000000001,0.37999999999999967,0.102
0.10250000000000001,0.0527635,2.4,0.37999999999999967,0.11,0.37999999999999967,0.101
0.10255,0.056022499999999996,2.5,0.37999999999999967,0.11,0.37999999999999967,0.1
0.10260000000000001,0.0591215,2.65,0.37999999999999967,0.11,0.37999999999999967,0.1
0.10265,0.061956,2.8,0.37999999999999967,0.11,0.37999999999999967,0.09899999999999999
0.1027,0.06478149999999999,2.9499999999999997,0.37999999999999967,0.11,0.37999999999999967,0.09899999999999999
0.10275000000000001,0.0673545,3.0999999999999996,0.37999999999999967,0.11,0.37999999999999967,0.098
0.1028,0.06980499999999999,3.1999999999999997,0.37999999999999967,0.10900000000000001,0.37999999999999967,0.098
0.10285000000000001,0.071989,3.3499999999999996,0.3699999999999999,0.10900000000000001,0.3699999999999999,0.097
0.1029,0.073875,3.5,0.3699999999999999,0.108,0.3699999999999999,0.097
0.10295,0.075598,3.55,0.3699999999999999,0.107,0.3699999999999999,0.096
0.10300000000000001,0.077183,3.6999999999999997,0.3699999999999999,0.106,0.3699999999999999,0.096
0.10305,0.07847549999999999,3.8499999999999996,0.3699999999999999,0.10500000000000001,0.3699999999999999,0.095
0.10310000000000001,0.079483,3.95,0.3699999999999999,0.10500000000000001,0.3699999999999999,0.095
0.10315,0.0803315,4.1,0.3699999999999999,0.104,0.3699999999999999,0.095
0.1032,0.08087699999999999,4.25,0.3699999999999999,0.103,0.3699999999999999,0.094
0.10325000000000001,0.081177,4.35,0.3699999999999999,0.102,0.3699999999999999,0.094
0.1033,0.0812085,4.5,0.3699999999999999,0.102,0.3699999999999999,0.094
0.10335000000000001,0.0810245,4.6,0.3699999999999999,0.101,0.3699999999999999,0.093
0.1034,0.0805525,4.699999999999999,0.3699999999999999,0.101,0.3699999999999999,0.093
0.10345,0.07986299999999999,4.8,0.3699999999999999,0.1,0.3699999999999999,0.093
0.10350000000000001,0.07896,4.8999999999999995,0.3699999999999999,0.09899999999999999,0.3699999999999999,0.092
0.10355,0.077847,4.95,0.3699999999999999,0.09899999999999999,0.3699999999999999,0.092
0.10360000000000001,0.0765725,4.999999999999999,0.3699999999999999,0.098,0.3699999999999999,0.092
0.10365,0.075181,5.0,0.3699999999999999,0.098,0.3699999999999999,0.091
0.1037,0.07370199999999999,5.0,0.3699999999999999,0.098,0.3699999999999999,0.091
0.10375000000000001,0.0722445,4.95,0.3699999999999999,0.097,0.3699999999999999,0.091
0.1038,0.070788,4.8999999999999995,0.3699999999999999,0.097,0.3699999999999999,0.091
0.10385000000000001,0.0694385,4.8500000000000005,0.3699999999999999,0.096,0.3699999999999999,0.091
0.1039,0.068146,4.750000000000001,0.3699999999999999,0.096,0.3699999999999999,0.09000000000000001
0.10395,0.06695849999999999,4.7,0.3699999999999999,0.096,0.3699999999999999,0.09000000000000001
0.10400000000000001,0.06584949999999999,4.65,0.3699999999999999,0.095,0.3699999999999999,0.09000000000000001
0.10405,0.064825,4.55,0.3699999999999999,0.095,0.3699999999999999,0.09000000000000001
0.1041,0.0638635,4.5,0.35999999999999965,0.095,0.35999999999999965,0.09000000000000001
0.10415,0.062954,4.45,0.35999999999999965,0.094,0.35999999999999965,0.089
0.1042,0.062111,4.3999999999999995,0.35999999999999965,0.094,0.35999999999999965,0.089
0.10425000000000001,0.061328499999999994,4.35,0.35999999999999965,0.094,0.35999999999999965,0.089
0.1043,0.0605565,4.3,0.35999999999999965,0.093,0.35999999999999965,0.089
0.10435,0.059851499999999995,4.3,0.35999999999999965,0.093,0.35999999999999965,0.089
0.1044,0.059183,4.250000000000001,0.35999999999999965,0.093,0.35999999999999965,0.089
0.10445,0.058532499999999994,4.200000000000001,0.35999999999999965,0.093,0.35999999999999965,0.088
0.10450000000000001,0.057950999999999996,4.199999999999999,0.35999999999999965,0.093,0.35999999999999965,0.088
0.10455,0.057346499999999995,4.1499999999999995,0.35999999999999965,0.092,0.35999999999999965,0.088
0.1046,0.0567895,4.1000000000000005,0.35999999999999965,0.092,0.35999999999999965,0.088
0.10465,0.0562685,4.1000000000000005,0.35999999999999965,0.092,0.35999999999999965,0.088
0.1047,0.0557395,4.049999999999999,0.35999999999999965,0.092,0.35999999999999965,0.088
0.10475000000000001,0.055231499999999996,4.049999999999999,0.35999999999999965,0.091,0.35999999999999965,0.088
0.1048,0.0547215,4.0,0.35999999999999965,0.091,0.35999999999999965,0.087
0.10485,0.0542295,4.0,0.35999999999999965,0.091,0.35999999999999965,0.087
0.10490000000000001,0.053701,3.9499999999999993,0.35999999999999965,0.091,0.35999999999999965,0.087
0.10495,0.053155,3.950000000000001,0.35999999999999965,0.091,0.35999999999999965,0.087
0.10500000000000001,0.052510499999999995,3.9499999999999993,0.3499999999999994,0.09000000000000001,0.3499999999999994,0.087
0.10505,0.051788999999999995,3.8999999999999995,0.33999999999999964,0.09000000000000001,0.33999999999999964,0.08600000000000001
0.1051,0.0505315,3.8000000000000007,0.3200000000000005,0.09000000000000001,0.0,0.0
0.10515000000000001,0.047722,3.6500000000000004,0.30000000000000004,0.09000000000000001,0.0,0.0
0.1052,0.044395,3.450000000000001,0.28000000000000047,0.089,0.0,0.0
0.10525000000000001,0.0409715,3.25,0.28000000000000047,0.089,0.0,0.0
0.1053,0.0374055,3.1000000000000005,0.27000000000000024,0.088,0.0,0.0
0.10535,0.0337675,2.8999999999999995,0.26,0.087,0.0,0.0
0.10540000000000001,0.030143999999999997,2.75,0.2500000000000002,0.086,0.0,0.0
0.10545,0.026605,2.5500000000000007,0.24000000000000044,0.08399999999999999,0.0,0.0
0.10550000000000001,0.023157499999999998,2.3500000000000014,0.2300000000000002,0.082,0.0,0.0
0.10555,0.0197205,2.200000000000001,0.21999999999999997,0.079,0.0,0.0
0.1056,0.016549499999999998,2.0,0.2100000000000002,0.076,0.0,0.0
0.10565000000000001,0.013502,1.8500000000000008,0.19000000000000017,0.07200000000000001,0.0,0.0
0.1057,0.010615,1.6499999999999997,0.17999999999999994,0.068,0.0,0.0
0.10575000000000001,0.0080155,1.4500000000000004,0.1699999999999997,0.063,0.0,0.0
0.1058,0.0056335,1.3,0.15000000000000013,0.057,0.0,0.0
0.10585,0.003547,1.0499999999999983,0.12999999999999967,0.049,0.0,0.0
0.10590000000000001,0.0017974999999999998,0.8,0.09999999999999985,0.039,0.0,0.0
0.10595,0.0004875,0.5500000000000018,0.05999999999999938,0.025,0.0,0.0
0.10600000000000001,0.0006839999999999999,0.3500000000000007,0.28,0.014,0.28,0.014
0.10605,0.0034519999999999998,0.45000000000000034,0.37000000000000033,0.041999999999999996,0.37000000000000033,0.041999999999999996
0.1061,0.006358,0.6000000000000008,0.3899999999999999,0.059,0.3899999999999999,0.059
0.10615000000000001,0.009543,0.7499999999999993,0.3899999999999999,0.07100000000000001,0.3899999999999999,0.07100000000000001
0.1062,0.012926499999999999,0.9000000000000015,0.3899999999999999,0.08,0.3899999999999999,0.08
0.10625000000000001,0.016573499999999998,0.9999999999999993,0.3899999999999999,0.087,0.3899999999999999,0.087
0.1063,0.020326999999999998,1.1499999999999997,0.3899999999999999,0.092,0.3899999999999999,0.092
0.10635,0.024142,1.3,0.3899999999999999,0.096,0.3899999999999999,0.096
0.10640000000000001,0.027972499999999997,1.3999999999999997,0.3899999999999999,0.1,0.3899999999999999,0.1
0.10645,0.031799,1.55,0.3899999999999999,0.102,0.3899999999999999,0.102
0.10650000000000001,0.035574999999999996,1.6500000000000015,0.3899999999999999,0.10500000000000001,0.3899999999999999,0.103
0.10655,0.0393605,1.8,0.3899999999999999,0.106,0.3899999999999999,0.103
0.1066,0.0430305,1.9500000000000004,0.3800000000000001,0.108,0.3800000000000001,0.103
0.10665000000000001,0.04665,2.1000000000000005,0.3800000000000001,0.10900000000000001,0.3800000000000001,0.103
0.1067,0.050158999999999995,2.250000000000001,0.3800000000000001,0.11,0.3800000000000001,0.102
0.10675000000000001,0.053513,2.4000000000000012,0.3800000000000001,0.11,0.3800000000000001,0.102
0.1068,0.0567555,2.5,0.3800000000000001,0.11,0.3800000000000001,0.101
0.10685,0.059814,2.6500000000000004,0.3800000000000001,0.111,0.3800000000000001,0.101
0.10690000000000001,0.06264499999999999,2.8,0.3800000000000001,0.11,0.3800000000000001,0.1
0.10695,0.06542099999999999,2.95,0.3800000000000001,0.11,0.3800000000000001,0.09899999999999999
0.10700000000000001,0.067978,3.049999999999999,0.3800000000000001,0.11,0.3800000000000001,0.09899999999999999
0.10705,0.07040149999999999,3.1999999999999993,0.3800000000000001,0.10900000000000001,0.3800000000000001,0.098
0.1071,0.072527,3.3499999999999988,0.3699999999999999,0.10900000000000001,0.3699999999999999,0.098
0.10715000000000001,0.07435549999999999,3.499999999999999,0.3699999999999999,0.108,0.3699999999999999,0.097
0.1072,0.0760995,3.5999999999999988,0.3699999999999999,0.107,0.3699999999999999,0.097
0.10725000000000001,0.077639,3.7499999999999982,0.3699999999999999,0.106,0.3699999999999999,0.096
0.1073,0.07889499999999999,3.8999999999999986,0.3699999999999999,0.10500000000000001,0.3699999999999999,0.096
0.10735,0.0798485,4.0,0.3699999999999999,0.10500000000000001,0.3699999999999999,0.096
0.10740000000000001,0.0806365,4.15,0.3699999999999999,0.104,0.3699999999999999,0.095
0.10745,0.081133,4.3,0.3699999999999999,0.103,0.3699999999999999,0.095
0.1075,0.08140549999999999,4.400000000000001,0.3699999999999999,0.102,0.3699999999999999,0.094
0.10755,0.081389,4.5,0.3699999999999999,0.102,0.3699999999999999,0.094
0.1076,0.081149,4.65,0.3699999999999999,0.101,0.3699999999999999,0.094
0.10765000000000001,0.08064049999999999,4.75,0.3699999999999999,0.1,0.3699999999999999,0.093
0.1077,0.0799285,4.849999999999999,0.3699999999999999,0.1,0.3699999999999999,0.093
0.10775,0.078956,4.8999999999999995,0.3699999999999999,0.09899999999999999,0.3699999999999999,0.093
0.1078,0.07785149999999999,5.0,0.3699999999999999,0.09899999999999999,0.3699999999999999,0.093
0.10785,0.0765415,5.049999999999999,0.3699999999999999,0.098,0.3699999999999999,0.092
0.10790000000000001,0.075151,5.05,0.3699999999999999,0.098,0.3699999999999999,0.092
0.10795,0.07368,5.05,0.3699999999999999,0.098,0.3699999999999999,0.092
0.108,0.0721985,5.000000000000001,0.3699999999999999,0.097,0.3699999999999999,0.092
0.10805000000000001,0.0707685,4.949999999999999,0.3699999999999999,0.097,0.3699999999999999,0.091
0.1081,0.069412,4.849999999999999,0.3699999999999999,0.096,0.3699999999999999,0.091
0.10815000000000001,0.0681335,4.799999999999998,0.3699999999999999,0.096,0.3699999999999999,0.091
0.1082,0.066956,4.7,0.3699999999999999,0.096,0.3699999999999999,0.091
0.10825,0.06585099999999999,4.6499999999999995,0.3699999999999999,0.095,0.3699999999999999,0.091
0.10830000000000001,0.0648295,4.6000000000000005,0.3699999999999999,0.095,0.3699999999999999,0.09000000000000001
0.10835,0.0638825,4.5,0.3600000000000001,0.095,0.3600000000000001,0.09000000000000001
0.10840000000000001,0.06297799999999999,4.45,0.3600000000000001,0.094,0.3600000000000001,0.09000000000000001
0.10845,0.0621445,4.4,0.3600000000000001,0.094,0.3600000000000001,0.09000000000000001
0.1085,0.0613475,4.3999999999999995,0.3600000000000001,0.094,0.3600000000000001,0.09000000000000001
0.10855000000000001,0.060601499999999996,4.35,0.3600000000000001,0.094,0.3600000000000001,0.089
0.1086,0.059907499999999995,4.3,0.3600000000000001,0.093,0.3600000000000001,0.089
0.10865000000000001,0.0592225,4.250000000000001,0.3600000000000001,0.093,0.3600000000000001,0.089
0.1087,0.0586,4.25,0.3600000000000001,0.093,0.3600000000000001,0.089
0.10875,0.0579875,4.2,0.3600000000000001,0.093,0.3600000000000001,0.089
0.10880000000000001,0.057421,4.1499999999999995,0.3600000000000001,0.092,0.3600000000000001,0.089
0.10885,0.05687,4.15,0.3600000000000001,0.092,0.3600000000000001,0.088
0.10890000000000001,0.0563035,4.1000000000000005,0.3600000000000001,0.092,0.3600000000000001,0.088
0.10895,0.055807999999999996,4.1,0.3600000000000001,0.092,0.3600000000000001,0.088
0.109,0.055278499999999994,4.050000000000001,0.3600000000000001,0.091,0.3600000000000001,0.088
0.10905000000000001,0.054780499999999996,4.05,0.3600000000000001,0.091,0.3600000000000001,0.088
0.1091,0.054275,4.0,0.3600000000000001,0.091,0.3600000000000001,0.088
0.10915000000000001,0.053748,3.9999999999999996,0.3600000000000001,0.091,0.3600000000000001,0.088
0.1092,0.053172,3.95,0.3600000000000001,0.091,0.3600000000000001,0.087
0.10925,0.052524499999999995,3.9499999999999997,0.34999999999999987,0.09000000000000001,0.34999999999999987,0.087
0.10930000000000001,0.0517795,3.9499999999999997,0.3400000000000001,0.09000000000000001,0.3400000000000001,0.087
0.10935,0.050151,3.7499999999999996,0.32000000000000006,0.09000000000000001,0.0,0.0
0.10940000000000001,0.047189999999999996,3.5999999999999996,0.30000000000000004,0.09000000000000001,0.0,0.0
0.10945,0.043810499999999995,3.4,0.2799999999999996,0.089,0.0,0.0
0.1095,0.0403635,3.1999999999999997,0.2799999999999996,0.088,0.0,0.0
0.10955000000000001,0.0367725,3.05,0.2699999999999998,0.088,0.0,0.0
0.1096,0.033140499999999996,2.9,0.26,0.087,0.0,0.0
0.10965000000000001,0.029501,2.65,0.24999999999999978,0.085,0.0,0.0
0.1097,0.025963999999999997,2.5,0.23999999999999955,0.08399999999999999,0.0,0.0
0.10975,0.022543,2.35,0.22999999999999976,0.081,0.0,0.0
0.10980000000000001,0.019136999999999998,2.2,0.20999999999999974,0.079,0.0,0.0
0.10985,0.015967,1.95,0.20999999999999974,0.075,0.0,0.0
0.10990000000000001,0.0129775,1.8,0.18999999999999972,0.07200000000000001,0.0,0.0
0.10995,0.0100965,1.65,0.17999999999999994,0.067,0.0,0.0
0.11,0.007533,1.4000000000000001,0.16000000000000036,0.062,0.0,0.0
0.11005000000000001,0.005207,1.2500000000000002,0.15000000000000013,0.055,0.0,0.0
0.1101,0.0031804999999999997,1.0,0.12000000000000031,0.047,0.0,0.0
0.11015000000000001,0.0015045,0.75,0.1000000000000003,0.037,0.0,0.0
0.1102,0.000299,0.5,0.06000000000000027,0.020999999999999998,0.0,0.0
0.11025,0.0013124999999999999,0.39999999999999997,0.32000000000000006,0.022,0.32000000000000006,0.022
0.11030000000000001,0.004037,0.5,0.3699999999999999,0.047,0.3699999999999999,0.047
0.11035,0.007000999999999999,0.6500000000000001,0.3899999999999999,0.062,0.3899999999999999,0.062
0.11040000000000001,0.010223,0.7500000000000001,0.3899999999999999,0.073,0.3899999999999999,0.073
0.11045,0.0136815,0.8500000000000001,0.3899999999999999,0.082,0.3899999999999999,0.082
0.1105,0.017367,1.0,0.3899999999999999,0.088,0.3899999999999999,0.088
0.11055000000000001,0.021152,1.1500000000000001,0.3899999999999999,0.093,0.3899999999999999,0.093
0.1106,0.024968999999999998,1.3,0.3899999999999999,0.097,0.3899999999999999,0.097
0.11065000000000001,0.028815999999999998,1.45,0.3899999999999999,0.1,0.3899999999999999,0.1
0.1107,0.0326305,1.6,0.3899999999999999,0.103,0.3899999999999999,0.102
0.11075,0.0364055,1.7,0.3899999999999999,0.10500000000000001,0.3899999999999999,0.103
0.11080000000000001,0.040177,1.85,0.3800000000000001,0.107,0.3800000000000001,0.103
0.11085,0.0438425,2.0,0.3800000000000001,0.108,0.3800000000000001,0.103
0.1109,0.047441,2.15,0.3800000000000001,0.10900000000000001,0.3800000000000001,0.102
0.11095000000000001,0.050921499999999995,2.3,0.3800000000000001,0.11,0.3800000000000001,0.102
0.111,0.054249,2.4499999999999997,0.3800000000000001,0.11,0.3800000000000001,0.101
0.11105000000000001,0.057479999999999996,2.55,0.3800000000000001,0.111,0.3800000000000001,0.101
0.1111,0.060495,2.6999999999999997,0.3800000000000001,0.111,0.3800000000000001,0.1
0.11115,0.063318,2.8499999999999996,0.3800000000000001,0.11,0.3800000000000001,0.09899999999999999
0.11120000000000001,0.0660545,3.0,0.3800000000000001,0.11,0.3800000000000001,0.09899999999999999
0.11125,0.0685795,3.1,0.3800000000000001,0.11,0.3800000000000001,0.098
0.11130000000000001,0.0709615,3.25,0.37000000000000033,0.10900000000000001,0.37000000000000033,0.098
0.11135,0.07305299999999999,3.4,0.37000000000000033,0.108,0.37000000000000033,0.097
0.1114,0.07482799999999999,3.55,0.37000000000000033,0.108,0.37000000000000033,0.097
0.11145000000000001,0.0765455,3.6499999999999995,0.37000000000000033,0.107,0.37000000000000033,0.096
0.1115,0.078053,3.8,0.37000000000000033,0.106,0.37000000000000033,0.096
0.11155000000000001,0.079243,3.95,0.37000000000000033,0.10500000000000001,0.37000000000000033,0.096
0.1116,0.080195,4.05,0.37000000000000033,0.104,0.37000000000000033,0.095
0.11165,0.0809105,4.2,0.37000000000000033,0.104,0.37000000000000033,0.095
0.11170000000000001,0.081347,4.3,0.37000000000000033,0.103,0.37000000000000033,0.094
0.11175,0.081588,4.45,0.37000000000000033,0.102,0.37000000000000033,0.094
0.11180000000000001,0.08154349999999999,4.550000000000001,0.37000000000000033,0.102,0.37000000000000033,0.094
0.11185,0.08122449999999999,4.7,0.37000000000000033,0.101,0.37000000000000033,0.093
0.1119,0.08070949999999999,4.8,0.37000000000000033,0.1,0.37000000000000033,0.093
0.11195000000000001,0.0799245,4.8999999999999995,0.37000000000000033,0.1,0.37000000000000033,0.093
0.112,0.0789545,4.95,0.37000000000000033,0.09899999999999999,0.37000000000000033,0.093
0.11205000000000001,0.077787,4.999999999999999,0.37000000000000033,0.09899999999999999,0.37000000000000033,0.092
0.1121,0.0764745,5.05,0.37000000000000033,0.098,0.37000000000000033,0.092
0.11215,0.0750575,5.049999999999999,0.37000000000000033,0.098,0.37000000000000033,0.092
0.11220000000000001,0.0735725,5.05,0.37000000000000033,0.098,0.37000000000000033,0.091
0.11225,0.07209,5.0,0.37000000000000033,0.097,0.37000000000000033,0.091
0.11230000000000001,0.07067749999999999,4.949999999999999,0.37000000000000033,0.097,0.37000000000000033,0.091
0.11235,0.069324,4.85,0.37000000000000033,0.096,0.37000000000000033,0.091
0.1124,0.068082,4.8,0.37000000000000033,0.096,0.37000000000000033,0.091
0.11245000000000001,0.06688999999999999,4.7,0.37000000000000033,0.096,0.37000000000000033,0.09000000000000001
0.1125,0.06580799999999999,4.6499999999999995,0.3600000000000001,0.095,0.3600000000000001,0.09000000000000001
0.11255000000000001,0.064805,4.6000000000000005,0.3600000000000001,0.095,0.3600000000000001,0.09000000000000001
0.1126,0.063861,4.55,0.3600000000000001,0.095,0.3600000000000001,0.09000000000000001
0.11265,0.062958,4.500000000000001,0.3600000000000001,0.094,0.3600000000000001,0.09000000000000001
0.11270000000000001,0.0621295,4.45,0.3600000000000001,0.094,0.3600000000000001,0.089
0.11275,0.0613535,4.3999999999999995,0.3600000000000001,0.094,0.3600000000000001,0.089
0.11280000000000001,0.060608499999999996,4.349999999999999,0.3600000000000001,0.094,0.3600000000000001,0.089
0.11285,0.059912999999999994,4.3,0.3600000000000001,0.093,0.3600000000000001,0.089
0.1129,0.0592565,4.299999999999998,0.3600000000000001,0.093,0.3600000000000001,0.089
0.11295000000000001,0.0586065,4.25,0.3600000000000001,0.093,0.3600000000000001,0.089
0.113,0.058005499999999995,4.199999999999999,0.3600000000000001,0.093,0.3600000000000001,0.088
0.11305000000000001,0.0574325,4.199999999999999,0.3600000000000001,0.092,0.3600000000000001,0.088
0.1131,0.0568775,4.15,0.3600000000000001,0.092,0.3600000000000001,0.088
0.11315,0.056337,4.15,0.3600000000000001,0.092,0.3600000000000001,0.088
0.11320000000000001,0.0558245,4.1000000000000005,0.3600000000000001,0.092,0.3600000000000001,0.088
0.11325,0.055307499999999996,4.099999999999999,0.3600000000000001,0.091,0.3600000000000001,0.088
0.11330000000000001,0.05482,4.050000000000002,0.3600000000000001,0.091,0.3600000000000001,0.088
0.11335,0.054286999999999995,3.999999999999999,0.3600000000000001,0.091,0.3600000000000001,0.087
0.1134,0.053753499999999996,3.9499999999999993,0.3600000000000001,0.091,0.3600000000000001,0.087
0.11345000000000001,0.053161,3.9499999999999993,0.3600000000000001,0.091,0.3600000000000001,0.087
0.1135,0.052495,3.9000000000000004,0.3400000000000001,0.09000000000000001,0.3400000000000001,0.087
0.11355000000000001,0.051738,3.9000000000000004,0.3400000000000001,0.09000000000000001,0.3400000000000001,0.08600000000000001
0.1136,0.0496835,3.750000000000001,0.3100000000000003,0.09000000000000001,0.0,0.0
0.11365,0.0466335,3.55,0.30000000000000004,0.089,0.0,0.0
0.11370000000000001,0.043229,3.3499999999999996,0.28,0.089,0.0,0.0
0.11375,0.039741,3.1999999999999993,0.28,0.088,0.0,0.0
0.11380000000000001,0.0361085,3.0,0.27000000000000024,0.088,0.0,0.0
0.11385,0.032452499999999995,2.8499999999999996,0.26000000000000045,0.086,0.0,0.0
0.1139,0.0288555,2.6500000000000012,0.2500000000000002,0.085,0.0,0.0
0.11395000000000001,0.02533,2.500000000000001,0.24,0.083,0.0,0.0
0.114,0.0219035,2.3000000000000007,0.2300000000000002,0.081,0.0,0.0
0.11405,0.0185385,2.1500000000000012,0.20999999999999974,0.078,0.0,0.0
0.11410000000000001,0.015389,1.9500000000000004,0.20999999999999974,0.075,0.0,0.0
0.11415,0.012428499999999999,1.7499999999999993,0.19000000000000017,0.07100000000000001,0.0,0.0
0.11420000000000001,0.0096055,1.55,0.1699999999999997,0.066,0.0,0.0
0.11425,0.007088499999999999,1.3999999999999997,0.15999999999999992,0.061,0.0,0.0
0.1143,0.004788,1.2000000000000004,0.1399999999999999,0.054,0.0,0.0
0.11435000000000001,0.0028425,0.9999999999999993,0.11999999999999987,0.046,0.0,0.0
0.1144,0.0012445,0.7499999999999993,0.08999999999999962,0.03499999999999999,0.0,0.0
0.11445000000000001,0.00015,0.3499999999999989,0.04000000000000025,0.016,0.0,0.0
0.1145,0.0018839999999999998,0.44999999999999857,0.3400000000000001,0.028,0.3400000000000001,0.028
0.11455,0.004625,0.5000000000000011,0.37000000000000033,0.05,0.37000000000000033,0.05
0.11460000000000001,0.0076514999999999994,0.6500000000000015,0.3899999999999999,0.06499999999999999,0.3899999999999999,0.06499999999999999
0.11465,0.010946,0.8000000000000018,0.3899999999999999,0.075,0.3899999999999999,0.075
0.11470000000000001,0.014447999999999999,0.8999999999999997,0.3899999999999999,0.083,0.3899999999999999,0.083
0.11475,0.0181495,1.05,0.3899999999999999,0.089,0.3899999999999999,0.089
0.1148,0.021955,1.2000000000000004,0.3899999999999999,0.094,0.3899999999999999,0.094
0.11485000000000001,0.025785,1.3500000000000008,0.3899999999999999,0.098,0.3899999999999999,0.098
0.1149,0.029620499999999998,1.4999999999999993,0.3899999999999999,0.101,0.3899999999999999,0.101
0.11495000000000001,0.0334265,1.6499999999999997,0.3899999999999999,0.103,0.3899999999999999,0.103
0.115,0.0372115,1.750000000000001,0.3899999999999999,0.10500000000000001,0.3899999999999999,0.104
0.11505,0.04097,1.9000000000000015,0.3800000000000001,0.107,0.3800000000000001,0.104
0.11510000000000001,0.044626,2.0500000000000007,0.3800000000000001,0.108,0.3800000000000001,0.103
0.11515,0.0482135,2.200000000000001,0.3800000000000001,0.10900000000000001,0.3800000000000001,0.103
0.11520000000000001,0.0516485,2.3500000000000014,0.3800000000000001,0.11,0.3800000000000001,0.103
0.11525,0.054959,2.3999999999999995,0.3800000000000001,0.11,0.3800000000000001,0.102
0.1153,0.058161,2.55,0.3800000000000001,0.111,0.3800000000000001,0.101
0.11535000000000001,0.0611335,2.7,0.3800000000000001,0.111,0.3800000000000001,0.101
0.1154,0.0639555,2.8499999999999996,0.3800000000000001,0.11,0.3800000000000001,0.1
0.11545000000000001,0.06665549999999999,3.000000000000001,0.3800000000000001,0.11,0.3800000000000001,0.1
0.1155,0.0691705,3.0999999999999996,0.3800000000000001,0.11,0.3800000000000001,0.09899999999999999
0.11555,0.0714885,3.25,0.3800000000000001,0.10900000000000001,0.3800000000000001,0.098
0.11560000000000001,0.073542,3.3999999999999995,0.3699999999999999,0.108,0.3699999999999999,0.098
0.11565,0.0752745,3.55,0.3699999999999999,0.108,0.3699999999999999,0.098
0.11570000000000001,0.07696549999999999,3.6499999999999986,0.3699999999999999,0.107,0.3699999999999999,0.097
0.11575,0.0784165,3.799999999999999,0.3699999999999999,0.106,0.3699999999999999,0.097
0.1158,0.07955999999999999,3.9499999999999993,0.3699999999999999,0.10500000000000001,0.3699999999999999,0.096
0.11585000000000001,0.08048,4.05,0.3699999999999999,0.104,0.3699999999999999,0.096
0.1159,0.081167,4.2,0.3699999999999999,0.104,0.3699999999999999,0.095
0.11595000000000001,0.08155849999999999,4.300000000000001,0.3699999999999999,0.103,0.3699999999999999,0.095
0.116,0.08175199999999999,4.450000000000001,0.3699999999999999,0.102,0.3699999999999999,0.095
0.11605,0.08165649999999999,4.55,0.3699999999999999,0.102,0.3699999999999999,0.094
0.11610000000000001,0.0812985,4.6499999999999995,0.3699999999999999,0.101,0.3699999999999999,0.094
0.11615,0.080718,4.799999999999999,0.3699999999999999,0.1,0.3699999999999999,0.094
0.11620000000000001,0.07992199999999999,4.85,0.3699999999999999,0.1,0.3699999999999999,0.093
0.11625,0.07890899999999999,4.949999999999999,0.3699999999999999,0.09899999999999999,0.3699999999999999,0.093
0.1163,0.07772,5.000000000000001,0.3699999999999999,0.09899999999999999,0.3699999999999999,0.093
0.11635000000000001,0.0763655,5.05,0.3699999999999999,0.098,0.3699999999999999,0.093
0.1164,0.0749365,5.049999999999999,0.3699999999999999,0.098,0.3699999999999999,0.092
0.11645000000000001,0.0734505,5.0,0.3699999999999999,0.098,0.3699999999999999,0.092
0.1165,0.07198149999999999,4.949999999999999,0.3699999999999999,0.097,0.3699999999999999,0.092
0.11655,0.07056899999999999,4.8999999999999995,0.3699999999999999,0.097,0.3699999999999999,0.092
0.11660000000000001,0.0692445,4.8500000000000005,0.3699999999999999,0.096,0.3699999999999999,0.091
0.11665,0.0679965,4.750000000000001,0.3699999999999999,0.096,0.3699999999999999,0.091
0.11670000000000001,0.0668445,4.699999999999999,0.3699999999999999,0.096,0.3699999999999999,0.091
0.11675,0.065769,4.599999999999999,0.3699999999999999,0.095,0.3699999999999999,0.091
0.1168,0.06476849999999999,4.55,0.3699999999999999,0.095,0.3699999999999999,0.091
0.11685000000000001,0.0638255,4.5,0.3600000000000001,0.095,0.3600000000000001,0.09000000000000001
0.1169,0.062953,4.45,0.3600000000000001,0.094,0.3600000000000001,0.09000000000000001
0.11695000000000001,0.0621325,4.3999999999999995,0.3600000000000001,0.094,0.3600000000000001,0.09000000000000001
0.117,0.061354,4.35,0.3600000000000001,0.094,0.3600000000000001,0.09000000000000001
0.11705,0.0606185,4.3,0.3600000000000001,0.094,0.3600000000000001,0.09000000000000001
0.11710000000000001,0.059920999999999995,4.3,0.3600000000000001,0.093,0.3600000000000001,0.089
0.11715,0.059252,4.249999999999999,0.3600000000000001,0.093,0.3600000000000001,0.089
0.11720000000000001,0.058622999999999995,4.2,0.3600000000000001,0.093,0.3600000000000001,0.089
0.11725000000000001,0.058022,4.2,0.3600000000000001,0.093,0.3600000000000001,0.089
0.1173,0.057442,4.1499999999999995,0.3600000000000001,0.092,0.3600000000000001,0.089
0.11735000000000001,0.0568985,4.1499999999999995,0.3600000000000001,0.092,0.3600000000000001,0.089
0.1174,0.056374999999999995,4.1000000000000005,0.3600000000000001,0.092,0.3600000000000001,0.089
0.11745,0.055851,4.05,0.3600000000000001,0.092,0.3600000000000001,0.088
0.11750000000000001,0.055342999999999996,4.05,0.3600000000000001,0.092,0.3600000000000001,0.088
0.11755,0.0548305,4.05,0.3600000000000001,0.091,0.3600000000000001,0.088
0.11760000000000001,0.054308499999999996,4.0,0.3600000000000001,0.091,0.3600000000000001,0.088
0.11765,0.053753999999999996,3.9999999999999996,0.3600000000000001,0.091,0.3600000000000001,0.088
0.1177,0.053161,3.95,0.3600000000000001,0.091,0.3600000000000001,0.087
0.11775000000000001,0.0524715,3.95,0.3400000000000001,0.09000000000000001,0.3400000000000001,0.087
0.1178,0.0516695,3.9499999999999997,0.3400000000000001,0.09000000000000001,0.3400000000000001,0.087
0.11785000000000001,0.049207,3.6999999999999997,0.2999999999999996,0.09000000000000001,0.0,0.0
0.1179,0.046016499999999995,3.5499999999999994,0.2999999999999996,0.089,0.0,0.0
0.11795,0.042612,3.3,0.28,0.089,0.0,0.0
0.11800000000000001,0.039071,3.15,0.28,0.088,0.0,0.0
0.11805,0.035435999999999995,2.9999999999999996,0.26,0.087,0.0,0.0
0.11810000000000001,0.0318025,2.8499999999999996,0.2500000000000002,0.086,0.0,0.0
0.11815,0.0281855,2.6,0.2500000000000002,0.085,0.0,0.0
0.1182,0.024687499999999998,2.4499999999999997,0.2300000000000002,0.083,0.0,0.0
0.11825000000000001,0.0212515,2.3,0.2300000000000002,0.08,0.0,0.0
0.1183,0.017934,2.05,0.2100000000000002,0.078,0.0,0.0
0.11835000000000001,0.014797,1.9,0.2100000000000002,0.074,0.0,0.0
0.1184,0.011889499999999999,1.75,0.18999999999999972,0.06999999999999998,0.0,0.0
0.11845,0.009113999999999999,1.5000000000000002,0.17000000000000015,0.06499999999999999,0.0,0.0
0.11850000000000001,0.0066254999999999994,1.35,0.1499999999999997,0.059,0.0,0.0
0.11855,0.004383,1.1500000000000001,0.1399999999999999,0.052,0.0,0.0
0.11860000000000001,0.0025039999999999997,0.9500000000000002,0.10999999999999964,0.044,0.0,0.0
0.11865,0.000988,0.7000000000000001,0.08000000000000028,0.032,0.0,0.0
0.1187,2.95e-05,0.2,0.01999999999999979,0.009000000000000001,0.0,0.0
0.11875000000000001,0.0024384999999999997,0.45,0.34999999999999987,0.034,0.34999999999999987,0.034
0.1188,0.0052435,0.55,0.39000000000000035,0.054,0.39000000000000035,0.054
0.11885000000000001,0.008328499999999999,0.7000000000000001,0.39000000000000035,0.067,0.39000000000000035,0.067
0.1189,0.011651499999999999,0.8500000000000001,0.39000000000000035,0.077,0.39000000000000035,0.077
0.11895,0.015209499999999999,0.9500000000000001,0.39000000000000035,0.085,0.39000000000000035,0.085
0.11900000000000001,0.0189315,1.05,0.39000000000000035,0.09000000000000001,0.39000000000000035,0.09000000000000001
0.11905,0.022734499999999998,1.2,0.39000000000000035,0.095,0.39000000000000035,0.095
0.11910000000000001,0.026586,1.35,0.39000000000000035,0.09899999999999999,0.39000000000000035,0.09899999999999999
0.11915,0.030428,1.5,0.39000000000000035,0.102,0.39000000000000035,0.102
0.1192,0.0342395,1.6500000000000001,0.39000000000000035,0.104,0.39000000000000035,0.103
0.11925000000000001,0.038043,1.75,0.39000000000000035,0.106,0.39000000000000035,0.103
0.1193,0.0417735,1.9,0.3800000000000001,0.107,0.3800000000000001,0.103
0.11935000000000001,0.0454235,2.0500000000000003,0.3800000000000001,0.10900000000000001,0.3800000000000001,0.103
0.1194,0.048979499999999995,2.2,0.3800000000000001,0.10900000000000001,0.3800000000000001,0.103
0.11945,0.052407999999999996,2.35,0.3800000000000001,0.11,0.3800000000000001,0.102
0.11950000000000001,0.0557,2.4499999999999997,0.3800000000000001,0.111,0.3800000000000001,0.101
0.11955,0.0588715,2.5999999999999996,0.3800000000000001,0.111,0.3800000000000001,0.101
0.11960000000000001,0.061785,2.7499999999999996,0.3800000000000001,0.111,0.3800000000000001,0.1
0.11965,0.06458599999999999,2.8999999999999995,0.3800000000000001,0.11,0.3800000000000001,0.1
0.1197,0.067255,3.05,0.3800000000000001,0.11,0.3800000000000001,0.09899999999999999
0.11975000000000001,0.06976199999999999,3.15,0.3800000000000001,0.11,0.3800000000000001,0.098
0.1198,0.0720265,3.3,0.37000000000000033,0.10900000000000001,0.37000000000000033,0.098
0.11985000000000001,0.0740165,3.45,0.37000000000000033,0.108,0.37000000000000033,0.098
0.1199,0.0757245,3.6,0.37000000000000033,0.107,0.37000000000000033,0.097
0.11995,0.077397,3.6999999999999997,0.37000000000000033,0.107,0.37000000000000033,0.097
0.12000000000000001,0.07878,3.8499999999999996,0.37000000000000033,0.106,0.37000000000000033,0.096
0.12005,0.0798695,4.0,0.37000000000000033,0.10500000000000001,0.37000000000000033,0.096
0.12010000000000001,0.080764,4.1,0.37000000000000033,0.104,0.37000000000000033,0.095
0.12015,0.0813825,4.25,0.37000000000000033,0.104,0.37000000000000033,0.095
0.1202,0.081747,4.35,0.37000000000000033,0.103,0.37000000000000033,0.095
0.12025000000000001,0.0818595,4.5,0.37000000000000033,0.102,0.37000000000000033,0.094
0.1203,0.0817425,4.6,0.37000000000000033,0.102,0.37000000000000033,0.094
0.12035000000000001,0.08136349999999999,4.699999999999999,0.37000000000000033,0.101,0.37000000000000033,0.094
0.12040000000000001,0.0807075,4.8,0.37000000000000033,0.1,0.37000000000000033,0.093
0.12045,0.0798855,4.8999999999999995,0.37000000000000033,0.1,0.37000000000000033,0.093
0.12050000000000001,0.07883799999999999,5.0,0.37000000000000033,0.09899999999999999,0.37000000000000033,0.093
0.12055,0.0775995,5.049999999999999,0.37000000000000033,0.09899999999999999,0.37000000000000033,0.092
0.1206,0.076246,5.05,0.37000000000000033,0.098,0.37000000000000033,0.092
0.12065000000000001,0.0748065,5.05,0.37000000000000033,0.098,0.37000000000000033,0.092
0.1207,0.073297,5.05,0.37000000000000033,0.098,0.37000000000000033,0.092
0.12075000000000001,0.071848,5.0,0.37000000000000033,0.097,0.37000000000000033,0.091
0.1208,0.07047049999999999,4.9,0.37000000000000033,0.097,0.37000000000000033,0.091
0.12085,0.0691435,4.8500000000000005,0.37000000000000033,0.096,0.37000000000000033,0.091
0.12090000000000001,0.067921,4.75,0.37000000000000033,0.096,0.37000000000000033,0.091
0.12095,0.066775,4.7,0.37000000000000033,0.096,0.37000000000000033,0.091
0.12100000000000001,0.065708,4.6499999999999995,0.37000000000000033,0.095,0.37000000000000033,0.09000000000000001
0.12105,0.06471299999999999,4.55,0.37000000000000033,0.095,0.37000000000000033,0.09000000000000001
0.1211,0.0637775,4.499999999999999,0.3600000000000001,0.095,0.3600000000000001,0.09000000000000001
0.12115000000000001,0.06291,4.45,0.3600000000000001,0.094,0.3600000000000001,0.09000000000000001
0.1212,0.062091499999999994,4.3999999999999995,0.3600000000000001,0.094,0.3600000000000001,0.09000000000000001
0.12125000000000001,0.061311,4.3999999999999995,0.3600000000000001,0.094,0.3600000000000001,0.089
0.1213,0.060582,4.3500000000000005,0.3600000000000001,0.094,0.3600000000000001,0.089
0.12135,0.059905,4.300000000000001,0.3600000000000001,0.093,0.3600000000000001,0.089
0.12140000000000001,0.0592535,4.250000000000001,0.3600000000000001,0.093,0.3600000000000001,0.089
0.12145,0.05862,4.249999999999999,0.3600000000000001,0.093,0.3600000000000001,0.089
0.12150000000000001,0.0580245,4.2,0.3600000000000001,0.093,0.3600000000000001,0.089
0.12155,0.05746,4.15,0.3600000000000001,0.092,0.3600000000000001,0.089
0.1216,0.0569135,4.15,0.3600000000000001,0.092,0.3600000000000001,0.088
0.12165000000000001,0.056361999999999995,4.1,0.3600000000000001,0.092,0.3600000000000001,0.088
0.1217,0.055849499999999996,4.1,0.3600000000000001,0.092,0.3600000000000001,0.088
0.12175000000000001,0.055341499999999995,4.05,0.3600000000000001,0.092,0.3600000000000001,0.088
0.1218,0.0548265,4.05,0.3600000000000001,0.091,0.3600000000000001,0.088
0.12185,0.054294999999999996,3.999999999999999,0.3600000000000001,0.091,0.3600000000000001,0.088
0.12190000000000001,0.053722,4.000000000000001,0.3600000000000001,0.091,0.3600000000000001,0.087
0.12195,0.0531025,4.0,0.3500000000000003,0.091,0.3500000000000003,0.087
0.12200000000000001,0.052400999999999996,3.9499999999999993,0.3400000000000001,0.09000000000000001,0.3400000000000001,0.087
0.12205,0.051378,3.8999999999999995,0.32999999999999985,0.09000000000000001,0.0,0.0
0.1221,0.048684,3.7,0.30000000000000004,0.09000000000000001,0.0,0.0
0.12215000000000001,0.0453915,3.500000000000001,0.30000000000000004,0.089,0.0,0.0
0.1222,0.041972999999999996,3.3,0.2799999999999996,0.089,0.0,0.0
0.12225000000000001,0.038405499999999995,3.1500000000000004,0.2699999999999998,0.088,0.0,0.0
0.1223,0.0347475,2.9499999999999993,0.26,0.087,0.0,0.0
0.12235,0.031115499999999997,2.8,0.24999999999999978,0.086,0.0,0.0
0.12240000000000001,0.027514499999999997,2.6000000000000005,0.24999999999999978,0.08399999999999999,0.0,0.0
0.12245,0.024043,2.4000000000000012,0.22999999999999976,0.082,0.0,0.0
0.12250000000000001,0.020607,2.250000000000001,0.22999999999999976,0.08,0.0,0.0
0.12255,0.0173385,2.05,0.2100000000000002,0.077,0.0,0.0
0.1226,0.014216,1.8999999999999997,0.19000000000000017,0.073,0.0,0.0
0.12265000000000001,0.0113245,1.7000000000000004,0.19000000000000017,0.06899999999999999,0.0,0.0
0.1227,0.008628,1.4999999999999993,0.17000000000000015,0.064,0.0,0.0
0.12275000000000001,0.0061795,1.3,0.15000000000000013,0.058,0.0,0.0
0.1228,0.004012,1.099999999999999,0.13000000000000012,0.051,0.0,0.0
0.12285,0.0021609999999999997,0.8999999999999997,0.11000000000000008,0.041999999999999996,0.0,0.0
0.12290000000000001,0.00074,0.6000000000000008,0.07999999999999984,0.029,0.0,0.0
0.12295,6.5e-05,0.14999999999999963,0.1399999999999999,0.004,0.1399999999999999,0.004
0.12300000000000001,0.0029955,0.45000000000000034,0.36999999999999944,0.039,0.36999999999999944,0.039
0.12305,0.005868,0.6000000000000008,0.3899999999999999,0.057,0.3899999999999999,0.057
0.1231,0.009004,0.7000000000000004,0.3899999999999999,0.06999999999999998,0.3899999999999999,0.06999999999999999
0.12315000000000001,0.012376499999999999,0.8500000000000008,0.3899999999999999,0.079,0.3899999999999999,0.079
0.1232,0.0159925,0.9500000000000004,0.3899999999999999,0.086,0.3899999999999999,0.08600000000000001
0.12325000000000001,0.0197495,1.1000000000000008,0.3899999999999999,0.091,0.3899999999999999,0.091
0.1233,0.023562,1.2499999999999993,0.3899999999999999,0.096,0.3899999999999999,0.096
0.12335,0.027417999999999998,1.3999999999999997,0.3899999999999999,0.09899999999999999,0.3899999999999999,0.09899999999999999
0.12340000000000001,0.0312545,1.55,0.3899999999999999,0.102,0.3899999999999999,0.102
0.12345,0.035042,1.7000000000000004,0.3899999999999999,0.104,0.3899999999999999,0.103
0.12350000000000001,0.038846,1.8,0.3899999999999999,0.106,0.3899999999999999,0.103
0.12355000000000001,0.042544,1.9500000000000004,0.37999999999999967,0.108,0.37999999999999967,0.103
0.1236,0.046196,2.1000000000000005,0.37999999999999967,0.10900000000000001,0.37999999999999967,0.102
0.12365000000000001,0.049735999999999995,2.250000000000001,0.37999999999999967,0.11,0.37999999999999967,0.102
0.1237,0.0531245,2.4000000000000012,0.37999999999999967,0.11,0.37999999999999967,0.101
0.12375000000000001,0.0564135,2.5,0.37999999999999967,0.111,0.37999999999999967,0.101
0.12380000000000001,0.059532999999999996,2.6500000000000004,0.37999999999999967,0.111,0.37999999999999967,0.1
0.12385,0.0624065,2.8,0.37999999999999967,0.111,0.37999999999999967,0.1
0.12390000000000001,0.06521099999999999,2.95,0.37999999999999967,0.11,0.37999999999999967,0.09899999999999999
0.12395,0.0678245,3.0999999999999996,0.37999999999999967,0.11,0.37999999999999967,0.098
0.124,0.0703105,3.1999999999999993,0.37999999999999967,0.11,0.37999999999999967,0.098
0.12405000000000001,0.07252349999999999,3.3499999999999988,0.3699999999999999,0.10900000000000001,0.3699999999999999,0.097
0.1241,0.07445449999999999,3.499999999999999,0.3699999999999999,0.108,0.3699999999999999,0.097
0.12415000000000001,0.076151,3.5999999999999988,0.3699999999999999,0.107,0.3699999999999999,0.097
0.1242,0.077767,3.7499999999999982,0.3699999999999999,0.107,0.3699999999999999,0.096
0.12425,0.07911,3.8999999999999986,0.3699999999999999,0.106,0.3699999999999999,0.096
0.12430000000000001,0.08014149999999999,4.0,0.3699999999999999,0.10500000000000001,0.3699999999999999,0.095
0.12435,0.0809925,4.15,0.3699999999999999,0.104,0.3699999999999999,0.095
0.12440000000000001,0.0815635,4.3,0.3699999999999999,0.103,0.3699999999999999,0.095
0.12445,0.081907,4.400000000000001,0.3699999999999999,0.103,0.3699999999999999,0.094
0.1245,0.08196049999999999,4.550000000000001,0.3699999999999999,0.102,0.3699999999999999,0.094
0.12455000000000001,0.081796,4.65,0.3699999999999999,0.101,0.3699999999999999,0.094
0.1246,0.0813695,4.75,0.3699999999999999,0.101,0.3699999999999999,0.093
0.12465000000000001,0.08069599999999999,4.849999999999999,0.3699999999999999,0.1,0.3699999999999999,0.093
0.1247,0.079804,4.95,0.3699999999999999,0.1,0.3699999999999999,0.093
0.12475,0.07871399999999999,5.0,0.3699999999999999,0.09899999999999999,0.3699999999999999,0.092
0.12480000000000001,0.077456,5.049999999999999,0.3699999999999999,0.09899999999999999,0.3699999999999999,0.092
0.12485,0.0760795,5.099999999999999,0.3699999999999999,0.098,0.3699999999999999,0.092
0.12490000000000001,0.074624,5.1000000000000005,0.3699999999999999,0.098,0.3699999999999999,0.092
0.12495,0.0731375,5.05,0.3699999999999999,0.097,0.3699999999999999,0.091
0.125,0.071697,5.0,0.3699999999999999,0.097,0.3699999999999999,0.091
0.12505,0.07029049999999999,4.8999999999999995,0.3699999999999999,0.097,0.3699999999999999,0.091
0.12510000000000002,0.069008,4.800000000000002,0.3699999999999999,0.096,0.3699999999999999,0.091
0.12515,0.06779249999999999,4.7,0.3699999999999999,0.096,0.3699999999999999,0.09000000000000001
0.1252,0.06665399999999999,4.6499999999999995,0.3699999999999999,0.096,0.3699999999999999,0.09000000000000001
0.12525,0.0656075,4.6000000000000005,0.3699999999999999,0.095,0.3699999999999999,0.09000000000000001
0.1253,0.0646075,4.55,0.35999999999999965,0.095,0.35999999999999965,0.09000000000000001
0.12535000000000002,0.0637155,4.5,0.35999999999999965,0.095,0.35999999999999965,0.09000000000000001
0.1254,0.062831,4.449999999999998,0.35999999999999965,0.094,0.35999999999999965,0.09000000000000001
0.12545,0.062014,4.3999999999999995,0.35999999999999965,0.094,0.35999999999999965,0.089
0.1255,0.061272999999999994,4.3500000000000005,0.35999999999999965,0.094,0.35999999999999965,0.089
0.12555,0.0605505,4.3,0.35999999999999965,0.094,0.35999999999999965,0.089
0.12560000000000002,0.059844999999999995,4.25,0.35999999999999965,0.093,0.35999999999999965,0.089
0.12565,0.059202,4.25,0.35999999999999965,0.093,0.35999999999999965,0.089
0.1257,0.058573999999999994,4.2,0.35999999999999965,0.093,0.35999999999999965,0.089
0.12575,0.058003,4.1499999999999995,0.35999999999999965,0.093,0.35999999999999965,0.088
0.1258,0.057423999999999996,4.1499999999999995,0.35999999999999965,0.092,0.35999999999999965,0.088
0.12585000000000002,0.056862499999999996,4.1,0.35999999999999965,0.092,0.35999999999999965,0.088
0.1259,0.0563575,4.1000000000000005,0.35999999999999965,0.092,0.35999999999999965,0.088
0.12595,0.05583,4.05,0.35999999999999965,0.092,0.35999999999999965,0.088
0.126,0.055328999999999996,4.05,0.35999999999999965,0.092,0.35999999999999965,0.088
0.12605,0.0547985,3.9999999999999996,0.35999999999999965,0.091,0.35999999999999965,0.087
0.12610000000000002,0.054264,4.0,0.35999999999999965,0.091,0.35999999999999965,0.087
0.12615,0.053695,3.95,0.35999999999999965,0.091,0.35999999999999965,0.087
0.1262,0.053058499999999995,3.9499999999999997,0.34999999999999987,0.091,0.34999999999999987,0.087
0.12625,0.052329999999999995,3.9499999999999997,0.33999999999999964,0.09000000000000001,0.33999999999999964,0.08600000000000001
0.1263,0.050970999999999995,3.8,0.3200000000000005,0.09000000000000001,0.0,0.0
0.12635000000000002,0.048119499999999996,3.65,0.30000000000000004,0.09000000000000001,0.0,0.0
0.1264,0.044745,3.4999999999999996,0.28000000000000047,0.089,0.0,0.0
0.12645,0.0413105,3.25,0.28000000000000047,0.089,0.0,0.0
0.1265,0.037718499999999995,3.1,0.27000000000000024,0.088,0.0,0.0
0.12655,0.0340705,2.9499999999999997,0.26,0.087,0.0,0.0
0.12660000000000002,0.030400999999999997,2.7,0.2500000000000002,0.086,0.0,0.0
0.12665,0.0268325,2.5500000000000003,0.24000000000000044,0.08399999999999999,0.0,0.0
0.1267,0.0233875,2.4,0.2300000000000002,0.082,0.0,0.0
0.12675,0.019931499999999998,2.2,0.21999999999999997,0.079,0.0,0.0
0.1268,0.0167255,2.0,0.2100000000000002,0.076,0.0,0.0
0.12685000000000002,0.0136715,1.8499999999999999,0.19000000000000017,0.073,0.0,0.0
0.1269,0.010754999999999999,1.7,0.18000000000000038,0.068,0.0,0.0
0.12695,0.0081315,1.4500000000000002,0.17000000000000015,0.063,0.0,0.0
0.127,0.005738,1.3,0.15000000000000013,0.057,0.0,0.0
0.12705,0.003619,1.05,0.12999999999999967,0.049,0.0,0.0
0.12710000000000002,0.0018549999999999999,0.8,0.09999999999999985,0.04,0.0,0.0
0.12715,0.0005189999999999999,0.55,0.05999999999999938,0.026,0.0,0.0
0.1272,0.0008265,0.35000000000000003,0.29000000000000026,0.016,0.29000000000000026,0.016
0.12725,0.0035765,0.44999999999999996,0.37000000000000033,0.043,0.37000000000000033,0.043000000000000003
0.1273,0.006503999999999999,0.6000000000000001,0.3899999999999999,0.060000000000000005,0.3899999999999999,0.060000000000000005
0.12735000000000002,0.0097065,0.7500000000000001,0.3899999999999999,0.07200000000000001,0.3899999999999999,0.07200000000000001
0.1274,0.013106,0.9000000000000001,0.3899999999999999,0.081,0.3899999999999999,0.081
0.12745,0.0167615,1.0,0.3899999999999999,0.087,0.3899999999999999,0.087
0.1275,0.020554,1.1500000000000001,0.3899999999999999,0.092,0.3899999999999999,0.092
0.12755,0.0243635,1.3,0.3899999999999999,0.097,0.3899999999999999,0.097
0.12760000000000002,0.028211999999999997,1.45,0.3899999999999999,0.1,0.3899999999999999,0.1
0.12765,0.0320465,1.6,0.3899999999999999,0.103,0.3899999999999999,0.102
0.1277,0.0358295,1.7,0.3899999999999999,0.10500000000000001,0.3899999999999999,0.103
0.12775,0.039634499999999996,1.8,0.3899999999999999,0.107,0.3899999999999999,0.104
0.1278,0.0433125,1.95,0.3800000000000001,0.108,0.3800000000000001,0.103
0.12785000000000002,0.046939999999999996,2.1,0.3800000000000001,0.10900000000000001,0.3800000000000001,0.103
0.1279,0.0504875,2.25,0.3800000000000001,0.11,0.3800000000000001,0.103
0.12795,0.053849499999999995,2.4,0.3800000000000001,0.11,0.3800000000000001,0.102
0.128,0.057117499999999995,2.5,0.3800000000000001,0.111,0.3800000000000001,0.102
0.12805,0.0602155,2.65,0.3800000000000001,0.111,0.3800000000000001,0.101
0.12810000000000002,0.0630295,2.8,0.3800000000000001,0.111,0.3800000000000001,0.1
0.12815000000000001,0.0658015,2.9499999999999997,0.3800000000000001,0.11,0.3800000000000001,0.1
0.1282,0.0683925,3.05,0.3800000000000001,0.11,0.3800000000000001,0.09899999999999999
0.12825,0.070833,3.1999999999999997,0.3800000000000001,0.10900000000000001,0.3800000000000001,0.09899999999999999
0.1283,0.073015,3.3499999999999996,0.3699999999999999,0.10900000000000001,0.3699999999999999,0.098
0.12835000000000002,0.074864,3.5,0.3699999999999999,0.108,0.3699999999999999,0.098
0.12840000000000001,0.0765795,3.5999999999999996,0.3699999999999999,0.107,0.3699999999999999,0.097
0.12845,0.078155,3.7499999999999996,0.3699999999999999,0.106,0.3699999999999999,0.097
0.1285,0.07943299999999999,3.8999999999999995,0.3699999999999999,0.106,0.3699999999999999,0.096
0.12855,0.080424,4.0,0.3699999999999999,0.10500000000000001,0.3699999999999999,0.096
0.12860000000000002,0.08122549999999999,4.1499999999999995,0.3699999999999999,0.104,0.3699999999999999,0.096
0.12865000000000001,0.08173649999999999,4.3,0.3699999999999999,0.103,0.3699999999999999,0.095
0.1287,0.082036,4.3999999999999995,0.3699999999999999,0.103,0.3699999999999999,0.095
0.12875,0.08204499999999999,4.5,0.3699999999999999,0.102,0.3699999999999999,0.094
0.1288,0.0818465,4.65,0.3699999999999999,0.101,0.3699999999999999,0.094
0.12885,0.08137599999999999,4.75,0.3699999999999999,0.101,0.3699999999999999,0.094
0.12890000000000001,0.08065649999999999,4.85,0.3699999999999999,0.1,0.3699999999999999,0.093
0.12895,0.07971,4.95,0.3699999999999999,0.1,0.3699999999999999,0.093
0.129,0.0786055,5.0,0.3699999999999999,0.09899999999999999,0.3699999999999999,0.093
0.12905,0.0773145,5.05,0.3699999999999999,0.09899999999999999,0.3699999999999999,0.093
0.1291,0.075916,5.050000000000001,0.3699999999999999,0.098,0.3699999999999999,0.092
0.12915000000000001,0.074461,5.05,0.3699999999999999,0.098,0.3699999999999999,0.092
0.1292,0.07296799999999999,5.0,0.3699999999999999,0.097,0.3699999999999999,0.092
0.12925,0.0715185,4.95,0.3699999999999999,0.097,0.3699999999999999,0.092
0.1293,0.07014999999999999,4.8999999999999995,0.3699999999999999,0.097,0.3699999999999999,0.091
0.12935,0.0688845,4.8,0.3699999999999999,0.096,0.3699999999999999,0.091
0.12940000000000002,0.0676565,4.749999999999999,0.3699999999999999,0.096,0.3699999999999999,0.091
0.12945,0.0665535,4.6499999999999995,0.3699999999999999,0.096,0.3699999999999999,0.091
0.1295,0.0655085,4.6,0.3699999999999999,0.095,0.3699999999999999,0.091
0.12955,0.06454499999999999,4.55,0.3699999999999999,0.095,0.3699999999999999,0.09000000000000001
0.1296,0.0636455,4.499999999999999,0.3600000000000001,0.095,0.3600000000000001,0.09000000000000001
0.12965000000000002,0.06278249999999999,4.45,0.3600000000000001,0.094,0.3600000000000001,0.09000000000000001
0.1297,0.061981999999999995,4.3999999999999995,0.3600000000000001,0.094,0.3600000000000001,0.09000000000000001
0.12975,0.061229,4.35,0.3600000000000001,0.094,0.3600000000000001,0.09000000000000001
0.1298,0.060494,4.3,0.3600000000000001,0.094,0.3600000000000001,0.09000000000000001
0.12985,0.059831999999999996,4.3,0.3600000000000001,0.093,0.3600000000000001,0.089
0.12990000000000002,0.05917,4.25,0.3600000000000001,0.093,0.3600000000000001,0.089
0.12995,0.0585645,4.2,0.3600000000000001,0.093,0.3600000000000001,0.089
0.13,0.057961,4.2,0.3600000000000001,0.093,0.3600000000000001,0.089
0.13005,0.057397,4.1499999999999995,0.3600000000000001,0.092,0.3600000000000001,0.089
0.1301,0.056875499999999996,4.1499999999999995,0.3600000000000001,0.092,0.3600000000000001,0.089
0.13015000000000002,0.056331,4.1,0.3600000000000001,0.092,0.3600000000000001,0.088
0.1302,0.055812,4.1,0.3600000000000001,0.092,0.3600000000000001,0.088
0.13025,0.05531,4.049999999999999,0.3600000000000001,0.092,0.3600000000000001,0.088
0.1303,0.054761,4.049999999999999,0.3600000000000001,0.091,0.3600000000000001,0.088
0.13035,0.05425,4.0,0.3600000000000001,0.091,0.3600000000000001,0.088
0.13040000000000002,0.053638,4.0,0.3600000000000001,0.091,0.3600000000000001,0.088
0.13045,0.052997499999999996,3.95,0.34999999999999987,0.091,0.34999999999999987,0.087
0.1305,0.052249,3.95,0.3400000000000001,0.09000000000000001,0.3400000000000001,0.087
0.13055,0.0505035,3.8000000000000007,0.32000000000000006,0.09000000000000001,0.0,0.0
0.1306,0.0475245,3.6000000000000005,0.30000000000000004,0.09000000000000001,0.0,0.0
0.13065000000000002,0.0441035,3.4000000000000004,0.2799999999999996,0.089,0.0,0.0
0.1307,0.0406515,3.25,0.2799999999999996,0.089,0.0,0.0
0.13075,0.0370205,3.05,0.2699999999999998,0.088,0.0,0.0
0.1308,0.033363,2.8999999999999995,0.26,0.087,0.0,0.0
0.13085,0.029731999999999998,2.700000000000001,0.24999999999999978,0.085,0.0,0.0
0.13090000000000002,0.0261525,2.500000000000001,0.23999999999999955,0.08399999999999999,0.0,0.0
0.13095,0.0227115,2.3500000000000014,0.22999999999999976,0.082,0.0,0.0
0.131,0.0192975,2.200000000000001,0.20999999999999974,0.079,0.0,0.0
0.13105,0.016113,2.0,0.20999999999999974,0.076,0.0,0.0
0.1311,0.0130885,1.8000000000000018,0.18999999999999972,0.07200000000000001,0.0,0.0
0.13115000000000002,0.010208499999999999,1.6499999999999997,0.17999999999999994,0.067,0.0,0.0
0.1312,0.0076219999999999994,1.4500000000000004,0.15999999999999992,0.062,0.0,0.0
0.13125,0.005279,1.2499999999999993,0.1499999999999997,0.055,0.0,0.0
0.1313,0.0032389999999999997,1.0499999999999983,0.12000000000000031,0.048,0.0,0.0
0.13135,0.0015444999999999999,0.8,0.1000000000000003,0.037,0.0,0.0
0.13140000000000002,0.000326,0.5000000000000011,0.06000000000000027,0.022,0.0,0.0
0.13145,0.001432,0.39999999999999963,0.32999999999999985,0.023,0.32999999999999985,0.023
0.1315,0.0041684999999999995,0.5000000000000011,0.3699999999999999,0.047,0.3699999999999999,0.047
0.13155,0.0071375,0.6500000000000015,0.3899999999999999,0.063,0.3899999999999999,0.063
0.1316,0.010388999999999999,0.8000000000000018,0.3899999999999999,0.074,0.3899999999999999,0.074
0.13165000000000002,0.013840499999999999,0.8500000000000008,0.3899999999999999,0.082,0.3899999999999999,0.082
0.1317,0.0175475,0.9999999999999993,0.3899999999999999,0.088,0.3899999999999999,0.088
0.13175,0.021342999999999997,1.1499999999999997,0.3899999999999999,0.093,0.3899999999999999,0.093
0.1318,0.0251815,1.3,0.3899999999999999,0.097,0.3899999999999999,0.097
0.13185,0.02903,1.4500000000000004,0.3899999999999999,0.101,0.3899999999999999,0.101
0.13190000000000002,0.0328725,1.6000000000000008,0.3899999999999999,0.103,0.3899999999999999,0.103
0.13195,0.036661,1.7000000000000004,0.3899999999999999,0.10500000000000001,0.3899999999999999,0.103
0.132,0.0404555,1.8500000000000025,0.3899999999999999,0.107,0.3899999999999999,0.103
0.13205,0.044109999999999996,2.000000000000001,0.3800000000000001,0.108,0.3800000000000001,0.103
0.1321,0.047729,2.1500000000000012,0.3800000000000001,0.10900000000000001,0.3800000000000001,0.103
0.13215000000000002,0.051220499999999995,2.3000000000000007,0.3800000000000001,0.11,0.3800000000000001,0.102
0.1322,0.0545615,2.45,0.3800000000000001,0.11,0.3800000000000001,0.102
0.13225,0.057791499999999996,2.55,0.3800000000000001,0.111,0.3800000000000001,0.101
0.1323,0.0608665,2.7,0.3800000000000001,0.111,0.3800000000000001,0.1
0.13235,0.063666,2.8499999999999996,0.3800000000000001,0.111,0.3800000000000001,0.1
0.13240000000000002,0.0664065,3.000000000000001,0.3800000000000001,0.11,0.3800000000000001,0.09899999999999999
0.13245,0.068953,3.0999999999999996,0.3800000000000001,0.11,0.3800000000000001,0.09899999999999999
0.1325,0.07137,3.25,0.3800000000000001,0.10900000000000001,0.3800000000000001,0.098
0.13255,0.073475,3.3999999999999995,0.37000000000000033,0.10900000000000001,0.37000000000000033,0.098
0.1326,0.07529999999999999,3.55,0.37000000000000033,0.108,0.37000000000000033,0.097
0.13265000000000002,0.0769865,3.6499999999999986,0.37000000000000033,0.107,0.37000000000000033,0.097
0.1327,0.07850549999999999,3.799999999999999,0.37000000000000033,0.106,0.37000000000000033,0.096
0.13275,0.0797425,3.9499999999999993,0.37000000000000033,0.106,0.37000000000000033,0.096
0.1328,0.0807075,4.05,0.37000000000000033,0.10500000000000001,0.37000000000000033,0.095
0.13285,0.081427,4.2,0.37000000000000033,0.104,0.37000000000000033,0.095
0.13290000000000002,0.0818945,4.300000000000001,0.37000000000000033,0.103,0.37000000000000033,0.095
0.13295,0.08213949999999999,4.450000000000001,0.37000000000000033,0.103,0.37000000000000033,0.094
0.133,0.082123,4.55,0.37000000000000033,0.102,0.37000000000000033,0.094
0.13305,0.0818375,4.7,0.37000000000000033,0.101,0.37000000000000033,0.094
0.1331,0.0813245,4.799999999999999,0.37000000000000033,0.101,0.37000000000000033,0.093
0.13315000000000002,0.080561,4.899999999999999,0.37000000000000033,0.1,0.37000000000000033,0.093
0.1332,0.07961549999999999,4.949999999999999,0.37000000000000033,0.1,0.37000000000000033,0.093
0.13325,0.078452,5.05,0.37000000000000033,0.09899999999999999,0.37000000000000033,0.093
0.1333,0.077138,5.05,0.37000000000000033,0.09899999999999999,0.37000000000000033,0.092
0.13335,0.0757375,5.1,0.37000000000000033,0.098,0.37000000000000033,0.092
0.13340000000000002,0.074266,5.049999999999999,0.37000000000000033,0.098,0.37000000000000033,0.092
0.13345,0.07278649999999999,5.0,0.37000000000000033,0.097,0.37000000000000033,0.092
0.1335,0.071338,4.95,0.37000000000000033,0.097,0.37000000000000033,0.091
0.13355,0.0699955,4.8999999999999995,0.37000000000000033,0.097,0.37000000000000033,0.091
0.1336,0.068717,4.8,0.37000000000000033,0.096,0.37000000000000033,0.091
0.13365000000000002,0.0675265,4.75,0.37000000000000033,0.096,0.37000000000000033,0.091
0.1337,0.06643199999999999,4.7,0.37000000000000033,0.096,0.37000000000000033,0.09000000000000001
0.13375,0.0653935,4.6000000000000005,0.37000000000000033,0.095,0.37000000000000033,0.09000000000000001
0.1338,0.0644385,4.55,0.3600000000000001,0.095,0.3600000000000001,0.09000000000000001
0.13385,0.0635365,4.499999999999999,0.3600000000000001,0.095,0.3600000000000001,0.09000000000000001
0.13390000000000002,0.0626935,4.45,0.3600000000000001,0.094,0.3600000000000001,0.09000000000000001
0.13395,0.061911499999999994,4.3999999999999995,0.3600000000000001,0.094,0.3600000000000001,0.09000000000000001
0.134,0.0611475,4.3500000000000005,0.3600000000000001,0.094,0.3600000000000001,0.089
0.13405,0.0604315,4.35,0.3600000000000001,0.093,0.3600000000000001,0.089
0.1341,0.059767499999999994,4.3,0.3600000000000001,0.093,0.3600000000000001,0.089
0.13415000000000002,0.059123999999999996,4.249999999999999,0.3600000000000001,0.093,0.3600000000000001,0.089
0.1342,0.058514,4.25,0.3600000000000001,0.093,0.3600000000000001,0.089
0.13425,0.0579185,4.2,0.3600000000000001,0.093,0.3600000000000001,0.089
0.1343,0.057366,4.1499999999999995,0.3600000000000001,0.092,0.3600000000000001,0.088
0.13435,0.056820999999999997,4.1499999999999995,0.3600000000000001,0.092,0.3600000000000001,0.088
0.13440000000000002,0.056288,4.1,0.3600000000000001,0.092,0.3600000000000001,0.088
0.13445000000000001,0.0557745,4.1000000000000005,0.3600000000000001,0.092,0.3600000000000001,0.088
0.1345,0.0552565,4.05,0.3600000000000001,0.091,0.3600000000000001,0.088
0.13455,0.054735,4.05,0.3600000000000001,0.091,0.3600000000000001,0.088
0.1346,0.054168999999999995,4.05,0.3600000000000001,0.091,0.3600000000000001,0.087
0.13465000000000002,0.053578,4.0,0.3600000000000001,0.091,0.3600000000000001,0.087
0.13470000000000001,0.052886499999999996,3.9499999999999997,0.3400000000000001,0.091,0.3400000000000001,0.087
0.13475,0.0521185,3.8999999999999995,0.3400000000000001,0.09000000000000001,0.3400000000000001,0.087
0.1348,0.049997,3.7499999999999996,0.3100000000000003,0.09000000000000001,0.0,0.0
0.13485,0.046884499999999996,3.5999999999999996,0.30000000000000004,0.09000000000000001,0.0,0.0
0.13490000000000002,0.043469999999999995,3.3499999999999996,0.28,0.089,0.0,0.0
0.13495000000000001,0.039949,3.1999999999999997,0.28,0.089,0.0,0.0
0.135,0.0363055,3.05,0.27000000000000024,0.088,0.0,0.0
0.13505,0.032644,2.8499999999999996,0.26,0.087,0.0,0.0
0.1351,0.029016,2.65,0.24999999999999978,0.085,0.0,0.0
0.13515000000000002,0.025477,2.5,0.2300000000000002,0.083,0.0,0.0
0.13520000000000001,0.022036999999999998,2.3,0.2300000000000002,0.081,0.0,0.0
0.13525,0.01865,2.15,0.20999999999999974,0.078,0.0,0.0
0.1353,0.015500499999999999,1.95,0.20999999999999974,0.075,0.0,0.0
0.13535,0.012522499999999999,1.8,0.19000000000000017,0.07100000000000001,0.0,0.0
0.13540000000000002,0.009668999999999999,1.55,0.1699999999999997,0.066,0.0,0.0
0.13545000000000001,0.0071519999999999995,1.4000000000000001,0.15999999999999992,0.061,0.0,0.0
0.1355,0.004834499999999999,1.2000000000000002,0.1399999999999999,0.054,0.0,0.0
0.13555,0.002882,1.0,0.11999999999999987,0.046,0.0,0.0
0.1356,0.0012684999999999999,0.75,0.08999999999999962,0.03499999999999999,0.0,0.0
0.13565,0.0001595,0.35000000000000003,0.04000000000000025,0.017,0.0,0.0
0.13570000000000002,0.0019955,0.45,0.34999999999999987,0.030000000000000002,0.34999999999999987,0.030000000000000002
0.13575,0.0047564999999999994,0.55,0.3800000000000001,0.051,0.3800000000000001,0.051
0.1358,0.0078,0.6500000000000001,0.3899999999999999,0.06499999999999999,0.3899999999999999,0.06499999999999999
0.13585,0.011098499999999999,0.8,0.3899999999999999,0.076,0.3899999999999999,0.076
0.1359,0.0146275,0.9,0.3899999999999999,0.08399999999999999,0.3899999999999999,0.08399999999999999
0.13595000000000002,0.0183435,1.05,0.3899999999999999,0.09000000000000001,0.3899999999999999,0.09000000000000001
0.136,0.022158499999999998,1.2,0.3899999999999999,0.094,0.3899999999999999,0.094
0.13605,0.026002499999999998,1.35,0.3899999999999999,0.098,0.3899999999999999,0.098
0.1361,0.029852499999999997,1.5,0.3899999999999999,0.101,0.3899999999999999,0.101
0.13615,0.033666,1.6500000000000001,0.3899999999999999,0.104,0.3899999999999999,0.102
0.13620000000000002,0.037474,1.75,0.3899999999999999,0.106,0.3899999999999999,0.103
0.13625,0.0412405,1.9,0.3899999999999999,0.107,0.3899999999999999,0.103
0.1363,0.044879499999999996,2.0500000000000003,0.3800000000000001,0.108,0.3800000000000001,0.103
0.13635,0.0484765,2.2,0.3800000000000001,0.10900000000000001,0.3800000000000001,0.102
0.1364,0.051938,2.35,0.3800000000000001,0.11,0.3800000000000001,0.102
0.13645000000000002,0.0552705,2.4499999999999997,0.3800000000000001,0.111,0.3800000000000001,0.101
0.1365,0.058488,2.5999999999999996,0.3800000000000001,0.111,0.3800000000000001,0.1
0.13655,0.061492,2.7499999999999996,0.3800000000000001,0.111,0.3800000000000001,0.1
0.1366,0.0642615,2.8999999999999995,0.3800000000000001,0.111,0.3800000000000001,0.09899999999999999
0.13665,0.066984,3.05,0.3800000000000001,0.11,0.3800000000000001,0.09899999999999999
0.13670000000000002,0.06949949999999999,3.15,0.3800000000000001,0.11,0.3800000000000001,0.098
0.13675,0.071856,3.3,0.3800000000000001,0.10900000000000001,0.3800000000000001,0.098
0.1368,0.0739195,3.45,0.3699999999999999,0.10900000000000001,0.3699999999999999,0.097
0.13685,0.07567399999999999,3.6,0.3699999999999999,0.108,0.3699999999999999,0.097
0.1369,0.0773555,3.6499999999999995,0.3699999999999999,0.107,0.3699999999999999,0.096
0.13695000000000002,0.078821,3.8,0.3699999999999999,0.106,0.3699999999999999,0.096
0.137,0.07997599999999999,3.95,0.3699999999999999,0.10500000000000001,0.3699999999999999,0.095
0.13705,0.08093199999999999,4.05,0.3699999999999999,0.10500000000000001,0.3699999999999999,0.095
0.1371,0.081621,4.2,0.3699999999999999,0.104,0.3699999999999999,0.095
0.13715,0.0820315,4.3,0.3699999999999999,0.103,0.3699999999999999,0.094
0.13720000000000002,0.0822165,4.45,0.3699999999999999,0.102,0.3699999999999999,0.094
0.13725,0.0821445,4.550000000000001,0.3699999999999999,0.102,0.3699999999999999,0.094
0.1373,0.081826,4.6499999999999995,0.3699999999999999,0.101,0.3699999999999999,0.093
0.13735,0.081272,4.8,0.3699999999999999,0.101,0.3699999999999999,0.093
0.1374,0.08045999999999999,4.85,0.3699999999999999,0.1,0.3699999999999999,0.093
0.13745000000000002,0.079459,4.95,0.3699999999999999,0.1,0.3699999999999999,0.092
0.1375,0.078305,4.999999999999999,0.3699999999999999,0.09899999999999999,0.3699999999999999,0.092
0.13755,0.07696349999999999,5.05,0.3699999999999999,0.09899999999999999,0.3699999999999999,0.092
0.1376,0.0755235,5.049999999999999,0.3699999999999999,0.098,0.3699999999999999,0.092
0.13765,0.074046,5.05,0.3699999999999999,0.098,0.3699999999999999,0.091
0.13770000000000002,0.0725685,5.0,0.3699999999999999,0.097,0.3699999999999999,0.091
0.13775,0.071155,4.8999999999999995,0.3699999999999999,0.097,0.3699999999999999,0.091
0.1378,0.069807,4.85,0.3699999999999999,0.097,0.3699999999999999,0.091
0.13785,0.0685375,4.749999999999999,0.3699999999999999,0.096,0.3699999999999999,0.09000000000000001
0.1379,0.067388,4.7,0.3699999999999999,0.096,0.3699999999999999,0.09000000000000001
0.13795000000000002,0.0662995,4.6499999999999995,0.3699999999999999,0.096,0.3699999999999999,0.09000000000000001
0.138,0.065277,4.55,0.3699999999999999,0.095,0.3699999999999999,0.09000000000000001
0.13805,0.0643285,4.5,0.3699999999999999,0.095,0.3699999999999999,0.09000000000000001
0.1381,0.063441,4.45,0.3600000000000001,0.095,0.3600000000000001,0.09000000000000001
0.13815,0.062592,4.4,0.3600000000000001,0.094,0.3600000000000001,0.089
0.13820000000000002,0.061809499999999996,4.3999999999999995,0.3600000000000001,0.094,0.3600000000000001,0.089
0.13825,0.06107,4.349999999999999,0.3600000000000001,0.094,0.3600000000000001,0.089
0.1383,0.060367,4.3,0.3600000000000001,0.093,0.3600000000000001,0.089
0.13835,0.0597025,4.249999999999998,0.3600000000000001,0.093,0.3600000000000001,0.089
0.1384,0.059053999999999995,4.25,0.3600000000000001,0.093,0.3600000000000001,0.089
0.13845000000000002,0.058443999999999996,4.199999999999999,0.3600000000000001,0.093,0.3600000000000001,0.088
0.1385,0.057880999999999995,4.1499999999999995,0.3600000000000001,0.093,0.3600000000000001,0.088
0.13855,0.057316,4.15,0.3600000000000001,0.092,0.3600000000000001,0.088
0.1386,0.056770999999999995,4.1,0.3600000000000001,0.092,0.3600000000000001,0.088
0.13865,0.056270499999999994,4.1000000000000005,0.3600000000000001,0.092,0.3600000000000001,0.088
0.13870000000000002,0.055736,4.049999999999999,0.3600000000000001,0.092,0.3600000000000001,0.088
0.13875,0.0552255,4.050000000000002,0.3600000000000001,0.091,0.3600000000000001,0.088
0.1388,0.054672,4.0,0.3600000000000001,0.091,0.3600000000000001,0.087
0.13885,0.0541235,4.0,0.3600000000000001,0.091,0.3600000000000001,0.087
0.1389,0.053506,3.9499999999999993,0.3600000000000001,0.091,0.3600000000000001,0.087
0.13895000000000002,0.052815,3.950000000000001,0.3400000000000001,0.091,0.3400000000000001,0.087
0.139,0.051997499999999995,3.9499999999999993,0.3400000000000001,0.09000000000000001,0.0,0.0
0.13905,0.049457,3.7,0.30000000000000004,0.09000000000000001,0.0,0.0
0.1391,0.046228,3.55,0.30000000000000004,0.09000000000000001,0.0,0.0
0.13915,0.0427945,3.3499999999999996,0.28000000000000047,0.089,0.0,0.0
0.13920000000000002,0.039226,3.1500000000000004,0.27000000000000024,0.088,0.0,0.0
0.13925,0.035588999999999996,3.0,0.26,0.088,0.0,0.0
0.1393,0.031938,2.8499999999999996,0.2500000000000002,0.086,0.0,0.0
0.13935,0.0283075,2.6000000000000005,0.2500000000000002,0.085,0.0,0.0
0.1394,0.0247835,2.45,0.2300000000000002,0.083,0.0,0.0
0.13945000000000002,0.021355,2.3000000000000007,0.2300000000000002,0.081,0.0,0.0
0.1395,0.0180255,2.1000000000000005,0.2100000000000002,0.078,0.0,0.0
0.13955,0.0148665,1.8999999999999997,0.2100000000000002,0.074,0.0,0.0
0.1396,0.011954999999999999,1.7499999999999993,0.18999999999999972,0.06999999999999998,0.0,0.0
0.13965,0.009167999999999999,1.55,0.17000000000000015,0.06499999999999999,0.0,0.0
0.13970000000000002,0.006659,1.349999999999999,0.1499999999999997,0.059,0.0,0.0
0.13975,0.004419,1.1499999999999997,0.1399999999999999,0.052,0.0,0.0
0.1398,0.0025215,0.9499999999999986,0.10999999999999964,0.044,0.0,0.0
0.13985,0.0009985,0.7000000000000004,0.08000000000000028,0.032,0.0,0.0
0.1399,3.4e-05,0.24999999999999928,0.01999999999999979,0.01,0.0,0.0
0.13995000000000002,0.0025455,0.44999999999999857,0.3600000000000001,0.03499999999999999,0.3600000000000001,0.034999999999999996
0.14,0.0053809999999999995,0.5500000000000018,0.39000000000000035,0.055,0.39000000000000035,0.055
0.14005,0.0084795,0.7000000000000004,0.39000000000000035,0.068,0.39000000000000035,0.068
0.1401,0.0118205,0.8500000000000008,0.39000000000000035,0.077,0.39000000000000035,0.077
0.14015,0.015396499999999999,0.9500000000000004,0.39000000000000035,0.085,0.39000000000000035,0.085
0.14020000000000002,0.019136999999999998,1.1000000000000008,0.39000000000000035,0.091,0.39000000000000035,0.091
0.14025,0.0229385,1.2499999999999993,0.39000000000000035,0.095,0.39000000000000035,0.095
0.1403,0.026793499999999998,1.3500000000000008,0.39000000000000035,0.09899999999999999,0.39000000000000035,0.09899999999999999
0.14035,0.0306345,1.4999999999999993,0.39000000000000035,0.102,0.39000000000000035,0.102
0.1404,0.0344615,1.6499999999999997,0.39000000000000035,0.104,0.39000000000000035,0.103
0.14045000000000002,0.0382705,1.750000000000001,0.39000000000000035,0.106,0.39000000000000035,0.104
0.1405,0.0420085,1.9000000000000015,0.3800000000000001,0.108,0.3800000000000001,0.103
0.14055,0.045655499999999995,2.0500000000000007,0.3800000000000001,0.10900000000000001,0.3800000000000001,0.103
0.1406,0.049229999999999996,2.200000000000001,0.3800000000000001,0.11,0.3800000000000001,0.103
0.14065,0.052661,2.3500000000000014,0.3800000000000001,0.11,0.3800000000000001,0.102
0.14070000000000002,0.055965499999999994,2.45,0.3800000000000001,0.111,0.3800000000000001,0.102
0.14075000000000001,0.059162,2.6000000000000005,0.3800000000000001,0.111,0.3800000000000001,0.101
0.1408,0.0620955,2.75,0.3800000000000001,0.111,0.3800000000000001,0.1
0.14085,0.06489,2.9000000000000004,0.3800000000000001,0.111,0.3800000000000001,0.1
0.1409,0.067549,3.0500000000000007,0.3800000000000001,0.11,0.3800000000000001,0.09899999999999999
0.14095000000000002,0.07007,3.1499999999999995,0.3800000000000001,0.11,0.3800000000000001,0.09899999999999999
0.14100000000000001,0.07236,3.3,0.3800000000000001,0.10900000000000001,0.3800000000000001,0.098
0.14105,0.074367,3.4499999999999993,0.37000000000000033,0.108,0.37000000000000033,0.098
0.1411,0.0760665,3.5999999999999996,0.37000000000000033,0.108,0.37000000000000033,0.097
0.14115,0.07776949999999999,3.6999999999999984,0.37000000000000033,0.107,0.37000000000000033,0.097
0.14120000000000002,0.079147,3.8499999999999988,0.37000000000000033,0.106,0.37000000000000033,0.096
0.14125000000000001,0.0802585,3.9999999999999982,0.37000000000000033,0.10500000000000001,0.37000000000000033,0.096
0.1413,0.0811575,4.1,0.37000000000000033,0.104,0.37000000000000033,0.096
0.14135,0.081782,4.25,0.37000000000000033,0.104,0.37000000000000033,0.095
0.1414,0.082171,4.3500000000000005,0.37000000000000033,0.103,0.37000000000000033,0.095
0.14145000000000002,0.082304,4.500000000000001,0.37000000000000033,0.102,0.37000000000000033,0.095
0.14150000000000001,0.082177,4.6,0.37000000000000033,0.102,0.37000000000000033,0.094
0.14155,0.0818175,4.699999999999999,0.37000000000000033,0.101,0.37000000000000033,0.094
0.1416,0.08119599999999999,4.799999999999999,0.37000000000000033,0.101,0.37000000000000033,0.094
0.14165,0.08036399999999999,4.9,0.37000000000000033,0.1,0.37000000000000033,0.093
0.14170000000000002,0.0793155,4.999999999999999,0.37000000000000033,0.1,0.37000000000000033,0.093
0.14175000000000001,0.07812,5.050000000000002,0.37000000000000033,0.09899999999999999,0.37000000000000033,0.093
0.1418,0.07676,5.049999999999999,0.37000000000000033,0.09899999999999999,0.37000000000000033,0.092
0.14185,0.075321,5.050000000000001,0.37000000000000033,0.098,0.37000000000000033,0.092
0.1419,0.0738405,5.05,0.37000000000000033,0.098,0.37000000000000033,0.092
0.14195000000000002,0.0723615,4.999999999999999,0.37000000000000033,0.097,0.37000000000000033,0.092
0.14200000000000002,0.0709645,4.8999999999999995,0.37000000000000033,0.097,0.37000000000000033,0.091
0.14205,0.0696315,4.8500000000000005,0.37000000000000033,0.097,0.37000000000000033,0.091
0.1421,0.068382,4.800000000000001,0.37000000000000033,0.096,0.37000000000000033,0.091
0.14215,0.0672175,4.7,0.37000000000000033,0.096,0.37000000000000033,0.091
0.1422,0.0661505,4.6499999999999995,0.37000000000000033,0.095,0.37000000000000033,0.091
0.14225000000000002,0.0651485,4.6000000000000005,0.37000000000000033,0.095,0.37000000000000033,0.09000000000000001
0.1423,0.0642185,4.55,0.37000000000000033,0.095,0.37000000000000033,0.09000000000000001
0.14235,0.063343,4.499999999999999,0.3600000000000001,0.095,0.3600000000000001,0.09000000000000001
0.1424,0.06250549999999999,4.45,0.3600000000000001,0.094,0.3600000000000001,0.09000000000000001
0.14245,0.0617145,4.3999999999999995,0.3600000000000001,0.094,0.3600000000000001,0.09000000000000001
0.14250000000000002,0.060996499999999995,4.3500000000000005,0.3600000000000001,0.094,0.3600000000000001,0.09000000000000001
0.14255,0.0602985,4.3,0.3600000000000001,0.093,0.3600000000000001,0.089
0.1426,0.0596325,4.3,0.3600000000000001,0.093,0.3600000000000001,0.089
0.14265,0.058999499999999996,4.250000000000001,0.3600000000000001,0.093,0.3600000000000001,0.089
0.1427,0.058407,4.199999999999999,0.3600000000000001,0.093,0.3600000000000001,0.089
0.14275000000000002,0.057819999999999996,4.2,0.3600000000000001,0.093,0.3600000000000001,0.089
0.1428,0.057271499999999996,4.1499999999999995,0.3600000000000001,0.092,0.3600000000000001,0.089
0.14285,0.056736999999999996,4.15,0.3600000000000001,0.092,0.3600000000000001,0.088
0.1429,0.056199,4.1,0.3600000000000001,0.092,0.3600000000000001,0.088
0.14295,0.0556795,4.05,0.3600000000000001,0.092,0.3600000000000001,0.088
0.14300000000000002,0.055161499999999995,4.05,0.3600000000000001,0.091,0.3600000000000001,0.088
0.14305,0.0546325,4.05,0.3600000000000001,0.091,0.3600000000000001,0.088
0.1431,0.054057499999999994,4.0,0.3600000000000001,0.091,0.3600000000000001,0.088
0.14315,0.053418999999999994,4.000000000000001,0.3600000000000001,0.091,0.3600000000000001,0.087
0.1432,0.052696,3.9499999999999997,0.3400000000000001,0.091,0.3400000000000001,0.087
0.14325000000000002,0.0515965,3.9,0.3199999999999996,0.09000000000000001,0.0,0.0
0.1433,0.048865,3.6999999999999997,0.30000000000000004,0.09000000000000001,0.0,0.0
0.14335,0.045551499999999995,3.4999999999999996,0.2899999999999998,0.09000000000000001,0.0,0.0
0.1434,0.04212,3.3,0.2799999999999996,0.089,0.0,0.0
0.14345,0.0385255,3.15,0.2699999999999998,0.088,0.0,0.0
0.14350000000000002,0.0348545,2.9499999999999997,0.26,0.087,0.0,0.0
0.14355,0.031198999999999998,2.8,0.24999999999999978,0.086,0.0,0.0
0.1436,0.027605499999999998,2.6,0.24999999999999978,0.085,0.0,0.0
0.14365,0.02412,2.4,0.22999999999999976,0.082,0.0,0.0
0.1437,0.020668,2.25,0.22999999999999976,0.08,0.0,0.0
0.14375000000000002,0.017394,2.05,0.20999999999999974,0.077,0.0,0.0
0.1438,0.014258499999999999,1.9,0.19000000000000017,0.073,0.0,0.0
0.14385,0.011354999999999999,1.7,0.19000000000000017,0.06899999999999999,0.0,0.0
0.1439,0.0086555,1.5000000000000002,0.17000000000000015,0.064,0.0,0.0
0.14395,0.006199,1.35,0.15000000000000013,0.058,0.0,0.0
0.14400000000000002,0.0040225,1.1,0.13000000000000012,0.051,0.0,0.0
0.14405,0.0021639999999999997,0.9000000000000001,0.11000000000000053,0.041999999999999996,0.0,0.0
0.1441,0.0007415,0.6000000000000001,0.07999999999999984,0.029,0.0,0.0
0.14415,0.0002525,0.25,0.21999999999999997,0.008,0.21999999999999997,0.008
0.1442,0.0031214999999999997,0.44999999999999996,0.36999999999999944,0.04,0.36999999999999944,0.04
0.14425000000000002,0.0059995,0.6000000000000001,0.3899999999999999,0.058,0.3899999999999999,0.058
0.1443,0.009149,0.7500000000000001,0.3899999999999999,0.06999999999999998,0.3899999999999999,0.06999999999999999
0.14435,0.0125395,0.8500000000000001,0.3899999999999999,0.079,0.3899999999999999,0.079
0.1444,0.016162,0.9500000000000001,0.3899999999999999,0.086,0.3899999999999999,0.08600000000000001
0.14445,0.0199365,1.1,0.3899999999999999,0.092,0.3899999999999999,0.092
0.14450000000000002,0.0237675,1.25,0.3899999999999999,0.096,0.3899999999999999,0.096
0.14455,0.027635999999999997,1.4000000000000001,0.3899999999999999,0.1,0.3899999999999999,0.1
0.1446,0.031467499999999995,1.55,0.3899999999999999,0.102,0.3899999999999999,0.102
0.14465,0.035270499999999996,1.7,0.3899999999999999,0.10500000000000001,0.3899999999999999,0.103
0.1447,0.03909,1.8,0.3899999999999999,0.106,0.3899999999999999,0.103
0.14475000000000002,0.0427865,1.95,0.37999999999999967,0.108,0.37999999999999967,0.103
0.1448,0.04643,2.1,0.37999999999999967,0.10900000000000001,0.37999999999999967,0.103
0.14485,0.049985499999999995,2.25,0.37999999999999967,0.11,0.37999999999999967,0.102
0.1449,0.0533805,2.4,0.37999999999999967,0.11,0.37999999999999967,0.102
0.14495,0.0566725,2.5,0.37999999999999967,0.111,0.37999999999999967,0.101
0.14500000000000002,0.059834,2.65,0.37999999999999967,0.111,0.37999999999999967,0.1
0.14505,0.062703,2.8,0.37999999999999967,0.111,0.37999999999999967,0.1
0.1451,0.0654845,2.9499999999999997,0.37999999999999967,0.111,0.37999999999999967,0.09899999999999999
0.14515,0.06810999999999999,3.0999999999999996,0.37999999999999967,0.11,0.37999999999999967,0.09899999999999999
0.1452,0.07059549999999999,3.1999999999999997,0.37999999999999967,0.11,0.37999999999999967,0.098
0.14525000000000002,0.072839,3.3499999999999996,0.3699999999999999,0.10900000000000001,0.3699999999999999,0.098
0.1453,0.0748085,3.5,0.3699999999999999,0.108,0.3699999999999999,0.097
0.14535,0.0764695,3.5999999999999996,0.3699999999999999,0.108,0.3699999999999999,0.097
0.1454,0.07810199999999999,3.7499999999999996,0.3699999999999999,0.107,0.3699999999999999,0.096
0.14545,0.0794435,3.8999999999999995,0.3699999999999999,0.106,0.3699999999999999,0.096
0.14550000000000002,0.080491,4.0,0.3699999999999999,0.10500000000000001,0.3699999999999999,0.096
0.14555,0.0813725,4.1499999999999995,0.3699999999999999,0.104,0.3699999999999999,0.095
0.1456,0.0819345,4.3,0.3699999999999999,0.104,0.3699999999999999,0.095
0.14565,0.0822755,4.3999999999999995,0.3699999999999999,0.103,0.3699999999999999,0.094
0.1457,0.0823545,4.55,0.3699999999999999,0.102,0.3699999999999999,0.094
0.14575000000000002,0.0822,4.65,0.3699999999999999,0.102,0.3699999999999999,0.094
0.1458,0.081758,4.75,0.3699999999999999,0.101,0.3699999999999999,0.093
0.14585,0.08111249999999999,4.85,0.3699999999999999,0.1,0.3699999999999999,0.093
0.1459,0.08023,4.95,0.3699999999999999,0.1,0.3699999999999999,0.093
0.14595,0.07914349999999999,5.0,0.3699999999999999,0.09899999999999999,0.3699999999999999,0.093
0.14600000000000002,0.077904,5.05,0.3699999999999999,0.09899999999999999,0.3699999999999999,0.092
0.14605,0.076523,5.1000000000000005,0.3699999999999999,0.098,0.3699999999999999,0.092
0.1461,0.07507699999999999,5.1,0.3699999999999999,0.098,0.3699999999999999,0.092
0.14615,0.0735885,5.05,0.3699999999999999,0.098,0.3699999999999999,0.092
0.1462,0.0721305,4.999999999999999,0.3699999999999999,0.097,0.3699999999999999,0.091
0.14625000000000002,0.070732,4.95,0.3699999999999999,0.097,0.3699999999999999,0.091
0.1463,0.069422,4.85,0.3699999999999999,0.096,0.3699999999999999,0.091
0.14635,0.068206,4.8,0.3699999999999999,0.096,0.3699999999999999,0.091
0.1464,0.06705799999999999,4.699999999999999,0.3699999999999999,0.096,0.3699999999999999,0.09000000000000001
0.14645,0.065996,4.6499999999999995,0.3699999999999999,0.095,0.3699999999999999,0.09000000000000001
0.14650000000000002,0.06500199999999999,4.6000000000000005,0.35999999999999965,0.095,0.35999999999999965,0.09000000000000001
0.14655,0.06408849999999999,4.55,0.35999999999999965,0.095,0.35999999999999965,0.09000000000000001
0.1466,0.06320049999999999,4.499999999999999,0.35999999999999965,0.095,0.35999999999999965,0.09000000000000001
0.14665,0.0623945,4.449999999999999,0.35999999999999965,0.094,0.35999999999999965,0.09000000000000001
0.1467,0.061633,4.3999999999999995,0.35999999999999965,0.094,0.35999999999999965,0.089
0.14675000000000002,0.0608945,4.3500000000000005,0.35999999999999965,0.094,0.35999999999999965,0.089
0.1468,0.060195,4.35,0.35999999999999965,0.093,0.35999999999999965,0.089
0.14685,0.059548,4.3,0.35999999999999965,0.093,0.35999999999999965,0.089
0.1469,0.058911,4.25,0.35999999999999965,0.093,0.35999999999999965,0.089
0.14695,0.058328,4.250000000000001,0.35999999999999965,0.093,0.35999999999999965,0.089
0.14700000000000002,0.057736499999999996,4.199999999999999,0.35999999999999965,0.092,0.35999999999999965,0.088
0.14705000000000001,0.057187999999999996,4.1499999999999995,0.35999999999999965,0.092,0.35999999999999965,0.088
0.1471,0.056658,4.15,0.35999999999999965,0.092,0.35999999999999965,0.088
0.14715,0.056117999999999994,4.1,0.35999999999999965,0.092,0.35999999999999965,0.088
0.1472,0.055621,4.099999999999999,0.35999999999999965,0.092,0.35999999999999965,0.088
0.14725000000000002,0.0550875,4.049999999999999,0.35999999999999965,0.091,0.35999999999999965,0.088
0.14730000000000001,0.0545495,3.999999999999999,0.35999999999999965,0.091,0.35999999999999965,0.087
0.14735,0.053959,4.000000000000001,0.35999999999999965,0.091,0.35999999999999965,0.087
0.1474,0.0533255,3.9499999999999993,0.34999999999999987,0.091,0.34999999999999987,0.087
0.14745,0.0525755,3.9499999999999993,0.33999999999999964,0.091,0.33999999999999964,0.087
0.14750000000000002,0.0511335,3.8000000000000007,0.3200000000000005,0.09000000000000001,0.0,0.0
0.14755000000000001,0.048255,3.6500000000000004,0.30000000000000004,0.09000000000000001,0.0,0.0
0.1476,0.044850499999999995,3.500000000000001,0.28000000000000047,0.089,0.0,0.0
0.14765,0.0414155,3.25,0.28000000000000047,0.089,0.0,0.0
0.1477,0.0378145,3.1000000000000005,0.27000000000000024,0.088,0.0,0.0
0.14775000000000002,0.034138999999999996,2.9499999999999993,0.26,0.087,0.0,0.0
0.14780000000000001,0.030469999999999997,2.700000000000001,0.2500000000000002,0.086,0.0,0.0
0.14785,0.026886,2.5500000000000007,0.24000000000000044,0.08399999999999999,0.0,0.0
0.1479,0.023427,2.4000000000000012,0.2300000000000002,0.082,0.0,0.0
0.14795,0.019965,2.250000000000001,0.2300000000000002,0.079,0.0,0.0
0.14800000000000002,0.0167485,2.0,0.2100000000000002,0.076,0.0,0.0
0.14805000000000001,0.013689,1.8500000000000008,0.19000000000000017,0.073,0.0,0.0
0.1481,0.0107645,1.7000000000000004,0.18000000000000038,0.068,0.0,0.0
0.14815,0.008133999999999999,1.4500000000000004,0.17000000000000015,0.063,0.0,0.0
0.1482,0.005744,1.3,0.15000000000000013,0.057,0.0,0.0
0.14825000000000002,0.00362,1.0499999999999983,0.12999999999999967,0.049,0.0,0.0
0.14830000000000002,0.0018529999999999998,0.8,0.09999999999999941,0.04,0.0,0.0
0.14835,0.0005155,0.5500000000000018,0.05999999999999938,0.026,0.0,0.0
0.1484,0.000949,0.3500000000000007,0.2999999999999996,0.018000000000000002,0.2999999999999996,0.018000000000000002
0.14845,0.0036925,0.5000000000000011,0.37000000000000033,0.044,0.37000000000000033,0.044
0.14850000000000002,0.006632,0.6000000000000008,0.3899999999999999,0.060000000000000005,0.3899999999999999,0.060000000000000005
0.14855000000000002,0.0098555,0.7499999999999993,0.3899999999999999,0.07200000000000001,0.3899999999999999,0.07200000000000001
0.1486,0.013276,0.9000000000000015,0.3899999999999999,0.081,0.3899999999999999,0.081
0.14865,0.0169505,0.9999999999999993,0.3899999999999999,0.087,0.3899999999999999,0.087
0.1487,0.020735,1.1499999999999997,0.3899999999999999,0.093,0.3899999999999999,0.093
0.14875,0.024569999999999998,1.3,0.3899999999999999,0.097,0.3899999999999999,0.097
0.14880000000000002,0.0284325,1.4500000000000004,0.3899999999999999,0.1,0.3899999999999999,0.1
0.14885,0.0322565,1.6000000000000008,0.3899999999999999,0.103,0.3899999999999999,0.103
0.1489,0.036053499999999995,1.7000000000000004,0.3899999999999999,0.10500000000000001,0.3899999999999999,0.104
0.14895,0.0398645,1.8500000000000025,0.3899999999999999,0.107,0.3899999999999999,0.104
0.149,0.0435425,2.000000000000001,0.3800000000000001,0.108,0.3800000000000001,0.104
0.14905000000000002,0.047157,2.1500000000000012,0.3800000000000001,0.10900000000000001,0.3800000000000001,0.103
0.1491,0.050706,2.3000000000000007,0.3800000000000001,0.11,0.3800000000000001,0.103
0.14915,0.054071499999999995,2.45,0.3800000000000001,0.11,0.3800000000000001,0.102
0.1492,0.0573455,2.5,0.3800000000000001,0.111,0.3800000000000001,0.102
0.14925,0.060461999999999995,2.6500000000000004,0.3800000000000001,0.111,0.3800000000000001,0.101
0.14930000000000002,0.06329,2.8,0.3800000000000001,0.111,0.3800000000000001,0.101
0.14935,0.0660595,2.95,0.3800000000000001,0.111,0.3800000000000001,0.1
0.1494,0.068649,3.049999999999999,0.3800000000000001,0.11,0.3800000000000001,0.09899999999999999
0.14945,0.071105,3.1999999999999993,0.3800000000000001,0.11,0.3800000000000001,0.09899999999999999
0.1495,0.07328649999999999,3.3499999999999988,0.3800000000000001,0.10900000000000001,0.3800000000000001,0.098
0.14955000000000002,0.075163,3.499999999999999,0.3699999999999999,0.108,0.3699999999999999,0.098
0.1496,0.0768575,3.5999999999999988,0.3699999999999999,0.107,0.3699999999999999,0.097
0.14965,0.07843699999999999,3.7499999999999982,0.3699999999999999,0.107,0.3699999999999999,0.097
0.1497,0.07972449999999999,3.8999999999999986,0.3699999999999999,0.106,0.3699999999999999,0.097
0.14975,0.0807285,4.0,0.3699999999999999,0.10500000000000001,0.3699999999999999,0.096
0.14980000000000002,0.08154,4.15,0.3699999999999999,0.104,0.3699999999999999,0.096
0.14985,0.0820635,4.3,0.3699999999999999,0.103,0.3699999999999999,0.095
0.1499,0.0823675,4.400000000000001,0.3699999999999999,0.103,0.3699999999999999,0.095
0.14995,0.08237499999999999,4.5,0.3699999999999999,0.102,0.3699999999999999,0.095
0.15,0.0821765,4.65,0.3699999999999999,0.102,0.3699999999999999,0.094
0.15005000000000002,0.0817005,4.75,0.3699999999999999,0.101,0.3699999999999999,0.094
0.1501,0.080995,4.849999999999999,0.3699999999999999,0.1,0.3699999999999999,0.094
0.15015,0.08007,4.95,0.3699999999999999,0.1,0.3699999999999999,0.093
0.1502,0.07897699999999999,5.0,0.3699999999999999,0.09899999999999999,0.3699999999999999,0.093
0.15025,0.0777055,5.049999999999999,0.3699999999999999,0.09899999999999999,0.3699999999999999,0.093
0.15030000000000002,0.076301,5.05,0.3699999999999999,0.098,0.3699999999999999,0.093
0.15035,0.074832,5.05,0.3699999999999999,0.098,0.3699999999999999,0.092
0.1504,0.073338,5.000000000000001,0.3699999999999999,0.098,0.3699999999999999,0.092
0.15045,0.07189999999999999,4.949999999999999,0.3699999999999999,0.097,0.3699999999999999,0.092
0.1505,0.0705145,4.8999999999999995,0.3699999999999999,0.097,0.3699999999999999,0.092
0.15055000000000002,0.069232,4.799999999999998,0.3699999999999999,0.096,0.3699999999999999,0.091
0.1506,0.0680205,4.75,0.3699999999999999,0.096,0.3699999999999999,0.091
0.15065,0.066906,4.6499999999999995,0.3699999999999999,0.096,0.3699999999999999,0.091
0.1507,0.065861,4.6000000000000005,0.3699999999999999,0.095,0.3699999999999999,0.091
0.15075,0.064881,4.55,0.3699999999999999,0.095,0.3699999999999999,0.091
0.15080000000000002,0.0639605,4.500000000000001,0.3699999999999999,0.095,0.3699999999999999,0.09000000000000001
0.15085,0.0631,4.449999999999999,0.3600000000000001,0.094,0.3600000000000001,0.09000000000000001
0.1509,0.062285999999999994,4.3999999999999995,0.3600000000000001,0.094,0.3600000000000001,0.09000000000000001
0.15095,0.061529999999999994,4.35,0.3600000000000001,0.094,0.3600000000000001,0.09000000000000001
0.151,0.0608,4.349999999999999,0.3600000000000001,0.094,0.3600000000000001,0.09000000000000001
0.15105000000000002,0.0601195,4.3,0.3600000000000001,0.093,0.3600000000000001,0.09000000000000001
0.1511,0.059472,4.25,0.3600000000000001,0.093,0.3600000000000001,0.089
0.15115,0.058851999999999995,4.2,0.3600000000000001,0.093,0.3600000000000001,0.089
0.1512,0.05824,4.199999999999999,0.3600000000000001,0.093,0.3600000000000001,0.089
0.15125,0.057672999999999995,4.15,0.3600000000000001,0.092,0.3600000000000001,0.089
0.15130000000000002,0.057127,4.1499999999999995,0.3600000000000001,0.092,0.3600000000000001,0.089
0.15135,0.056596499999999994,4.1,0.3600000000000001,0.092,0.3600000000000001,0.089
0.1514,0.056101,4.1,0.3600000000000001,0.092,0.3600000000000001,0.088
0.15145,0.055562999999999994,4.05,0.3600000000000001,0.092,0.3600000000000001,0.088
0.1515,0.0550335,4.05,0.3600000000000001,0.091,0.3600000000000001,0.088
0.15155000000000002,0.054479,3.9999999999999996,0.3600000000000001,0.091,0.3600000000000001,0.088
0.1516,0.053883999999999994,4.0,0.3600000000000001,0.091,0.3600000000000001,0.088
0.15165,0.053215,3.9499999999999997,0.34999999999999987,0.091,0.34999999999999987,0.087
0.1517,0.0524455,3.9499999999999997,0.3400000000000001,0.09000000000000001,0.3400000000000001,0.087
0.15175,0.0506255,3.8,0.3199999999999996,0.09000000000000001,0.0,0.0
0.15180000000000002,0.0476255,3.5999999999999996,0.30000000000000004,0.09000000000000001,0.0,0.0
0.15185,0.044188,3.4,0.2799999999999996,0.089,0.0,0.0
0.1519,0.040709999999999996,3.25,0.2799999999999996,0.089,0.0,0.0
0.15195,0.037077,3.05,0.2699999999999998,0.088,0.0,0.0
0.152,0.0334085,2.9,0.26,0.087,0.0,0.0
0.15205000000000002,0.0297635,2.7,0.24999999999999978,0.086,0.0,0.0
0.1521,0.026178,2.5,0.23999999999999955,0.08399999999999999,0.0,0.0
0.15215,0.022735,2.35,0.22999999999999976,0.082,0.0,0.0
0.1522,0.019296499999999998,2.2,0.2100000000000002,0.079,0.0,0.0
0.15225,0.016128,2.0,0.2100000000000002,0.076,0.0,0.0
0.15230000000000002,0.013089,1.8,0.19000000000000017,0.07200000000000001,0.0,0.0
0.15235,0.0102025,1.65,0.17999999999999994,0.067,0.0,0.0
0.1524,0.00762,1.4500000000000002,0.15999999999999992,0.062,0.0,0.0
0.15245,0.0052699999999999995,1.2500000000000002,0.1499999999999997,0.055,0.0,0.0
0.1525,0.003232,1.05,0.12000000000000031,0.047,0.0,0.0
0.15255000000000002,0.0015344999999999998,0.8,0.1000000000000003,0.037,0.0,0.0
0.1526,0.000316,0.5,0.06000000000000027,0.020999999999999998,0.0,0.0
0.15265,0.0015459999999999998,0.39999999999999997,0.32999999999999985,0.025,0.32999999999999985,0.025
0.1527,0.004288999999999999,0.5,0.3699999999999999,0.048,0.3699999999999999,0.048
0.15275,0.0072854999999999994,0.6500000000000001,0.39000000000000035,0.063,0.39000000000000035,0.063
0.15280000000000002,0.010553,0.8,0.39000000000000035,0.074,0.39000000000000035,0.074
0.15285,0.0140095,0.9,0.39000000000000035,0.082,0.39000000000000035,0.082
0.1529,0.0177195,1.05,0.39000000000000035,0.089,0.39000000000000035,0.089
0.15295,0.0215295,1.1500000000000001,0.39000000000000035,0.094,0.39000000000000035,0.094
0.153,0.0253625,1.3,0.39000000000000035,0.098,0.39000000000000035,0.098
0.15305000000000002,0.029231,1.45,0.39000000000000035,0.101,0.39000000000000035,0.101
0.1531,0.0330665,1.6,0.39000000000000035,0.103,0.39000000000000035,0.103
0.15315,0.0368645,1.7,0.39000000000000035,0.10500000000000001,0.39000000000000035,0.103
0.1532,0.0406435,1.85,0.39000000000000035,0.107,0.39000000000000035,0.103
0.15325,0.0443275,2.0,0.3800000000000001,0.108,0.3800000000000001,0.103
0.15330000000000002,0.0479505,2.15,0.3800000000000001,0.10900000000000001,0.3800000000000001,0.103
0.15335000000000001,0.051446,2.3,0.3800000000000001,0.11,0.3800000000000001,0.102
0.1534,0.054786999999999995,2.4499999999999997,0.3800000000000001,0.111,0.3800000000000001,0.102
0.15345,0.058024,2.55,0.3800000000000001,0.111,0.3800000000000001,0.101
0.1535,0.0611105,2.6999999999999997,0.3800000000000001,0.111,0.3800000000000001,0.101
0.15355000000000002,0.0638955,2.8499999999999996,0.3800000000000001,0.111,0.3800000000000001,0.1
0.15360000000000001,0.0666465,3.0,0.3800000000000001,0.11,0.3800000000000001,0.09899999999999999
0.15365,0.069213,3.1,0.3800000000000001,0.11,0.3800000000000001,0.09899999999999999
0.1537,0.0716165,3.25,0.3800000000000001,0.10900000000000001,0.3800000000000001,0.098
0.15375,0.0737415,3.4,0.37000000000000033,0.10900000000000001,0.37000000000000033,0.098
0.15380000000000002,0.0755565,3.55,0.37000000000000033,0.108,0.37000000000000033,0.097
0.15385000000000001,0.0772385,3.6499999999999995,0.37000000000000033,0.107,0.37000000000000033,0.097
0.1539,0.0787635,3.8,0.37000000000000033,0.106,0.37000000000000033,0.096
0.15395,0.0800055,3.95,0.37000000000000033,0.106,0.37000000000000033,0.096
0.154,0.080993,4.05,0.37000000000000033,0.10500000000000001,0.37000000000000033,0.096
0.15405000000000002,0.0817145,4.2,0.37000000000000033,0.104,0.37000000000000033,0.095
0.15410000000000001,0.08218149999999999,4.3,0.37000000000000033,0.103,0.37000000000000033,0.095
0.15415,0.082439,4.45,0.37000000000000033,0.103,0.37000000000000033,0.095
0.1542,0.0824115,4.550000000000001,0.37000000000000033,0.102,0.37000000000000033,0.094
0.15425,0.0821425,4.7,0.37000000000000033,0.101,0.37000000000000033,0.094
0.15430000000000002,0.08164249999999999,4.8,0.37000000000000033,0.101,0.37000000000000033,0.094
0.15435000000000001,0.08086399999999999,4.8999999999999995,0.37000000000000033,0.1,0.37000000000000033,0.093
0.1544,0.079924,4.95,0.37000000000000033,0.1,0.37000000000000033,0.093
0.15445,0.07876899999999999,5.05,0.37000000000000033,0.09899999999999999,0.37000000000000033,0.093
0.1545,0.0774735,5.05,0.37000000000000033,0.09899999999999999,0.37000000000000033,0.092
0.15455000000000002,0.076065,5.1,0.37000000000000033,0.098,0.37000000000000033,0.092
0.15460000000000002,0.07459099999999999,5.05,0.37000000000000033,0.098,0.37000000000000033,0.092
0.15465,0.0730905,5.0,0.37000000000000033,0.098,0.37000000000000033,0.092
0.1547,0.071659,4.949999999999999,0.37000000000000033,0.097,0.37000000000000033,0.091
0.15475,0.0703085,4.8999999999999995,0.37000000000000033,0.097,0.37000000000000033,0.091
0.15480000000000002,0.069032,4.8,0.37000000000000033,0.096,0.37000000000000033,0.091
0.15485000000000002,0.067844,4.749999999999999,0.37000000000000033,0.096,0.37000000000000033,0.091
0.1549,0.066731,4.699999999999999,0.37000000000000033,0.096,0.37000000000000033,0.091
0.15495,0.0657005,4.6000000000000005,0.37000000000000033,0.095,0.37000000000000033,0.09000000000000001
0.155,0.0647335,4.55,0.37000000000000033,0.095,0.37000000000000033,0.09000000000000001
0.15505000000000002,0.0638265,4.500000000000001,0.3600000000000001,0.095,0.3600000000000001,0.09000000000000001
0.15510000000000002,0.062966,4.45,0.3600000000000001,0.094,0.3600000000000001,0.09000000000000001
0.15515,0.062183499999999996,4.3999999999999995,0.3600000000000001,0.094,0.3600000000000001,0.09000000000000001
0.1552,0.0613905,4.3999999999999995,0.3600000000000001,0.094,0.3600000000000001,0.09000000000000001
0.15525,0.060687,4.35,0.3600000000000001,0.094,0.3600000000000001,0.089
0.1553,0.0600275,4.299999999999998,0.3600000000000001,0.093,0.3600000000000001,0.089
0.15535000000000002,0.059385999999999994,4.25,0.3600000000000001,0.093,0.3600000000000001,0.089
0.1554,0.05876,4.249999999999999,0.3600000000000001,0.093,0.3600000000000001,0.089
0.15545,0.058171,4.199999999999999,0.3600000000000001,0.093,0.3600000000000001,0.089
0.1555,0.057604999999999996,4.2,0.3600000000000001,0.092,0.3600000000000001,0.089
0.15555,0.057061999999999995,4.15,0.3600000000000001,0.092,0.3600000000000001,0.088
0.15560000000000002,0.056528499999999995,4.1000000000000005,0.3600000000000001,0.092,0.3600000000000001,0.088
0.15565,0.055989,4.099999999999999,0.3600000000000001,0.092,0.3600000000000001,0.088
0.1557,0.055480499999999995,4.050000000000002,0.3600000000000001,0.092,0.3600000000000001,0.088
0.15575,0.0549565,4.05,0.3600000000000001,0.091,0.3600000000000001,0.088
0.1558,0.0544,4.050000000000001,0.3600000000000001,0.091,0.3600000000000001,0.088
0.15585000000000002,0.0537825,3.9999999999999982,0.3600000000000001,0.091,0.3600000000000001,0.087
0.1559,0.053086499999999995,4.000000000000001,0.3400000000000001,0.091,0.3400000000000001,0.087
0.15595,0.052302999999999995,3.9499999999999993,0.3400000000000001,0.09000000000000001,0.3400000000000001,0.087
0.156,0.0500745,3.750000000000001,0.3100000000000003,0.09000000000000001,0.0,0.0
0.15605,0.046956,3.6000000000000005,0.30000000000000004,0.09000000000000001,0.0,0.0
0.15610000000000002,0.04353,3.3499999999999996,0.28,0.089,0.0,0.0
0.15615,0.039986999999999995,3.1999999999999993,0.28,0.089,0.0,0.0
0.1562,0.036338999999999996,3.05,0.27000000000000024,0.088,0.0,0.0
0.15625,0.0326635,2.8499999999999996,0.26,0.087,0.0,0.0
0.1563,0.0290265,2.6500000000000012,0.2500000000000002,0.085,0.0,0.0
0.15635000000000002,0.0254795,2.500000000000001,0.2300000000000002,0.083,0.0,0.0
0.1564,0.0220345,2.3500000000000014,0.2300000000000002,0.081,0.0,0.0
0.15645,0.018644499999999998,2.1500000000000012,0.20999999999999974,0.078,0.0,0.0
0.1565,0.015488,1.9500000000000004,0.20999999999999974,0.075,0.0,0.0
0.15655,0.0125065,1.8000000000000018,0.19000000000000017,0.07100000000000001,0.0,0.0
0.15660000000000002,0.009655,1.55,0.1699999999999997,0.066,0.0,0.0
0.15665,0.007128499999999999,1.3999999999999997,0.15999999999999992,0.061,0.0,0.0
0.1567,0.004814,1.1499999999999997,0.1399999999999999,0.054,0.0,0.0
0.15675,0.002864,0.9999999999999993,0.11999999999999987,0.046,0.0,0.0
0.1568,0.0012519999999999999,0.7499999999999993,0.08999999999999962,0.03499999999999999,0.0,0.0
0.15685000000000002,0.0001485,0.3499999999999989,0.04000000000000025,0.016,0.0,0.0
0.1569,0.0021165,0.44999999999999857,0.34999999999999987,0.031,0.34999999999999987,0.031
0.15695,0.004889,0.5500000000000018,0.3800000000000001,0.052,0.3800000000000001,0.052
0.157,0.007930999999999999,0.6500000000000015,0.3899999999999999,0.066,0.3899999999999999,0.066
0.15705,0.011252999999999999,0.8000000000000018,0.3899999999999999,0.076,0.3899999999999999,0.076
0.15710000000000002,0.014789499999999999,0.8999999999999997,0.3899999999999999,0.08399999999999999,0.3899999999999999,0.08399999999999999
0.15715,0.018517,1.05,0.3899999999999999,0.09000000000000001,0.3899999999999999,0.09000000000000001
0.1572,0.022341,1.2000000000000004,0.3899999999999999,0.095,0.3899999999999999,0.095
0.15725,0.0261845,1.3500000000000008,0.3899999999999999,0.098,0.3899999999999999,0.098
0.1573,0.030043999999999998,1.4999999999999993,0.3899999999999999,0.101,0.3899999999999999,0.101
0.15735000000000002,0.033861999999999996,1.6499999999999997,0.3899999999999999,0.104,0.3899999999999999,0.103
0.1574,0.0376785,1.750000000000001,0.3899999999999999,0.106,0.3899999999999999,0.103
0.15745,0.041437499999999995,1.9000000000000015,0.3899999999999999,0.107,0.3899999999999999,0.103
0.1575,0.0451,2.0500000000000007,0.3800000000000001,0.10900000000000001,0.3800000000000001,0.103
0.15755,0.048697,2.200000000000001,0.3800000000000001,0.11,0.3800000000000001,0.102
0.15760000000000002,0.052164999999999996,2.3500000000000014,0.3800000000000001,0.11,0.3800000000000001,0.102
0.15765,0.055483,2.45,0.3800000000000001,0.111,0.3800000000000001,0.101
0.1577,0.0587115,2.6000000000000005,0.3800000000000001,0.111,0.3800000000000001,0.101
0.15775,0.0617205,2.75,0.3800000000000001,0.111,0.3800000000000001,0.1
0.1578,0.0644975,2.9000000000000004,0.3800000000000001,0.111,0.3800000000000001,0.09899999999999999
0.15785000000000002,0.0672135,3.0500000000000007,0.3800000000000001,0.11,0.3800000000000001,0.09899999999999999
0.1579,0.06974799999999999,3.1499999999999995,0.3800000000000001,0.11,0.3800000000000001,0.098
0.15795,0.0720975,3.3,0.3800000000000001,0.10900000000000001,0.3800000000000001,0.098
0.158,0.074159,3.4499999999999993,0.3699999999999999,0.10900000000000001,0.3699999999999999,0.097
0.15805,0.075915,3.5999999999999996,0.3699999999999999,0.108,0.3699999999999999,0.097
0.15810000000000002,0.077598,3.6999999999999984,0.3699999999999999,0.107,0.3699999999999999,0.096
0.15815,0.079063,3.8499999999999988,0.3699999999999999,0.106,0.3699999999999999,0.096
0.1582,0.080222,3.9999999999999982,0.3699999999999999,0.10500000000000001,0.3699999999999999,0.096
0.15825,0.081178,4.1,0.3699999999999999,0.10500000000000001,0.3699999999999999,0.095
0.1583,0.0818685,4.25,0.3699999999999999,0.104,0.3699999999999999,0.095
0.15835000000000002,0.082287,4.3500000000000005,0.3699999999999999,0.103,0.3699999999999999,0.094
0.1584,0.0824805,4.500000000000001,0.3699999999999999,0.103,0.3699999999999999,0.094
0.15845,0.08240499999999999,4.6,0.3699999999999999,0.102,0.3699999999999999,0.094
0.1585,0.08208449999999999,4.699999999999999,0.3699999999999999,0.101,0.3699999999999999,0.093
0.15855,0.0815375,4.85,0.3699999999999999,0.101,0.3699999999999999,0.093
0.15860000000000002,0.080729,4.9,0.3699999999999999,0.1,0.3699999999999999,0.093
0.15865,0.07972599999999999,4.999999999999999,0.3699999999999999,0.1,0.3699999999999999,0.093
0.1587,0.07854649999999999,5.050000000000002,0.3699999999999999,0.09899999999999999,0.3699999999999999,0.092
0.15875,0.0772305,5.1,0.3699999999999999,0.09899999999999999,0.3699999999999999,0.092
0.1588,0.0758025,5.1,0.3699999999999999,0.098,0.3699999999999999,0.092
0.15885000000000002,0.074312,5.099999999999999,0.3699999999999999,0.098,0.3699999999999999,0.092
0.1589,0.0728315,5.05,0.3699999999999999,0.097,0.3699999999999999,0.091
0.15895,0.07141399999999999,4.95,0.3699999999999999,0.097,0.3699999999999999,0.091
0.159,0.0700655,4.900000000000001,0.3699999999999999,0.097,0.3699999999999999,0.091
0.15905,0.068817,4.750000000000001,0.3699999999999999,0.096,0.3699999999999999,0.091
0.15910000000000002,0.067651,4.699999999999999,0.3699999999999999,0.096,0.3699999999999999,0.09000000000000001
0.15915,0.066541,4.6499999999999995,0.3699999999999999,0.096,0.3699999999999999,0.09000000000000001
0.1592,0.065526,4.6000000000000005,0.3699999999999999,0.095,0.3699999999999999,0.09000000000000001
0.15925,0.0645575,4.5,0.3699999999999999,0.095,0.3699999999999999,0.09000000000000001
0.1593,0.0636735,4.45,0.3600000000000001,0.095,0.3600000000000001,0.09000000000000001
0.15935000000000002,0.0628285,4.3999999999999995,0.3600000000000001,0.094,0.3600000000000001,0.09000000000000001
0.15940000000000001,0.062021999999999994,4.3999999999999995,0.3600000000000001,0.094,0.3600000000000001,0.089
0.15945,0.061301999999999995,4.3500000000000005,0.3600000000000001,0.094,0.3600000000000001,0.089
0.1595,0.060604,4.3,0.3600000000000001,0.094,0.3600000000000001,0.089
0.15955,0.059914499999999996,4.249999999999999,0.3600000000000001,0.093,0.3600000000000001,0.089
0.15960000000000002,0.059272,4.249999999999999,0.3600000000000001,0.093,0.3600000000000001,0.089
0.15965000000000001,0.058644499999999995,4.2,0.3600000000000001,0.093,0.3600000000000001,0.089
0.1597,0.058088499999999994,4.1499999999999995,0.3600000000000001,0.093,0.3600000000000001,0.088
0.15975,0.057519,4.1499999999999995,0.3600000000000001,0.092,0.3600000000000001,0.088
0.1598,0.056951499999999995,4.1000000000000005,0.3600000000000001,0.092,0.3600000000000001,0.088
0.15985000000000002,0.0564415,4.1,0.3600000000000001,0.092,0.3600000000000001,0.088
0.15990000000000001,0.05592,4.05,0.3600000000000001,0.092,0.3600000000000001,0.088
0.15995,0.055409,4.05,0.3600000000000001,0.092,0.3600000000000001,0.088
0.16,0.0548735,4.0,0.3600000000000001,0.091,0.3600000000000001,0.087
0.16005,0.0543055,3.9999999999999996,0.3600000000000001,0.091,0.3600000000000001,0.087
0.16010000000000002,0.0536795,3.95,0.3600000000000001,0.091,0.3600000000000001,0.087
0.16015000000000001,0.0529635,3.95,0.3400000000000001,0.091,0.3400000000000001,0.087
0.1602,0.05211,3.9499999999999997,0.3400000000000001,0.09000000000000001,0.0,0.0
0.16025,0.0495085,3.6999999999999997,0.30000000000000004,0.09000000000000001,0.0,0.0
0.1603,0.046262,3.5499999999999994,0.30000000000000004,0.09000000000000001,0.0,0.0
0.16035000000000002,0.0428215,3.3499999999999996,0.28000000000000047,0.089,0.0,0.0
0.16040000000000001,0.039251,3.15,0.27000000000000024,0.088,0.0,0.0
0.16045,0.0355915,2.9999999999999996,0.26,0.088,0.0,0.0
0.1605,0.0319265,2.8499999999999996,0.2500000000000002,0.086,0.0,0.0
0.16055,0.028303,2.6,0.2500000000000002,0.085,0.0,0.0
0.16060000000000002,0.024776,2.4499999999999997,0.22999999999999976,0.083,0.0,0.0
0.16065000000000002,0.0213325,2.3,0.22999999999999976,0.081,0.0,0.0
0.1607,0.0180075,2.0999999999999996,0.2100000000000002,0.078,0.0,0.0
0.16075,0.014834,1.9,0.19999999999999996,0.074,0.0,0.0
0.1608,0.011923,1.75,0.18999999999999972,0.06999999999999998,0.0,0.0
0.16085000000000002,0.009143,1.55,0.17000000000000015,0.06499999999999999,0.0,0.0
0.16090000000000002,0.0066324999999999995,1.35,0.1499999999999997,0.059,0.0,0.0
0.16095,0.0043885,1.1500000000000001,0.1399999999999999,0.052,0.0,0.0
0.161,0.00249,0.9500000000000002,0.10999999999999964,0.044,0.0,0.0
0.16105,0.000975,0.7000000000000001,0.08000000000000028,0.032,0.0,0.0
0.16110000000000002,2.7e-05,0.2,0.01999999999999979,0.009000000000000001,0.0,0.0
0.16115000000000002,0.0026574999999999997,0.45,0.3600000000000001,0.036000000000000004,0.3600000000000001,0.036000000000000004
0.1612,0.0054995,0.55,0.3899999999999999,0.055,0.3899999999999999,0.055
0.16125,0.008621,0.7000000000000001,0.3899999999999999,0.068,0.3899999999999999,0.068
0.1613,0.011975999999999999,0.8500000000000001,0.3899999999999999,0.078,0.3899999999999999,0.078
0.16135000000000002,0.015564,0.9500000000000001,0.3899999999999999,0.085,0.3899999999999999,0.085
0.16140000000000002,0.0193195,1.1,0.3899999999999999,0.091,0.3899999999999999,0.091
0.16145,0.023122,1.25,0.3899999999999999,0.095,0.3899999999999999,0.095
0.1615,0.0269965,1.4000000000000001,0.3899999999999999,0.09899999999999999,0.3899999999999999,0.09899999999999999
0.16155,0.030838499999999998,1.55,0.3899999999999999,0.102,0.3899999999999999,0.102
0.16160000000000002,0.03465,1.7,0.3899999999999999,0.104,0.3899999999999999,0.103
0.16165000000000002,0.038468499999999996,1.75,0.3899999999999999,0.106,0.3899999999999999,0.104
0.1617,0.042207,1.9,0.3899999999999999,0.108,0.3899999999999999,0.104
0.16175,0.045850499999999995,2.0500000000000003,0.37999999999999967,0.10900000000000001,0.37999999999999967,0.103
0.1618,0.049418,2.2,0.37999999999999967,0.11,0.37999999999999967,0.103
0.16185000000000002,0.052861,2.35,0.37999999999999967,0.11,0.37999999999999967,0.102
0.16190000000000002,0.056174999999999996,2.4499999999999997,0.37999999999999967,0.111,0.37999999999999967,0.102
0.16195,0.059373999999999996,2.5999999999999996,0.37999999999999967,0.111,0.37999999999999967,0.101
0.162,0.0622975,2.7499999999999996,0.37999999999999967,0.111,0.37999999999999967,0.101
0.16205,0.06508749999999999,2.8999999999999995,0.37999999999999967,0.111,0.37999999999999967,0.1
0.1621,0.0677565,3.05,0.37999999999999967,0.11,0.37999999999999967,0.09899999999999999
0.16215000000000002,0.070286,3.15,0.37999999999999967,0.11,0.37999999999999967,0.09899999999999999
0.1622,0.0725845,3.3,0.37999999999999967,0.10900000000000001,0.37999999999999967,0.098
0.16225,0.07459149999999999,3.45,0.3699999999999999,0.10900000000000001,0.3699999999999999,0.098
0.1623,0.0762885,3.6,0.3699999999999999,0.108,0.3699999999999999,0.097
0.16235,0.0779685,3.6999999999999997,0.3699999999999999,0.107,0.3699999999999999,0.097
0.16240000000000002,0.079373,3.8499999999999996,0.3699999999999999,0.106,0.3699999999999999,0.097
0.16245,0.0804805,4.0,0.3699999999999999,0.10500000000000001,0.3699999999999999,0.096
0.1625,0.081374,4.1,0.3699999999999999,0.10500000000000001,0.3699999999999999,0.096
0.16255,0.0819925,4.25,0.3699999999999999,0.104,0.3699999999999999,0.095
0.1626,0.08239149999999999,4.35,0.3699999999999999,0.103,0.3699999999999999,0.095
0.16265000000000002,0.0825335,4.5,0.3699999999999999,0.102,0.3699999999999999,0.095
0.1627,0.0824135,4.6,0.3699999999999999,0.102,0.3699999999999999,0.094
0.16275,0.08204449999999999,4.699999999999999,0.3699999999999999,0.101,0.3699999999999999,0.094
0.1628,0.08143149999999999,4.8,0.3699999999999999,0.101,0.3699999999999999,0.094
0.16285,0.080606,4.8999999999999995,0.3699999999999999,0.1,0.3699999999999999,0.093
0.16290000000000002,0.079554,5.0,0.3699999999999999,0.1,0.3699999999999999,0.093
0.16295,0.0783405,5.049999999999999,0.3699999999999999,0.09899999999999999,0.3699999999999999,0.093
0.163,0.076984,5.05,0.3699999999999999,0.09899999999999999,0.3699999999999999,0.093
0.16305,0.07554,5.05,0.3699999999999999,0.098,0.3699999999999999,0.092
0.1631,0.074072,5.05,0.3699999999999999,0.098,0.3699999999999999,0.092
0.16315000000000002,0.07259,5.0,0.3699999999999999,0.097,0.3699999999999999,0.092
0.1632,0.0711755,4.95,0.3699999999999999,0.097,0.3699999999999999,0.092
0.16325,0.06985,4.8500000000000005,0.3699999999999999,0.097,0.3699999999999999,0.091
0.1633,0.0686145,4.8,0.3699999999999999,0.096,0.3699999999999999,0.091
0.16335,0.06743249999999999,4.7,0.3699999999999999,0.096,0.3699999999999999,0.091
0.16340000000000002,0.0663695,4.6499999999999995,0.3699999999999999,0.096,0.3699999999999999,0.091
0.16345,0.0653695,4.6000000000000005,0.3699999999999999,0.095,0.3699999999999999,0.091
0.1635,0.0644275,4.55,0.3699999999999999,0.095,0.3699999999999999,0.09000000000000001
0.16355,0.0635585,4.5,0.3699999999999999,0.095,0.3699999999999999,0.09000000000000001
0.1636,0.062716,4.449999999999999,0.35999999999999965,0.094,0.35999999999999965,0.09000000000000001
0.16365000000000002,0.061940499999999996,4.3999999999999995,0.35999999999999965,0.094,0.35999999999999965,0.09000000000000001
0.1637,0.0611995,4.3500000000000005,0.35999999999999965,0.094,0.35999999999999965,0.09000000000000001
0.16375,0.0604775,4.300000000000001,0.35999999999999965,0.094,0.35999999999999965,0.09000000000000001
0.1638,0.059824999999999996,4.300000000000001,0.35999999999999965,0.093,0.35999999999999965,0.089
0.16385,0.059187,4.249999999999999,0.35999999999999965,0.093,0.35999999999999965,0.089
0.16390000000000002,0.058587,4.2,0.35999999999999965,0.093,0.35999999999999965,0.089
0.16395,0.057995,4.2,0.35999999999999965,0.093,0.35999999999999965,0.089
0.164,0.0574395,4.15,0.35999999999999965,0.092,0.35999999999999965,0.089
0.16405,0.0569155,4.149999999999999,0.35999999999999965,0.092,0.35999999999999965,0.089
0.1641,0.056375499999999995,4.1,0.35999999999999965,0.092,0.35999999999999965,0.088
0.16415000000000002,0.055864,4.1,0.35999999999999965,0.092,0.35999999999999965,0.088
0.1642,0.055333,4.05,0.35999999999999965,0.092,0.35999999999999965,0.088
0.16425,0.0547715,4.049999999999999,0.35999999999999965,0.091,0.35999999999999965,0.088
0.1643,0.054207,4.000000000000001,0.35999999999999965,0.091,0.35999999999999965,0.088
0.16435,0.0535705,4.0,0.35999999999999965,0.091,0.35999999999999965,0.087
0.16440000000000002,0.052842999999999994,3.9499999999999993,0.3400000000000001,0.091,0.3400000000000001,0.087
0.16445,0.051667,3.8999999999999995,0.32000000000000006,0.09000000000000001,0.0,0.0
0.1645,0.0488985,3.7,0.30000000000000004,0.09000000000000001,0.0,0.0
0.16455,0.045555,3.500000000000001,0.29000000000000026,0.09000000000000001,0.0,0.0
0.1646,0.0421155,3.3,0.28,0.089,0.0,0.0
0.16465000000000002,0.038516999999999996,3.1500000000000004,0.2699999999999998,0.088,0.0,0.0
0.1647,0.034835,2.9499999999999993,0.26,0.087,0.0,0.0
0.16475,0.03118,2.8,0.2500000000000002,0.086,0.0,0.0
0.1648,0.0275815,2.6000000000000005,0.2500000000000002,0.085,0.0,0.0
0.16485,0.0240865,2.4000000000000012,0.22999999999999976,0.082,0.0,0.0
0.16490000000000002,0.020625499999999998,2.250000000000001,0.22999999999999976,0.08,0.0,0.0
0.16495,0.0173555,2.05,0.20999999999999974,0.077,0.0,0.0
0.165,0.0142235,1.8999999999999997,0.19000000000000017,0.073,0.0,0.0
0.16505,0.011309999999999999,1.7000000000000004,0.19000000000000017,0.06899999999999999,0.0,0.0
0.1651,0.008612,1.4999999999999993,0.1699999999999997,0.064,0.0,0.0
0.16515000000000002,0.006157999999999999,1.3,0.15000000000000013,0.058,0.0,0.0
0.1652,0.0039935,1.099999999999999,0.13000000000000012,0.051,0.0,0.0
0.16525,0.002134,0.8500000000000008,0.11000000000000053,0.041,0.0,0.0
0.1653,0.000717,0.6000000000000008,0.07000000000000005,0.029,0.0,0.0
0.16535,0.00040449999999999997,0.25000000000000105,0.2500000000000002,0.01,0.2500000000000002,0.01
0.16540000000000002,0.0032415,0.45000000000000034,0.37000000000000033,0.041,0.37000000000000033,0.041
0.16545,0.0061325,0.6000000000000008,0.38999999999999946,0.058,0.38999999999999946,0.058
0.1655,0.0093025,0.7499999999999993,0.38999999999999946,0.07100000000000001,0.38999999999999946,0.07100000000000001
0.16555,0.012683499999999999,0.9000000000000015,0.38999999999999946,0.08,0.38999999999999946,0.08
0.1656,0.0163195,0.9500000000000004,0.38999999999999946,0.086,0.38999999999999946,0.08600000000000001
0.16565000000000002,0.020099,1.1000000000000008,0.38999999999999946,0.092,0.38999999999999946,0.092
0.16570000000000001,0.023934,1.2499999999999993,0.38999999999999946,0.096,0.38999999999999946,0.096
0.16575,0.027813499999999998,1.3999999999999997,0.38999999999999946,0.1,0.38999999999999946,0.1
0.1658,0.031661999999999996,1.55,0.38999999999999946,0.102,0.38999999999999946,0.102
0.16585,0.035456,1.7000000000000004,0.38999999999999946,0.10500000000000001,0.38999999999999946,0.103
0.16590000000000002,0.039279,1.8,0.38999999999999946,0.106,0.38999999999999946,0.103
0.16595000000000001,0.0429895,1.9500000000000004,0.3799999999999992,0.108,0.3799999999999992,0.103
0.166,0.0466295,2.1000000000000005,0.3799999999999992,0.10900000000000001,0.3799999999999992,0.103
0.16605,0.050176,2.250000000000001,0.3799999999999992,0.11,0.3799999999999992,0.102
0.1661,0.053580499999999996,2.4000000000000012,0.3799999999999992,0.11,0.3799999999999992,0.102
0.16615000000000002,0.056867999999999995,2.5,0.3799999999999992,0.111,0.3799999999999992,0.101
0.16620000000000001,0.060031499999999995,2.6500000000000004,0.3799999999999992,0.111,0.3799999999999992,0.101
0.16625,0.0629,2.8,0.3799999999999992,0.111,0.3799999999999992,0.1
0.1663,0.065681,2.95,0.3799999999999992,0.111,0.3799999999999992,0.09899999999999999
0.16635,0.0682955,3.0999999999999996,0.3799999999999992,0.11,0.3799999999999992,0.09899999999999999
0.16640000000000002,0.0708,3.1999999999999993,0.3799999999999992,0.11,0.3799999999999992,0.098
0.16645000000000001,0.0730405,3.3499999999999988,0.369999999999999,0.10900000000000001,0.369999999999999,0.098
0.1665,0.075004,3.499999999999999,0.369999999999999,0.108,0.369999999999999,0.097
0.16655,0.0766785,3.5999999999999988,0.369999999999999,0.108,0.369999999999999,0.097
0.1666,0.078316,3.7499999999999982,0.369999999999999,0.107,0.369999999999999,0.097
0.16665000000000002,0.07964399999999999,3.8999999999999986,0.369999999999999,0.106,0.369999999999999,0.096
0.16670000000000001,0.0807015,4.0,0.369999999999999,0.10500000000000001,0.369999999999999,0.096
0.16675,0.0815755,4.15,0.369999999999999,0.104,0.369999999999999,0.095
0.1668,0.08213949999999999,4.3,0.369999999999999,0.104,0.369999999999999,0.095
0.16685,0.08247499999999999,4.400000000000001,0.369999999999999,0.103,0.369999999999999,0.095
0.16690000000000002,0.0825515,4.550000000000001,0.369999999999999,0.102,0.369999999999999,0.094
0.16695000000000002,0.082401,4.65,0.369999999999999,0.102,0.369999999999999,0.094
0.167,0.08196049999999999,4.75,0.369999999999999,0.101,0.369999999999999,0.094
0.16705,0.08132049999999999,4.849999999999999,0.369999999999999,0.101,0.369999999999999,0.093
0.1671,0.08043399999999999,4.95,0.369999999999999,0.1,0.369999999999999,0.093
0.16715000000000002,0.0793415,5.0,0.369999999999999,0.1,0.369999999999999,0.093
0.16720000000000002,0.078107,5.049999999999999,0.369999999999999,0.09899999999999999,0.369999999999999,0.092
0.16725,0.0767255,5.099999999999999,0.369999999999999,0.09899999999999999,0.369999999999999,0.092
0.1673,0.0752815,5.1000000000000005,0.369999999999999,0.098,0.369999999999999,0.092
0.16735,0.0738055,5.05,0.369999999999999,0.098,0.369999999999999,0.092
0.16740000000000002,0.072333,5.0,0.369999999999999,0.097,0.369999999999999,0.091
0.16745000000000002,0.07094149999999999,4.949999999999998,0.369999999999999,0.097,0.369999999999999,0.091
0.1675,0.069626,4.8500000000000005,0.369999999999999,0.097,0.369999999999999,0.091
0.16755,0.0684005,4.8,0.369999999999999,0.096,0.369999999999999,0.091
0.1676,0.06725149999999999,4.7,0.369999999999999,0.096,0.369999999999999,0.091
0.16765000000000002,0.0661795,4.650000000000001,0.369999999999999,0.096,0.369999999999999,0.09000000000000001
0.16770000000000002,0.0651855,4.6,0.369999999999999,0.095,0.369999999999999,0.09000000000000001
0.16775,0.0642635,4.55,0.3599999999999992,0.095,0.3599999999999992,0.09000000000000001
0.1678,0.06339,4.499999999999999,0.3599999999999992,0.095,0.3599999999999992,0.09000000000000001
0.16785,0.06257349999999999,4.45,0.3599999999999992,0.094,0.3599999999999992,0.09000000000000001
0.16790000000000002,0.061814999999999995,4.4,0.3599999999999992,0.094,0.3599999999999992,0.09000000000000001
0.16795000000000002,0.0610755,4.349999999999999,0.3599999999999992,0.094,0.3599999999999992,0.089
0.168,0.060362,4.3500000000000005,0.3599999999999992,0.093,0.3599999999999992,0.089
0.16805,0.0597185,4.3,0.3599999999999992,0.093,0.3599999999999992,0.089
0.1681,0.059084,4.249999999999999,0.3599999999999992,0.093,0.3599999999999992,0.089
0.16815000000000002,0.058491499999999995,4.249999999999999,0.3599999999999992,0.093,0.3599999999999992,0.089
0.16820000000000002,0.057901999999999995,4.2,0.3599999999999992,0.093,0.3599999999999992,0.089
0.16825,0.0573565,4.1499999999999995,0.3599999999999992,0.092,0.3599999999999992,0.088
0.1683,0.0568095,4.15,0.3599999999999992,0.092,0.3599999999999992,0.088
0.16835,0.056277499999999994,4.1,0.3599999999999992,0.092,0.3599999999999992,0.088
0.16840000000000002,0.055769,4.1,0.3599999999999992,0.092,0.3599999999999992,0.088
0.16845000000000002,0.0552365,4.05,0.3599999999999992,0.092,0.3599999999999992,0.088
0.1685,0.0546925,4.05,0.3599999999999992,0.091,0.3599999999999992,0.088
0.16855,0.0540895,4.05,0.3599999999999992,0.091,0.3599999999999992,0.087
0.1686,0.053433499999999995,3.9499999999999997,0.3499999999999994,0.091,0.3499999999999994,0.087
0.16865,0.052683999999999995,3.9499999999999997,0.3400000000000005,0.091,0.3400000000000005,0.087
0.16870000000000002,0.0511705,3.8,0.32000000000000006,0.09000000000000001,0.0,0.0
0.16875,0.048262,3.65,0.30000000000000004,0.09000000000000001,0.0,0.0
0.1688,0.0448465,3.4999999999999996,0.2799999999999996,0.089,0.0,0.0
0.16885,0.041403999999999996,3.25,0.2799999999999996,0.089,0.0,0.0
0.1689,0.037786,3.1,0.2700000000000007,0.088,0.0,0.0
0.16895000000000002,0.034106,2.9499999999999997,0.26000000000000045,0.087,0.0,0.0
0.169,0.03043,2.7,0.24999999999999978,0.086,0.0,0.0
0.16905,0.026848,2.5500000000000003,0.24,0.08399999999999999,0.0,0.0
0.1691,0.023386999999999998,2.4,0.2300000000000002,0.082,0.0,0.0
0.16915,0.019914499999999998,2.25,0.21999999999999997,0.079,0.0,0.0
0.16920000000000002,0.0167025,2.0,0.20999999999999974,0.076,0.0,0.0
0.16925,0.0136335,1.8499999999999999,0.19000000000000017,0.073,0.0,0.0
0.1693,0.01072,1.7,0.17999999999999994,0.068,0.0,0.0
0.16935,0.0080895,1.4500000000000002,0.1699999999999997,0.063,0.0,0.0
0.1694,0.005692,1.3,0.15000000000000013,0.057,0.0,0.0
0.16945000000000002,0.0035849999999999996,1.05,0.13000000000000012,0.049,0.0,0.0
0.1695,0.0018219999999999998,0.8,0.09999999999999985,0.039,0.0,0.0
0.16955,0.000495,0.55,0.059999999999999824,0.025,0.0,0.0
0.1696,0.0010745,0.39999999999999997,0.30999999999999983,0.019,0.30999999999999983,0.019
0.16965,0.0038134999999999996,0.5,0.36999999999999944,0.045000000000000005,0.36999999999999944,0.045000000000000005
0.16970000000000002,0.006767,0.6000000000000001,0.3899999999999999,0.061,0.3899999999999999,0.061
0.16975,0.0099915,0.7500000000000001,0.3899999999999999,0.073,0.3899999999999999,0.073
0.1698,0.013434999999999999,0.9000000000000001,0.3899999999999999,0.081,0.3899999999999999,0.081
0.16985,0.017124999999999998,1.0,0.3899999999999999,0.088,0.3899999999999999,0.088
0.1699,0.0209155,1.1500000000000001,0.3899999999999999,0.093,0.3899999999999999,0.093
0.16995000000000002,0.024759999999999997,1.3,0.3899999999999999,0.097,0.3899999999999999,0.097
0.17,0.028607999999999998,1.45,0.3899999999999999,0.1,0.3899999999999999,0.1
0.17005,0.0324425,1.6,0.3899999999999999,0.103,0.3899999999999999,0.102
0.1701,0.036255499999999996,1.7,0.3899999999999999,0.10500000000000001,0.3899999999999999,0.103
0.17015,0.040064999999999996,1.85,0.3899999999999999,0.107,0.3899999999999999,0.103
0.17020000000000002,0.043744,2.0,0.3800000000000001,0.108,0.3800000000000001,0.103
0.17025,0.0473675,2.15,0.3800000000000001,0.10900000000000001,0.3800000000000001,0.102
0.1703,0.050908999999999996,2.3,0.3800000000000001,0.11,0.3800000000000001,0.102
0.17035,0.054266999999999996,2.4499999999999997,0.3800000000000001,0.111,0.3800000000000001,0.101
0.1704,0.057541499999999995,2.55,0.3800000000000001,0.111,0.3800000000000001,0.101
0.17045000000000002,0.060656999999999996,2.6999999999999997,0.3800000000000001,0.111,0.3800000000000001,0.1
0.1705,0.063482,2.8499999999999996,0.3800000000000001,0.111,0.3800000000000001,0.09899999999999999
0.17055,0.066249,3.0,0.3800000000000001,0.111,0.3800000000000001,0.09899999999999999
0.1706,0.068837,3.1,0.3800000000000001,0.11,0.3800000000000001,0.098
0.17065,0.071292,3.25,0.3800000000000001,0.11,0.3800000000000001,0.098
0.17070000000000002,0.073474,3.4,0.3800000000000001,0.10900000000000001,0.3800000000000001,0.097
0.17075,0.0753625,3.55,0.3699999999999999,0.108,0.3699999999999999,0.097
0.1708,0.07703499999999999,3.5999999999999996,0.3699999999999999,0.107,0.3699999999999999,0.096
0.17085,0.07861549999999999,3.7499999999999996,0.3699999999999999,0.107,0.3699999999999999,0.096
0.1709,0.0799155,3.8999999999999995,0.3699999999999999,0.106,0.3699999999999999,0.096
0.17095000000000002,0.08090499999999999,4.0,0.3699999999999999,0.10500000000000001,0.3699999999999999,0.095
0.171,0.08171099999999999,4.1499999999999995,0.3699999999999999,0.104,0.3699999999999999,0.095
0.17105,0.08223749999999999,4.3,0.3699999999999999,0.104,0.3699999999999999,0.094
0.1711,0.08254399999999999,4.3999999999999995,0.3699999999999999,0.103,0.3699999999999999,0.094
0.17115,0.082546,4.5,0.3699999999999999,0.102,0.3699999999999999,0.094
0.17120000000000002,0.082338,4.65,0.3699999999999999,0.102,0.3699999999999999,0.093
0.17125,0.08186299999999999,4.75,0.3699999999999999,0.101,0.3699999999999999,0.093
0.1713,0.0811665,4.85,0.3699999999999999,0.1,0.3699999999999999,0.093
0.17135,0.0802415,4.95,0.3699999999999999,0.1,0.3699999999999999,0.093
0.1714,0.079138,5.0,0.3699999999999999,0.09899999999999999,0.3699999999999999,0.092
0.17145000000000002,0.0778625,5.05,0.3699999999999999,0.09899999999999999,0.3699999999999999,0.092
0.1715,0.0764715,5.050000000000001,0.3699999999999999,0.098,0.3699999999999999,0.092
0.17155,0.075002,5.05,0.3699999999999999,0.098,0.3699999999999999,0.092
0.1716,0.0735165,5.0,0.3699999999999999,0.098,0.3699999999999999,0.091
0.17165,0.072064,4.95,0.3699999999999999,0.097,0.3699999999999999,0.091
0.17170000000000002,0.0706725,4.8999999999999995,0.3699999999999999,0.097,0.3699999999999999,0.091
0.17175,0.0693945,4.8,0.3699999999999999,0.096,0.3699999999999999,0.091
0.1718,0.06816749999999999,4.749999999999999,0.3699999999999999,0.096,0.3699999999999999,0.09000000000000001
0.17185,0.067062,4.6499999999999995,0.3699999999999999,0.096,0.3699999999999999,0.09000000000000001
0.1719,0.06601549999999999,4.6,0.3699999999999999,0.095,0.3699999999999999,0.09000000000000001
0.17195000000000002,0.0650205,4.55,0.3699999999999999,0.095,0.3699999999999999,0.09000000000000001
0.17200000000000001,0.0641085,4.499999999999999,0.3699999999999999,0.095,0.3699999999999999,0.09000000000000001
0.17205,0.063247,4.45,0.3600000000000001,0.095,0.3600000000000001,0.09000000000000001
0.1721,0.062426499999999996,4.3999999999999995,0.3600000000000001,0.094,0.3600000000000001,0.089
0.17215,0.061674,4.35,0.3600000000000001,0.094,0.3600000000000001,0.089
0.17220000000000002,0.060939,4.3500000000000005,0.3600000000000001,0.094,0.3600000000000001,0.089
0.17225000000000001,0.060243,4.3,0.3600000000000001,0.093,0.3600000000000001,0.089
0.1723,0.0596135,4.25,0.3600000000000001,0.093,0.3600000000000001,0.089
0.17235,0.058981,4.2,0.3600000000000001,0.093,0.3600000000000001,0.089
0.1724,0.058372,4.2,0.3600000000000001,0.093,0.3600000000000001,0.088
0.17245000000000002,0.057815,4.1499999999999995,0.3600000000000001,0.093,0.3600000000000001,0.088
0.17250000000000001,0.057264999999999996,4.1499999999999995,0.3600000000000001,0.092,0.3600000000000001,0.088
0.17255,0.056727,4.1,0.3600000000000001,0.092,0.3600000000000001,0.088
0.1726,0.056226,4.1,0.3600000000000001,0.092,0.3600000000000001,0.088
0.17265,0.055679,4.049999999999999,0.3600000000000001,0.092,0.3600000000000001,0.088
0.17270000000000002,0.055154999999999996,4.049999999999999,0.3600000000000001,0.091,0.3600000000000001,0.087
0.17275000000000001,0.05459,4.0,0.3600000000000001,0.091,0.3600000000000001,0.087
0.1728,0.053995999999999995,4.0,0.3600000000000001,0.091,0.3600000000000001,0.087
0.17285,0.0533275,3.95,0.34999999999999987,0.091,0.34999999999999987,0.087
0.1729,0.052553499999999996,3.95,0.3399999999999992,0.091,0.3399999999999992,0.08600000000000001
0.17295000000000002,0.050642,3.8000000000000007,0.32000000000000006,0.09000000000000001,0.0,0.0
0.17300000000000001,0.0476115,3.6000000000000005,0.2999999999999996,0.09000000000000001,0.0,0.0
0.17305,0.044171499999999995,3.4000000000000004,0.2799999999999996,0.089,0.0,0.0
0.1731,0.0406725,3.25,0.2799999999999996,0.089,0.0,0.0
0.17315,0.037031499999999995,3.05,0.2699999999999998,0.088,0.0,0.0
0.17320000000000002,0.033353,2.8999999999999995,0.26,0.087,0.0,0.0
0.17325000000000002,0.0297155,2.700000000000001,0.2500000000000002,0.086,0.0,0.0
0.1733,0.026129,2.500000000000001,0.24,0.08399999999999999,0.0,0.0
0.17335,0.022675999999999998,2.3500000000000014,0.2300000000000002,0.082,0.0,0.0
0.1734,0.0192435,2.200000000000001,0.2100000000000002,0.079,0.0,0.0
0.17345000000000002,0.016068,2.0,0.2100000000000002,0.076,0.0,0.0
0.17350000000000002,0.0130285,1.8000000000000018,0.19000000000000017,0.07200000000000001,0.0,0.0
0.17355,0.010144,1.6499999999999997,0.1799999999999995,0.067,0.0,0.0
0.1736,0.007567,1.4500000000000004,0.16000000000000036,0.062,0.0,0.0
0.17365,0.0052175,1.2499999999999993,0.1399999999999999,0.055,0.0,0.0
0.17370000000000002,0.003182,0.9999999999999993,0.11999999999999987,0.047,0.0,0.0
0.17375000000000002,0.001499,0.8,0.09999999999999941,0.037,0.0,0.0
0.1738,0.0002905,0.45000000000000034,0.059999999999999824,0.020999999999999998,0.0,0.0
0.17385,0.001661,0.39999999999999963,0.3400000000000001,0.026,0.3400000000000001,0.026
0.1739,0.0044104999999999995,0.5000000000000011,0.3699999999999999,0.049,0.3699999999999999,0.049
0.17395000000000002,0.0074175,0.6500000000000015,0.3900000000000008,0.064,0.3900000000000008,0.064
0.17400000000000002,0.010695999999999999,0.8000000000000018,0.3900000000000008,0.075,0.3900000000000008,0.075
0.17405,0.0141785,0.8999999999999997,0.3900000000000008,0.083,0.3900000000000008,0.083
0.1741,0.017887,1.05,0.3900000000000008,0.089,0.3900000000000008,0.089
0.17415,0.0217065,1.2000000000000004,0.3900000000000008,0.094,0.3900000000000008,0.094
0.17420000000000002,0.025533,1.3500000000000008,0.3900000000000008,0.098,0.3900000000000008,0.098
0.17425000000000002,0.0294005,1.4500000000000004,0.3900000000000008,0.101,0.3900000000000008,0.101
0.1743,0.033236499999999995,1.6000000000000008,0.3900000000000008,0.103,0.3900000000000008,0.103
0.17435,0.037043,1.7000000000000004,0.3900000000000008,0.10500000000000001,0.3900000000000008,0.104
0.1744,0.0408395,1.8500000000000025,0.3900000000000008,0.107,0.3900000000000008,0.104
0.17445000000000002,0.0444955,2.000000000000001,0.38000000000000056,0.108,0.38000000000000056,0.103
0.17450000000000002,0.048125499999999995,2.1500000000000012,0.38000000000000056,0.10900000000000001,0.38000000000000056,0.103
0.17455,0.0516205,2.3000000000000007,0.38000000000000056,0.11,0.38000000000000056,0.102
0.1746,0.054954499999999996,2.45,0.38000000000000056,0.111,0.38000000000000056,0.102
0.17465,0.058226,2.55,0.38000000000000056,0.111,0.38000000000000056,0.101
0.17470000000000002,0.061281999999999996,2.7,0.38000000000000056,0.111,0.38000000000000056,0.101
0.17475000000000002,0.064067,2.8499999999999996,0.38000000000000056,0.111,0.38000000000000056,0.1
0.1748,0.06683499999999999,3.000000000000001,0.38000000000000056,0.111,0.38000000000000056,0.1
0.17485,0.06938749999999999,3.0999999999999996,0.38000000000000056,0.11,0.38000000000000056,0.09899999999999999
0.1749,0.071784,3.25,0.38000000000000056,0.11,0.38000000000000056,0.098
0.17495000000000002,0.073918,3.3999999999999995,0.37000000000000033,0.10900000000000001,0.37000000000000033,0.098
0.17500000000000002,0.0757345,3.55,0.37000000000000033,0.108,0.37000000000000033,0.098
0.17505,0.0774145,3.6499999999999986,0.37000000000000033,0.107,0.37000000000000033,0.097
0.1751,0.07894899999999999,3.799999999999999,0.37000000000000033,0.106,0.37000000000000033,0.097
0.17515,0.080154,3.9499999999999993,0.37000000000000033,0.106,0.37000000000000033,0.096
0.1752,0.081147,4.05,0.37000000000000033,0.10500000000000001,0.37000000000000033,0.096
0.17525000000000002,0.081883,4.2,0.37000000000000033,0.104,0.37000000000000033,0.095
0.1753,0.08234799999999999,4.300000000000001,0.37000000000000033,0.103,0.37000000000000033,0.095
0.17535,0.082602,4.450000000000001,0.37000000000000033,0.103,0.37000000000000033,0.095
0.1754,0.0825635,4.55,0.37000000000000033,0.102,0.37000000000000033,0.094
0.17545,0.0822815,4.7,0.37000000000000033,0.101,0.37000000000000033,0.094
0.17550000000000002,0.0817725,4.799999999999999,0.37000000000000033,0.101,0.37000000000000033,0.094
0.17555,0.081,4.899999999999999,0.37000000000000033,0.1,0.37000000000000033,0.093
0.1756,0.0800675,4.949999999999999,0.37000000000000033,0.1,0.37000000000000033,0.093
0.17565,0.0789005,5.05,0.37000000000000033,0.09899999999999999,0.37000000000000033,0.093
0.1757,0.077621,5.05,0.37000000000000033,0.09899999999999999,0.37000000000000033,0.093
0.17575000000000002,0.0762095,5.1,0.37000000000000033,0.098,0.37000000000000033,0.092
0.1758,0.0747425,5.049999999999999,0.37000000000000033,0.098,0.37000000000000033,0.092
0.17585,0.07324449999999999,5.0,0.37000000000000033,0.098,0.37000000000000033,0.092
0.1759,0.0718115,4.95,0.37000000000000033,0.097,0.37000000000000033,0.092
0.17595,0.0704525,4.8999999999999995,0.37000000000000033,0.097,0.37000000000000033,0.091
0.17600000000000002,0.0691715,4.8,0.37000000000000033,0.096,0.37000000000000033,0.091
0.17605,0.06798749999999999,4.75,0.37000000000000033,0.096,0.37000000000000033,0.091
0.1761,0.06686249999999999,4.7,0.37000000000000033,0.096,0.37000000000000033,0.091
0.17615,0.065829,4.6000000000000005,0.37000000000000033,0.095,0.37000000000000033,0.091
0.1762,0.06486499999999999,4.55,0.37000000000000033,0.095,0.37000000000000033,0.09000000000000001
0.17625000000000002,0.0639575,4.499999999999999,0.37000000000000033,0.095,0.37000000000000033,0.09000000000000001
0.1763,0.0631075,4.45,0.36000000000000054,0.094,0.36000000000000054,0.09000000000000001
0.17635,0.062307999999999995,4.3999999999999995,0.36000000000000054,0.094,0.36000000000000054,0.09000000000000001
0.1764,0.061526,4.3999999999999995,0.36000000000000054,0.094,0.36000000000000054,0.09000000000000001
0.17645,0.060822499999999995,4.35,0.36000000000000054,0.094,0.36000000000000054,0.09000000000000001
0.17650000000000002,0.060156999999999995,4.3,0.36000000000000054,0.093,0.36000000000000054,0.089
0.17655,0.059510499999999994,4.249999999999999,0.36000000000000054,0.093,0.36000000000000054,0.089
0.1766,0.058880499999999995,4.25,0.36000000000000054,0.093,0.36000000000000054,0.089
0.17665,0.0582885,4.2,0.36000000000000054,0.093,0.36000000000000054,0.089
0.1767,0.057728499999999995,4.1499999999999995,0.36000000000000054,0.092,0.36000000000000054,0.089
0.17675000000000002,0.057179499999999994,4.1499999999999995,0.36000000000000054,0.092,0.36000000000000054,0.089
0.1768,0.056638,4.1,0.36000000000000054,0.092,0.36000000000000054,0.088
0.17685,0.056105999999999996,4.1000000000000005,0.36000000000000054,0.092,0.36000000000000054,0.088
0.1769,0.055583,4.05,0.36000000000000054,0.092,0.36000000000000054,0.088
0.17695,0.055052,4.05,0.36000000000000054,0.091,0.36000000000000054,0.088
0.17700000000000002,0.0544995,4.05,0.36000000000000054,0.091,0.36000000000000054,0.088
0.17705,0.053889,4.0,0.36000000000000054,0.091,0.36000000000000054,0.087
0.1771,0.053177999999999996,4.0,0.33999999999999964,0.091,0.33999999999999964,0.087
0.17715,0.052399499999999995,3.9499999999999997,0.33999999999999964,0.09000000000000001,0.33999999999999964,0.087
0.1772,0.050065,3.7499999999999996,0.30999999999999983,0.09000000000000001,0.0,0.0
0.17725000000000002,0.0469235,3.5999999999999996,0.30000000000000004,0.09000000000000001,0.0,0.0
0.1773,0.0434765,3.3499999999999996,0.28000000000000047,0.089,0.0,0.0
0.17735,0.039927,3.1999999999999997,0.28000000000000047,0.089,0.0,0.0
0.1774,0.036281,3.05,0.2699999999999998,0.088,0.0,0.0
0.17745,0.0325995,2.8499999999999996,0.26,0.087,0.0,0.0
0.17750000000000002,0.028974999999999997,2.65,0.2500000000000002,0.085,0.0,0.0
0.17755,0.025416499999999998,2.5,0.2300000000000002,0.083,0.0,0.0
0.1776,0.021960499999999997,2.3,0.2300000000000002,0.081,0.0,0.0
0.17765,0.018571,2.15,0.21000000000000063,0.078,0.0,0.0
0.1777,0.015417499999999999,1.95,0.21000000000000063,0.075,0.0,0.0
0.17775000000000002,0.012437499999999999,1.8,0.18999999999999972,0.07100000000000001,0.0,0.0
0.1778,0.0095975,1.55,0.17000000000000015,0.066,0.0,0.0
0.17785,0.00707,1.4000000000000001,0.15999999999999948,0.060000000000000005,0.0,0.0
0.1779,0.0047599999999999995,1.1500000000000001,0.1399999999999999,0.054,0.0,0.0
0.17795,0.002817,1.0,0.12000000000000031,0.045000000000000005,0.0,0.0
0.17800000000000002,0.0012165,0.75,0.09000000000000007,0.034,0.0,0.0
0.17805,0.0001325,0.35000000000000003,0.04000000000000114,0.016,0.0,0.0
0.1781,0.0022294999999999997,0.45,0.34999999999999987,0.032,0.34999999999999987,0.032
0.17815,0.0050149999999999995,0.55,0.39000000000000035,0.053,0.39000000000000035,0.053
0.1782,0.00808,0.7000000000000001,0.39000000000000035,0.067,0.39000000000000035,0.067
0.17825000000000002,0.011393499999999999,0.8,0.39000000000000035,0.076,0.39000000000000035,0.076
0.17830000000000001,0.014950499999999999,0.9,0.39000000000000035,0.08399999999999999,0.39000000000000035,0.08399999999999999
0.17835,0.018685,1.05,0.39000000000000035,0.09000000000000001,0.39000000000000035,0.09000000000000001
0.1784,0.022509499999999998,1.2,0.39000000000000035,0.095,0.39000000000000035,0.095
0.17845,0.0263605,1.35,0.39000000000000035,0.098,0.39000000000000035,0.098
0.17850000000000002,0.030223999999999997,1.5,0.39000000000000035,0.101,0.39000000000000035,0.101
0.17855000000000001,0.0340475,1.6500000000000001,0.39000000000000035,0.104,0.39000000000000035,0.103
0.1786,0.0378705,1.75,0.39000000000000035,0.106,0.39000000000000035,0.103
0.17865,0.0416335,1.9,0.39000000000000035,0.107,0.39000000000000035,0.103
0.1787,0.045293,2.0500000000000003,0.3800000000000001,0.10900000000000001,0.3800000000000001,0.103
0.17875000000000002,0.0488875,2.2,0.3800000000000001,0.11,0.3800000000000001,0.102
0.17880000000000001,0.052333,2.35,0.3800000000000001,0.11,0.3800000000000001,0.102
0.17885,0.055665,2.4499999999999997,0.3800000000000001,0.111,0.3800000000000001,0.101
0.1789,0.058892,2.5999999999999996,0.3800000000000001,0.111,0.3800000000000001,0.101
0.17895,0.061905499999999995,2.7499999999999996,0.3800000000000001,0.111,0.3800000000000001,0.1
0.17900000000000002,0.06466,2.8999999999999995,0.3800000000000001,0.111,0.3800000000000001,0.1
0.17905000000000001,0.06737699999999999,3.05,0.3800000000000001,0.11,0.3800000000000001,0.09899999999999999
0.1791,0.069927,3.15,0.3800000000000001,0.11,0.3800000000000001,0.098
0.17915,0.07226049999999999,3.3,0.3800000000000001,0.10900000000000001,0.3800000000000001,0.098
0.1792,0.07432799999999999,3.45,0.37000000000000033,0.10900000000000001,0.37000000000000033,0.097
0.17925000000000002,0.07609049999999999,3.6,0.37000000000000033,0.108,0.37000000000000033,0.097
0.17930000000000001,0.0777665,3.6999999999999997,0.37000000000000033,0.107,0.37000000000000033,0.097
0.17935,0.079217,3.8499999999999996,0.37000000000000033,0.106,0.37000000000000033,0.096
0.1794,0.0803845,4.0,0.37000000000000033,0.106,0.37000000000000033,0.096
0.17945,0.0813405,4.1,0.37000000000000033,0.10500000000000001,0.37000000000000033,0.095
0.17950000000000002,0.0820185,4.25,0.37000000000000033,0.104,0.37000000000000033,0.095
0.17955000000000002,0.082429,4.35,0.37000000000000033,0.103,0.37000000000000033,0.095
0.1796,0.082615,4.5,0.37000000000000033,0.103,0.37000000000000033,0.094
0.17965,0.0825485,4.6,0.37000000000000033,0.102,0.37000000000000033,0.094
0.1797,0.0822185,4.699999999999999,0.37000000000000033,0.101,0.37000000000000033,0.094
0.17975000000000002,0.08166999999999999,4.85,0.37000000000000033,0.101,0.37000000000000033,0.093
0.17980000000000002,0.080868,4.8999999999999995,0.37000000000000033,0.1,0.37000000000000033,0.093
0.17985,0.079872,5.0,0.37000000000000033,0.1,0.37000000000000033,0.093
0.1799,0.0786775,5.049999999999999,0.37000000000000033,0.09899999999999999,0.37000000000000033,0.092
0.17995,0.07737,5.1,0.37000000000000033,0.09899999999999999,0.37000000000000033,0.092
0.18000000000000002,0.0759265,5.1,0.37000000000000033,0.098,0.37000000000000033,0.092
0.18005000000000002,0.074437,5.1000000000000005,0.37000000000000033,0.098,0.37000000000000033,0.092
0.1801,0.07296699999999999,5.05,0.37000000000000033,0.097,0.37000000000000033,0.091
0.18015,0.07153999999999999,4.95,0.37000000000000033,0.097,0.37000000000000033,0.091
0.1802,0.070197,4.9,0.37000000000000033,0.097,0.37000000000000033,0.091
0.18025000000000002,0.06891749999999999,4.8,0.37000000000000033,0.096,0.37000000000000033,0.091
0.18030000000000002,0.0677695,4.750000000000001,0.37000000000000033,0.096,0.37000000000000033,0.091
0.18035,0.066659,4.7,0.37000000000000033,0.096,0.37000000000000033,0.09000000000000001
0.1804,0.065646,4.6499999999999995,0.37000000000000033,0.095,0.37000000000000033,0.09000000000000001
0.18045,0.0646795,4.55,0.35999999999999965,0.095,0.35999999999999965,0.09000000000000001
0.18050000000000002,0.063789,4.5,0.35999999999999965,0.095,0.35999999999999965,0.09000000000000001
0.18055000000000002,0.06293499999999999,4.449999999999999,0.35999999999999965,0.094,0.35999999999999965,0.09000000000000001
0.1806,0.062136,4.45,0.35999999999999965,0.094,0.35999999999999965,0.09000000000000001
0.18065,0.0613955,4.3999999999999995,0.35999999999999965,0.094,0.35999999999999965,0.089
0.1807,0.060699499999999997,4.3500000000000005,0.35999999999999965,0.094,0.35999999999999965,0.089
0.18075000000000002,0.0600155,4.300000000000001,0.35999999999999965,0.093,0.35999999999999965,0.089
0.18080000000000002,0.059385499999999994,4.299999999999999,0.35999999999999965,0.093,0.35999999999999965,0.089
0.18085,0.058757,4.25,0.35999999999999965,0.093,0.35999999999999965,0.089
0.1809,0.058185999999999995,4.2,0.35999999999999965,0.093,0.35999999999999965,0.089
0.18095,0.057617499999999995,4.200000000000001,0.35999999999999965,0.092,0.35999999999999965,0.088
0.18100000000000002,0.057061999999999995,4.149999999999999,0.35999999999999965,0.092,0.35999999999999965,0.088
0.18105000000000002,0.056559,4.1499999999999995,0.35999999999999965,0.092,0.35999999999999965,0.088
0.1811,0.05601,4.1,0.35999999999999965,0.092,0.35999999999999965,0.088
0.18115,0.0554895,4.1000000000000005,0.35999999999999965,0.092,0.35999999999999965,0.088
0.1812,0.0549585,4.0,0.35999999999999965,0.091,0.35999999999999965,0.088
0.18125000000000002,0.0543815,4.0,0.35999999999999965,0.091,0.35999999999999965,0.087
0.18130000000000002,0.053759999999999995,3.9499999999999993,0.35999999999999965,0.091,0.35999999999999965,0.087
0.18135,0.053037499999999994,3.950000000000001,0.34000000000000097,0.091,0.34000000000000097,0.087
0.1814,0.052128499999999994,3.9499999999999993,0.34000000000000097,0.09000000000000001,0.0,0.0
0.18145,0.049478999999999995,3.7,0.30000000000000004,0.09000000000000001,0.0,0.0
0.18150000000000002,0.046228,3.55,0.30000000000000004,0.09000000000000001,0.0,0.0
0.18155000000000002,0.042776,3.3499999999999996,0.2799999999999996,0.089,0.0,0.0
0.1816,0.0391875,3.1500000000000004,0.2699999999999998,0.088,0.0,0.0
0.18165,0.035511999999999995,3.0,0.2600000000000009,0.088,0.0,0.0
0.1817,0.0318595,2.8499999999999996,0.2500000000000002,0.086,0.0,0.0
0.18175,0.028226499999999998,2.6000000000000005,0.2500000000000002,0.085,0.0,0.0
0.18180000000000002,0.024693999999999997,2.45,0.22999999999999976,0.083,0.0,0.0
0.18185,0.021256999999999998,2.3000000000000007,0.22999999999999976,0.08,0.0,0.0
0.1819,0.017933499999999998,2.1000000000000005,0.2100000000000002,0.078,0.0,0.0
0.18195,0.014766999999999999,1.8999999999999997,0.2000000000000004,0.074,0.0,0.0
0.182,0.011836,1.7499999999999993,0.18999999999999972,0.06999999999999998,0.0,0.0
0.18205000000000002,0.009075,1.55,0.17000000000000015,0.06499999999999999,0.0,0.0
0.1821,0.00658,1.349999999999999,0.1499999999999997,0.059,0.0,0.0
0.18215,0.004336,1.1499999999999997,0.13000000000000012,0.052,0.0,0.0
0.1822,0.0024405,0.9499999999999986,0.11000000000000053,0.043,0.0,0.0
0.18225,0.0009379999999999999,0.7000000000000004,0.07999999999999939,0.031,0.0,0.0
0.18230000000000002,1.8999999999999998e-05,0.14999999999999963,0.020000000000000677,0.007,0.0,0.0
0.18235,0.0027695,0.45000000000000034,0.36000000000000054,0.037,0.36000000000000054,0.037
0.1824,0.005624,0.5500000000000018,0.3899999999999999,0.056,0.3899999999999999,0.056
0.18245,0.0087575,0.7000000000000004,0.3899999999999999,0.06899999999999999,0.3899999999999999,0.06899999999999999
0.1825,0.012126,0.8500000000000008,0.3899999999999999,0.078,0.3899999999999999,0.078
0.18255000000000002,0.015730499999999998,0.9500000000000004,0.3899999999999999,0.086,0.3899999999999999,0.08600000000000001
0.1826,0.0194835,1.1000000000000008,0.3899999999999999,0.091,0.3899999999999999,0.091
0.18265,0.023299999999999998,1.2499999999999993,0.3899999999999999,0.096,0.3899999999999999,0.096
0.1827,0.027177,1.3999999999999997,0.3899999999999999,0.09899999999999999,0.3899999999999999,0.09899999999999999
0.18275,0.031017,1.55,0.3899999999999999,0.102,0.3899999999999999,0.102
0.18280000000000002,0.0348345,1.7000000000000004,0.3899999999999999,0.104,0.3899999999999999,0.103
0.18285,0.038655499999999995,1.8,0.3899999999999999,0.106,0.3899999999999999,0.104
0.1829,0.042398,1.9500000000000004,0.3899999999999999,0.108,0.3899999999999999,0.104
0.18295,0.0460415,2.1000000000000005,0.3799999999999992,0.10900000000000001,0.3799999999999992,0.104
0.183,0.049592,2.250000000000001,0.3799999999999992,0.11,0.3799999999999992,0.103
0.18305000000000002,0.053037999999999995,2.4000000000000012,0.3799999999999992,0.11,0.3799999999999992,0.103
0.1831,0.056343,2.45,0.3799999999999992,0.111,0.3799999999999992,0.102
0.18315,0.059548,2.6000000000000005,0.3799999999999992,0.111,0.3799999999999992,0.101
0.1832,0.0624855,2.75,0.3799999999999992,0.111,0.3799999999999992,0.101
0.18325,0.065244,2.9000000000000004,0.3799999999999992,0.111,0.3799999999999992,0.1
0.18330000000000002,0.0679065,3.0500000000000007,0.3799999999999992,0.11,0.3799999999999992,0.1
0.18335,0.0704315,3.1499999999999995,0.3799999999999992,0.11,0.3799999999999992,0.09899999999999999
0.1834,0.0727445,3.3,0.3799999999999992,0.10900000000000001,0.3799999999999992,0.09899999999999999
0.18345,0.074748,3.4499999999999993,0.36999999999999944,0.10900000000000001,0.36999999999999944,0.098
0.1835,0.076432,3.5999999999999996,0.36999999999999944,0.108,0.36999999999999944,0.098
0.18355000000000002,0.0781115,3.6999999999999984,0.36999999999999944,0.107,0.36999999999999944,0.097
0.1836,0.079496,3.8499999999999988,0.36999999999999944,0.106,0.36999999999999944,0.097
0.18365,0.08061499999999999,3.9999999999999982,0.36999999999999944,0.10500000000000001,0.36999999999999944,0.096
0.1837,0.081493,4.1,0.36999999999999944,0.10500000000000001,0.36999999999999944,0.096
0.18375,0.0821305,4.25,0.36999999999999944,0.104,0.36999999999999944,0.096
0.18380000000000002,0.082506,4.3500000000000005,0.36999999999999944,0.103,0.36999999999999944,0.095
0.18385,0.0826565,4.500000000000001,0.36999999999999944,0.102,0.36999999999999944,0.095
0.1839,0.08252949999999999,4.6,0.36999999999999944,0.102,0.36999999999999944,0.095
0.18395,0.082161,4.699999999999999,0.36999999999999944,0.101,0.36999999999999944,0.094
0.184,0.08152899999999999,4.799999999999999,0.36999999999999944,0.101,0.36999999999999944,0.094
0.18405000000000002,0.0807075,4.9,0.36999999999999944,0.1,0.36999999999999944,0.094
0.1841,0.0796515,4.999999999999999,0.36999999999999944,0.1,0.36999999999999944,0.093
0.18415,0.07845049999999999,5.050000000000002,0.36999999999999944,0.09899999999999999,0.36999999999999944,0.093
0.1842,0.077094,5.049999999999999,0.36999999999999944,0.09899999999999999,0.36999999999999944,0.093
0.18425,0.0756365,5.050000000000001,0.36999999999999944,0.098,0.36999999999999944,0.092
0.18430000000000002,0.074153,5.05,0.36999999999999944,0.098,0.36999999999999944,0.092
0.18435,0.0726795,4.999999999999999,0.36999999999999944,0.097,0.36999999999999944,0.092
0.1844,0.0712845,4.8999999999999995,0.36999999999999944,0.097,0.36999999999999944,0.092
0.18445,0.0699475,4.8500000000000005,0.36999999999999944,0.097,0.36999999999999944,0.092
0.1845,0.0687125,4.800000000000001,0.36999999999999944,0.096,0.36999999999999944,0.091
0.18455000000000002,0.0675385,4.7,0.36999999999999944,0.096,0.36999999999999944,0.091
0.18460000000000001,0.0664655,4.6499999999999995,0.36999999999999944,0.096,0.36999999999999944,0.091
0.18465,0.065456,4.6000000000000005,0.36999999999999944,0.095,0.36999999999999944,0.091
0.1847,0.0645255,4.55,0.36999999999999944,0.095,0.36999999999999944,0.091
0.18475,0.063634,4.499999999999999,0.36999999999999944,0.095,0.36999999999999944,0.09000000000000001
0.18480000000000002,0.062806,4.45,0.35999999999999965,0.094,0.35999999999999965,0.09000000000000001
0.18485000000000001,0.0620215,4.3999999999999995,0.35999999999999965,0.094,0.35999999999999965,0.09000000000000001
0.1849,0.061294499999999995,4.3500000000000005,0.35999999999999965,0.094,0.35999999999999965,0.09000000000000001
0.18495,0.0605895,4.3,0.35999999999999965,0.094,0.35999999999999965,0.09000000000000001
0.185,0.059921499999999996,4.3,0.35999999999999965,0.093,0.35999999999999965,0.09000000000000001
0.18505000000000002,0.0592785,4.250000000000001,0.35999999999999965,0.093,0.35999999999999965,0.089
0.18510000000000001,0.0586625,4.199999999999999,0.35999999999999965,0.093,0.35999999999999965,0.089
0.18515,0.058074,4.2,0.35999999999999965,0.093,0.35999999999999965,0.089
0.1852,0.057519,4.1499999999999995,0.35999999999999965,0.092,0.35999999999999965,0.089
0.18525,0.0569835,4.1000000000000005,0.35999999999999965,0.092,0.35999999999999965,0.089
0.18530000000000002,0.056459499999999996,4.1,0.35999999999999965,0.092,0.35999999999999965,0.089
0.18535000000000001,0.0559365,4.05,0.35999999999999965,0.092,0.35999999999999965,0.088
0.1854,0.055404499999999995,4.05,0.35999999999999965,0.092,0.35999999999999965,0.088
0.18545,0.0548525,4.05,0.35999999999999965,0.091,0.35999999999999965,0.088
0.1855,0.054277,4.0,0.35999999999999965,0.091,0.35999999999999965,0.088
0.18555000000000002,0.053644,4.000000000000001,0.35999999999999965,0.091,0.35999999999999965,0.088
0.18560000000000001,0.0529015,3.9499999999999997,0.34000000000000097,0.091,0.34000000000000097,0.087
0.18565,0.0516545,3.8499999999999996,0.3200000000000005,0.09000000000000001,0.0,0.0
0.1857,0.048853,3.6999999999999997,0.30000000000000004,0.09000000000000001,0.0,0.0
0.18575,0.0455,3.4999999999999996,0.28999999999999937,0.09000000000000001,0.0,0.0
0.18580000000000002,0.0420455,3.3,0.28000000000000047,0.089,0.0,0.0
0.18585000000000002,0.0384515,3.15,0.2700000000000007,0.088,0.0,0.0
0.1859,0.034761,2.9499999999999997,0.26,0.087,0.0,0.0
0.18595,0.031101999999999998,2.8,0.2500000000000002,0.086,0.0,0.0
0.186,0.0274995,2.6,0.2500000000000002,0.08399999999999999,0.0,0.0
0.18605000000000002,0.0240035,2.4,0.23000000000000065,0.082,0.0,0.0
0.18610000000000002,0.0205325,2.25,0.23000000000000065,0.08,0.0,0.0
0.18615,0.017284499999999998,2.05,0.2099999999999993,0.077,0.0,0.0
0.1862,0.014142499999999999,1.9,0.18999999999999972,0.073,0.0,0.0
0.18625,0.011236,1.7,0.18999999999999972,0.06899999999999999,0.0,0.0
0.18630000000000002,0.0085515,1.5000000000000002,0.17000000000000015,0.064,0.0,0.0
0.18635000000000002,0.0060995,1.3,0.15000000000000058,0.058,0.0,0.0
0.1864,0.003934,1.1,0.12999999999999923,0.05,0.0,0.0
0.18645,0.002092,0.8500000000000001,0.10999999999999964,0.041,0.0,0.0
0.1865,0.0006855,0.6000000000000001,0.07000000000000049,0.028,0.0,0.0
0.18655000000000002,0.000553,0.35000000000000003,0.2699999999999998,0.012,0.2699999999999998,0.012
0.18660000000000002,0.003356,0.44999999999999996,0.36999999999999944,0.041999999999999996,0.36999999999999944,0.041999999999999996
0.18665,0.0062645,0.6000000000000001,0.3899999999999999,0.059,0.3899999999999999,0.059
0.1867,0.0094475,0.7500000000000001,0.3899999999999999,0.07100000000000001,0.3899999999999999,0.07100000000000001
0.18675,0.012841,0.9000000000000001,0.3899999999999999,0.08,0.3899999999999999,0.08
0.18680000000000002,0.016486499999999998,1.0,0.3899999999999999,0.087,0.3899999999999999,0.087
0.18685000000000002,0.020250499999999998,1.1,0.3899999999999999,0.092,0.3899999999999999,0.092
0.1869,0.024097499999999997,1.25,0.3899999999999999,0.096,0.3899999999999999,0.096
0.18695,0.027964,1.4000000000000001,0.3899999999999999,0.1,0.3899999999999999,0.1
0.187,0.031814999999999996,1.55,0.3899999999999999,0.103,0.3899999999999999,0.102
0.18705000000000002,0.035625,1.7,0.3899999999999999,0.10500000000000001,0.3899999999999999,0.103
0.18710000000000002,0.0394355,1.8,0.3899999999999999,0.107,0.3899999999999999,0.104
0.18715,0.043171,1.95,0.3800000000000001,0.108,0.3800000000000001,0.103
0.1872,0.0467915,2.1,0.3800000000000001,0.10900000000000001,0.3800000000000001,0.103
0.18725,0.0503515,2.25,0.3800000000000001,0.11,0.3800000000000001,0.103
0.18730000000000002,0.053753499999999996,2.4,0.3800000000000001,0.111,0.3800000000000001,0.102
0.18735000000000002,0.057046,2.5,0.3800000000000001,0.111,0.3800000000000001,0.101
0.1874,0.0602015,2.65,0.3800000000000001,0.111,0.3800000000000001,0.101
0.18745,0.063069,2.8,0.3800000000000001,0.111,0.3800000000000001,0.1
0.1875,0.06583649999999999,2.9499999999999997,0.3800000000000001,0.111,0.3800000000000001,0.1
0.18755000000000002,0.068452,3.0999999999999996,0.3800000000000001,0.11,0.3800000000000001,0.09899999999999999
0.18760000000000002,0.0709585,3.1999999999999997,0.3800000000000001,0.11,0.3800000000000001,0.09899999999999999
0.18765,0.073194,3.3499999999999996,0.3800000000000001,0.10900000000000001,0.3800000000000001,0.098
0.1877,0.07516149999999999,3.5,0.37000000000000033,0.108,0.37000000000000033,0.098
0.18775,0.07681199999999999,3.5999999999999996,0.37000000000000033,0.108,0.37000000000000033,0.097
0.18780000000000002,0.078446,3.7499999999999996,0.37000000000000033,0.107,0.37000000000000033,0.097
0.18785000000000002,0.0797775,3.8999999999999995,0.37000000000000033,0.106,0.37000000000000033,0.096
0.1879,0.08083649999999999,4.0,0.37000000000000033,0.10500000000000001,0.37000000000000033,0.096
0.18795,0.081679,4.1499999999999995,0.37000000000000033,0.104,0.37000000000000033,0.095
0.188,0.0822465,4.3,0.37000000000000033,0.104,0.37000000000000033,0.095
0.18805000000000002,0.082589,4.3999999999999995,0.37000000000000033,0.103,0.37000000000000033,0.095
0.18810000000000002,0.0826455,4.55,0.37000000000000033,0.102,0.37000000000000033,0.094
0.18815,0.0825045,4.65,0.37000000000000033,0.102,0.37000000000000033,0.094
0.1882,0.08206,4.75,0.37000000000000033,0.101,0.37000000000000033,0.094
0.18825,0.08141799999999999,4.85,0.37000000000000033,0.101,0.37000000000000033,0.093
0.1883,0.08051649999999999,4.95,0.37000000000000033,0.1,0.37000000000000033,0.093
0.18835000000000002,0.07943549999999999,5.0,0.37000000000000033,0.1,0.37000000000000033,0.093
0.1884,0.0781955,5.05,0.37000000000000033,0.09899999999999999,0.37000000000000033,0.093
0.18845,0.0768055,5.1000000000000005,0.37000000000000033,0.09899999999999999,0.37000000000000033,0.092
0.1885,0.0753635,5.1,0.37000000000000033,0.098,0.37000000000000033,0.092
0.18855,0.0738765,5.05,0.37000000000000033,0.098,0.37000000000000033,0.092
0.18860000000000002,0.072402,4.999999999999999,0.37000000000000033,0.097,0.37000000000000033,0.092
0.18865,0.0710205,4.95,0.37000000000000033,0.097,0.37000000000000033,0.091
0.1887,0.0697035,4.85,0.37000000000000033,0.097,0.37000000000000033,0.091
0.18875,0.0684915,4.8,0.37000000000000033,0.096,0.37000000000000033,0.091
0.1888,0.0673395,4.699999999999999,0.37000000000000033,0.096,0.37000000000000033,0.091
0.18885000000000002,0.0662675,4.6499999999999995,0.37000000000000033,0.096,0.37000000000000033,0.091
0.1889,0.06528149999999999,4.6000000000000005,0.37000000000000033,0.095,0.37000000000000033,0.09000000000000001
0.18895,0.064344,4.55,0.37000000000000033,0.095,0.37000000000000033,0.09000000000000001
0.189,0.06347749999999999,4.499999999999999,0.36000000000000054,0.095,0.36000000000000054,0.09000000000000001
0.18905,0.062652,4.449999999999999,0.36000000000000054,0.094,0.36000000000000054,0.09000000000000001
0.18910000000000002,0.061887,4.3999999999999995,0.36000000000000054,0.094,0.36000000000000054,0.09000000000000001
0.18915,0.061148499999999995,4.3500000000000005,0.36000000000000054,0.094,0.36000000000000054,0.089
0.1892,0.060441499999999995,4.3,0.36000000000000054,0.094,0.36000000000000054,0.089
0.18925,0.0597935,4.3,0.36000000000000054,0.093,0.36000000000000054,0.089
0.1893,0.059171499999999995,4.25,0.36000000000000054,0.093,0.36000000000000054,0.089
0.18935000000000002,0.0585645,4.2,0.36000000000000054,0.093,0.36000000000000054,0.089
0.1894,0.0579805,4.199999999999999,0.36000000000000054,0.093,0.36000000000000054,0.089
0.18945,0.057441,4.1499999999999995,0.36000000000000054,0.092,0.36000000000000054,0.089
0.1895,0.056903499999999996,4.15,0.36000000000000054,0.092,0.36000000000000054,0.088
0.18955,0.056358,4.1,0.36000000000000054,0.092,0.36000000000000054,0.088
0.18960000000000002,0.055835499999999996,4.099999999999999,0.36000000000000054,0.092,0.36000000000000054,0.088
0.18965,0.055309,4.049999999999999,0.36000000000000054,0.092,0.36000000000000054,0.088
0.1897,0.0547645,4.05,0.36000000000000054,0.091,0.36000000000000054,0.088
0.18975,0.054159,4.0,0.36000000000000054,0.091,0.36000000000000054,0.088
0.1898,0.053493,4.0,0.34999999999999987,0.091,0.34999999999999987,0.087
0.18985000000000002,0.052725499999999995,4.0,0.3399999999999992,0.091,0.3399999999999992,0.087
0.1899,0.051136999999999995,3.8000000000000007,0.3199999999999996,0.09000000000000001,0.0,0.0
0.18995,0.048201,3.6500000000000004,0.30000000000000004,0.09000000000000001,0.0,0.0
0.19,0.0447765,3.500000000000001,0.28000000000000047,0.089,0.0,0.0
0.19005,0.0413245,3.25,0.28000000000000047,0.089,0.0,0.0
0.19010000000000002,0.0376955,3.1000000000000005,0.2699999999999998,0.088,0.0,0.0
0.19015,0.0340085,2.9499999999999993,0.2599999999999991,0.087,0.0,0.0
0.1902,0.0303445,2.700000000000001,0.24999999999999933,0.086,0.0,0.0
0.19025,0.026761,2.5500000000000007,0.23999999999999955,0.08399999999999999,0.0,0.0
0.1903,0.023299999999999998,2.4000000000000012,0.22999999999999976,0.082,0.0,0.0
0.19035000000000002,0.0198165,2.200000000000001,0.21999999999999997,0.079,0.0,0.0
0.1904,0.016621999999999998,2.0,0.2100000000000002,0.076,0.0,0.0
0.19045,0.013554499999999999,1.8500000000000008,0.18999999999999972,0.07200000000000001,0.0,0.0
0.1905,0.010643999999999999,1.7000000000000004,0.17999999999999994,0.068,0.0,0.0
0.19055,0.008017999999999999,1.4500000000000004,0.17000000000000015,0.063,0.0,0.0
0.19060000000000002,0.0056194999999999995,1.3,0.15000000000000058,0.056,0.0,0.0
0.19065000000000001,0.003525,1.0499999999999983,0.13000000000000012,0.049,0.0,0.0
0.1907,0.0017749999999999999,0.8,0.09999999999999985,0.039,0.0,0.0
0.19075,0.0004675,0.5500000000000018,0.059999999999999824,0.024,0.0,0.0
0.1908,0.0012005,0.39999999999999963,0.3199999999999996,0.020999999999999998,0.3199999999999996,0.020999999999999998
0.19085000000000002,0.0039425,0.5000000000000011,0.37000000000000033,0.046,0.37000000000000033,0.046
0.19090000000000001,0.006895,0.6500000000000015,0.3899999999999999,0.062,0.3899999999999999,0.062
0.19095,0.0101325,0.7499999999999993,0.3899999999999999,0.073,0.3899999999999999,0.073
0.191,0.0135815,0.9000000000000015,0.3899999999999999,0.082,0.3899999999999999,0.082
0.19105,0.017279,0.9999999999999993,0.3899999999999999,0.088,0.3899999999999999,0.088
0.19110000000000002,0.021082,1.1499999999999997,0.3899999999999999,0.093,0.3899999999999999,0.093
0.19115000000000001,0.024912999999999998,1.3,0.3899999999999999,0.097,0.3899999999999999,0.097
0.1912,0.028777499999999998,1.4500000000000004,0.3899999999999999,0.1,0.3899999999999999,0.1
0.19125,0.032618,1.6000000000000008,0.3899999999999999,0.103,0.3899999999999999,0.102
0.1913,0.0364345,1.7000000000000004,0.3899999999999999,0.10500000000000001,0.3899999999999999,0.103
0.19135000000000002,0.040232,1.8500000000000025,0.3899999999999999,0.107,0.3899999999999999,0.103
0.19140000000000001,0.043913,2.000000000000001,0.3800000000000001,0.108,0.3800000000000001,0.103
0.19145,0.047542,2.1500000000000012,0.3800000000000001,0.10900000000000001,0.3800000000000001,0.102
0.1915,0.0510765,2.3000000000000007,0.3800000000000001,0.11,0.3800000000000001,0.102
0.19155,0.054442,2.45,0.3800000000000001,0.111,0.3800000000000001,0.101
0.19160000000000002,0.057712,2.55,0.3800000000000001,0.111,0.3800000000000001,0.101
0.19165000000000001,0.0608205,2.7,0.3800000000000001,0.111,0.3800000000000001,0.1
0.1917,0.063647,2.8499999999999996,0.3800000000000001,0.111,0.3800000000000001,0.1
0.19175,0.0664025,3.000000000000001,0.3800000000000001,0.111,0.3800000000000001,0.09899999999999999
0.1918,0.0689935,3.0999999999999996,0.3800000000000001,0.11,0.3800000000000001,0.09899999999999999
0.19185000000000002,0.071453,3.25,0.3800000000000001,0.11,0.3800000000000001,0.098
0.19190000000000002,0.073613,3.3999999999999995,0.3800000000000001,0.10900000000000001,0.3800000000000001,0.098
0.19195,0.0755045,3.55,0.37000000000000033,0.108,0.37000000000000033,0.097
0.192,0.077166,3.6499999999999986,0.37000000000000033,0.107,0.37000000000000033,0.097
0.19205,0.0787385,3.799999999999999,0.37000000000000033,0.107,0.37000000000000033,0.096
0.19210000000000002,0.0800425,3.9499999999999993,0.37000000000000033,0.106,0.37000000000000033,0.096
0.19215000000000002,0.08101599999999999,4.05,0.37000000000000033,0.10500000000000001,0.37000000000000033,0.095
0.1922,0.081817,4.2,0.37000000000000033,0.104,0.37000000000000033,0.095
0.19225,0.082326,4.35,0.37000000000000033,0.104,0.37000000000000033,0.095
0.1923,0.082646,4.450000000000001,0.37000000000000033,0.103,0.37000000000000033,0.094
0.19235000000000002,0.08265349999999999,4.55,0.37000000000000033,0.102,0.37000000000000033,0.094
0.19240000000000002,0.08244399999999999,4.7,0.37000000000000033,0.102,0.37000000000000033,0.094
0.19245,0.08194699999999999,4.799999999999999,0.37000000000000033,0.101,0.37000000000000033,0.093
0.1925,0.08125299999999999,4.899999999999999,0.37000000000000033,0.1,0.37000000000000033,0.093
0.19255,0.0803045,5.0,0.37000000000000033,0.1,0.37000000000000033,0.093
0.19260000000000002,0.079203,5.05,0.37000000000000033,0.09899999999999999,0.37000000000000033,0.092
0.19265000000000002,0.0779175,5.099999999999999,0.37000000000000033,0.09899999999999999,0.37000000000000033,0.092
0.1927,0.0765225,5.1,0.37000000000000033,0.09899999999999999,0.37000000000000033,0.092
0.19275,0.075052,5.1,0.37000000000000033,0.098,0.37000000000000033,0.092
0.1928,0.0735675,5.050000000000001,0.37000000000000033,0.098,0.37000000000000033,0.091
0.19285000000000002,0.0721115,4.999999999999999,0.37000000000000033,0.097,0.37000000000000033,0.091
0.19290000000000002,0.07073349999999999,4.95,0.37000000000000033,0.097,0.37000000000000033,0.091
0.19295,0.0694455,4.799999999999998,0.37000000000000033,0.097,0.37000000000000033,0.091
0.193,0.06824949999999999,4.75,0.37000000000000033,0.096,0.37000000000000033,0.091
0.19305,0.0671235,4.6499999999999995,0.37000000000000033,0.096,0.37000000000000033,0.09000000000000001
0.19310000000000002,0.06607099999999999,4.6000000000000005,0.37000000000000033,0.095,0.37000000000000033,0.09000000000000001
0.19315000000000002,0.065085,4.55,0.37000000000000033,0.095,0.37000000000000033,0.09000000000000001
0.1932,0.0641685,4.500000000000001,0.35999999999999965,0.095,0.35999999999999965,0.09000000000000001
0.19325,0.063317,4.449999999999999,0.35999999999999965,0.095,0.35999999999999965,0.09000000000000001
0.1933,0.062481499999999995,4.3999999999999995,0.35999999999999965,0.094,0.35999999999999965,0.089
0.19335000000000002,0.0617285,4.35,0.35999999999999965,0.094,0.35999999999999965,0.089
0.19340000000000002,0.0610015,4.3,0.35999999999999965,0.094,0.35999999999999965,0.089
0.19345,0.060308,4.3,0.35999999999999965,0.093,0.35999999999999965,0.089
0.1935,0.0596485,4.25,0.35999999999999965,0.093,0.35999999999999965,0.089
0.19355,0.059038999999999994,4.2,0.35999999999999965,0.093,0.35999999999999965,0.089
0.19360000000000002,0.05844,4.199999999999999,0.35999999999999965,0.093,0.35999999999999965,0.089
0.19365000000000002,0.057874999999999996,4.15,0.35999999999999965,0.093,0.35999999999999965,0.088
0.1937,0.057319499999999995,4.1499999999999995,0.35999999999999965,0.092,0.35999999999999965,0.088
0.19375,0.056769,4.1,0.35999999999999965,0.092,0.35999999999999965,0.088
0.1938,0.056262,4.1,0.35999999999999965,0.092,0.35999999999999965,0.088
0.19385000000000002,0.0557395,4.05,0.35999999999999965,0.092,0.35999999999999965,0.088
0.19390000000000002,0.0552045,4.05,0.35999999999999965,0.091,0.35999999999999965,0.088
0.19395,0.054639,3.9999999999999996,0.35999999999999965,0.091,0.35999999999999965,0.087
0.194,0.054028,4.0,0.35999999999999965,0.091,0.35999999999999965,0.087
0.19405,0.053366,3.9499999999999997,0.3400000000000001,0.091,0.3400000000000001,0.087
0.19410000000000002,0.052598,3.9499999999999997,0.3400000000000001,0.091,0.3400000000000001,0.08600000000000001
0.19415000000000002,0.050589999999999996,3.8,0.3199999999999996,0.09000000000000001,0.0,0.0
0.1942,0.0475385,3.5999999999999996,0.30000000000000004,0.09000000000000001,0.0,0.0
0.19425,0.0440845,3.4,0.2799999999999996,0.089,0.0,0.0
0.1943,0.040579,3.25,0.2799999999999996,0.089,0.0,0.0
0.19435000000000002,0.0369395,3.05,0.2699999999999998,0.088,0.0,0.0
0.19440000000000002,0.033257999999999996,2.9,0.26,0.087,0.0,0.0
0.19445,0.029620499999999998,2.7,0.2500000000000002,0.085,0.0,0.0
0.1945,0.026026499999999998,2.5,0.24000000000000044,0.08399999999999999,0.0,0.0
0.19455,0.022577,2.35,0.22999999999999976,0.081,0.0,0.0
0.19460000000000002,0.0191505,2.2,0.21000000000000107,0.079,0.0,0.0
0.19465000000000002,0.015964,1.95,0.21000000000000107,0.075,0.0,0.0
0.1947,0.0129485,1.8,0.18999999999999972,0.07200000000000001,0.0,0.0
0.19475,0.010059499999999999,1.65,0.17999999999999994,0.067,0.0,0.0
0.1948,0.0074979999999999995,1.4000000000000001,0.15999999999999948,0.061,0.0,0.0
0.19485000000000002,0.0051515,1.2500000000000002,0.1399999999999999,0.055,0.0,0.0
0.19490000000000002,0.00313,1.0,0.12000000000000031,0.047,0.0,0.0
0.19495,0.0014535,0.75,0.09000000000000007,0.036000000000000004,0.0,0.0
0.195,0.0002585,0.39999999999999997,0.05000000000000004,0.02,0.0,0.0
0.19505,0.001779,0.39999999999999997,0.3400000000000001,0.027,0.3400000000000001,0.027
0.1951,0.0045309999999999994,0.5,0.37000000000000033,0.05,0.37000000000000033,0.05
0.19515000000000002,0.007548,0.6500000000000001,0.3899999999999999,0.064,0.3899999999999999,0.064
0.1952,0.010844,0.8,0.3899999999999999,0.075,0.3899999999999999,0.075
0.19525,0.014336999999999999,0.9,0.3899999999999999,0.083,0.3899999999999999,0.083
0.1953,0.0180605,1.05,0.3899999999999999,0.089,0.3899999999999999,0.089
0.19535,0.0218755,1.2,0.3899999999999999,0.094,0.3899999999999999,0.094
0.19540000000000002,0.025713,1.35,0.3899999999999999,0.098,0.3899999999999999,0.098
0.19545,0.029568499999999998,1.5,0.3899999999999999,0.101,0.3899999999999999,0.101
0.1955,0.0334075,1.6500000000000001,0.3899999999999999,0.104,0.3899999999999999,0.103
0.19555,0.0372085,1.75,0.3899999999999999,0.106,0.3899999999999999,0.104
0.1956,0.0410025,1.85,0.3899999999999999,0.107,0.3899999999999999,0.104
0.19565000000000002,0.0446675,2.0,0.3799999999999992,0.108,0.3799999999999992,0.104
0.1957,0.048278999999999996,2.15,0.3799999999999992,0.10900000000000001,0.3799999999999992,0.103
0.19575,0.051788499999999994,2.3,0.3799999999999992,0.11,0.3799999999999992,0.103
0.1958,0.055116,2.4499999999999997,0.3799999999999992,0.111,0.3799999999999992,0.102
0.19585,0.058384,2.55,0.3799999999999992,0.111,0.3799999999999992,0.101
0.19590000000000002,0.0614305,2.6999999999999997,0.3799999999999992,0.111,0.3799999999999992,0.101
0.19595,0.06422,2.8499999999999996,0.3799999999999992,0.111,0.3799999999999992,0.1
0.196,0.0669645,3.0,0.3799999999999992,0.111,0.3799999999999992,0.1
0.19605,0.0695165,3.1,0.3799999999999992,0.11,0.3799999999999992,0.09899999999999999
0.1961,0.07192749999999999,3.25,0.3799999999999992,0.11,0.3799999999999992,0.09899999999999999
0.19615000000000002,0.07404949999999999,3.4,0.3799999999999992,0.10900000000000001,0.3799999999999992,0.098
0.1962,0.07585599999999999,3.55,0.36999999999999944,0.108,0.36999999999999944,0.098
0.19625,0.077529,3.6499999999999995,0.36999999999999944,0.107,0.36999999999999944,0.097
0.1963,0.07905899999999999,3.8,0.36999999999999944,0.106,0.36999999999999944,0.097
0.19635,0.0802725,3.95,0.36999999999999944,0.106,0.36999999999999944,0.096
0.19640000000000002,0.0812495,4.05,0.36999999999999944,0.10500000000000001,0.36999999999999944,0.096
0.19645,0.0819555,4.2,0.36999999999999944,0.104,0.36999999999999944,0.096
0.1965,0.082439,4.3,0.36999999999999944,0.103,0.36999999999999944,0.095
0.19655,0.082691,4.45,0.36999999999999944,0.103,0.36999999999999944,0.095
0.1966,0.0826425,4.550000000000001,0.36999999999999944,0.102,0.36999999999999944,0.095
0.19665000000000002,0.0823595,4.7,0.36999999999999944,0.101,0.36999999999999944,0.094
0.1967,0.0818425,4.8,0.36999999999999944,0.101,0.36999999999999944,0.094
0.19675,0.081069,4.8999999999999995,0.36999999999999944,0.1,0.36999999999999944,0.094
0.1968,0.08012799999999999,4.95,0.36999999999999944,0.1,0.36999999999999944,0.093
0.19685,0.078969,4.999999999999999,0.36999999999999944,0.09899999999999999,0.36999999999999944,0.093
0.19690000000000002,0.07767249999999999,5.05,0.36999999999999944,0.09899999999999999,0.36999999999999944,0.093
0.19695000000000001,0.07624399999999999,5.1,0.36999999999999944,0.098,0.36999999999999944,0.092
0.197,0.074779,5.05,0.36999999999999944,0.098,0.36999999999999944,0.092
0.19705,0.073297,5.0,0.36999999999999944,0.098,0.36999999999999944,0.092
0.1971,0.071869,4.949999999999999,0.36999999999999944,0.097,0.36999999999999944,0.092
0.19715000000000002,0.070487,4.8999999999999995,0.36999999999999944,0.097,0.36999999999999944,0.092
0.19720000000000001,0.0692245,4.8,0.36999999999999944,0.096,0.36999999999999944,0.091
0.19725,0.06802949999999999,4.749999999999999,0.36999999999999944,0.096,0.36999999999999944,0.091
0.1973,0.0669255,4.699999999999999,0.36999999999999944,0.096,0.36999999999999944,0.091
0.19735,0.0658885,4.6000000000000005,0.36999999999999944,0.095,0.36999999999999944,0.091
0.19740000000000002,0.064913,4.55,0.36999999999999944,0.095,0.36999999999999944,0.091
0.19745000000000001,0.0640245,4.500000000000001,0.36999999999999944,0.095,0.36999999999999944,0.09000000000000001
0.1975,0.063162,4.45,0.35999999999999965,0.095,0.35999999999999965,0.09000000000000001
0.19755,0.062363999999999996,4.3999999999999995,0.35999999999999965,0.094,0.35999999999999965,0.09000000000000001
0.1976,0.061586999999999996,4.349999999999999,0.35999999999999965,0.094,0.35999999999999965,0.09000000000000001
0.19765000000000002,0.060875,4.35,0.35999999999999965,0.094,0.35999999999999965,0.09000000000000001
0.19770000000000001,0.060196,4.299999999999998,0.35999999999999965,0.093,0.35999999999999965,0.089
0.19775,0.0595655,4.25,0.35999999999999965,0.093,0.35999999999999965,0.089
0.1978,0.058929499999999996,4.249999999999999,0.35999999999999965,0.093,0.35999999999999965,0.089
0.19785,0.0583345,4.199999999999999,0.35999999999999965,0.093,0.35999999999999965,0.089
0.19790000000000002,0.057782,4.15,0.35999999999999965,0.093,0.35999999999999965,0.089
0.19795000000000001,0.057234999999999994,4.15,0.35999999999999965,0.092,0.35999999999999965,0.089
0.198,0.056693,4.1000000000000005,0.35999999999999965,0.092,0.35999999999999965,0.089
0.19805,0.0561715,4.099999999999999,0.35999999999999965,0.092,0.35999999999999965,0.088
0.1981,0.055641499999999997,4.050000000000002,0.35999999999999965,0.092,0.35999999999999965,0.088
0.19815000000000002,0.0550945,4.05,0.35999999999999965,0.091,0.35999999999999965,0.088
0.19820000000000002,0.054537499999999996,4.0,0.35999999999999965,0.091,0.35999999999999965,0.088
0.19825,0.0539245,3.9999999999999982,0.35999999999999965,0.091,0.35999999999999965,0.088
0.1983,0.053201,4.000000000000001,0.34000000000000097,0.091,0.34000000000000097,0.087
0.19835,0.0524185,3.9499999999999993,0.34000000000000097,0.09000000000000001,0.34000000000000097,0.087
0.19840000000000002,0.050008,3.750000000000001,0.30000000000000004,0.09000000000000001,0.0,0.0
0.19845000000000002,0.046836499999999996,3.6000000000000005,0.30000000000000004,0.09000000000000001,0.0,0.0
0.1985,0.043385,3.3499999999999996,0.2799999999999987,0.089,0.0,0.0
0.19855,0.0398305,3.1999999999999993,0.2799999999999987,0.089,0.0,0.0
0.1986,0.036171999999999996,3.05,0.2699999999999998,0.088,0.0,0.0
0.19865000000000002,0.03249,2.8499999999999996,0.2600000000000009,0.087,0.0,0.0
0.19870000000000002,0.0288695,2.6500000000000012,0.2500000000000002,0.085,0.0,0.0
0.19875,0.0253145,2.500000000000001,0.23000000000000065,0.083,0.0,0.0
0.1988,0.021863,2.3000000000000007,0.23000000000000065,0.081,0.0,0.0
0.19885,0.0184825,2.1500000000000012,0.2099999999999993,0.078,0.0,0.0
0.19890000000000002,0.0153245,1.9500000000000004,0.2099999999999993,0.075,0.0,0.0
0.19895000000000002,0.012346,1.7499999999999993,0.18999999999999972,0.07100000000000001,0.0,0.0
0.199,0.009528499999999999,1.55,0.17000000000000015,0.066,0.0,0.0
0.19905,0.00699,1.3999999999999997,0.16000000000000036,0.060000000000000005,0.0,0.0
0.1991,0.004697499999999999,1.1499999999999997,0.1399999999999999,0.053,0.0,0.0
0.19915000000000002,0.0027524999999999997,0.9999999999999993,0.11999999999999943,0.045000000000000005,0.0,0.0
0.19920000000000002,0.0011615,0.7499999999999993,0.09000000000000007,0.034,0.0,0.0
0.19925,0.0001085,0.3499999999999989,0.03999999999999936,0.014,0.0,0.0
0.1993,0.002342,0.44999999999999857,0.35000000000000075,0.033,0.35000000000000075,0.033
0.19935,0.0051385,0.5500000000000018,0.3899999999999999,0.053,0.3899999999999999,0.053
0.19940000000000002,0.0082185,0.7000000000000004,0.3899999999999999,0.067,0.3899999999999999,0.067
0.19945000000000002,0.011540499999999999,0.8500000000000008,0.3899999999999999,0.077,0.3899999999999999,0.077
0.1995,0.015094499999999999,0.8999999999999997,0.3899999999999999,0.08399999999999999,0.3899999999999999,0.08399999999999999
0.19955,0.01885,1.05,0.3899999999999999,0.09000000000000001,0.3899999999999999,0.09000000000000001
0.1996,0.0226695,1.2000000000000004,0.3899999999999999,0.095,0.3899999999999999,0.095
0.19965000000000002,0.0265325,1.3500000000000008,0.3899999999999999,0.09899999999999999,0.3899999999999999,0.09899999999999999
0.19970000000000002,0.030390999999999998,1.4999999999999993,0.3899999999999999,0.102,0.3899999999999999,0.102
0.19975,0.0342205,1.6499999999999997,0.3899999999999999,0.104,0.3899999999999999,0.103
0.1998,0.038041,1.750000000000001,0.3899999999999999,0.106,0.3899999999999999,0.103
0.19985,0.041798999999999996,1.9000000000000015,0.3800000000000001,0.108,0.3800000000000001,0.103
0.19990000000000002,0.045453,2.0500000000000007,0.3800000000000001,0.10900000000000001,0.3800000000000001,0.103
0.19995000000000002,0.049042499999999996,2.200000000000001,0.3800000000000001,0.11,0.3800000000000001,0.103
0.2,0.052510999999999995,2.3500000000000014,0.3800000000000001,0.11,0.3800000000000001,0.102
0.20005,0.055832,2.45,0.3800000000000001,0.111,0.3800000000000001,0.101
0.2001,0.059039499999999995,2.6000000000000005,0.3800000000000001,0.111,0.3800000000000001,0.101
0.20015000000000002,0.062058499999999996,2.75,0.3800000000000001,0.111,0.3800000000000001,0.1
0.20020000000000002,0.06479599999999999,2.9000000000000004,0.3800000000000001,0.111,0.3800000000000001,0.1
0.20025,0.067507,3.0500000000000007,0.3800000000000001,0.11,0.3800000000000001,0.09899999999999999
0.2003,0.070052,3.1499999999999995,0.3800000000000001,0.11,0.3800000000000001,0.09899999999999999
0.20035,0.07239999999999999,3.3,0.3800000000000001,0.10900000000000001,0.3800000000000001,0.098
0.20040000000000002,0.0744485,3.4499999999999993,0.37000000000000033,0.10900000000000001,0.37000000000000033,0.098
0.20045000000000002,0.0762215,3.5999999999999996,0.37000000000000033,0.108,0.37000000000000033,0.097
0.2005,0.0778835,3.6999999999999984,0.37000000000000033,0.107,0.37000000000000033,0.097
0.20055,0.0793185,3.8499999999999988,0.37000000000000033,0.106,0.37000000000000033,0.096
0.2006,0.08048899999999999,3.9999999999999982,0.37000000000000033,0.106,0.37000000000000033,0.096
0.20065000000000002,0.0814405,4.1,0.37000000000000033,0.10500000000000001,0.37000000000000033,0.095
0.20070000000000002,0.082116,4.25,0.37000000000000033,0.104,0.37000000000000033,0.095
0.20075,0.0825185,4.3500000000000005,0.37000000000000033,0.103,0.37000000000000033,0.095
0.2008,0.0826875,4.500000000000001,0.37000000000000033,0.103,0.37000000000000033,0.094
0.20085,0.08262749999999999,4.6,0.37000000000000033,0.102,0.37000000000000033,0.094
0.20090000000000002,0.0822845,4.699999999999999,0.37000000000000033,0.101,0.37000000000000033,0.094
0.20095000000000002,0.0817165,4.85,0.37000000000000033,0.101,0.37000000000000033,0.093
0.201,0.080914,4.9,0.37000000000000033,0.1,0.37000000000000033,0.093
0.20105,0.079912,4.999999999999999,0.37000000000000033,0.1,0.37000000000000033,0.093
0.2011,0.0787075,5.050000000000002,0.37000000000000033,0.09899999999999999,0.37000000000000033,0.093
0.20115000000000002,0.0773985,5.1,0.37000000000000033,0.09899999999999999,0.37000000000000033,0.092
0.20120000000000002,0.0759595,5.1,0.37000000000000033,0.098,0.37000000000000033,0.092
0.20125,0.0744895,5.05,0.37000000000000033,0.098,0.37000000000000033,0.092
0.2013,0.072989,5.05,0.37000000000000033,0.098,0.37000000000000033,0.092
0.20135,0.0715775,4.95,0.37000000000000033,0.097,0.37000000000000033,0.091
0.20140000000000002,0.07024899999999999,4.900000000000001,0.37000000000000033,0.097,0.37000000000000033,0.091
0.20145000000000002,0.0689785,4.800000000000001,0.37000000000000033,0.096,0.37000000000000033,0.091
0.2015,0.067817,4.749999999999999,0.37000000000000033,0.096,0.37000000000000033,0.091
0.20155,0.0667,4.699999999999999,0.37000000000000033,0.096,0.37000000000000033,0.091
0.2016,0.065689,4.6000000000000005,0.37000000000000033,0.095,0.37000000000000033,0.09000000000000001
0.20165,0.064724,4.55,0.36000000000000054,0.095,0.36000000000000054,0.09000000000000001
0.20170000000000002,0.0638305,4.499999999999999,0.36000000000000054,0.095,0.36000000000000054,0.09000000000000001
0.20175,0.0629875,4.45,0.36000000000000054,0.094,0.36000000000000054,0.09000000000000001
0.2018,0.062195999999999994,4.3999999999999995,0.36000000000000054,0.094,0.36000000000000054,0.09000000000000001
0.20185,0.061441499999999996,4.3999999999999995,0.36000000000000054,0.094,0.36000000000000054,0.089
0.2019,0.060746499999999995,4.35,0.36000000000000054,0.094,0.36000000000000054,0.089
0.20195000000000002,0.06007,4.3,0.36000000000000054,0.093,0.36000000000000054,0.089
0.202,0.059433,4.250000000000001,0.36000000000000054,0.093,0.36000000000000054,0.089
0.20205,0.058811499999999996,4.25,0.36000000000000054,0.093,0.36000000000000054,0.089
0.2021,0.058222499999999996,4.2,0.36000000000000054,0.093,0.36000000000000054,0.089
0.20215,0.057666499999999996,4.199999999999999,0.36000000000000054,0.092,0.36000000000000054,0.089
0.20220000000000002,0.057118499999999996,4.15,0.36000000000000054,0.092,0.36000000000000054,0.088
0.20225,0.056589499999999994,4.1499999999999995,0.36000000000000054,0.092,0.36000000000000054,0.088
0.2023,0.056057499999999996,4.1,0.36000000000000054,0.092,0.36000000000000054,0.088
0.20235,0.055543999999999996,4.1,0.36000000000000054,0.092,0.36000000000000054,0.088
0.2024,0.055002499999999996,4.05,0.36000000000000054,0.091,0.36000000000000054,0.088
0.20245000000000002,0.054419499999999996,4.05,0.36000000000000054,0.091,0.36000000000000054,0.088
0.2025,0.0537755,3.95,0.36000000000000054,0.091,0.36000000000000054,0.087
0.20255,0.053058999999999995,3.95,0.3399999999999992,0.091,0.3399999999999992,0.087
0.2026,0.052092,3.9499999999999997,0.3299999999999994,0.09000000000000001,0.0,0.0
0.20265,0.049408,3.6999999999999997,0.30000000000000004,0.09000000000000001,0.0,0.0
0.20270000000000002,0.0461195,3.5499999999999994,0.30000000000000004,0.09000000000000001,0.0,0.0
0.20275,0.0426765,3.3499999999999996,0.28000000000000047,0.089,0.0,0.0
0.2028,0.039085999999999996,3.15,0.2699999999999998,0.088,0.0,0.0
0.20285,0.0354035,2.9999999999999996,0.2599999999999991,0.088,0.0,0.0
0.2029,0.031745999999999996,2.8499999999999996,0.24999999999999933,0.086,0.0,0.0
0.20295000000000002,0.028111999999999998,2.6,0.24999999999999933,0.085,0.0,0.0
0.203,0.0245985,2.4499999999999997,0.22999999999999976,0.083,0.0,0.0
0.20305,0.021145999999999998,2.3,0.22999999999999976,0.08,0.0,0.0
0.2031,0.017822499999999998,2.05,0.2099999999999993,0.077,0.0,0.0
0.20315,0.0146725,1.9,0.1999999999999995,0.074,0.0,0.0
0.20320000000000002,0.011741999999999999,1.75,0.1900000000000006,0.06999999999999998,0.0,0.0
0.20325000000000001,0.008983,1.5000000000000002,0.16999999999999926,0.06499999999999999,0.0,0.0
0.2033,0.006503,1.35,0.15000000000000058,0.059,0.0,0.0
0.20335,0.004275,1.1500000000000001,0.13000000000000012,0.052,0.0,0.0
0.2034,0.0023829999999999997,0.9500000000000002,0.11000000000000053,0.043,0.0,0.0
0.20345000000000002,0.000892,0.7000000000000001,0.08000000000000117,0.031,0.0,0.0
0.20350000000000001,6e-06,0.09999999999999999,0.01999999999999979,0.004,0.01999999999999979,0.004
0.20355,0.0028924999999999997,0.44999999999999996,0.35999999999999965,0.038,0.35999999999999965,0.038
0.2036,0.005748,0.6000000000000001,0.389999999999999,0.056,0.389999999999999,0.056
0.20365,0.008895,0.7000000000000001,0.389999999999999,0.06899999999999999,0.389999999999999,0.06899999999999999
0.20370000000000002,0.0122715,0.8500000000000001,0.389999999999999,0.079,0.389999999999999,0.079
0.20375000000000001,0.0158825,0.9500000000000001,0.389999999999999,0.086,0.389999999999999,0.08600000000000001
0.2038,0.0196465,1.1,0.389999999999999,0.091,0.389999999999999,0.091
0.20385,0.0234705,1.25,0.389999999999999,0.096,0.389999999999999,0.096
0.2039,0.027344499999999997,1.4000000000000001,0.389999999999999,0.09899999999999999,0.389999999999999,0.09899999999999999
0.20395000000000002,0.031191499999999997,1.55,0.389999999999999,0.102,0.389999999999999,0.102
0.20400000000000001,0.035012499999999995,1.7,0.389999999999999,0.104,0.389999999999999,0.103
0.20405,0.038836999999999997,1.8,0.389999999999999,0.106,0.389999999999999,0.103
0.2041,0.042582999999999996,1.95,0.389999999999999,0.108,0.389999999999999,0.103
0.20415,0.046203,2.1,0.3800000000000001,0.10900000000000001,0.3800000000000001,0.103
0.20420000000000002,0.049764499999999996,2.25,0.3800000000000001,0.11,0.3800000000000001,0.102
0.20425000000000001,0.053191499999999996,2.4,0.3800000000000001,0.11,0.3800000000000001,0.101
0.2043,0.056509,2.5,0.3800000000000001,0.111,0.3800000000000001,0.101
0.20435,0.059699499999999996,2.65,0.3800000000000001,0.111,0.3800000000000001,0.1
0.2044,0.06263099999999999,2.8,0.3800000000000001,0.111,0.3800000000000001,0.1
0.20445000000000002,0.0653855,2.9499999999999997,0.3800000000000001,0.111,0.3800000000000001,0.09899999999999999
0.20450000000000002,0.0680475,3.0999999999999996,0.3800000000000001,0.11,0.3800000000000001,0.09899999999999999
0.20455,0.07056649999999999,3.1999999999999997,0.3800000000000001,0.11,0.3800000000000001,0.098
0.2046,0.072852,3.3499999999999996,0.3800000000000001,0.10900000000000001,0.3800000000000001,0.098
0.20465,0.074858,3.5,0.36999999999999944,0.10900000000000001,0.36999999999999944,0.097
0.20470000000000002,0.0765435,3.5999999999999996,0.36999999999999944,0.108,0.36999999999999944,0.097
0.20475000000000002,0.078207,3.6999999999999997,0.36999999999999944,0.107,0.36999999999999944,0.096
0.2048,0.079597,3.8499999999999996,0.36999999999999944,0.106,0.36999999999999944,0.096
0.20485,0.080681,4.0,0.36999999999999944,0.10500000000000001,0.36999999999999944,0.095
0.2049,0.0815805,4.1,0.36999999999999944,0.10500000000000001,0.36999999999999944,0.095
0.20495000000000002,0.0822035,4.25,0.36999999999999944,0.104,0.36999999999999944,0.095
0.20500000000000002,0.082591,4.35,0.36999999999999944,0.103,0.36999999999999944,0.094
0.20505,0.082691,4.5,0.36999999999999944,0.102,0.36999999999999944,0.094
0.2051,0.082573,4.6,0.36999999999999944,0.102,0.36999999999999944,0.094
0.20515,0.0822075,4.699999999999999,0.36999999999999944,0.101,0.36999999999999944,0.093
0.20520000000000002,0.0815605,4.8,0.36999999999999944,0.101,0.36999999999999944,0.093
0.20525000000000002,0.0807325,4.8999999999999995,0.36999999999999944,0.1,0.36999999999999944,0.093
0.2053,0.07968,5.0,0.36999999999999944,0.1,0.36999999999999944,0.092
0.20535,0.07847549999999999,5.049999999999999,0.36999999999999944,0.09899999999999999,0.36999999999999944,0.092
0.2054,0.0771205,5.05,0.36999999999999944,0.09899999999999999,0.36999999999999944,0.092
0.20545000000000002,0.07566149999999999,5.05,0.36999999999999944,0.098,0.36999999999999944,0.092
0.20550000000000002,0.07417699999999999,5.05,0.36999999999999944,0.098,0.36999999999999944,0.091
0.20555,0.0727105,5.0,0.36999999999999944,0.097,0.36999999999999944,0.091
0.2056,0.07130449999999999,4.9,0.36999999999999944,0.097,0.36999999999999944,0.091
0.20565,0.06995599999999999,4.8500000000000005,0.36999999999999944,0.097,0.36999999999999944,0.091
0.20570000000000002,0.0687295,4.75,0.36999999999999944,0.096,0.36999999999999944,0.091
0.20575000000000002,0.067576,4.7,0.36999999999999944,0.096,0.36999999999999944,0.09000000000000001
0.2058,0.0664915,4.6499999999999995,0.36999999999999944,0.096,0.36999999999999944,0.09000000000000001
0.20585,0.065481,4.6000000000000005,0.36999999999999944,0.095,0.36999999999999944,0.09000000000000001
0.2059,0.0645555,4.499999999999999,0.36999999999999944,0.095,0.36999999999999944,0.09000000000000001
0.20595000000000002,0.063663,4.45,0.35999999999999965,0.095,0.35999999999999965,0.09000000000000001
0.20600000000000002,0.06282599999999999,4.449999999999999,0.35999999999999965,0.094,0.35999999999999965,0.089
0.20605,0.062036499999999994,4.3999999999999995,0.35999999999999965,0.094,0.35999999999999965,0.089
0.2061,0.061324,4.3500000000000005,0.35999999999999965,0.094,0.35999999999999965,0.089
0.20615,0.060615999999999996,4.300000000000001,0.35999999999999965,0.094,0.35999999999999965,0.089
0.20620000000000002,0.059941499999999995,4.250000000000001,0.35999999999999965,0.093,0.35999999999999965,0.089
0.20625000000000002,0.059306,4.249999999999999,0.35999999999999965,0.093,0.35999999999999965,0.089
0.2063,0.058691999999999994,4.2,0.35999999999999965,0.093,0.35999999999999965,0.089
0.20635,0.0581195,4.15,0.35999999999999965,0.093,0.35999999999999965,0.088
0.2064,0.057562499999999996,4.15,0.35999999999999965,0.092,0.35999999999999965,0.088
0.20645000000000002,0.057012,4.1,0.35999999999999965,0.092,0.35999999999999965,0.088
0.20650000000000002,0.056494499999999996,4.1,0.35999999999999965,0.092,0.35999999999999965,0.088
0.20655,0.055966999999999996,4.05,0.35999999999999965,0.092,0.35999999999999965,0.088
0.2066,0.055438499999999995,4.05,0.35999999999999965,0.092,0.35999999999999965,0.088
0.20665,0.0548785,3.999999999999999,0.35999999999999965,0.091,0.35999999999999965,0.087
0.20670000000000002,0.0542985,4.000000000000001,0.35999999999999965,0.091,0.35999999999999965,0.087
0.20675000000000002,0.053645,4.0,0.34999999999999987,0.091,0.34999999999999987,0.087
0.2068,0.0529245,3.9499999999999993,0.3400000000000001,0.091,0.3400000000000001,0.087
0.20685,0.051594999999999995,3.8500000000000005,0.3200000000000005,0.09000000000000001,0.0,0.0
0.2069,0.048763499999999994,3.7,0.30000000000000004,0.09000000000000001,0.0,0.0
0.20695000000000002,0.045377,3.500000000000001,0.28000000000000047,0.09000000000000001,0.0,0.0
0.20700000000000002,0.041944999999999996,3.3,0.28000000000000047,0.089,0.0,0.0
0.20705,0.0383375,3.1500000000000004,0.2699999999999998,0.088,0.0,0.0
0.2071,0.03464,2.9499999999999993,0.26,0.087,0.0,0.0
0.20715,0.030983,2.8,0.2500000000000002,0.086,0.0,0.0
0.20720000000000002,0.0273775,2.6000000000000005,0.2500000000000002,0.08399999999999999,0.0,0.0
0.20725000000000002,0.0238905,2.4000000000000012,0.22999999999999976,0.082,0.0,0.0
0.2073,0.020409999999999998,2.250000000000001,0.22999999999999976,0.08,0.0,0.0
0.20735,0.0171775,2.05,0.21000000000000107,0.077,0.0,0.0
0.2074,0.014052499999999999,1.8500000000000008,0.18999999999999972,0.073,0.0,0.0
0.20745000000000002,0.011141999999999999,1.7000000000000004,0.18999999999999972,0.06899999999999999,0.0,0.0
0.20750000000000002,0.008463,1.4999999999999993,0.17000000000000015,0.064,0.0,0.0
0.20755,0.0060205,1.3,0.1499999999999988,0.058,0.0,0.0
0.2076,0.0038669999999999998,1.099999999999999,0.130000000000001,0.05,0.0,0.0
0.20765,0.002035,0.8500000000000008,0.09999999999999985,0.041,0.0,0.0
0.20770000000000002,0.0006485,0.6000000000000008,0.06999999999999872,0.028,0.0,0.0
0.20775000000000002,0.0006895,0.3500000000000007,0.28000000000000047,0.014,0.28000000000000047,0.014
0.2078,0.0034709999999999997,0.45000000000000034,0.37000000000000033,0.043,0.37000000000000033,0.043000000000000003
0.20785,0.0063939999999999995,0.6000000000000008,0.3900000000000008,0.059,0.3900000000000008,0.059
0.2079,0.0095935,0.7499999999999993,0.3900000000000008,0.07200000000000001,0.3900000000000008,0.07200000000000001
0.20795000000000002,0.012990999999999999,0.9000000000000015,0.3900000000000008,0.08,0.3900000000000008,0.08
0.20800000000000002,0.016646499999999998,0.9999999999999993,0.3900000000000008,0.087,0.3900000000000008,0.087
0.20805,0.020436,1.1499999999999997,0.3900000000000008,0.092,0.3900000000000008,0.092
0.2081,0.024258,1.3,0.3900000000000008,0.097,0.3900000000000008,0.097
0.20815,0.028124999999999997,1.3999999999999997,0.3900000000000008,0.1,0.3900000000000008,0.1
0.2082,0.031972,1.55,0.3900000000000008,0.103,0.3900000000000008,0.102
0.20825000000000002,0.035778,1.6500000000000015,0.3900000000000008,0.10500000000000001,0.3900000000000008,0.103
0.2083,0.039605,1.8,0.3900000000000008,0.107,0.3900000000000008,0.104
0.20835,0.043331,1.9500000000000004,0.3800000000000001,0.108,0.3800000000000001,0.104
0.2084,0.046948,2.1000000000000005,0.3800000000000001,0.10900000000000001,0.3800000000000001,0.103
0.20845,0.0505085,2.250000000000001,0.3800000000000001,0.11,0.3800000000000001,0.103
0.20850000000000002,0.053891499999999995,2.4000000000000012,0.3800000000000001,0.111,0.3800000000000001,0.102
0.20855,0.0571925,2.5,0.3800000000000001,0.111,0.3800000000000001,0.102
0.2086,0.060337999999999996,2.6500000000000004,0.3800000000000001,0.111,0.3800000000000001,0.101
0.20865,0.063209,2.8,0.3800000000000001,0.111,0.3800000000000001,0.1
0.2087,0.0659725,2.95,0.3800000000000001,0.111,0.3800000000000001,0.1
0.20875000000000002,0.0685775,3.0999999999999996,0.3800000000000001,0.11,0.3800000000000001,0.09899999999999999
0.2088,0.07107949999999999,3.1999999999999993,0.3800000000000001,0.11,0.3800000000000001,0.09899999999999999
0.20885,0.0733095,3.3499999999999988,0.3800000000000001,0.10900000000000001,0.3800000000000001,0.098
0.2089,0.0752515,3.499999999999999,0.37000000000000033,0.108,0.37000000000000033,0.098
0.20895,0.07692,3.5999999999999988,0.37000000000000033,0.108,0.37000000000000033,0.097
0.20900000000000002,0.0785425,3.7499999999999982,0.37000000000000033,0.107,0.37000000000000033,0.097
0.20905,0.0798685,3.8999999999999986,0.37000000000000033,0.106,0.37000000000000033,0.096
0.2091,0.08091799999999999,4.0,0.37000000000000033,0.10500000000000001,0.37000000000000033,0.096
0.20915,0.081769,4.15,0.37000000000000033,0.104,0.37000000000000033,0.096
0.2092,0.08231999999999999,4.3,0.37000000000000033,0.104,0.37000000000000033,0.095
0.20925000000000002,0.082647,4.400000000000001,0.37000000000000033,0.103,0.37000000000000033,0.095
0.2093,0.08270749999999999,4.550000000000001,0.37000000000000033,0.102,0.37000000000000033,0.095
0.20935,0.08254249999999999,4.65,0.37000000000000033,0.102,0.37000000000000033,0.094
0.2094,0.0821095,4.75,0.37000000000000033,0.101,0.37000000000000033,0.094
0.20945,0.081455,4.849999999999999,0.37000000000000033,0.101,0.37000000000000033,0.094
0.20950000000000002,0.080541,4.95,0.37000000000000033,0.1,0.37000000000000033,0.093
0.20955000000000001,0.079454,5.0,0.37000000000000033,0.1,0.37000000000000033,0.093
0.2096,0.0782185,5.049999999999999,0.37000000000000033,0.09899999999999999,0.37000000000000033,0.093
0.20965,0.076823,5.099999999999999,0.37000000000000033,0.09899999999999999,0.37000000000000033,0.092
0.2097,0.0753805,5.1000000000000005,0.37000000000000033,0.098,0.37000000000000033,0.092
0.20975000000000002,0.07391199999999999,5.05,0.37000000000000033,0.098,0.37000000000000033,0.092
0.20980000000000001,0.07242549999999999,5.0,0.37000000000000033,0.097,0.37000000000000033,0.092
0.20985,0.07105,4.8999999999999995,0.37000000000000033,0.097,0.37000000000000033,0.091
0.2099,0.069726,4.8500000000000005,0.37000000000000033,0.097,0.37000000000000033,0.091
0.20995,0.0685115,4.8,0.37000000000000033,0.096,0.37000000000000033,0.091
0.21000000000000002,0.06735,4.7,0.37000000000000033,0.096,0.37000000000000033,0.091
0.21005000000000001,0.0662895,4.650000000000001,0.37000000000000033,0.096,0.37000000000000033,0.091
0.2101,0.065298,4.6,0.37000000000000033,0.095,0.37000000000000033,0.09000000000000001
0.21015,0.0643725,4.55,0.37000000000000033,0.095,0.37000000000000033,0.09000000000000001
0.2102,0.063514,4.499999999999999,0.35999999999999965,0.095,0.35999999999999965,0.09000000000000001
0.21025000000000002,0.0626945,4.45,0.35999999999999965,0.094,0.35999999999999965,0.09000000000000001
0.21030000000000001,0.061903,4.4,0.35999999999999965,0.094,0.35999999999999965,0.09000000000000001
0.21035,0.061182999999999994,4.349999999999999,0.35999999999999965,0.094,0.35999999999999965,0.09000000000000001
0.2104,0.060469999999999996,4.3,0.35999999999999965,0.094,0.35999999999999965,0.089
0.21045,0.0598215,4.3,0.35999999999999965,0.093,0.35999999999999965,0.089
0.21050000000000002,0.0591945,4.249999999999999,0.35999999999999965,0.093,0.35999999999999965,0.089
0.21055000000000001,0.058595999999999995,4.199999999999999,0.35999999999999965,0.093,0.35999999999999965,0.089
0.2106,0.058016,4.2,0.35999999999999965,0.093,0.35999999999999965,0.089
0.21065,0.0574545,4.1499999999999995,0.35999999999999965,0.092,0.35999999999999965,0.089
0.2107,0.056929499999999994,4.15,0.35999999999999965,0.092,0.35999999999999965,0.089
0.21075000000000002,0.0563915,4.1,0.35999999999999965,0.092,0.35999999999999965,0.088
0.21080000000000002,0.055878,4.1,0.35999999999999965,0.092,0.35999999999999965,0.088
0.21085,0.055326,4.05,0.35999999999999965,0.092,0.35999999999999965,0.088
0.2109,0.054787999999999996,4.05,0.35999999999999965,0.091,0.35999999999999965,0.088
0.21095,0.054182499999999995,4.0,0.35999999999999965,0.091,0.35999999999999965,0.088
0.21100000000000002,0.053516999999999995,3.9999999999999996,0.35000000000000075,0.091,0.35000000000000075,0.087
0.21105000000000002,0.052742,3.9999999999999996,0.34000000000000097,0.091,0.34000000000000097,0.087
0.2111,0.051080999999999994,3.8,0.3199999999999996,0.09000000000000001,0.0,0.0
0.21115,0.048114,3.65,0.30000000000000004,0.09000000000000001,0.0,0.0
0.2112,0.0446765,3.4499999999999997,0.2799999999999987,0.089,0.0,0.0
0.21125000000000002,0.04121,3.25,0.2799999999999987,0.089,0.0,0.0
0.21130000000000002,0.0375745,3.1,0.2699999999999998,0.088,0.0,0.0
0.21135,0.0338865,2.9499999999999997,0.2600000000000009,0.087,0.0,0.0
0.2114,0.03023,2.7,0.2500000000000002,0.086,0.0,0.0
0.21145,0.0266485,2.5500000000000003,0.23999999999999955,0.08399999999999999,0.0,0.0
0.21150000000000002,0.023186,2.4,0.22999999999999976,0.082,0.0,0.0
0.21155000000000002,0.0197,2.2,0.2099999999999993,0.079,0.0,0.0
0.2116,0.0165195,2.0,0.2099999999999993,0.076,0.0,0.0
0.21165,0.0134545,1.8499999999999999,0.1900000000000006,0.07200000000000001,0.0,0.0
0.2117,0.0105315,1.65,0.17999999999999994,0.068,0.0,0.0
0.21175000000000002,0.007937,1.4500000000000002,0.17000000000000015,0.062,0.0,0.0
0.21180000000000002,0.0055385,1.3,0.15000000000000058,0.056,0.0,0.0
0.21185,0.0034514999999999997,1.05,0.13000000000000012,0.048,0.0,0.0
0.2119,0.0017209999999999999,0.8,0.10000000000000074,0.038,0.0,0.0
0.21195,0.0004295,0.5,0.06000000000000071,0.024,0.0,0.0
0.21200000000000002,0.0013189999999999999,0.39999999999999997,0.3199999999999996,0.022,0.3199999999999996,0.022
0.21205000000000002,0.0040615,0.5,0.36999999999999944,0.047,0.36999999999999944,0.047
0.2121,0.00703,0.6500000000000001,0.3899999999999999,0.062,0.3899999999999999,0.062
0.21215,0.0102705,0.8,0.3899999999999999,0.074,0.3899999999999999,0.074
0.2122,0.013726499999999999,0.9000000000000001,0.3899999999999999,0.082,0.3899999999999999,0.082
0.21225000000000002,0.017429999999999998,1.0,0.3899999999999999,0.088,0.3899999999999999,0.088
0.21230000000000002,0.021242,1.1500000000000001,0.3899999999999999,0.093,0.3899999999999999,0.093
0.21235,0.0250875,1.3,0.3899999999999999,0.097,0.3899999999999999,0.097
0.2124,0.028950999999999998,1.45,0.3899999999999999,0.101,0.3899999999999999,0.101
0.21245,0.032788,1.6,0.3899999999999999,0.103,0.3899999999999999,0.102
0.21250000000000002,0.036604,1.7,0.3899999999999999,0.10500000000000001,0.3899999999999999,0.103
0.21255000000000002,0.040399,1.85,0.3899999999999999,0.107,0.3899999999999999,0.103
0.2126,0.044081999999999996,2.0,0.3800000000000001,0.108,0.3800000000000001,0.103
0.21265,0.047709999999999995,2.15,0.3800000000000001,0.10900000000000001,0.3800000000000001,0.103
0.2127,0.0512435,2.3,0.3800000000000001,0.11,0.3800000000000001,0.102
0.21275000000000002,0.054599499999999995,2.4499999999999997,0.3800000000000001,0.111,0.3800000000000001,0.102
0.21280000000000002,0.057862,2.55,0.3800000000000001,0.111,0.3800000000000001,0.101
0.21285,0.0609845,2.6999999999999997,0.3800000000000001,0.111,0.3800000000000001,0.1
0.2129,0.063785,2.8499999999999996,0.3800000000000001,0.111,0.3800000000000001,0.1
0.21295,0.0665395,3.0,0.3800000000000001,0.111,0.3800000000000001,0.09899999999999999
0.21300000000000002,0.069128,3.1,0.3800000000000001,0.11,0.3800000000000001,0.09899999999999999
0.21305000000000002,0.07156549999999999,3.25,0.3800000000000001,0.11,0.3800000000000001,0.098
0.2131,0.0737295,3.4,0.37000000000000033,0.10900000000000001,0.37000000000000033,0.098
0.21315,0.075612,3.55,0.37000000000000033,0.108,0.37000000000000033,0.097
0.2132,0.077275,3.6499999999999995,0.37000000000000033,0.107,0.37000000000000033,0.097
0.21325000000000002,0.07883899999999999,3.8,0.37000000000000033,0.107,0.37000000000000033,0.096
0.21330000000000002,0.08011349999999999,3.95,0.37000000000000033,0.106,0.37000000000000033,0.096
0.21335,0.0811115,4.05,0.37000000000000033,0.10500000000000001,0.37000000000000033,0.096
0.2134,0.0819165,4.2,0.37000000000000033,0.104,0.37000000000000033,0.095
0.21345,0.0823985,4.35,0.37000000000000033,0.104,0.37000000000000033,0.095
0.21350000000000002,0.082686,4.45,0.37000000000000033,0.103,0.37000000000000033,0.094
0.21355000000000002,0.0827045,4.550000000000001,0.37000000000000033,0.102,0.37000000000000033,0.094
0.2136,0.0824755,4.7,0.37000000000000033,0.102,0.37000000000000033,0.094
0.21365,0.081985,4.8,0.37000000000000033,0.101,0.37000000000000033,0.093
0.2137,0.08129,4.8999999999999995,0.37000000000000033,0.1,0.37000000000000033,0.093
0.21375000000000002,0.08033549999999999,4.95,0.37000000000000033,0.1,0.37000000000000033,0.093
0.21380000000000002,0.0792165,5.05,0.37000000000000033,0.09899999999999999,0.37000000000000033,0.093
0.21385,0.077944,5.1,0.37000000000000033,0.09899999999999999,0.37000000000000033,0.092
0.2139,0.076537,5.1,0.37000000000000033,0.09899999999999999,0.37000000000000033,0.092
0.21395,0.07506299999999999,5.1,0.37000000000000033,0.098,0.37000000000000033,0.092
0.21400000000000002,0.07359,5.05,0.37000000000000033,0.098,0.37000000000000033,0.092
0.21405000000000002,0.072143,4.999999999999999,0.37000000000000033,0.097,0.37000000000000033,0.091
0.2141,0.07075,4.8999999999999995,0.37000000000000033,0.097,0.37000000000000033,0.091
0.21415,0.069468,4.849999999999999,0.37000000000000033,0.097,0.37000000000000033,0.091
0.2142,0.068261,4.8,0.37000000000000033,0.096,0.37000000000000033,0.091
0.21425000000000002,0.0671465,4.699999999999999,0.37000000000000033,0.096,0.37000000000000033,0.091
0.21430000000000002,0.0660895,4.65,0.37000000000000033,0.095,0.37000000000000033,0.09000000000000001
0.21435,0.065106,4.6,0.36000000000000054,0.095,0.36000000000000054,0.09000000000000001
0.2144,0.064202,4.55,0.36000000000000054,0.095,0.36000000000000054,0.09000000000000001
0.21445,0.063333,4.500000000000001,0.36000000000000054,0.095,0.36000000000000054,0.09000000000000001
0.21450000000000002,0.0625235,4.45,0.36000000000000054,0.094,0.36000000000000054,0.09000000000000001
0.21455000000000002,0.0617625,4.3999999999999995,0.36000000000000054,0.094,0.36000000000000054,0.089
0.2146,0.061016999999999995,4.35,0.36000000000000054,0.094,0.36000000000000054,0.089
0.21465,0.060329,4.349999999999999,0.36000000000000054,0.093,0.36000000000000054,0.089
0.2147,0.0596835,4.300000000000001,0.36000000000000054,0.093,0.36000000000000054,0.089
0.21475,0.059079,4.249999999999999,0.36000000000000054,0.093,0.36000000000000054,0.089
0.21480000000000002,0.058476999999999994,4.249999999999999,0.36000000000000054,0.093,0.36000000000000054,0.089
0.21485,0.057902499999999996,4.2,0.36000000000000054,0.093,0.36000000000000054,0.089
0.2149,0.0573425,4.15,0.36000000000000054,0.092,0.36000000000000054,0.088
0.21495,0.056799499999999996,4.15,0.36000000000000054,0.092,0.36000000000000054,0.088
0.215,0.056264999999999996,4.099999999999999,0.36000000000000054,0.092,0.36000000000000054,0.088
0.21505000000000002,0.05575,4.100000000000001,0.36000000000000054,0.092,0.36000000000000054,0.088
0.2151,0.0552155,3.999999999999999,0.36000000000000054,0.092,0.36000000000000054,0.088
0.21515,0.054657,4.0,0.36000000000000054,0.091,0.36000000000000054,0.087
0.2152,0.054036999999999995,4.0,0.36000000000000054,0.091,0.36000000000000054,0.087
0.21525,0.053370499999999994,3.95,0.3399999999999992,0.091,0.3399999999999992,0.087
0.21530000000000002,0.052586,3.95,0.3399999999999992,0.091,0.3399999999999992,0.087
0.21535,0.0505185,3.750000000000001,0.30999999999999983,0.09000000000000001,0.0,0.0
0.2154,0.047429,3.6000000000000005,0.29999999999999916,0.09000000000000001,0.0,0.0
0.21545,0.0439735,3.4000000000000004,0.28000000000000047,0.089,0.0,0.0
0.2155,0.040460499999999996,3.1999999999999993,0.28000000000000047,0.089,0.0,0.0
0.21555000000000002,0.036818,3.05,0.2700000000000007,0.088,0.0,0.0
0.2156,0.033140499999999996,2.8999999999999995,0.26,0.087,0.0,0.0
0.21565,0.029481499999999997,2.700000000000001,0.2500000000000002,0.085,0.0,0.0
0.2157,0.025903,2.500000000000001,0.24000000000000044,0.08399999999999999,0.0,0.0
0.21575,0.022463,2.3500000000000014,0.23000000000000065,0.081,0.0,0.0
0.21580000000000002,0.019031,2.200000000000001,0.2099999999999993,0.079,0.0,0.0
0.21585000000000001,0.0158595,1.9500000000000004,0.2099999999999993,0.075,0.0,0.0
0.2159,0.0128445,1.8000000000000018,0.1900000000000006,0.07100000000000001,0.0,0.0
0.21595,0.009960499999999999,1.6499999999999997,0.17000000000000015,0.067,0.0,0.0
0.216,0.007411,1.3999999999999997,0.16000000000000036,0.061,0.0,0.0
0.21605000000000002,0.0050669999999999995,1.2499999999999993,0.1399999999999999,0.055,0.0,0.0
0.21610000000000001,0.0030664999999999998,0.9999999999999993,0.11999999999999943,0.047,0.0,0.0
0.21615,0.001406,0.7499999999999993,0.08999999999999918,0.036000000000000004,0.0,0.0
0.2162,0.0002305,0.4000000000000014,0.05000000000000004,0.019,0.0,0.0
0.21625,0.001892,0.44999999999999857,0.3400000000000001,0.028,0.3400000000000001,0.028
0.21630000000000002,0.0046394999999999995,0.5000000000000011,0.37000000000000033,0.051,0.37000000000000033,0.051
0.21635000000000001,0.0076725,0.6500000000000015,0.3899999999999999,0.06499999999999999,0.3899999999999999,0.06499999999999999
0.2164,0.0109885,0.8000000000000018,0.3899999999999999,0.075,0.3899999999999999,0.075
0.21645,0.014502,0.8999999999999997,0.3899999999999999,0.083,0.3899999999999999,0.083
0.2165,0.0182205,1.05,0.3899999999999999,0.089,0.3899999999999999,0.089
0.21655000000000002,0.022040499999999998,1.2000000000000004,0.3899999999999999,0.094,0.3899999999999999,0.094
0.21660000000000001,0.0258885,1.3500000000000008,0.3899999999999999,0.098,0.3899999999999999,0.098
0.21665,0.029745999999999998,1.4999999999999993,0.3899999999999999,0.101,0.3899999999999999,0.101
0.2167,0.0335685,1.6499999999999997,0.3899999999999999,0.104,0.3899999999999999,0.103
0.21675,0.037392,1.750000000000001,0.3899999999999999,0.106,0.3899999999999999,0.104
0.21680000000000002,0.041185,1.9000000000000015,0.3899999999999999,0.107,0.3899999999999999,0.104
0.21685000000000001,0.0448265,2.0500000000000007,0.380000000000001,0.10900000000000001,0.380000000000001,0.104
0.2169,0.0484345,2.200000000000001,0.380000000000001,0.11,0.380000000000001,0.103
0.21695,0.051933,2.3500000000000014,0.380000000000001,0.11,0.380000000000001,0.103
0.217,0.0552625,2.45,0.380000000000001,0.111,0.380000000000001,0.102
0.21705000000000002,0.058516,2.55,0.380000000000001,0.111,0.380000000000001,0.102
0.21710000000000002,0.0615775,2.7,0.380000000000001,0.111,0.380000000000001,0.101
0.21715,0.064346,2.8499999999999996,0.380000000000001,0.111,0.380000000000001,0.1
0.2172,0.0670865,3.000000000000001,0.380000000000001,0.111,0.380000000000001,0.1
0.21725,0.0696465,3.0999999999999996,0.380000000000001,0.11,0.380000000000001,0.09899999999999999
0.21730000000000002,0.0720345,3.25,0.380000000000001,0.11,0.380000000000001,0.09899999999999999
0.21735000000000002,0.07416049999999999,3.3999999999999995,0.380000000000001,0.10900000000000001,0.380000000000001,0.098
0.2174,0.075956,3.55,0.37000000000000033,0.108,0.37000000000000033,0.098
0.21745,0.07761649999999999,3.6499999999999986,0.37000000000000033,0.107,0.37000000000000033,0.097
0.2175,0.079138,3.799999999999999,0.37000000000000033,0.106,0.37000000000000033,0.097
0.21755000000000002,0.0803455,3.9499999999999993,0.37000000000000033,0.106,0.37000000000000033,0.097
0.21760000000000002,0.0813135,4.05,0.37000000000000033,0.10500000000000001,0.37000000000000033,0.096
0.21765,0.0820345,4.2,0.37000000000000033,0.104,0.37000000000000033,0.096
0.2177,0.08248549999999999,4.300000000000001,0.37000000000000033,0.103,0.37000000000000033,0.095
0.21775,0.08272399999999999,4.450000000000001,0.37000000000000033,0.103,0.37000000000000033,0.095
0.21780000000000002,0.08268299999999999,4.55,0.37000000000000033,0.102,0.37000000000000033,0.095
0.21785000000000002,0.082388,4.7,0.37000000000000033,0.101,0.37000000000000033,0.094
0.2179,0.0818705,4.799999999999999,0.37000000000000033,0.101,0.37000000000000033,0.094
0.21795,0.0810835,4.899999999999999,0.37000000000000033,0.1,0.37000000000000033,0.094
0.218,0.0801225,4.949999999999999,0.37000000000000033,0.1,0.37000000000000033,0.093
0.21805000000000002,0.07897,5.000000000000001,0.37000000000000033,0.09899999999999999,0.37000000000000033,0.093
0.21810000000000002,0.0776795,5.05,0.37000000000000033,0.09899999999999999,0.37000000000000033,0.093
0.21815,0.076237,5.049999999999999,0.37000000000000033,0.098,0.37000000000000033,0.093
0.2182,0.074779,5.049999999999999,0.37000000000000033,0.098,0.37000000000000033,0.092
0.21825,0.073281,5.0,0.37000000000000033,0.098,0.37000000000000033,0.092
0.21830000000000002,0.0718545,4.95,0.37000000000000033,0.097,0.37000000000000033,0.092
0.21835000000000002,0.0704965,4.8999999999999995,0.37000000000000033,0.097,0.37000000000000033,0.092
0.2184,0.06922149999999999,4.8,0.37000000000000033,0.096,0.37000000000000033,0.091
0.21845,0.06803,4.75,0.37000000000000033,0.096,0.37000000000000033,0.091
0.2185,0.0669305,4.6499999999999995,0.37000000000000033,0.096,0.37000000000000033,0.091
0.21855000000000002,0.065895,4.6000000000000005,0.37000000000000033,0.095,0.37000000000000033,0.091
0.21860000000000002,0.064924,4.55,0.37000000000000033,0.095,0.37000000000000033,0.091
0.21865,0.0640245,4.499999999999999,0.37000000000000033,0.095,0.37000000000000033,0.09000000000000001
0.2187,0.06317199999999999,4.45,0.36000000000000054,0.095,0.36000000000000054,0.09000000000000001
0.21875,0.062368,4.3999999999999995,0.36000000000000054,0.094,0.36000000000000054,0.09000000000000001
0.21880000000000002,0.061605,4.3500000000000005,0.36000000000000054,0.094,0.36000000000000054,0.09000000000000001
0.21885000000000002,0.060889,4.35,0.36000000000000054,0.094,0.36000000000000054,0.09000000000000001
0.2189,0.0602165,4.3,0.36000000000000054,0.093,0.36000000000000054,0.09000000000000001
0.21895,0.059574999999999996,4.249999999999999,0.36000000000000054,0.093,0.36000000000000054,0.089
0.219,0.0589515,4.2,0.36000000000000054,0.093,0.36000000000000054,0.089
0.21905000000000002,0.0583435,4.2,0.36000000000000054,0.093,0.36000000000000054,0.089
0.21910000000000002,0.057790999999999995,4.1499999999999995,0.36000000000000054,0.093,0.36000000000000054,0.089
0.21915,0.0572385,4.1499999999999995,0.36000000000000054,0.092,0.36000000000000054,0.089
0.2192,0.0567005,4.1,0.36000000000000054,0.092,0.36000000000000054,0.089
0.21925,0.056196499999999996,4.1000000000000005,0.36000000000000054,0.092,0.36000000000000054,0.088
0.21930000000000002,0.055658,4.05,0.36000000000000054,0.092,0.36000000000000054,0.088
0.21935000000000002,0.055118999999999994,4.05,0.36000000000000054,0.091,0.36000000000000054,0.088
0.2194,0.0545535,3.9999999999999996,0.36000000000000054,0.091,0.36000000000000054,0.088
0.21945,0.0539365,4.0,0.36000000000000054,0.091,0.36000000000000054,0.088
0.2195,0.053215,4.0,0.3399999999999992,0.091,0.3399999999999992,0.087
0.21955000000000002,0.0524195,3.9499999999999997,0.3399999999999992,0.09000000000000001,0.3399999999999992,0.087
0.21960000000000002,0.04992,3.7499999999999996,0.30000000000000004,0.09000000000000001,0.0,0.0
0.21965,0.046716999999999995,3.5499999999999994,0.30000000000000004,0.09000000000000001,0.0,0.0
0.2197,0.043271,3.3499999999999996,0.28000000000000047,0.089,0.0,0.0
0.21975,0.039702999999999995,3.1999999999999997,0.28000000000000047,0.089,0.0,0.0
0.21980000000000002,0.0360345,2.9999999999999996,0.2699999999999998,0.088,0.0,0.0
0.21985000000000002,0.032363499999999996,2.8499999999999996,0.2500000000000002,0.087,0.0,0.0
0.2199,0.028753499999999998,2.65,0.2500000000000002,0.085,0.0,0.0
0.21995,0.025183999999999998,2.5,0.22999999999999976,0.083,0.0,0.0
0.22,0.021742499999999998,2.3,0.22999999999999976,0.081,0.0,0.0
0.22005000000000002,0.018364,2.0999999999999996,0.21000000000000107,0.078,0.0,0.0
0.22010000000000002,0.015212,1.95,0.21000000000000107,0.075,0.0,0.0
0.22015,0.012232,1.75,0.18999999999999972,0.06999999999999998,0.0,0.0
0.2202,0.009431499999999999,1.55,0.17000000000000015,0.066,0.0,0.0
0.22025,0.0068915,1.4000000000000001,0.15999999999999948,0.060000000000000005,0.0,0.0
0.22030000000000002,0.0046215,1.1500000000000001,0.1399999999999999,0.053,0.0,0.0
0.22035000000000002,0.0026839999999999998,0.9500000000000002,0.12000000000000031,0.045000000000000005,0.0,0.0
0.2204,0.0011125,0.7000000000000001,0.08000000000000028,0.033,0.0,0.0
0.22045,8.4e-05,0.3,0.04000000000000025,0.013,0.0,0.0
0.2205,0.0024495,0.45,0.36000000000000054,0.034,0.36000000000000054,0.034
0.22055000000000002,0.005266,0.55,0.3900000000000008,0.054,0.3900000000000008,0.054
0.22060000000000002,0.008353,0.7000000000000001,0.3900000000000008,0.068,0.3900000000000008,0.068
0.22065,0.0116895,0.8500000000000001,0.3900000000000008,0.077,0.3900000000000008,0.077
0.2207,0.0152565,0.9500000000000001,0.3900000000000008,0.085,0.3900000000000008,0.085
0.22075,0.0189955,1.05,0.3900000000000008,0.091,0.3900000000000008,0.091
0.22080000000000002,0.022822,1.2,0.3900000000000008,0.095,0.3900000000000008,0.095
0.22085000000000002,0.026684,1.35,0.3900000000000008,0.09899999999999999,0.3900000000000008,0.09899999999999999
0.2209,0.030548,1.5,0.3900000000000008,0.102,0.3900000000000008,0.102
0.22095,0.034379,1.6500000000000001,0.3900000000000008,0.104,0.3900000000000008,0.103
0.221,0.0382065,1.75,0.3900000000000008,0.106,0.3900000000000008,0.104
0.22105000000000002,0.041951999999999996,1.9,0.3800000000000001,0.108,0.3800000000000001,0.103
0.22110000000000002,0.045611,2.0500000000000003,0.3800000000000001,0.10900000000000001,0.3800000000000001,0.103
0.22115,0.049201499999999995,2.2,0.3800000000000001,0.11,0.3800000000000001,0.103
0.2212,0.0526545,2.35,0.3800000000000001,0.11,0.3800000000000001,0.102
0.22125,0.0559755,2.4499999999999997,0.3800000000000001,0.111,0.3800000000000001,0.102
0.22130000000000002,0.0591875,2.5999999999999996,0.3800000000000001,0.111,0.3800000000000001,0.101
0.22135000000000002,0.0621945,2.7499999999999996,0.3800000000000001,0.111,0.3800000000000001,0.1
0.2214,0.064936,2.8999999999999995,0.3800000000000001,0.111,0.3800000000000001,0.1
0.22145,0.06763949999999999,3.05,0.3800000000000001,0.11,0.3800000000000001,0.09899999999999999
0.2215,0.0701865,3.15,0.3800000000000001,0.11,0.3800000000000001,0.09899999999999999
0.22155,0.0725195,3.3,0.3800000000000001,0.10900000000000001,0.3800000000000001,0.098
0.22160000000000002,0.07456549999999999,3.45,0.37000000000000033,0.10900000000000001,0.37000000000000033,0.098
0.22165,0.0763055,3.6,0.37000000000000033,0.108,0.37000000000000033,0.097
0.2217,0.0779745,3.6999999999999997,0.37000000000000033,0.107,0.37000000000000033,0.097
0.22175,0.079395,3.8499999999999996,0.37000000000000033,0.106,0.37000000000000033,0.096
0.2218,0.0805635,4.0,0.37000000000000033,0.106,0.37000000000000033,0.096
0.22185000000000002,0.0815065,4.1,0.37000000000000033,0.10500000000000001,0.37000000000000033,0.096
0.22190000000000001,0.08216849999999999,4.25,0.37000000000000033,0.104,0.37000000000000033,0.095
0.22195,0.0825655,4.35,0.37000000000000033,0.103,0.37000000000000033,0.095
0.222,0.0827395,4.5,0.37000000000000033,0.103,0.37000000000000033,0.095
0.22205,0.082656,4.6,0.37000000000000033,0.102,0.37000000000000033,0.094
0.22210000000000002,0.08231999999999999,4.699999999999999,0.37000000000000033,0.101,0.37000000000000033,0.094
0.22215000000000001,0.081736,4.8,0.37000000000000033,0.101,0.37000000000000033,0.094
0.2222,0.0809285,4.8999999999999995,0.37000000000000033,0.1,0.37000000000000033,0.093
0.22225,0.079918,5.0,0.37000000000000033,0.1,0.37000000000000033,0.093
0.2223,0.07873,5.049999999999999,0.37000000000000033,0.09899999999999999,0.37000000000000033,0.093
0.22235000000000002,0.07737999999999999,5.1,0.37000000000000033,0.09899999999999999,0.37000000000000033,0.092
0.22240000000000001,0.075949,5.1,0.37000000000000033,0.098,0.37000000000000033,0.092
0.22245,0.074488,5.05,0.37000000000000033,0.098,0.37000000000000033,0.092
0.2225,0.072994,5.0,0.37000000000000033,0.098,0.37000000000000033,0.092
0.22255,0.071563,4.95,0.37000000000000033,0.097,0.37000000000000033,0.091
0.22260000000000002,0.0702445,4.9,0.37000000000000033,0.097,0.37000000000000033,0.091
0.22265000000000001,0.0689835,4.8,0.37000000000000033,0.096,0.37000000000000033,0.091
0.2227,0.067808,4.750000000000001,0.37000000000000033,0.096,0.37000000000000033,0.091
0.22275,0.066722,4.6499999999999995,0.37000000000000033,0.096,0.37000000000000033,0.091
0.2228,0.065693,4.6000000000000005,0.37000000000000033,0.095,0.37000000000000033,0.09000000000000001
0.22285000000000002,0.06474049999999999,4.55,0.37000000000000033,0.095,0.37000000000000033,0.09000000000000001
0.22290000000000001,0.063854,4.5,0.35999999999999965,0.095,0.35999999999999965,0.09000000000000001
0.22295,0.063003,4.449999999999999,0.35999999999999965,0.094,0.35999999999999965,0.09000000000000001
0.223,0.062222,4.3999999999999995,0.35999999999999965,0.094,0.35999999999999965,0.09000000000000001
0.22305,0.061441499999999996,4.3999999999999995,0.35999999999999965,0.094,0.35999999999999965,0.09000000000000001
0.22310000000000002,0.060747499999999996,4.3500000000000005,0.35999999999999965,0.094,0.35999999999999965,0.089
0.22315000000000002,0.0600925,4.300000000000001,0.35999999999999965,0.093,0.35999999999999965,0.089
0.2232,0.0594545,4.249999999999999,0.35999999999999965,0.093,0.35999999999999965,0.089
0.22325,0.058837999999999994,4.25,0.35999999999999965,0.093,0.35999999999999965,0.089
0.2233,0.058254,4.2,0.35999999999999965,0.093,0.35999999999999965,0.089
0.22335000000000002,0.0576785,4.200000000000001,0.35999999999999965,0.092,0.35999999999999965,0.089
0.22340000000000002,0.057143,4.149999999999999,0.35999999999999965,0.092,0.35999999999999965,0.088
0.22345,0.056612499999999996,4.1,0.35999999999999965,0.092,0.35999999999999965,0.088
0.2235,0.0560615,4.1,0.35999999999999965,0.092,0.35999999999999965,0.088
0.22355,0.055535499999999995,4.05,0.35999999999999965,0.092,0.35999999999999965,0.088
0.22360000000000002,0.055013,4.049999999999999,0.35999999999999965,0.091,0.35999999999999965,0.088
0.22365000000000002,0.05443,4.050000000000001,0.35999999999999965,0.091,0.35999999999999965,0.088
0.2237,0.053789,4.0,0.35999999999999965,0.091,0.35999999999999965,0.087
0.22375,0.053064,4.0,0.34000000000000097,0.091,0.34000000000000097,0.087
0.2238,0.052031,3.8999999999999995,0.3300000000000003,0.09000000000000001,0.0,0.0
0.22385000000000002,0.049308,3.7,0.30000000000000004,0.09000000000000001,0.0,0.0
0.22390000000000002,0.045996999999999996,3.55,0.30000000000000004,0.09000000000000001,0.0,0.0
0.22395,0.042552,3.3,0.2799999999999996,0.089,0.0,0.0
0.224,0.0389635,3.1500000000000004,0.2699999999999998,0.088,0.0,0.0
0.22405,0.035272,3.0,0.26,0.088,0.0,0.0
0.22410000000000002,0.0316175,2.8,0.24999999999999933,0.086,0.0,0.0
0.22415000000000002,0.0279815,2.6000000000000005,0.24999999999999933,0.085,0.0,0.0
0.2242,0.024485,2.45,0.22999999999999976,0.083,0.0,0.0
0.22425,0.021031499999999998,2.3000000000000007,0.22999999999999976,0.08,0.0,0.0
0.2243,0.017709,2.05,0.2100000000000002,0.077,0.0,0.0
0.22435000000000002,0.0145645,1.8999999999999997,0.2000000000000004,0.074,0.0,0.0
0.22440000000000002,0.011627,1.7499999999999993,0.18999999999999972,0.06999999999999998,0.0,0.0
0.22445,0.0088895,1.4999999999999993,0.17000000000000015,0.06499999999999999,0.0,0.0
0.2245,0.0064125,1.349999999999999,0.1499999999999997,0.059,0.0,0.0
0.22455,0.004199,1.099999999999999,0.13000000000000012,0.052,0.0,0.0
0.22460000000000002,0.0023165,0.9499999999999986,0.11000000000000053,0.043,0.0,0.0
0.22465000000000002,0.000839,0.6000000000000008,0.07999999999999939,0.030000000000000002,0.0,0.0
0.2247,6.549999999999999e-05,0.14999999999999963,0.1399999999999999,0.004,0.1399999999999999,0.004
0.22475,0.0030055,0.45000000000000034,0.36999999999999944,0.039,0.36999999999999944,0.039
0.2248,0.0058855,0.6000000000000008,0.3899999999999999,0.057,0.3899999999999999,0.057
0.22485000000000002,0.009027499999999999,0.7000000000000004,0.3899999999999999,0.06999999999999998,0.3899999999999999,0.06999999999999999
0.22490000000000002,0.012418,0.8500000000000008,0.3899999999999999,0.079,0.3899999999999999,0.079
0.22495,0.0160335,0.9500000000000004,0.3899999999999999,0.086,0.3899999999999999,0.08600000000000001
0.225,0.019804,1.1000000000000008,0.3899999999999999,0.092,0.3899999999999999,0.092
0.22505,0.0236305,1.2499999999999993,0.3899999999999999,0.096,0.3899999999999999,0.096
0.22510000000000002,0.027514999999999998,1.3999999999999997,0.3899999999999999,0.09899999999999999,0.3899999999999999,0.09899999999999999
0.22515000000000002,0.031358,1.55,0.3899999999999999,0.102,0.3899999999999999,0.102
0.2252,0.035172499999999995,1.7000000000000004,0.3899999999999999,0.10500000000000001,0.3899999999999999,0.103
0.22525,0.038994999999999995,1.8,0.3899999999999999,0.106,0.3899999999999999,0.103
0.2253,0.042737,1.9500000000000004,0.3799999999999992,0.108,0.3799999999999992,0.103
0.22535000000000002,0.0463605,2.1000000000000005,0.3799999999999992,0.10900000000000001,0.3799999999999992,0.103
0.22540000000000002,0.049929999999999995,2.250000000000001,0.3799999999999992,0.11,0.3799999999999992,0.102
0.22545,0.053361,2.4000000000000012,0.3799999999999992,0.11,0.3799999999999992,0.102
0.2255,0.056662,2.5,0.3799999999999992,0.111,0.3799999999999992,0.101
0.22555,0.059845999999999996,2.6500000000000004,0.3799999999999992,0.111,0.3799999999999992,0.1
0.22560000000000002,0.0627655,2.8,0.3799999999999992,0.111,0.3799999999999992,0.1
0.22565000000000002,0.065536,2.95,0.3799999999999992,0.111,0.3799999999999992,0.09899999999999999
0.2257,0.0681835,3.0999999999999996,0.3799999999999992,0.11,0.3799999999999992,0.09899999999999999
0.22575,0.0706985,3.1999999999999993,0.3799999999999992,0.11,0.3799999999999992,0.098
0.2258,0.07296849999999999,3.3499999999999988,0.3799999999999992,0.10900000000000001,0.3799999999999992,0.098
0.22585000000000002,0.07495199999999999,3.499999999999999,0.36999999999999944,0.10900000000000001,0.36999999999999944,0.097
0.22590000000000002,0.0766405,3.5999999999999988,0.36999999999999944,0.108,0.36999999999999944,0.097
0.22595,0.078302,3.7499999999999982,0.36999999999999944,0.107,0.36999999999999944,0.096
0.226,0.079678,3.8999999999999986,0.36999999999999944,0.106,0.36999999999999944,0.096
0.22605,0.08075349999999999,4.049999999999999,0.36999999999999944,0.10500000000000001,0.36999999999999944,0.096
0.22610000000000002,0.08163949999999999,4.15,0.36999999999999944,0.10500000000000001,0.36999999999999944,0.095
0.22615000000000002,0.08225049999999999,4.3,0.36999999999999944,0.104,0.36999999999999944,0.095
0.2262,0.0826365,4.400000000000001,0.36999999999999944,0.103,0.36999999999999944,0.094
0.22625,0.082741,4.550000000000001,0.36999999999999944,0.102,0.36999999999999944,0.094
0.2263,0.082591,4.65,0.36999999999999944,0.102,0.36999999999999944,0.094
0.22635000000000002,0.0822215,4.75,0.36999999999999944,0.101,0.36999999999999944,0.093
0.22640000000000002,0.0815935,4.849999999999999,0.36999999999999944,0.101,0.36999999999999944,0.093
0.22645,0.0807355,4.95,0.36999999999999944,0.1,0.36999999999999944,0.093
0.2265,0.07966999999999999,5.0,0.36999999999999944,0.1,0.36999999999999944,0.093
0.22655,0.07846399999999999,5.100000000000001,0.36999999999999944,0.09899999999999999,0.36999999999999944,0.092
0.22660000000000002,0.077098,5.099999999999999,0.36999999999999944,0.09899999999999999,0.36999999999999944,0.092
0.22665000000000002,0.0756365,5.1000000000000005,0.36999999999999944,0.098,0.36999999999999944,0.092
0.2267,0.074154,5.1000000000000005,0.36999999999999944,0.098,0.36999999999999944,0.092
0.22675,0.07268,5.049999999999999,0.36999999999999944,0.097,0.36999999999999944,0.091
0.2268,0.071285,4.949999999999998,0.36999999999999944,0.097,0.36999999999999944,0.091
0.22685000000000002,0.06995649999999999,4.8999999999999995,0.36999999999999944,0.097,0.36999999999999944,0.091
0.22690000000000002,0.0687255,4.75,0.36999999999999944,0.096,0.36999999999999944,0.091
0.22695,0.0675775,4.7,0.36999999999999944,0.096,0.36999999999999944,0.09000000000000001
0.227,0.066492,4.6499999999999995,0.36999999999999944,0.096,0.36999999999999944,0.09000000000000001
0.22705,0.065486,4.55,0.36999999999999944,0.095,0.36999999999999944,0.09000000000000001
0.22710000000000002,0.0645375,4.5,0.36999999999999944,0.095,0.36999999999999944,0.09000000000000001
0.22715000000000002,0.063661,4.449999999999998,0.35999999999999965,0.095,0.35999999999999965,0.09000000000000001
0.2272,0.0628325,4.3999999999999995,0.35999999999999965,0.094,0.35999999999999965,0.09000000000000001
0.22725,0.062035,4.3999999999999995,0.35999999999999965,0.094,0.35999999999999965,0.089
0.2273,0.061315499999999995,4.3500000000000005,0.35999999999999965,0.094,0.35999999999999965,0.089
0.22735000000000002,0.060634,4.3,0.35999999999999965,0.094,0.35999999999999965,0.089
0.22740000000000002,0.059942999999999996,4.25,0.35999999999999965,0.093,0.35999999999999965,0.089
0.22745,0.059310999999999996,4.250000000000001,0.35999999999999965,0.093,0.35999999999999965,0.089
0.2275,0.058692499999999995,4.199999999999999,0.35999999999999965,0.093,0.35999999999999965,0.089
0.22755,0.0581355,4.1499999999999995,0.35999999999999965,0.093,0.35999999999999965,0.088
0.22760000000000002,0.057568999999999995,4.1499999999999995,0.35999999999999965,0.092,0.35999999999999965,0.088
0.22765000000000002,0.0570055,4.1000000000000005,0.35999999999999965,0.092,0.35999999999999965,0.088
0.2277,0.056487499999999996,4.1,0.35999999999999965,0.092,0.35999999999999965,0.088
0.22775,0.0559645,4.05,0.35999999999999965,0.092,0.35999999999999965,0.088
0.2278,0.055445999999999995,4.05,0.35999999999999965,0.092,0.35999999999999965,0.088
0.22785000000000002,0.054896,4.0,0.35999999999999965,0.091,0.35999999999999965,0.087
0.22790000000000002,0.054300499999999995,4.0,0.35999999999999965,0.091,0.35999999999999965,0.087
0.22795,0.053654,4.000000000000001,0.34999999999999987,0.091,0.34999999999999987,0.087
0.228,0.052914499999999996,3.9499999999999997,0.3400000000000001,0.091,0.3400000000000001,0.087
0.22805,0.0515135,3.8499999999999996,0.3200000000000005,0.09000000000000001,0.0,0.0
0.2281,0.048653999999999996,3.65,0.30000000000000004,0.09000000000000001,0.0,0.0
0.22815000000000002,0.045269,3.4999999999999996,0.28000000000000047,0.09000000000000001,0.0,0.0
0.22820000000000001,0.041811,3.3,0.28000000000000047,0.089,0.0,0.0
0.22825,0.038211499999999995,3.1,0.2700000000000007,0.088,0.0,0.0
0.2283,0.034512,2.9499999999999997,0.26,0.087,0.0,0.0
0.22835,0.030859499999999998,2.8,0.2500000000000002,0.086,0.0,0.0
0.22840000000000002,0.027230999999999998,2.6,0.2500000000000002,0.08399999999999999,0.0,0.0
0.22845000000000001,0.023764499999999997,2.4,0.23000000000000065,0.082,0.0,0.0
0.2285,0.0202895,2.25,0.23000000000000065,0.08,0.0,0.0
0.22855,0.017061,2.05,0.2099999999999993,0.077,0.0,0.0
0.2286,0.013944,1.8499999999999999,0.18999999999999972,0.073,0.0,0.0
0.22865000000000002,0.011030499999999999,1.7,0.18999999999999972,0.06899999999999999,0.0,0.0
0.22870000000000001,0.008362,1.5000000000000002,0.17000000000000015,0.063,0.0,0.0
0.22875,0.0059365,1.3,0.15000000000000058,0.057,0.0,0.0
0.2288,0.0037874999999999996,1.1,0.12999999999999923,0.05,0.0,0.0
0.22885,0.001977,0.8500000000000001,0.09999999999999985,0.04,0.0,0.0
0.22890000000000002,0.0006025,0.55,0.07000000000000049,0.027,0.0,0.0
0.22895000000000001,0.0008284999999999999,0.35000000000000003,0.28999999999999937,0.016,0.28999999999999937,0.016
0.229,0.0035845,0.44999999999999996,0.36999999999999944,0.043,0.36999999999999944,0.043000000000000003
0.22905,0.006521,0.6000000000000001,0.3899999999999999,0.060000000000000005,0.3899999999999999,0.060000000000000005
0.2291,0.0097325,0.7500000000000001,0.3899999999999999,0.07200000000000001,0.3899999999999999,0.07200000000000001
0.22915000000000002,0.013146999999999999,0.9000000000000001,0.3899999999999999,0.081,0.3899999999999999,0.081
0.22920000000000001,0.016808999999999998,1.0,0.3899999999999999,0.087,0.3899999999999999,0.087
0.22925,0.020605,1.1500000000000001,0.3899999999999999,0.093,0.3899999999999999,0.093
0.2293,0.0244285,1.3,0.3899999999999999,0.097,0.3899999999999999,0.097
0.22935,0.028301999999999997,1.45,0.3899999999999999,0.1,0.3899999999999999,0.1
0.22940000000000002,0.0321495,1.6,0.3899999999999999,0.103,0.3899999999999999,0.103
0.22945000000000002,0.035935499999999995,1.7,0.3899999999999999,0.10500000000000001,0.3899999999999999,0.104
0.2295,0.039761,1.8,0.3899999999999999,0.107,0.3899999999999999,0.104
0.22955,0.043477999999999996,1.95,0.3800000000000001,0.108,0.3800000000000001,0.104
0.2296,0.047087,2.1,0.3800000000000001,0.10900000000000001,0.3800000000000001,0.103
0.22965000000000002,0.050643999999999995,2.25,0.3800000000000001,0.11,0.3800000000000001,0.103
0.22970000000000002,0.054037999999999996,2.4,0.3800000000000001,0.111,0.3800000000000001,0.102
0.22975,0.057326999999999996,2.5,0.3800000000000001,0.111,0.3800000000000001,0.102
0.2298,0.060481,2.65,0.3800000000000001,0.111,0.3800000000000001,0.101
0.22985,0.063328,2.8,0.3800000000000001,0.111,0.3800000000000001,0.101
0.22990000000000002,0.066097,2.9499999999999997,0.3800000000000001,0.111,0.3800000000000001,0.1
0.22995000000000002,0.068703,3.05,0.3800000000000001,0.11,0.3800000000000001,0.09899999999999999
0.23,0.071198,3.1999999999999997,0.3800000000000001,0.11,0.3800000000000001,0.09899999999999999
0.23005,0.073407,3.3499999999999996,0.3800000000000001,0.10900000000000001,0.3800000000000001,0.098
0.2301,0.0753375,3.5,0.37000000000000033,0.108,0.37000000000000033,0.098
0.23015000000000002,0.0769995,3.5999999999999996,0.37000000000000033,0.108,0.37000000000000033,0.097
0.23020000000000002,0.07861549999999999,3.7499999999999996,0.37000000000000033,0.107,0.37000000000000033,0.097
0.23025,0.0799455,3.8999999999999995,0.37000000000000033,0.106,0.37000000000000033,0.097
0.2303,0.080979,4.0,0.37000000000000033,0.10500000000000001,0.37000000000000033,0.096
0.23035,0.0818095,4.1499999999999995,0.37000000000000033,0.104,0.37000000000000033,0.096
0.23040000000000002,0.0823445,4.3,0.37000000000000033,0.104,0.37000000000000033,0.095
0.23045000000000002,0.082684,4.3999999999999995,0.37000000000000033,0.103,0.37000000000000033,0.095
0.2305,0.082734,4.55,0.37000000000000033,0.102,0.37000000000000033,0.095
0.23055,0.0825655,4.65,0.37000000000000033,0.102,0.37000000000000033,0.094
0.2306,0.08212499999999999,4.75,0.37000000000000033,0.101,0.37000000000000033,0.094
0.23065000000000002,0.081444,4.85,0.37000000000000033,0.101,0.37000000000000033,0.094
0.23070000000000002,0.0805545,4.95,0.37000000000000033,0.1,0.37000000000000033,0.093
0.23075,0.0794465,5.0,0.37000000000000033,0.1,0.37000000000000033,0.093
0.2308,0.0782085,5.05,0.37000000000000033,0.09899999999999999,0.37000000000000033,0.093
0.23085,0.076805,5.1000000000000005,0.37000000000000033,0.09899999999999999,0.37000000000000033,0.093
0.23090000000000002,0.075347,5.05,0.37000000000000033,0.098,0.37000000000000033,0.092
0.23095000000000002,0.0738725,5.05,0.37000000000000033,0.098,0.37000000000000033,0.092
0.231,0.072403,4.999999999999999,0.37000000000000033,0.097,0.37000000000000033,0.092
0.23105,0.0710155,4.8999999999999995,0.37000000000000033,0.097,0.37000000000000033,0.092
0.2311,0.06970849999999999,4.85,0.37000000000000033,0.097,0.37000000000000033,0.091
0.23115000000000002,0.068497,4.749999999999999,0.37000000000000033,0.096,0.37000000000000033,0.091
0.23120000000000002,0.067343,4.699999999999999,0.37000000000000033,0.096,0.37000000000000033,0.091
0.23125,0.06629249999999999,4.6499999999999995,0.37000000000000033,0.096,0.37000000000000033,0.091
0.2313,0.065302,4.6000000000000005,0.37000000000000033,0.095,0.37000000000000033,0.091
0.23135,0.0643665,4.499999999999999,0.37000000000000033,0.095,0.37000000000000033,0.09000000000000001
0.23140000000000002,0.063513,4.499999999999999,0.37000000000000033,0.095,0.37000000000000033,0.09000000000000001
0.23145000000000002,0.062678,4.449999999999999,0.36000000000000054,0.094,0.36000000000000054,0.09000000000000001
0.2315,0.0619225,4.3999999999999995,0.36000000000000054,0.094,0.36000000000000054,0.09000000000000001
0.23155,0.061194,4.3500000000000005,0.36000000000000054,0.094,0.36000000000000054,0.09000000000000001
0.2316,0.0604855,4.3,0.36000000000000054,0.094,0.36000000000000054,0.09000000000000001
0.23165000000000002,0.059827,4.3,0.36000000000000054,0.093,0.36000000000000054,0.089
0.23170000000000002,0.059200499999999996,4.25,0.36000000000000054,0.093,0.36000000000000054,0.089
0.23175,0.0586,4.2,0.36000000000000054,0.093,0.36000000000000054,0.089
0.2318,0.058012999999999995,4.199999999999999,0.36000000000000054,0.093,0.36000000000000054,0.089
0.23185,0.0574605,4.1499999999999995,0.36000000000000054,0.092,0.36000000000000054,0.089
0.23190000000000002,0.05694,4.15,0.36000000000000054,0.092,0.36000000000000054,0.089
0.23195000000000002,0.0563915,4.1,0.36000000000000054,0.092,0.36000000000000054,0.088
0.232,0.055881999999999994,4.099999999999999,0.36000000000000054,0.092,0.36000000000000054,0.088
0.23205,0.0553365,4.049999999999999,0.36000000000000054,0.092,0.36000000000000054,0.088
0.2321,0.054782,4.05,0.36000000000000054,0.091,0.36000000000000054,0.088
0.23215000000000002,0.054168999999999995,4.0,0.36000000000000054,0.091,0.36000000000000054,0.088
0.23220000000000002,0.0535155,4.0,0.34999999999999987,0.091,0.34999999999999987,0.087
0.23225,0.052754999999999996,3.95,0.3399999999999992,0.091,0.3399999999999992,0.087
0.2323,0.050995,3.8000000000000007,0.3199999999999996,0.09000000000000001,0.0,0.0
0.23235,0.047999,3.6500000000000004,0.30000000000000004,0.09000000000000001,0.0,0.0
0.23240000000000002,0.044553999999999996,3.4000000000000004,0.28000000000000047,0.089,0.0,0.0
0.23245000000000002,0.0410855,3.25,0.28000000000000047,0.089,0.0,0.0
0.2325,0.0374425,3.1000000000000005,0.2699999999999998,0.088,0.0,0.0
0.23255,0.03376,2.8999999999999995,0.2599999999999991,0.087,0.0,0.0
0.2326,0.0300915,2.700000000000001,0.24999999999999933,0.086,0.0,0.0
0.23265000000000002,0.0265255,2.5500000000000007,0.23999999999999955,0.08399999999999999,0.0,0.0
0.23270000000000002,0.0230545,2.4000000000000012,0.22999999999999976,0.082,0.0,0.0
0.23275,0.019579,2.200000000000001,0.2100000000000002,0.079,0.0,0.0
0.2328,0.0163975,2.0,0.2100000000000002,0.076,0.0,0.0
0.23285,0.0133425,1.8500000000000008,0.18999999999999972,0.07200000000000001,0.0,0.0
0.23290000000000002,0.010433999999999999,1.6499999999999997,0.17999999999999994,0.068,0.0,0.0
0.23295000000000002,0.007837499999999999,1.4500000000000004,0.17000000000000015,0.062,0.0,0.0
0.233,0.0054525,1.2499999999999993,0.1499999999999997,0.056,0.0,0.0
0.23305,0.0033859999999999997,1.0499999999999983,0.12000000000000031,0.048,0.0,0.0
0.2331,0.0016625,0.8,0.09999999999999985,0.038,0.0,0.0
0.23315000000000002,0.0003895,0.5000000000000011,0.059999999999999824,0.023,0.0,0.0
0.23320000000000002,0.0014364999999999998,0.39999999999999963,0.3299999999999994,0.023,0.3299999999999994,0.023
0.23325,0.0041795,0.5000000000000011,0.37000000000000033,0.048,0.37000000000000033,0.048
0.2333,0.0071614999999999995,0.6500000000000015,0.3899999999999999,0.063,0.3899999999999999,0.063
0.23335,0.0104155,0.8000000000000018,0.3899999999999999,0.074,0.3899999999999999,0.074
0.23340000000000002,0.013866,0.8500000000000008,0.3899999999999999,0.082,0.3899999999999999,0.082
0.23345000000000002,0.017589999999999998,0.9999999999999993,0.3899999999999999,0.088,0.3899999999999999,0.088
0.2335,0.021398,1.1499999999999997,0.3899999999999999,0.094,0.3899999999999999,0.094
0.23355,0.02524,1.3,0.3899999999999999,0.097,0.3899999999999999,0.097
0.2336,0.029114499999999998,1.4500000000000004,0.3899999999999999,0.101,0.3899999999999999,0.101
0.23365000000000002,0.032951,1.6000000000000008,0.3899999999999999,0.103,0.3899999999999999,0.103
0.23370000000000002,0.036765,1.7000000000000004,0.3899999999999999,0.10500000000000001,0.3899999999999999,0.103
0.23375,0.040570999999999996,1.8500000000000025,0.3899999999999999,0.107,0.3899999999999999,0.103
0.2338,0.0442395,2.000000000000001,0.3800000000000001,0.108,0.3800000000000001,0.103
0.23385,0.047870499999999996,2.1500000000000012,0.3800000000000001,0.10900000000000001,0.3800000000000001,0.103
0.23390000000000002,0.051385,2.3000000000000007,0.3800000000000001,0.11,0.3800000000000001,0.102
0.23395000000000002,0.054739499999999996,2.45,0.3800000000000001,0.111,0.3800000000000001,0.102
0.234,0.057998499999999995,2.55,0.3800000000000001,0.111,0.3800000000000001,0.101
0.23405,0.061106999999999995,2.7,0.3800000000000001,0.111,0.3800000000000001,0.101
0.2341,0.063916,2.8499999999999996,0.3800000000000001,0.111,0.3800000000000001,0.1
0.23415000000000002,0.06666899999999999,3.000000000000001,0.3800000000000001,0.111,0.3800000000000001,0.09899999999999999
0.23420000000000002,0.0692425,3.0999999999999996,0.3800000000000001,0.11,0.3800000000000001,0.09899999999999999
0.23425,0.071685,3.25,0.3800000000000001,0.11,0.3800000000000001,0.098
0.2343,0.0738375,3.3999999999999995,0.37000000000000033,0.10900000000000001,0.37000000000000033,0.098
0.23435,0.0757,3.55,0.37000000000000033,0.108,0.37000000000000033,0.097
0.23440000000000003,0.077372,3.6499999999999986,0.37000000000000033,0.107,0.37000000000000033,0.097
0.23445000000000002,0.0789185,3.799999999999999,0.37000000000000033,0.107,0.37000000000000033,0.096
0.23450000000000001,0.08018349999999999,3.9499999999999993,0.37000000000000033,0.106,0.37000000000000033,0.096
0.23455,0.0811805,4.05,0.37000000000000033,0.10500000000000001,0.37000000000000033,0.096
0.2346,0.08197449999999999,4.2,0.37000000000000033,0.104,0.37000000000000033,0.095
0.23465,0.082443,4.300000000000001,0.37000000000000033,0.104,0.37000000000000033,0.095
0.23470000000000002,0.0827285,4.450000000000001,0.37000000000000033,0.103,0.37000000000000033,0.095
0.23475000000000001,0.082732,4.55,0.37000000000000033,0.102,0.37000000000000033,0.094
0.2348,0.0824785,4.7,0.37000000000000033,0.102,0.37000000000000033,0.094
0.23485,0.081992,4.799999999999999,0.37000000000000033,0.101,0.37000000000000033,0.094
0.2349,0.08128099999999999,4.899999999999999,0.37000000000000033,0.1,0.37000000000000033,0.093
0.23495000000000002,0.080332,4.949999999999999,0.37000000000000033,0.1,0.37000000000000033,0.093
0.23500000000000001,0.0791915,5.05,0.37000000000000033,0.09899999999999999,0.37000000000000033,0.093
0.23505,0.07792299999999999,5.099999999999999,0.37000000000000033,0.09899999999999999,0.37000000000000033,0.092
0.2351,0.0765125,5.1,0.37000000000000033,0.09899999999999999,0.37000000000000033,0.092
0.23515,0.075058,5.1,0.37000000000000033,0.098,0.37000000000000033,0.092
0.23520000000000002,0.07357799999999999,5.050000000000001,0.37000000000000033,0.098,0.37000000000000033,0.092
0.23525000000000001,0.072113,4.999999999999999,0.37000000000000033,0.097,0.37000000000000033,0.091
0.2353,0.07074749999999999,4.8999999999999995,0.37000000000000033,0.097,0.37000000000000033,0.091
0.23535,0.06945,4.849999999999999,0.37000000000000033,0.097,0.37000000000000033,0.091
0.2354,0.068261,4.75,0.37000000000000033,0.096,0.37000000000000033,0.091
0.23545000000000002,0.06712649999999999,4.7,0.37000000000000033,0.096,0.37000000000000033,0.091
0.23550000000000001,0.066068,4.6499999999999995,0.37000000000000033,0.095,0.37000000000000033,0.09000000000000001
0.23555,0.065103,4.6,0.37000000000000033,0.095,0.37000000000000033,0.09000000000000001
0.2356,0.06418449999999999,4.55,0.35999999999999965,0.095,0.35999999999999965,0.09000000000000001
0.23565,0.06332299999999999,4.499999999999999,0.35999999999999965,0.095,0.35999999999999965,0.09000000000000001
0.23570000000000002,0.062521,4.45,0.35999999999999965,0.094,0.35999999999999965,0.09000000000000001
0.23575000000000002,0.0617685,4.3999999999999995,0.35999999999999965,0.094,0.35999999999999965,0.09000000000000001
0.2358,0.061049,4.35,0.35999999999999965,0.094,0.35999999999999965,0.089
0.23585,0.060339,4.3,0.35999999999999965,0.093,0.35999999999999965,0.089
0.2359,0.059698999999999995,4.3,0.35999999999999965,0.093,0.35999999999999965,0.089
0.23595000000000002,0.059066999999999995,4.25,0.35999999999999965,0.093,0.35999999999999965,0.089
0.23600000000000002,0.058487,4.2,0.35999999999999965,0.093,0.35999999999999965,0.089
0.23605,0.057895999999999996,4.2,0.35999999999999965,0.093,0.35999999999999965,0.089
0.2361,0.0573555,4.1499999999999995,0.35999999999999965,0.092,0.35999999999999965,0.088
0.23615,0.056812999999999995,4.1499999999999995,0.35999999999999965,0.092,0.35999999999999965,0.088
0.23620000000000002,0.0562765,4.1000000000000005,0.35999999999999965,0.092,0.35999999999999965,0.088
0.23625000000000002,0.0557635,4.1,0.35999999999999965,0.092,0.35999999999999965,0.088
0.2363,0.05522,4.05,0.35999999999999965,0.092,0.35999999999999965,0.088
0.23635,0.054652,4.05,0.35999999999999965,0.091,0.35999999999999965,0.088
0.2364,0.0540415,4.05,0.35999999999999965,0.091,0.35999999999999965,0.087
0.23645000000000002,0.053352,3.9499999999999997,0.3400000000000001,0.091,0.3400000000000001,0.087
0.23650000000000002,0.052556,3.9499999999999997,0.3400000000000001,0.091,0.3400000000000001,0.087
0.23655,0.05042,3.7499999999999996,0.30999999999999983,0.09000000000000001,0.0,0.0
0.2366,0.047323,3.5999999999999996,0.30000000000000004,0.09000000000000001,0.0,0.0
0.23665,0.043851499999999995,3.4,0.2799999999999996,0.089,0.0,0.0
0.23670000000000002,0.040326999999999995,3.1999999999999997,0.2799999999999996,0.089,0.0,0.0
0.23675000000000002,0.036691499999999995,3.05,0.2699999999999998,0.088,0.0,0.0
0.2368,0.0329995,2.9,0.26,0.087,0.0,0.0
0.23685,0.029342999999999998,2.65,0.2500000000000002,0.085,0.0,0.0
0.2369,0.025761,2.5,0.24000000000000044,0.08399999999999999,0.0,0.0
0.23695000000000002,0.022338,2.35,0.22999999999999976,0.081,0.0,0.0
0.23700000000000002,0.018914,2.2,0.21000000000000107,0.078,0.0,0.0
0.23705,0.0157365,1.95,0.21000000000000107,0.075,0.0,0.0
0.2371,0.012732,1.8,0.18999999999999972,0.07100000000000001,0.0,0.0
0.23715,0.009863,1.6,0.17000000000000015,0.067,0.0,0.0
0.23720000000000002,0.007324,1.4000000000000001,0.15999999999999948,0.061,0.0,0.0
0.23725000000000002,0.0049805,1.2500000000000002,0.1399999999999999,0.054,0.0,0.0
0.2373,0.0030015,1.0,0.12000000000000031,0.046,0.0,0.0
0.23735,0.001354,0.75,0.09000000000000007,0.03499999999999999,0.0,0.0
0.2374,0.000204,0.39999999999999997,0.05000000000000004,0.018000000000000002,0.0,0.0
0.23745000000000002,0.0020035,0.45,0.34999999999999987,0.030000000000000002,0.34999999999999987,0.030000000000000002
0.23750000000000002,0.0047665,0.55,0.380000000000001,0.051,0.380000000000001,0.051
0.23755,0.0078155,0.6500000000000001,0.3899999999999999,0.066,0.3899999999999999,0.066
0.2376,0.0111195,0.8,0.3899999999999999,0.076,0.3899999999999999,0.076
0.23765,0.014655,0.9,0.3899999999999999,0.08399999999999999,0.3899999999999999,0.08399999999999999
0.23770000000000002,0.0183855,1.05,0.3899999999999999,0.09000000000000001,0.3899999999999999,0.09000000000000001
0.23775000000000002,0.022210999999999998,1.2,0.3899999999999999,0.094,0.3899999999999999,0.094
0.2378,0.026060999999999997,1.35,0.3899999999999999,0.098,0.3899999999999999,0.098
0.23785,0.0299135,1.5,0.3899999999999999,0.101,0.3899999999999999,0.101
0.2379,0.033736999999999996,1.6500000000000001,0.3899999999999999,0.104,0.3899999999999999,0.103
0.23795000000000002,0.0375585,1.75,0.3899999999999999,0.106,0.3899999999999999,0.103
0.23800000000000002,0.041347999999999996,1.9,0.3899999999999999,0.107,0.3899999999999999,0.103
0.23805,0.0449855,2.0500000000000003,0.3799999999999992,0.10900000000000001,0.3799999999999992,0.103
0.2381,0.048596,2.2,0.3799999999999992,0.11,0.3799999999999992,0.102
0.23815,0.052081499999999996,2.35,0.3799999999999992,0.11,0.3799999999999992,0.102
0.23820000000000002,0.0554215,2.4499999999999997,0.3799999999999992,0.111,0.3799999999999992,0.101
0.23825000000000002,0.058657,2.5999999999999996,0.3799999999999992,0.111,0.3799999999999992,0.1
0.2383,0.061716,2.7499999999999996,0.3799999999999992,0.111,0.3799999999999992,0.1
0.23835,0.064467,2.8999999999999995,0.3799999999999992,0.111,0.3799999999999992,0.09899999999999999
0.2384,0.0672005,3.05,0.3799999999999992,0.111,0.3799999999999992,0.09899999999999999
0.23845000000000002,0.069769,3.15,0.3799999999999992,0.11,0.3799999999999992,0.098
0.23850000000000002,0.072138,3.3,0.3799999999999992,0.10900000000000001,0.3799999999999992,0.098
0.23855,0.074235,3.45,0.36999999999999944,0.10900000000000001,0.36999999999999944,0.097
0.2386,0.0760285,3.6,0.36999999999999944,0.108,0.36999999999999944,0.097
0.23865,0.07769849999999999,3.6499999999999995,0.36999999999999944,0.107,0.36999999999999944,0.096
0.23870000000000002,0.0792015,3.8,0.36999999999999944,0.106,0.36999999999999944,0.096
0.23875000000000002,0.080411,3.95,0.36999999999999944,0.106,0.36999999999999944,0.096
0.2388,0.0813585,4.05,0.36999999999999944,0.10500000000000001,0.36999999999999944,0.095
0.23885,0.0820755,4.2,0.36999999999999944,0.104,0.36999999999999944,0.095
0.2389,0.0825245,4.3,0.36999999999999944,0.103,0.36999999999999944,0.094
0.23895000000000002,0.08273,4.45,0.36999999999999944,0.103,0.36999999999999944,0.094
0.23900000000000002,0.08268249999999999,4.550000000000001,0.36999999999999944,0.102,0.36999999999999944,0.094
0.23905,0.082382,4.7,0.36999999999999944,0.101,0.36999999999999944,0.093
0.2391,0.081858,4.8,0.36999999999999944,0.101,0.36999999999999944,0.093
0.23915,0.081074,4.8999999999999995,0.36999999999999944,0.1,0.36999999999999944,0.093
0.23920000000000002,0.080105,4.95,0.36999999999999944,0.1,0.36999999999999944,0.093
0.23925000000000002,0.0789465,4.999999999999999,0.36999999999999944,0.09899999999999999,0.36999999999999944,0.092
0.2393,0.077647,5.05,0.36999999999999944,0.09899999999999999,0.36999999999999944,0.092
0.23935,0.07621399999999999,5.049999999999999,0.36999999999999944,0.098,0.36999999999999944,0.092
0.2394,0.07474599999999999,5.05,0.36999999999999944,0.098,0.36999999999999944,0.092
0.23945000000000002,0.073264,5.0,0.36999999999999944,0.098,0.36999999999999944,0.091
0.23950000000000002,0.0718245,4.949999999999999,0.36999999999999944,0.097,0.36999999999999944,0.091
0.23955,0.0704535,4.85,0.36999999999999944,0.097,0.36999999999999944,0.091
0.2396,0.0692025,4.8,0.36999999999999944,0.096,0.36999999999999944,0.091
0.23965,0.06800149999999999,4.749999999999999,0.36999999999999944,0.096,0.36999999999999944,0.09000000000000001
0.23970000000000002,0.06690399999999999,4.6499999999999995,0.36999999999999944,0.096,0.36999999999999944,0.09000000000000001
0.23975000000000002,0.065874,4.6000000000000005,0.36999999999999944,0.095,0.36999999999999944,0.09000000000000001
0.2398,0.064913,4.55,0.36999999999999944,0.095,0.36999999999999944,0.09000000000000001
0.23985,0.06401699999999999,4.500000000000001,0.36999999999999944,0.095,0.36999999999999944,0.09000000000000001
0.2399,0.063165,4.45,0.35999999999999965,0.095,0.35999999999999965,0.09000000000000001
0.23995000000000002,0.062358,4.3999999999999995,0.35999999999999965,0.094,0.35999999999999965,0.089
0.24000000000000002,0.0616105,4.349999999999999,0.35999999999999965,0.094,0.35999999999999965,0.089
0.24005,0.060885999999999996,4.3,0.35999999999999965,0.094,0.35999999999999965,0.089
0.2401,0.060195,4.299999999999998,0.35999999999999965,0.093,0.35999999999999965,0.089
0.24015,0.059574499999999996,4.25,0.35999999999999965,0.093,0.35999999999999965,0.089
0.24020000000000002,0.058946,4.199999999999999,0.35999999999999965,0.093,0.35999999999999965,0.089
0.24025000000000002,0.058344999999999994,4.199999999999999,0.35999999999999965,0.093,0.35999999999999965,0.088
0.2403,0.057790999999999995,4.15,0.35999999999999965,0.093,0.35999999999999965,0.088
0.24035,0.0572465,4.15,0.35999999999999965,0.092,0.35999999999999965,0.088
0.2404,0.056700999999999994,4.1000000000000005,0.35999999999999965,0.092,0.35999999999999965,0.088
0.24045000000000002,0.056201499999999995,4.099999999999999,0.35999999999999965,0.092,0.35999999999999965,0.088
0.24050000000000002,0.055652999999999994,4.050000000000002,0.35999999999999965,0.092,0.35999999999999965,0.088
0.24055,0.0551165,4.05,0.35999999999999965,0.091,0.35999999999999965,0.087
0.2406,0.054536999999999995,4.0,0.35999999999999965,0.091,0.35999999999999965,0.087
0.24065,0.053912999999999996,3.9999999999999982,0.35999999999999965,0.091,0.35999999999999965,0.087
0.24070000000000003,0.053218999999999995,3.950000000000001,0.34000000000000097,0.091,0.34000000000000097,0.087
0.24075000000000002,0.052398,3.9499999999999993,0.34000000000000097,0.09000000000000001,0.0,0.0
0.24080000000000001,0.0498225,3.750000000000001,0.30000000000000004,0.09000000000000001,0.0,0.0
0.24085,0.046599999999999996,3.55,0.30000000000000004,0.09000000000000001,0.0,0.0
0.2409,0.043159499999999996,3.3499999999999996,0.2799999999999996,0.089,0.0,0.0
0.24095000000000003,0.039567,3.1999999999999993,0.2700000000000007,0.089,0.0,0.0
0.24100000000000002,0.035897,3.0,0.2600000000000009,0.088,0.0,0.0
0.24105000000000001,0.0322285,2.8499999999999996,0.2500000000000002,0.087,0.0,0.0
0.2411,0.0286125,2.6500000000000012,0.2500000000000002,0.085,0.0,0.0
0.24115,0.025051499999999997,2.45,0.23000000000000065,0.083,0.0,0.0
0.2412,0.021596999999999998,2.3000000000000007,0.23000000000000065,0.081,0.0,0.0
0.24125000000000002,0.018248,2.1000000000000005,0.2099999999999993,0.078,0.0,0.0
0.24130000000000001,0.015078,1.9500000000000004,0.2099999999999993,0.074,0.0,0.0
0.24135,0.0121345,1.7499999999999993,0.18999999999999972,0.06999999999999998,0.0,0.0
0.2414,0.009330999999999999,1.55,0.17000000000000015,0.06499999999999999,0.0,0.0
0.24145,0.0068,1.349999999999999,0.16000000000000036,0.060000000000000005,0.0,0.0
0.24150000000000002,0.004533,1.1499999999999997,0.1399999999999999,0.053,0.0,0.0
0.24155000000000001,0.002608,0.9499999999999986,0.10999999999999964,0.044,0.0,0.0
0.2416,0.0010635,0.7000000000000004,0.08000000000000028,0.033,0.0,0.0
0.24165,5.85e-05,0.24999999999999928,0.029999999999999576,0.012,0.0,0.0
0.2417,0.002554,0.44999999999999857,0.35999999999999965,0.03499999999999999,0.35999999999999965,0.034999999999999996
0.24175000000000002,0.0053925,0.5500000000000018,0.3899999999999999,0.055,0.3899999999999999,0.055
0.24180000000000001,0.0084945,0.7000000000000004,0.3899999999999999,0.068,0.3899999999999999,0.068
0.24185,0.011840999999999999,0.8500000000000008,0.3899999999999999,0.078,0.3899999999999999,0.078
0.2419,0.0154165,0.9500000000000004,0.3899999999999999,0.085,0.3899999999999999,0.085
0.24195,0.019163,1.1000000000000008,0.3899999999999999,0.091,0.3899999999999999,0.091
0.24200000000000002,0.022980499999999997,1.2499999999999993,0.3899999999999999,0.095,0.3899999999999999,0.095
0.24205000000000002,0.026841999999999998,1.3500000000000008,0.3899999999999999,0.09899999999999999,0.3899999999999999,0.09899999999999999
0.2421,0.030703499999999998,1.4999999999999993,0.3899999999999999,0.102,0.3899999999999999,0.102
0.24215,0.0345335,1.6499999999999997,0.3899999999999999,0.104,0.3899999999999999,0.103
0.2422,0.0383545,1.750000000000001,0.3899999999999999,0.106,0.3899999999999999,0.104
0.24225000000000002,0.042117499999999995,1.9000000000000015,0.3899999999999999,0.108,0.3899999999999999,0.104
0.24230000000000002,0.045757,2.0500000000000007,0.3800000000000001,0.10900000000000001,0.3800000000000001,0.103
0.24235,0.049346,2.200000000000001,0.3800000000000001,0.11,0.3800000000000001,0.103
0.2424,0.052794999999999995,2.3500000000000014,0.3800000000000001,0.11,0.3800000000000001,0.102
0.24245,0.056118999999999995,2.45,0.3800000000000001,0.111,0.3800000000000001,0.102
0.24250000000000002,0.0593225,2.6000000000000005,0.3800000000000001,0.111,0.3800000000000001,0.101
0.24255000000000002,0.062306999999999994,2.75,0.3800000000000001,0.111,0.3800000000000001,0.101
0.2426,0.065063,2.9000000000000004,0.3800000000000001,0.111,0.3800000000000001,0.1
0.24265,0.06776,3.0500000000000007,0.3800000000000001,0.11,0.3800000000000001,0.09899999999999999
0.2427,0.07029049999999999,3.1499999999999995,0.3800000000000001,0.11,0.3800000000000001,0.09899999999999999
0.24275000000000002,0.0726095,3.3,0.3800000000000001,0.10900000000000001,0.3800000000000001,0.098
0.24280000000000002,0.074658,3.4499999999999993,0.37000000000000033,0.10900000000000001,0.37000000000000033,0.098
0.24285,0.07638199999999999,3.5999999999999996,0.37000000000000033,0.108,0.37000000000000033,0.097
0.2429,0.0780645,3.6999999999999984,0.37000000000000033,0.107,0.37000000000000033,0.097
0.24295,0.0794785,3.8499999999999988,0.37000000000000033,0.106,0.37000000000000033,0.097
0.24300000000000002,0.0806195,3.9999999999999982,0.37000000000000033,0.10500000000000001,0.37000000000000033,0.096
0.24305000000000002,0.081555,4.1,0.37000000000000033,0.10500000000000001,0.37000000000000033,0.096
0.2431,0.08222199999999999,4.25,0.37000000000000033,0.104,0.37000000000000033,0.095
0.24315,0.08261149999999999,4.3500000000000005,0.37000000000000033,0.103,0.37000000000000033,0.095
0.2432,0.08277799999999999,4.500000000000001,0.37000000000000033,0.103,0.37000000000000033,0.095
0.24325000000000002,0.082671,4.6,0.37000000000000033,0.102,0.37000000000000033,0.094
0.24330000000000002,0.08231949999999999,4.699999999999999,0.37000000000000033,0.101,0.37000000000000033,0.094
0.24335,0.0817315,4.799999999999999,0.37000000000000033,0.101,0.37000000000000033,0.094
0.2434,0.0809215,4.9,0.37000000000000033,0.1,0.37000000000000033,0.093
0.24345,0.07990649999999999,4.999999999999999,0.37000000000000033,0.1,0.37000000000000033,0.093
0.24350000000000002,0.07869949999999999,5.050000000000002,0.37000000000000033,0.09899999999999999,0.37000000000000033,0.093
0.24355000000000002,0.0773415,5.1,0.37000000000000033,0.09899999999999999,0.37000000000000033,0.093
0.2436,0.075927,5.1,0.37000000000000033,0.098,0.37000000000000033,0.092
0.24365,0.0744615,5.05,0.37000000000000033,0.098,0.37000000000000033,0.092
0.2437,0.07296749999999999,4.999999999999999,0.37000000000000033,0.098,0.37000000000000033,0.092
0.24375000000000002,0.07155,4.95,0.37000000000000033,0.097,0.37000000000000033,0.092
0.24380000000000002,0.07022049999999999,4.8500000000000005,0.37000000000000033,0.097,0.37000000000000033,0.091
0.24385,0.0689665,4.800000000000001,0.37000000000000033,0.096,0.37000000000000033,0.091
0.2439,0.0677905,4.749999999999999,0.37000000000000033,0.096,0.37000000000000033,0.091
0.24395,0.066694,4.6499999999999995,0.37000000000000033,0.096,0.37000000000000033,0.091
0.24400000000000002,0.06567049999999999,4.6000000000000005,0.37000000000000033,0.095,0.37000000000000033,0.091
0.24405000000000002,0.0647215,4.55,0.37000000000000033,0.095,0.37000000000000033,0.09000000000000001
0.2441,0.0638475,4.499999999999999,0.37000000000000033,0.095,0.37000000000000033,0.09000000000000001
0.24415,0.063007,4.45,0.36000000000000054,0.094,0.36000000000000054,0.09000000000000001
0.2442,0.062222,4.3999999999999995,0.36000000000000054,0.094,0.36000000000000054,0.09000000000000001
0.24425000000000002,0.061448499999999996,4.3500000000000005,0.36000000000000054,0.094,0.36000000000000054,0.09000000000000001
0.24430000000000002,0.060753499999999995,4.35,0.36000000000000054,0.094,0.36000000000000054,0.09000000000000001
0.24435,0.060084,4.3,0.36000000000000054,0.093,0.36000000000000054,0.089
0.2444,0.059450499999999996,4.250000000000001,0.36000000000000054,0.093,0.36000000000000054,0.089
0.24445,0.058834,4.25,0.36000000000000054,0.093,0.36000000000000054,0.089
0.24450000000000002,0.0582455,4.2,0.36000000000000054,0.093,0.36000000000000054,0.089
0.24455000000000002,0.057694499999999996,4.1499999999999995,0.36000000000000054,0.092,0.36000000000000054,0.089
0.2446,0.057144999999999994,4.15,0.36000000000000054,0.092,0.36000000000000054,0.089
0.24465,0.056606,4.1,0.36000000000000054,0.092,0.36000000000000054,0.088
0.2447,0.056063499999999995,4.1,0.36000000000000054,0.092,0.36000000000000054,0.088
0.24475000000000002,0.055539,4.05,0.36000000000000054,0.092,0.36000000000000054,0.088
0.24480000000000002,0.0549975,4.05,0.36000000000000054,0.091,0.36000000000000054,0.088
0.24485,0.054421,4.0,0.36000000000000054,0.091,0.36000000000000054,0.088
0.2449,0.0537845,4.000000000000001,0.36000000000000054,0.091,0.36000000000000054,0.087
0.24495,0.053036,4.0,0.3399999999999992,0.091,0.3399999999999992,0.087
0.24500000000000002,0.0519445,3.9,0.3200000000000005,0.09000000000000001,0.0,0.0
0.24505000000000002,0.049194499999999995,3.6999999999999997,0.30000000000000004,0.09000000000000001,0.0,0.0
0.2451,0.0458695,3.5499999999999994,0.29000000000000026,0.09000000000000001,0.0,0.0
0.24515,0.042415499999999995,3.3,0.28000000000000047,0.089,0.0,0.0
0.2452,0.0388235,3.15,0.2699999999999998,0.088,0.0,0.0
0.24525000000000002,0.035134,2.9999999999999996,0.2599999999999991,0.087,0.0,0.0
0.24530000000000002,0.0314635,2.8,0.2500000000000002,0.086,0.0,0.0
0.24535,0.027854999999999998,2.6,0.2500000000000002,0.085,0.0,0.0
0.2454,0.024347499999999998,2.4499999999999997,0.22999999999999976,0.083,0.0,0.0
0.24545,0.0208905,2.25,0.22999999999999976,0.08,0.0,0.0
0.24550000000000002,0.017582,2.05,0.2099999999999993,0.077,0.0,0.0
0.24555000000000002,0.014449499999999999,1.9,0.1999999999999995,0.074,0.0,0.0
0.2456,0.0115225,1.75,0.1900000000000006,0.06899999999999999,0.0,0.0
0.24565,0.008798499999999999,1.5000000000000002,0.16999999999999926,0.064,0.0,0.0
0.2457,0.006325,1.35,0.15000000000000058,0.058,0.0,0.0
0.24575000000000002,0.0041245,1.1,0.13000000000000012,0.051,0.0,0.0
0.24580000000000002,0.0022435,0.9000000000000001,0.11000000000000053,0.041999999999999996,0.0,0.0
0.24585,0.0007985,0.6000000000000001,0.08000000000000117,0.030000000000000002,0.0,0.0
0.2459,0.0002535,0.25,0.21999999999999997,0.008,0.21999999999999997,0.008
0.24595,0.0031265,0.44999999999999996,0.37000000000000033,0.04,0.37000000000000033,0.04
0.24600000000000002,0.006012,0.6000000000000001,0.389999999999999,0.058,0.389999999999999,0.058
0.24605000000000002,0.009164499999999999,0.7500000000000001,0.389999999999999,0.06999999999999998,0.389999999999999,0.06999999999999999
0.2461,0.012555499999999999,0.8500000000000001,0.389999999999999,0.079,0.389999999999999,0.079
0.24615,0.0161895,0.9500000000000001,0.389999999999999,0.086,0.389999999999999,0.08600000000000001
0.2462,0.019968,1.1,0.389999999999999,0.092,0.389999999999999,0.092
0.24625000000000002,0.023798999999999997,1.25,0.389999999999999,0.096,0.389999999999999,0.096
0.24630000000000002,0.027679,1.4000000000000001,0.389999999999999,0.1,0.389999999999999,0.1
0.24635,0.031519,1.55,0.389999999999999,0.102,0.389999999999999,0.102
0.2464,0.035339499999999996,1.7,0.389999999999999,0.10500000000000001,0.389999999999999,0.103
0.24645,0.0391645,1.8,0.389999999999999,0.106,0.389999999999999,0.103
0.24650000000000002,0.0428975,1.95,0.3800000000000001,0.108,0.3800000000000001,0.103
0.24655000000000002,0.046530499999999995,2.1,0.3800000000000001,0.10900000000000001,0.3800000000000001,0.103
0.2466,0.050081,2.25,0.3800000000000001,0.11,0.3800000000000001,0.102
0.24665,0.053499,2.4,0.3800000000000001,0.11,0.3800000000000001,0.102
0.2467,0.056806999999999996,2.5,0.3800000000000001,0.111,0.3800000000000001,0.101
0.24675000000000002,0.0599925,2.65,0.3800000000000001,0.111,0.3800000000000001,0.101
0.24680000000000002,0.0628955,2.8,0.3800000000000001,0.111,0.3800000000000001,0.1
0.24685,0.06565549999999999,2.9499999999999997,0.3800000000000001,0.111,0.3800000000000001,0.09899999999999999
0.2469,0.068297,3.0999999999999996,0.3800000000000001,0.11,0.3800000000000001,0.09899999999999999
0.24695,0.07080399999999999,3.1999999999999997,0.3800000000000001,0.11,0.3800000000000001,0.098
0.24700000000000003,0.07306399999999999,3.3499999999999996,0.3800000000000001,0.10900000000000001,0.3800000000000001,0.098
0.24705000000000002,0.07505099999999999,3.5,0.36999999999999944,0.10900000000000001,0.36999999999999944,0.097
0.24710000000000001,0.076731,3.5999999999999996,0.36999999999999944,0.108,0.36999999999999944,0.097
0.24715,0.078383,3.7499999999999996,0.36999999999999944,0.107,0.36999999999999944,0.096
0.2472,0.07975399999999999,3.8999999999999995,0.36999999999999944,0.106,0.36999999999999944,0.096
0.24725000000000003,0.0808115,4.0,0.36999999999999944,0.10500000000000001,0.36999999999999944,0.096
0.24730000000000002,0.0816885,4.1499999999999995,0.36999999999999944,0.10500000000000001,0.36999999999999944,0.095
0.24735000000000001,0.0823045,4.3,0.36999999999999944,0.104,0.36999999999999944,0.095
0.2474,0.082671,4.3999999999999995,0.36999999999999944,0.103,0.36999999999999944,0.095
0.24745,0.0827675,4.55,0.36999999999999944,0.102,0.36999999999999944,0.094
0.24750000000000003,0.082632,4.65,0.36999999999999944,0.102,0.36999999999999944,0.094
0.24755000000000002,0.0822195,4.75,0.36999999999999944,0.101,0.36999999999999944,0.094
0.24760000000000001,0.08158499999999999,4.85,0.36999999999999944,0.101,0.36999999999999944,0.093
0.24765,0.080733,4.95,0.36999999999999944,0.1,0.36999999999999944,0.093
0.2477,0.0796655,5.0,0.36999999999999944,0.1,0.36999999999999944,0.093
0.24775,0.0784275,5.05,0.36999999999999944,0.09899999999999999,0.36999999999999944,0.092
0.24780000000000002,0.0770645,5.1000000000000005,0.36999999999999944,0.09899999999999999,0.36999999999999944,0.092
0.24785000000000001,0.075612,5.1,0.36999999999999944,0.098,0.36999999999999944,0.092
0.2479,0.07413,5.05,0.36999999999999944,0.098,0.36999999999999944,0.092
0.24795,0.072674,4.999999999999999,0.36999999999999944,0.097,0.36999999999999944,0.091
0.248,0.07124799999999999,4.95,0.36999999999999944,0.097,0.36999999999999944,0.091
0.24805000000000002,0.06994249999999999,4.8999999999999995,0.36999999999999944,0.097,0.36999999999999944,0.091
0.24810000000000001,0.0686965,4.8,0.36999999999999944,0.096,0.36999999999999944,0.091
0.24815,0.0675465,4.749999999999999,0.36999999999999944,0.096,0.36999999999999944,0.091
0.2482,0.066484,4.6499999999999995,0.36999999999999944,0.096,0.36999999999999944,0.09000000000000001
0.24825,0.065472,4.6000000000000005,0.36999999999999944,0.095,0.36999999999999944,0.09000000000000001
0.24830000000000002,0.064529,4.55,0.35999999999999965,0.095,0.35999999999999965,0.09000000000000001
0.24835000000000002,0.0636495,4.499999999999999,0.35999999999999965,0.095,0.35999999999999965,0.09000000000000001
0.2484,0.062813,4.449999999999999,0.35999999999999965,0.094,0.35999999999999965,0.09000000000000001
0.24845,0.062034,4.3999999999999995,0.35999999999999965,0.094,0.35999999999999965,0.089
0.2485,0.061302499999999996,4.3999999999999995,0.35999999999999965,0.094,0.35999999999999965,0.089
0.24855000000000002,0.0605955,4.35,0.35999999999999965,0.094,0.35999999999999965,0.089
0.24860000000000002,0.0599375,4.3,0.35999999999999965,0.093,0.35999999999999965,0.089
0.24865,0.059310999999999996,4.25,0.35999999999999965,0.093,0.35999999999999965,0.089
0.2487,0.058696,4.250000000000001,0.35999999999999965,0.093,0.35999999999999965,0.089
0.24875,0.0581195,4.199999999999999,0.35999999999999965,0.093,0.35999999999999965,0.089
0.24880000000000002,0.057560999999999994,4.199999999999999,0.35999999999999965,0.092,0.35999999999999965,0.088
0.24885000000000002,0.057012,4.15,0.35999999999999965,0.092,0.35999999999999965,0.088
0.2489,0.056505,4.15,0.35999999999999965,0.092,0.35999999999999965,0.088
0.24895,0.055952499999999995,4.099999999999999,0.35999999999999965,0.092,0.35999999999999965,0.088
0.249,0.055438499999999995,4.099999999999999,0.35999999999999965,0.092,0.35999999999999965,0.088
0.24905000000000002,0.054886,3.999999999999999,0.35999999999999965,0.091,0.35999999999999965,0.088
0.24910000000000002,0.0542905,4.000000000000001,0.35999999999999965,0.091,0.35999999999999965,0.087
0.24915,0.053646,3.9499999999999993,0.34999999999999987,0.091,0.34999999999999987,0.087
0.2492,0.052886999999999997,3.9499999999999993,0.3400000000000001,0.091,0.3400000000000001,0.087
0.24925,0.0514335,3.8500000000000005,0.3200000000000005,0.09000000000000001,0.0,0.0
0.24930000000000002,0.048552,3.6500000000000004,0.30000000000000093,0.09000000000000001,0.0,0.0
0.24935000000000002,0.0451395,3.500000000000001,0.28000000000000047,0.09000000000000001,0.0,0.0
0.2494,0.041691,3.3,0.28000000000000047,0.089,0.0,0.0
0.24945,0.038057,3.1000000000000005,0.2699999999999998,0.088,0.0,0.0
0.2495,0.0343725,2.9499999999999993,0.26,0.087,0.0,0.0
0.24955000000000002,0.030716999999999998,2.750000000000001,0.2500000000000002,0.086,0.0,0.0
0.24960000000000002,0.027096,2.5500000000000007,0.24000000000000044,0.08399999999999999,0.0,0.0
0.24965,0.023615999999999998,2.4000000000000012,0.22999999999999976,0.082,0.0,0.0
0.2497,0.020163999999999998,2.250000000000001,0.22999999999999976,0.08,0.0,0.0
0.24975,0.016923999999999998,2.0,0.21000000000000107,0.076,0.0,0.0
0.24980000000000002,0.013826,1.8500000000000008,0.18999999999999972,0.073,0.0,0.0
0.24985000000000002,0.0109185,1.7000000000000004,0.17999999999999994,0.068,0.0,0.0
0.2499,0.0082575,1.4500000000000004,0.17000000000000015,0.063,0.0,0.0
0.24995,0.005843,1.3,0.1499999999999988,0.057,0.0,0.0
0.25,0.0037124999999999997,1.0499999999999983,0.130000000000001,0.05,0.0,0.0
0.25005,0.0019184999999999998,0.8500000000000008,0.09999999999999985,0.04,0.0,0.0
0.2501,0.0005565,0.5500000000000018,0.06999999999999872,0.026,0.0,0.0
0.25015000000000004,0.0009509999999999999,0.3500000000000007,0.29999999999999916,0.018000000000000002,0.29999999999999916,0.018000000000000002
0.25020000000000003,0.003698,0.5000000000000011,0.37000000000000033,0.044,0.37000000000000033,0.044
0.25025000000000003,0.0066419999999999995,0.6000000000000008,0.3900000000000008,0.060000000000000005,0.3900000000000008,0.060000000000000005
0.2503,0.0098675,0.7499999999999993,0.3900000000000008,0.07200000000000001,0.3900000000000008,0.07200000000000001
0.25035,0.0132955,0.9000000000000015,0.3900000000000008,0.081,0.3900000000000008,0.081
0.2504,0.0169745,0.9999999999999993,0.3900000000000008,0.087,0.3900000000000008,0.087
0.25045,0.0207665,1.1499999999999997,0.3900000000000008,0.093,0.3900000000000008,0.093
0.2505,0.024605,1.3,0.3900000000000008,0.097,0.3900000000000008,0.097
0.25055,0.0284695,1.4500000000000004,0.3900000000000008,0.1,0.3900000000000008,0.1
0.2506,0.032305,1.6000000000000008,0.3900000000000008,0.103,0.3900000000000008,0.103
0.25065000000000004,0.036112,1.7000000000000004,0.3900000000000008,0.10500000000000001,0.3900000000000008,0.104
0.25070000000000003,0.0399285,1.8500000000000025,0.3900000000000008,0.107,0.3900000000000008,0.104
0.25075000000000003,0.043622499999999995,2.000000000000001,0.3800000000000001,0.108,0.3800000000000001,0.104
0.2508,0.047243,2.1500000000000012,0.3800000000000001,0.10900000000000001,0.3800000000000001,0.103
0.25085,0.050793,2.3000000000000007,0.3800000000000001,0.11,0.3800000000000001,0.103
0.2509,0.054177499999999996,2.45,0.3800000000000001,0.111,0.3800000000000001,0.102
0.25095,0.0574525,2.5,0.3800000000000001,0.111,0.3800000000000001,0.102
0.251,0.060613,2.6500000000000004,0.3800000000000001,0.111,0.3800000000000001,0.101
0.25105,0.0634515,2.8,0.3800000000000001,0.111,0.3800000000000001,0.101
0.2511,0.06621099999999999,2.95,0.3800000000000001,0.111,0.3800000000000001,0.1
0.25115,0.068813,3.049999999999999,0.3800000000000001,0.11,0.3800000000000001,0.09899999999999999
0.25120000000000003,0.071301,3.1999999999999993,0.3800000000000001,0.11,0.3800000000000001,0.09899999999999999
0.25125000000000003,0.0735,3.3499999999999988,0.3800000000000001,0.10900000000000001,0.3800000000000001,0.098
0.2513,0.075421,3.499999999999999,0.37000000000000033,0.108,0.37000000000000033,0.098
0.25135,0.077081,3.5999999999999988,0.37000000000000033,0.108,0.37000000000000033,0.098
0.2514,0.07868499999999999,3.7499999999999982,0.37000000000000033,0.107,0.37000000000000033,0.097
0.25145,0.08000199999999999,3.8999999999999986,0.37000000000000033,0.106,0.37000000000000033,0.097
0.2515,0.0810215,4.0,0.37000000000000033,0.10500000000000001,0.37000000000000033,0.096
0.25155,0.081855,4.15,0.37000000000000033,0.104,0.37000000000000033,0.096
0.2516,0.082382,4.3,0.37000000000000033,0.104,0.37000000000000033,0.095
0.25165,0.082704,4.400000000000001,0.37000000000000033,0.103,0.37000000000000033,0.095
0.25170000000000003,0.082748,4.550000000000001,0.37000000000000033,0.102,0.37000000000000033,0.095
0.25175000000000003,0.082562,4.65,0.37000000000000033,0.102,0.37000000000000033,0.094
0.2518,0.0821075,4.75,0.37000000000000033,0.101,0.37000000000000033,0.094
0.25185,0.081414,4.849999999999999,0.37000000000000033,0.101,0.37000000000000033,0.094
0.2519,0.08051849999999999,4.95,0.37000000000000033,0.1,0.37000000000000033,0.094
0.25195,0.07941899999999999,5.0,0.37000000000000033,0.1,0.37000000000000033,0.093
0.252,0.078175,5.049999999999999,0.37000000000000033,0.09899999999999999,0.37000000000000033,0.093
0.25205,0.0767815,5.05,0.37000000000000033,0.09899999999999999,0.37000000000000033,0.093
0.2521,0.07531249999999999,5.05,0.37000000000000033,0.098,0.37000000000000033,0.092
0.25215,0.073822,5.05,0.37000000000000033,0.098,0.37000000000000033,0.092
0.25220000000000004,0.07235899999999999,4.949999999999999,0.37000000000000033,0.097,0.37000000000000033,0.092
0.25225000000000003,0.0709935,4.8999999999999995,0.37000000000000033,0.097,0.37000000000000033,0.092
0.2523,0.069684,4.8500000000000005,0.37000000000000033,0.097,0.37000000000000033,0.091
0.25235,0.06845799999999999,4.75,0.37000000000000033,0.096,0.37000000000000033,0.091
0.2524,0.06733,4.7,0.37000000000000033,0.096,0.37000000000000033,0.091
0.25245,0.0662685,4.650000000000001,0.37000000000000033,0.096,0.37000000000000033,0.091
0.2525,0.06528099999999999,4.55,0.37000000000000033,0.095,0.37000000000000033,0.091
0.25255,0.0643535,4.500000000000001,0.37000000000000033,0.095,0.37000000000000033,0.091
0.2526,0.06349199999999999,4.449999999999999,0.37000000000000033,0.095,0.37000000000000033,0.09000000000000001
0.25265,0.0626665,4.3999999999999995,0.35999999999999965,0.094,0.35999999999999965,0.09000000000000001
0.25270000000000004,0.061876999999999995,4.4,0.35999999999999965,0.094,0.35999999999999965,0.09000000000000001
0.25275000000000003,0.0611715,4.349999999999999,0.35999999999999965,0.094,0.35999999999999965,0.09000000000000001
0.2528,0.060483499999999996,4.3,0.35999999999999965,0.094,0.35999999999999965,0.09000000000000001
0.25285,0.0598225,4.25,0.35999999999999965,0.093,0.35999999999999965,0.089
0.2529,0.059186499999999996,4.249999999999999,0.35999999999999965,0.093,0.35999999999999965,0.089
0.25295,0.058579,4.199999999999999,0.35999999999999965,0.093,0.35999999999999965,0.089
0.253,0.058000499999999997,4.15,0.35999999999999965,0.093,0.35999999999999965,0.089
0.25305,0.057446,4.1499999999999995,0.35999999999999965,0.092,0.35999999999999965,0.089
0.2531,0.056902999999999995,4.1,0.35999999999999965,0.092,0.35999999999999965,0.089
0.25315,0.056397499999999996,4.1,0.35999999999999965,0.092,0.35999999999999965,0.089
0.25320000000000004,0.0558655,4.05,0.35999999999999965,0.092,0.35999999999999965,0.088
0.25325000000000003,0.055333,4.05,0.35999999999999965,0.092,0.35999999999999965,0.088
0.2533,0.054765999999999995,3.9999999999999996,0.35999999999999965,0.091,0.35999999999999965,0.088
0.25335,0.054168999999999995,4.0,0.35999999999999965,0.091,0.35999999999999965,0.088
0.2534,0.053487,3.9999999999999996,0.35000000000000075,0.091,0.35000000000000075,0.087
0.25345,0.052731,3.9499999999999997,0.34000000000000097,0.091,0.34000000000000097,0.087
0.2535,0.050895499999999996,3.8,0.3199999999999996,0.09000000000000001,0.0,0.0
0.25355,0.047878,3.65,0.30000000000000004,0.09000000000000001,0.0,0.0
0.2536,0.044425,3.4,0.2799999999999987,0.089,0.0,0.0
0.25365,0.040947,3.25,0.2799999999999987,0.089,0.0,0.0
0.25370000000000004,0.037301,3.1,0.2699999999999998,0.088,0.0,0.0
0.25375000000000003,0.033629,2.9,0.2600000000000009,0.087,0.0,0.0
0.2538,0.029964499999999998,2.7,0.2500000000000002,0.086,0.0,0.0
0.25385,0.0263815,2.5500000000000003,0.23999999999999955,0.08399999999999999,0.0,0.0
0.2539,0.022906,2.35,0.22999999999999976,0.082,0.0,0.0
0.25395,0.019455,2.2,0.2099999999999993,0.079,0.0,0.0
0.254,0.0162825,2.0,0.2099999999999993,0.076,0.0,0.0
0.25405,0.0132235,1.8,0.1900000000000006,0.07200000000000001,0.0,0.0
0.2541,0.010328,1.65,0.17999999999999994,0.067,0.0,0.0
0.25415,0.007732999999999999,1.4500000000000002,0.15999999999999948,0.062,0.0,0.0
0.25420000000000004,0.00536,1.2500000000000002,0.15000000000000058,0.056,0.0,0.0
0.25425000000000003,0.0033109999999999997,1.05,0.12000000000000031,0.048,0.0,0.0
0.2543,0.0015925,0.8,0.10000000000000074,0.038,0.0,0.0
0.25435,0.0003545,0.5,0.06000000000000071,0.022,0.0,0.0
0.2544,0.001548,0.39999999999999997,0.3300000000000003,0.025,0.3300000000000003,0.025
0.25445,0.004295,0.5,0.36999999999999944,0.048,0.36999999999999944,0.048
0.2545,0.0072924999999999995,0.6500000000000001,0.3899999999999999,0.063,0.3899999999999999,0.063
0.25455,0.010565,0.8,0.3899999999999999,0.074,0.3899999999999999,0.074
0.2546,0.014029499999999999,0.9,0.3899999999999999,0.083,0.3899999999999999,0.083
0.25465,0.0177455,1.05,0.3899999999999999,0.089,0.3899999999999999,0.089
0.25470000000000004,0.021551,1.1500000000000001,0.3899999999999999,0.094,0.3899999999999999,0.094
0.25475000000000003,0.025398999999999998,1.3,0.3899999999999999,0.098,0.3899999999999999,0.098
0.2548,0.029261,1.45,0.3899999999999999,0.101,0.3899999999999999,0.101
0.25485,0.033103,1.6,0.3899999999999999,0.103,0.3899999999999999,0.103
0.2549,0.036913999999999995,1.7,0.3899999999999999,0.10500000000000001,0.3899999999999999,0.103
0.25495,0.040722499999999995,1.85,0.3899999999999999,0.107,0.3899999999999999,0.104
0.255,0.0443955,2.0,0.3800000000000001,0.108,0.3800000000000001,0.103
0.25505,0.0480195,2.15,0.3800000000000001,0.10900000000000001,0.3800000000000001,0.103
0.2551,0.0515275,2.3,0.3800000000000001,0.11,0.3800000000000001,0.102
0.25515,0.0548745,2.4499999999999997,0.3800000000000001,0.111,0.3800000000000001,0.102
0.25520000000000004,0.0581365,2.55,0.3800000000000001,0.111,0.3800000000000001,0.101
0.25525000000000003,0.061238999999999995,2.6999999999999997,0.3800000000000001,0.111,0.3800000000000001,0.101
0.2553,0.06403249999999999,2.8499999999999996,0.3800000000000001,0.111,0.3800000000000001,0.1
0.25535,0.0667875,3.0,0.3800000000000001,0.111,0.3800000000000001,0.09899999999999999
0.2554,0.0693515,3.1,0.3800000000000001,0.11,0.3800000000000001,0.09899999999999999
0.25545,0.07178949999999999,3.25,0.3800000000000001,0.11,0.3800000000000001,0.098
0.2555,0.073945,3.4,0.36999999999999944,0.10900000000000001,0.36999999999999944,0.098
0.25555,0.07578499999999999,3.55,0.36999999999999944,0.108,0.36999999999999944,0.097
0.2556,0.0774535,3.6499999999999995,0.36999999999999944,0.107,0.36999999999999944,0.097
0.25565,0.078993,3.8,0.36999999999999944,0.107,0.36999999999999944,0.097
0.25570000000000004,0.0802445,3.95,0.36999999999999944,0.106,0.36999999999999944,0.096
0.25575000000000003,0.08123999999999999,4.05,0.36999999999999944,0.10500000000000001,0.36999999999999944,0.096
0.2558,0.0819845,4.2,0.36999999999999944,0.104,0.36999999999999944,0.095
0.25585,0.0824815,4.3,0.36999999999999944,0.104,0.36999999999999944,0.095
0.2559,0.082757,4.45,0.36999999999999944,0.103,0.36999999999999944,0.095
0.25595,0.08273849999999999,4.550000000000001,0.36999999999999944,0.102,0.36999999999999944,0.094
0.256,0.0824845,4.7,0.36999999999999944,0.102,0.36999999999999944,0.094
0.25605,0.08198949999999999,4.8,0.36999999999999944,0.101,0.36999999999999944,0.094
0.2561,0.081263,4.8999999999999995,0.36999999999999944,0.1,0.36999999999999944,0.093
0.25615,0.0803305,4.95,0.36999999999999944,0.1,0.36999999999999944,0.093
0.25620000000000004,0.07917199999999999,5.05,0.36999999999999944,0.09899999999999999,0.36999999999999944,0.093
0.25625000000000003,0.077887,5.05,0.36999999999999944,0.09899999999999999,0.36999999999999944,0.093
0.25630000000000003,0.07646649999999999,5.1,0.36999999999999944,0.09899999999999999,0.36999999999999944,0.092
0.25635,0.075011,5.1,0.36999999999999944,0.098,0.36999999999999944,0.092
0.2564,0.07352299999999999,5.05,0.36999999999999944,0.098,0.36999999999999944,0.092
0.25645,0.072074,4.999999999999999,0.36999999999999944,0.097,0.36999999999999944,0.092
0.2565,0.07072149999999999,4.8999999999999995,0.36999999999999944,0.097,0.36999999999999944,0.091
0.25655,0.0694245,4.849999999999999,0.36999999999999944,0.097,0.36999999999999944,0.091
0.2566,0.0682305,4.749999999999999,0.36999999999999944,0.096,0.36999999999999944,0.091
0.25665,0.06709899999999999,4.699999999999999,0.36999999999999944,0.096,0.36999999999999944,0.091
0.25670000000000004,0.0660545,4.65,0.36999999999999944,0.095,0.36999999999999944,0.091
0.25675000000000003,0.065085,4.6,0.36999999999999944,0.095,0.36999999999999944,0.09000000000000001
0.25680000000000003,0.06417099999999999,4.500000000000001,0.36999999999999944,0.095,0.36999999999999944,0.09000000000000001
0.25685,0.06331149999999999,4.500000000000001,0.36000000000000054,0.095,0.36000000000000054,0.09000000000000001
0.2569,0.0625005,4.45,0.36000000000000054,0.094,0.36000000000000054,0.09000000000000001
0.25695,0.061746499999999996,4.3999999999999995,0.36000000000000054,0.094,0.36000000000000054,0.09000000000000001
0.257,0.061024499999999995,4.35,0.36000000000000054,0.094,0.36000000000000054,0.089
0.25705,0.0603215,4.299999999999998,0.36000000000000054,0.093,0.36000000000000054,0.089
0.2571,0.059690999999999994,4.300000000000001,0.36000000000000054,0.093,0.36000000000000054,0.089
0.25715,0.0590575,4.249999999999999,0.36000000000000054,0.093,0.36000000000000054,0.089
0.25720000000000004,0.0584695,4.199999999999999,0.36000000000000054,0.093,0.36000000000000054,0.089
0.25725000000000003,0.057898,4.2,0.36000000000000054,0.093,0.36000000000000054,0.089
0.25730000000000003,0.057354999999999996,4.15,0.36000000000000054,0.092,0.36000000000000054,0.089
0.25735,0.0568235,4.15,0.36000000000000054,0.092,0.36000000000000054,0.088
0.2574,0.056269,4.099999999999999,0.36000000000000054,0.092,0.36000000000000054,0.088
0.25745,0.0557545,4.100000000000001,0.36000000000000054,0.092,0.36000000000000054,0.088
0.2575,0.0552185,4.05,0.36000000000000054,0.092,0.36000000000000054,0.088
0.25755,0.0546575,4.050000000000001,0.36000000000000054,0.091,0.36000000000000054,0.088
0.2576,0.0540335,3.9999999999999982,0.36000000000000054,0.091,0.36000000000000054,0.087
0.25765,0.0533385,4.000000000000001,0.3399999999999992,0.091,0.3399999999999992,0.087
0.2577,0.0525405,3.999999999999999,0.3399999999999992,0.091,0.3399999999999992,0.087
0.25775000000000003,0.050311499999999995,3.750000000000001,0.30999999999999983,0.09000000000000001,0.0,0.0
0.25780000000000003,0.047171,3.6000000000000005,0.29999999999999916,0.09000000000000001,0.0,0.0
0.25785,0.043736,3.4000000000000004,0.28000000000000047,0.089,0.0,0.0
0.2579,0.040186,3.1999999999999993,0.28000000000000047,0.089,0.0,0.0
0.25795,0.0365385,3.05,0.2699999999999998,0.088,0.0,0.0
0.258,0.032851,2.8999999999999995,0.2599999999999991,0.087,0.0,0.0
0.25805,0.029202,2.6500000000000012,0.2500000000000002,0.085,0.0,0.0
0.2581,0.025638499999999998,2.500000000000001,0.23000000000000065,0.083,0.0,0.0
0.25815,0.0221925,2.3500000000000014,0.23000000000000065,0.081,0.0,0.0
0.2582,0.0187745,2.1500000000000012,0.2099999999999993,0.078,0.0,0.0
0.25825000000000004,0.015611499999999999,1.9500000000000004,0.2099999999999993,0.075,0.0,0.0
0.25830000000000003,0.012631,1.8000000000000018,0.1900000000000006,0.07100000000000001,0.0,0.0
0.25835,0.009757,1.55,0.17000000000000015,0.066,0.0,0.0
0.2584,0.0072285,1.3999999999999997,0.16000000000000036,0.061,0.0,0.0
0.25845,0.0048909999999999995,1.2499999999999993,0.1399999999999999,0.054,0.0,0.0
0.2585,0.0029245,0.9999999999999993,0.11999999999999943,0.046,0.0,0.0
0.25855,0.0012955,0.7499999999999993,0.08999999999999918,0.03499999999999999,0.0,0.0
0.2586,0.000173,0.4000000000000014,0.04000000000000025,0.017,0.0,0.0
0.25865,0.002118,0.44999999999999857,0.34999999999999987,0.031,0.34999999999999987,0.031
0.2587,0.004894,0.5500000000000018,0.3899999999999999,0.052,0.3899999999999999,0.052
0.25875000000000004,0.007939,0.6500000000000015,0.3899999999999999,0.066,0.3899999999999999,0.066
0.25880000000000003,0.0112605,0.8000000000000018,0.3899999999999999,0.076,0.3899999999999999,0.076
0.25885,0.014803499999999999,0.8999999999999997,0.3899999999999999,0.08399999999999999,0.3899999999999999,0.08399999999999999
0.2589,0.018540499999999998,1.05,0.3899999999999999,0.09000000000000001,0.3899999999999999,0.09000000000000001
0.25895,0.0223675,1.2000000000000004,0.3899999999999999,0.095,0.3899999999999999,0.095
0.259,0.026209999999999997,1.3500000000000008,0.3899999999999999,0.098,0.3899999999999999,0.098
0.25905,0.030075499999999998,1.4999999999999993,0.3899999999999999,0.101,0.3899999999999999,0.101
0.2591,0.033913,1.6499999999999997,0.3899999999999999,0.104,0.3899999999999999,0.103
0.25915,0.037722,1.750000000000001,0.3899999999999999,0.106,0.3899999999999999,0.103
0.2592,0.041506499999999995,1.9000000000000015,0.3899999999999999,0.107,0.3899999999999999,0.103
0.25925000000000004,0.045157499999999996,2.0500000000000007,0.380000000000001,0.10900000000000001,0.380000000000001,0.103
0.25930000000000003,0.048757499999999995,2.200000000000001,0.380000000000001,0.11,0.380000000000001,0.102
0.25935,0.052235,2.3500000000000014,0.380000000000001,0.11,0.380000000000001,0.102
0.2594,0.055564999999999996,2.45,0.380000000000001,0.111,0.380000000000001,0.101
0.25945,0.058806,2.6000000000000005,0.380000000000001,0.111,0.380000000000001,0.101
0.2595,0.061843999999999996,2.75,0.380000000000001,0.111,0.380000000000001,0.1
0.25955,0.064608,2.9000000000000004,0.380000000000001,0.111,0.380000000000001,0.09899999999999999
0.2596,0.067337,3.0500000000000007,0.380000000000001,0.111,0.380000000000001,0.09899999999999999
0.25965,0.069882,3.1499999999999995,0.380000000000001,0.11,0.380000000000001,0.098
0.2597,0.072258,3.3,0.380000000000001,0.10900000000000001,0.380000000000001,0.098
0.25975000000000004,0.0743325,3.4499999999999993,0.37000000000000033,0.10900000000000001,0.37000000000000033,0.097
0.25980000000000003,0.07610549999999999,3.5999999999999996,0.37000000000000033,0.108,0.37000000000000033,0.097
0.25985,0.07778299999999999,3.6999999999999984,0.37000000000000033,0.107,0.37000000000000033,0.096
0.2599,0.07925,3.8499999999999988,0.37000000000000033,0.106,0.37000000000000033,0.096
0.25995,0.0804585,3.9999999999999982,0.37000000000000033,0.106,0.37000000000000033,0.096
0.26,0.081413,4.1,0.37000000000000033,0.10500000000000001,0.37000000000000033,0.095
0.26005,0.0821105,4.25,0.37000000000000033,0.104,0.37000000000000033,0.095
0.2601,0.082534,4.3500000000000005,0.37000000000000033,0.103,0.37000000000000033,0.095
0.26015,0.082761,4.500000000000001,0.37000000000000033,0.103,0.37000000000000033,0.094
0.2602,0.082698,4.6,0.37000000000000033,0.102,0.37000000000000033,0.094
0.26025000000000004,0.082383,4.75,0.37000000000000033,0.101,0.37000000000000033,0.094
0.26030000000000003,0.081855,4.85,0.37000000000000033,0.101,0.37000000000000033,0.093
0.26035,0.081063,4.9,0.37000000000000033,0.1,0.37000000000000033,0.093
0.2604,0.080078,4.999999999999999,0.37000000000000033,0.1,0.37000000000000033,0.093
0.26045,0.07890799999999999,5.050000000000002,0.37000000000000033,0.09899999999999999,0.37000000000000033,0.092
0.2605,0.0775985,5.1,0.37000000000000033,0.09899999999999999,0.37000000000000033,0.092
0.26055,0.076167,5.1,0.37000000000000033,0.098,0.37000000000000033,0.092
0.2606,0.0746855,5.099999999999999,0.37000000000000033,0.098,0.37000000000000033,0.092
0.26065,0.073202,5.05,0.37000000000000033,0.098,0.37000000000000033,0.091
0.2607,0.071785,5.000000000000001,0.37000000000000033,0.097,0.37000000000000033,0.091
0.26075000000000004,0.070417,4.900000000000001,0.37000000000000033,0.097,0.37000000000000033,0.091
0.26080000000000003,0.06915199999999999,4.8,0.37000000000000033,0.096,0.37000000000000033,0.091
0.26085,0.06797249999999999,4.699999999999999,0.37000000000000033,0.096,0.37000000000000033,0.091
0.2609,0.066872,4.6499999999999995,0.37000000000000033,0.096,0.37000000000000033,0.09000000000000001
0.26095,0.0658425,4.6000000000000005,0.37000000000000033,0.095,0.37000000000000033,0.09000000000000001
0.261,0.064887,4.55,0.37000000000000033,0.095,0.37000000000000033,0.09000000000000001
0.26105,0.06399049999999999,4.499999999999999,0.36000000000000054,0.095,0.36000000000000054,0.09000000000000001
0.2611,0.0631375,4.45,0.36000000000000054,0.095,0.36000000000000054,0.09000000000000001
0.26115,0.062328499999999995,4.3999999999999995,0.36000000000000054,0.094,0.36000000000000054,0.089
0.2612,0.06159,4.3500000000000005,0.36000000000000054,0.094,0.36000000000000054,0.089
0.26125000000000004,0.060872499999999996,4.3,0.36000000000000054,0.094,0.36000000000000054,0.089
0.26130000000000003,0.060187,4.3,0.36000000000000054,0.093,0.36000000000000054,0.089
0.26135,0.0595365,4.249999999999999,0.36000000000000054,0.093,0.36000000000000054,0.089
0.2614,0.058931,4.2,0.36000000000000054,0.093,0.36000000000000054,0.089
0.26145,0.058342,4.2,0.36000000000000054,0.093,0.36000000000000054,0.089
0.2615,0.057781,4.1499999999999995,0.36000000000000054,0.093,0.36000000000000054,0.088
0.26155,0.057221999999999995,4.1000000000000005,0.36000000000000054,0.092,0.36000000000000054,0.088
0.2616,0.0566845,4.1,0.36000000000000054,0.092,0.36000000000000054,0.088
0.26165,0.056166,4.05,0.36000000000000054,0.092,0.36000000000000054,0.088
0.2617,0.055645,4.05,0.36000000000000054,0.092,0.36000000000000054,0.088
0.26175000000000004,0.055097999999999994,4.0,0.36000000000000054,0.091,0.36000000000000054,0.088
0.26180000000000003,0.0545285,3.9999999999999996,0.36000000000000054,0.091,0.36000000000000054,0.087
0.26185,0.053891999999999995,4.0,0.36000000000000054,0.091,0.36000000000000054,0.087
0.2619,0.053193,3.95,0.3399999999999992,0.091,0.3399999999999992,0.087
0.26195,0.052332,3.9499999999999997,0.3399999999999992,0.09000000000000001,0.0,0.0
0.262,0.0497095,3.7499999999999996,0.30000000000000004,0.09000000000000001,0.0,0.0
0.26205,0.046459,3.5499999999999994,0.30000000000000004,0.09000000000000001,0.0,0.0
0.2621,0.043017,3.3499999999999996,0.28000000000000047,0.089,0.0,0.0
0.26215,0.039428,3.1999999999999997,0.2699999999999998,0.089,0.0,0.0
0.2622,0.035758,2.9999999999999996,0.26,0.088,0.0,0.0
0.26225000000000004,0.032084999999999995,2.8499999999999996,0.2500000000000002,0.086,0.0,0.0
0.26230000000000003,0.028472499999999998,2.65,0.2500000000000002,0.085,0.0,0.0
0.26235,0.024919,2.4499999999999997,0.22999999999999976,0.083,0.0,0.0
0.2624,0.0214675,2.3,0.22999999999999976,0.081,0.0,0.0
0.26245,0.018116,2.0999999999999996,0.21000000000000107,0.078,0.0,0.0
0.2625,0.0149515,1.9,0.21000000000000107,0.074,0.0,0.0
0.26255,0.012019,1.75,0.18999999999999972,0.06999999999999998,0.0,0.0
0.2626,0.0092245,1.55,0.17000000000000015,0.06499999999999999,0.0,0.0
0.26265,0.006705999999999999,1.35,0.1499999999999988,0.060000000000000005,0.0,0.0
0.2627,0.0044595,1.1500000000000001,0.1399999999999999,0.053,0.0,0.0
0.26275000000000004,0.002542,0.9500000000000002,0.10999999999999964,0.044,0.0,0.0
0.26280000000000003,0.001015,0.7000000000000001,0.07999999999999939,0.032,0.0,0.0
0.26285000000000003,3.9e-05,0.24999999999999994,0.01999999999999979,0.01,0.0,0.0
0.2629,0.002659,0.45,0.36000000000000054,0.036000000000000004,0.36000000000000054,0.036000000000000004
0.26295,0.00551,0.55,0.3900000000000008,0.055,0.3900000000000008,0.055
0.263,0.008629,0.7000000000000001,0.3900000000000008,0.068,0.3900000000000008,0.068
0.26305,0.0119885,0.8500000000000001,0.3900000000000008,0.078,0.3900000000000008,0.078
0.2631,0.015575499999999999,0.9500000000000001,0.3900000000000008,0.085,0.3900000000000008,0.085
0.26315,0.0193375,1.1,0.3900000000000008,0.091,0.3900000000000008,0.091
0.2632,0.023142,1.25,0.3900000000000008,0.095,0.3900000000000008,0.095
0.26325000000000004,0.027021,1.4000000000000001,0.3900000000000008,0.09899999999999999,0.3900000000000008,0.09899999999999999
0.26330000000000003,0.030872499999999997,1.55,0.3900000000000008,0.102,0.3900000000000008,0.102
0.26335000000000003,0.034687499999999996,1.7,0.3900000000000008,0.104,0.3900000000000008,0.103
0.2634,0.0385135,1.75,0.3900000000000008,0.106,0.3900000000000008,0.104
0.26345,0.0422625,1.9,0.3900000000000008,0.108,0.3900000000000008,0.104
0.2635,0.0459035,2.0500000000000003,0.3800000000000001,0.10900000000000001,0.3800000000000001,0.103
0.26355,0.0494835,2.2,0.3800000000000001,0.11,0.3800000000000001,0.103
0.2636,0.0529385,2.35,0.3800000000000001,0.11,0.3800000000000001,0.102
0.26365,0.056251499999999996,2.4499999999999997,0.3800000000000001,0.111,0.3800000000000001,0.102
0.2637,0.059462999999999995,2.5999999999999996,0.3800000000000001,0.111,0.3800000000000001,0.101
0.26375000000000004,0.0624235,2.7499999999999996,0.3800000000000001,0.111,0.3800000000000001,0.101
0.26380000000000003,0.0651745,2.8999999999999995,0.3800000000000001,0.111,0.3800000000000001,0.1
0.26385000000000003,0.06786249999999999,3.05,0.3800000000000001,0.11,0.3800000000000001,0.1
0.2639,0.070391,3.15,0.3800000000000001,0.11,0.3800000000000001,0.09899999999999999
0.26395,0.07271899999999999,3.3,0.3800000000000001,0.10900000000000001,0.3800000000000001,0.09899999999999999
0.264,0.0747385,3.45,0.37000000000000033,0.10900000000000001,0.37000000000000033,0.098
0.26405,0.0764485,3.6,0.37000000000000033,0.108,0.37000000000000033,0.098
0.2641,0.0781365,3.6999999999999997,0.37000000000000033,0.107,0.37000000000000033,0.097
0.26415,0.0795555,3.8499999999999996,0.37000000000000033,0.106,0.37000000000000033,0.097
0.2642,0.08067099999999999,4.0,0.37000000000000033,0.10500000000000001,0.37000000000000033,0.096
0.26425000000000004,0.0815905,4.1,0.37000000000000033,0.10500000000000001,0.37000000000000033,0.096
0.26430000000000003,0.082231,4.25,0.37000000000000033,0.104,0.37000000000000033,0.095
0.26435000000000003,0.082633,4.35,0.37000000000000033,0.103,0.37000000000000033,0.095
0.2644,0.082785,4.5,0.37000000000000033,0.103,0.37000000000000033,0.095
0.26445,0.082676,4.6,0.37000000000000033,0.102,0.37000000000000033,0.094
0.2645,0.08231899999999999,4.699999999999999,0.37000000000000033,0.101,0.37000000000000033,0.094
0.26455,0.081717,4.8,0.37000000000000033,0.101,0.37000000000000033,0.094
0.2646,0.080898,4.8999999999999995,0.37000000000000033,0.1,0.37000000000000033,0.093
0.26465,0.0798595,5.0,0.37000000000000033,0.1,0.37000000000000033,0.093
0.2647,0.0786675,5.049999999999999,0.37000000000000033,0.09899999999999999,0.37000000000000033,0.093
0.26475,0.0773025,5.05,0.37000000000000033,0.09899999999999999,0.37000000000000033,0.093
0.26480000000000004,0.07586999999999999,5.1,0.37000000000000033,0.098,0.37000000000000033,0.092
0.26485000000000003,0.0743935,5.05,0.37000000000000033,0.098,0.37000000000000033,0.092
0.2649,0.0729185,5.0,0.37000000000000033,0.097,0.37000000000000033,0.092
0.26495,0.0715155,4.95,0.37000000000000033,0.097,0.37000000000000033,0.092
0.265,0.070158,4.8500000000000005,0.37000000000000033,0.097,0.37000000000000033,0.091
0.26505,0.0689225,4.8,0.37000000000000033,0.096,0.37000000000000033,0.091
0.2651,0.067761,4.7,0.37000000000000033,0.096,0.37000000000000033,0.091
0.26515,0.066664,4.6499999999999995,0.37000000000000033,0.096,0.37000000000000033,0.091
0.2652,0.0656505,4.6000000000000005,0.37000000000000033,0.095,0.37000000000000033,0.091
0.26525,0.0647075,4.55,0.37000000000000033,0.095,0.37000000000000033,0.09000000000000001
0.26530000000000004,0.0638215,4.5,0.37000000000000033,0.095,0.37000000000000033,0.09000000000000001
0.26535000000000003,0.062988,4.449999999999999,0.35999999999999965,0.094,0.35999999999999965,0.09000000000000001
0.2654,0.0621915,4.3999999999999995,0.35999999999999965,0.094,0.35999999999999965,0.09000000000000001
0.26545,0.061445,4.3500000000000005,0.35999999999999965,0.094,0.35999999999999965,0.09000000000000001
0.2655,0.060725999999999995,4.300000000000001,0.35999999999999965,0.094,0.35999999999999965,0.09000000000000001
0.26555,0.0600575,4.300000000000001,0.35999999999999965,0.093,0.35999999999999965,0.089
0.2656,0.05943,4.249999999999999,0.35999999999999965,0.093,0.35999999999999965,0.089
0.26565,0.058811999999999996,4.2,0.35999999999999965,0.093,0.35999999999999965,0.089
0.2657,0.058226,4.2,0.35999999999999965,0.093,0.35999999999999965,0.089
0.26575,0.0576635,4.15,0.35999999999999965,0.092,0.35999999999999965,0.089
0.26580000000000004,0.057130999999999994,4.149999999999999,0.35999999999999965,0.092,0.35999999999999965,0.089
0.26585000000000003,0.056589499999999994,4.1,0.35999999999999965,0.092,0.35999999999999965,0.089
0.2659,0.0560805,4.1,0.35999999999999965,0.092,0.35999999999999965,0.088
0.26595,0.0555415,4.05,0.35999999999999965,0.092,0.35999999999999965,0.088
0.266,0.0549925,4.049999999999999,0.35999999999999965,0.091,0.35999999999999965,0.088
0.26605,0.054417999999999994,4.000000000000001,0.35999999999999965,0.091,0.35999999999999965,0.088
0.2661,0.053772999999999994,4.0,0.35999999999999965,0.091,0.35999999999999965,0.088
0.26615,0.053016,4.0,0.34000000000000097,0.091,0.34000000000000097,0.087
0.2662,0.051861,3.8999999999999995,0.3199999999999996,0.09000000000000001,0.0,0.0
0.26625,0.049075999999999995,3.7,0.30000000000000004,0.09000000000000001,0.0,0.0
0.26630000000000004,0.045721,3.55,0.29000000000000026,0.09000000000000001,0.0,0.0
0.26635000000000003,0.0422795,3.3,0.2799999999999996,0.089,0.0,0.0
0.2664,0.0386745,3.1500000000000004,0.2699999999999998,0.088,0.0,0.0
0.26645,0.034978499999999996,3.0,0.26,0.087,0.0,0.0
0.2665,0.0313125,2.8,0.24999999999999933,0.086,0.0,0.0
0.26655,0.027712999999999998,2.6000000000000005,0.24999999999999933,0.085,0.0,0.0
0.2666,0.024222,2.45,0.22999999999999976,0.083,0.0,0.0
0.26665,0.020749999999999998,2.250000000000001,0.22999999999999976,0.08,0.0,0.0
0.2667,0.017468,2.05,0.2099999999999993,0.077,0.0,0.0
0.26675,0.014322999999999999,1.8999999999999997,0.18999999999999972,0.073,0.0,0.0
0.26680000000000004,0.0113955,1.7000000000000004,0.18999999999999972,0.06899999999999999,0.0,0.0
0.26685000000000003,0.0086975,1.4999999999999993,0.17000000000000015,0.064,0.0,0.0
0.2669,0.006228999999999999,1.349999999999999,0.15000000000000058,0.058,0.0,0.0
0.26695,0.004039,1.099999999999999,0.13000000000000012,0.051,0.0,0.0
0.267,0.0021735,0.8999999999999997,0.11000000000000053,0.041999999999999996,0.0,0.0
0.26705,0.0007495,0.6000000000000008,0.07999999999999939,0.029,0.0,0.0
0.2671,0.00040449999999999997,0.25000000000000105,0.2500000000000011,0.01,0.2500000000000011,0.01
0.26715,0.003243,0.45000000000000034,0.36999999999999944,0.041,0.36999999999999944,0.041
0.2672,0.0061375,0.6000000000000008,0.3899999999999999,0.058,0.3899999999999999,0.058
0.26725,0.009308,0.7499999999999993,0.3899999999999999,0.07100000000000001,0.3899999999999999,0.07100000000000001
0.26730000000000004,0.012695,0.9000000000000015,0.3899999999999999,0.08,0.3899999999999999,0.08
0.26735000000000003,0.016335,0.9500000000000004,0.3899999999999999,0.087,0.3899999999999999,0.087
0.2674,0.020114,1.1000000000000008,0.3899999999999999,0.092,0.3899999999999999,0.092
0.26745,0.0239535,1.2499999999999993,0.3899999999999999,0.096,0.3899999999999999,0.096
0.2675,0.0278395,1.3999999999999997,0.3899999999999999,0.1,0.3899999999999999,0.1
0.26755,0.0316875,1.55,0.3899999999999999,0.102,0.3899999999999999,0.102
0.2676,0.0354955,1.7000000000000004,0.3899999999999999,0.10500000000000001,0.3899999999999999,0.103
0.26765,0.0393125,1.8,0.3899999999999999,0.106,0.3899999999999999,0.103
0.2677,0.043047499999999995,1.9500000000000004,0.3799999999999992,0.108,0.3799999999999992,0.103
0.26775,0.0466775,2.1000000000000005,0.3799999999999992,0.10900000000000001,0.3799999999999992,0.103
0.26780000000000004,0.050228999999999996,2.250000000000001,0.3799999999999992,0.11,0.3799999999999992,0.102
0.26785000000000003,0.0536465,2.4000000000000012,0.3799999999999992,0.111,0.3799999999999992,0.102
0.2679,0.056948,2.5,0.3799999999999992,0.111,0.3799999999999992,0.101
0.26795,0.0601115,2.6500000000000004,0.3799999999999992,0.111,0.3799999999999992,0.101
0.268,0.0630125,2.8,0.3799999999999992,0.111,0.3799999999999992,0.1
0.26805,0.06578049999999999,2.95,0.3799999999999992,0.111,0.3799999999999992,0.1
0.2681,0.0683945,3.0999999999999996,0.3799999999999992,0.11,0.3799999999999992,0.09899999999999999
0.26815,0.07091349999999999,3.1999999999999993,0.3799999999999992,0.11,0.3799999999999992,0.098
0.2682,0.07316149999999999,3.3499999999999988,0.36999999999999944,0.10900000000000001,0.36999999999999944,0.098
0.26825,0.075139,3.499999999999999,0.36999999999999944,0.108,0.36999999999999944,0.097
0.26830000000000004,0.0768225,3.5999999999999988,0.36999999999999944,0.108,0.36999999999999944,0.097
0.26835000000000003,0.07846199999999999,3.7499999999999982,0.36999999999999944,0.107,0.36999999999999944,0.097
0.2684,0.07980749999999999,3.8999999999999986,0.36999999999999944,0.106,0.36999999999999944,0.096
0.26845,0.08087749999999999,4.0,0.36999999999999944,0.10500000000000001,0.36999999999999944,0.096
0.2685,0.08175149999999999,4.15,0.36999999999999944,0.10500000000000001,0.36999999999999944,0.095
0.26855,0.082327,4.3,0.36999999999999944,0.104,0.36999999999999944,0.095
0.2686,0.08269,4.400000000000001,0.36999999999999944,0.103,0.36999999999999944,0.095
0.26865,0.08276349999999999,4.550000000000001,0.36999999999999944,0.102,0.36999999999999944,0.094
0.2687,0.0826325,4.65,0.36999999999999944,0.102,0.36999999999999944,0.094
0.26875,0.08221099999999999,4.75,0.36999999999999944,0.101,0.36999999999999944,0.094
0.26880000000000004,0.0815655,4.849999999999999,0.36999999999999944,0.101,0.36999999999999944,0.093
0.26885000000000003,0.080705,4.95,0.36999999999999944,0.1,0.36999999999999944,0.093
0.26890000000000003,0.079621,5.0,0.36999999999999944,0.1,0.36999999999999944,0.093
0.26895,0.0783835,5.049999999999999,0.36999999999999944,0.09899999999999999,0.36999999999999944,0.093
0.269,0.0770265,5.099999999999999,0.36999999999999944,0.09899999999999999,0.36999999999999944,0.092
0.26905,0.07557,5.1000000000000005,0.36999999999999944,0.098,0.36999999999999944,0.092
0.2691,0.074094,5.05,0.36999999999999944,0.098,0.36999999999999944,0.092
0.26915,0.072629,5.0,0.36999999999999944,0.097,0.36999999999999944,0.092
0.2692,0.071214,4.949999999999998,0.36999999999999944,0.097,0.36999999999999944,0.091
0.26925,0.06990149999999999,4.8500000000000005,0.36999999999999944,0.097,0.36999999999999944,0.091
0.26930000000000004,0.06866749999999999,4.8,0.36999999999999944,0.096,0.36999999999999944,0.091
0.26935000000000003,0.0675225,4.749999999999999,0.36999999999999944,0.096,0.36999999999999944,0.091
0.26940000000000003,0.0664495,4.650000000000001,0.36999999999999944,0.096,0.36999999999999944,0.09000000000000001
0.26945,0.0654405,4.6,0.36999999999999944,0.095,0.36999999999999944,0.09000000000000001
0.2695,0.0645135,4.55,0.36000000000000054,0.095,0.36000000000000054,0.09000000000000001
0.26955,0.06362949999999999,4.499999999999999,0.36000000000000054,0.095,0.36000000000000054,0.09000000000000001
0.2696,0.0628005,4.45,0.36000000000000054,0.094,0.36000000000000054,0.09000000000000001
0.26965,0.062037999999999996,4.4,0.36000000000000054,0.094,0.36000000000000054,0.09000000000000001
0.2697,0.0612755,4.349999999999999,0.36000000000000054,0.094,0.36000000000000054,0.089
0.26975,0.060584,4.3500000000000005,0.36000000000000054,0.094,0.36000000000000054,0.089
0.26980000000000004,0.0599365,4.3,0.36000000000000054,0.093,0.36000000000000054,0.089
0.26985000000000003,0.0593065,4.249999999999999,0.36000000000000054,0.093,0.36000000000000054,0.089
0.26990000000000003,0.058692999999999995,4.249999999999999,0.36000000000000054,0.093,0.36000000000000054,0.089
0.26995,0.058103499999999995,4.2,0.36000000000000054,0.093,0.36000000000000054,0.089
0.27,0.0575565,4.2,0.36000000000000054,0.092,0.36000000000000054,0.089
0.27005,0.057005999999999994,4.15,0.36000000000000054,0.092,0.36000000000000054,0.088
0.2701,0.0564775,4.1,0.36000000000000054,0.092,0.36000000000000054,0.088
0.27015,0.055945499999999995,4.1,0.36000000000000054,0.092,0.36000000000000054,0.088
0.2702,0.055423,4.1,0.36000000000000054,0.092,0.36000000000000054,0.088
0.27025,0.054873,4.05,0.36000000000000054,0.091,0.36000000000000054,0.088
0.27030000000000004,0.0542635,4.05,0.36000000000000054,0.091,0.36000000000000054,0.087
0.27035000000000003,0.053612,3.9499999999999997,0.34999999999999987,0.091,0.34999999999999987,0.087
0.27040000000000003,0.0528705,3.9499999999999997,0.3400000000000001,0.091,0.3400000000000001,0.087
0.27045,0.05134,3.8499999999999996,0.3200000000000005,0.09000000000000001,0.0,0.0
0.2705,0.048417499999999995,3.65,0.30000000000000004,0.09000000000000001,0.0,0.0
0.27055,0.044996,3.4999999999999996,0.28000000000000047,0.09000000000000001,0.0,0.0
0.2706,0.0415545,3.25,0.28000000000000047,0.089,0.0,0.0
0.27065,0.037926499999999995,3.1,0.2700000000000007,0.088,0.0,0.0
0.2707,0.034226,2.9499999999999997,0.26,0.087,0.0,0.0
0.27075,0.0305665,2.75,0.2500000000000002,0.086,0.0,0.0
0.27080000000000004,0.026965,2.5500000000000003,0.24000000000000044,0.08399999999999999,0.0,0.0
0.27085000000000004,0.023483499999999997,2.4,0.23000000000000065,0.082,0.0,0.0
0.27090000000000003,0.020018499999999998,2.25,0.23000000000000065,0.079,0.0,0.0
0.27095,0.016791999999999998,2.0,0.2099999999999993,0.076,0.0,0.0
0.271,0.013719499999999999,1.8499999999999999,0.18999999999999972,0.073,0.0,0.0
0.27105,0.010799,1.7,0.17999999999999994,0.068,0.0,0.0
0.2711,0.008151,1.4500000000000002,0.17000000000000015,0.063,0.0,0.0
0.27115,0.0057535,1.3,0.15000000000000058,0.057,0.0,0.0
0.2712,0.003627,1.05,0.12999999999999923,0.049,0.0,0.0
0.27125,0.0018564999999999999,0.8500000000000001,0.09999999999999985,0.039,0.0,0.0
0.2713,0.0005164999999999999,0.55,0.059999999999999824,0.025,0.0,0.0
0.27135000000000004,0.0010775,0.39999999999999997,0.30999999999999983,0.019,0.30999999999999983,0.019
0.27140000000000003,0.0038185,0.5,0.36999999999999944,0.045000000000000005,0.36999999999999944,0.045000000000000005
0.27145,0.0067725,0.6000000000000001,0.3899999999999999,0.061,0.3899999999999999,0.061
0.2715,0.010001,0.7500000000000001,0.3899999999999999,0.073,0.3899999999999999,0.073
0.27155,0.0134465,0.9000000000000001,0.3899999999999999,0.081,0.3899999999999999,0.081
0.2716,0.017137,1.0,0.3899999999999999,0.088,0.3899999999999999,0.088
0.27165,0.020929,1.1500000000000001,0.3899999999999999,0.093,0.3899999999999999,0.093
0.2717,0.024777499999999997,1.3,0.3899999999999999,0.097,0.3899999999999999,0.097
0.27175,0.0286275,1.45,0.3899999999999999,0.1,0.3899999999999999,0.1
0.2718,0.0324655,1.6,0.3899999999999999,0.103,0.3899999999999999,0.102
0.27185000000000004,0.0362805,1.7,0.3899999999999999,0.10500000000000001,0.3899999999999999,0.103
0.27190000000000003,0.040097999999999995,1.85,0.3899999999999999,0.107,0.3899999999999999,0.103
0.27195,0.043792,2.0,0.3800000000000001,0.108,0.3800000000000001,0.103
0.272,0.0474155,2.15,0.3800000000000001,0.10900000000000001,0.3800000000000001,0.102
0.27205,0.0509585,2.3,0.3800000000000001,0.11,0.3800000000000001,0.102
0.2721,0.054317,2.4499999999999997,0.3800000000000001,0.111,0.3800000000000001,0.101
0.27215,0.057604499999999996,2.55,0.3800000000000001,0.111,0.3800000000000001,0.101
0.2722,0.0607365,2.6999999999999997,0.3800000000000001,0.111,0.3800000000000001,0.1
0.27225,0.0635805,2.8499999999999996,0.3800000000000001,0.111,0.3800000000000001,0.1
0.2723,0.0663275,3.0,0.3800000000000001,0.111,0.3800000000000001,0.09899999999999999
0.27235000000000004,0.06892899999999999,3.1,0.3800000000000001,0.11,0.3800000000000001,0.098
0.27240000000000003,0.071395,3.25,0.3800000000000001,0.11,0.3800000000000001,0.098
0.27245,0.0735885,3.4,0.3800000000000001,0.10900000000000001,0.3800000000000001,0.097
0.2725,0.0754975,3.55,0.37000000000000033,0.108,0.37000000000000033,0.097
0.27255,0.07715999999999999,3.6499999999999995,0.37000000000000033,0.108,0.37000000000000033,0.097
0.2726,0.0787525,3.7499999999999996,0.37000000000000033,0.107,0.37000000000000033,0.096
0.27265,0.0800555,3.8999999999999995,0.37000000000000033,0.106,0.37000000000000033,0.096
0.2727,0.0810535,4.0,0.37000000000000033,0.10500000000000001,0.37000000000000033,0.095
0.27275,0.0818935,4.1499999999999995,0.37000000000000033,0.104,0.37000000000000033,0.095
0.2728,0.08240299999999999,4.3,0.37000000000000033,0.104,0.37000000000000033,0.095
0.27285000000000004,0.08272349999999999,4.3999999999999995,0.37000000000000033,0.103,0.37000000000000033,0.094
0.27290000000000003,0.082742,4.5,0.37000000000000033,0.102,0.37000000000000033,0.094
0.27295,0.08255649999999999,4.65,0.37000000000000033,0.102,0.37000000000000033,0.094
0.273,0.082095,4.75,0.37000000000000033,0.101,0.37000000000000033,0.093
0.27305,0.08140549999999999,4.85,0.37000000000000033,0.101,0.37000000000000033,0.093
0.2731,0.080479,4.95,0.37000000000000033,0.1,0.37000000000000033,0.093
0.27315,0.079376,5.0,0.37000000000000033,0.1,0.37000000000000033,0.092
0.2732,0.07813099999999999,5.05,0.37000000000000033,0.09899999999999999,0.37000000000000033,0.092
0.27325,0.0767375,5.050000000000001,0.37000000000000033,0.09899999999999999,0.37000000000000033,0.092
0.2733,0.075266,5.05,0.37000000000000033,0.098,0.37000000000000033,0.092
0.27335000000000004,0.0737645,5.0,0.37000000000000033,0.098,0.37000000000000033,0.091
0.27340000000000003,0.072314,4.95,0.37000000000000033,0.097,0.37000000000000033,0.091
0.27345,0.0709225,4.8999999999999995,0.37000000000000033,0.097,0.37000000000000033,0.091
0.2735,0.0696295,4.8,0.37000000000000033,0.097,0.37000000000000033,0.091
0.27355,0.0684135,4.749999999999999,0.37000000000000033,0.096,0.37000000000000033,0.091
0.2736,0.06727799999999999,4.699999999999999,0.37000000000000033,0.096,0.37000000000000033,0.09000000000000001
0.27365,0.0662435,4.6,0.37000000000000033,0.096,0.37000000000000033,0.09000000000000001
0.2737,0.0652425,4.55,0.37000000000000033,0.095,0.37000000000000033,0.09000000000000001
0.27375,0.064325,4.499999999999999,0.37000000000000033,0.095,0.37000000000000033,0.09000000000000001
0.2738,0.06346,4.45,0.36000000000000054,0.095,0.36000000000000054,0.09000000000000001
0.27385000000000004,0.062642,4.3999999999999995,0.36000000000000054,0.094,0.36000000000000054,0.089
0.27390000000000003,0.06186,4.35,0.36000000000000054,0.094,0.36000000000000054,0.089
0.27395,0.061140999999999994,4.3500000000000005,0.36000000000000054,0.094,0.36000000000000054,0.089
0.274,0.060455999999999996,4.3,0.36000000000000054,0.094,0.36000000000000054,0.089
0.27405,0.059801,4.25,0.36000000000000054,0.093,0.36000000000000054,0.089
0.2741,0.059169,4.25,0.36000000000000054,0.093,0.36000000000000054,0.089
0.27415,0.058560499999999995,4.2,0.36000000000000054,0.093,0.36000000000000054,0.088
0.2742,0.057997,4.1499999999999995,0.36000000000000054,0.093,0.36000000000000054,0.088
0.27425,0.057443499999999995,4.1499999999999995,0.36000000000000054,0.092,0.36000000000000054,0.088
0.2743,0.0568905,4.1,0.36000000000000054,0.092,0.36000000000000054,0.088
0.27435000000000004,0.056386,4.1,0.36000000000000054,0.092,0.36000000000000054,0.088
0.27440000000000003,0.0558535,4.049999999999999,0.36000000000000054,0.092,0.36000000000000054,0.088
0.27445,0.0553185,4.049999999999999,0.36000000000000054,0.092,0.36000000000000054,0.088
0.2745,0.0547475,4.0,0.36000000000000054,0.091,0.36000000000000054,0.087
0.27455,0.054155499999999995,4.0,0.36000000000000054,0.091,0.36000000000000054,0.087
0.2746,0.053473,4.0,0.34999999999999987,0.091,0.34999999999999987,0.087
0.27465,0.05271,3.95,0.3399999999999992,0.091,0.3399999999999992,0.08600000000000001
0.2747,0.0507865,3.8000000000000007,0.3200000000000005,0.09000000000000001,0.0,0.0
0.27475,0.047735,3.6000000000000005,0.30000000000000004,0.09000000000000001,0.0,0.0
0.2748,0.044288499999999995,3.4000000000000004,0.28000000000000047,0.089,0.0,0.0
0.27485000000000004,0.0407915,3.25,0.28000000000000047,0.089,0.0,0.0
0.27490000000000003,0.037156999999999996,3.05,0.2699999999999998,0.088,0.0,0.0
0.27495,0.033473499999999996,2.8999999999999995,0.2599999999999991,0.087,0.0,0.0
0.275,0.029823,2.700000000000001,0.24999999999999933,0.086,0.0,0.0
0.27505,0.026226,2.5500000000000007,0.23999999999999955,0.08399999999999999,0.0,0.0
0.2751,0.0227715,2.3500000000000014,0.22999999999999976,0.082,0.0,0.0
0.27515,0.0193225,2.200000000000001,0.21000000000000107,0.079,0.0,0.0
0.2752,0.016151,2.0,0.21000000000000107,0.076,0.0,0.0
0.27525,0.0130995,1.8000000000000018,0.18999999999999972,0.07200000000000001,0.0,0.0
0.2753,0.0102115,1.6499999999999997,0.17999999999999994,0.067,0.0,0.0
0.27535000000000004,0.007630499999999999,1.4500000000000004,0.16000000000000036,0.062,0.0,0.0
0.27540000000000003,0.0052664999999999995,1.2499999999999993,0.1399999999999999,0.055,0.0,0.0
0.27545000000000003,0.00323,1.0499999999999983,0.12000000000000031,0.047,0.0,0.0
0.2755,0.00153,0.8,0.09999999999999985,0.037,0.0,0.0
0.27555,0.00031,0.45000000000000034,0.059999999999999824,0.020999999999999998,0.0,0.0
0.2756,0.001663,0.39999999999999963,0.3399999999999992,0.026,0.3399999999999992,0.026
0.27565,0.0044155,0.5000000000000011,0.37000000000000033,0.049,0.37000000000000033,0.049
0.2757,0.0074205,0.6500000000000015,0.3900000000000008,0.064,0.3900000000000008,0.064
0.27575,0.010704,0.8000000000000018,0.3900000000000008,0.075,0.3900000000000008,0.075
0.2758,0.014187499999999999,0.8999999999999997,0.3900000000000008,0.083,0.3900000000000008,0.083
0.27585000000000004,0.017898,1.05,0.3900000000000008,0.089,0.3900000000000008,0.089
0.27590000000000003,0.021721,1.2000000000000004,0.3900000000000008,0.094,0.3900000000000008,0.094
0.27595000000000003,0.0255525,1.3500000000000008,0.3900000000000008,0.098,0.3900000000000008,0.098
0.276,0.029419499999999998,1.4500000000000004,0.3900000000000008,0.101,0.3900000000000008,0.101
0.27605,0.033257,1.6000000000000008,0.3900000000000008,0.103,0.3900000000000008,0.103
0.2761,0.037067499999999996,1.7000000000000004,0.3900000000000008,0.106,0.3900000000000008,0.104
0.27615,0.040875,1.8500000000000025,0.3900000000000008,0.107,0.3900000000000008,0.104
0.2762,0.044532999999999996,2.000000000000001,0.3800000000000001,0.108,0.3800000000000001,0.103
0.27625,0.048172,2.1500000000000012,0.3800000000000001,0.10900000000000001,0.3800000000000001,0.103
0.2763,0.051671999999999996,2.3000000000000007,0.3800000000000001,0.11,0.3800000000000001,0.103
0.27635000000000004,0.0550115,2.45,0.3800000000000001,0.111,0.3800000000000001,0.102
0.27640000000000003,0.058276999999999995,2.55,0.3800000000000001,0.111,0.3800000000000001,0.101
0.27645000000000003,0.0613535,2.7,0.3800000000000001,0.111,0.3800000000000001,0.101
0.2765,0.064145,2.8499999999999996,0.3800000000000001,0.111,0.3800000000000001,0.1
0.27655,0.06690499999999999,3.000000000000001,0.3800000000000001,0.111,0.3800000000000001,0.1
0.2766,0.0694545,3.0999999999999996,0.3800000000000001,0.11,0.3800000000000001,0.09899999999999999
0.27665,0.071884,3.25,0.3800000000000001,0.11,0.3800000000000001,0.09899999999999999
0.2767,0.074021,3.3999999999999995,0.3800000000000001,0.10900000000000001,0.3800000000000001,0.098
0.27675,0.0758465,3.55,0.37000000000000033,0.108,0.37000000000000033,0.098
0.2768,0.0775225,3.6499999999999986,0.37000000000000033,0.107,0.37000000000000033,0.097
0.27685000000000004,0.079071,3.799999999999999,0.37000000000000033,0.107,0.37000000000000033,0.097
0.27690000000000003,0.080292,3.9499999999999993,0.37000000000000033,0.106,0.37000000000000033,0.096
0.27695000000000003,0.08129399999999999,4.05,0.37000000000000033,0.10500000000000001,0.37000000000000033,0.096
0.277,0.082027,4.2,0.37000000000000033,0.104,0.37000000000000033,0.095
0.27705,0.082513,4.300000000000001,0.37000000000000033,0.103,0.37000000000000033,0.095
0.2771,0.0827695,4.450000000000001,0.37000000000000033,0.103,0.37000000000000033,0.095
0.27715,0.082741,4.55,0.37000000000000033,0.102,0.37000000000000033,0.094
0.2772,0.082478,4.7,0.37000000000000033,0.102,0.37000000000000033,0.094
0.27725,0.081977,4.799999999999999,0.37000000000000033,0.101,0.37000000000000033,0.094
0.2773,0.0812295,4.899999999999999,0.37000000000000033,0.1,0.37000000000000033,0.093
0.27735000000000004,0.0802855,4.949999999999999,0.37000000000000033,0.1,0.37000000000000033,0.093
0.27740000000000004,0.07911649999999999,5.05,0.37000000000000033,0.09899999999999999,0.37000000000000033,0.093
0.27745000000000003,0.0778455,5.05,0.37000000000000033,0.09899999999999999,0.37000000000000033,0.093
0.2775,0.07642499999999999,5.1,0.37000000000000033,0.09899999999999999,0.37000000000000033,0.092
0.27755,0.074969,5.049999999999999,0.37000000000000033,0.098,0.37000000000000033,0.092
0.2776,0.073473,5.050000000000001,0.37000000000000033,0.098,0.37000000000000033,0.092
0.27765,0.0720335,4.95,0.37000000000000033,0.097,0.37000000000000033,0.092
0.2777,0.070674,4.8999999999999995,0.37000000000000033,0.097,0.37000000000000033,0.091
0.27775,0.069395,4.849999999999999,0.37000000000000033,0.096,0.37000000000000033,0.091
0.2778,0.0681885,4.75,0.37000000000000033,0.096,0.37000000000000033,0.091
0.27785,0.0670665,4.7,0.37000000000000033,0.096,0.37000000000000033,0.091
0.27790000000000004,0.066032,4.6499999999999995,0.37000000000000033,0.095,0.37000000000000033,0.091
0.27795000000000003,0.065055,4.55,0.37000000000000033,0.095,0.37000000000000033,0.09000000000000001
0.278,0.0641335,4.499999999999999,0.37000000000000033,0.095,0.37000000000000033,0.09000000000000001
0.27805,0.0632945,4.45,0.35999999999999965,0.095,0.35999999999999965,0.09000000000000001
0.2781,0.062488999999999996,4.3999999999999995,0.35999999999999965,0.094,0.35999999999999965,0.09000000000000001
0.27815,0.061704999999999996,4.3999999999999995,0.35999999999999965,0.094,0.35999999999999965,0.09000000000000001
0.2782,0.0610075,4.35,0.35999999999999965,0.094,0.35999999999999965,0.09000000000000001
0.27825,0.0603285,4.3,0.35999999999999965,0.093,0.35999999999999965,0.089
0.2783,0.0596675,4.249999999999999,0.35999999999999965,0.093,0.35999999999999965,0.089
0.27835,0.059046999999999995,4.25,0.35999999999999965,0.093,0.35999999999999965,0.089
0.27840000000000004,0.05846,4.2,0.35999999999999965,0.093,0.35999999999999965,0.089
0.27845000000000003,0.057884,4.2,0.35999999999999965,0.093,0.35999999999999965,0.089
0.2785,0.057336,4.1499999999999995,0.35999999999999965,0.092,0.35999999999999965,0.089
0.27855,0.056803,4.1499999999999995,0.35999999999999965,0.092,0.35999999999999965,0.088
0.2786,0.0562555,4.1000000000000005,0.35999999999999965,0.092,0.35999999999999965,0.088
0.27865,0.055734,4.1,0.35999999999999965,0.092,0.35999999999999965,0.088
0.2787,0.0551985,4.05,0.35999999999999965,0.092,0.35999999999999965,0.088
0.27875,0.054646,4.05,0.35999999999999965,0.091,0.35999999999999965,0.088
0.2788,0.0540205,4.0,0.35999999999999965,0.091,0.35999999999999965,0.088
0.27885,0.0533205,4.0,0.3400000000000001,0.091,0.3400000000000001,0.087
0.27890000000000004,0.052524999999999995,3.9499999999999997,0.3400000000000001,0.091,0.3400000000000001,0.087
0.27895000000000003,0.05019,3.7499999999999996,0.30999999999999983,0.09000000000000001,0.0,0.0
0.279,0.047042,3.5999999999999996,0.30000000000000004,0.09000000000000001,0.0,0.0
0.27905,0.0435905,3.3499999999999996,0.2799999999999996,0.089,0.0,0.0
0.2791,0.040036999999999996,3.1999999999999997,0.2799999999999996,0.089,0.0,0.0
0.27915,0.03639,3.05,0.2699999999999998,0.088,0.0,0.0
0.2792,0.032701,2.8499999999999996,0.26,0.087,0.0,0.0
0.27925,0.02906,2.65,0.2500000000000002,0.085,0.0,0.0
0.2793,0.0254965,2.5,0.22999999999999976,0.083,0.0,0.0
0.27935,0.022047999999999998,2.35,0.22999999999999976,0.081,0.0,0.0
0.27940000000000004,0.0186495,2.15,0.21000000000000107,0.078,0.0,0.0
0.27945000000000003,0.0154855,1.95,0.21000000000000107,0.075,0.0,0.0
0.2795,0.0125075,1.8,0.18999999999999972,0.07100000000000001,0.0,0.0
0.27955,0.009651,1.55,0.17000000000000015,0.066,0.0,0.0
0.2796,0.007124999999999999,1.4000000000000001,0.15999999999999948,0.061,0.0,0.0
0.27965,0.004802,1.1500000000000001,0.1400000000000008,0.054,0.0,0.0
0.2797,0.0028525,1.0,0.12000000000000031,0.045000000000000005,0.0,0.0
0.27975,0.0012389999999999999,0.75,0.09000000000000007,0.034,0.0,0.0
0.2798,0.000143,0.35000000000000003,0.04000000000000025,0.016,0.0,0.0
0.27985,0.0022315,0.45,0.34999999999999987,0.032,0.34999999999999987,0.032
0.27990000000000004,0.005018,0.55,0.3899999999999999,0.053,0.3899999999999999,0.053
0.27995000000000003,0.0080865,0.7000000000000001,0.3899999999999999,0.067,0.3899999999999999,0.067
0.28,0.0114005,0.8,0.3899999999999999,0.076,0.3899999999999999,0.076
0.28005,0.0149585,0.9,0.3899999999999999,0.08399999999999999,0.3899999999999999,0.08399999999999999
0.2801,0.018695,1.05,0.3899999999999999,0.09000000000000001,0.3899999999999999,0.09000000000000001
0.28015,0.022525,1.2,0.3899999999999999,0.095,0.3899999999999999,0.095
0.2802,0.026378,1.35,0.3899999999999999,0.09899999999999999,0.3899999999999999,0.09899999999999999
0.28025,0.0302405,1.5,0.3899999999999999,0.101,0.3899999999999999,0.101
0.2803,0.034079,1.6500000000000001,0.3899999999999999,0.104,0.3899999999999999,0.103
0.28035,0.037897,1.75,0.3899999999999999,0.106,0.3899999999999999,0.103
0.28040000000000004,0.041668,1.9,0.3899999999999999,0.107,0.3899999999999999,0.103
0.28045000000000003,0.045316499999999996,2.0500000000000003,0.3799999999999992,0.10900000000000001,0.3799999999999992,0.103
0.2805,0.048917999999999996,2.2,0.3799999999999992,0.11,0.3799999999999992,0.102
0.28055,0.052377,2.35,0.3799999999999992,0.11,0.3799999999999992,0.102
0.2806,0.0557115,2.4499999999999997,0.3799999999999992,0.111,0.3799999999999992,0.101
0.28065,0.0589445,2.5999999999999996,0.3799999999999992,0.111,0.3799999999999992,0.101
0.2807,0.061975999999999996,2.7499999999999996,0.3799999999999992,0.111,0.3799999999999992,0.1
0.28075,0.06472549999999999,2.8999999999999995,0.3799999999999992,0.111,0.3799999999999992,0.1
0.2808,0.0674425,3.05,0.3799999999999992,0.111,0.3799999999999992,0.09899999999999999
0.28085,0.070007,3.15,0.3799999999999992,0.11,0.3799999999999992,0.098
0.28090000000000004,0.072338,3.3,0.3799999999999992,0.10900000000000001,0.3799999999999992,0.098
0.28095000000000003,0.07443,3.45,0.36999999999999944,0.10900000000000001,0.36999999999999944,0.098
0.281,0.07620099999999999,3.6,0.36999999999999944,0.108,0.36999999999999944,0.097
0.28105,0.07786749999999999,3.6999999999999997,0.36999999999999944,0.107,0.36999999999999944,0.097
0.2811,0.07932199999999999,3.8499999999999996,0.36999999999999944,0.106,0.36999999999999944,0.096
0.28115,0.0805115,4.0,0.36999999999999944,0.106,0.36999999999999944,0.096
0.2812,0.081469,4.1,0.36999999999999944,0.10500000000000001,0.36999999999999944,0.095
0.28125,0.082161,4.25,0.36999999999999944,0.104,0.36999999999999944,0.095
0.2813,0.0825595,4.35,0.36999999999999944,0.103,0.36999999999999944,0.095
0.28135,0.0827745,4.5,0.36999999999999944,0.103,0.36999999999999944,0.094
0.28140000000000004,0.0827005,4.6,0.36999999999999944,0.102,0.36999999999999944,0.094
0.28145000000000003,0.082385,4.699999999999999,0.36999999999999944,0.101,0.36999999999999944,0.094
0.28150000000000003,0.08183,4.85,0.36999999999999944,0.101,0.36999999999999944,0.093
0.28155,0.081041,4.8999999999999995,0.36999999999999944,0.1,0.36999999999999944,0.093
0.2816,0.080047,5.0,0.36999999999999944,0.1,0.36999999999999944,0.093
0.28165,0.07886699999999999,5.049999999999999,0.36999999999999944,0.09899999999999999,0.36999999999999944,0.092
0.2817,0.077558,5.1,0.36999999999999944,0.09899999999999999,0.36999999999999944,0.092
0.28175,0.07611949999999999,5.1,0.36999999999999944,0.098,0.36999999999999944,0.092
0.2818,0.074643,5.1000000000000005,0.36999999999999944,0.098,0.36999999999999944,0.092
0.28185,0.0731555,5.05,0.36999999999999944,0.098,0.36999999999999944,0.091
0.28190000000000004,0.07174599999999999,4.95,0.36999999999999944,0.097,0.36999999999999944,0.091
0.28195000000000003,0.07038649999999999,4.9,0.36999999999999944,0.097,0.36999999999999944,0.091
0.28200000000000003,0.0691275,4.8500000000000005,0.36999999999999944,0.096,0.36999999999999944,0.091
0.28205,0.06795849999999999,4.750000000000001,0.36999999999999944,0.096,0.36999999999999944,0.091
0.2821,0.0668415,4.7,0.36999999999999944,0.096,0.36999999999999944,0.09000000000000001
0.28215,0.06582099999999999,4.6499999999999995,0.36999999999999944,0.095,0.36999999999999944,0.09000000000000001
0.2822,0.06485149999999999,4.6,0.35999999999999965,0.095,0.35999999999999965,0.09000000000000001
0.28225,0.063956,4.55,0.35999999999999965,0.095,0.35999999999999965,0.09000000000000001
0.2823,0.06308849999999999,4.499999999999999,0.35999999999999965,0.094,0.35999999999999965,0.09000000000000001
0.28235,0.0623055,4.45,0.35999999999999965,0.094,0.35999999999999965,0.09000000000000001
0.28240000000000004,0.061571999999999995,4.3999999999999995,0.35999999999999965,0.094,0.35999999999999965,0.089
0.28245000000000003,0.060853,4.3500000000000005,0.35999999999999965,0.094,0.35999999999999965,0.089
0.28250000000000003,0.060170499999999995,4.300000000000001,0.35999999999999965,0.093,0.35999999999999965,0.089
0.28255,0.059529,4.299999999999999,0.35999999999999965,0.093,0.35999999999999965,0.089
0.2826,0.058901999999999996,4.25,0.35999999999999965,0.093,0.35999999999999965,0.089
0.28265,0.058334,4.2,0.35999999999999965,0.093,0.35999999999999965,0.089
0.2827,0.057756499999999995,4.200000000000001,0.35999999999999965,0.093,0.35999999999999965,0.088
0.28275,0.0572065,4.149999999999999,0.35999999999999965,0.092,0.35999999999999965,0.088
0.2828,0.056669,4.1499999999999995,0.35999999999999965,0.092,0.35999999999999965,0.088
0.28285,0.056131999999999994,4.1,0.35999999999999965,0.092,0.35999999999999965,0.088
0.28290000000000004,0.0556215,4.1000000000000005,0.35999999999999965,0.092,0.35999999999999965,0.088
0.28295000000000003,0.055077499999999995,4.0,0.35999999999999965,0.091,0.35999999999999965,0.088
0.28300000000000003,0.0544995,4.0,0.35999999999999965,0.091,0.35999999999999965,0.087
0.28305,0.053870499999999995,3.9999999999999982,0.35999999999999965,0.091,0.35999999999999965,0.087
0.2831,0.053158,3.950000000000001,0.34000000000000097,0.091,0.34000000000000097,0.087
0.28315,0.052239,3.9499999999999993,0.34000000000000097,0.09000000000000001,0.0,0.0
0.2832,0.049583499999999996,3.7,0.30000000000000004,0.09000000000000001,0.0,0.0
0.28325,0.0463195,3.55,0.30000000000000004,0.09000000000000001,0.0,0.0
0.2833,0.042860999999999996,3.3499999999999996,0.2799999999999996,0.089,0.0,0.0
0.28335,0.0392905,3.1500000000000004,0.2700000000000007,0.089,0.0,0.0
0.28340000000000004,0.0356085,3.0,0.2600000000000009,0.088,0.0,0.0
0.28345000000000004,0.031943,2.8499999999999996,0.2500000000000002,0.086,0.0,0.0
0.28350000000000003,0.0283105,2.6000000000000005,0.2500000000000002,0.085,0.0,0.0
0.28355,0.0247785,2.45,0.23000000000000065,0.083,0.0,0.0
0.2836,0.021325,2.3000000000000007,0.23000000000000065,0.081,0.0,0.0
0.28365,0.018002,2.1000000000000005,0.2099999999999993,0.078,0.0,0.0
0.2837,0.0148235,1.8999999999999997,0.2000000000000004,0.074,0.0,0.0
0.28375,0.0118955,1.7499999999999993,0.1900000000000006,0.06999999999999998,0.0,0.0
0.2838,0.0091275,1.55,0.17000000000000015,0.06499999999999999,0.0,0.0
0.28385,0.006612,1.349999999999999,0.15000000000000058,0.059,0.0,0.0
0.28390000000000004,0.0043714999999999995,1.1499999999999997,0.1399999999999999,0.052,0.0,0.0
0.28395000000000004,0.0024705,0.9499999999999986,0.10999999999999964,0.043,0.0,0.0
0.28400000000000003,0.000957,0.7000000000000004,0.07999999999999939,0.032,0.0,0.0
0.28405,2.2e-05,0.14999999999999963,0.020000000000000677,0.008,0.0,0.0
0.2841,0.0027705,0.45000000000000034,0.35999999999999965,0.037,0.35999999999999965,0.037
0.28415,0.0056285,0.5500000000000018,0.3899999999999999,0.056,0.3899999999999999,0.056
0.2842,0.0087645,0.7000000000000004,0.3899999999999999,0.06899999999999999,0.3899999999999999,0.06899999999999999
0.28425,0.012128499999999999,0.8500000000000008,0.3899999999999999,0.078,0.3899999999999999,0.078
0.2843,0.0157415,0.9500000000000004,0.3899999999999999,0.086,0.3899999999999999,0.08600000000000001
0.28435,0.0194925,1.1000000000000008,0.3899999999999999,0.091,0.3899999999999999,0.091
0.2844,0.0233115,1.2499999999999993,0.3899999999999999,0.096,0.3899999999999999,0.096
0.28445000000000004,0.027188999999999998,1.3999999999999997,0.3899999999999999,0.09899999999999999,0.3899999999999999,0.09899999999999999
0.28450000000000003,0.0310345,1.55,0.3899999999999999,0.102,0.3899999999999999,0.102
0.28455,0.034852999999999995,1.7000000000000004,0.3899999999999999,0.104,0.3899999999999999,0.103
0.2846,0.038675,1.8,0.3899999999999999,0.106,0.3899999999999999,0.104
0.28465,0.042430499999999996,1.9500000000000004,0.3899999999999999,0.108,0.3899999999999999,0.104
0.2847,0.046068,2.1000000000000005,0.3800000000000001,0.10900000000000001,0.3800000000000001,0.104
0.28475,0.049631999999999996,2.250000000000001,0.3800000000000001,0.11,0.3800000000000001,0.103
0.2848,0.053075,2.4000000000000012,0.3800000000000001,0.11,0.3800000000000001,0.103
0.28485,0.056391,2.45,0.3800000000000001,0.111,0.3800000000000001,0.102
0.2849,0.0595985,2.6000000000000005,0.3800000000000001,0.111,0.3800000000000001,0.101
0.28495000000000004,0.062553,2.75,0.3800000000000001,0.111,0.3800000000000001,0.101
0.28500000000000003,0.0652975,2.9000000000000004,0.3800000000000001,0.111,0.3800000000000001,0.1
0.28505,0.0679655,3.0500000000000007,0.3800000000000001,0.11,0.3800000000000001,0.1
0.2851,0.070493,3.1499999999999995,0.3800000000000001,0.11,0.3800000000000001,0.09899999999999999
0.28515,0.0728095,3.3,0.3800000000000001,0.10900000000000001,0.3800000000000001,0.09899999999999999
0.2852,0.074832,3.4499999999999993,0.37000000000000033,0.10900000000000001,0.37000000000000033,0.098
0.28525,0.07652099999999999,3.5999999999999996,0.37000000000000033,0.108,0.37000000000000033,0.098
0.2853,0.07819949999999999,3.6999999999999984,0.37000000000000033,0.107,0.37000000000000033,0.097
0.28535,0.0795985,3.8499999999999988,0.37000000000000033,0.106,0.37000000000000033,0.097
0.2854,0.080706,3.9999999999999982,0.37000000000000033,0.10500000000000001,0.37000000000000033,0.096
0.28545000000000004,0.08162,4.1,0.37000000000000033,0.10500000000000001,0.37000000000000033,0.096
0.28550000000000003,0.0822545,4.25,0.37000000000000033,0.104,0.37000000000000033,0.096
0.28555,0.08264099999999999,4.3500000000000005,0.37000000000000033,0.103,0.37000000000000033,0.095
0.2856,0.08277699999999999,4.500000000000001,0.37000000000000033,0.103,0.37000000000000033,0.095
0.28565,0.082678,4.6,0.37000000000000033,0.102,0.37000000000000033,0.095
0.2857,0.08230549999999999,4.699999999999999,0.37000000000000033,0.101,0.37000000000000033,0.094
0.28575,0.08168199999999999,4.799999999999999,0.37000000000000033,0.101,0.37000000000000033,0.094
0.2858,0.0808535,4.9,0.37000000000000033,0.1,0.37000000000000033,0.094
0.28585,0.079815,4.999999999999999,0.37000000000000033,0.1,0.37000000000000033,0.093
0.2859,0.07862849999999999,5.050000000000002,0.37000000000000033,0.09899999999999999,0.37000000000000033,0.093
0.28595000000000004,0.07725549999999999,5.049999999999999,0.37000000000000033,0.09899999999999999,0.37000000000000033,0.093
0.28600000000000003,0.0758075,5.050000000000001,0.37000000000000033,0.098,0.37000000000000033,0.093
0.28605,0.074331,5.05,0.37000000000000033,0.098,0.37000000000000033,0.092
0.2861,0.072854,4.999999999999999,0.37000000000000033,0.097,0.37000000000000033,0.092
0.28615,0.071453,4.95,0.37000000000000033,0.097,0.37000000000000033,0.092
0.2862,0.0701185,4.8500000000000005,0.37000000000000033,0.097,0.37000000000000033,0.092
0.28625,0.0688725,4.800000000000001,0.37000000000000033,0.096,0.37000000000000033,0.091
0.2863,0.067703,4.7,0.37000000000000033,0.096,0.37000000000000033,0.091
0.28635,0.0666235,4.6499999999999995,0.37000000000000033,0.096,0.37000000000000033,0.091
0.2864,0.0656195,4.6000000000000005,0.37000000000000033,0.095,0.37000000000000033,0.091
0.28645000000000004,0.0646805,4.55,0.37000000000000033,0.095,0.37000000000000033,0.091
0.28650000000000003,0.0637905,4.499999999999999,0.37000000000000033,0.095,0.37000000000000033,0.09000000000000001
0.28655,0.0629465,4.45,0.36000000000000054,0.094,0.36000000000000054,0.09000000000000001
0.2866,0.062168999999999995,4.3999999999999995,0.36000000000000054,0.094,0.36000000000000054,0.09000000000000001
0.28665,0.061429,4.3500000000000005,0.36000000000000054,0.094,0.36000000000000054,0.09000000000000001
0.2867,0.0607105,4.3,0.36000000000000054,0.094,0.36000000000000054,0.09000000000000001
0.28675,0.060046499999999996,4.3,0.36000000000000054,0.093,0.36000000000000054,0.09000000000000001
0.2868,0.0594125,4.250000000000001,0.36000000000000054,0.093,0.36000000000000054,0.089
0.28685,0.0588065,4.199999999999999,0.36000000000000054,0.093,0.36000000000000054,0.089
0.2869,0.058206,4.2,0.36000000000000054,0.093,0.36000000000000054,0.089
0.28695000000000004,0.057644499999999994,4.1499999999999995,0.36000000000000054,0.092,0.36000000000000054,0.089
0.28700000000000003,0.057102999999999994,4.15,0.36000000000000054,0.092,0.36000000000000054,0.089
0.28705,0.056569999999999995,4.1,0.36000000000000054,0.092,0.36000000000000054,0.089
0.2871,0.0560735,4.1,0.36000000000000054,0.092,0.36000000000000054,0.088
0.28715,0.0555195,4.05,0.36000000000000054,0.092,0.36000000000000054,0.088
0.2872,0.054967999999999996,4.05,0.36000000000000054,0.091,0.36000000000000054,0.088
0.28725,0.054385499999999996,4.0,0.36000000000000054,0.091,0.36000000000000054,0.088
0.2873,0.053751,4.000000000000001,0.36000000000000054,0.091,0.36000000000000054,0.088
0.28735,0.053016499999999994,3.9499999999999997,0.3399999999999992,0.091,0.3399999999999992,0.087
0.2874,0.0517535,3.8499999999999996,0.3200000000000005,0.09000000000000001,0.0,0.0
0.28745000000000004,0.048951999999999996,3.6999999999999997,0.29999999999999916,0.09000000000000001,0.0,0.0
0.28750000000000003,0.045583,3.4999999999999996,0.28999999999999937,0.09000000000000001,0.0,0.0
0.28755000000000003,0.042137,3.3,0.28000000000000047,0.089,0.0,0.0
0.2876,0.038529,3.15,0.2699999999999998,0.088,0.0,0.0
0.28765,0.0348445,2.9499999999999997,0.2599999999999991,0.087,0.0,0.0
0.2877,0.031163999999999997,2.8,0.2500000000000002,0.086,0.0,0.0
0.28775,0.027571,2.6,0.2500000000000002,0.085,0.0,0.0
0.2878,0.024076499999999997,2.4499999999999997,0.22999999999999976,0.082,0.0,0.0
0.28785,0.0206005,2.25,0.22999999999999976,0.08,0.0,0.0
0.2879,0.0173385,2.05,0.2099999999999993,0.077,0.0,0.0
0.28795000000000004,0.014197999999999999,1.9,0.18999999999999972,0.073,0.0,0.0
0.28800000000000003,0.011281999999999999,1.7,0.18999999999999972,0.06899999999999999,0.0,0.0
0.28805000000000003,0.008587,1.5000000000000002,0.16999999999999926,0.064,0.0,0.0
0.2881,0.006131999999999999,1.3,0.15000000000000058,0.058,0.0,0.0
0.28815,0.0039664999999999995,1.1,0.13000000000000012,0.051,0.0,0.0
0.2882,0.0021095,0.8500000000000001,0.11000000000000053,0.041,0.0,0.0
0.28825,0.000701,0.6000000000000001,0.07000000000000049,0.028,0.0,0.0
0.2883,0.0005535,0.35000000000000003,0.2700000000000007,0.012,0.2700000000000007,0.012
0.28835,0.0033569999999999997,0.44999999999999996,0.37000000000000033,0.041999999999999996,0.37000000000000033,0.041999999999999996
0.2884,0.006266,0.6000000000000001,0.389999999999999,0.059,0.389999999999999,0.059
0.28845000000000004,0.0094495,0.7500000000000001,0.389999999999999,0.07100000000000001,0.389999999999999,0.07100000000000001
0.28850000000000003,0.012848499999999999,0.9000000000000001,0.389999999999999,0.08,0.389999999999999,0.08
0.28855000000000003,0.0164945,1.0,0.389999999999999,0.087,0.389999999999999,0.087
0.2886,0.0202595,1.1,0.389999999999999,0.092,0.389999999999999,0.092
0.28865,0.024108499999999998,1.25,0.389999999999999,0.096,0.389999999999999,0.096
0.2887,0.0279805,1.4000000000000001,0.389999999999999,0.1,0.389999999999999,0.1
0.28875,0.031833,1.55,0.389999999999999,0.103,0.389999999999999,0.102
0.2888,0.035639,1.7,0.389999999999999,0.10500000000000001,0.389999999999999,0.103
0.28885,0.039459,1.8,0.389999999999999,0.107,0.389999999999999,0.104
0.2889,0.043200499999999996,1.95,0.3800000000000001,0.108,0.3800000000000001,0.103
0.28895000000000004,0.0468195,2.1,0.3800000000000001,0.10900000000000001,0.3800000000000001,0.103
0.28900000000000003,0.050380999999999995,2.25,0.3800000000000001,0.11,0.3800000000000001,0.103
0.28905000000000003,0.053792,2.4,0.3800000000000001,0.111,0.3800000000000001,0.102
0.2891,0.0570795,2.5,0.3800000000000001,0.111,0.3800000000000001,0.101
0.28915,0.060240999999999996,2.65,0.3800000000000001,0.111,0.3800000000000001,0.101
0.2892,0.063123,2.8,0.3800000000000001,0.111,0.3800000000000001,0.1
0.28925,0.0658955,2.9499999999999997,0.3800000000000001,0.111,0.3800000000000001,0.1
0.2893,0.068511,3.0999999999999996,0.3800000000000001,0.11,0.3800000000000001,0.09899999999999999
0.28935,0.071022,3.1999999999999997,0.3800000000000001,0.11,0.3800000000000001,0.09899999999999999
0.2894,0.073265,3.3499999999999996,0.3800000000000001,0.10900000000000001,0.3800000000000001,0.098
0.28945000000000004,0.0752275,3.5,0.36999999999999944,0.108,0.36999999999999944,0.098
0.28950000000000004,0.076885,3.5999999999999996,0.36999999999999944,0.108,0.36999999999999944,0.097
0.28955000000000003,0.078526,3.7499999999999996,0.36999999999999944,0.107,0.36999999999999944,0.097
0.2896,0.0798535,3.8999999999999995,0.36999999999999944,0.106,0.36999999999999944,0.096
0.28965,0.080931,4.0,0.36999999999999944,0.10500000000000001,0.36999999999999944,0.096
0.2897,0.0817915,4.1499999999999995,0.36999999999999944,0.104,0.36999999999999944,0.096
0.28975,0.082359,4.3,0.36999999999999944,0.104,0.36999999999999944,0.095
0.2898,0.08270749999999999,4.3999999999999995,0.36999999999999944,0.103,0.36999999999999944,0.095
0.28985,0.082758,4.55,0.36999999999999944,0.102,0.36999999999999944,0.094
0.2899,0.082636,4.65,0.36999999999999944,0.102,0.36999999999999944,0.094
0.28995000000000004,0.08219449999999999,4.75,0.36999999999999944,0.101,0.36999999999999944,0.094
0.29000000000000004,0.08155799999999999,4.85,0.36999999999999944,0.101,0.36999999999999944,0.093
0.29005000000000003,0.0806665,4.95,0.36999999999999944,0.1,0.36999999999999944,0.093
0.2901,0.0795815,5.0,0.36999999999999944,0.1,0.36999999999999944,0.093
0.29015,0.078343,5.05,0.36999999999999944,0.09899999999999999,0.36999999999999944,0.093
0.2902,0.0769525,5.1000000000000005,0.36999999999999944,0.09899999999999999,0.36999999999999944,0.092
0.29025,0.07552199999999999,5.1,0.36999999999999944,0.098,0.36999999999999944,0.092
0.2903,0.0740345,5.05,0.36999999999999944,0.098,0.36999999999999944,0.092
0.29035,0.072554,4.999999999999999,0.36999999999999944,0.097,0.36999999999999944,0.092
0.2904,0.071167,4.95,0.36999999999999944,0.097,0.36999999999999944,0.091
0.29045000000000004,0.06985849999999999,4.85,0.36999999999999944,0.097,0.36999999999999944,0.091
0.29050000000000004,0.0686345,4.8,0.36999999999999944,0.096,0.36999999999999944,0.091
0.29055000000000003,0.06750149999999999,4.699999999999999,0.36999999999999944,0.096,0.36999999999999944,0.091
0.2906,0.0664205,4.6499999999999995,0.36999999999999944,0.096,0.36999999999999944,0.091
0.29065,0.06541899999999999,4.6000000000000005,0.36999999999999944,0.095,0.36999999999999944,0.09000000000000001
0.2907,0.06448949999999999,4.55,0.36999999999999944,0.095,0.36999999999999944,0.09000000000000001
0.29075,0.063618,4.499999999999999,0.35999999999999965,0.095,0.35999999999999965,0.09000000000000001
0.2908,0.06279,4.449999999999999,0.35999999999999965,0.094,0.35999999999999965,0.09000000000000001
0.29085,0.062018,4.3999999999999995,0.35999999999999965,0.094,0.35999999999999965,0.09000000000000001
0.2909,0.061261499999999997,4.3500000000000005,0.35999999999999965,0.094,0.35999999999999965,0.09000000000000001
0.29095,0.060568,4.35,0.35999999999999965,0.094,0.35999999999999965,0.089
0.29100000000000004,0.0599115,4.3,0.35999999999999965,0.093,0.35999999999999965,0.089
0.29105000000000003,0.0592795,4.25,0.35999999999999965,0.093,0.35999999999999965,0.089
0.2911,0.058675,4.250000000000001,0.35999999999999965,0.093,0.35999999999999965,0.089
0.29115,0.058098,4.199999999999999,0.35999999999999965,0.093,0.35999999999999965,0.089
0.2912,0.057546999999999994,4.1499999999999995,0.35999999999999965,0.092,0.35999999999999965,0.089
0.29125,0.057004,4.15,0.35999999999999965,0.092,0.35999999999999965,0.088
0.2913,0.056457999999999994,4.1,0.35999999999999965,0.092,0.35999999999999965,0.088
0.29135,0.055926,4.099999999999999,0.35999999999999965,0.092,0.35999999999999965,0.088
0.2914,0.055404499999999995,4.049999999999999,0.35999999999999965,0.092,0.35999999999999965,0.088
0.29145,0.05486,4.05,0.35999999999999965,0.091,0.35999999999999965,0.088
0.29150000000000004,0.0542495,4.05,0.35999999999999965,0.091,0.35999999999999965,0.088
0.29155000000000003,0.053582,4.0,0.34999999999999987,0.091,0.34999999999999987,0.087
0.2916,0.0528185,4.0,0.3400000000000001,0.091,0.3400000000000001,0.087
0.29165,0.051226,3.8000000000000007,0.3199999999999996,0.09000000000000001,0.0,0.0
0.2917,0.048288,3.6500000000000004,0.30000000000000093,0.09000000000000001,0.0,0.0
0.29175,0.044861,3.500000000000001,0.28000000000000047,0.09000000000000001,0.0,0.0
0.2918,0.0414075,3.25,0.28000000000000047,0.089,0.0,0.0
0.29185,0.0377765,3.1000000000000005,0.2699999999999998,0.088,0.0,0.0
0.2919,0.034078,2.9499999999999993,0.26,0.087,0.0,0.0
0.29195,0.030411499999999998,2.700000000000001,0.2500000000000002,0.086,0.0,0.0
0.29200000000000004,0.026824999999999998,2.5500000000000007,0.23999999999999955,0.08399999999999999,0.0,0.0
0.29205000000000003,0.0233545,2.4000000000000012,0.22999999999999887,0.082,0.0,0.0
0.2921,0.019871,2.250000000000001,0.21999999999999997,0.079,0.0,0.0
0.29215,0.016663499999999998,2.0,0.21000000000000107,0.076,0.0,0.0
0.2922,0.0135975,1.8500000000000008,0.18999999999999972,0.07200000000000001,0.0,0.0
0.29225,0.010678499999999999,1.7000000000000004,0.17999999999999994,0.068,0.0,0.0
0.2923,0.008048,1.4500000000000004,0.17000000000000015,0.063,0.0,0.0
0.29235,0.00565,1.3,0.1499999999999988,0.056,0.0,0.0
0.2924,0.0035524999999999997,1.0499999999999983,0.130000000000001,0.049,0.0,0.0
0.29245,0.0017935,0.8,0.09999999999999985,0.039,0.0,0.0
0.29250000000000004,0.000477,0.5500000000000018,0.059999999999999824,0.025,0.0,0.0
0.29255000000000003,0.001201,0.39999999999999963,0.3200000000000005,0.020999999999999998,0.3200000000000005,0.020999999999999998
0.2926,0.0039445,0.5000000000000011,0.37000000000000033,0.046,0.37000000000000033,0.046
0.29265,0.0068965,0.6500000000000015,0.3900000000000008,0.062,0.3900000000000008,0.062
0.2927,0.0101365,0.7499999999999993,0.3900000000000008,0.073,0.3900000000000008,0.073
0.29275,0.013583999999999999,0.9000000000000015,0.3900000000000008,0.082,0.3900000000000008,0.082
0.2928,0.017283,0.9999999999999993,0.3900000000000008,0.088,0.3900000000000008,0.088
0.29285,0.021089999999999998,1.1499999999999997,0.3900000000000008,0.093,0.3900000000000008,0.093
0.2929,0.024925,1.3,0.3900000000000008,0.097,0.3900000000000008,0.097
0.29295,0.0287895,1.4500000000000004,0.3900000000000008,0.1,0.3900000000000008,0.1
0.29300000000000004,0.032636,1.6000000000000008,0.3900000000000008,0.103,0.3900000000000008,0.102
0.29305000000000003,0.036449499999999996,1.7000000000000004,0.3900000000000008,0.10500000000000001,0.3900000000000008,0.103
0.2931,0.0402575,1.8500000000000025,0.3900000000000008,0.107,0.3900000000000008,0.103
0.29315,0.0439335,2.000000000000001,0.3800000000000001,0.108,0.3800000000000001,0.103
0.2932,0.0475725,2.1500000000000012,0.3800000000000001,0.10900000000000001,0.3800000000000001,0.103
0.29325,0.051112,2.3000000000000007,0.3800000000000001,0.11,0.3800000000000001,0.102
0.2933,0.05447,2.45,0.3800000000000001,0.111,0.3800000000000001,0.101
0.29335,0.0577475,2.55,0.3800000000000001,0.111,0.3800000000000001,0.101
0.2934,0.060863999999999994,2.7,0.3800000000000001,0.111,0.3800000000000001,0.1
0.29345,0.063706,2.8499999999999996,0.3800000000000001,0.111,0.3800000000000001,0.1
0.29350000000000004,0.0664495,3.000000000000001,0.3800000000000001,0.111,0.3800000000000001,0.09899999999999999
0.29355000000000003,0.06904249999999999,3.0999999999999996,0.3800000000000001,0.11,0.3800000000000001,0.09899999999999999
0.2936,0.071504,3.25,0.3800000000000001,0.11,0.3800000000000001,0.098
0.29365,0.0736705,3.3999999999999995,0.3800000000000001,0.10900000000000001,0.3800000000000001,0.098
0.2937,0.07558,3.55,0.37000000000000033,0.108,0.37000000000000033,0.097
0.29375,0.077234,3.6499999999999986,0.37000000000000033,0.108,0.37000000000000033,0.097
0.2938,0.078814,3.799999999999999,0.37000000000000033,0.107,0.37000000000000033,0.096
0.29385,0.080121,3.9499999999999993,0.37000000000000033,0.106,0.37000000000000033,0.096
0.2939,0.0811035,4.05,0.37000000000000033,0.10500000000000001,0.37000000000000033,0.095
0.29395,0.081909,4.2,0.37000000000000033,0.104,0.37000000000000033,0.095
0.29400000000000004,0.0824275,4.35,0.37000000000000033,0.104,0.37000000000000033,0.095
0.29405000000000003,0.082744,4.450000000000001,0.37000000000000033,0.103,0.37000000000000033,0.094
0.29410000000000003,0.0827585,4.55,0.37000000000000033,0.102,0.37000000000000033,0.094
0.29415,0.082539,4.7,0.37000000000000033,0.102,0.37000000000000033,0.094
0.2942,0.08205849999999999,4.799999999999999,0.37000000000000033,0.101,0.37000000000000033,0.093
0.29425,0.08137749999999999,4.899999999999999,0.37000000000000033,0.101,0.37000000000000033,0.093
0.2943,0.080438,5.0,0.37000000000000033,0.1,0.37000000000000033,0.093
0.29435,0.079333,5.05,0.37000000000000033,0.1,0.37000000000000033,0.092
0.2944,0.0780635,5.099999999999999,0.37000000000000033,0.09899999999999999,0.37000000000000033,0.092
0.29445,0.07665799999999999,5.1,0.37000000000000033,0.09899999999999999,0.37000000000000033,0.092
0.29450000000000004,0.075192,5.1,0.37000000000000033,0.098,0.37000000000000033,0.092
0.29455000000000003,0.073711,5.050000000000001,0.37000000000000033,0.098,0.37000000000000033,0.091
0.29460000000000003,0.0722535,4.999999999999999,0.37000000000000033,0.097,0.37000000000000033,0.091
0.29465,0.070853,4.95,0.37000000000000033,0.097,0.37000000000000033,0.091
0.2947,0.069578,4.849999999999999,0.37000000000000033,0.097,0.37000000000000033,0.091
0.29475,0.068365,4.75,0.37000000000000033,0.096,0.37000000000000033,0.091
0.2948,0.0672575,4.6499999999999995,0.37000000000000033,0.096,0.37000000000000033,0.09000000000000001
0.29485,0.066191,4.6000000000000005,0.37000000000000033,0.096,0.37000000000000033,0.09000000000000001
0.2949,0.065206,4.55,0.37000000000000033,0.095,0.37000000000000033,0.09000000000000001
0.29495,0.064277,4.500000000000001,0.35999999999999965,0.095,0.35999999999999965,0.09000000000000001
0.29500000000000004,0.0634275,4.449999999999999,0.35999999999999965,0.095,0.35999999999999965,0.09000000000000001
0.29505000000000003,0.06260399999999999,4.3999999999999995,0.35999999999999965,0.094,0.35999999999999965,0.09000000000000001
0.29510000000000003,0.061834999999999994,4.35,0.35999999999999965,0.094,0.35999999999999965,0.089
0.29515,0.0611115,4.349999999999999,0.35999999999999965,0.094,0.35999999999999965,0.089
0.2952,0.060416,4.3,0.35999999999999965,0.094,0.35999999999999965,0.089
0.29525,0.0597655,4.25,0.35999999999999965,0.093,0.35999999999999965,0.089
0.2953,0.059143499999999995,4.2,0.35999999999999965,0.093,0.35999999999999965,0.089
0.29535,0.0585245,4.199999999999999,0.35999999999999965,0.093,0.35999999999999965,0.089
0.2954,0.057971999999999996,4.15,0.35999999999999965,0.093,0.35999999999999965,0.088
0.29545,0.0574135,4.1499999999999995,0.35999999999999965,0.092,0.35999999999999965,0.088
0.29550000000000004,0.056858,4.1,0.35999999999999965,0.092,0.35999999999999965,0.088
0.29555000000000003,0.056357,4.1,0.35999999999999965,0.092,0.35999999999999965,0.088
0.29560000000000003,0.055826,4.05,0.35999999999999965,0.092,0.35999999999999965,0.088
0.29565,0.055300499999999995,4.05,0.35999999999999965,0.092,0.35999999999999965,0.088
0.2957,0.05473,3.9999999999999996,0.35999999999999965,0.091,0.35999999999999965,0.087
0.29575,0.0541165,4.0,0.35999999999999965,0.091,0.35999999999999965,0.087
0.2958,0.0534525,3.9499999999999997,0.34000000000000097,0.091,0.34000000000000097,0.087
0.29585,0.0526725,3.9499999999999997,0.34000000000000097,0.091,0.34000000000000097,0.08600000000000001
0.2959,0.050671999999999995,3.8,0.3199999999999996,0.09000000000000001,0.0,0.0
0.29595,0.0476235,3.5999999999999996,0.30000000000000004,0.09000000000000001,0.0,0.0
0.29600000000000004,0.0441635,3.4,0.2799999999999987,0.089,0.0,0.0
0.29605000000000004,0.0406455,3.25,0.2799999999999987,0.089,0.0,0.0
0.29610000000000003,0.037003,3.05,0.2699999999999998,0.088,0.0,0.0
0.29615,0.033324,2.9,0.2600000000000009,0.087,0.0,0.0
0.2962,0.029685999999999997,2.7,0.2500000000000002,0.086,0.0,0.0
0.29625,0.0260805,2.5,0.24000000000000044,0.08399999999999999,0.0,0.0
0.2963,0.022632,2.35,0.23000000000000065,0.081,0.0,0.0
0.29635,0.019195,2.2,0.2099999999999993,0.079,0.0,0.0
0.2964,0.016014999999999998,2.0,0.2099999999999993,0.075,0.0,0.0
0.29645,0.0129835,1.8,0.1900000000000006,0.07200000000000001,0.0,0.0
0.29650000000000004,0.010097499999999999,1.65,0.17999999999999994,0.067,0.0,0.0
0.29655000000000004,0.0075255,1.4000000000000001,0.15999999999999948,0.062,0.0,0.0
0.29660000000000003,0.0051779999999999994,1.2500000000000002,0.1399999999999999,0.055,0.0,0.0
0.29665,0.003152,1.0,0.12000000000000031,0.047,0.0,0.0
0.2967,0.0014659999999999999,0.75,0.09000000000000007,0.037,0.0,0.0
0.29675,0.000268,0.45,0.05000000000000004,0.02,0.0,0.0
0.2968,0.00178,0.39999999999999997,0.34000000000000097,0.027,0.34000000000000097,0.027
0.29685,0.0045325,0.5,0.37000000000000033,0.05,0.37000000000000033,0.05
0.2969,0.0075515,0.6500000000000001,0.3899999999999999,0.064,0.3899999999999999,0.064
0.29695,0.010846999999999999,0.8,0.3899999999999999,0.075,0.3899999999999999,0.075
0.29700000000000004,0.014341,0.9,0.3899999999999999,0.083,0.3899999999999999,0.083
0.29705000000000004,0.0180665,1.05,0.3899999999999999,0.089,0.3899999999999999,0.089
0.29710000000000003,0.021884499999999998,1.2,0.3899999999999999,0.094,0.3899999999999999,0.094
0.29715,0.025721499999999998,1.35,0.3899999999999999,0.098,0.3899999999999999,0.098
0.2972,0.029581999999999997,1.5,0.3899999999999999,0.101,0.3899999999999999,0.101
0.29725,0.0334205,1.6500000000000001,0.3899999999999999,0.104,0.3899999999999999,0.103
0.2973,0.0372235,1.75,0.3899999999999999,0.106,0.3899999999999999,0.104
0.29735,0.041017,1.85,0.3899999999999999,0.107,0.3899999999999999,0.104
0.2974,0.044687,2.0,0.3800000000000001,0.10900000000000001,0.3800000000000001,0.104
0.29745,0.048305,2.15,0.3800000000000001,0.10900000000000001,0.3800000000000001,0.103
0.2975,0.051812,2.3,0.3800000000000001,0.11,0.3800000000000001,0.103
0.29755000000000004,0.0551435,2.4499999999999997,0.3800000000000001,0.111,0.3800000000000001,0.102
0.29760000000000003,0.0584065,2.55,0.3800000000000001,0.111,0.3800000000000001,0.102
0.29765,0.0614785,2.6999999999999997,0.3800000000000001,0.111,0.3800000000000001,0.101
0.2977,0.0642615,2.8499999999999996,0.3800000000000001,0.111,0.3800000000000001,0.1
0.29775,0.0670065,3.0,0.3800000000000001,0.111,0.3800000000000001,0.1
0.2978,0.069562,3.1,0.3800000000000001,0.11,0.3800000000000001,0.09899999999999999
0.29785,0.071977,3.25,0.3800000000000001,0.11,0.3800000000000001,0.09899999999999999
0.2979,0.07410549999999999,3.4,0.3800000000000001,0.10900000000000001,0.3800000000000001,0.098
0.29795,0.0759195,3.55,0.36999999999999944,0.108,0.36999999999999944,0.098
0.298,0.077585,3.6499999999999995,0.36999999999999944,0.107,0.36999999999999944,0.097
0.29805000000000004,0.0791215,3.8,0.36999999999999944,0.107,0.36999999999999944,0.097
0.29810000000000003,0.0803425,3.95,0.36999999999999944,0.106,0.36999999999999944,0.096
0.29815,0.081329,4.05,0.36999999999999944,0.10500000000000001,0.36999999999999944,0.096
0.2982,0.08204199999999999,4.2,0.36999999999999944,0.104,0.36999999999999944,0.096
0.29825,0.08252749999999999,4.3,0.36999999999999944,0.103,0.36999999999999944,0.095
0.2983,0.082782,4.45,0.36999999999999944,0.103,0.36999999999999944,0.095
0.29835,0.0827345,4.550000000000001,0.36999999999999944,0.102,0.36999999999999944,0.095
0.2984,0.0824495,4.7,0.36999999999999944,0.102,0.36999999999999944,0.094
0.29845,0.0819415,4.8,0.36999999999999944,0.101,0.36999999999999944,0.094
0.2985,0.081179,4.8999999999999995,0.36999999999999944,0.1,0.36999999999999944,0.094
0.29855000000000004,0.0802505,4.95,0.36999999999999944,0.1,0.36999999999999944,0.093
0.29860000000000003,0.07908649999999999,4.999999999999999,0.36999999999999944,0.09899999999999999,0.36999999999999944,0.093
0.29865,0.07778349999999999,5.05,0.36999999999999944,0.09899999999999999,0.36999999999999944,0.093
0.2987,0.076376,5.1,0.36999999999999944,0.098,0.36999999999999944,0.092
0.29875,0.0749005,5.05,0.36999999999999944,0.098,0.36999999999999944,0.092
0.2988,0.073419,5.0,0.36999999999999944,0.098,0.36999999999999944,0.092
0.29885,0.0719785,4.949999999999999,0.36999999999999944,0.097,0.36999999999999944,0.092
0.2989,0.0706025,4.8999999999999995,0.36999999999999944,0.097,0.36999999999999944,0.092
0.29895,0.06933299999999999,4.8,0.36999999999999944,0.096,0.36999999999999944,0.091
0.299,0.06816,4.749999999999999,0.36999999999999944,0.096,0.36999999999999944,0.091
0.29905000000000004,0.0670335,4.699999999999999,0.36999999999999944,0.096,0.36999999999999944,0.091
0.29910000000000003,0.06600349999999999,4.6000000000000005,0.36999999999999944,0.095,0.36999999999999944,0.091
0.29915,0.0650265,4.55,0.36999999999999944,0.095,0.36999999999999944,0.091
0.2992,0.0641115,4.500000000000001,0.36999999999999944,0.095,0.36999999999999944,0.09000000000000001
0.29925,0.0632645,4.45,0.36000000000000054,0.095,0.36000000000000054,0.09000000000000001
0.2993,0.062465999999999994,4.3999999999999995,0.36000000000000054,0.094,0.36000000000000054,0.09000000000000001
0.29935,0.06168,4.3999999999999995,0.36000000000000054,0.094,0.36000000000000054,0.09000000000000001
0.2994,0.060974,4.35,0.36000000000000054,0.094,0.36000000000000054,0.09000000000000001
0.29945,0.060295499999999995,4.299999999999998,0.36000000000000054,0.093,0.36000000000000054,0.09000000000000001
0.2995,0.059656999999999995,4.25,0.36000000000000054,0.093,0.36000000000000054,0.089
0.29955000000000004,0.059026499999999996,4.249999999999999,0.36000000000000054,0.093,0.36000000000000054,0.089
0.29960000000000003,0.0584245,4.199999999999999,0.36000000000000054,0.093,0.36000000000000054,0.089
0.29965,0.057860999999999996,4.15,0.36000000000000054,0.093,0.36000000000000054,0.089
0.2997,0.057308,4.15,0.36000000000000054,0.092,0.36000000000000054,0.089
0.29975,0.0567835,4.1000000000000005,0.36000000000000054,0.092,0.36000000000000054,0.089
0.2998,0.056244499999999996,4.099999999999999,0.36000000000000054,0.092,0.36000000000000054,0.088
0.29985,0.0557215,4.050000000000002,0.36000000000000054,0.092,0.36000000000000054,0.088
0.2999,0.055174999999999995,4.05,0.36000000000000054,0.092,0.36000000000000054,0.088
0.29995,0.0546115,4.050000000000001,0.36000000000000054,0.091,0.36000000000000054,0.088
0.3,0.054,3.9999999999999982,0.36000000000000054,0.091,0.36000000000000054,0.088
0.30005000000000004,0.0532795,4.000000000000001,0.3400000000000001,0.091,0.3400000000000001,0.087
0.30010000000000003,0.0524985,3.9499999999999993,0.3400000000000001,0.091,0.3400000000000001,0.087
0.30015000000000003,0.050071,3.750000000000001,0.29999999999999916,0.09000000000000001,0.0,0.0
0.3002,0.046904,3.6000000000000005,0.29999999999999916,0.09000000000000001,0.0,0.0
0.30025,0.0434525,3.3499999999999996,0.28000000000000047,0.089,0.0,0.0
0.3003,0.039889999999999995,3.1999999999999993,0.28000000000000047,0.089,0.0,0.0
0.30035,0.0362305,3.05,0.2699999999999998,0.088,0.0,0.0
0.3004,0.0325535,2.8499999999999996,0.2599999999999991,0.087,0.0,0.0
0.30045,0.0289285,2.6500000000000012,0.2500000000000002,0.085,0.0,0.0
0.3005,0.025365,2.500000000000001,0.23000000000000065,0.083,0.0,0.0
0.30055000000000004,0.021903,2.3000000000000007,0.23000000000000065,0.081,0.0,0.0
0.30060000000000003,0.0185185,2.1500000000000012,0.2099999999999993,0.078,0.0,0.0
0.30065000000000003,0.015363499999999999,1.9500000000000004,0.2099999999999993,0.075,0.0,0.0
0.3007,0.012385499999999999,1.8000000000000018,0.1900000000000006,0.07100000000000001,0.0,0.0
0.30075,0.009552999999999999,1.55,0.17000000000000015,0.066,0.0,0.0
0.3008,0.007018,1.3999999999999997,0.16000000000000036,0.060000000000000005,0.0,0.0
0.30085,0.0047205,1.1499999999999997,0.1399999999999999,0.054,0.0,0.0
0.3009,0.00277,0.9999999999999993,0.11999999999999943,0.045000000000000005,0.0,0.0
0.30095,0.001178,0.7499999999999993,0.09000000000000007,0.034,0.0,0.0
0.301,0.000118,0.3499999999999989,0.04000000000000025,0.015000000000000001,0.0,0.0
0.30105000000000004,0.002342,0.44999999999999857,0.34999999999999987,0.033,0.34999999999999987,0.033
0.30110000000000003,0.005141499999999999,0.5500000000000018,0.3899999999999999,0.053,0.3899999999999999,0.053
0.30115000000000003,0.008222499999999999,0.7000000000000004,0.3899999999999999,0.067,0.3899999999999999,0.067
0.3012,0.0115435,0.8500000000000008,0.3899999999999999,0.077,0.3899999999999999,0.077
0.30125,0.0151005,0.8999999999999997,0.3899999999999999,0.085,0.3899999999999999,0.085
0.3013,0.0188535,1.05,0.3899999999999999,0.09000000000000001,0.3899999999999999,0.09000000000000001
0.30135,0.022677,1.2000000000000004,0.3899999999999999,0.095,0.3899999999999999,0.095
0.3014,0.026540499999999998,1.3500000000000008,0.3899999999999999,0.09899999999999999,0.3899999999999999,0.09899999999999999
0.30145,0.030397999999999998,1.4999999999999993,0.3899999999999999,0.102,0.3899999999999999,0.102
0.3015,0.034235,1.6499999999999997,0.3899999999999999,0.104,0.3899999999999999,0.103
0.30155000000000004,0.0380535,1.750000000000001,0.3899999999999999,0.106,0.3899999999999999,0.103
0.30160000000000003,0.041821,1.9000000000000015,0.3899999999999999,0.108,0.3899999999999999,0.103
0.30165000000000003,0.045465,2.0500000000000007,0.380000000000001,0.10900000000000001,0.380000000000001,0.103
0.3017,0.049062999999999996,2.200000000000001,0.380000000000001,0.11,0.380000000000001,0.103
0.30175,0.0525335,2.3500000000000014,0.380000000000001,0.11,0.380000000000001,0.102
0.3018,0.055854499999999994,2.45,0.380000000000001,0.111,0.380000000000001,0.102
0.30185,0.059066,2.6000000000000005,0.380000000000001,0.111,0.380000000000001,0.101
0.3019,0.062096,2.75,0.380000000000001,0.111,0.380000000000001,0.1
0.30195,0.06483649999999999,2.9000000000000004,0.380000000000001,0.111,0.380000000000001,0.1
0.302,0.067546,3.0500000000000007,0.380000000000001,0.111,0.380000000000001,0.09899999999999999
0.30205000000000004,0.07009699999999999,3.1499999999999995,0.380000000000001,0.11,0.380000000000001,0.09899999999999999
0.30210000000000004,0.072443,3.3,0.380000000000001,0.10900000000000001,0.380000000000001,0.098
0.30215000000000003,0.0745055,3.4499999999999993,0.37000000000000033,0.10900000000000001,0.37000000000000033,0.098
0.3022,0.07628499999999999,3.5999999999999996,0.37000000000000033,0.108,0.37000000000000033,0.097
0.30225,0.07793699999999999,3.6999999999999984,0.37000000000000033,0.107,0.37000000000000033,0.097
0.3023,0.079376,3.8499999999999988,0.37000000000000033,0.106,0.37000000000000033,0.096
0.30235,0.08055849999999999,3.9999999999999982,0.37000000000000033,0.106,0.37000000000000033,0.096
0.3024,0.081508,4.1,0.37000000000000033,0.10500000000000001,0.37000000000000033,0.096
0.30245,0.0821915,4.25,0.37000000000000033,0.104,0.37000000000000033,0.095
0.3025,0.08259899999999999,4.3500000000000005,0.37000000000000033,0.103,0.37000000000000033,0.095
0.30255000000000004,0.0827755,4.500000000000001,0.37000000000000033,0.103,0.37000000000000033,0.094
0.30260000000000004,0.0827025,4.6,0.37000000000000033,0.102,0.37000000000000033,0.094
0.30265000000000003,0.082371,4.699999999999999,0.37000000000000033,0.101,0.37000000000000033,0.094
0.3027,0.0818155,4.85,0.37000000000000033,0.101,0.37000000000000033,0.093
0.30275,0.080996,4.9,0.37000000000000033,0.1,0.37000000000000033,0.093
0.3028,0.080015,4.999999999999999,0.37000000000000033,0.1,0.37000000000000033,0.093
0.30285,0.078821,5.050000000000002,0.37000000000000033,0.09899999999999999,0.37000000000000033,0.093
0.3029,0.07750699999999999,5.1,0.37000000000000033,0.09899999999999999,0.37000000000000033,0.092
0.30295,0.0760715,5.1,0.37000000000000033,0.098,0.37000000000000033,0.092
0.303,0.07459,5.099999999999999,0.37000000000000033,0.098,0.37000000000000033,0.092
0.30305000000000004,0.073112,5.05,0.37000000000000033,0.098,0.37000000000000033,0.092
0.30310000000000004,0.071689,4.95,0.37000000000000033,0.097,0.37000000000000033,0.091
0.30315000000000003,0.070342,4.900000000000001,0.37000000000000033,0.097,0.37000000000000033,0.091
0.3032,0.069089,4.800000000000001,0.37000000000000033,0.096,0.37000000000000033,0.091
0.30325,0.06791849999999999,4.749999999999999,0.37000000000000033,0.096,0.37000000000000033,0.091
0.3033,0.0668045,4.699999999999999,0.37000000000000033,0.096,0.37000000000000033,0.091
0.30335,0.065785,4.6000000000000005,0.37000000000000033,0.095,0.37000000000000033,0.09000000000000001
0.3034,0.06482149999999999,4.55,0.36000000000000054,0.095,0.36000000000000054,0.09000000000000001
0.30345,0.063916,4.499999999999999,0.36000000000000054,0.095,0.36000000000000054,0.09000000000000001
0.3035,0.06307349999999999,4.45,0.36000000000000054,0.094,0.36000000000000054,0.09000000000000001
0.30355000000000004,0.062272999999999995,4.449999999999999,0.36000000000000054,0.094,0.36000000000000054,0.09000000000000001
0.30360000000000004,0.0615355,4.3999999999999995,0.36000000000000054,0.094,0.36000000000000054,0.089
0.30365000000000003,0.060832,4.35,0.36000000000000054,0.094,0.36000000000000054,0.089
0.3037,0.060157999999999996,4.3,0.36000000000000054,0.093,0.36000000000000054,0.089
0.30375,0.059523,4.3,0.36000000000000054,0.093,0.36000000000000054,0.089
0.3038,0.0588925,4.25,0.36000000000000054,0.093,0.36000000000000054,0.089
0.30385,0.058305499999999996,4.2,0.36000000000000054,0.093,0.36000000000000054,0.089
0.3039,0.0577395,4.199999999999999,0.36000000000000054,0.093,0.36000000000000054,0.089
0.30395,0.057192,4.15,0.36000000000000054,0.092,0.36000000000000054,0.088
0.304,0.056672999999999994,4.1499999999999995,0.36000000000000054,0.092,0.36000000000000054,0.088
0.30405,0.056131,4.1,0.36000000000000054,0.092,0.36000000000000054,0.088
0.30410000000000004,0.0556095,4.1,0.36000000000000054,0.092,0.36000000000000054,0.088
0.30415000000000003,0.055063499999999994,4.05,0.36000000000000054,0.091,0.36000000000000054,0.088
0.3042,0.054488999999999996,4.05,0.36000000000000054,0.091,0.36000000000000054,0.088
0.30425,0.0538415,3.95,0.36000000000000054,0.091,0.36000000000000054,0.087
0.3043,0.053114999999999996,3.95,0.3399999999999992,0.091,0.3399999999999992,0.087
0.30435,0.052156,3.9499999999999997,0.3299999999999994,0.09000000000000001,0.0,0.0
0.3044,0.049472499999999996,3.6999999999999997,0.30000000000000093,0.09000000000000001,0.0,0.0
0.30445,0.0461785,3.5499999999999994,0.30000000000000093,0.09000000000000001,0.0,0.0
0.3045,0.042734,3.3499999999999996,0.28000000000000047,0.089,0.0,0.0
0.30455,0.039133999999999995,3.15,0.2699999999999998,0.088,0.0,0.0
0.30460000000000004,0.035459,2.9999999999999996,0.26,0.088,0.0,0.0
0.30465000000000003,0.0317905,2.8499999999999996,0.2500000000000002,0.086,0.0,0.0
0.3047,0.0281575,2.6,0.2500000000000002,0.085,0.0,0.0
0.30475,0.02464,2.4499999999999997,0.22999999999999976,0.083,0.0,0.0
0.3048,0.021183999999999998,2.3,0.22999999999999976,0.08,0.0,0.0
0.30485,0.0178585,2.05,0.21000000000000107,0.077,0.0,0.0
0.3049,0.014705999999999999,1.9,0.2000000000000004,0.074,0.0,0.0
0.30495,0.011772999999999999,1.75,0.18999999999999972,0.06999999999999998,0.0,0.0
0.305,0.0090125,1.5000000000000002,0.17000000000000015,0.06499999999999999,0.0,0.0
0.30505,0.0065235,1.35,0.1499999999999997,0.059,0.0,0.0
0.30510000000000004,0.004291,1.1500000000000001,0.130000000000001,0.052,0.0,0.0
0.30515000000000003,0.0024,0.9500000000000002,0.10999999999999964,0.043,0.0,0.0
0.3052,0.0009035,0.7000000000000001,0.07999999999999939,0.031,0.0,0.0
0.30525,8.5e-06,0.15000000000000002,0.01999999999999979,0.005,0.01999999999999979,0.005
0.3053,0.0028929999999999997,0.44999999999999996,0.36000000000000054,0.038,0.36000000000000054,0.038
0.30535,0.005749499999999999,0.6000000000000001,0.3900000000000008,0.056,0.3900000000000008,0.056
0.3054,0.008896,0.7000000000000001,0.3900000000000008,0.06899999999999999,0.3900000000000008,0.06899999999999999
0.30545,0.012275999999999999,0.8500000000000001,0.3900000000000008,0.079,0.3900000000000008,0.079
0.3055,0.015886,0.9500000000000001,0.3900000000000008,0.086,0.3900000000000008,0.08600000000000001
0.30555,0.0196535,1.1,0.3900000000000008,0.091,0.3900000000000008,0.091
0.30560000000000004,0.023478,1.25,0.3900000000000008,0.096,0.3900000000000008,0.096
0.30565000000000003,0.0273525,1.4000000000000001,0.3900000000000008,0.09899999999999999,0.3900000000000008,0.09899999999999999
0.3057,0.0312005,1.55,0.3900000000000008,0.102,0.3900000000000008,0.102
0.30575,0.035020499999999996,1.7,0.3900000000000008,0.104,0.3900000000000008,0.103
0.3058,0.038847,1.8,0.3900000000000008,0.106,0.3900000000000008,0.103
0.30585,0.0425945,1.95,0.3900000000000008,0.108,0.3900000000000008,0.103
0.3059,0.046222,2.1,0.3800000000000001,0.10900000000000001,0.3800000000000001,0.103
0.30595,0.049783,2.25,0.3800000000000001,0.11,0.3800000000000001,0.102
0.306,0.0532175,2.4,0.3800000000000001,0.11,0.3800000000000001,0.101
0.30605,0.0565395,2.5,0.3800000000000001,0.111,0.3800000000000001,0.101
0.30610000000000004,0.059733499999999995,2.65,0.3800000000000001,0.111,0.3800000000000001,0.1
0.30615000000000003,0.062666,2.8,0.3800000000000001,0.111,0.3800000000000001,0.1
0.3062,0.06541949999999999,2.9499999999999997,0.3800000000000001,0.111,0.3800000000000001,0.09899999999999999
0.30625,0.0680795,3.0999999999999996,0.3800000000000001,0.11,0.3800000000000001,0.09899999999999999
0.3063,0.0706015,3.1999999999999997,0.3800000000000001,0.11,0.3800000000000001,0.098
0.30635,0.072896,3.3499999999999996,0.3800000000000001,0.10900000000000001,0.3800000000000001,0.098
0.3064,0.07489699999999999,3.5,0.37000000000000033,0.10900000000000001,0.37000000000000033,0.097
0.30645,0.07659149999999999,3.5999999999999996,0.37000000000000033,0.108,0.37000000000000033,0.097
0.3065,0.0782645,3.6999999999999997,0.37000000000000033,0.107,0.37000000000000033,0.096
0.30655,0.0796495,3.8499999999999996,0.37000000000000033,0.106,0.37000000000000033,0.096
0.30660000000000004,0.080744,4.0,0.37000000000000033,0.10500000000000001,0.37000000000000033,0.095
0.30665000000000003,0.08164249999999999,4.1,0.37000000000000033,0.10500000000000001,0.37000000000000033,0.095
0.30670000000000003,0.0822825,4.25,0.37000000000000033,0.104,0.37000000000000033,0.095
0.30675,0.0826495,4.35,0.37000000000000033,0.103,0.37000000000000033,0.094
0.3068,0.082756,4.5,0.37000000000000033,0.102,0.37000000000000033,0.094
0.30685,0.0826425,4.6,0.37000000000000033,0.102,0.37000000000000033,0.094
0.3069,0.08229349999999999,4.699999999999999,0.37000000000000033,0.101,0.37000000000000033,0.093
0.30695,0.081647,4.8,0.37000000000000033,0.101,0.37000000000000033,0.093
0.307,0.08082149999999999,4.8999999999999995,0.37000000000000033,0.1,0.37000000000000033,0.093
0.30705,0.07977,5.0,0.37000000000000033,0.1,0.37000000000000033,0.092
0.30710000000000004,0.078565,5.049999999999999,0.37000000000000033,0.09899999999999999,0.37000000000000033,0.092
0.30715000000000003,0.0772035,5.05,0.37000000000000033,0.09899999999999999,0.37000000000000033,0.092
0.30720000000000003,0.07575849999999999,5.05,0.37000000000000033,0.098,0.37000000000000033,0.092
0.30725,0.0742825,5.05,0.37000000000000033,0.098,0.37000000000000033,0.091
0.3073,0.0728055,5.0,0.37000000000000033,0.097,0.37000000000000033,0.091
0.30735,0.0714035,4.9,0.37000000000000033,0.097,0.37000000000000033,0.091
0.3074,0.07005399999999999,4.8500000000000005,0.37000000000000033,0.097,0.37000000000000033,0.091
0.30745,0.0688275,4.8,0.37000000000000033,0.096,0.37000000000000033,0.091
0.3075,0.067664,4.7,0.37000000000000033,0.096,0.37000000000000033,0.09000000000000001
0.30755,0.0665825,4.6499999999999995,0.37000000000000033,0.096,0.37000000000000033,0.09000000000000001
0.30760000000000004,0.06557,4.6000000000000005,0.37000000000000033,0.095,0.37000000000000033,0.09000000000000001
0.30765000000000003,0.064631,4.55,0.37000000000000033,0.095,0.37000000000000033,0.09000000000000001
0.30770000000000003,0.0637515,4.5,0.37000000000000033,0.095,0.37000000000000033,0.09000000000000001
0.30775,0.06290699999999999,4.449999999999999,0.35999999999999965,0.094,0.35999999999999965,0.089
0.3078,0.0621295,4.3999999999999995,0.35999999999999965,0.094,0.35999999999999965,0.089
0.30785,0.061409,4.3500000000000005,0.35999999999999965,0.094,0.35999999999999965,0.089
0.3079,0.060697999999999995,4.300000000000001,0.35999999999999965,0.094,0.35999999999999965,0.089
0.30795,0.0600165,4.250000000000001,0.35999999999999965,0.093,0.35999999999999965,0.089
0.308,0.0593785,4.249999999999999,0.35999999999999965,0.093,0.35999999999999965,0.089
0.30805,0.0587605,4.2,0.35999999999999965,0.093,0.35999999999999965,0.089
0.30810000000000004,0.0581815,4.2,0.35999999999999965,0.093,0.35999999999999965,0.088
0.30815000000000003,0.0576355,4.15,0.35999999999999965,0.092,0.35999999999999965,0.088
0.30820000000000003,0.057082999999999995,4.1,0.35999999999999965,0.092,0.35999999999999965,0.088
0.30825,0.056553,4.1,0.35999999999999965,0.092,0.35999999999999965,0.088
0.3083,0.056031,4.05,0.35999999999999965,0.092,0.35999999999999965,0.088
0.30835,0.055506,4.05,0.35999999999999965,0.092,0.35999999999999965,0.088
0.3084,0.054941,4.049999999999999,0.35999999999999965,0.091,0.35999999999999965,0.087
0.30845,0.054362999999999995,4.000000000000001,0.35999999999999965,0.091,0.35999999999999965,0.087
0.3085,0.0537075,4.0,0.35999999999999965,0.091,0.35999999999999965,0.087
0.30855,0.052972,3.9499999999999993,0.34000000000000097,0.091,0.34000000000000097,0.087
0.30860000000000004,0.051657499999999995,3.8500000000000005,0.3199999999999996,0.09000000000000001,0.0,0.0
0.30865000000000004,0.048816,3.7,0.30000000000000004,0.09000000000000001,0.0,0.0
0.30870000000000003,0.045433999999999995,3.500000000000001,0.2799999999999996,0.09000000000000001,0.0,0.0
0.30875,0.041991,3.3,0.2799999999999996,0.089,0.0,0.0
0.3088,0.0383815,3.1500000000000004,0.2699999999999998,0.088,0.0,0.0
0.30885,0.034686999999999996,2.9499999999999993,0.26,0.087,0.0,0.0
0.3089,0.0310305,2.8,0.24999999999999933,0.086,0.0,0.0
0.30895,0.027417999999999998,2.6000000000000005,0.24999999999999933,0.08399999999999999,0.0,0.0
0.309,0.0239305,2.4000000000000012,0.22999999999999976,0.082,0.0,0.0
0.30905,0.020449,2.250000000000001,0.22999999999999976,0.08,0.0,0.0
0.30910000000000004,0.017213,2.05,0.2100000000000002,0.077,0.0,0.0
0.30915000000000004,0.014076,1.8500000000000008,0.18999999999999972,0.073,0.0,0.0
0.30920000000000003,0.011162,1.7000000000000004,0.18999999999999972,0.06899999999999999,0.0,0.0
0.30925,0.0084835,1.4999999999999993,0.17000000000000015,0.064,0.0,0.0
0.3093,0.0060374999999999995,1.3,0.15000000000000058,0.058,0.0,0.0
0.30935,0.0038764999999999997,1.099999999999999,0.13000000000000012,0.05,0.0,0.0
0.3094,0.0020534999999999998,0.8500000000000008,0.10000000000000074,0.041,0.0,0.0
0.30945,0.0006554999999999999,0.6000000000000008,0.0699999999999996,0.028,0.0,0.0
0.3095,0.00069,0.3500000000000007,0.28000000000000047,0.014,0.28000000000000047,0.014
0.30955,0.003472,0.45000000000000034,0.36999999999999944,0.043,0.36999999999999944,0.043000000000000003
0.30960000000000004,0.0063945,0.6000000000000008,0.3899999999999999,0.059,0.3899999999999999,0.059
0.30965000000000004,0.0095975,0.7499999999999993,0.3899999999999999,0.07200000000000001,0.3899999999999999,0.07200000000000001
0.30970000000000003,0.0129955,0.9000000000000015,0.3899999999999999,0.08,0.3899999999999999,0.08
0.30975,0.0166485,0.9999999999999993,0.3899999999999999,0.087,0.3899999999999999,0.087
0.3098,0.0204405,1.1499999999999997,0.3899999999999999,0.092,0.3899999999999999,0.092
0.30985,0.024266,1.3,0.3899999999999999,0.097,0.3899999999999999,0.097
0.3099,0.028132499999999998,1.3999999999999997,0.3899999999999999,0.1,0.3899999999999999,0.1
0.30995,0.031982,1.55,0.3899999999999999,0.103,0.3899999999999999,0.102
0.31,0.035787,1.6500000000000015,0.3899999999999999,0.10500000000000001,0.3899999999999999,0.103
0.31005,0.039615,1.8,0.3899999999999999,0.107,0.3899999999999999,0.104
0.31010000000000004,0.043351,1.9500000000000004,0.3799999999999992,0.108,0.3799999999999992,0.104
0.31015000000000004,0.046960499999999995,2.1000000000000005,0.3799999999999992,0.10900000000000001,0.3799999999999992,0.103
0.31020000000000003,0.050524,2.250000000000001,0.3799999999999992,0.11,0.3799999999999992,0.103
0.31025,0.0539105,2.4000000000000012,0.3799999999999992,0.111,0.3799999999999992,0.102
0.3103,0.05721,2.5,0.3799999999999992,0.111,0.3799999999999992,0.102
0.31035,0.060364999999999995,2.6500000000000004,0.3799999999999992,0.111,0.3799999999999992,0.101
0.3104,0.0632385,2.8,0.3799999999999992,0.111,0.3799999999999992,0.1
0.31045,0.06600099999999999,2.95,0.3799999999999992,0.111,0.3799999999999992,0.1
0.3105,0.0686045,3.0999999999999996,0.3799999999999992,0.11,0.3799999999999992,0.09899999999999999
0.31055,0.0711105,3.1999999999999993,0.3799999999999992,0.11,0.3799999999999992,0.09899999999999999
0.3106,0.07334199999999999,3.3499999999999988,0.3799999999999992,0.10900000000000001,0.3799999999999992,0.098
0.31065000000000004,0.0752925,3.499999999999999,0.36999999999999944,0.108,0.36999999999999944,0.098
0.31070000000000003,0.07696399999999999,3.5999999999999988,0.36999999999999944,0.108,0.36999999999999944,0.097
0.31075,0.0785955,3.7499999999999982,0.36999999999999944,0.107,0.36999999999999944,0.097
0.3108,0.07991999999999999,3.8999999999999986,0.36999999999999944,0.106,0.36999999999999944,0.096
0.31085,0.08095949999999999,4.0,0.36999999999999944,0.10500000000000001,0.36999999999999944,0.096
0.3109,0.081818,4.15,0.36999999999999944,0.104,0.36999999999999944,0.096
0.31095,0.08237799999999999,4.3,0.36999999999999944,0.104,0.36999999999999944,0.095
0.311,0.082721,4.400000000000001,0.36999999999999944,0.103,0.36999999999999944,0.095
0.31105,0.0827735,4.550000000000001,0.36999999999999944,0.102,0.36999999999999944,0.095
0.3111,0.0826045,4.65,0.36999999999999944,0.102,0.36999999999999944,0.094
0.31115000000000004,0.0821915,4.75,0.36999999999999944,0.101,0.36999999999999944,0.094
0.31120000000000003,0.0815245,4.849999999999999,0.36999999999999944,0.101,0.36999999999999944,0.094
0.31125,0.0806255,4.95,0.36999999999999944,0.1,0.36999999999999944,0.093
0.3113,0.07953249999999999,5.0,0.36999999999999944,0.1,0.36999999999999944,0.093
0.31135,0.07829799999999999,5.049999999999999,0.36999999999999944,0.09899999999999999,0.36999999999999944,0.093
0.3114,0.07690849999999999,5.099999999999999,0.36999999999999944,0.09899999999999999,0.36999999999999944,0.092
0.31145,0.07546599999999999,5.1000000000000005,0.36999999999999944,0.098,0.36999999999999944,0.092
0.3115,0.074004,5.05,0.36999999999999944,0.098,0.36999999999999944,0.092
0.31155,0.0725145,5.0,0.36999999999999944,0.097,0.36999999999999944,0.092
0.3116,0.071132,4.8999999999999995,0.36999999999999944,0.097,0.36999999999999944,0.092
0.31165000000000004,0.069808,4.8500000000000005,0.36999999999999944,0.097,0.36999999999999944,0.091
0.31170000000000003,0.0685925,4.8,0.36999999999999944,0.096,0.36999999999999944,0.091
0.31175,0.067435,4.7,0.36999999999999944,0.096,0.36999999999999944,0.091
0.3118,0.066367,4.650000000000001,0.36999999999999944,0.096,0.36999999999999944,0.091
0.31185,0.0653795,4.6,0.36999999999999944,0.095,0.36999999999999944,0.091
0.3119,0.06444949999999999,4.55,0.36999999999999944,0.095,0.36999999999999944,0.09000000000000001
0.31195,0.06358749999999999,4.499999999999999,0.36999999999999944,0.095,0.36999999999999944,0.09000000000000001
0.312,0.0627655,4.45,0.36000000000000054,0.094,0.36000000000000054,0.09000000000000001
0.31205,0.0619785,4.4,0.36000000000000054,0.094,0.36000000000000054,0.09000000000000001
0.3121,0.061256,4.349999999999999,0.36000000000000054,0.094,0.36000000000000054,0.09000000000000001
0.31215000000000004,0.060539499999999996,4.3,0.36000000000000054,0.094,0.36000000000000054,0.089
0.31220000000000003,0.0598905,4.3,0.36000000000000054,0.093,0.36000000000000054,0.089
0.31225,0.059258,4.249999999999999,0.36000000000000054,0.093,0.36000000000000054,0.089
0.3123,0.058657,4.199999999999999,0.36000000000000054,0.093,0.36000000000000054,0.089
0.31235,0.058075999999999996,4.2,0.36000000000000054,0.093,0.36000000000000054,0.089
0.3124,0.0575175,4.1499999999999995,0.36000000000000054,0.092,0.36000000000000054,0.089
0.31245,0.056987499999999996,4.15,0.36000000000000054,0.092,0.36000000000000054,0.089
0.3125,0.0564435,4.1,0.36000000000000054,0.092,0.36000000000000054,0.088
0.31255,0.055929,4.1,0.36000000000000054,0.092,0.36000000000000054,0.088
0.3126,0.055394,4.05,0.36000000000000054,0.092,0.36000000000000054,0.088
0.31265000000000004,0.054836499999999996,4.05,0.36000000000000054,0.091,0.36000000000000054,0.088
0.31270000000000003,0.0542365,4.0,0.36000000000000054,0.091,0.36000000000000054,0.088
0.31275000000000003,0.053565999999999996,3.9999999999999996,0.34999999999999987,0.091,0.34999999999999987,0.087
0.3128,0.052792,3.9999999999999996,0.3400000000000001,0.091,0.3400000000000001,0.087
0.31285,0.051133,3.8,0.3200000000000005,0.09000000000000001,0.0,0.0
0.3129,0.0481595,3.65,0.30000000000000004,0.09000000000000001,0.0,0.0
0.31295,0.0447175,3.4999999999999996,0.2799999999999996,0.09000000000000001,0.0,0.0
0.313,0.041255,3.25,0.2799999999999996,0.089,0.0,0.0
0.31305,0.037618,3.1,0.2700000000000007,0.088,0.0,0.0
0.3131,0.0339265,2.9499999999999997,0.2600000000000009,0.087,0.0,0.0
0.31315000000000004,0.030265,2.7,0.2500000000000002,0.086,0.0,0.0
0.31320000000000003,0.026678999999999998,2.5500000000000003,0.24000000000000044,0.08399999999999999,0.0,0.0
0.31325000000000003,0.023216,2.4,0.23000000000000065,0.082,0.0,0.0
0.3133,0.019737499999999998,2.2,0.2099999999999993,0.079,0.0,0.0
0.31335,0.016549499999999998,2.0,0.2099999999999993,0.076,0.0,0.0
0.3134,0.0134805,1.8499999999999999,0.18999999999999972,0.07200000000000001,0.0,0.0
0.31345,0.0105585,1.65,0.17999999999999994,0.068,0.0,0.0
0.3135,0.007954,1.4500000000000002,0.17000000000000015,0.063,0.0,0.0
0.31355,0.005561,1.3,0.15000000000000058,0.056,0.0,0.0
0.3136,0.003466,1.05,0.12999999999999923,0.048,0.0,0.0
0.31365000000000004,0.001736,0.8,0.09999999999999985,0.039,0.0,0.0
0.31370000000000003,0.00043799999999999997,0.55,0.059999999999999824,0.024,0.0,0.0
0.31375000000000003,0.0013204999999999998,0.39999999999999997,0.3199999999999996,0.022,0.3199999999999996,0.022
0.3138,0.004063,0.5,0.36999999999999944,0.047,0.36999999999999944,0.047
0.31385,0.0070314999999999996,0.6500000000000001,0.3899999999999999,0.062,0.3899999999999999,0.062
0.3139,0.0102715,0.8,0.3899999999999999,0.074,0.3899999999999999,0.074
0.31395,0.013729499999999999,0.9000000000000001,0.3899999999999999,0.082,0.3899999999999999,0.082
0.314,0.017433499999999998,1.0,0.3899999999999999,0.088,0.3899999999999999,0.088
0.31405,0.0212455,1.1500000000000001,0.3899999999999999,0.093,0.3899999999999999,0.093
0.3141,0.025093999999999998,1.3,0.3899999999999999,0.097,0.3899999999999999,0.097
0.31415000000000004,0.028957999999999998,1.45,0.3899999999999999,0.101,0.3899999999999999,0.101
0.31420000000000003,0.032799999999999996,1.6,0.3899999999999999,0.103,0.3899999999999999,0.103
0.31425000000000003,0.036615,1.7,0.3899999999999999,0.10500000000000001,0.3899999999999999,0.103
0.3143,0.040411499999999996,1.85,0.3899999999999999,0.107,0.3899999999999999,0.103
0.31435,0.044095499999999996,2.0,0.3800000000000001,0.108,0.3800000000000001,0.103
0.3144,0.047725,2.15,0.3800000000000001,0.10900000000000001,0.3800000000000001,0.103
0.31445,0.051256499999999997,2.3,0.3800000000000001,0.11,0.3800000000000001,0.102
0.3145,0.0546115,2.4499999999999997,0.3800000000000001,0.111,0.3800000000000001,0.102
0.31455,0.0578835,2.55,0.3800000000000001,0.111,0.3800000000000001,0.101
0.3146,0.061009999999999995,2.6999999999999997,0.3800000000000001,0.111,0.3800000000000001,0.1
0.31465000000000004,0.063817,2.8499999999999996,0.3800000000000001,0.111,0.3800000000000001,0.1
0.31470000000000004,0.066562,3.0,0.3800000000000001,0.111,0.3800000000000001,0.09899999999999999
0.31475000000000003,0.0691575,3.1,0.3800000000000001,0.11,0.3800000000000001,0.09899999999999999
0.3148,0.0715975,3.25,0.3800000000000001,0.11,0.3800000000000001,0.098
0.31485,0.0737685,3.4,0.37000000000000033,0.10900000000000001,0.37000000000000033,0.098
0.3149,0.075657,3.55,0.37000000000000033,0.108,0.37000000000000033,0.097
0.31495,0.0773085,3.6499999999999995,0.37000000000000033,0.107,0.37000000000000033,0.097
0.315,0.07888049999999999,3.8,0.37000000000000033,0.107,0.37000000000000033,0.096
0.31505,0.0801585,3.95,0.37000000000000033,0.106,0.37000000000000033,0.096
0.3151,0.08115699999999999,4.05,0.37000000000000033,0.10500000000000001,0.37000000000000033,0.096
0.31515000000000004,0.0819565,4.2,0.37000000000000033,0.104,0.37000000000000033,0.095
0.31520000000000004,0.0824485,4.35,0.37000000000000033,0.104,0.37000000000000033,0.095
0.31525000000000003,0.082746,4.45,0.37000000000000033,0.103,0.37000000000000033,0.094
0.3153,0.0827575,4.550000000000001,0.37000000000000033,0.102,0.37000000000000033,0.094
0.31535,0.08254099999999999,4.7,0.37000000000000033,0.102,0.37000000000000033,0.094
0.3154,0.082046,4.8,0.37000000000000033,0.101,0.37000000000000033,0.093
0.31545,0.0813665,4.8999999999999995,0.37000000000000033,0.101,0.37000000000000033,0.093
0.3155,0.080413,5.0,0.37000000000000033,0.1,0.37000000000000033,0.093
0.31555,0.0793015,5.05,0.37000000000000033,0.09899999999999999,0.37000000000000033,0.093
0.3156,0.0780085,5.1,0.37000000000000033,0.09899999999999999,0.37000000000000033,0.092
0.31565000000000004,0.0766145,5.1,0.37000000000000033,0.09899999999999999,0.37000000000000033,0.092
0.31570000000000004,0.07513399999999999,5.1,0.37000000000000033,0.098,0.37000000000000033,0.092
0.31575000000000003,0.0736645,5.05,0.37000000000000033,0.098,0.37000000000000033,0.092
0.3158,0.072216,4.999999999999999,0.37000000000000033,0.097,0.37000000000000033,0.091
0.31585,0.070841,4.95,0.37000000000000033,0.097,0.37000000000000033,0.091
0.3159,0.06954199999999999,4.849999999999999,0.37000000000000033,0.097,0.37000000000000033,0.091
0.31595,0.0683355,4.8,0.37000000000000033,0.096,0.37000000000000033,0.091
0.316,0.0672155,4.699999999999999,0.37000000000000033,0.096,0.37000000000000033,0.091
0.31605,0.0661645,4.65,0.37000000000000033,0.096,0.37000000000000033,0.09000000000000001
0.3161,0.0651725,4.6,0.36000000000000054,0.095,0.36000000000000054,0.09000000000000001
0.31615000000000004,0.064266,4.55,0.36000000000000054,0.095,0.36000000000000054,0.09000000000000001
0.31620000000000004,0.0633915,4.500000000000001,0.36000000000000054,0.095,0.36000000000000054,0.09000000000000001
0.31625000000000003,0.062579,4.45,0.36000000000000054,0.094,0.36000000000000054,0.09000000000000001
0.3163,0.0618245,4.3999999999999995,0.36000000000000054,0.094,0.36000000000000054,0.089
0.31635,0.061078,4.35,0.36000000000000054,0.094,0.36000000000000054,0.089
0.3164,0.0603905,4.349999999999999,0.36000000000000054,0.094,0.36000000000000054,0.089
0.31645,0.059744,4.300000000000001,0.36000000000000054,0.093,0.36000000000000054,0.089
0.3165,0.0591285,4.249999999999999,0.36000000000000054,0.093,0.36000000000000054,0.089
0.31655,0.0585245,4.249999999999999,0.36000000000000054,0.093,0.36000000000000054,0.089
0.3166,0.057950999999999996,4.2,0.36000000000000054,0.093,0.36000000000000054,0.089
0.31665000000000004,0.057393,4.15,0.36000000000000054,0.092,0.36000000000000054,0.088
0.31670000000000004,0.056853,4.15,0.36000000000000054,0.092,0.36000000000000054,0.088
0.31675000000000003,0.056325999999999994,4.099999999999999,0.36000000000000054,0.092,0.36000000000000054,0.088
0.3168,0.0557985,4.100000000000001,0.36000000000000054,0.092,0.36000000000000054,0.088
0.31685,0.055264499999999994,4.049999999999999,0.36000000000000054,0.092,0.36000000000000054,0.088
0.3169,0.0547055,4.0,0.36000000000000054,0.091,0.36000000000000054,0.088
0.31695,0.054089,4.0,0.36000000000000054,0.091,0.36000000000000054,0.087
0.317,0.053413499999999996,3.95,0.3399999999999992,0.091,0.3399999999999992,0.087
0.31705,0.052636999999999996,3.95,0.3399999999999992,0.091,0.3399999999999992,0.087
0.3171,0.0505525,3.8000000000000007,0.3100000000000007,0.09000000000000001,0.0,0.0
0.31715,0.047472,3.6000000000000005,0.30000000000000004,0.09000000000000001,0.0,0.0
0.31720000000000004,0.044009,3.4000000000000004,0.28000000000000047,0.089,0.0,0.0
0.31725000000000003,0.0405,3.25,0.28000000000000047,0.089,0.0,0.0
0.3173,0.036852499999999996,3.05,0.2699999999999998,0.088,0.0,0.0
0.31735,0.033174999999999996,2.8999999999999995,0.2599999999999991,0.087,0.0,0.0
0.3174,0.0295185,2.700000000000001,0.24999999999999933,0.085,0.0,0.0
0.31745,0.025928,2.500000000000001,0.23999999999999955,0.08399999999999999,0.0,0.0
0.3175,0.0224925,2.3500000000000014,0.22999999999999976,0.081,0.0,0.0
0.31755,0.01906,2.200000000000001,0.2100000000000002,0.079,0.0,0.0
0.3176,0.0158805,1.9500000000000004,0.2100000000000002,0.075,0.0,0.0
0.31765,0.012865999999999999,1.8000000000000018,0.18999999999999972,0.07100000000000001,0.0,0.0
0.31770000000000004,0.009979499999999999,1.6499999999999997,0.17000000000000015,0.067,0.0,0.0
0.31775000000000003,0.007428,1.3999999999999997,0.16000000000000036,0.061,0.0,0.0
0.3178,0.0050834999999999995,1.2499999999999993,0.1399999999999999,0.055,0.0,0.0
0.31785,0.0030789999999999997,0.9999999999999993,0.12000000000000031,0.047,0.0,0.0
0.3179,0.0014169999999999999,0.7499999999999993,0.09000000000000007,0.036000000000000004,0.0,0.0
0.31795,0.00023449999999999998,0.4000000000000014,0.05000000000000004,0.019,0.0,0.0
0.318,0.0018939999999999999,0.44999999999999857,0.3399999999999992,0.028,0.3399999999999992,0.028
0.31805,0.004641,0.5000000000000011,0.37000000000000033,0.051,0.37000000000000033,0.051
0.3181,0.0076735,0.6500000000000015,0.3899999999999999,0.06499999999999999,0.3899999999999999,0.06499999999999999
0.31815,0.010990999999999999,0.8000000000000018,0.3899999999999999,0.075,0.3899999999999999,0.075
0.31820000000000004,0.014504,0.8999999999999997,0.3899999999999999,0.083,0.3899999999999999,0.083
0.31825000000000003,0.0182235,1.05,0.3899999999999999,0.089,0.3899999999999999,0.089
0.3183,0.0220435,1.2000000000000004,0.3899999999999999,0.094,0.3899999999999999,0.094
0.31835,0.025894499999999997,1.3500000000000008,0.3899999999999999,0.098,0.3899999999999999,0.098
0.3184,0.0297535,1.4999999999999993,0.3899999999999999,0.101,0.3899999999999999,0.101
0.31845,0.033576499999999995,1.6499999999999997,0.3899999999999999,0.104,0.3899999999999999,0.103
0.3185,0.037399999999999996,1.750000000000001,0.3899999999999999,0.106,0.3899999999999999,0.104
0.31855,0.041192,1.9000000000000015,0.3899999999999999,0.107,0.3899999999999999,0.104
0.3186,0.0448355,2.0500000000000007,0.3800000000000001,0.10900000000000001,0.3800000000000001,0.104
0.31865,0.048449,2.200000000000001,0.3800000000000001,0.11,0.3800000000000001,0.103
0.31870000000000004,0.0519435,2.3500000000000014,0.3800000000000001,0.11,0.3800000000000001,0.103
0.31875000000000003,0.0552745,2.45,0.3800000000000001,0.111,0.3800000000000001,0.102
0.31880000000000003,0.0585315,2.55,0.3800000000000001,0.111,0.3800000000000001,0.102
0.31885,0.061599499999999995,2.7,0.3800000000000001,0.111,0.3800000000000001,0.101
0.3189,0.064373,2.8499999999999996,0.3800000000000001,0.111,0.3800000000000001,0.1
0.31895,0.06711249999999999,3.000000000000001,0.3800000000000001,0.111,0.3800000000000001,0.1
0.319,0.0696735,3.0999999999999996,0.3800000000000001,0.11,0.3800000000000001,0.09899999999999999
0.31905,0.072063,3.25,0.3800000000000001,0.11,0.3800000000000001,0.09899999999999999
0.3191,0.074192,3.3999999999999995,0.3800000000000001,0.10900000000000001,0.3800000000000001,0.098
0.31915,0.0759875,3.55,0.37000000000000033,0.108,0.37000000000000033,0.098
0.31920000000000004,0.077651,3.6499999999999986,0.37000000000000033,0.107,0.37000000000000033,0.097
0.31925000000000003,0.0791745,3.799999999999999,0.37000000000000033,0.107,0.37000000000000033,0.097
0.31930000000000003,0.08039149999999999,3.9499999999999993,0.37000000000000033,0.106,0.37000000000000033,0.097
0.31935,0.08136249999999999,4.05,0.37000000000000033,0.10500000000000001,0.37000000000000033,0.096
0.3194,0.082075,4.2,0.37000000000000033,0.104,0.37000000000000033,0.096
0.31945,0.08252949999999999,4.300000000000001,0.37000000000000033,0.103,0.37000000000000033,0.095
0.3195,0.08277799999999999,4.450000000000001,0.37000000000000033,0.103,0.37000000000000033,0.095
0.31955,0.0827335,4.55,0.37000000000000033,0.102,0.37000000000000033,0.095
0.3196,0.0824395,4.7,0.37000000000000033,0.102,0.37000000000000033,0.094
0.31965,0.081922,4.799999999999999,0.37000000000000033,0.101,0.37000000000000033,0.094
0.31970000000000004,0.0811445,4.899999999999999,0.37000000000000033,0.1,0.37000000000000033,0.094
0.31975000000000003,0.080193,4.949999999999999,0.37000000000000033,0.1,0.37000000000000033,0.093
0.31980000000000003,0.079043,5.000000000000001,0.37000000000000033,0.09899999999999999,0.37000000000000033,0.093
0.31985,0.07774099999999999,5.05,0.37000000000000033,0.09899999999999999,0.37000000000000033,0.093
0.3199,0.076316,5.049999999999999,0.37000000000000033,0.098,0.37000000000000033,0.093
0.31995,0.074848,5.049999999999999,0.37000000000000033,0.098,0.37000000000000033,0.092
0.32,0.073349,5.0,0.37000000000000033,0.098,0.37000000000000033,0.092
0.32005,0.07192649999999999,4.95,0.37000000000000033,0.097,0.37000000000000033,0.092
0.3201,0.0705645,4.8999999999999995,0.37000000000000033,0.097,0.37000000000000033,0.092
0.32015,0.0692855,4.8,0.37000000000000033,0.096,0.37000000000000033,0.091
0.32020000000000004,0.06808399999999999,4.75,0.37000000000000033,0.096,0.37000000000000033,0.091
0.32025000000000003,0.06698649999999999,4.6499999999999995,0.37000000000000033,0.096,0.37000000000000033,0.091
0.32030000000000003,0.065957,4.6000000000000005,0.37000000000000033,0.095,0.37000000000000033,0.091
0.32035,0.06497649999999999,4.55,0.37000000000000033,0.095,0.37000000000000033,0.091
0.3204,0.06408799999999999,4.499999999999999,0.37000000000000033,0.095,0.37000000000000033,0.09000000000000001
0.32045,0.06322799999999999,4.45,0.35999999999999965,0.095,0.35999999999999965,0.09000000000000001
0.3205,0.0624365,4.3999999999999995,0.35999999999999965,0.094,0.35999999999999965,0.09000000000000001
0.32055,0.061658,4.3500000000000005,0.35999999999999965,0.094,0.35999999999999965,0.09000000000000001
0.3206,0.0609435,4.35,0.35999999999999965,0.094,0.35999999999999965,0.09000000000000001
0.32065,0.06027,4.3,0.35999999999999965,0.093,0.35999999999999965,0.09000000000000001
0.32070000000000004,0.059627,4.249999999999999,0.35999999999999965,0.093,0.35999999999999965,0.089
0.32075000000000004,0.059004499999999994,4.25,0.35999999999999965,0.093,0.35999999999999965,0.089
0.32080000000000003,0.0583975,4.2,0.35999999999999965,0.093,0.35999999999999965,0.089
0.32085,0.057843,4.1499999999999995,0.35999999999999965,0.093,0.35999999999999965,0.089
0.3209,0.057289,4.1499999999999995,0.35999999999999965,0.092,0.35999999999999965,0.089
0.32095,0.056742499999999994,4.1,0.35999999999999965,0.092,0.35999999999999965,0.089
0.321,0.0562455,4.1000000000000005,0.35999999999999965,0.092,0.35999999999999965,0.089
0.32105,0.055704,4.05,0.35999999999999965,0.092,0.35999999999999965,0.088
0.3211,0.055167999999999995,4.05,0.35999999999999965,0.091,0.35999999999999965,0.088
0.32115,0.0545905,3.9999999999999996,0.35999999999999965,0.091,0.35999999999999965,0.088
0.32120000000000004,0.053977,4.0,0.35999999999999965,0.091,0.35999999999999965,0.088
0.32125000000000004,0.053253999999999996,4.0,0.3400000000000001,0.091,0.3400000000000001,0.087
0.32130000000000003,0.052462499999999995,3.9499999999999997,0.3400000000000001,0.091,0.3400000000000001,0.087
0.32135,0.049963,3.7499999999999996,0.30000000000000004,0.09000000000000001,0.0,0.0
0.3214,0.0467555,3.5499999999999994,0.30000000000000004,0.09000000000000001,0.0,0.0
0.32145,0.0433025,3.3499999999999996,0.2799999999999996,0.089,0.0,0.0
0.3215,0.0397395,3.1999999999999997,0.2799999999999996,0.089,0.0,0.0
0.32155,0.036063,3.05,0.2699999999999998,0.088,0.0,0.0
0.3216,0.032387,2.8499999999999996,0.24999999999999933,0.087,0.0,0.0
0.32165,0.028776,2.65,0.24999999999999933,0.085,0.0,0.0
0.32170000000000004,0.025218499999999998,2.5,0.22999999999999976,0.083,0.0,0.0
0.32175000000000004,0.021763499999999998,2.3,0.22999999999999976,0.081,0.0,0.0
0.32180000000000003,0.018383999999999998,2.0999999999999996,0.21000000000000107,0.078,0.0,0.0
0.32185,0.015231999999999999,1.95,0.21000000000000107,0.075,0.0,0.0
0.3219,0.012251,1.75,0.18999999999999972,0.07100000000000001,0.0,0.0
0.32195,0.009445,1.55,0.17000000000000015,0.066,0.0,0.0
0.322,0.006902999999999999,1.4000000000000001,0.15999999999999948,0.060000000000000005,0.0,0.0
0.32205,0.0046345,1.1500000000000001,0.1399999999999999,0.053,0.0,0.0
0.3221,0.0026945,0.9500000000000002,0.12000000000000031,0.045000000000000005,0.0,0.0
0.32215,0.001121,0.7000000000000001,0.07999999999999939,0.033,0.0,0.0
0.32220000000000004,8.8e-05,0.3,0.04000000000000025,0.013,0.0,0.0
0.32225000000000004,0.002451,0.45,0.36000000000000054,0.034,0.36000000000000054,0.034
0.32230000000000003,0.005268,0.55,0.3899999999999999,0.054,0.3899999999999999,0.054
0.32235,0.008354499999999999,0.7000000000000001,0.3899999999999999,0.068,0.3899999999999999,0.068
0.3224,0.011693,0.8500000000000001,0.3899999999999999,0.077,0.3899999999999999,0.077
0.32245,0.015257999999999999,0.9500000000000001,0.3899999999999999,0.085,0.3899999999999999,0.085
0.3225,0.0189975,1.05,0.3899999999999999,0.091,0.3899999999999999,0.091
0.32255,0.0228275,1.2,0.3899999999999999,0.095,0.3899999999999999,0.095
0.3226,0.02669,1.35,0.3899999999999999,0.09899999999999999,0.3899999999999999,0.09899999999999999
0.32265,0.030557499999999998,1.5,0.3899999999999999,0.102,0.3899999999999999,0.102
0.32270000000000004,0.034389499999999996,1.6500000000000001,0.3899999999999999,0.104,0.3899999999999999,0.103
0.32275000000000004,0.038213,1.75,0.3899999999999999,0.106,0.3899999999999999,0.104
0.32280000000000003,0.0419625,1.9,0.3799999999999992,0.108,0.3799999999999992,0.103
0.32285,0.0456235,2.0500000000000003,0.3799999999999992,0.10900000000000001,0.3799999999999992,0.103
0.3229,0.049213,2.2,0.3799999999999992,0.11,0.3799999999999992,0.103
0.32295,0.052665,2.35,0.3799999999999992,0.11,0.3799999999999992,0.102
0.323,0.055987999999999996,2.4499999999999997,0.3799999999999992,0.111,0.3799999999999992,0.102
0.32305,0.0592035,2.5999999999999996,0.3799999999999992,0.111,0.3799999999999992,0.101
0.3231,0.062209,2.7499999999999996,0.3799999999999992,0.111,0.3799999999999992,0.1
0.32315,0.0649495,2.8999999999999995,0.3799999999999992,0.111,0.3799999999999992,0.1
0.32320000000000004,0.06765499999999999,3.05,0.3799999999999992,0.11,0.3799999999999992,0.09899999999999999
0.32325000000000004,0.070212,3.15,0.3799999999999992,0.11,0.3799999999999992,0.09899999999999999
0.32330000000000003,0.072545,3.3,0.3799999999999992,0.10900000000000001,0.3799999999999992,0.098
0.32335,0.0745895,3.45,0.36999999999999944,0.10900000000000001,0.36999999999999944,0.098
0.3234,0.07634099999999999,3.6,0.36999999999999944,0.108,0.36999999999999944,0.097
0.32345,0.07800449999999999,3.6999999999999997,0.36999999999999944,0.107,0.36999999999999944,0.097
0.3235,0.079428,3.8499999999999996,0.36999999999999944,0.106,0.36999999999999944,0.096
0.32355,0.080596,4.0,0.36999999999999944,0.106,0.36999999999999944,0.096
0.3236,0.081552,4.1,0.36999999999999944,0.10500000000000001,0.36999999999999944,0.096
0.32365,0.08220899999999999,4.25,0.36999999999999944,0.104,0.36999999999999944,0.095
0.32370000000000004,0.0826095,4.35,0.36999999999999944,0.103,0.36999999999999944,0.095
0.32375000000000004,0.0827735,4.5,0.36999999999999944,0.103,0.36999999999999944,0.095
0.32380000000000003,0.0827055,4.6,0.36999999999999944,0.102,0.36999999999999944,0.094
0.32385,0.082365,4.699999999999999,0.36999999999999944,0.101,0.36999999999999944,0.094
0.3239,0.08179299999999999,4.8,0.36999999999999944,0.101,0.36999999999999944,0.094
0.32395,0.080978,4.8999999999999995,0.36999999999999944,0.1,0.36999999999999944,0.093
0.324,0.07997549999999999,5.0,0.36999999999999944,0.1,0.36999999999999944,0.093
0.32405,0.0787875,5.049999999999999,0.36999999999999944,0.09899999999999999,0.36999999999999944,0.093
0.3241,0.07744899999999999,5.1,0.36999999999999944,0.09899999999999999,0.36999999999999944,0.092
0.32415,0.076016,5.1,0.36999999999999944,0.098,0.36999999999999944,0.092
0.3242,0.074543,5.05,0.36999999999999944,0.098,0.36999999999999944,0.092
0.32425000000000004,0.073043,5.0,0.36999999999999944,0.098,0.36999999999999944,0.092
0.32430000000000003,0.071625,4.95,0.36999999999999944,0.097,0.36999999999999944,0.091
0.32435,0.0702935,4.9,0.36999999999999944,0.097,0.36999999999999944,0.091
0.3244,0.0690375,4.8,0.36999999999999944,0.096,0.36999999999999944,0.091
0.32445,0.067866,4.750000000000001,0.36999999999999944,0.096,0.36999999999999944,0.091
0.3245,0.066775,4.7,0.36999999999999944,0.096,0.36999999999999944,0.091
0.32455,0.065751,4.6000000000000005,0.36999999999999944,0.095,0.36999999999999944,0.09000000000000001
0.3246,0.06479449999999999,4.55,0.36999999999999944,0.095,0.36999999999999944,0.09000000000000001
0.32465,0.0638985,4.5,0.35999999999999877,0.095,0.35999999999999877,0.09000000000000001
0.3247,0.063051,4.449999999999999,0.35999999999999877,0.094,0.35999999999999877,0.09000000000000001
0.32475000000000004,0.06227,4.3999999999999995,0.35999999999999877,0.094,0.35999999999999877,0.09000000000000001
0.32480000000000003,0.061496999999999996,4.3999999999999995,0.35999999999999877,0.094,0.35999999999999877,0.09000000000000001
0.32485,0.060796499999999996,4.3500000000000005,0.35999999999999877,0.094,0.35999999999999877,0.089
0.3249,0.0601405,4.300000000000001,0.35999999999999877,0.093,0.35999999999999877,0.089
0.32495,0.059496,4.249999999999999,0.35999999999999877,0.093,0.35999999999999877,0.089
0.325,0.0588765,4.25,0.35999999999999877,0.093,0.35999999999999877,0.089
0.32505,0.058290999999999996,4.2,0.35999999999999877,0.093,0.35999999999999877,0.089
0.3251,0.057725,4.200000000000001,0.35999999999999877,0.093,0.35999999999999877,0.089
0.32515,0.0571895,4.149999999999999,0.35999999999999877,0.092,0.35999999999999877,0.089
0.3252,0.056646999999999996,4.1,0.35999999999999877,0.092,0.35999999999999877,0.088
0.32525000000000004,0.056098499999999996,4.1,0.35999999999999877,0.092,0.35999999999999877,0.088
0.32530000000000003,0.055590499999999994,4.1000000000000005,0.35999999999999877,0.092,0.35999999999999877,0.088
0.32535000000000003,0.0550475,4.049999999999999,0.35999999999999877,0.091,0.35999999999999877,0.088
0.3254,0.0544725,4.050000000000001,0.35999999999999877,0.091,0.35999999999999877,0.088
0.32545,0.053828,4.0,0.35999999999999877,0.091,0.35999999999999877,0.087
0.3255,0.0530985,4.0,0.34000000000000097,0.091,0.34000000000000097,0.087
0.32555,0.0520655,3.8999999999999995,0.3300000000000003,0.09000000000000001,0.0,0.0
0.3256,0.049339499999999994,3.7,0.30000000000000004,0.09000000000000001,0.0,0.0
0.32565,0.0460335,3.55,0.30000000000000004,0.09000000000000001,0.0,0.0
0.3257,0.0425795,3.3,0.2799999999999996,0.089,0.0,0.0
0.32575000000000004,0.038995999999999996,3.1500000000000004,0.2700000000000007,0.088,0.0,0.0
0.32580000000000003,0.0353015,3.0,0.2600000000000009,0.088,0.0,0.0
0.32585000000000003,0.031641999999999997,2.8499999999999996,0.2500000000000002,0.086,0.0,0.0
0.3259,0.028010999999999998,2.6000000000000005,0.2500000000000002,0.085,0.0,0.0
0.32595,0.0245085,2.45,0.23000000000000065,0.083,0.0,0.0
0.326,0.02105,2.3000000000000007,0.23000000000000065,0.08,0.0,0.0
0.32605,0.0177225,2.05,0.2099999999999993,0.077,0.0,0.0
0.3261,0.014582999999999999,1.8999999999999997,0.2000000000000004,0.074,0.0,0.0
0.32615,0.0116425,1.7499999999999993,0.1900000000000006,0.06999999999999998,0.0,0.0
0.3262,0.0089015,1.4999999999999993,0.17000000000000015,0.06499999999999999,0.0,0.0
0.32625000000000004,0.006424999999999999,1.349999999999999,0.15000000000000058,0.059,0.0,0.0
0.32630000000000003,0.004212,1.099999999999999,0.12999999999999923,0.052,0.0,0.0
0.32635000000000003,0.0023255,0.9499999999999986,0.10999999999999964,0.043,0.0,0.0
0.3264,0.0008464999999999999,0.6000000000000008,0.07999999999999939,0.030000000000000002,0.0,0.0
0.32645,6.549999999999999e-05,0.14999999999999963,0.1400000000000008,0.004,0.1400000000000008,0.004
0.3265,0.003006,0.45000000000000034,0.37000000000000033,0.039,0.37000000000000033,0.039
0.32655,0.0058855,0.6000000000000008,0.3899999999999999,0.057,0.3899999999999999,0.057
0.3266,0.009028999999999999,0.7000000000000004,0.3899999999999999,0.06999999999999998,0.3899999999999999,0.06999999999999999
0.32665,0.012419999999999999,0.8500000000000008,0.3899999999999999,0.079,0.3899999999999999,0.079
0.3267,0.016035499999999998,0.9500000000000004,0.3899999999999999,0.086,0.3899999999999999,0.08600000000000001
0.32675000000000004,0.019806499999999998,1.1000000000000008,0.3899999999999999,0.092,0.3899999999999999,0.092
0.32680000000000003,0.023632499999999997,1.2499999999999993,0.3899999999999999,0.096,0.3899999999999999,0.096
0.32685000000000003,0.027521,1.3999999999999997,0.3899999999999999,0.09899999999999999,0.3899999999999999,0.09899999999999999
0.3269,0.031363,1.55,0.3899999999999999,0.102,0.3899999999999999,0.102
0.32695,0.0351815,1.7000000000000004,0.3899999999999999,0.10500000000000001,0.3899999999999999,0.103
0.327,0.039007,1.8,0.3899999999999999,0.106,0.3899999999999999,0.103
0.32705,0.042748499999999995,1.9500000000000004,0.3800000000000001,0.108,0.3800000000000001,0.103
0.3271,0.046370999999999996,2.1000000000000005,0.3800000000000001,0.10900000000000001,0.3800000000000001,0.103
0.32715,0.04994,2.250000000000001,0.3800000000000001,0.11,0.3800000000000001,0.102
0.3272,0.0533735,2.4000000000000012,0.3800000000000001,0.11,0.3800000000000001,0.102
0.32725000000000004,0.056672999999999994,2.5,0.3800000000000001,0.111,0.3800000000000001,0.101
0.32730000000000004,0.059857,2.6500000000000004,0.3800000000000001,0.111,0.3800000000000001,0.1
0.32735000000000003,0.0627845,2.8,0.3800000000000001,0.111,0.3800000000000001,0.1
0.3274,0.065551,2.95,0.3800000000000001,0.111,0.3800000000000001,0.09899999999999999
0.32745,0.068203,3.0999999999999996,0.3800000000000001,0.11,0.3800000000000001,0.09899999999999999
0.3275,0.07072049999999999,3.1999999999999993,0.3800000000000001,0.11,0.3800000000000001,0.098
0.32755,0.0729885,3.3499999999999988,0.3800000000000001,0.10900000000000001,0.3800000000000001,0.098
0.3276,0.074976,3.499999999999999,0.37000000000000033,0.10900000000000001,0.37000000000000033,0.097
0.32765,0.076663,3.5999999999999988,0.37000000000000033,0.108,0.37000000000000033,0.097
0.3277,0.078328,3.7499999999999982,0.37000000000000033,0.107,0.37000000000000033,0.096
0.32775000000000004,0.079708,3.8999999999999986,0.37000000000000033,0.106,0.37000000000000033,0.096
0.32780000000000004,0.08078149999999999,4.049999999999999,0.37000000000000033,0.10500000000000001,0.37000000000000033,0.096
0.32785000000000003,0.081676,4.15,0.37000000000000033,0.10500000000000001,0.37000000000000033,0.095
0.3279,0.08229399999999999,4.3,0.37000000000000033,0.104,0.37000000000000033,0.095
0.32795,0.0826735,4.400000000000001,0.37000000000000033,0.103,0.37000000000000033,0.094
0.328,0.08277799999999999,4.550000000000001,0.37000000000000033,0.102,0.37000000000000033,0.094
0.32805,0.08263899999999999,4.65,0.37000000000000033,0.102,0.37000000000000033,0.094
0.3281,0.0822615,4.75,0.37000000000000033,0.101,0.37000000000000033,0.093
0.32815,0.0816335,4.849999999999999,0.37000000000000033,0.101,0.37000000000000033,0.093
0.3282,0.08077999999999999,4.95,0.37000000000000033,0.1,0.37000000000000033,0.093
0.32825000000000004,0.079716,5.0,0.37000000000000033,0.1,0.37000000000000033,0.093
0.32830000000000004,0.0785125,5.100000000000001,0.37000000000000033,0.09899999999999999,0.37000000000000033,0.092
0.32835000000000003,0.0771495,5.099999999999999,0.37000000000000033,0.09899999999999999,0.37000000000000033,0.092
0.3284,0.0756985,5.1000000000000005,0.37000000000000033,0.098,0.37000000000000033,0.092
0.32845,0.074211,5.1000000000000005,0.37000000000000033,0.098,0.37000000000000033,0.092
0.3285,0.07273149999999999,5.049999999999999,0.37000000000000033,0.097,0.37000000000000033,0.091
0.32855,0.071336,4.949999999999998,0.37000000000000033,0.097,0.37000000000000033,0.091
0.3286,0.0700095,4.8999999999999995,0.37000000000000033,0.097,0.37000000000000033,0.091
0.32865,0.0687745,4.75,0.37000000000000033,0.096,0.37000000000000033,0.091
0.3287,0.06762499999999999,4.7,0.37000000000000033,0.096,0.37000000000000033,0.09000000000000001
0.32875000000000004,0.0665355,4.6499999999999995,0.37000000000000033,0.096,0.37000000000000033,0.09000000000000001
0.32880000000000004,0.065538,4.55,0.37000000000000033,0.095,0.37000000000000033,0.09000000000000001
0.32885000000000003,0.064578,4.5,0.37000000000000033,0.095,0.37000000000000033,0.09000000000000001
0.3289,0.0637095,4.449999999999998,0.36000000000000054,0.095,0.36000000000000054,0.09000000000000001
0.32895,0.06286649999999999,4.3999999999999995,0.36000000000000054,0.094,0.36000000000000054,0.09000000000000001
0.329,0.062078999999999995,4.3999999999999995,0.36000000000000054,0.094,0.36000000000000054,0.089
0.32905,0.061364999999999996,4.3500000000000005,0.36000000000000054,0.094,0.36000000000000054,0.089
0.3291,0.0606745,4.3,0.36000000000000054,0.094,0.36000000000000054,0.089
0.32915,0.059981,4.25,0.36000000000000054,0.093,0.36000000000000054,0.089
0.3292,0.059352499999999996,4.250000000000001,0.36000000000000054,0.093,0.36000000000000054,0.089
0.32925000000000004,0.058740499999999994,4.199999999999999,0.36000000000000054,0.093,0.36000000000000054,0.089
0.32930000000000004,0.0581755,4.1499999999999995,0.36000000000000054,0.093,0.36000000000000054,0.088
0.32935000000000003,0.057602999999999994,4.1499999999999995,0.36000000000000054,0.092,0.36000000000000054,0.088
0.3294,0.057041999999999995,4.1000000000000005,0.36000000000000054,0.092,0.36000000000000054,0.088
0.32945,0.056527,4.1,0.36000000000000054,0.092,0.36000000000000054,0.088
0.3295,0.0559995,4.05,0.36000000000000054,0.092,0.36000000000000054,0.088
0.32955,0.055480999999999996,4.05,0.36000000000000054,0.092,0.36000000000000054,0.088
0.3296,0.054925499999999995,4.0,0.36000000000000054,0.091,0.36000000000000054,0.087
0.32965,0.054328499999999995,4.0,0.36000000000000054,0.091,0.36000000000000054,0.087
0.3297,0.053683499999999995,4.000000000000001,0.34999999999999987,0.091,0.34999999999999987,0.087
0.32975000000000004,0.052953,3.9499999999999997,0.3400000000000001,0.091,0.3400000000000001,0.087
0.32980000000000004,0.051549,3.8499999999999996,0.3199999999999996,0.09000000000000001,0.0,0.0
0.32985000000000003,0.0486825,3.65,0.29999999999999916,0.09000000000000001,0.0,0.0
0.3299,0.04529,3.4999999999999996,0.28000000000000047,0.09000000000000001,0.0,0.0
0.32995,0.041837,3.3,0.28000000000000047,0.089,0.0,0.0
0.33,0.0382345,3.1,0.2700000000000007,0.088,0.0,0.0
0.33005,0.034534999999999996,2.9499999999999997,0.26,0.087,0.0,0.0
0.3301,0.030883499999999998,2.8,0.2500000000000002,0.086,0.0,0.0
0.33015,0.027253,2.6,0.2500000000000002,0.08399999999999999,0.0,0.0
0.3302,0.023782499999999998,2.4,0.22999999999999976,0.082,0.0,0.0
0.33025000000000004,0.0203075,2.25,0.22999999999999976,0.08,0.0,0.0
0.33030000000000004,0.017077,2.05,0.2099999999999993,0.077,0.0,0.0
0.33035000000000003,0.0139575,1.8499999999999999,0.18999999999999972,0.073,0.0,0.0
0.3304,0.011044499999999999,1.7,0.18999999999999972,0.06899999999999999,0.0,0.0
0.33045,0.0083745,1.5000000000000002,0.17000000000000015,0.063,0.0,0.0
0.3305,0.0059464999999999995,1.3,0.15000000000000058,0.057,0.0,0.0
0.33055,0.0037965,1.1,0.13000000000000012,0.05,0.0,0.0
0.3306,0.001982,0.8500000000000001,0.09999999999999985,0.04,0.0,0.0
0.33065,0.000607,0.55,0.07000000000000049,0.027,0.0,0.0
0.3307,0.0008284999999999999,0.35000000000000003,0.29000000000000026,0.016,0.29000000000000026,0.016
0.33075,0.0035849999999999996,0.44999999999999996,0.37000000000000033,0.043,0.37000000000000033,0.043000000000000003
0.33080000000000004,0.0065214999999999995,0.6000000000000001,0.389999999999999,0.060000000000000005,0.389999999999999,0.060000000000000005
0.33085000000000003,0.009734,0.7500000000000001,0.389999999999999,0.07200000000000001,0.389999999999999,0.07200000000000001
0.3309,0.013146999999999999,0.9000000000000001,0.389999999999999,0.081,0.389999999999999,0.081
0.33095,0.016812499999999998,1.0,0.389999999999999,0.087,0.389999999999999,0.087
0.331,0.0206085,1.1500000000000001,0.389999999999999,0.093,0.389999999999999,0.093
0.33105,0.024435,1.3,0.389999999999999,0.097,0.389999999999999,0.097
0.3311,0.028305999999999998,1.45,0.389999999999999,0.1,0.389999999999999,0.1
0.33115,0.032153,1.6,0.389999999999999,0.103,0.389999999999999,0.103
0.3312,0.0359405,1.7,0.389999999999999,0.10500000000000001,0.389999999999999,0.104
0.33125,0.039769,1.8,0.389999999999999,0.107,0.389999999999999,0.104
0.33130000000000004,0.0434865,1.95,0.3800000000000001,0.108,0.3800000000000001,0.104
0.33135000000000003,0.047092499999999995,2.1,0.3800000000000001,0.10900000000000001,0.3800000000000001,0.103
0.33140000000000003,0.0506555,2.25,0.3800000000000001,0.11,0.3800000000000001,0.103
0.33145,0.054046,2.4,0.3800000000000001,0.111,0.3800000000000001,0.102
0.3315,0.057340999999999996,2.5,0.3800000000000001,0.111,0.3800000000000001,0.102
0.33155,0.0604925,2.65,0.3800000000000001,0.111,0.3800000000000001,0.101
0.3316,0.0633465,2.8,0.3800000000000001,0.111,0.3800000000000001,0.101
0.33165,0.06611199999999999,2.9499999999999997,0.3800000000000001,0.111,0.3800000000000001,0.1
0.3317,0.0687175,3.05,0.3800000000000001,0.11,0.3800000000000001,0.09899999999999999
0.33175,0.0712115,3.1999999999999997,0.3800000000000001,0.11,0.3800000000000001,0.09899999999999999
0.33180000000000004,0.0734285,3.3499999999999996,0.3800000000000001,0.10900000000000001,0.3800000000000001,0.098
0.33185000000000003,0.075361,3.5,0.37000000000000033,0.108,0.37000000000000033,0.098
0.33190000000000003,0.0770285,3.5999999999999996,0.37000000000000033,0.108,0.37000000000000033,0.097
0.33195,0.07864499999999999,3.7499999999999996,0.37000000000000033,0.107,0.37000000000000033,0.097
0.332,0.07997649999999999,3.8999999999999995,0.37000000000000033,0.106,0.37000000000000033,0.097
0.33205,0.08101,4.0,0.37000000000000033,0.10500000000000001,0.37000000000000033,0.096
0.3321,0.081843,4.1499999999999995,0.37000000000000033,0.104,0.37000000000000033,0.096
0.33215,0.08237649999999999,4.3,0.37000000000000033,0.104,0.37000000000000033,0.095
0.3322,0.082714,4.3999999999999995,0.37000000000000033,0.103,0.37000000000000033,0.095
0.33225,0.08277799999999999,4.55,0.37000000000000033,0.102,0.37000000000000033,0.095
0.33230000000000004,0.082604,4.65,0.37000000000000033,0.102,0.37000000000000033,0.094
0.33235000000000003,0.08216949999999999,4.75,0.37000000000000033,0.101,0.37000000000000033,0.094
0.33240000000000003,0.081494,4.85,0.37000000000000033,0.101,0.37000000000000033,0.094
0.33245,0.080596,4.95,0.37000000000000033,0.1,0.37000000000000033,0.093
0.3325,0.0794955,5.0,0.37000000000000033,0.1,0.37000000000000033,0.093
0.33255,0.078252,5.05,0.37000000000000033,0.09899999999999999,0.37000000000000033,0.093
0.3326,0.07685499999999999,5.1000000000000005,0.37000000000000033,0.09899999999999999,0.37000000000000033,0.093
0.33265,0.075393,5.05,0.37000000000000033,0.098,0.37000000000000033,0.092
0.3327,0.073922,5.05,0.37000000000000033,0.098,0.37000000000000033,0.092
0.33275,0.07245,4.999999999999999,0.37000000000000033,0.097,0.37000000000000033,0.092
0.33280000000000004,0.0710625,4.8999999999999995,0.37000000000000033,0.097,0.37000000000000033,0.092
0.33285000000000003,0.0697515,4.85,0.37000000000000033,0.097,0.37000000000000033,0.091
0.33290000000000003,0.0685495,4.749999999999999,0.37000000000000033,0.096,0.37000000000000033,0.091
0.33295,0.06738999999999999,4.699999999999999,0.37000000000000033,0.096,0.37000000000000033,0.091
0.333,0.0663335,4.6499999999999995,0.37000000000000033,0.096,0.37000000000000033,0.091
0.33305,0.0653465,4.6000000000000005,0.37000000000000033,0.095,0.37000000000000033,0.091
0.3331,0.06441,4.55,0.37000000000000033,0.095,0.37000000000000033,0.09000000000000001
0.33315,0.063552,4.499999999999999,0.37000000000000033,0.095,0.37000000000000033,0.09000000000000001
0.3332,0.06272649999999999,4.449999999999999,0.35999999999999965,0.094,0.35999999999999965,0.09000000000000001
0.33325,0.061959999999999994,4.3999999999999995,0.35999999999999965,0.094,0.35999999999999965,0.09000000000000001
0.33330000000000004,0.0612225,4.3500000000000005,0.35999999999999965,0.094,0.35999999999999965,0.09000000000000001
0.33335000000000004,0.0605205,4.3,0.35999999999999965,0.094,0.35999999999999965,0.09000000000000001
0.33340000000000003,0.059857499999999994,4.3,0.35999999999999965,0.093,0.35999999999999965,0.089
0.33345,0.0592385,4.25,0.35999999999999965,0.093,0.35999999999999965,0.089
0.3335,0.058637499999999995,4.2,0.35999999999999965,0.093,0.35999999999999965,0.089
0.33355,0.058054999999999995,4.199999999999999,0.35999999999999965,0.093,0.35999999999999965,0.089
0.3336,0.057493999999999996,4.1499999999999995,0.35999999999999965,0.092,0.35999999999999965,0.089
0.33365,0.056969,4.15,0.35999999999999965,0.092,0.35999999999999965,0.089
0.3337,0.056422,4.1,0.35999999999999965,0.092,0.35999999999999965,0.088
0.33375,0.055916999999999994,4.099999999999999,0.35999999999999965,0.092,0.35999999999999965,0.088
0.33380000000000004,0.0553655,4.049999999999999,0.35999999999999965,0.092,0.35999999999999965,0.088
0.33385000000000004,0.054814999999999996,4.05,0.35999999999999965,0.091,0.35999999999999965,0.088
0.33390000000000003,0.0542005,4.0,0.35999999999999965,0.091,0.35999999999999965,0.088
0.33395,0.053544499999999995,4.0,0.34999999999999987,0.091,0.34999999999999987,0.087
0.334,0.052783,3.95,0.3400000000000001,0.091,0.3400000000000001,0.087
0.33405,0.051018999999999995,3.8000000000000007,0.3200000000000005,0.09000000000000001,0.0,0.0
0.3341,0.0480275,3.6500000000000004,0.30000000000000004,0.09000000000000001,0.0,0.0
0.33415,0.044585,3.4000000000000004,0.2799999999999996,0.089,0.0,0.0
0.3342,0.041103999999999995,3.25,0.2799999999999996,0.089,0.0,0.0
0.33425,0.0374675,3.1000000000000005,0.2699999999999998,0.088,0.0,0.0
0.33430000000000004,0.033783,2.8999999999999995,0.26,0.087,0.0,0.0
0.33435000000000004,0.030109999999999998,2.700000000000001,0.2500000000000002,0.086,0.0,0.0
0.33440000000000003,0.026539499999999997,2.5500000000000007,0.23999999999999955,0.08399999999999999,0.0,0.0
0.33445,0.023071499999999998,2.4000000000000012,0.22999999999999976,0.082,0.0,0.0
0.3345,0.019601499999999997,2.200000000000001,0.2100000000000002,0.079,0.0,0.0
0.33455,0.016412,2.0,0.2100000000000002,0.076,0.0,0.0
0.3346,0.013356499999999999,1.8500000000000008,0.18999999999999972,0.07200000000000001,0.0,0.0
0.33465,0.010444,1.6499999999999997,0.17999999999999994,0.068,0.0,0.0
0.3347,0.007849499999999999,1.4500000000000004,0.17000000000000015,0.062,0.0,0.0
0.33475,0.005463,1.2499999999999993,0.1499999999999997,0.056,0.0,0.0
0.33480000000000004,0.0033915,1.0499999999999983,0.12000000000000031,0.048,0.0,0.0
0.33485000000000004,0.0016695,0.8,0.09999999999999985,0.038,0.0,0.0
0.33490000000000003,0.00039349999999999997,0.5000000000000011,0.059999999999999824,0.023,0.0,0.0
0.33495,0.0014364999999999998,0.39999999999999963,0.3300000000000003,0.023,0.3300000000000003,0.023
0.335,0.00418,0.5000000000000011,0.36999999999999855,0.048,0.36999999999999855,0.048
0.33505,0.0071635,0.6500000000000015,0.3900000000000008,0.063,0.3900000000000008,0.063
0.3351,0.0104175,0.8000000000000018,0.3900000000000008,0.074,0.3900000000000008,0.074
0.33515,0.0138695,0.8500000000000008,0.3900000000000008,0.082,0.3900000000000008,0.082
0.3352,0.0175925,0.9999999999999993,0.3900000000000008,0.088,0.3900000000000008,0.088
0.33525,0.021401999999999997,1.1499999999999997,0.3900000000000008,0.094,0.3900000000000008,0.094
0.33530000000000004,0.025244,1.3,0.3900000000000008,0.097,0.3900000000000008,0.097
0.33535000000000004,0.0291185,1.4500000000000004,0.3900000000000008,0.101,0.3900000000000008,0.101
0.33540000000000003,0.0329565,1.6000000000000008,0.3900000000000008,0.103,0.3900000000000008,0.103
0.33545,0.036768999999999996,1.7000000000000004,0.3900000000000008,0.10500000000000001,0.3900000000000008,0.103
0.3355,0.040577999999999996,1.8500000000000025,0.3900000000000008,0.107,0.3900000000000008,0.103
0.33555,0.0442465,2.000000000000001,0.3800000000000001,0.108,0.3800000000000001,0.103
0.3356,0.0478785,2.1500000000000012,0.3800000000000001,0.10900000000000001,0.3800000000000001,0.103
0.33565,0.051392,2.3000000000000007,0.3800000000000001,0.11,0.3800000000000001,0.102
0.3357,0.054751999999999995,2.45,0.3800000000000001,0.111,0.3800000000000001,0.102
0.33575,0.058011,2.55,0.3800000000000001,0.111,0.3800000000000001,0.101
0.33580000000000004,0.0611185,2.7,0.3800000000000001,0.111,0.3800000000000001,0.101
0.33585000000000004,0.0639315,2.8499999999999996,0.3800000000000001,0.111,0.3800000000000001,0.1
0.33590000000000003,0.066679,3.000000000000001,0.3800000000000001,0.111,0.3800000000000001,0.09899999999999999
0.33595,0.0692585,3.0999999999999996,0.3800000000000001,0.11,0.3800000000000001,0.09899999999999999
0.336,0.071698,3.25,0.3800000000000001,0.11,0.3800000000000001,0.098
0.33605,0.07385599999999999,3.3999999999999995,0.37000000000000033,0.10900000000000001,0.37000000000000033,0.098
0.3361,0.0757215,3.55,0.37000000000000033,0.108,0.37000000000000033,0.097
0.33615,0.07739,3.6499999999999986,0.37000000000000033,0.107,0.37000000000000033,0.097
0.3362,0.0789445,3.799999999999999,0.37000000000000033,0.107,0.37000000000000033,0.096
0.33625,0.0802025,3.9499999999999993,0.37000000000000033,0.106,0.37000000000000033,0.096
0.33630000000000004,0.081204,4.05,0.37000000000000033,0.10500000000000001,0.37000000000000033,0.096
0.33635000000000004,0.0820105,4.2,0.37000000000000033,0.104,0.37000000000000033,0.095
0.33640000000000003,0.0824775,4.300000000000001,0.37000000000000033,0.104,0.37000000000000033,0.095
0.33645,0.0827625,4.450000000000001,0.37000000000000033,0.103,0.37000000000000033,0.095
0.3365,0.082768,4.55,0.37000000000000033,0.102,0.37000000000000033,0.094
0.33655,0.0825215,4.7,0.37000000000000033,0.102,0.37000000000000033,0.094
0.3366,0.0820265,4.799999999999999,0.37000000000000033,0.101,0.37000000000000033,0.094
0.33665,0.08132049999999999,4.899999999999999,0.37000000000000033,0.1,0.37000000000000033,0.093
0.3367,0.08036399999999999,4.949999999999999,0.37000000000000033,0.1,0.37000000000000033,0.093
0.33675,0.079236,5.05,0.37000000000000033,0.09899999999999999,0.37000000000000033,0.093
0.33680000000000004,0.0779705,5.099999999999999,0.37000000000000033,0.09899999999999999,0.37000000000000033,0.092
0.33685000000000004,0.076556,5.1,0.37000000000000033,0.09899999999999999,0.37000000000000033,0.092
0.33690000000000003,0.0751,5.1,0.37000000000000033,0.098,0.37000000000000033,0.092
0.33695,0.07362199999999999,5.050000000000001,0.37000000000000033,0.098,0.37000000000000033,0.092
0.337,0.0721525,4.999999999999999,0.37000000000000033,0.097,0.37000000000000033,0.091
0.33705,0.070786,4.8999999999999995,0.37000000000000033,0.097,0.37000000000000033,0.091
0.3371,0.0694935,4.849999999999999,0.37000000000000033,0.097,0.37000000000000033,0.091
0.33715,0.0682975,4.75,0.37000000000000033,0.096,0.37000000000000033,0.091
0.3372,0.06716899999999999,4.7,0.37000000000000033,0.096,0.37000000000000033,0.091
0.33725,0.066111,4.6499999999999995,0.37000000000000033,0.096,0.37000000000000033,0.09000000000000001
0.3373,0.0651395,4.6,0.37000000000000033,0.095,0.37000000000000033,0.09000000000000001
0.33735000000000004,0.06422699999999999,4.55,0.35999999999999965,0.095,0.35999999999999965,0.09000000000000001
0.33740000000000003,0.063358,4.499999999999999,0.35999999999999965,0.095,0.35999999999999965,0.09000000000000001
0.33745,0.062554,4.45,0.35999999999999965,0.094,0.35999999999999965,0.09000000000000001
0.3375,0.0618035,4.3999999999999995,0.35999999999999965,0.094,0.35999999999999965,0.09000000000000001
0.33755,0.061078,4.35,0.35999999999999965,0.094,0.35999999999999965,0.089
0.3376,0.0603745,4.3,0.35999999999999965,0.094,0.35999999999999965,0.089
0.33765,0.059731,4.3,0.35999999999999965,0.093,0.35999999999999965,0.089
0.3377,0.059096499999999996,4.25,0.35999999999999965,0.093,0.35999999999999965,0.089
0.33775,0.058518499999999994,4.2,0.35999999999999965,0.093,0.35999999999999965,0.089
0.3378,0.0579335,4.2,0.35999999999999965,0.093,0.35999999999999965,0.089
0.33785000000000004,0.0573835,4.1499999999999995,0.35999999999999965,0.092,0.35999999999999965,0.088
0.33790000000000003,0.0568425,4.1499999999999995,0.35999999999999965,0.092,0.35999999999999965,0.088
0.33795000000000003,0.056306999999999996,4.1000000000000005,0.35999999999999965,0.092,0.35999999999999965,0.088
0.338,0.0557875,4.1,0.35999999999999965,0.092,0.35999999999999965,0.088
0.33805,0.055245499999999996,4.05,0.35999999999999965,0.092,0.35999999999999965,0.088
0.3381,0.054681999999999994,4.05,0.35999999999999965,0.091,0.35999999999999965,0.088
0.33815,0.054063,4.05,0.35999999999999965,0.091,0.35999999999999965,0.087
0.3382,0.053378999999999996,3.9499999999999997,0.3399999999999992,0.091,0.3399999999999992,0.087
0.33825,0.05259,3.9499999999999997,0.3399999999999992,0.091,0.3399999999999992,0.087
0.3383,0.050442499999999994,3.7499999999999996,0.3100000000000007,0.09000000000000001,0.0,0.0
0.33835000000000004,0.047342499999999996,3.5999999999999996,0.30000000000000093,0.09000000000000001,0.0,0.0
0.33840000000000003,0.043875,3.4,0.28000000000000047,0.089,0.0,0.0
0.33845000000000003,0.040347999999999995,3.1999999999999997,0.28000000000000047,0.089,0.0,0.0
0.3385,0.036712499999999995,3.05,0.2699999999999989,0.088,0.0,0.0
0.33855,0.033017,2.9,0.26,0.087,0.0,0.0
0.3386,0.029359999999999997,2.65,0.2500000000000002,0.085,0.0,0.0
0.33865,0.0257795,2.5,0.24000000000000044,0.08399999999999999,0.0,0.0
0.3387,0.02235,2.35,0.23000000000000065,0.081,0.0,0.0
0.33875,0.0189245,2.2,0.2100000000000002,0.079,0.0,0.0
0.3388,0.015749,1.95,0.2100000000000002,0.075,0.0,0.0
0.33885000000000004,0.0127435,1.8,0.18999999999999972,0.07100000000000001,0.0,0.0
0.33890000000000003,0.0098745,1.6,0.16999999999999926,0.067,0.0,0.0
0.33895000000000003,0.0073325,1.4000000000000001,0.15999999999999948,0.061,0.0,0.0
0.339,0.004987999999999999,1.2500000000000002,0.1399999999999999,0.054,0.0,0.0
0.33905,0.0030065,1.0,0.11999999999999943,0.046,0.0,0.0
0.3391,0.0013579999999999998,0.75,0.09000000000000007,0.036000000000000004,0.0,0.0
0.33915,0.000206,0.39999999999999997,0.05000000000000004,0.018000000000000002,0.0,0.0
0.3392,0.0020035,0.45,0.3499999999999981,0.030000000000000002,0.3499999999999981,0.030000000000000002
0.33925,0.0047665,0.55,0.3800000000000001,0.051,0.3800000000000001,0.051
0.3393,0.007817,0.6500000000000001,0.3899999999999999,0.066,0.3899999999999999,0.066
0.33935000000000004,0.011120999999999999,0.8,0.3899999999999999,0.076,0.3899999999999999,0.076
0.33940000000000003,0.0146585,0.9,0.3899999999999999,0.08399999999999999,0.3899999999999999,0.08399999999999999
0.33945000000000003,0.018387499999999998,1.05,0.3899999999999999,0.09000000000000001,0.3899999999999999,0.09000000000000001
0.3395,0.022212,1.2,0.3899999999999999,0.094,0.3899999999999999,0.094
0.33955,0.0260635,1.35,0.3899999999999999,0.098,0.3899999999999999,0.098
0.3396,0.0299175,1.5,0.3899999999999999,0.101,0.3899999999999999,0.101
0.33965,0.0337395,1.6500000000000001,0.3899999999999999,0.104,0.3899999999999999,0.103
0.3397,0.0375615,1.75,0.3899999999999999,0.106,0.3899999999999999,0.104
0.33975,0.041354999999999996,1.9,0.3899999999999999,0.107,0.3899999999999999,0.104
0.3398,0.044989,2.0500000000000003,0.3800000000000001,0.10900000000000001,0.3800000000000001,0.104
0.33985000000000004,0.0486015,2.2,0.3800000000000001,0.11,0.3800000000000001,0.102
0.33990000000000004,0.05209,2.35,0.3800000000000001,0.11,0.3800000000000001,0.102
0.33995000000000003,0.055427,2.4499999999999997,0.3800000000000001,0.111,0.3800000000000001,0.101
0.34,0.0586745,2.5999999999999996,0.3800000000000001,0.111,0.3800000000000001,0.101
0.34005,0.061729,2.7499999999999996,0.3800000000000001,0.111,0.3800000000000001,0.1
0.3401,0.0644815,2.8999999999999995,0.3800000000000001,0.111,0.3800000000000001,0.09899999999999999
0.34015,0.067215,3.05,0.3800000000000001,0.111,0.3800000000000001,0.09899999999999999
0.3402,0.0697795,3.15,0.3800000000000001,0.11,0.3800000000000001,0.09899999999999999
0.34025,0.0721535,3.3,0.3800000000000001,0.11,0.3800000000000001,0.09899999999999999
0.3403,0.074257,3.45,0.3800000000000001,0.10900000000000001,0.3800000000000001,0.098
0.34035000000000004,0.0760465,3.6,0.36999999999999944,0.108,0.36999999999999944,0.097
0.34040000000000004,0.077718,3.6499999999999995,0.36999999999999944,0.107,0.36999999999999944,0.096
0.34045000000000003,0.0792225,3.8,0.36999999999999944,0.106,0.36999999999999944,0.096
0.3405,0.080429,3.95,0.36999999999999944,0.106,0.36999999999999944,0.096
0.34055,0.081382,4.05,0.36999999999999944,0.10500000000000001,0.36999999999999944,0.095
0.3406,0.082096,4.2,0.36999999999999944,0.104,0.36999999999999944,0.095
0.34065,0.082554,4.3,0.36999999999999944,0.103,0.36999999999999944,0.094
0.3407,0.082767,4.45,0.36999999999999944,0.103,0.36999999999999944,0.095
0.34075,0.0827145,4.550000000000001,0.36999999999999944,0.102,0.36999999999999944,0.095
0.3408,0.082421,4.7,0.36999999999999944,0.101,0.36999999999999944,0.094
0.34085000000000004,0.08188999999999999,4.8,0.36999999999999944,0.101,0.36999999999999944,0.093
0.34090000000000004,0.0811095,4.8999999999999995,0.36999999999999944,0.1,0.36999999999999944,0.093
0.34095000000000003,0.08014099999999999,4.95,0.36999999999999944,0.1,0.36999999999999944,0.093
0.341,0.0789845,4.999999999999999,0.36999999999999944,0.09899999999999999,0.36999999999999944,0.092
0.34105,0.07768549999999999,5.05,0.36999999999999944,0.09899999999999999,0.36999999999999944,0.092
0.3411,0.07625799999999999,5.049999999999999,0.36999999999999944,0.098,0.36999999999999944,0.092
0.34115,0.0747825,5.05,0.36999999999999944,0.098,0.36999999999999944,0.092
0.3412,0.073309,5.0,0.36999999999999944,0.098,0.36999999999999944,0.092
0.34125,0.071856,4.949999999999999,0.36999999999999944,0.097,0.36999999999999944,0.092
0.3413,0.0704935,4.85,0.36999999999999944,0.097,0.36999999999999944,0.092
0.34135000000000004,0.069238,4.8,0.36999999999999944,0.096,0.36999999999999944,0.091
0.34140000000000004,0.06804149999999999,4.749999999999999,0.36999999999999944,0.096,0.36999999999999944,0.09000000000000001
0.34145000000000003,0.066939,4.6499999999999995,0.36999999999999944,0.096,0.36999999999999944,0.09000000000000001
0.3415,0.0659175,4.6000000000000005,0.36999999999999944,0.095,0.36999999999999944,0.09000000000000001
0.34155,0.0649445,4.55,0.36999999999999944,0.095,0.36999999999999944,0.09000000000000001
0.3416,0.06404649999999999,4.500000000000001,0.36999999999999944,0.095,0.36999999999999944,0.09000000000000001
0.34165,0.0631965,4.45,0.35999999999999965,0.095,0.35999999999999965,0.09000000000000001
0.3417,0.062377499999999995,4.3999999999999995,0.35999999999999965,0.094,0.35999999999999965,0.09000000000000001
0.34175,0.061635499999999996,4.349999999999999,0.35999999999999965,0.094,0.35999999999999965,0.09000000000000001
0.3418,0.0609105,4.3,0.35999999999999965,0.094,0.35999999999999965,0.09000000000000001
0.34185000000000004,0.060225499999999994,4.299999999999998,0.35999999999999965,0.093,0.35999999999999965,0.089
0.34190000000000004,0.059604,4.25,0.35999999999999965,0.093,0.35999999999999965,0.089
0.34195000000000003,0.058978499999999996,4.199999999999999,0.35999999999999965,0.093,0.35999999999999965,0.089
0.342,0.058371,4.199999999999999,0.35999999999999965,0.093,0.35999999999999965,0.088
0.34205,0.057817,4.15,0.35999999999999965,0.093,0.35999999999999965,0.088
0.3421,0.057270499999999995,4.15,0.35999999999999965,0.092,0.35999999999999965,0.088
0.34215,0.056725,4.1000000000000005,0.35999999999999965,0.092,0.35999999999999965,0.088
0.3422,0.056228,4.099999999999999,0.35999999999999965,0.092,0.35999999999999965,0.089
0.34225,0.055682999999999996,4.050000000000002,0.35999999999999965,0.092,0.35999999999999965,0.088
0.3423,0.055139,4.05,0.35999999999999965,0.091,0.35999999999999965,0.088
0.34235000000000004,0.05456,4.0,0.35999999999999965,0.091,0.35999999999999965,0.087
0.34240000000000004,0.053933999999999996,3.9999999999999982,0.35999999999999965,0.091,0.35999999999999965,0.087
0.34245000000000003,0.0532435,3.950000000000001,0.3400000000000001,0.091,0.3400000000000001,0.087
0.3425,0.0524175,3.9499999999999993,0.3400000000000001,0.091,0.0,0.0
0.34255,0.0498455,3.750000000000001,0.29999999999999916,0.09000000000000001,0.0,0.0
0.3426,0.046624,3.55,0.29999999999999916,0.09000000000000001,0.0,0.0
0.34265,0.0431745,3.3499999999999996,0.28000000000000047,0.089,0.0,0.0
0.3427,0.039581,3.1999999999999993,0.2700000000000007,0.089,0.0,0.0
0.34275,0.035915499999999996,3.0,0.2600000000000009,0.088,0.0,0.0
0.3428,0.032242,2.8499999999999996,0.24999999999999933,0.087,0.0,0.0
0.34285000000000004,0.028628999999999998,2.6500000000000012,0.24999999999999933,0.085,0.0,0.0
0.34290000000000004,0.025068999999999998,2.45,0.22999999999999976,0.083,0.0,0.0
0.34295000000000003,0.021610499999999998,2.3000000000000007,0.22999999999999976,0.081,0.0,0.0
0.343,0.0182585,2.1000000000000005,0.2100000000000002,0.078,0.0,0.0
0.34305,0.015092999999999999,1.9500000000000004,0.2100000000000002,0.074,0.0,0.0
0.3431,0.012142,1.7499999999999993,0.18999999999999972,0.06999999999999998,0.0,0.0
0.34315,0.0093375,1.55,0.17000000000000015,0.06499999999999999,0.0,0.0
0.3432,0.0068084999999999994,1.3999999999999997,0.1599999999999986,0.060000000000000005,0.0,0.0
0.34325,0.00454,1.1499999999999997,0.1400000000000008,0.053,0.0,0.0
0.3433,0.0026145,0.9499999999999986,0.11000000000000142,0.044,0.0,0.0
0.34335000000000004,0.00107,0.7000000000000004,0.07999999999999939,0.033,0.0,0.0
0.34340000000000004,5.9499999999999996e-05,0.24999999999999928,0.030000000000000464,0.012,0.0,0.0
0.34345000000000003,0.002554,0.44999999999999857,0.35999999999999965,0.03499999999999999,0.35999999999999965,0.034999999999999996
0.3435,0.0053925,0.5500000000000018,0.3899999999999999,0.055,0.3899999999999999,0.055
0.34355,0.008494999999999999,0.7000000000000004,0.3899999999999999,0.068,0.3899999999999999,0.068
0.3436,0.011842,0.8500000000000008,0.3899999999999999,0.078,0.3899999999999999,0.078
0.34365,0.0154165,0.9500000000000004,0.3899999999999999,0.085,0.3899999999999999,0.085
0.3437,0.0191665,1.1000000000000008,0.3899999999999999,0.091,0.3899999999999999,0.091
0.34375,0.0229815,1.2499999999999993,0.3899999999999999,0.095,0.3899999999999999,0.095
0.3438,0.026845499999999998,1.3500000000000008,0.3899999999999999,0.09899999999999999,0.3899999999999999,0.09899999999999999
0.34385,0.030706499999999998,1.4999999999999993,0.3899999999999999,0.102,0.3899999999999999,0.102
0.34390000000000004,0.0345365,1.6499999999999997,0.3899999999999999,0.104,0.3899999999999999,0.103
0.34395000000000003,0.038361,1.750000000000001,0.3899999999999999,0.106,0.3899999999999999,0.104
0.34400000000000003,0.0421235,1.9000000000000015,0.3899999999999999,0.108,0.3899999999999999,0.104
0.34405,0.045763,2.0500000000000007,0.3799999999999992,0.10900000000000001,0.3799999999999992,0.103
0.3441,0.049351,2.200000000000001,0.3799999999999992,0.11,0.3799999999999992,0.103
0.34415,0.052804,2.3500000000000014,0.3799999999999992,0.11,0.3799999999999992,0.102
0.3442,0.0561305,2.45,0.3799999999999992,0.111,0.3799999999999992,0.102
0.34425,0.059330999999999995,2.6000000000000005,0.3799999999999992,0.111,0.3799999999999992,0.101
0.3443,0.062321999999999995,2.75,0.3799999999999992,0.111,0.3799999999999992,0.101
0.34435,0.06507,2.9000000000000004,0.3799999999999992,0.111,0.3799999999999992,0.1
0.34440000000000004,0.067768,3.0500000000000007,0.3799999999999992,0.11,0.3799999999999992,0.09899999999999999
0.34445000000000003,0.07030549999999999,3.1499999999999995,0.3799999999999992,0.11,0.3799999999999992,0.09899999999999999
0.34450000000000003,0.0726245,3.3,0.3799999999999992,0.10900000000000001,0.3799999999999992,0.098
0.34455,0.074672,3.4499999999999993,0.36999999999999944,0.10900000000000001,0.36999999999999944,0.098
0.3446,0.0764,3.5999999999999996,0.36999999999999944,0.108,0.36999999999999944,0.097
0.34465,0.0780785,3.6999999999999984,0.36999999999999944,0.107,0.36999999999999944,0.097
0.3447,0.0794955,3.8499999999999988,0.36999999999999944,0.106,0.36999999999999944,0.097
0.34475,0.080638,3.9999999999999982,0.36999999999999944,0.106,0.36999999999999944,0.096
0.3448,0.081579,4.1,0.36999999999999944,0.10500000000000001,0.36999999999999944,0.096
0.34485,0.082243,4.25,0.36999999999999944,0.104,0.36999999999999944,0.095
0.34490000000000004,0.082634,4.3500000000000005,0.36999999999999944,0.103,0.36999999999999944,0.095
0.34495000000000003,0.0828025,4.500000000000001,0.36999999999999944,0.103,0.36999999999999944,0.095
0.34500000000000003,0.0826985,4.6,0.36999999999999944,0.102,0.36999999999999944,0.094
0.34505,0.08234799999999999,4.699999999999999,0.36999999999999944,0.101,0.36999999999999944,0.094
0.3451,0.081761,4.799999999999999,0.36999999999999944,0.101,0.36999999999999944,0.094
0.34515,0.080953,4.9,0.36999999999999944,0.1,0.36999999999999944,0.093
0.3452,0.07994,4.999999999999999,0.36999999999999944,0.1,0.36999999999999944,0.093
0.34525,0.0787295,5.050000000000002,0.36999999999999944,0.09899999999999999,0.36999999999999944,0.093
0.3453,0.077378,5.1,0.36999999999999944,0.09899999999999999,0.36999999999999944,0.093
0.34535,0.075957,5.1,0.36999999999999944,0.098,0.36999999999999944,0.092
0.34540000000000004,0.07449449999999999,5.05,0.36999999999999944,0.098,0.36999999999999944,0.092
0.34545000000000003,0.073002,4.999999999999999,0.36999999999999944,0.098,0.36999999999999944,0.092
0.34550000000000003,0.071578,4.95,0.36999999999999944,0.097,0.36999999999999944,0.092
0.34555,0.0702515,4.900000000000001,0.36999999999999944,0.097,0.36999999999999944,0.091
0.3456,0.06899899999999999,4.800000000000001,0.36999999999999944,0.096,0.36999999999999944,0.091
0.34565,0.0678225,4.749999999999999,0.36999999999999944,0.096,0.36999999999999944,0.091
0.3457,0.066729,4.6499999999999995,0.36999999999999944,0.096,0.36999999999999944,0.091
0.34575,0.0657065,4.6000000000000005,0.36999999999999944,0.095,0.36999999999999944,0.091
0.3458,0.064751,4.55,0.36999999999999944,0.095,0.36999999999999944,0.09000000000000001
0.34585,0.063876,4.499999999999999,0.36999999999999944,0.095,0.36999999999999944,0.09000000000000001
0.34590000000000004,0.063035,4.45,0.35999999999999965,0.094,0.35999999999999965,0.09000000000000001
0.34595000000000004,0.0622475,4.3999999999999995,0.35999999999999965,0.094,0.35999999999999965,0.09000000000000001
0.34600000000000003,0.0614665,4.3500000000000005,0.35999999999999965,0.094,0.35999999999999965,0.09000000000000001
0.34605,0.060775499999999996,4.35,0.35999999999999965,0.094,0.35999999999999965,0.09000000000000001
0.3461,0.0601135,4.3,0.35999999999999965,0.093,0.35999999999999965,0.089
0.34615,0.059475999999999994,4.250000000000001,0.35999999999999965,0.093,0.35999999999999965,0.089
0.3462,0.058858999999999995,4.25,0.35999999999999965,0.093,0.35999999999999965,0.089
0.34625,0.058270999999999996,4.2,0.35999999999999965,0.093,0.35999999999999965,0.089
0.3463,0.057713,4.1499999999999995,0.35999999999999965,0.092,0.35999999999999965,0.089
0.34635,0.057166499999999995,4.15,0.35999999999999965,0.092,0.35999999999999965,0.089
0.34640000000000004,0.056624999999999995,4.1,0.35999999999999965,0.092,0.35999999999999965,0.088
0.34645000000000004,0.056088,4.1,0.35999999999999965,0.092,0.35999999999999965,0.088
0.34650000000000003,0.0555555,4.05,0.35999999999999965,0.092,0.35999999999999965,0.088
0.34655,0.05502,4.05,0.35999999999999965,0.091,0.35999999999999965,0.088
0.3466,0.054445999999999994,4.05,0.35999999999999965,0.091,0.35999999999999965,0.088
0.34665,0.053804,4.000000000000001,0.35999999999999965,0.091,0.35999999999999965,0.087
0.3467,0.053064,4.0,0.3400000000000001,0.091,0.3400000000000001,0.087
0.34675,0.0519675,3.9,0.3200000000000005,0.09000000000000001,0.0,0.0
0.3468,0.049209499999999996,3.6999999999999997,0.30000000000000004,0.09000000000000001,0.0,0.0
0.34685,0.0458875,3.5499999999999994,0.2899999999999985,0.09000000000000001,0.0,0.0
0.34690000000000004,0.0424325,3.3,0.2799999999999987,0.089,0.0,0.0
0.34695000000000004,0.038842,3.15,0.2700000000000007,0.088,0.0,0.0
0.34700000000000003,0.035149,2.9999999999999996,0.2600000000000009,0.087,0.0,0.0
0.34705,0.0314765,2.8,0.2500000000000011,0.086,0.0,0.0
0.3471,0.027871,2.6,0.2500000000000011,0.085,0.0,0.0
0.34715,0.024364999999999998,2.4499999999999997,0.23000000000000154,0.083,0.0,0.0
0.3472,0.020898,2.25,0.23000000000000154,0.08,0.0,0.0
0.34725,0.017592999999999998,2.05,0.2099999999999993,0.077,0.0,0.0
0.3473,0.014458499999999999,1.9,0.1999999999999995,0.074,0.0,0.0
0.34735,0.011531,1.75,0.18999999999999972,0.06899999999999999,0.0,0.0
0.34740000000000004,0.008805499999999999,1.5000000000000002,0.17000000000000015,0.064,0.0,0.0
0.34745000000000004,0.006333,1.35,0.15000000000000058,0.058,0.0,0.0
0.34750000000000003,0.0041259999999999995,1.1,0.12999999999999745,0.051,0.0,0.0
0.34755,0.0022489999999999997,0.9500000000000002,0.10999999999999786,0.041999999999999996,0.0,0.0
0.3476,0.0008005,0.6000000000000001,0.08000000000000028,0.030000000000000002,0.0,0.0
0.34765,0.0002535,0.25,0.21999999999999909,0.008,0.21999999999999909,0.008
0.3477,0.0031265,0.44999999999999996,0.36999999999999944,0.04,0.36999999999999944,0.04
0.34775,0.006012,0.6000000000000001,0.3900000000000008,0.058,0.3900000000000008,0.058
0.3478,0.0091655,0.7500000000000001,0.3900000000000008,0.06999999999999998,0.3900000000000008,0.06999999999999999
0.34785,0.0125565,0.8500000000000001,0.3900000000000008,0.079,0.3900000000000008,0.079
0.34790000000000004,0.01619,0.9500000000000001,0.3900000000000008,0.086,0.3900000000000008,0.08600000000000001
0.34795000000000004,0.0199685,1.1,0.3900000000000008,0.092,0.3900000000000008,0.092
0.34800000000000003,0.023799499999999998,1.25,0.3900000000000008,0.096,0.3900000000000008,0.096
0.34805,0.027682,1.4000000000000001,0.3900000000000008,0.1,0.3900000000000008,0.1
0.3481,0.0315205,1.55,0.3900000000000008,0.102,0.3900000000000008,0.102
0.34815,0.035344,1.7,0.3900000000000008,0.10500000000000001,0.3900000000000008,0.103
0.3482,0.039169999999999996,1.8,0.3900000000000008,0.106,0.3900000000000008,0.103
0.34825,0.042901999999999996,1.95,0.380000000000001,0.108,0.380000000000001,0.103
0.3483,0.0465355,2.1,0.380000000000001,0.10900000000000001,0.380000000000001,0.103
0.34835,0.050088999999999995,2.25,0.380000000000001,0.11,0.380000000000001,0.102
0.34840000000000004,0.0535015,2.4,0.380000000000001,0.111,0.380000000000001,0.102
0.34845000000000004,0.0568155,2.5,0.380000000000001,0.111,0.380000000000001,0.101
0.34850000000000003,0.060001,2.65,0.380000000000001,0.111,0.380000000000001,0.101
0.34855,0.06290799999999999,2.8,0.380000000000001,0.111,0.380000000000001,0.1
0.3486,0.06566799999999999,2.9499999999999997,0.380000000000001,0.111,0.380000000000001,0.09899999999999999
0.34865,0.06830549999999999,3.0999999999999996,0.380000000000001,0.11,0.380000000000001,0.09899999999999999
0.3487,0.0708145,3.1999999999999997,0.380000000000001,0.11,0.380000000000001,0.098
0.34875,0.0730745,3.3499999999999996,0.380000000000001,0.10900000000000001,0.380000000000001,0.098
0.3488,0.075069,3.5,0.3700000000000012,0.10900000000000001,0.3700000000000012,0.097
0.34885,0.07675,3.5999999999999996,0.3700000000000012,0.108,0.3700000000000012,0.097
0.34890000000000004,0.078397,3.7499999999999996,0.3700000000000012,0.107,0.3700000000000012,0.096
0.34895000000000004,0.07976849999999999,3.8999999999999995,0.3700000000000012,0.106,0.3700000000000012,0.096
0.34900000000000003,0.0808285,4.0,0.3700000000000012,0.10500000000000001,0.3700000000000012,0.096
0.34905,0.081713,4.1499999999999995,0.3700000000000012,0.10500000000000001,0.3700000000000012,0.095
0.3491,0.082325,4.3,0.3700000000000012,0.104,0.3700000000000012,0.095
0.34915,0.0826975,4.3999999999999995,0.3700000000000012,0.103,0.3700000000000012,0.095
0.3492,0.0827895,4.55,0.3700000000000012,0.102,0.3700000000000012,0.094
0.34925,0.08265499999999999,4.65,0.3700000000000012,0.102,0.3700000000000012,0.094
0.3493,0.0822415,4.75,0.3700000000000012,0.101,0.3700000000000012,0.094
0.34935,0.08161299999999999,4.85,0.3700000000000012,0.101,0.3700000000000012,0.093
0.34940000000000004,0.080759,4.95,0.3700000000000012,0.1,0.3700000000000012,0.093
0.34945000000000004,0.0796875,5.0,0.3700000000000012,0.1,0.3700000000000012,0.093
0.34950000000000003,0.078459,5.05,0.3700000000000012,0.09899999999999999,0.3700000000000012,0.092
0.34955,0.0771,5.1000000000000005,0.3700000000000012,0.09899999999999999,0.3700000000000012,0.092
0.3496,0.075642,5.1,0.3700000000000012,0.098,0.3700000000000012,0.092
0.34965,0.07416199999999999,5.05,0.3700000000000012,0.098,0.3700000000000012,0.092
0.3497,0.07270299999999999,4.999999999999999,0.3700000000000012,0.097,0.3700000000000012,0.091
0.34975,0.07128,4.95,0.3700000000000012,0.097,0.3700000000000012,0.091
0.3498,0.069973,4.8999999999999995,0.3700000000000012,0.097,0.3700000000000012,0.091
0.34985,0.0687195,4.8,0.3700000000000012,0.096,0.3700000000000012,0.091
0.34990000000000004,0.067573,4.749999999999999,0.3700000000000012,0.096,0.3700000000000012,0.091
0.34995000000000004,0.0665105,4.6499999999999995,0.3700000000000012,0.096,0.3700000000000012,0.09000000000000001
0.35000000000000003,0.06550149999999999,4.6000000000000005,0.3700000000000012,0.095,0.3700000000000012,0.09000000000000001
0.35005000000000003,0.0645565,4.55,0.36000000000000143,0.095,0.36000000000000143,0.09000000000000001
0.3501,0.0636745,4.499999999999999,0.36000000000000143,0.095,0.36000000000000143,0.09000000000000001
0.35015,0.06284,4.449999999999999,0.36000000000000143,0.094,0.36000000000000143,0.09000000000000001
0.3502,0.062056999999999994,4.3999999999999995,0.36000000000000143,0.094,0.36000000000000143,0.09000000000000001
0.35025,0.0613245,4.3999999999999995,0.36000000000000143,0.094,0.36000000000000143,0.089
0.3503,0.06062,4.35,0.36000000000000143,0.094,0.36000000000000143,0.089
0.35035,0.0599585,4.3,0.36000000000000143,0.093,0.36000000000000143,0.089
0.3504,0.0593345,4.25,0.36000000000000143,0.093,0.36000000000000143,0.089
0.35045000000000004,0.0587125,4.250000000000001,0.36000000000000143,0.093,0.36000000000000143,0.089
0.35050000000000003,0.058144499999999995,4.199999999999999,0.36000000000000143,0.093,0.36000000000000143,0.089
0.35055000000000003,0.0575795,4.199999999999999,0.36000000000000143,0.092,0.36000000000000143,0.088
0.3506,0.057028999999999996,4.15,0.36000000000000143,0.092,0.36000000000000143,0.088
0.35065,0.0565245,4.15,0.36000000000000143,0.092,0.36000000000000143,0.088
0.3507,0.0559705,4.099999999999999,0.36000000000000143,0.092,0.36000000000000143,0.088
0.35075,0.0554565,4.099999999999999,0.36000000000000143,0.092,0.36000000000000143,0.088
0.3508,0.0549015,3.999999999999999,0.36000000000000143,0.091,0.36000000000000143,0.088
0.35085,0.054308499999999996,4.000000000000001,0.36000000000000143,0.091,0.36000000000000143,0.087
0.3509,0.053669499999999995,3.9499999999999993,0.34999999999999987,0.091,0.34999999999999987,0.087
0.35095000000000004,0.052906499999999995,3.9499999999999993,0.3399999999999983,0.091,0.3399999999999983,0.087
0.35100000000000003,0.0514525,3.8500000000000005,0.31999999999999873,0.09000000000000001,0.0,0.0
0.35105000000000003,0.048567,3.6500000000000004,0.29999999999999916,0.09000000000000001,0.0,0.0
0.3511,0.045162,3.500000000000001,0.28000000000000136,0.09000000000000001,0.0,0.0
0.35115,0.0417075,3.3,0.28000000000000136,0.089,0.0,0.0
0.3512,0.038072999999999996,3.1000000000000005,0.2699999999999998,0.088,0.0,0.0
0.35125,0.0343875,2.9499999999999993,0.25999999999999823,0.087,0.0,0.0
0.3513,0.030732,2.750000000000001,0.2500000000000002,0.086,0.0,0.0
0.35135,0.027105499999999998,2.5500000000000007,0.24000000000000044,0.08399999999999999,0.0,0.0
0.3514,0.023631,2.4000000000000012,0.23000000000000065,0.082,0.0,0.0
0.35145000000000004,0.0201715,2.250000000000001,0.23000000000000065,0.08,0.0,0.0
0.35150000000000003,0.01694,2.05,0.21000000000000107,0.076,0.0,0.0
0.35155000000000003,0.013837499999999999,1.8500000000000008,0.18999999999999972,0.073,0.0,0.0
0.3516,0.0109255,1.7000000000000004,0.17999999999999994,0.068,0.0,0.0
0.35165,0.0082665,1.4500000000000004,0.17000000000000015,0.063,0.0,0.0
0.3517,0.0058495,1.3,0.1499999999999988,0.057,0.0,0.0
0.35175,0.0037164999999999998,1.0499999999999983,0.12999999999999923,0.05,0.0,0.0
0.3518,0.0019225,0.8500000000000008,0.09999999999999985,0.04,0.0,0.0
0.35185,0.0005595,0.5500000000000018,0.07000000000000049,0.026,0.0,0.0
0.3519,0.0009509999999999999,0.3500000000000007,0.30000000000000093,0.018000000000000002,0.30000000000000093,0.018000000000000002
0.35195000000000004,0.003698,0.5000000000000011,0.3700000000000012,0.044,0.3700000000000012,0.044
0.35200000000000004,0.0066419999999999995,0.6000000000000008,0.3900000000000008,0.060000000000000005,0.3900000000000008,0.060000000000000005
0.35205000000000003,0.009868,0.7499999999999993,0.3900000000000008,0.07200000000000001,0.3900000000000008,0.07200000000000001
0.3521,0.013295999999999999,0.9000000000000015,0.3900000000000008,0.081,0.3900000000000008,0.081
0.35215,0.016975,0.9999999999999993,0.3900000000000008,0.087,0.3900000000000008,0.087
0.3522,0.020769,1.1499999999999997,0.3900000000000008,0.093,0.3900000000000008,0.093
0.35225,0.024607,1.3,0.3900000000000008,0.097,0.3900000000000008,0.097
0.3523,0.028471,1.4500000000000004,0.3900000000000008,0.1,0.3900000000000008,0.1
0.35235,0.032307999999999996,1.6000000000000008,0.3900000000000008,0.103,0.3900000000000008,0.103
0.3524,0.0361145,1.7000000000000004,0.3900000000000008,0.10500000000000001,0.3900000000000008,0.104
0.35245000000000004,0.039932999999999996,1.8500000000000025,0.3900000000000008,0.107,0.3900000000000008,0.104
0.35250000000000004,0.0436285,2.000000000000001,0.380000000000001,0.108,0.380000000000001,0.104
0.35255000000000003,0.0472475,2.1500000000000012,0.380000000000001,0.10900000000000001,0.380000000000001,0.103
0.3526,0.0507995,2.3000000000000007,0.380000000000001,0.11,0.380000000000001,0.103
0.35265,0.054182499999999995,2.45,0.380000000000001,0.111,0.380000000000001,0.102
0.3527,0.057458999999999996,2.5,0.380000000000001,0.111,0.380000000000001,0.102
0.35275,0.06062,2.6500000000000004,0.380000000000001,0.111,0.380000000000001,0.101
0.3528,0.063461,2.8,0.380000000000001,0.111,0.380000000000001,0.101
0.35285,0.066216,2.95,0.380000000000001,0.111,0.380000000000001,0.1
0.3529,0.0688215,3.049999999999999,0.380000000000001,0.11,0.380000000000001,0.09899999999999999
0.35295000000000004,0.071308,3.1999999999999993,0.380000000000001,0.11,0.380000000000001,0.09899999999999999
0.35300000000000004,0.07350999999999999,3.3499999999999988,0.380000000000001,0.10900000000000001,0.380000000000001,0.098
0.35305000000000003,0.075432,3.499999999999999,0.3700000000000012,0.108,0.3700000000000012,0.098
0.3531,0.0770945,3.5999999999999988,0.3700000000000012,0.108,0.3700000000000012,0.098
0.35315,0.07869799999999999,3.7499999999999982,0.3700000000000012,0.107,0.3700000000000012,0.097
0.3532,0.08002,3.8999999999999986,0.3700000000000012,0.106,0.3700000000000012,0.097
0.35325,0.081042,4.0,0.3700000000000012,0.10500000000000001,0.3700000000000012,0.096
0.3533,0.08187599999999999,4.15,0.3700000000000012,0.104,0.3700000000000012,0.096
0.35335,0.0823965,4.3,0.3700000000000012,0.104,0.3700000000000012,0.095
0.3534,0.082727,4.400000000000001,0.3700000000000012,0.103,0.3700000000000012,0.095
0.35345000000000004,0.082771,4.550000000000001,0.3700000000000012,0.102,0.3700000000000012,0.095
0.35350000000000004,0.08258499999999999,4.65,0.3700000000000012,0.102,0.3700000000000012,0.094
0.35355000000000003,0.082131,4.75,0.3700000000000012,0.101,0.3700000000000012,0.094
0.3536,0.0814375,4.849999999999999,0.3700000000000012,0.101,0.3700000000000012,0.094
0.35365,0.08054349999999999,4.95,0.3700000000000012,0.1,0.3700000000000012,0.094
0.3537,0.0794375,5.0,0.3700000000000012,0.1,0.3700000000000012,0.093
0.35375,0.078204,5.049999999999999,0.3700000000000012,0.09899999999999999,0.3700000000000012,0.093
0.3538,0.076805,5.05,0.3700000000000012,0.09899999999999999,0.3700000000000012,0.093
0.35385,0.0753385,5.05,0.3700000000000012,0.098,0.3700000000000012,0.092
0.3539,0.0738495,5.05,0.3700000000000012,0.098,0.3700000000000012,0.092
0.35395000000000004,0.0723885,4.949999999999999,0.3700000000000012,0.097,0.3700000000000012,0.092
0.35400000000000004,0.071022,4.8999999999999995,0.3700000000000012,0.097,0.3700000000000012,0.092
0.35405000000000003,0.06970599999999999,4.8500000000000005,0.3700000000000012,0.097,0.3700000000000012,0.092
0.3541,0.068484,4.75,0.3700000000000012,0.096,0.3700000000000012,0.091
0.35415,0.0673505,4.7,0.3700000000000012,0.096,0.3700000000000012,0.091
0.3542,0.066288,4.650000000000001,0.3700000000000012,0.096,0.3700000000000012,0.091
0.35425,0.065306,4.55,0.3700000000000012,0.095,0.3700000000000012,0.091
0.3543,0.064375,4.500000000000001,0.3700000000000012,0.095,0.3700000000000012,0.091
0.35435,0.063514,4.449999999999999,0.3700000000000012,0.095,0.3700000000000012,0.09000000000000001
0.3544,0.0626915,4.3999999999999995,0.35999999999999965,0.094,0.35999999999999965,0.09000000000000001
0.35445000000000004,0.0619,4.4,0.35999999999999965,0.094,0.35999999999999965,0.09000000000000001
0.35450000000000004,0.061196,4.349999999999999,0.35999999999999965,0.094,0.35999999999999965,0.09000000000000001
0.35455000000000003,0.060504499999999996,4.3,0.35999999999999965,0.094,0.35999999999999965,0.09000000000000001
0.3546,0.059841,4.25,0.35999999999999965,0.093,0.35999999999999965,0.089
0.35465,0.059207499999999996,4.249999999999999,0.35999999999999965,0.093,0.35999999999999965,0.089
0.3547,0.058601,4.199999999999999,0.35999999999999965,0.093,0.35999999999999965,0.089
0.35475,0.0580225,4.2,0.35999999999999965,0.093,0.35999999999999965,0.089
0.3548,0.0574665,4.1499999999999995,0.35999999999999965,0.092,0.35999999999999965,0.089
0.35485,0.056928,4.1,0.35999999999999965,0.092,0.35999999999999965,0.089
0.3549,0.056416,4.1,0.35999999999999965,0.092,0.35999999999999965,0.089
0.35495000000000004,0.055887,4.05,0.35999999999999965,0.092,0.35999999999999965,0.088
0.35500000000000004,0.055347999999999994,4.05,0.35999999999999965,0.092,0.35999999999999965,0.088
0.35505000000000003,0.054779999999999995,4.05,0.35999999999999965,0.091,0.35999999999999965,0.088
0.3551,0.054186,4.0,0.35999999999999965,0.091,0.35999999999999965,0.088
0.35515,0.053504499999999997,3.9999999999999996,0.34999999999999987,0.091,0.34999999999999987,0.088
0.3552,0.0527455,3.9499999999999997,0.3400000000000001,0.091,0.3400000000000001,0.087
0.35525,0.0509065,3.8,0.3200000000000005,0.09000000000000001,0.0,0.0
0.3553,0.047892,3.65,0.30000000000000093,0.09000000000000001,0.0,0.0
0.35535,0.044441499999999995,3.4,0.2799999999999996,0.089,0.0,0.0
0.3554,0.0409575,3.25,0.2799999999999996,0.089,0.0,0.0
0.35545000000000004,0.037317499999999997,3.1,0.2699999999999998,0.088,0.0,0.0
0.35550000000000004,0.033638,2.9,0.26,0.087,0.0,0.0
0.35555000000000003,0.029970499999999997,2.7,0.2500000000000002,0.086,0.0,0.0
0.3556,0.026390499999999997,2.5500000000000003,0.24000000000000044,0.08399999999999999,0.0,0.0
0.35565,0.0229125,2.35,0.23000000000000065,0.082,0.0,0.0
0.3557,0.019461,2.2,0.21000000000000107,0.079,0.0,0.0
0.35575,0.016287,2.0,0.21000000000000107,0.076,0.0,0.0
0.3558,0.013233499999999999,1.8499999999999999,0.18999999999999972,0.07200000000000001,0.0,0.0
0.35585,0.010333499999999999,1.65,0.17999999999999994,0.067,0.0,0.0
0.3559,0.0077405,1.4500000000000002,0.1599999999999986,0.062,0.0,0.0
0.35595000000000004,0.005365,1.2500000000000002,0.1499999999999988,0.056,0.0,0.0
0.35600000000000004,0.0033114999999999998,1.05,0.1200000000000012,0.048,0.0,0.0
0.35605000000000003,0.0015945,0.8,0.09999999999999985,0.038,0.0,0.0
0.3561,0.000355,0.5,0.06000000000000071,0.022,0.0,0.0
0.35615,0.001548,0.39999999999999997,0.3300000000000003,0.025,0.3300000000000003,0.025
0.3562,0.004295,0.5,0.36999999999999944,0.048,0.36999999999999944,0.048
0.35625,0.0072924999999999995,0.6500000000000001,0.3900000000000008,0.063,0.3900000000000008,0.063
0.3563,0.010565999999999999,0.8,0.3900000000000008,0.074,0.3900000000000008,0.074
0.35635,0.0140305,0.9,0.3900000000000008,0.083,0.3900000000000008,0.083
0.3564,0.017745999999999998,1.05,0.3900000000000008,0.089,0.3900000000000008,0.089
0.35645000000000004,0.021551999999999998,1.1500000000000001,0.3900000000000008,0.094,0.3900000000000008,0.094
0.35650000000000004,0.025401,1.3,0.3900000000000008,0.098,0.3900000000000008,0.098
0.35655000000000003,0.0292645,1.45,0.3900000000000008,0.101,0.3900000000000008,0.101
0.35660000000000003,0.033104,1.6,0.3900000000000008,0.103,0.3900000000000008,0.103
0.35665,0.0369165,1.7,0.3900000000000008,0.10500000000000001,0.3900000000000008,0.103
0.3567,0.0407265,1.85,0.3900000000000008,0.107,0.3900000000000008,0.104
0.35675,0.044399499999999995,2.0,0.3799999999999992,0.108,0.3799999999999992,0.103
0.3568,0.048021999999999995,2.15,0.3799999999999992,0.10900000000000001,0.3799999999999992,0.103
0.35685,0.051532499999999995,2.3,0.3799999999999992,0.11,0.3799999999999992,0.102
0.3569,0.054879,2.4499999999999997,0.3799999999999992,0.111,0.3799999999999992,0.102
0.35695,0.058142,2.55,0.3799999999999992,0.111,0.3799999999999992,0.101
0.35700000000000004,0.061246499999999995,2.6999999999999997,0.3799999999999992,0.111,0.3799999999999992,0.101
0.35705000000000003,0.064044,2.8499999999999996,0.3799999999999992,0.111,0.3799999999999992,0.1
0.35710000000000003,0.06679249999999999,3.0,0.3799999999999992,0.111,0.3799999999999992,0.09899999999999999
0.35715,0.06936099999999999,3.1,0.3799999999999992,0.11,0.3799999999999992,0.09899999999999999
0.3572,0.071797,3.25,0.3799999999999992,0.11,0.3799999999999992,0.098
0.35725,0.07395249999999999,3.4,0.36999999999999944,0.10900000000000001,0.36999999999999944,0.098
0.3573,0.075794,3.55,0.36999999999999944,0.108,0.36999999999999944,0.097
0.35735,0.07746499999999999,3.6499999999999995,0.36999999999999944,0.107,0.36999999999999944,0.097
0.3574,0.07900449999999999,3.8,0.36999999999999944,0.107,0.36999999999999944,0.097
0.35745,0.080256,3.95,0.36999999999999944,0.106,0.36999999999999944,0.096
0.35750000000000004,0.08125,4.05,0.36999999999999944,0.10500000000000001,0.36999999999999944,0.096
0.35755000000000003,0.08200249999999999,4.2,0.36999999999999944,0.104,0.36999999999999944,0.095
0.35760000000000003,0.082498,4.3,0.36999999999999944,0.104,0.36999999999999944,0.095
0.35765,0.082774,4.45,0.36999999999999944,0.103,0.36999999999999944,0.095
0.3577,0.0827575,4.550000000000001,0.36999999999999944,0.102,0.36999999999999944,0.094
0.35775,0.08250249999999999,4.7,0.36999999999999944,0.102,0.36999999999999944,0.094
0.3578,0.082011,4.8,0.36999999999999944,0.101,0.36999999999999944,0.094
0.35785,0.081287,4.8999999999999995,0.36999999999999944,0.1,0.36999999999999944,0.093
0.3579,0.08034949999999999,4.95,0.36999999999999944,0.1,0.36999999999999944,0.093
0.35795,0.0791915,5.05,0.36999999999999944,0.09899999999999999,0.36999999999999944,0.093
0.35800000000000004,0.0779135,5.1,0.36999999999999944,0.09899999999999999,0.36999999999999944,0.093
0.35805000000000003,0.076491,5.1,0.36999999999999944,0.09899999999999999,0.36999999999999944,0.092
0.35810000000000003,0.07503599999999999,5.1,0.36999999999999944,0.098,0.36999999999999944,0.092
0.35815,0.07354999999999999,5.05,0.36999999999999944,0.098,0.36999999999999944,0.092
0.3582,0.072096,4.999999999999999,0.36999999999999944,0.097,0.36999999999999944,0.092
0.35825,0.07074799999999999,4.8999999999999995,0.36999999999999944,0.097,0.36999999999999944,0.091
0.3583,0.0694455,4.849999999999999,0.36999999999999944,0.097,0.36999999999999944,0.091
0.35835,0.068257,4.749999999999999,0.36999999999999944,0.096,0.36999999999999944,0.091
0.3584,0.067118,4.699999999999999,0.36999999999999944,0.096,0.36999999999999944,0.091
0.35845,0.0660775,4.65,0.36999999999999944,0.095,0.36999999999999944,0.091
0.35850000000000004,0.0651095,4.6,0.36999999999999944,0.095,0.36999999999999944,0.09000000000000001
0.35855000000000004,0.064191,4.55,0.36999999999999944,0.095,0.36999999999999944,0.09000000000000001
0.35860000000000003,0.063327,4.500000000000001,0.35999999999999965,0.095,0.35999999999999965,0.09000000000000001
0.35865,0.062525,4.45,0.35999999999999965,0.094,0.35999999999999965,0.09000000000000001
0.3587,0.0617615,4.3999999999999995,0.35999999999999965,0.094,0.35999999999999965,0.09000000000000001
0.35875,0.061042,4.35,0.35999999999999965,0.094,0.35999999999999965,0.089
0.3588,0.0603405,4.299999999999998,0.35999999999999965,0.093,0.35999999999999965,0.089
0.35885,0.059705499999999995,4.300000000000001,0.35999999999999965,0.093,0.35999999999999965,0.089
0.3589,0.0590795,4.249999999999999,0.35999999999999965,0.093,0.35999999999999965,0.089
0.35895,0.0584875,4.199999999999999,0.35999999999999965,0.093,0.35999999999999965,0.089
0.35900000000000004,0.057914999999999994,4.2,0.35999999999999965,0.093,0.35999999999999965,0.089
0.35905000000000004,0.05737,4.15,0.35999999999999965,0.092,0.35999999999999965,0.089
0.35910000000000003,0.056837,4.15,0.35999999999999965,0.092,0.35999999999999965,0.088
0.35915,0.056284499999999994,4.099999999999999,0.35999999999999965,0.092,0.35999999999999965,0.088
0.3592,0.055770999999999994,4.100000000000001,0.35999999999999965,0.092,0.35999999999999965,0.088
0.35925,0.0552335,4.05,0.35999999999999965,0.092,0.35999999999999965,0.088
0.3593,0.054675999999999995,4.050000000000001,0.35999999999999965,0.091,0.35999999999999965,0.088
0.35935,0.054049,3.9999999999999982,0.35999999999999965,0.091,0.35999999999999965,0.087
0.3594,0.0533555,4.000000000000001,0.34000000000000186,0.091,0.34000000000000186,0.087
0.35945,0.0525515,3.999999999999999,0.34000000000000186,0.091,0.34000000000000186,0.087
0.35950000000000004,0.0503215,3.750000000000001,0.3100000000000007,0.09000000000000001,0.0,0.0
0.35955000000000004,0.047183499999999996,3.6000000000000005,0.30000000000000093,0.09000000000000001,0.0,0.0
0.35960000000000003,0.043745,3.4000000000000004,0.2799999999999996,0.089,0.0,0.0
0.35965,0.040197,3.1999999999999993,0.2799999999999996,0.089,0.0,0.0
0.3597,0.036551,3.05,0.2699999999999998,0.088,0.0,0.0
0.35975,0.032865,2.8999999999999995,0.26,0.087,0.0,0.0
0.3598,0.029213,2.6500000000000012,0.2500000000000002,0.085,0.0,0.0
0.35985,0.0256465,2.500000000000001,0.23000000000000065,0.083,0.0,0.0
0.3599,0.022201,2.3500000000000014,0.23000000000000065,0.081,0.0,0.0
0.35995,0.018784,2.1500000000000012,0.20999999999999752,0.078,0.0,0.0
0.36000000000000004,0.015618499999999999,1.9500000000000004,0.20999999999999752,0.075,0.0,0.0
0.36005000000000004,0.0126375,1.8000000000000018,0.18999999999999972,0.07100000000000001,0.0,0.0
0.36010000000000003,0.009762999999999999,1.55,0.17000000000000015,0.066,0.0,0.0
0.36015,0.007232,1.3999999999999997,0.16000000000000036,0.061,0.0,0.0
0.3602,0.0048969999999999994,1.2499999999999993,0.1400000000000008,0.054,0.0,0.0
0.36025,0.0029289999999999997,0.9999999999999993,0.11999999999999943,0.046,0.0,0.0
0.3603,0.0013005,0.7499999999999993,0.09000000000000007,0.03499999999999999,0.0,0.0
0.36035,0.000174,0.4000000000000014,0.03999999999999936,0.017,0.0,0.0
0.3604,0.002118,0.44999999999999857,0.34999999999999987,0.031,0.34999999999999987,0.031
0.36045,0.004894,0.5500000000000018,0.389999999999999,0.052,0.389999999999999,0.052
0.36050000000000004,0.0079395,0.6500000000000015,0.389999999999999,0.066,0.389999999999999,0.066
0.36055000000000004,0.0112605,0.8000000000000018,0.389999999999999,0.076,0.389999999999999,0.076
0.36060000000000003,0.014804,0.8999999999999997,0.389999999999999,0.08399999999999999,0.389999999999999,0.08399999999999999
0.36065,0.018541,1.05,0.389999999999999,0.09000000000000001,0.389999999999999,0.09000000000000001
0.3607,0.022369999999999998,1.2000000000000004,0.389999999999999,0.095,0.389999999999999,0.095
0.36075,0.0262115,1.3500000000000008,0.389999999999999,0.098,0.389999999999999,0.098
0.3608,0.030076,1.4999999999999993,0.389999999999999,0.101,0.389999999999999,0.101
0.36085,0.0339145,1.6499999999999997,0.389999999999999,0.104,0.389999999999999,0.103
0.3609,0.0377235,1.750000000000001,0.389999999999999,0.106,0.389999999999999,0.103
0.36095,0.04151,1.9000000000000015,0.389999999999999,0.107,0.389999999999999,0.103
0.36100000000000004,0.0451605,2.0500000000000007,0.3799999999999992,0.10900000000000001,0.3799999999999992,0.103
0.36105000000000004,0.0487605,2.200000000000001,0.3799999999999992,0.11,0.3799999999999992,0.102
0.36110000000000003,0.0522375,2.3500000000000014,0.3799999999999992,0.11,0.3799999999999992,0.102
0.36115,0.055571999999999996,2.45,0.3799999999999992,0.111,0.3799999999999992,0.101
0.3612,0.058810999999999995,2.6000000000000005,0.3799999999999992,0.111,0.3799999999999992,0.101
0.36125,0.0618515,2.75,0.3799999999999992,0.111,0.3799999999999992,0.1
0.3613,0.06461599999999999,2.9000000000000004,0.3799999999999992,0.111,0.3799999999999992,0.09899999999999999
0.36135,0.0673435,3.0500000000000007,0.3799999999999992,0.111,0.3799999999999992,0.09899999999999999
0.3614,0.069891,3.1499999999999995,0.3799999999999992,0.11,0.3799999999999992,0.098
0.36145,0.072269,3.3,0.3799999999999992,0.10900000000000001,0.3799999999999992,0.098
0.36150000000000004,0.07434,3.4499999999999993,0.36999999999999944,0.10900000000000001,0.36999999999999944,0.097
0.36155000000000004,0.076125,3.5999999999999996,0.36999999999999944,0.108,0.36999999999999944,0.097
0.36160000000000003,0.0777925,3.6999999999999984,0.36999999999999944,0.107,0.36999999999999944,0.096
0.36165,0.079265,3.8499999999999988,0.36999999999999944,0.106,0.36999999999999944,0.096
0.3617,0.080473,3.9999999999999982,0.36999999999999944,0.106,0.36999999999999944,0.096
0.36175,0.0814295,4.1,0.36999999999999944,0.10500000000000001,0.36999999999999944,0.095
0.3618,0.0821225,4.25,0.36999999999999944,0.104,0.36999999999999944,0.095
0.36185,0.0825505,4.3500000000000005,0.36999999999999944,0.103,0.36999999999999944,0.095
0.3619,0.082775,4.500000000000001,0.36999999999999944,0.103,0.36999999999999944,0.094
0.36195,0.082717,4.6,0.36999999999999944,0.102,0.36999999999999944,0.094
0.36200000000000004,0.0823995,4.75,0.36999999999999944,0.101,0.36999999999999944,0.094
0.36205000000000004,0.08187549999999999,4.85,0.36999999999999944,0.101,0.36999999999999944,0.093
0.36210000000000003,0.0810885,4.9,0.36999999999999944,0.1,0.36999999999999944,0.093
0.36215,0.0800985,4.999999999999999,0.36999999999999944,0.1,0.36999999999999944,0.093
0.3622,0.0789275,5.050000000000002,0.36999999999999944,0.09899999999999999,0.36999999999999944,0.092
0.36225,0.07761699999999999,5.1,0.36999999999999944,0.09899999999999999,0.36999999999999944,0.092
0.3623,0.076185,5.1,0.36999999999999944,0.098,0.36999999999999944,0.092
0.36235,0.074705,5.099999999999999,0.36999999999999944,0.098,0.36999999999999944,0.092
0.3624,0.0732225,5.05,0.36999999999999944,0.098,0.36999999999999944,0.091
0.36245,0.0718085,5.000000000000001,0.36999999999999944,0.097,0.36999999999999944,0.091
0.36250000000000004,0.070435,4.900000000000001,0.36999999999999944,0.097,0.36999999999999944,0.091
0.36255000000000004,0.069175,4.8,0.36999999999999944,0.096,0.36999999999999944,0.091
0.36260000000000003,0.0679895,4.699999999999999,0.36999999999999944,0.096,0.36999999999999944,0.091
0.36265000000000003,0.066894,4.6499999999999995,0.36999999999999944,0.096,0.36999999999999944,0.09000000000000001
0.3627,0.065857,4.6000000000000005,0.36999999999999944,0.095,0.36999999999999944,0.09000000000000001
0.36275,0.064908,4.55,0.36999999999999944,0.095,0.36999999999999944,0.09000000000000001
0.3628,0.06400549999999999,4.499999999999999,0.36000000000000143,0.095,0.36000000000000143,0.09000000000000001
0.36285,0.06315649999999999,4.45,0.36000000000000143,0.095,0.36000000000000143,0.09000000000000001
0.3629,0.062342499999999995,4.3999999999999995,0.36000000000000143,0.094,0.36000000000000143,0.089
0.36295,0.0616115,4.3500000000000005,0.36000000000000143,0.094,0.36000000000000143,0.089
0.36300000000000004,0.0608885,4.3,0.36000000000000143,0.094,0.36000000000000143,0.089
0.36305000000000004,0.0602035,4.3,0.36000000000000143,0.093,0.36000000000000143,0.089
0.36310000000000003,0.059549,4.249999999999999,0.36000000000000143,0.093,0.36000000000000143,0.089
0.36315000000000003,0.058947,4.2,0.36000000000000143,0.093,0.36000000000000143,0.089
0.3632,0.058353999999999996,4.2,0.36000000000000143,0.093,0.36000000000000143,0.089
0.36325,0.057793,4.1499999999999995,0.36000000000000143,0.093,0.36000000000000143,0.088
0.3633,0.057236999999999996,4.1000000000000005,0.36000000000000143,0.092,0.36000000000000143,0.088
0.36335,0.0566985,4.1,0.36000000000000143,0.092,0.36000000000000143,0.088
0.3634,0.0561765,4.05,0.36000000000000143,0.092,0.36000000000000143,0.088
0.36345,0.0556595,4.05,0.36000000000000143,0.092,0.36000000000000143,0.088
0.3635,0.0551145,4.05,0.36000000000000143,0.091,0.36000000000000143,0.088
0.36355000000000004,0.054541,3.9999999999999996,0.36000000000000143,0.091,0.36000000000000143,0.087
0.36360000000000003,0.053905999999999996,4.0,0.36000000000000143,0.091,0.36000000000000143,0.087
0.36365000000000003,0.053204999999999995,3.95,0.3400000000000001,0.091,0.3400000000000001,0.087
0.3637,0.05234,3.9499999999999997,0.3400000000000001,0.09000000000000001,0.0,0.0
0.36375,0.049720999999999994,3.7499999999999996,0.30000000000000093,0.09000000000000001,0.0,0.0
0.3638,0.0464705,3.5499999999999994,0.30000000000000093,0.09000000000000001,0.0,0.0
0.36385,0.043028,3.3499999999999996,0.28000000000000136,0.089,0.0,0.0
0.3639,0.0394355,3.1999999999999997,0.2699999999999998,0.089,0.0,0.0
0.36395,0.035769499999999996,2.9999999999999996,0.25999999999999823,0.088,0.0,0.0
0.364,0.0320895,2.8499999999999996,0.24999999999999845,0.086,0.0,0.0
0.36405000000000004,0.0284815,2.65,0.24999999999999845,0.085,0.0,0.0
0.36410000000000003,0.0249285,2.4499999999999997,0.22999999999999887,0.083,0.0,0.0
0.36415000000000003,0.021476,2.3,0.22999999999999887,0.081,0.0,0.0
0.3642,0.0181285,2.0999999999999996,0.2099999999999993,0.078,0.0,0.0
0.36425,0.014957,1.9,0.2099999999999993,0.074,0.0,0.0
0.3643,0.012026499999999999,1.75,0.18999999999999972,0.06999999999999998,0.0,0.0
0.36435,0.009230499999999999,1.55,0.17000000000000015,0.06499999999999999,0.0,0.0
0.3644,0.0067125,1.35,0.15000000000000058,0.060000000000000005,0.0,0.0
0.36445,0.0044624999999999995,1.1500000000000001,0.1400000000000008,0.053,0.0,0.0
0.3645,0.0025445,0.9500000000000002,0.11000000000000142,0.044,0.0,0.0
0.36455000000000004,0.001017,0.7000000000000001,0.08000000000000028,0.032,0.0,0.0
0.36460000000000004,3.9999999999999996e-05,0.24999999999999994,0.019999999999998012,0.01,0.0,0.0
0.36465000000000003,0.0026595,0.49999999999999994,0.35999999999999965,0.036000000000000004,0.35999999999999965,0.036000000000000004
0.3647,0.00551,0.55,0.389999999999999,0.055,0.389999999999999,0.055
0.36475,0.008629,0.7000000000000001,0.389999999999999,0.068,0.389999999999999,0.068
0.3648,0.0119885,0.8500000000000001,0.389999999999999,0.078,0.389999999999999,0.078
0.36485,0.015578,0.9500000000000001,0.389999999999999,0.085,0.389999999999999,0.085
0.3649,0.0193395,1.1,0.389999999999999,0.091,0.389999999999999,0.091
0.36495,0.023143499999999997,1.25,0.389999999999999,0.095,0.389999999999999,0.095
0.365,0.027022499999999998,1.4000000000000001,0.389999999999999,0.09899999999999999,0.389999999999999,0.09899999999999999
0.36505000000000004,0.0308745,1.55,0.389999999999999,0.102,0.389999999999999,0.102
0.36510000000000004,0.0346895,1.7,0.389999999999999,0.104,0.389999999999999,0.103
0.36515000000000003,0.0385135,1.75,0.389999999999999,0.106,0.389999999999999,0.104
0.3652,0.0422655,1.9,0.389999999999999,0.108,0.389999999999999,0.104
0.36525,0.045906499999999996,2.0500000000000003,0.3799999999999992,0.10900000000000001,0.3799999999999992,0.103
0.3653,0.049485999999999995,2.2,0.3799999999999992,0.11,0.3799999999999992,0.103
0.36535,0.052942499999999997,2.35,0.3799999999999992,0.11,0.3799999999999992,0.102
0.3654,0.056256999999999995,2.4499999999999997,0.3799999999999992,0.111,0.3799999999999992,0.102
0.36545,0.059467,2.5999999999999996,0.3799999999999992,0.111,0.3799999999999992,0.101
0.3655,0.0624305,2.7499999999999996,0.3799999999999992,0.111,0.3799999999999992,0.101
0.36555000000000004,0.0651795,2.8999999999999995,0.3799999999999992,0.111,0.3799999999999992,0.1
0.36560000000000004,0.0678675,3.05,0.3799999999999992,0.11,0.3799999999999992,0.1
0.36565000000000003,0.070398,3.15,0.3799999999999992,0.11,0.3799999999999992,0.09899999999999999
0.3657,0.0727255,3.3,0.3799999999999992,0.10900000000000001,0.3799999999999992,0.09899999999999999
0.36575,0.07474549999999999,3.45,0.36999999999999944,0.10900000000000001,0.36999999999999944,0.098
0.3658,0.076458,3.6,0.36999999999999944,0.108,0.36999999999999944,0.098
0.36585,0.07814349999999999,3.6999999999999997,0.36999999999999944,0.107,0.36999999999999944,0.097
0.3659,0.0795675,3.8499999999999996,0.36999999999999944,0.106,0.36999999999999944,0.097
0.36595,0.080679,4.0,0.36999999999999944,0.10500000000000001,0.36999999999999944,0.096
0.366,0.0816025,4.1,0.36999999999999944,0.10500000000000001,0.36999999999999944,0.096
0.36605000000000004,0.0822445,4.25,0.36999999999999944,0.104,0.36999999999999944,0.095
0.36610000000000004,0.0826455,4.35,0.36999999999999944,0.103,0.36999999999999944,0.095
0.36615000000000003,0.0828005,4.5,0.36999999999999944,0.103,0.36999999999999944,0.095
0.3662,0.0826905,4.6,0.36999999999999944,0.102,0.36999999999999944,0.094
0.36625,0.0823325,4.699999999999999,0.36999999999999944,0.101,0.36999999999999944,0.094
0.3663,0.08173899999999999,4.8,0.36999999999999944,0.101,0.36999999999999944,0.094
0.36635,0.08091849999999999,4.8999999999999995,0.36999999999999944,0.1,0.36999999999999944,0.094
0.3664,0.079876,5.0,0.36999999999999944,0.1,0.36999999999999944,0.093
0.36645,0.07869,5.049999999999999,0.36999999999999944,0.09899999999999999,0.36999999999999944,0.093
0.3665,0.077321,5.05,0.36999999999999944,0.09899999999999999,0.36999999999999944,0.093
0.36655000000000004,0.075888,5.1,0.36999999999999944,0.098,0.36999999999999944,0.092
0.36660000000000004,0.074415,5.05,0.36999999999999944,0.098,0.36999999999999944,0.092
0.36665000000000003,0.07293949999999999,5.0,0.36999999999999944,0.098,0.36999999999999944,0.092
0.3667,0.0715325,4.95,0.36999999999999944,0.097,0.36999999999999944,0.092
0.36675,0.07017849999999999,4.8500000000000005,0.36999999999999944,0.097,0.36999999999999944,0.091
0.3668,0.06894,4.8,0.36999999999999944,0.096,0.36999999999999944,0.091
0.36685,0.06777749999999999,4.7,0.36999999999999944,0.096,0.36999999999999944,0.091
0.3669,0.066679,4.6499999999999995,0.36999999999999944,0.096,0.36999999999999944,0.091
0.36695,0.06566799999999999,4.6000000000000005,0.36999999999999944,0.095,0.36999999999999944,0.091
0.367,0.06472499999999999,4.55,0.36999999999999944,0.095,0.36999999999999944,0.09000000000000001
0.36705000000000004,0.0638435,4.5,0.36999999999999944,0.095,0.36999999999999944,0.09000000000000001
0.36710000000000004,0.06300449999999999,4.449999999999999,0.35999999999999965,0.094,0.35999999999999965,0.09000000000000001
0.36715000000000003,0.062209,4.3999999999999995,0.35999999999999965,0.094,0.35999999999999965,0.09000000000000001
0.3672,0.0614585,4.3500000000000005,0.35999999999999965,0.094,0.35999999999999965,0.09000000000000001
0.36725,0.060745,4.300000000000001,0.35999999999999965,0.094,0.35999999999999965,0.09000000000000001
0.3673,0.0600715,4.300000000000001,0.35999999999999965,0.093,0.35999999999999965,0.089
0.36735,0.059440999999999994,4.249999999999999,0.35999999999999965,0.093,0.35999999999999965,0.089
0.3674,0.0588225,4.2,0.35999999999999965,0.093,0.35999999999999965,0.089
0.36745,0.0582395,4.2,0.35999999999999965,0.093,0.35999999999999965,0.089
0.3675,0.057680999999999996,4.15,0.35999999999999965,0.092,0.35999999999999965,0.089
0.36755000000000004,0.057142,4.149999999999999,0.35999999999999965,0.092,0.35999999999999965,0.089
0.36760000000000004,0.0566025,4.1,0.35999999999999965,0.092,0.35999999999999965,0.089
0.36765000000000003,0.056091499999999996,4.1,0.35999999999999965,0.092,0.35999999999999965,0.088
0.3677,0.0555525,4.05,0.35999999999999965,0.092,0.35999999999999965,0.088
0.36775,0.0550035,4.049999999999999,0.35999999999999965,0.091,0.35999999999999965,0.088
0.3678,0.05443,4.000000000000001,0.35999999999999965,0.091,0.35999999999999965,0.088
0.36785,0.0537835,4.0,0.35999999999999965,0.091,0.35999999999999965,0.088
0.3679,0.0530285,4.0,0.3400000000000001,0.091,0.3400000000000001,0.087
0.36795,0.0518685,3.8999999999999995,0.3200000000000005,0.09000000000000001,0.0,0.0
0.368,0.049090499999999995,3.7,0.30000000000000093,0.09000000000000001,0.0,0.0
0.36805000000000004,0.045732499999999995,3.55,0.29000000000000115,0.09000000000000001,0.0,0.0
0.36810000000000004,0.0422885,3.3,0.2799999999999996,0.089,0.0,0.0
0.36815000000000003,0.0386825,3.1500000000000004,0.2699999999999998,0.088,0.0,0.0
0.3682,0.0349875,3.0,0.26,0.087,0.0,0.0
0.36825,0.031325,2.8,0.2500000000000002,0.086,0.0,0.0
0.3683,0.027718999999999997,2.6000000000000005,0.2500000000000002,0.085,0.0,0.0
0.36835,0.0242285,2.45,0.22999999999999887,0.083,0.0,0.0
0.3684,0.0207585,2.250000000000001,0.22999999999999887,0.08,0.0,0.0
0.36845,0.0174735,2.05,0.21000000000000107,0.077,0.0,0.0
0.3685,0.0143275,1.8999999999999997,0.18999999999999972,0.073,0.0,0.0
0.36855000000000004,0.011403499999999999,1.7000000000000004,0.18999999999999972,0.06899999999999999,0.0,0.0
0.36860000000000004,0.0087005,1.4999999999999993,0.17000000000000015,0.064,0.0,0.0
0.36865000000000003,0.0062315,1.349999999999999,0.15000000000000058,0.058,0.0,0.0
0.3687,0.0040415,1.099999999999999,0.130000000000001,0.051,0.0,0.0
0.36875,0.0021765,0.8999999999999997,0.10999999999999964,0.041999999999999996,0.0,0.0
0.3688,0.0007524999999999999,0.6000000000000008,0.0799999999999985,0.029,0.0,0.0
0.36885,0.00040449999999999997,0.25000000000000105,0.2500000000000002,0.01,0.2500000000000002,0.01
0.3689,0.003243,0.45000000000000034,0.36999999999999944,0.041,0.36999999999999944,0.041
0.36895,0.0061375,0.6000000000000008,0.3900000000000008,0.058,0.3900000000000008,0.058
0.369,0.009308499999999999,0.7499999999999993,0.3900000000000008,0.07100000000000001,0.3900000000000008,0.07100000000000001
0.36905000000000004,0.0126955,0.9000000000000015,0.3900000000000008,0.08,0.3900000000000008,0.08
0.36910000000000004,0.0163355,0.9500000000000004,0.3900000000000008,0.087,0.3900000000000008,0.087
0.36915000000000003,0.020114999999999997,1.1000000000000008,0.3900000000000008,0.092,0.3900000000000008,0.092
0.36920000000000003,0.023954,1.2499999999999993,0.3900000000000008,0.096,0.3900000000000008,0.096
0.36925,0.027840499999999997,1.3999999999999997,0.3900000000000008,0.1,0.3900000000000008,0.1
0.3693,0.031689999999999996,1.55,0.3900000000000008,0.103,0.3900000000000008,0.102
0.36935,0.0354975,1.7000000000000004,0.3900000000000008,0.10500000000000001,0.3900000000000008,0.103
0.3694,0.039315499999999996,1.8,0.3900000000000008,0.107,0.3900000000000008,0.103
0.36945,0.043051,1.9500000000000004,0.3799999999999992,0.108,0.3799999999999992,0.103
0.3695,0.0466795,2.1000000000000005,0.3799999999999992,0.10900000000000001,0.3799999999999992,0.103
0.36955000000000005,0.0502315,2.250000000000001,0.3799999999999992,0.11,0.3799999999999992,0.102
0.36960000000000004,0.053648999999999995,2.4000000000000012,0.3799999999999992,0.111,0.3799999999999992,0.102
0.36965000000000003,0.056952499999999996,2.5,0.3799999999999992,0.111,0.3799999999999992,0.101
0.36970000000000003,0.060117,2.6500000000000004,0.3799999999999992,0.111,0.3799999999999992,0.101
0.36975,0.06301849999999999,2.8,0.3799999999999992,0.111,0.3799999999999992,0.1
0.3698,0.0657855,2.95,0.3799999999999992,0.111,0.3799999999999992,0.1
0.36985,0.068401,3.0999999999999996,0.3799999999999992,0.11,0.3799999999999992,0.09899999999999999
0.3699,0.070922,3.1999999999999993,0.3799999999999992,0.11,0.3799999999999992,0.098
0.36995,0.073167,3.3499999999999988,0.36999999999999944,0.10900000000000001,0.36999999999999944,0.098
0.37,0.0751445,3.499999999999999,0.36999999999999944,0.108,0.36999999999999944,0.097
0.37005,0.076828,3.5999999999999988,0.36999999999999944,0.108,0.36999999999999944,0.097
0.37010000000000004,0.078469,3.7499999999999982,0.36999999999999944,0.107,0.36999999999999944,0.097
0.37015000000000003,0.079815,3.8999999999999986,0.36999999999999944,0.106,0.36999999999999944,0.096
0.37020000000000003,0.080888,4.0,0.36999999999999944,0.10500000000000001,0.36999999999999944,0.096
0.37025,0.0817625,4.15,0.36999999999999944,0.10500000000000001,0.36999999999999944,0.095
0.3703,0.08233649999999999,4.3,0.36999999999999944,0.104,0.36999999999999944,0.095
0.37035,0.082705,4.400000000000001,0.36999999999999944,0.103,0.36999999999999944,0.095
0.3704,0.08277899999999999,4.550000000000001,0.36999999999999944,0.102,0.36999999999999944,0.094
0.37045,0.082645,4.65,0.36999999999999944,0.102,0.36999999999999944,0.094
0.3705,0.08222449999999999,4.75,0.36999999999999944,0.101,0.36999999999999944,0.094
0.37055,0.081581,4.849999999999999,0.36999999999999944,0.101,0.36999999999999944,0.093
0.37060000000000004,0.080723,4.95,0.36999999999999944,0.1,0.36999999999999944,0.093
0.37065000000000003,0.0796375,5.0,0.36999999999999944,0.1,0.36999999999999944,0.093
0.37070000000000003,0.0784035,5.049999999999999,0.36999999999999944,0.09899999999999999,0.36999999999999944,0.093
0.37075,0.077043,5.099999999999999,0.36999999999999944,0.09899999999999999,0.36999999999999944,0.092
0.3708,0.0755885,5.1000000000000005,0.36999999999999944,0.098,0.36999999999999944,0.092
0.37085,0.0741105,5.05,0.36999999999999944,0.098,0.36999999999999944,0.092
0.3709,0.072644,5.0,0.36999999999999944,0.097,0.36999999999999944,0.092
0.37095,0.0712285,4.949999999999998,0.36999999999999944,0.097,0.36999999999999944,0.091
0.371,0.0699245,4.8500000000000005,0.36999999999999944,0.097,0.36999999999999944,0.091
0.37105,0.0686895,4.8,0.36999999999999944,0.096,0.36999999999999944,0.091
0.37110000000000004,0.0675335,4.749999999999999,0.36999999999999944,0.096,0.36999999999999944,0.091
0.37115000000000004,0.0664695,4.650000000000001,0.36999999999999944,0.096,0.36999999999999944,0.09000000000000001
0.37120000000000003,0.065458,4.6,0.36999999999999944,0.095,0.36999999999999944,0.09000000000000001
0.37125,0.0645255,4.55,0.35999999999999965,0.095,0.35999999999999965,0.09000000000000001
0.3713,0.063645,4.499999999999999,0.35999999999999965,0.095,0.35999999999999965,0.09000000000000001
0.37135,0.0628165,4.45,0.35999999999999965,0.094,0.35999999999999965,0.09000000000000001
0.3714,0.0620545,4.4,0.35999999999999965,0.094,0.35999999999999965,0.09000000000000001
0.37145,0.0612905,4.349999999999999,0.35999999999999965,0.094,0.35999999999999965,0.089
0.3715,0.0605985,4.3500000000000005,0.35999999999999965,0.094,0.35999999999999965,0.089
0.37155,0.0599465,4.3,0.35999999999999965,0.093,0.35999999999999965,0.089
0.37160000000000004,0.059317999999999996,4.249999999999999,0.35999999999999965,0.093,0.35999999999999965,0.089
0.37165000000000004,0.0587035,4.249999999999999,0.35999999999999965,0.093,0.35999999999999965,0.089
0.37170000000000003,0.058113,4.2,0.35999999999999965,0.093,0.35999999999999965,0.089
0.37175,0.057572,4.2,0.35999999999999965,0.092,0.35999999999999965,0.089
0.3718,0.0570175,4.15,0.35999999999999965,0.092,0.35999999999999965,0.088
0.37185,0.0564895,4.1,0.35999999999999965,0.092,0.35999999999999965,0.088
0.3719,0.0559565,4.1,0.35999999999999965,0.092,0.35999999999999965,0.088
0.37195,0.055441,4.1,0.35999999999999965,0.092,0.35999999999999965,0.088
0.372,0.054883499999999995,4.05,0.35999999999999965,0.091,0.35999999999999965,0.088
0.37205,0.0542755,4.05,0.35999999999999965,0.091,0.35999999999999965,0.087
0.37210000000000004,0.053621999999999996,3.9499999999999997,0.34999999999999987,0.091,0.34999999999999987,0.087
0.37215000000000004,0.0528775,3.9499999999999997,0.3400000000000001,0.091,0.3400000000000001,0.087
0.37220000000000003,0.0513475,3.8499999999999996,0.31999999999999873,0.09000000000000001,0.0,0.0
0.37225,0.048425499999999996,3.65,0.29999999999999916,0.09000000000000001,0.0,0.0
0.3723,0.0450015,3.4999999999999996,0.2799999999999996,0.09000000000000001,0.0,0.0
0.37235,0.0415595,3.25,0.2799999999999996,0.089,0.0,0.0
0.3724,0.037933499999999995,3.1,0.2699999999999998,0.088,0.0,0.0
0.37245,0.034231,2.9499999999999997,0.26,0.087,0.0,0.0
0.3725,0.030573,2.75,0.2500000000000002,0.086,0.0,0.0
0.37255,0.026969,2.5500000000000003,0.24000000000000044,0.08399999999999999,0.0,0.0
0.37260000000000004,0.023493999999999998,2.4,0.23000000000000065,0.082,0.0,0.0
0.37265000000000004,0.020023,2.25,0.23000000000000065,0.079,0.0,0.0
0.37270000000000003,0.0168005,2.0,0.2099999999999993,0.076,0.0,0.0
0.37275,0.0137235,1.8499999999999999,0.18999999999999972,0.073,0.0,0.0
0.3728,0.010804,1.7,0.17999999999999994,0.068,0.0,0.0
0.37285,0.008156499999999999,1.4500000000000002,0.17000000000000015,0.063,0.0,0.0
0.3729,0.0057575,1.3,0.15000000000000058,0.057,0.0,0.0
0.37295,0.00363,1.05,0.12999999999999923,0.049,0.0,0.0
0.373,0.001859,0.8500000000000001,0.09999999999999985,0.04,0.0,0.0
0.37305,0.000517,0.55,0.06000000000000071,0.025,0.0,0.0
0.37310000000000004,0.0010775,0.39999999999999997,0.30999999999999894,0.019,0.30999999999999894,0.019
0.37315000000000004,0.0038185,0.5,0.36999999999999944,0.045000000000000005,0.36999999999999944,0.045000000000000005
0.37320000000000003,0.0067725,0.6000000000000001,0.3900000000000008,0.061,0.3900000000000008,0.061
0.37325,0.010001,0.7500000000000001,0.3900000000000008,0.073,0.3900000000000008,0.073
0.3733,0.013446999999999999,0.9000000000000001,0.3900000000000008,0.081,0.3900000000000008,0.081
0.37335,0.017138999999999998,1.0,0.3900000000000008,0.088,0.3900000000000008,0.088
0.3734,0.02093,1.1500000000000001,0.3900000000000008,0.093,0.3900000000000008,0.093
0.37345,0.024777999999999998,1.3,0.3900000000000008,0.097,0.3900000000000008,0.097
0.3735,0.028627999999999997,1.45,0.3900000000000008,0.1,0.3900000000000008,0.1
0.37355,0.032468,1.6,0.3900000000000008,0.103,0.3900000000000008,0.103
0.37360000000000004,0.036283499999999996,1.7,0.3900000000000008,0.10500000000000001,0.3900000000000008,0.104
0.37365000000000004,0.0401005,1.85,0.3900000000000008,0.107,0.3900000000000008,0.104
0.37370000000000003,0.043795,2.0,0.380000000000001,0.108,0.380000000000001,0.104
0.37375,0.047417999999999995,2.15,0.380000000000001,0.10900000000000001,0.380000000000001,0.104
0.3738,0.05096,2.3,0.380000000000001,0.11,0.380000000000001,0.103
0.37385,0.0543195,2.4499999999999997,0.380000000000001,0.111,0.380000000000001,0.103
0.3739,0.057607,2.55,0.380000000000001,0.111,0.380000000000001,0.102
0.37395,0.060740499999999996,2.6999999999999997,0.380000000000001,0.111,0.380000000000001,0.101
0.374,0.0635835,2.8499999999999996,0.380000000000001,0.111,0.380000000000001,0.101
0.37405,0.06633449999999999,3.0,0.380000000000001,0.111,0.380000000000001,0.1
0.37410000000000004,0.06893149999999999,3.1,0.380000000000001,0.11,0.380000000000001,0.1
0.37415000000000004,0.07139999999999999,3.25,0.380000000000001,0.11,0.380000000000001,0.09899999999999999
0.37420000000000003,0.073595,3.4,0.380000000000001,0.10900000000000001,0.380000000000001,0.09899999999999999
0.37425,0.0755055,3.55,0.3700000000000012,0.108,0.3700000000000012,0.098
0.3743,0.0771625,3.6499999999999995,0.3700000000000012,0.108,0.3700000000000012,0.098
0.37435,0.07876,3.7499999999999996,0.3700000000000012,0.107,0.3700000000000012,0.097
0.3744,0.080063,3.8999999999999995,0.3700000000000012,0.106,0.3700000000000012,0.097
0.37445,0.081064,4.0,0.3700000000000012,0.10500000000000001,0.3700000000000012,0.096
0.3745,0.08190299999999999,4.1499999999999995,0.3700000000000012,0.104,0.3700000000000012,0.096
0.37455,0.0824145,4.3,0.3700000000000012,0.104,0.3700000000000012,0.096
0.37460000000000004,0.08273749999999999,4.3999999999999995,0.3700000000000012,0.103,0.3700000000000012,0.095
0.37465000000000004,0.082756,4.5,0.3700000000000012,0.102,0.3700000000000012,0.095
0.37470000000000003,0.082566,4.65,0.3700000000000012,0.102,0.3700000000000012,0.095
0.37475,0.0821035,4.75,0.3700000000000012,0.101,0.3700000000000012,0.094
0.3748,0.081415,4.85,0.3700000000000012,0.101,0.3700000000000012,0.094
0.37485,0.08048849999999999,4.95,0.3700000000000012,0.1,0.3700000000000012,0.094
0.3749,0.079387,5.0,0.3700000000000012,0.1,0.3700000000000012,0.093
0.37495,0.07815,5.05,0.3700000000000012,0.09899999999999999,0.3700000000000012,0.093
0.375,0.0767525,5.050000000000001,0.3700000000000012,0.09899999999999999,0.3700000000000012,0.093
0.37505,0.0752785,5.05,0.3700000000000012,0.098,0.3700000000000012,0.093
0.37510000000000004,0.0737815,5.0,0.3700000000000012,0.098,0.3700000000000012,0.092
0.37515000000000004,0.072332,4.95,0.3700000000000012,0.097,0.3700000000000012,0.092
0.37520000000000003,0.070937,4.8999999999999995,0.3700000000000012,0.097,0.3700000000000012,0.092
0.37525000000000003,0.0696475,4.8,0.3700000000000012,0.097,0.3700000000000012,0.092
0.3753,0.0684275,4.749999999999999,0.3700000000000012,0.096,0.3700000000000012,0.091
0.37535,0.0672895,4.699999999999999,0.3700000000000012,0.096,0.3700000000000012,0.091
0.3754,0.06625149999999999,4.6,0.3700000000000012,0.096,0.3700000000000012,0.091
0.37545,0.06525399999999999,4.55,0.3700000000000012,0.095,0.3700000000000012,0.091
0.3755,0.0643435,4.499999999999999,0.3700000000000012,0.095,0.3700000000000012,0.091
0.37555,0.063471,4.45,0.36000000000000143,0.095,0.36000000000000143,0.09000000000000001
0.37560000000000004,0.0626525,4.3999999999999995,0.36000000000000143,0.094,0.36000000000000143,0.09000000000000001
0.37565000000000004,0.0618725,4.35,0.36000000000000143,0.094,0.36000000000000143,0.09000000000000001
0.37570000000000003,0.0611535,4.3500000000000005,0.36000000000000143,0.094,0.36000000000000143,0.09000000000000001
0.37575000000000003,0.0604675,4.3,0.36000000000000143,0.094,0.36000000000000143,0.09000000000000001
0.3758,0.059809999999999995,4.25,0.36000000000000143,0.093,0.36000000000000143,0.09000000000000001
0.37585,0.059181,4.25,0.36000000000000143,0.093,0.36000000000000143,0.089
0.3759,0.0585705,4.2,0.36000000000000143,0.093,0.36000000000000143,0.089
0.37595,0.058005499999999995,4.1499999999999995,0.36000000000000143,0.093,0.36000000000000143,0.089
0.376,0.0574565,4.1499999999999995,0.36000000000000143,0.092,0.36000000000000143,0.089
0.37605,0.056905,4.1,0.36000000000000143,0.092,0.36000000000000143,0.089
0.37610000000000005,0.056398,4.1,0.36000000000000143,0.092,0.36000000000000143,0.089
0.37615000000000004,0.055863499999999996,4.049999999999999,0.36000000000000143,0.092,0.36000000000000143,0.088
0.37620000000000003,0.055327999999999995,4.049999999999999,0.36000000000000143,0.092,0.36000000000000143,0.088
0.37625000000000003,0.054755,4.0,0.36000000000000143,0.091,0.36000000000000143,0.088
0.3763,0.054167,4.0,0.36000000000000143,0.091,0.36000000000000143,0.088
0.37635,0.053481999999999995,4.0,0.34999999999999987,0.091,0.34999999999999987,0.088
0.3764,0.0527205,3.95,0.3399999999999983,0.091,0.3399999999999983,0.087
0.37645,0.0508005,3.8000000000000007,0.31999999999999873,0.09000000000000001,0.0,0.0
0.3765,0.0477425,3.6000000000000005,0.29999999999999916,0.09000000000000001,0.0,0.0
0.37655,0.044295,3.4000000000000004,0.2799999999999996,0.089,0.0,0.0
0.3766,0.0407975,3.25,0.2799999999999996,0.089,0.0,0.0
0.37665000000000004,0.0371595,3.05,0.27000000000000157,0.088,0.0,0.0
0.37670000000000003,0.033479499999999995,2.8999999999999995,0.2600000000000018,0.087,0.0,0.0
0.37675000000000003,0.029828499999999997,2.700000000000001,0.2500000000000002,0.086,0.0,0.0
0.3768,0.0262325,2.5500000000000007,0.24000000000000044,0.08399999999999999,0.0,0.0
0.37685,0.0227755,2.3500000000000014,0.23000000000000065,0.082,0.0,0.0
0.3769,0.0193295,2.200000000000001,0.21000000000000107,0.079,0.0,0.0
0.37695,0.016156,2.0,0.21000000000000107,0.076,0.0,0.0
0.377,0.013104999999999999,1.8000000000000018,0.1900000000000015,0.07200000000000001,0.0,0.0
0.37705,0.0102165,1.6499999999999997,0.17999999999999994,0.067,0.0,0.0
0.3771,0.007633999999999999,1.4500000000000004,0.1599999999999986,0.062,0.0,0.0
0.37715000000000004,0.0052699999999999995,1.2499999999999993,0.13999999999999901,0.055,0.0,0.0
0.37720000000000004,0.0032324999999999997,1.0499999999999983,0.11999999999999943,0.047,0.0,0.0
0.37725000000000003,0.0015325,0.8,0.09999999999999985,0.037,0.0,0.0
0.3773,0.00031099999999999997,0.45000000000000034,0.06000000000000071,0.020999999999999998,0.0,0.0
0.37735,0.0016634999999999998,0.39999999999999963,0.3400000000000001,0.026,0.3400000000000001,0.026
0.3774,0.004416499999999999,0.5000000000000011,0.3700000000000012,0.049,0.3700000000000012,0.049
0.37745,0.0074205,0.6500000000000015,0.3900000000000008,0.064,0.3900000000000008,0.064
0.3775,0.010704499999999999,0.8000000000000018,0.3900000000000008,0.075,0.3900000000000008,0.075
0.37755,0.014188,0.8999999999999997,0.3900000000000008,0.083,0.3900000000000008,0.083
0.3776,0.017898,1.05,0.3900000000000008,0.089,0.3900000000000008,0.089
0.37765000000000004,0.021721,1.2000000000000004,0.3900000000000008,0.094,0.3900000000000008,0.094
0.37770000000000004,0.025554,1.3500000000000008,0.3900000000000008,0.098,0.3900000000000008,0.098
0.37775000000000003,0.029421,1.4500000000000004,0.3900000000000008,0.101,0.3900000000000008,0.101
0.3778,0.033258499999999996,1.6000000000000008,0.3900000000000008,0.103,0.3900000000000008,0.103
0.37785,0.037069,1.7000000000000004,0.3900000000000008,0.106,0.3900000000000008,0.104
0.3779,0.040875999999999996,1.8500000000000025,0.3900000000000008,0.107,0.3900000000000008,0.104
0.37795,0.0445345,2.000000000000001,0.380000000000001,0.108,0.380000000000001,0.103
0.378,0.048173999999999995,2.1500000000000012,0.380000000000001,0.10900000000000001,0.380000000000001,0.103
0.37805,0.0516745,2.3000000000000007,0.380000000000001,0.11,0.380000000000001,0.103
0.3781,0.055015499999999995,2.45,0.380000000000001,0.111,0.380000000000001,0.102
0.37815000000000004,0.058281,2.55,0.380000000000001,0.111,0.380000000000001,0.101
0.37820000000000004,0.061356499999999994,2.7,0.380000000000001,0.111,0.380000000000001,0.101
0.37825000000000003,0.0641515,2.8499999999999996,0.380000000000001,0.111,0.380000000000001,0.1
0.3783,0.066912,3.000000000000001,0.380000000000001,0.111,0.380000000000001,0.1
0.37835,0.06945849999999999,3.0999999999999996,0.380000000000001,0.11,0.380000000000001,0.09899999999999999
0.3784,0.0718935,3.25,0.380000000000001,0.11,0.380000000000001,0.09899999999999999
0.37845,0.0740255,3.3999999999999995,0.380000000000001,0.10900000000000001,0.380000000000001,0.098
0.3785,0.07585299999999999,3.55,0.36999999999999944,0.108,0.36999999999999944,0.098
0.37855,0.077528,3.6499999999999986,0.36999999999999944,0.107,0.36999999999999944,0.097
0.3786,0.079079,3.799999999999999,0.36999999999999944,0.107,0.36999999999999944,0.097
0.37865000000000004,0.080301,3.9499999999999993,0.36999999999999944,0.106,0.36999999999999944,0.096
0.37870000000000004,0.081302,4.05,0.36999999999999944,0.10500000000000001,0.36999999999999944,0.096
0.37875000000000003,0.0820375,4.2,0.36999999999999944,0.104,0.36999999999999944,0.096
0.3788,0.082524,4.300000000000001,0.36999999999999944,0.103,0.36999999999999944,0.095
0.37885,0.0827815,4.450000000000001,0.36999999999999944,0.103,0.36999999999999944,0.095
0.3789,0.08275149999999999,4.55,0.36999999999999944,0.102,0.36999999999999944,0.094
0.37895,0.08248749999999999,4.7,0.36999999999999944,0.102,0.36999999999999944,0.094
0.379,0.08198699999999999,4.799999999999999,0.36999999999999944,0.101,0.36999999999999944,0.094
0.37905,0.081241,4.899999999999999,0.36999999999999944,0.1,0.36999999999999944,0.093
0.3791,0.0803005,4.949999999999999,0.36999999999999944,0.1,0.36999999999999944,0.093
0.37915000000000004,0.079133,5.05,0.36999999999999944,0.09899999999999999,0.36999999999999944,0.093
0.37920000000000004,0.0778595,5.05,0.36999999999999944,0.09899999999999999,0.36999999999999944,0.093
0.37925000000000003,0.07643799999999999,5.1,0.36999999999999944,0.09899999999999999,0.36999999999999944,0.092
0.3793,0.0749825,5.049999999999999,0.36999999999999944,0.098,0.36999999999999944,0.092
0.37935,0.0734915,5.050000000000001,0.36999999999999944,0.098,0.36999999999999944,0.092
0.3794,0.0720475,4.95,0.36999999999999944,0.097,0.36999999999999944,0.092
0.37945,0.0706885,4.8999999999999995,0.36999999999999944,0.097,0.36999999999999944,0.091
0.3795,0.0694075,4.849999999999999,0.36999999999999944,0.097,0.36999999999999944,0.091
0.37955,0.068203,4.75,0.36999999999999944,0.096,0.36999999999999944,0.091
0.3796,0.067075,4.7,0.36999999999999944,0.096,0.36999999999999944,0.091
0.37965000000000004,0.06604399999999999,4.6499999999999995,0.36999999999999944,0.095,0.36999999999999944,0.091
0.37970000000000004,0.0650655,4.55,0.36999999999999944,0.095,0.36999999999999944,0.09000000000000001
0.37975000000000003,0.064145,4.499999999999999,0.36999999999999944,0.095,0.36999999999999944,0.09000000000000001
0.3798,0.0633,4.45,0.35999999999999965,0.095,0.35999999999999965,0.09000000000000001
0.37985,0.062501,4.45,0.35999999999999965,0.094,0.35999999999999965,0.09000000000000001
0.3799,0.061710999999999995,4.3999999999999995,0.35999999999999965,0.094,0.35999999999999965,0.09000000000000001
0.37995,0.061018499999999996,4.35,0.35999999999999965,0.094,0.35999999999999965,0.09000000000000001
0.38,0.0603355,4.3,0.35999999999999965,0.093,0.35999999999999965,0.089
0.38005,0.059676,4.249999999999999,0.35999999999999965,0.093,0.35999999999999965,0.089
0.3801,0.059054499999999996,4.25,0.35999999999999965,0.093,0.35999999999999965,0.089
0.38015000000000004,0.058468,4.2,0.35999999999999965,0.093,0.35999999999999965,0.089
0.38020000000000004,0.057894499999999995,4.2,0.35999999999999965,0.093,0.35999999999999965,0.089
0.38025000000000003,0.057343,4.1499999999999995,0.35999999999999965,0.092,0.35999999999999965,0.089
0.3803,0.056808,4.1499999999999995,0.35999999999999965,0.092,0.35999999999999965,0.088
0.38035,0.0562665,4.1000000000000005,0.35999999999999965,0.092,0.35999999999999965,0.088
0.3804,0.055744999999999996,4.1,0.35999999999999965,0.092,0.35999999999999965,0.088
0.38045,0.055203999999999996,4.05,0.35999999999999965,0.092,0.35999999999999965,0.088
0.3805,0.054654499999999995,4.05,0.35999999999999965,0.091,0.35999999999999965,0.088
0.38055,0.054031499999999996,4.0,0.35999999999999965,0.091,0.35999999999999965,0.088
0.3806,0.053329499999999995,4.0,0.3400000000000001,0.091,0.3400000000000001,0.087
0.38065000000000004,0.052531999999999995,3.9499999999999997,0.3400000000000001,0.091,0.3400000000000001,0.087
0.38070000000000004,0.0501965,3.7499999999999996,0.3100000000000007,0.09000000000000001,0.0,0.0
0.38075000000000003,0.047046,3.5999999999999996,0.29999999999999916,0.09000000000000001,0.0,0.0
0.3808,0.0435975,3.3499999999999996,0.2799999999999996,0.089,0.0,0.0
0.38085,0.040049999999999995,3.1999999999999997,0.2799999999999996,0.089,0.0,0.0
0.3809,0.036397,3.05,0.2699999999999998,0.088,0.0,0.0
0.38095,0.0327065,2.8499999999999996,0.26,0.087,0.0,0.0
0.381,0.029067,2.65,0.2500000000000002,0.085,0.0,0.0
0.38105,0.0255015,2.5,0.23000000000000065,0.083,0.0,0.0
0.3811,0.022054,2.35,0.23000000000000065,0.081,0.0,0.0
0.38115000000000004,0.018654,2.15,0.21000000000000107,0.078,0.0,0.0
0.38120000000000004,0.015488499999999999,1.95,0.21000000000000107,0.075,0.0,0.0
0.38125000000000003,0.012511,1.8,0.18999999999999972,0.07100000000000001,0.0,0.0
0.38130000000000003,0.009653499999999999,1.55,0.17000000000000015,0.066,0.0,0.0
0.38135,0.007127499999999999,1.4000000000000001,0.1599999999999986,0.061,0.0,0.0
0.3814,0.0048024999999999995,1.1500000000000001,0.13999999999999901,0.054,0.0,0.0
0.38145,0.0028534999999999997,1.0,0.11999999999999943,0.045000000000000005,0.0,0.0
0.3815,0.0012404999999999998,0.75,0.09000000000000007,0.034,0.0,0.0
0.38155,0.000144,0.35000000000000003,0.04000000000000114,0.016,0.0,0.0
0.3816,0.0022315,0.45,0.34999999999999987,0.032,0.34999999999999987,0.032
0.38165000000000004,0.005018,0.55,0.3900000000000008,0.053,0.3900000000000008,0.053
0.38170000000000004,0.008087,0.7000000000000001,0.3900000000000008,0.067,0.3900000000000008,0.067
0.38175000000000003,0.011401,0.8,0.3900000000000008,0.076,0.3900000000000008,0.076
0.38180000000000003,0.014959,0.9,0.3900000000000008,0.08399999999999999,0.3900000000000008,0.08399999999999999
0.38185,0.018695,1.05,0.3900000000000008,0.09000000000000001,0.3900000000000008,0.09000000000000001
0.3819,0.0225255,1.2,0.3900000000000008,0.095,0.3900000000000008,0.095
0.38195,0.026378,1.35,0.3900000000000008,0.09899999999999999,0.3900000000000008,0.09899999999999999
0.382,0.030241499999999998,1.5,0.3900000000000008,0.101,0.3900000000000008,0.101
0.38205,0.03408,1.6500000000000001,0.3900000000000008,0.104,0.3900000000000008,0.103
0.3821,0.037898,1.75,0.3900000000000008,0.106,0.3900000000000008,0.103
0.38215000000000005,0.04167,1.9,0.3900000000000008,0.107,0.3900000000000008,0.103
0.38220000000000004,0.045318,2.0500000000000003,0.3799999999999992,0.10900000000000001,0.3799999999999992,0.103
0.38225000000000003,0.04892,2.2,0.3799999999999992,0.11,0.3799999999999992,0.102
0.38230000000000003,0.052380499999999997,2.35,0.3799999999999992,0.11,0.3799999999999992,0.102
0.38235,0.055715,2.4499999999999997,0.3799999999999992,0.111,0.3799999999999992,0.101
0.3824,0.058949499999999995,2.5999999999999996,0.3799999999999992,0.111,0.3799999999999992,0.101
0.38245,0.06198,2.7499999999999996,0.3799999999999992,0.111,0.3799999999999992,0.1
0.3825,0.0647285,2.8999999999999995,0.3799999999999992,0.111,0.3799999999999992,0.1
0.38255,0.067448,3.05,0.3799999999999992,0.111,0.3799999999999992,0.09899999999999999
0.3826,0.0700105,3.15,0.3799999999999992,0.11,0.3799999999999992,0.098
0.38265000000000005,0.07234399999999999,3.3,0.3799999999999992,0.10900000000000001,0.3799999999999992,0.098
0.38270000000000004,0.074433,3.45,0.36999999999999944,0.10900000000000001,0.36999999999999944,0.098
0.38275000000000003,0.07620299999999999,3.6,0.36999999999999944,0.108,0.36999999999999944,0.097
0.38280000000000003,0.077873,3.6999999999999997,0.36999999999999944,0.107,0.36999999999999944,0.097
0.38285,0.0793275,3.8499999999999996,0.36999999999999944,0.106,0.36999999999999944,0.096
0.3829,0.080515,4.0,0.36999999999999944,0.106,0.36999999999999944,0.096
0.38295,0.0814775,4.1,0.36999999999999944,0.10500000000000001,0.36999999999999944,0.095
0.383,0.08216899999999999,4.25,0.36999999999999944,0.104,0.36999999999999944,0.095
0.38305,0.08256899999999999,4.35,0.36999999999999944,0.103,0.36999999999999944,0.095
0.3831,0.082786,4.5,0.36999999999999944,0.103,0.36999999999999944,0.094
0.38315000000000005,0.08270949999999999,4.6,0.36999999999999944,0.102,0.36999999999999944,0.094
0.38320000000000004,0.08239099999999999,4.699999999999999,0.36999999999999944,0.101,0.36999999999999944,0.094
0.38325000000000004,0.081842,4.85,0.36999999999999944,0.101,0.36999999999999944,0.093
0.38330000000000003,0.0810515,4.8999999999999995,0.36999999999999944,0.1,0.36999999999999944,0.093
0.38335,0.0800555,5.0,0.36999999999999944,0.1,0.36999999999999944,0.093
0.3834,0.078883,5.049999999999999,0.36999999999999944,0.09899999999999999,0.36999999999999944,0.092
0.38345,0.0775685,5.1,0.36999999999999944,0.09899999999999999,0.36999999999999944,0.092
0.3835,0.07613249999999999,5.1,0.36999999999999944,0.098,0.36999999999999944,0.092
0.38355,0.074653,5.1000000000000005,0.36999999999999944,0.098,0.36999999999999944,0.092
0.3836,0.0731655,5.05,0.36999999999999944,0.098,0.36999999999999944,0.092
0.38365,0.07176049999999999,4.95,0.36999999999999944,0.097,0.36999999999999944,0.091
0.38370000000000004,0.0703945,4.9,0.36999999999999944,0.097,0.36999999999999944,0.091
0.38375000000000004,0.0691365,4.8500000000000005,0.36999999999999944,0.096,0.36999999999999944,0.091
0.38380000000000003,0.0679665,4.750000000000001,0.36999999999999944,0.096,0.36999999999999944,0.091
0.38385,0.06684999999999999,4.7,0.36999999999999944,0.096,0.36999999999999944,0.09000000000000001
0.3839,0.0658295,4.6499999999999995,0.36999999999999944,0.095,0.36999999999999944,0.09000000000000001
0.38395,0.064862,4.6,0.35999999999999965,0.095,0.35999999999999965,0.09000000000000001
0.384,0.0639705,4.55,0.35999999999999965,0.095,0.35999999999999965,0.09000000000000001
0.38405,0.0630965,4.499999999999999,0.35999999999999965,0.095,0.35999999999999965,0.09000000000000001
0.3841,0.0623195,4.45,0.35999999999999965,0.094,0.35999999999999965,0.09000000000000001
0.38415,0.061581,4.3999999999999995,0.35999999999999965,0.094,0.35999999999999965,0.089
0.38420000000000004,0.060863499999999994,4.3500000000000005,0.35999999999999965,0.094,0.35999999999999965,0.089
0.38425000000000004,0.060176999999999994,4.300000000000001,0.35999999999999965,0.093,0.35999999999999965,0.089
0.38430000000000003,0.059538999999999995,4.299999999999999,0.35999999999999965,0.093,0.35999999999999965,0.089
0.38435,0.058912,4.25,0.35999999999999965,0.093,0.35999999999999965,0.089
0.3844,0.0583445,4.2,0.35999999999999965,0.093,0.35999999999999965,0.089
0.38445,0.057763999999999996,4.200000000000001,0.35999999999999965,0.093,0.35999999999999965,0.088
0.3845,0.057213999999999994,4.149999999999999,0.35999999999999965,0.092,0.35999999999999965,0.088
0.38455,0.0566765,4.1499999999999995,0.35999999999999965,0.092,0.35999999999999965,0.088
0.3846,0.056140999999999996,4.1,0.35999999999999965,0.092,0.35999999999999965,0.088
0.38465,0.055628,4.1000000000000005,0.35999999999999965,0.092,0.35999999999999965,0.088
0.38470000000000004,0.055083999999999994,4.0,0.35999999999999965,0.091,0.35999999999999965,0.088
0.38475000000000004,0.0545055,4.0,0.35999999999999965,0.091,0.35999999999999965,0.087
0.38480000000000003,0.053878999999999996,3.9999999999999982,0.35999999999999965,0.091,0.35999999999999965,0.087
0.38485,0.053170999999999996,3.950000000000001,0.3400000000000001,0.091,0.3400000000000001,0.087
0.3849,0.052247999999999996,3.9499999999999993,0.3400000000000001,0.09000000000000001,0.0,0.0
0.38495,0.049590999999999996,3.7,0.30000000000000093,0.09000000000000001,0.0,0.0
0.385,0.0463255,3.55,0.30000000000000093,0.09000000000000001,0.0,0.0
0.38505,0.042866499999999995,3.3499999999999996,0.2799999999999996,0.089,0.0,0.0
0.3851,0.0392955,3.1500000000000004,0.2699999999999998,0.089,0.0,0.0
0.38515,0.035614,3.0,0.26,0.088,0.0,0.0
0.38520000000000004,0.0319495,2.8499999999999996,0.2500000000000002,0.086,0.0,0.0
0.38525000000000004,0.028315,2.6000000000000005,0.2500000000000002,0.085,0.0,0.0
0.38530000000000003,0.024787,2.45,0.22999999999999887,0.083,0.0,0.0
0.38535,0.021329499999999998,2.3000000000000007,0.22999999999999887,0.081,0.0,0.0
0.3854,0.018007,2.1000000000000005,0.21000000000000107,0.078,0.0,0.0
0.38545,0.014828,1.8999999999999997,0.1999999999999995,0.074,0.0,0.0
0.3855,0.011899999999999999,1.7499999999999993,0.18999999999999972,0.06999999999999998,0.0,0.0
0.38555,0.009132,1.55,0.17000000000000015,0.06499999999999999,0.0,0.0
0.3856,0.006614,1.349999999999999,0.1499999999999988,0.059,0.0,0.0
0.38565,0.0043735,1.1499999999999997,0.13999999999999901,0.052,0.0,0.0
0.38570000000000004,0.0024714999999999997,0.9499999999999986,0.10999999999999964,0.043,0.0,0.0
0.38575000000000004,0.000958,0.7000000000000004,0.08000000000000028,0.032,0.0,0.0
0.38580000000000003,2.2e-05,0.14999999999999963,0.01999999999999979,0.008,0.0,0.0
0.38585,0.0027714999999999997,0.45000000000000034,0.35999999999999965,0.037,0.35999999999999965,0.037
0.3859,0.0056285,0.5500000000000018,0.389999999999999,0.056,0.389999999999999,0.056
0.38595,0.008765,0.7000000000000004,0.389999999999999,0.06899999999999999,0.389999999999999,0.06899999999999999
0.386,0.012128499999999999,0.8500000000000008,0.389999999999999,0.078,0.389999999999999,0.078
0.38605,0.015742,0.9500000000000004,0.389999999999999,0.086,0.389999999999999,0.08600000000000001
0.3861,0.0194925,1.1000000000000008,0.389999999999999,0.091,0.389999999999999,0.091
0.38615,0.023313,1.2499999999999993,0.389999999999999,0.096,0.389999999999999,0.096
0.38620000000000004,0.027191,1.3999999999999997,0.389999999999999,0.09899999999999999,0.389999999999999,0.09899999999999999
0.38625000000000004,0.031035499999999997,1.55,0.389999999999999,0.102,0.389999999999999,0.102
0.38630000000000003,0.034853499999999996,1.7000000000000004,0.389999999999999,0.104,0.389999999999999,0.103
0.38635,0.0386755,1.8,0.389999999999999,0.106,0.389999999999999,0.104
0.3864,0.0424325,1.9500000000000004,0.389999999999999,0.108,0.389999999999999,0.104
0.38645,0.046071,2.1000000000000005,0.3799999999999992,0.10900000000000001,0.3799999999999992,0.104
0.3865,0.0496335,2.250000000000001,0.3799999999999992,0.11,0.3799999999999992,0.103
0.38655,0.053078,2.4000000000000012,0.3799999999999992,0.11,0.3799999999999992,0.103
0.3866,0.0563925,2.45,0.3799999999999992,0.111,0.3799999999999992,0.102
0.38665,0.059600999999999994,2.6000000000000005,0.3799999999999992,0.111,0.3799999999999992,0.101
0.38670000000000004,0.062556,2.75,0.3799999999999992,0.111,0.3799999999999992,0.101
0.38675000000000004,0.0653,2.9000000000000004,0.3799999999999992,0.111,0.3799999999999992,0.1
0.38680000000000003,0.0679675,3.0500000000000007,0.3799999999999992,0.11,0.3799999999999992,0.1
0.38685,0.0704965,3.1499999999999995,0.3799999999999992,0.11,0.3799999999999992,0.09899999999999999
0.3869,0.07281599999999999,3.3,0.3799999999999992,0.10900000000000001,0.3799999999999992,0.09899999999999999
0.38695,0.074837,3.4499999999999993,0.36999999999999944,0.10900000000000001,0.36999999999999944,0.098
0.387,0.0765245,3.5999999999999996,0.36999999999999944,0.108,0.36999999999999944,0.098
0.38705,0.0782055,3.6999999999999984,0.36999999999999944,0.107,0.36999999999999944,0.097
0.3871,0.07960149999999999,3.8499999999999988,0.36999999999999944,0.106,0.36999999999999944,0.097
0.38715,0.080713,3.9999999999999982,0.36999999999999944,0.10500000000000001,0.36999999999999944,0.096
0.38720000000000004,0.081625,4.1,0.36999999999999944,0.10500000000000001,0.36999999999999944,0.096
0.38725000000000004,0.0822615,4.25,0.36999999999999944,0.104,0.36999999999999944,0.096
0.38730000000000003,0.08265,4.3500000000000005,0.36999999999999944,0.103,0.36999999999999944,0.095
0.38735,0.0827855,4.500000000000001,0.36999999999999944,0.103,0.36999999999999944,0.095
0.3874,0.082688,4.6,0.36999999999999944,0.102,0.36999999999999944,0.095
0.38745,0.0823175,4.699999999999999,0.36999999999999944,0.101,0.36999999999999944,0.094
0.3875,0.081692,4.799999999999999,0.36999999999999944,0.101,0.36999999999999944,0.094
0.38755,0.08086399999999999,4.9,0.36999999999999944,0.1,0.36999999999999944,0.094
0.3876,0.07982399999999999,4.999999999999999,0.36999999999999944,0.1,0.36999999999999944,0.093
0.38765,0.0786375,5.050000000000002,0.36999999999999944,0.09899999999999999,0.36999999999999944,0.093
0.38770000000000004,0.07726849999999999,5.049999999999999,0.36999999999999944,0.09899999999999999,0.36999999999999944,0.093
0.38775000000000004,0.0758165,5.050000000000001,0.36999999999999944,0.098,0.36999999999999944,0.093
0.38780000000000003,0.07434,5.05,0.36999999999999944,0.098,0.36999999999999944,0.092
0.38785000000000003,0.072865,4.999999999999999,0.36999999999999944,0.097,0.36999999999999944,0.092
0.3879,0.071465,4.95,0.36999999999999944,0.097,0.36999999999999944,0.092
0.38795,0.070126,4.8500000000000005,0.36999999999999944,0.097,0.36999999999999944,0.092
0.388,0.0688825,4.800000000000001,0.36999999999999944,0.096,0.36999999999999944,0.091
0.38805,0.0677125,4.7,0.36999999999999944,0.096,0.36999999999999944,0.091
0.3881,0.066633,4.6499999999999995,0.36999999999999944,0.096,0.36999999999999944,0.091
0.38815,0.0656305,4.6000000000000005,0.36999999999999944,0.095,0.36999999999999944,0.091
0.38820000000000005,0.064687,4.55,0.36999999999999944,0.095,0.36999999999999944,0.091
0.38825000000000004,0.0637975,4.499999999999999,0.36999999999999944,0.095,0.36999999999999944,0.09000000000000001
0.38830000000000003,0.06296,4.45,0.3599999999999979,0.094,0.3599999999999979,0.09000000000000001
0.38835000000000003,0.062176499999999996,4.3999999999999995,0.3599999999999979,0.094,0.3599999999999979,0.09000000000000001
0.3884,0.061435,4.3500000000000005,0.3599999999999979,0.094,0.3599999999999979,0.09000000000000001
0.38845,0.060723,4.3,0.3599999999999979,0.094,0.3599999999999979,0.09000000000000001
0.3885,0.0600545,4.3,0.3599999999999979,0.093,0.3599999999999979,0.09000000000000001
0.38855,0.059422499999999996,4.250000000000001,0.3599999999999979,0.093,0.3599999999999979,0.089
0.3886,0.058811999999999996,4.199999999999999,0.3599999999999979,0.093,0.3599999999999979,0.089
0.38865,0.058212999999999994,4.2,0.3599999999999979,0.093,0.3599999999999979,0.089
0.38870000000000005,0.057651,4.1499999999999995,0.3599999999999979,0.092,0.3599999999999979,0.089
0.38875000000000004,0.057111999999999996,4.15,0.3599999999999979,0.092,0.3599999999999979,0.089
0.38880000000000003,0.0565755,4.1,0.3599999999999979,0.092,0.3599999999999979,0.089
0.38885000000000003,0.0560815,4.1,0.3599999999999979,0.092,0.3599999999999979,0.088
0.3889,0.0555265,4.05,0.3599999999999979,0.092,0.3599999999999979,0.088
0.38895,0.054979,4.05,0.3599999999999979,0.091,0.3599999999999979,0.088
0.389,0.05439,4.0,0.3599999999999979,0.091,0.3599999999999979,0.088
0.38905,0.053758999999999994,4.000000000000001,0.3599999999999979,0.091,0.3599999999999979,0.088
0.3891,0.0530205,3.9499999999999997,0.3400000000000001,0.091,0.3400000000000001,0.087
0.38915,0.051759,3.8499999999999996,0.3200000000000005,0.09000000000000001,0.0,0.0
0.38920000000000005,0.048959499999999996,3.6999999999999997,0.30000000000000093,0.09000000000000001,0.0,0.0
0.38925000000000004,0.0455895,3.4999999999999996,0.29000000000000115,0.09000000000000001,0.0,0.0
0.38930000000000003,0.042143,3.3,0.28000000000000136,0.089,0.0,0.0
0.38935000000000003,0.038531499999999996,3.15,0.27000000000000157,0.088,0.0,0.0
0.3894,0.034846999999999996,2.9499999999999997,0.26,0.087,0.0,0.0
0.38945,0.031167499999999997,2.8,0.24999999999999845,0.086,0.0,0.0
0.3895,0.027576,2.6,0.24999999999999845,0.085,0.0,0.0
0.38955,0.024080499999999998,2.4499999999999997,0.22999999999999887,0.082,0.0,0.0
0.3896,0.020605,2.25,0.22999999999999887,0.08,0.0,0.0
0.38965,0.017342,2.05,0.2099999999999993,0.077,0.0,0.0
0.38970000000000005,0.014201499999999999,1.9,0.1900000000000015,0.073,0.0,0.0
0.38975000000000004,0.011283999999999999,1.7,0.1900000000000015,0.06899999999999999,0.0,0.0
0.38980000000000004,0.008588499999999999,1.5000000000000002,0.17000000000000015,0.064,0.0,0.0
0.38985000000000003,0.0061329999999999996,1.3,0.15000000000000058,0.058,0.0,0.0
0.3899,0.003968,1.1,0.130000000000001,0.051,0.0,0.0
0.38995,0.0021119999999999997,0.8500000000000001,0.11000000000000142,0.041,0.0,0.0
0.39,0.000701,0.6000000000000001,0.06999999999999872,0.028,0.0,0.0
0.39005,0.0005535,0.35000000000000003,0.2699999999999998,0.012,0.2699999999999998,0.012
0.3901,0.0033569999999999997,0.44999999999999996,0.36999999999999944,0.041999999999999996,0.36999999999999944,0.041999999999999996
0.39015,0.0062664999999999995,0.6000000000000001,0.389999999999999,0.059,0.389999999999999,0.059
0.3902,0.00945,0.7500000000000001,0.389999999999999,0.07100000000000001,0.389999999999999,0.07100000000000001
0.39025000000000004,0.012848499999999999,0.9000000000000001,0.389999999999999,0.08,0.389999999999999,0.08
0.39030000000000004,0.0164945,1.0,0.389999999999999,0.087,0.389999999999999,0.087
0.39035000000000003,0.0202605,1.1,0.389999999999999,0.092,0.389999999999999,0.092
0.3904,0.0241095,1.25,0.389999999999999,0.096,0.389999999999999,0.096
0.39045,0.027981,1.4000000000000001,0.389999999999999,0.1,0.389999999999999,0.1
0.3905,0.0318345,1.55,0.389999999999999,0.103,0.389999999999999,0.102
0.39055,0.0356405,1.7,0.389999999999999,0.10500000000000001,0.389999999999999,0.103
0.3906,0.039459999999999995,1.8,0.389999999999999,0.107,0.389999999999999,0.104
0.39065,0.0432015,1.95,0.3799999999999992,0.108,0.3799999999999992,0.103
0.3907,0.046820999999999995,2.1,0.3799999999999992,0.10900000000000001,0.3799999999999992,0.103
0.39075000000000004,0.050381499999999996,2.25,0.3799999999999992,0.11,0.3799999999999992,0.103
0.39080000000000004,0.053793,2.4,0.3799999999999992,0.111,0.3799999999999992,0.102
0.39085000000000003,0.057082999999999995,2.5,0.3799999999999992,0.111,0.3799999999999992,0.101
0.3909,0.0602445,2.65,0.3799999999999992,0.111,0.3799999999999992,0.101
0.39095,0.063126,2.8,0.3799999999999992,0.111,0.3799999999999992,0.1
0.391,0.0658985,2.9499999999999997,0.3799999999999992,0.111,0.3799999999999992,0.1
0.39105,0.06851449999999999,3.0999999999999996,0.3799999999999992,0.11,0.3799999999999992,0.09899999999999999
0.3911,0.07102449999999999,3.1999999999999997,0.3799999999999992,0.11,0.3799999999999992,0.09899999999999999
0.39115,0.073268,3.3499999999999996,0.3799999999999992,0.10900000000000001,0.3799999999999992,0.098
0.3912,0.0752325,3.5,0.36999999999999944,0.108,0.36999999999999944,0.098
0.39125000000000004,0.076891,3.5999999999999996,0.36999999999999944,0.108,0.36999999999999944,0.097
0.39130000000000004,0.0785305,3.7499999999999996,0.36999999999999944,0.107,0.36999999999999944,0.097
0.39135000000000003,0.079859,3.8999999999999995,0.36999999999999944,0.106,0.36999999999999944,0.096
0.3914,0.080938,4.0,0.36999999999999944,0.10500000000000001,0.36999999999999944,0.096
0.39145,0.0817975,4.1499999999999995,0.36999999999999944,0.10500000000000001,0.36999999999999944,0.096
0.3915,0.082368,4.3,0.36999999999999944,0.104,0.36999999999999944,0.095
0.39155,0.0827155,4.3999999999999995,0.36999999999999944,0.103,0.36999999999999944,0.095
0.3916,0.08276599999999999,4.55,0.36999999999999944,0.102,0.36999999999999944,0.094
0.39165,0.0826435,4.65,0.36999999999999944,0.102,0.36999999999999944,0.094
0.3917,0.0822005,4.75,0.36999999999999944,0.101,0.36999999999999944,0.094
0.39175000000000004,0.081565,4.85,0.36999999999999944,0.101,0.36999999999999944,0.093
0.39180000000000004,0.080679,4.95,0.36999999999999944,0.1,0.36999999999999944,0.093
0.39185000000000003,0.07958699999999999,5.0,0.36999999999999944,0.1,0.36999999999999944,0.093
0.3919,0.078354,5.05,0.36999999999999944,0.09899999999999999,0.36999999999999944,0.093
0.39195,0.076959,5.1000000000000005,0.36999999999999944,0.09899999999999999,0.36999999999999944,0.092
0.392,0.0755325,5.1,0.36999999999999944,0.098,0.36999999999999944,0.092
0.39205,0.074045,5.05,0.36999999999999944,0.098,0.36999999999999944,0.092
0.3921,0.07256649999999999,4.999999999999999,0.36999999999999944,0.097,0.36999999999999944,0.092
0.39215,0.0711735,4.95,0.36999999999999944,0.097,0.36999999999999944,0.091
0.3922,0.0698675,4.85,0.36999999999999944,0.097,0.36999999999999944,0.091
0.39225000000000004,0.068644,4.8,0.36999999999999944,0.096,0.36999999999999944,0.091
0.39230000000000004,0.067508,4.699999999999999,0.36999999999999944,0.096,0.36999999999999944,0.091
0.39235000000000003,0.0664265,4.6499999999999995,0.36999999999999944,0.096,0.36999999999999944,0.091
0.3924,0.065428,4.6000000000000005,0.36999999999999944,0.095,0.36999999999999944,0.09000000000000001
0.39245,0.0644955,4.55,0.36999999999999944,0.095,0.36999999999999944,0.09000000000000001
0.3925,0.0636265,4.499999999999999,0.35999999999999965,0.095,0.35999999999999965,0.09000000000000001
0.39255,0.0627985,4.449999999999999,0.35999999999999965,0.094,0.35999999999999965,0.09000000000000001
0.3926,0.0620265,4.3999999999999995,0.35999999999999965,0.094,0.35999999999999965,0.09000000000000001
0.39265,0.0612695,4.3500000000000005,0.35999999999999965,0.094,0.35999999999999965,0.09000000000000001
0.3927,0.060574499999999996,4.35,0.35999999999999965,0.094,0.35999999999999965,0.089
0.39275000000000004,0.0599175,4.3,0.35999999999999965,0.093,0.35999999999999965,0.089
0.39280000000000004,0.059287,4.25,0.35999999999999965,0.093,0.35999999999999965,0.089
0.39285000000000003,0.058681,4.250000000000001,0.35999999999999965,0.093,0.35999999999999965,0.089
0.3929,0.058102499999999994,4.199999999999999,0.35999999999999965,0.093,0.35999999999999965,0.089
0.39295,0.057551,4.1499999999999995,0.35999999999999965,0.092,0.35999999999999965,0.089
0.393,0.057007999999999996,4.15,0.35999999999999965,0.092,0.35999999999999965,0.088
0.39305,0.056464999999999994,4.1,0.35999999999999965,0.092,0.35999999999999965,0.088
0.3931,0.055931999999999996,4.099999999999999,0.35999999999999965,0.092,0.35999999999999965,0.088
0.39315,0.05541,4.049999999999999,0.35999999999999965,0.092,0.35999999999999965,0.088
0.3932,0.0548665,4.05,0.35999999999999965,0.091,0.35999999999999965,0.088
0.39325000000000004,0.0542565,4.05,0.35999999999999965,0.091,0.35999999999999965,0.088
0.39330000000000004,0.053586999999999996,4.0,0.34999999999999987,0.091,0.34999999999999987,0.087
0.39335000000000003,0.052829499999999995,4.0,0.3400000000000001,0.091,0.3400000000000001,0.087
0.3934,0.0512305,3.8000000000000007,0.3200000000000023,0.09000000000000001,0.0,0.0
0.39345,0.048291999999999995,3.6500000000000004,0.29999999999999916,0.09000000000000001,0.0,0.0
0.3935,0.044865499999999996,3.500000000000001,0.2799999999999996,0.09000000000000001,0.0,0.0
0.39355,0.041412,3.25,0.2799999999999996,0.089,0.0,0.0
0.3936,0.03778,3.1000000000000005,0.2699999999999998,0.088,0.0,0.0
0.39365,0.034085,2.9499999999999993,0.26,0.087,0.0,0.0
0.3937,0.0304165,2.700000000000001,0.2500000000000002,0.086,0.0,0.0
0.39375000000000004,0.026827999999999998,2.5500000000000007,0.24000000000000044,0.08399999999999999,0.0,0.0
0.39380000000000004,0.023358,2.4000000000000012,0.22999999999999887,0.082,0.0,0.0
0.39385000000000003,0.019874,2.250000000000001,0.2199999999999973,0.079,0.0,0.0
0.39390000000000003,0.0166685,2.0,0.20999999999999752,0.076,0.0,0.0
0.39395,0.013599499999999999,1.8500000000000008,0.18999999999999972,0.07200000000000001,0.0,0.0
0.394,0.0106825,1.7000000000000004,0.17999999999999994,0.068,0.0,0.0
0.39405,0.008052,1.4500000000000004,0.17000000000000015,0.063,0.0,0.0
0.3941,0.0056535,1.3,0.15000000000000058,0.057,0.0,0.0
0.39415,0.0035529999999999997,1.0499999999999983,0.130000000000001,0.049,0.0,0.0
0.3942,0.001794,0.8,0.09999999999999985,0.039,0.0,0.0
0.39425000000000004,0.00047799999999999996,0.5500000000000018,0.059999999999998936,0.025,0.0,0.0
0.39430000000000004,0.001201,0.39999999999999963,0.3200000000000023,0.020999999999999998,0.3200000000000023,0.020999999999999998
0.39435000000000003,0.0039445,0.5000000000000011,0.36999999999999944,0.046,0.36999999999999944,0.046
0.39440000000000003,0.0068965,0.6500000000000015,0.38999999999999724,0.062,0.38999999999999724,0.062
0.39445,0.010137,0.7499999999999993,0.38999999999999724,0.073,0.38999999999999724,0.073
0.3945,0.013583999999999999,0.9000000000000015,0.38999999999999724,0.082,0.38999999999999724,0.082
0.39455,0.0172835,0.9999999999999993,0.38999999999999724,0.088,0.38999999999999724,0.088
0.3946,0.021089999999999998,1.1499999999999997,0.38999999999999724,0.093,0.38999999999999724,0.093
0.39465,0.024925,1.3,0.38999999999999724,0.097,0.38999999999999724,0.097
0.3947,0.02879,1.4500000000000004,0.38999999999999724,0.1,0.38999999999999724,0.1
0.39475000000000005,0.0326375,1.6000000000000008,0.38999999999999724,0.103,0.38999999999999724,0.102
0.39480000000000004,0.0364505,1.7000000000000004,0.38999999999999724,0.10500000000000001,0.38999999999999724,0.103
0.39485000000000003,0.0402595,1.8500000000000025,0.38999999999999724,0.107,0.38999999999999724,0.103
0.39490000000000003,0.043935499999999995,2.000000000000001,0.3799999999999992,0.108,0.3799999999999992,0.103
0.39495,0.0475735,2.1500000000000012,0.3799999999999992,0.10900000000000001,0.3799999999999992,0.103
0.395,0.051114,2.3000000000000007,0.3799999999999992,0.11,0.3799999999999992,0.102
0.39505,0.054472,2.45,0.3799999999999992,0.111,0.3799999999999992,0.101
0.3951,0.057748999999999995,2.55,0.3799999999999992,0.111,0.3799999999999992,0.101
0.39515,0.0608665,2.7,0.3799999999999992,0.111,0.3799999999999992,0.1
0.3952,0.06371,2.8499999999999996,0.3799999999999992,0.111,0.3799999999999992,0.1
0.39525000000000005,0.066452,3.000000000000001,0.3799999999999992,0.111,0.3799999999999992,0.09899999999999999
0.39530000000000004,0.069043,3.0999999999999996,0.3799999999999992,0.11,0.3799999999999992,0.09899999999999999
0.39535000000000003,0.0715095,3.25,0.3799999999999992,0.11,0.3799999999999992,0.098
0.39540000000000003,0.07367649999999999,3.3999999999999995,0.3799999999999992,0.10900000000000001,0.3799999999999992,0.098
0.39545,0.0755835,3.55,0.36999999999999944,0.108,0.36999999999999944,0.097
0.3955,0.077237,3.6499999999999986,0.36999999999999944,0.108,0.36999999999999944,0.097
0.39555,0.078819,3.799999999999999,0.36999999999999944,0.107,0.36999999999999944,0.096
0.3956,0.0801265,3.9499999999999993,0.36999999999999944,0.106,0.36999999999999944,0.096
0.39565,0.0811075,4.05,0.36999999999999944,0.10500000000000001,0.36999999999999944,0.095
0.3957,0.081913,4.2,0.36999999999999944,0.104,0.36999999999999944,0.095
0.39575000000000005,0.08243049999999999,4.35,0.36999999999999944,0.104,0.36999999999999944,0.095
0.39580000000000004,0.082748,4.450000000000001,0.36999999999999944,0.103,0.36999999999999944,0.094
0.39585000000000004,0.08276299999999999,4.55,0.36999999999999944,0.102,0.36999999999999944,0.094
0.39590000000000003,0.08254449999999999,4.7,0.36999999999999944,0.102,0.36999999999999944,0.094
0.39595,0.082073,4.799999999999999,0.36999999999999944,0.101,0.36999999999999944,0.093
0.396,0.0813845,4.899999999999999,0.36999999999999944,0.101,0.36999999999999944,0.093
0.39605,0.08044599999999999,5.0,0.36999999999999944,0.1,0.36999999999999944,0.093
0.3961,0.0793415,5.05,0.36999999999999944,0.1,0.36999999999999944,0.092
0.39615,0.07807449999999999,5.099999999999999,0.36999999999999944,0.09899999999999999,0.36999999999999944,0.092
0.3962,0.0766665,5.1,0.36999999999999944,0.09899999999999999,0.36999999999999944,0.092
0.39625000000000005,0.075205,5.1,0.36999999999999944,0.098,0.36999999999999944,0.092
0.39630000000000004,0.07371649999999999,5.050000000000001,0.36999999999999944,0.098,0.36999999999999944,0.091
0.39635000000000004,0.072264,4.999999999999999,0.36999999999999944,0.097,0.36999999999999944,0.091
0.39640000000000003,0.07085949999999999,4.95,0.36999999999999944,0.097,0.36999999999999944,0.091
0.39645,0.069586,4.849999999999999,0.36999999999999944,0.097,0.36999999999999944,0.091
0.3965,0.06837499999999999,4.75,0.36999999999999944,0.096,0.36999999999999944,0.091
0.39655,0.06726449999999999,4.7,0.36999999999999944,0.096,0.36999999999999944,0.09000000000000001
0.3966,0.0662,4.6000000000000005,0.36999999999999944,0.096,0.36999999999999944,0.09000000000000001
0.39665,0.06521199999999999,4.55,0.36999999999999944,0.095,0.36999999999999944,0.09000000000000001
0.3967,0.064284,4.500000000000001,0.35999999999999965,0.095,0.35999999999999965,0.09000000000000001
0.39675,0.0634325,4.449999999999999,0.35999999999999965,0.095,0.35999999999999965,0.09000000000000001
0.39680000000000004,0.0626115,4.3999999999999995,0.35999999999999965,0.094,0.35999999999999965,0.09000000000000001
0.39685000000000004,0.061841999999999994,4.35,0.35999999999999965,0.094,0.35999999999999965,0.089
0.39690000000000003,0.061115499999999996,4.349999999999999,0.35999999999999965,0.094,0.35999999999999965,0.089
0.39695,0.060425,4.3,0.35999999999999965,0.094,0.35999999999999965,0.089
0.397,0.059772,4.25,0.35999999999999965,0.093,0.35999999999999965,0.089
0.39705,0.0591495,4.2,0.35999999999999965,0.093,0.35999999999999965,0.089
0.3971,0.058532,4.199999999999999,0.35999999999999965,0.093,0.35999999999999965,0.089
0.39715,0.05798,4.15,0.35999999999999965,0.093,0.35999999999999965,0.088
0.3972,0.05742,4.1499999999999995,0.35999999999999965,0.092,0.35999999999999965,0.088
0.39725,0.056862499999999996,4.1,0.35999999999999965,0.092,0.35999999999999965,0.088
0.39730000000000004,0.05636,4.1,0.35999999999999965,0.092,0.35999999999999965,0.088
0.39735000000000004,0.055829,4.05,0.35999999999999965,0.092,0.35999999999999965,0.088
0.39740000000000003,0.055306999999999995,4.05,0.35999999999999965,0.092,0.35999999999999965,0.088
0.39745,0.054737499999999994,3.9999999999999996,0.35999999999999965,0.091,0.35999999999999965,0.087
0.3975,0.054124,4.0,0.35999999999999965,0.091,0.35999999999999965,0.087
0.39755,0.0534585,3.9499999999999997,0.3400000000000001,0.091,0.3400000000000001,0.087
0.3976,0.052676999999999995,3.9499999999999997,0.3400000000000001,0.091,0.3400000000000001,0.08600000000000001
0.39765,0.050678499999999994,3.8,0.31999999999999873,0.09000000000000001,0.0,0.0
0.3977,0.0476285,3.5999999999999996,0.30000000000000093,0.09000000000000001,0.0,0.0
0.39775,0.0441675,3.4,0.2799999999999996,0.089,0.0,0.0
0.39780000000000004,0.040647499999999996,3.25,0.2799999999999996,0.089,0.0,0.0
0.39785000000000004,0.037006,3.05,0.2699999999999998,0.088,0.0,0.0
0.39790000000000003,0.0333285,2.9,0.26,0.087,0.0,0.0
0.39795,0.0296885,2.7,0.2500000000000002,0.086,0.0,0.0
0.398,0.0260835,2.5,0.23999999999999866,0.08399999999999999,0.0,0.0
0.39805,0.022633499999999997,2.35,0.22999999999999887,0.081,0.0,0.0
0.3981,0.019197,2.2,0.21000000000000107,0.079,0.0,0.0
0.39815,0.016018499999999998,2.0,0.21000000000000107,0.075,0.0,0.0
0.3982,0.012985499999999999,1.8,0.18999999999999972,0.07200000000000001,0.0,0.0
0.39825,0.0101005,1.65,0.17999999999999994,0.067,0.0,0.0
0.39830000000000004,0.007528,1.4500000000000002,0.16000000000000036,0.062,0.0,0.0
0.39835000000000004,0.0051795,1.2500000000000002,0.1400000000000008,0.055,0.0,0.0
0.39840000000000003,0.0031535,1.0,0.11999999999999943,0.047,0.0,0.0
0.39845,0.0014659999999999999,0.75,0.09000000000000007,0.037,0.0,0.0
0.3985,0.00026849999999999997,0.45,0.050000000000000926,0.02,0.0,0.0
0.39855,0.00178,0.39999999999999997,0.3399999999999983,0.027,0.3399999999999983,0.027
0.3986,0.0045325,0.5,0.3700000000000012,0.05,0.3700000000000012,0.05
0.39865,0.0075515,0.6500000000000001,0.3900000000000008,0.064,0.3900000000000008,0.064
0.3987,0.010846999999999999,0.8,0.3900000000000008,0.075,0.3900000000000008,0.075
0.39875,0.014341,0.9,0.3900000000000008,0.083,0.3900000000000008,0.083
0.39880000000000004,0.018067,1.05,0.3900000000000008,0.089,0.3900000000000008,0.089
0.39885000000000004,0.021884999999999998,1.2,0.3900000000000008,0.094,0.3900000000000008,0.094
0.39890000000000003,0.025722,1.35,0.3900000000000008,0.098,0.3900000000000008,0.098
0.39895,0.0295835,1.5,0.3900000000000008,0.101,0.3900000000000008,0.101
0.399,0.0334215,1.6500000000000001,0.3900000000000008,0.104,0.3900000000000008,0.103
0.39905,0.0372245,1.75,0.3900000000000008,0.106,0.3900000000000008,0.104
0.3991,0.0410175,1.85,0.3900000000000008,0.107,0.3900000000000008,0.104
0.39915,0.044688,2.0,0.380000000000001,0.10900000000000001,0.380000000000001,0.104
0.3992,0.048307499999999996,2.15,0.380000000000001,0.10900000000000001,0.380000000000001,0.103
0.39925,0.0518125,2.3,0.380000000000001,0.11,0.380000000000001,0.103
0.39930000000000004,0.055146,2.4499999999999997,0.380000000000001,0.111,0.380000000000001,0.102
0.39935000000000004,0.058408999999999996,2.55,0.380000000000001,0.111,0.380000000000001,0.102
0.39940000000000003,0.0614795,2.6999999999999997,0.380000000000001,0.111,0.380000000000001,0.101
0.39945,0.0642645,2.8499999999999996,0.380000000000001,0.111,0.380000000000001,0.1
0.3995,0.06701,3.0,0.380000000000001,0.111,0.380000000000001,0.1
0.39955,0.069564,3.1,0.380000000000001,0.11,0.380000000000001,0.09899999999999999
0.3996,0.07198,3.25,0.380000000000001,0.11,0.380000000000001,0.09899999999999999
0.39965,0.07410699999999999,3.4,0.380000000000001,0.10900000000000001,0.380000000000001,0.098
0.3997,0.075922,3.55,0.3700000000000012,0.108,0.3700000000000012,0.098
0.39975,0.07758799999999999,3.6499999999999995,0.3700000000000012,0.107,0.3700000000000012,0.097
0.39980000000000004,0.0791235,3.8,0.3700000000000012,0.107,0.3700000000000012,0.097
0.39985000000000004,0.0803475,3.95,0.3700000000000012,0.106,0.3700000000000012,0.096
0.39990000000000003,0.08133499999999999,4.05,0.3700000000000012,0.10500000000000001,0.3700000000000012,0.096
0.39995,0.08204499999999999,4.2,0.3700000000000012,0.104,0.3700000000000012,0.096
0.4,0.082533,4.3,0.3700000000000012,0.103,0.3700000000000012,0.095
0.40005,0.0827855,4.45,0.3700000000000012,0.103,0.3700000000000012,0.095
0.4001,0.082741,4.550000000000001,0.3700000000000012,0.102,0.3700000000000012,0.095
0.40015,0.0824545,4.7,0.3700000000000012,0.102,0.3700000000000012,0.094
0.4002,0.081952,4.8,0.3700000000000012,0.101,0.3700000000000012,0.094
0.40025,0.0811875,4.8999999999999995,0.3700000000000012,0.1,0.3700000000000012,0.094
0.40030000000000004,0.0802565,4.95,0.3700000000000012,0.1,0.3700000000000012,0.093
0.40035000000000004,0.07909,4.999999999999999,0.3700000000000012,0.09899999999999999,0.3700000000000012,0.093
0.40040000000000003,0.0777905,5.05,0.3700000000000012,0.09899999999999999,0.3700000000000012,0.093
0.40045000000000003,0.0763835,5.1,0.3700000000000012,0.098,0.3700000000000012,0.092
0.4005,0.074908,5.05,0.3700000000000012,0.098,0.3700000000000012,0.092
0.40055,0.07342649999999999,5.0,0.3700000000000012,0.098,0.3700000000000012,0.092
0.4006,0.07198249999999999,4.949999999999999,0.3700000000000012,0.097,0.3700000000000012,0.092
0.40065,0.07060949999999999,4.8999999999999995,0.3700000000000012,0.097,0.3700000000000012,0.092
0.4007,0.0693435,4.8,0.3700000000000012,0.096,0.3700000000000012,0.091
0.40075,0.06816699999999999,4.749999999999999,0.3700000000000012,0.096,0.3700000000000012,0.091
0.40080000000000005,0.06704,4.699999999999999,0.3700000000000012,0.096,0.3700000000000012,0.091
0.40085000000000004,0.066008,4.6000000000000005,0.3700000000000012,0.095,0.3700000000000012,0.091
0.40090000000000003,0.065034,4.55,0.3700000000000012,0.095,0.3700000000000012,0.091
0.40095000000000003,0.0641215,4.500000000000001,0.3700000000000012,0.095,0.3700000000000012,0.09000000000000001
0.401,0.0632735,4.45,0.35999999999999965,0.095,0.35999999999999965,0.09000000000000001
0.40105,0.062473999999999995,4.3999999999999995,0.35999999999999965,0.094,0.35999999999999965,0.09000000000000001
0.4011,0.0616885,4.3999999999999995,0.35999999999999965,0.094,0.35999999999999965,0.09000000000000001
0.40115,0.06098,4.35,0.35999999999999965,0.094,0.35999999999999965,0.09000000000000001
0.4012,0.0603005,4.299999999999998,0.35999999999999965,0.093,0.35999999999999965,0.09000000000000001
0.40125,0.0596625,4.25,0.35999999999999965,0.093,0.35999999999999965,0.089
0.40130000000000005,0.059032499999999995,4.249999999999999,0.35999999999999965,0.093,0.35999999999999965,0.089
0.40135000000000004,0.058432,4.199999999999999,0.35999999999999965,0.093,0.35999999999999965,0.089
0.40140000000000003,0.057865,4.15,0.35999999999999965,0.093,0.35999999999999965,0.089
0.40145000000000003,0.057313499999999996,4.15,0.35999999999999965,0.092,0.35999999999999965,0.089
0.4015,0.0567875,4.1000000000000005,0.35999999999999965,0.092,0.35999999999999965,0.089
0.40155,0.0562465,4.099999999999999,0.35999999999999965,0.092,0.35999999999999965,0.088
0.4016,0.0557255,4.050000000000002,0.35999999999999965,0.092,0.35999999999999965,0.088
0.40165,0.055181,4.05,0.35999999999999965,0.092,0.35999999999999965,0.088
0.4017,0.0546175,4.050000000000001,0.35999999999999965,0.091,0.35999999999999965,0.088
0.40175,0.054002999999999995,3.9999999999999982,0.35999999999999965,0.091,0.35999999999999965,0.088
0.40180000000000005,0.0532835,4.000000000000001,0.3400000000000001,0.091,0.3400000000000001,0.087
0.40185000000000004,0.0525015,3.9499999999999993,0.3400000000000001,0.091,0.3400000000000001,0.087
0.40190000000000003,0.050073,3.750000000000001,0.29999999999999916,0.09000000000000001,0.0,0.0
0.40195000000000003,0.046909,3.6000000000000005,0.29999999999999916,0.09000000000000001,0.0,0.0
0.402,0.043457499999999996,3.3499999999999996,0.28000000000000136,0.089,0.0,0.0
0.40205,0.0398945,3.1999999999999993,0.28000000000000136,0.089,0.0,0.0
0.4021,0.0362335,3.05,0.27000000000000157,0.088,0.0,0.0
0.40215,0.032556499999999995,2.8499999999999996,0.2600000000000018,0.087,0.0,0.0
0.4022,0.028933,2.6500000000000012,0.2500000000000002,0.085,0.0,0.0
0.40225,0.025367499999999998,2.500000000000001,0.23000000000000065,0.083,0.0,0.0
0.40230000000000005,0.0219045,2.3000000000000007,0.23000000000000065,0.081,0.0,0.0
0.40235000000000004,0.018519499999999998,2.1500000000000012,0.21000000000000107,0.078,0.0,0.0
0.40240000000000004,0.015365499999999999,1.9500000000000004,0.21000000000000107,0.075,0.0,0.0
0.40245000000000003,0.0123865,1.8000000000000018,0.1900000000000015,0.07100000000000001,0.0,0.0
0.4025,0.009554,1.55,0.16999999999999837,0.066,0.0,0.0
0.40255,0.0070205,1.3999999999999997,0.1599999999999986,0.060000000000000005,0.0,0.0
0.4026,0.0047244999999999995,1.1499999999999997,0.13999999999999901,0.054,0.0,0.0
0.40265,0.00277,0.9999999999999993,0.1200000000000012,0.045000000000000005,0.0,0.0
0.4027,0.001179,0.7499999999999993,0.08999999999999829,0.034,0.0,0.0
0.40275,0.0001185,0.3499999999999989,0.04000000000000114,0.015000000000000001,0.0,0.0
0.40280000000000005,0.0023425,0.44999999999999857,0.34999999999999987,0.033,0.34999999999999987,0.033
0.40285000000000004,0.005141499999999999,0.5500000000000018,0.3900000000000008,0.053,0.3900000000000008,0.053
0.40290000000000004,0.008222499999999999,0.7000000000000004,0.3900000000000008,0.067,0.3900000000000008,0.067
0.40295000000000003,0.0115435,0.8500000000000008,0.3900000000000008,0.077,0.3900000000000008,0.077
0.403,0.0151005,0.8999999999999997,0.3900000000000008,0.085,0.3900000000000008,0.085
0.40305,0.0188545,1.05,0.3900000000000008,0.09000000000000001,0.3900000000000008,0.09000000000000001
0.4031,0.0226775,1.2000000000000004,0.3900000000000008,0.095,0.3900000000000008,0.095
0.40315,0.026542,1.3500000000000008,0.3900000000000008,0.09899999999999999,0.3900000000000008,0.09899999999999999
0.4032,0.0303985,1.4999999999999993,0.3900000000000008,0.102,0.3900000000000008,0.102
0.40325,0.034235,1.6499999999999997,0.3900000000000008,0.104,0.3900000000000008,0.103
0.4033,0.038054,1.750000000000001,0.3900000000000008,0.106,0.3900000000000008,0.103
0.40335000000000004,0.0418215,1.9000000000000015,0.3900000000000008,0.108,0.3900000000000008,0.103
0.40340000000000004,0.0454655,2.0500000000000007,0.380000000000001,0.10900000000000001,0.380000000000001,0.103
0.40345000000000003,0.049065,2.200000000000001,0.380000000000001,0.11,0.380000000000001,0.103
0.4035,0.052534,2.3500000000000014,0.380000000000001,0.11,0.380000000000001,0.102
0.40355,0.055855999999999996,2.45,0.380000000000001,0.111,0.380000000000001,0.102
0.4036,0.059066,2.6000000000000005,0.380000000000001,0.111,0.380000000000001,0.101
0.40365,0.062097,2.75,0.380000000000001,0.111,0.380000000000001,0.1
0.4037,0.06483799999999999,2.9000000000000004,0.380000000000001,0.111,0.380000000000001,0.1
0.40375,0.0675505,3.0500000000000007,0.380000000000001,0.111,0.380000000000001,0.09899999999999999
0.4038,0.0700995,3.1499999999999995,0.380000000000001,0.11,0.380000000000001,0.09899999999999999
0.40385000000000004,0.072448,3.3,0.380000000000001,0.10900000000000001,0.380000000000001,0.098
0.40390000000000004,0.07450949999999999,3.4499999999999993,0.36999999999999944,0.10900000000000001,0.36999999999999944,0.098
0.40395000000000003,0.076289,3.5999999999999996,0.36999999999999944,0.108,0.36999999999999944,0.097
0.404,0.07794,3.6999999999999984,0.36999999999999944,0.107,0.36999999999999944,0.097
0.40405,0.0793815,3.8499999999999988,0.36999999999999944,0.106,0.36999999999999944,0.096
0.4041,0.0805635,3.9999999999999982,0.36999999999999944,0.106,0.36999999999999944,0.096
0.40415,0.0815125,4.1,0.36999999999999944,0.10500000000000001,0.36999999999999944,0.096
0.4042,0.0821985,4.25,0.36999999999999944,0.104,0.36999999999999944,0.095
0.40425,0.082602,4.3500000000000005,0.36999999999999944,0.103,0.36999999999999944,0.095
0.4043,0.08278049999999999,4.500000000000001,0.36999999999999944,0.103,0.36999999999999944,0.094
0.40435000000000004,0.08270899999999999,4.6,0.36999999999999944,0.102,0.36999999999999944,0.094
0.40440000000000004,0.082379,4.699999999999999,0.36999999999999944,0.101,0.36999999999999944,0.094
0.40445000000000003,0.08182249999999999,4.85,0.36999999999999944,0.101,0.36999999999999944,0.093
0.4045,0.08100399999999999,4.9,0.36999999999999944,0.1,0.36999999999999944,0.093
0.40455,0.080024,4.999999999999999,0.36999999999999944,0.1,0.36999999999999944,0.093
0.4046,0.0788275,5.050000000000002,0.36999999999999944,0.09899999999999999,0.36999999999999944,0.093
0.40465,0.0775125,5.1,0.36999999999999944,0.09899999999999999,0.36999999999999944,0.092
0.4047,0.07607599999999999,5.1,0.36999999999999944,0.098,0.36999999999999944,0.092
0.40475,0.0745985,5.099999999999999,0.36999999999999944,0.098,0.36999999999999944,0.092
0.4048,0.0731235,5.05,0.36999999999999944,0.098,0.36999999999999944,0.092
0.40485000000000004,0.071695,4.95,0.36999999999999944,0.097,0.36999999999999944,0.091
0.40490000000000004,0.070353,4.900000000000001,0.36999999999999944,0.097,0.36999999999999944,0.091
0.40495000000000003,0.069099,4.800000000000001,0.36999999999999944,0.096,0.36999999999999944,0.091
0.405,0.067923,4.749999999999999,0.36999999999999944,0.096,0.36999999999999944,0.091
0.40505,0.066813,4.699999999999999,0.36999999999999944,0.096,0.36999999999999944,0.091
0.4051,0.065792,4.6000000000000005,0.36999999999999944,0.095,0.36999999999999944,0.09000000000000001
0.40515,0.0648255,4.55,0.35999999999999965,0.095,0.35999999999999965,0.09000000000000001
0.4052,0.0639235,4.499999999999999,0.35999999999999965,0.095,0.35999999999999965,0.09000000000000001
0.40525,0.0630795,4.45,0.35999999999999965,0.094,0.35999999999999965,0.09000000000000001
0.4053,0.062278999999999994,4.449999999999999,0.35999999999999965,0.094,0.35999999999999965,0.09000000000000001
0.40535000000000004,0.0615415,4.3999999999999995,0.35999999999999965,0.094,0.35999999999999965,0.089
0.40540000000000004,0.060836499999999995,4.35,0.35999999999999965,0.094,0.35999999999999965,0.089
0.40545000000000003,0.060162999999999994,4.3,0.35999999999999965,0.093,0.35999999999999965,0.089
0.4055,0.0595275,4.3,0.35999999999999965,0.093,0.35999999999999965,0.089
0.40555,0.0588975,4.25,0.35999999999999965,0.093,0.35999999999999965,0.089
0.4056,0.058311999999999996,4.2,0.35999999999999965,0.093,0.35999999999999965,0.089
0.40565,0.0577455,4.199999999999999,0.35999999999999965,0.093,0.35999999999999965,0.089
0.4057,0.0571975,4.15,0.35999999999999965,0.092,0.35999999999999965,0.088
0.40575,0.056677,4.1499999999999995,0.35999999999999965,0.092,0.35999999999999965,0.088
0.4058,0.0561365,4.1,0.35999999999999965,0.092,0.35999999999999965,0.088
0.40585000000000004,0.055612999999999996,4.1,0.35999999999999965,0.092,0.35999999999999965,0.088
0.40590000000000004,0.055066,4.05,0.35999999999999965,0.091,0.35999999999999965,0.088
0.40595000000000003,0.054492,4.05,0.35999999999999965,0.091,0.35999999999999965,0.088
0.406,0.0538485,3.95,0.35999999999999965,0.091,0.35999999999999965,0.087
0.40605,0.053119,3.95,0.3400000000000001,0.091,0.3400000000000001,0.087
0.4061,0.0521605,3.9499999999999997,0.3300000000000003,0.09000000000000001,0.0,0.0
0.40615,0.049476,3.6999999999999997,0.2999999999999974,0.09000000000000001,0.0,0.0
0.4062,0.046182999999999995,3.5499999999999994,0.2999999999999974,0.09000000000000001,0.0,0.0
0.40625,0.042737,3.3499999999999996,0.2799999999999996,0.089,0.0,0.0
0.4063,0.039137,3.15,0.2699999999999998,0.088,0.0,0.0
0.40635000000000004,0.035463,2.9999999999999996,0.26,0.088,0.0,0.0
0.40640000000000004,0.031793,2.8499999999999996,0.250000000000002,0.086,0.0,0.0
0.40645000000000003,0.028159999999999998,2.6,0.250000000000002,0.085,0.0,0.0
0.40650000000000003,0.0246415,2.4499999999999997,0.23000000000000065,0.083,0.0,0.0
0.40655,0.021186999999999998,2.3,0.23000000000000065,0.08,0.0,0.0
0.4066,0.01786,2.05,0.2099999999999993,0.077,0.0,0.0
0.40665,0.014709999999999999,1.9,0.1999999999999995,0.074,0.0,0.0
0.4067,0.0117755,1.75,0.18999999999999972,0.06999999999999998,0.0,0.0
0.40675,0.0090145,1.5000000000000002,0.17000000000000015,0.06499999999999999,0.0,0.0
0.4068,0.006523999999999999,1.35,0.15000000000000058,0.059,0.0,0.0
0.40685000000000004,0.004293,1.1500000000000001,0.12999999999999923,0.052,0.0,0.0
0.40690000000000004,0.0024005,0.9500000000000002,0.10999999999999786,0.043,0.0,0.0
0.40695000000000003,0.000904,0.7000000000000001,0.08000000000000206,0.031,0.0,0.0
0.40700000000000003,8.5e-06,0.15000000000000002,0.01999999999999979,0.005,0.0,0.0
0.40705,0.0028929999999999997,0.44999999999999996,0.35999999999999965,0.038,0.35999999999999965,0.038
0.4071,0.005749499999999999,0.6000000000000001,0.389999999999999,0.056,0.389999999999999,0.056
0.40715,0.008896,0.7000000000000001,0.389999999999999,0.06899999999999999,0.389999999999999,0.06899999999999999
0.4072,0.012275999999999999,0.8500000000000001,0.389999999999999,0.079,0.389999999999999,0.079
0.40725,0.015886,0.9500000000000001,0.389999999999999,0.086,0.389999999999999,0.08600000000000001
0.4073,0.019653999999999998,1.1,0.389999999999999,0.091,0.389999999999999,0.091
0.40735000000000005,0.023478,1.25,0.389999999999999,0.096,0.389999999999999,0.096
0.40740000000000004,0.027353,1.4000000000000001,0.389999999999999,0.09899999999999999,0.389999999999999,0.09899999999999999
0.40745000000000003,0.0312005,1.55,0.389999999999999,0.102,0.389999999999999,0.102
0.40750000000000003,0.035020499999999996,1.7,0.389999999999999,0.104,0.389999999999999,0.104
0.40755,0.0388475,1.8,0.389999999999999,0.106,0.389999999999999,0.104
0.4076,0.0425945,1.95,0.389999999999999,0.108,0.389999999999999,0.104
0.40765,0.046222,2.1,0.3799999999999992,0.10900000000000001,0.3799999999999992,0.104
0.4077,0.049783499999999994,2.25,0.3799999999999992,0.11,0.3799999999999992,0.103
0.40775,0.053219499999999996,2.4,0.3799999999999992,0.11,0.3799999999999992,0.103
0.4078,0.056540999999999994,2.5,0.3799999999999992,0.111,0.3799999999999992,0.102
0.40785000000000005,0.059733999999999995,2.65,0.3799999999999992,0.111,0.3799999999999992,0.102
0.40790000000000004,0.062667,2.8,0.3799999999999992,0.111,0.3799999999999992,0.101
0.40795000000000003,0.065424,2.9499999999999997,0.3799999999999992,0.111,0.3799999999999992,0.1
0.40800000000000003,0.068081,3.0999999999999996,0.3799999999999992,0.11,0.3799999999999992,0.1
0.40805,0.0706035,3.1999999999999997,0.3799999999999992,0.11,0.3799999999999992,0.09899999999999999
0.4081,0.07289799999999999,3.3499999999999996,0.3799999999999992,0.10900000000000001,0.3799999999999992,0.09899999999999999
0.40815,0.07489799999999999,3.5,0.36999999999999944,0.10900000000000001,0.36999999999999944,0.098
0.4082,0.076593,3.5999999999999996,0.36999999999999944,0.108,0.36999999999999944,0.098
0.40825,0.07826749999999999,3.6999999999999997,0.36999999999999944,0.107,0.36999999999999944,0.097
0.4083,0.079652,3.8499999999999996,0.36999999999999944,0.106,0.36999999999999944,0.097
0.40835000000000005,0.080749,4.0,0.36999999999999944,0.10500000000000001,0.36999999999999944,0.096
0.40840000000000004,0.081647,4.1,0.36999999999999944,0.10500000000000001,0.36999999999999944,0.096
0.40845000000000004,0.082286,4.25,0.36999999999999944,0.104,0.36999999999999944,0.096
0.40850000000000003,0.08265249999999999,4.35,0.36999999999999944,0.103,0.36999999999999944,0.095
0.40855,0.08276499999999999,4.5,0.36999999999999944,0.102,0.36999999999999944,0.095
0.4086,0.0826445,4.6,0.36999999999999944,0.102,0.36999999999999944,0.095
0.40865,0.0822985,4.699999999999999,0.36999999999999944,0.101,0.36999999999999944,0.094
0.4087,0.0816505,4.8,0.36999999999999944,0.101,0.36999999999999944,0.094
0.40875,0.0808295,4.8999999999999995,0.36999999999999944,0.1,0.36999999999999944,0.094
0.4088,0.079775,5.0,0.36999999999999944,0.1,0.36999999999999944,0.093
0.40885000000000005,0.0785715,5.049999999999999,0.36999999999999944,0.09899999999999999,0.36999999999999944,0.093
0.40890000000000004,0.077208,5.05,0.36999999999999944,0.09899999999999999,0.36999999999999944,0.093
0.40895000000000004,0.0757675,5.05,0.36999999999999944,0.098,0.36999999999999944,0.093
0.40900000000000003,0.074289,5.05,0.36999999999999944,0.098,0.36999999999999944,0.092
0.40905,0.072813,5.0,0.36999999999999944,0.097,0.36999999999999944,0.092
0.4091,0.07141,4.9,0.36999999999999944,0.097,0.36999999999999944,0.092
0.40915,0.07006,4.8500000000000005,0.36999999999999944,0.097,0.36999999999999944,0.092
0.4092,0.068836,4.8,0.36999999999999944,0.096,0.36999999999999944,0.091
0.40925,0.0676715,4.7,0.36999999999999944,0.096,0.36999999999999944,0.091
0.4093,0.0665875,4.6499999999999995,0.36999999999999944,0.096,0.36999999999999944,0.091
0.40935000000000005,0.065575,4.6000000000000005,0.36999999999999944,0.095,0.36999999999999944,0.091
0.40940000000000004,0.064638,4.55,0.36999999999999944,0.095,0.36999999999999944,0.091
0.40945000000000004,0.063757,4.5,0.36999999999999944,0.095,0.36999999999999944,0.09000000000000001
0.40950000000000003,0.062913,4.449999999999999,0.35999999999999965,0.094,0.35999999999999965,0.09000000000000001
0.40955,0.0621365,4.3999999999999995,0.35999999999999965,0.094,0.35999999999999965,0.09000000000000001
0.4096,0.061413499999999996,4.3500000000000005,0.35999999999999965,0.094,0.35999999999999965,0.09000000000000001
0.40965,0.060705499999999996,4.300000000000001,0.35999999999999965,0.094,0.35999999999999965,0.09000000000000001
0.4097,0.060022,4.250000000000001,0.35999999999999965,0.093,0.35999999999999965,0.09000000000000001
0.40975,0.059384,4.249999999999999,0.35999999999999965,0.093,0.35999999999999965,0.089
0.4098,0.0587655,4.2,0.35999999999999965,0.093,0.35999999999999965,0.089
0.40985,0.0581845,4.2,0.35999999999999965,0.093,0.35999999999999965,0.089
0.40990000000000004,0.057637999999999995,4.15,0.35999999999999965,0.092,0.35999999999999965,0.089
0.40995000000000004,0.057086,4.1,0.35999999999999965,0.092,0.35999999999999965,0.089
0.41000000000000003,0.0565585,4.1,0.35999999999999965,0.092,0.35999999999999965,0.089
0.41005,0.0560335,4.05,0.35999999999999965,0.092,0.35999999999999965,0.089
0.4101,0.055507999999999995,4.05,0.35999999999999965,0.092,0.35999999999999965,0.088
0.41015,0.054945499999999994,4.049999999999999,0.35999999999999965,0.091,0.35999999999999965,0.088
0.4102,0.054365,4.000000000000001,0.35999999999999965,0.091,0.35999999999999965,0.088
0.41025,0.053710999999999995,4.0,0.35999999999999965,0.091,0.35999999999999965,0.088
0.4103,0.052975499999999995,3.9499999999999993,0.3400000000000001,0.091,0.3400000000000001,0.087
0.41035,0.0516595,3.8500000000000005,0.31999999999999873,0.09000000000000001,0.0,0.0
0.41040000000000004,0.048820499999999996,3.7,0.30000000000000093,0.09000000000000001,0.0,0.0
0.41045000000000004,0.0454375,3.500000000000001,0.28000000000000136,0.09000000000000001,0.0,0.0
0.41050000000000003,0.0419945,3.3,0.28000000000000136,0.089,0.0,0.0
0.41055,0.038385499999999996,3.1500000000000004,0.2699999999999998,0.088,0.0,0.0
0.4106,0.0346925,2.9499999999999993,0.26,0.087,0.0,0.0
0.41065,0.031032999999999998,2.8,0.2500000000000002,0.086,0.0,0.0
0.4107,0.0274195,2.6000000000000005,0.2500000000000002,0.08399999999999999,0.0,0.0
0.41075,0.023934499999999997,2.4000000000000012,0.23000000000000065,0.082,0.0,0.0
0.4108,0.020451,2.250000000000001,0.23000000000000065,0.08,0.0,0.0
0.41085,0.017214,2.05,0.21000000000000107,0.077,0.0,0.0
0.41090000000000004,0.014076,1.8500000000000008,0.18999999999999972,0.073,0.0,0.0
0.41095000000000004,0.011163,1.7000000000000004,0.18999999999999972,0.06899999999999999,0.0,0.0
0.41100000000000003,0.008485999999999999,1.4999999999999993,0.17000000000000015,0.064,0.0,0.0
0.41105,0.0060385,1.3,0.1499999999999988,0.058,0.0,0.0
0.4111,0.0038785,1.099999999999999,0.12999999999999923,0.05,0.0,0.0
0.41115,0.002054,0.8500000000000008,0.09999999999999985,0.041,0.0,0.0
0.4112,0.000656,0.6000000000000008,0.06999999999999872,0.028,0.0,0.0
0.41125,0.00069,0.3500000000000007,0.28000000000000136,0.014,0.28000000000000136,0.014
0.4113,0.003472,0.45000000000000034,0.3700000000000012,0.043,0.3700000000000012,0.043000000000000003
0.41135,0.0063945,0.6000000000000008,0.3900000000000008,0.059,0.3900000000000008,0.059
0.41140000000000004,0.0095975,0.7499999999999993,0.3900000000000008,0.07200000000000001,0.3900000000000008,0.07200000000000001
0.41145000000000004,0.0129955,0.9000000000000015,0.3900000000000008,0.08,0.3900000000000008,0.08
0.41150000000000003,0.0166485,0.9999999999999993,0.3900000000000008,0.087,0.3900000000000008,0.087
0.41155,0.0204405,1.1499999999999997,0.3900000000000008,0.092,0.3900000000000008,0.092
0.4116,0.024267,1.3,0.3900000000000008,0.097,0.3900000000000008,0.097
0.41165,0.028133,1.3999999999999997,0.3900000000000008,0.1,0.3900000000000008,0.1
0.4117,0.0319825,1.55,0.3900000000000008,0.103,0.3900000000000008,0.102
0.41175,0.0357885,1.6500000000000015,0.3900000000000008,0.10500000000000001,0.3900000000000008,0.103
0.4118,0.0396155,1.8,0.3900000000000008,0.107,0.3900000000000008,0.104
0.41185,0.0433515,1.9500000000000004,0.380000000000001,0.108,0.380000000000001,0.104
0.41190000000000004,0.046960999999999996,2.1000000000000005,0.380000000000001,0.10900000000000001,0.380000000000001,0.103
0.41195000000000004,0.0505245,2.250000000000001,0.380000000000001,0.11,0.380000000000001,0.103
0.41200000000000003,0.053911999999999995,2.4000000000000012,0.380000000000001,0.111,0.380000000000001,0.102
0.41205,0.0572105,2.5,0.380000000000001,0.111,0.380000000000001,0.102
0.4121,0.060365999999999996,2.6500000000000004,0.380000000000001,0.111,0.380000000000001,0.101
0.41215,0.06324049999999999,2.8,0.380000000000001,0.111,0.380000000000001,0.1
0.4122,0.06600349999999999,2.95,0.380000000000001,0.111,0.380000000000001,0.1
0.41225,0.0686075,3.0999999999999996,0.380000000000001,0.11,0.380000000000001,0.09899999999999999
0.4123,0.071114,3.1999999999999993,0.380000000000001,0.11,0.380000000000001,0.09899999999999999
0.41235,0.07334349999999999,3.3499999999999988,0.380000000000001,0.10900000000000001,0.380000000000001,0.098
0.41240000000000004,0.0752955,3.499999999999999,0.3700000000000012,0.108,0.3700000000000012,0.098
0.41245000000000004,0.0769665,3.5999999999999988,0.3700000000000012,0.108,0.3700000000000012,0.097
0.41250000000000003,0.0785995,3.7499999999999982,0.3700000000000012,0.107,0.3700000000000012,0.097
0.41255000000000003,0.079926,3.8999999999999986,0.3700000000000012,0.106,0.3700000000000012,0.096
0.4126,0.08096149999999999,4.0,0.3700000000000012,0.10500000000000001,0.3700000000000012,0.096
0.41265,0.08182149999999999,4.15,0.3700000000000012,0.104,0.3700000000000012,0.096
0.4127,0.0823805,4.3,0.3700000000000012,0.104,0.3700000000000012,0.095
0.41275,0.0827255,4.400000000000001,0.3700000000000012,0.103,0.3700000000000012,0.095
0.4128,0.08277749999999999,4.550000000000001,0.3700000000000012,0.102,0.3700000000000012,0.095
0.41285,0.0826085,4.65,0.3700000000000012,0.102,0.3700000000000012,0.094
0.41290000000000004,0.082194,4.75,0.3700000000000012,0.101,0.3700000000000012,0.094
0.41295000000000004,0.08152999999999999,4.849999999999999,0.3700000000000012,0.101,0.3700000000000012,0.094
0.41300000000000003,0.0806315,4.95,0.3700000000000012,0.1,0.3700000000000012,0.093
0.41305000000000003,0.0795385,5.0,0.3700000000000012,0.1,0.3700000000000012,0.093
0.4131,0.078303,5.049999999999999,0.3700000000000012,0.09899999999999999,0.3700000000000012,0.093
0.41315,0.076914,5.099999999999999,0.3700000000000012,0.09899999999999999,0.3700000000000012,0.092
0.4132,0.075471,5.1000000000000005,0.3700000000000012,0.098,0.3700000000000012,0.092
0.41325,0.07400899999999999,5.05,0.3700000000000012,0.098,0.3700000000000012,0.092
0.4133,0.0725175,5.0,0.3700000000000012,0.097,0.3700000000000012,0.092
0.41335,0.0711395,4.8999999999999995,0.3700000000000012,0.097,0.3700000000000012,0.092
0.41340000000000005,0.069812,4.8500000000000005,0.3700000000000012,0.097,0.3700000000000012,0.091
0.41345000000000004,0.068595,4.8,0.3700000000000012,0.096,0.3700000000000012,0.091
0.41350000000000003,0.067443,4.7,0.3700000000000012,0.096,0.3700000000000012,0.091
0.41355000000000003,0.0663715,4.650000000000001,0.3700000000000012,0.096,0.3700000000000012,0.091
0.4136,0.065387,4.6,0.3700000000000012,0.095,0.3700000000000012,0.091
0.41365,0.0644535,4.55,0.3700000000000012,0.095,0.3700000000000012,0.09000000000000001
0.4137,0.0635925,4.499999999999999,0.3700000000000012,0.095,0.3700000000000012,0.09000000000000001
0.41375,0.062771,4.45,0.35999999999999965,0.094,0.35999999999999965,0.09000000000000001
0.4138,0.061984,4.4,0.35999999999999965,0.094,0.35999999999999965,0.09000000000000001
0.41385,0.0612585,4.349999999999999,0.35999999999999965,0.094,0.35999999999999965,0.09000000000000001
0.41390000000000005,0.060541,4.3,0.35999999999999965,0.094,0.35999999999999965,0.089
0.41395000000000004,0.059892499999999994,4.3,0.35999999999999965,0.093,0.35999999999999965,0.089
0.41400000000000003,0.059262499999999996,4.249999999999999,0.35999999999999965,0.093,0.35999999999999965,0.089
0.41405000000000003,0.058658999999999996,4.199999999999999,0.35999999999999965,0.093,0.35999999999999965,0.089
0.4141,0.058079,4.2,0.35999999999999965,0.093,0.35999999999999965,0.089
0.41415,0.0575225,4.1499999999999995,0.35999999999999965,0.092,0.35999999999999965,0.089
0.4142,0.0569915,4.15,0.35999999999999965,0.092,0.35999999999999965,0.089
0.41425,0.056447,4.1,0.35999999999999965,0.092,0.35999999999999965,0.088
0.4143,0.055932499999999996,4.1,0.35999999999999965,0.092,0.35999999999999965,0.088
0.41435,0.055397499999999995,4.05,0.35999999999999965,0.092,0.35999999999999965,0.088
0.41440000000000005,0.0548405,4.05,0.35999999999999965,0.091,0.35999999999999965,0.088
0.41445000000000004,0.054241,4.0,0.35999999999999965,0.091,0.35999999999999965,0.088
0.41450000000000004,0.0535695,3.9999999999999996,0.34999999999999987,0.091,0.34999999999999987,0.087
0.41455000000000003,0.052795999999999996,3.9999999999999996,0.3400000000000001,0.091,0.3400000000000001,0.087
0.4146,0.0511355,3.8,0.3200000000000005,0.09000000000000001,0.0,0.0
0.41465,0.0481625,3.65,0.30000000000000093,0.09000000000000001,0.0,0.0
0.4147,0.044719999999999996,3.4999999999999996,0.2799999999999996,0.09000000000000001,0.0,0.0
0.41475,0.041257999999999996,3.25,0.2799999999999996,0.089,0.0,0.0
0.4148,0.037623,3.1,0.2699999999999998,0.088,0.0,0.0
0.41485,0.033930499999999995,2.9499999999999997,0.26,0.087,0.0,0.0
0.41490000000000005,0.0302685,2.7,0.24999999999999845,0.086,0.0,0.0
0.41495000000000004,0.026681,2.5500000000000003,0.23999999999999866,0.08399999999999999,0.0,0.0
0.41500000000000004,0.023221,2.4,0.22999999999999887,0.082,0.0,0.0
0.41505000000000003,0.0197395,2.2,0.21000000000000107,0.079,0.0,0.0
0.4151,0.0165515,2.0,0.21000000000000107,0.076,0.0,0.0
0.41515,0.0134825,1.8499999999999999,0.1900000000000015,0.07200000000000001,0.0,0.0
0.4152,0.010561,1.65,0.17999999999999994,0.068,0.0,0.0
0.41525,0.007954,1.4500000000000002,0.16999999999999837,0.063,0.0,0.0
0.4153,0.005562,1.3,0.15000000000000058,0.056,0.0,0.0
0.41535,0.0034674999999999997,1.05,0.130000000000001,0.048,0.0,0.0
0.41540000000000005,0.001736,0.8,0.10000000000000163,0.039,0.0,0.0
0.41545000000000004,0.0004395,0.55,0.059999999999998936,0.024,0.0,0.0
0.41550000000000004,0.0013204999999999998,0.39999999999999997,0.3200000000000005,0.022,0.3200000000000005,0.022
0.41555000000000003,0.004063,0.5,0.3700000000000012,0.047,0.3700000000000012,0.047
0.4156,0.007032,0.6500000000000001,0.389999999999999,0.062,0.389999999999999,0.062
0.41565,0.0102715,0.8,0.389999999999999,0.074,0.389999999999999,0.074
0.4157,0.0137305,0.9000000000000001,0.389999999999999,0.082,0.389999999999999,0.082
0.41575,0.017433999999999998,1.0,0.389999999999999,0.088,0.389999999999999,0.088
0.4158,0.0212455,1.1500000000000001,0.389999999999999,0.093,0.389999999999999,0.093
0.41585,0.025093999999999998,1.3,0.389999999999999,0.097,0.389999999999999,0.097
0.41590000000000005,0.028957999999999998,1.45,0.389999999999999,0.101,0.389999999999999,0.101
0.41595000000000004,0.032799999999999996,1.6,0.389999999999999,0.103,0.389999999999999,0.103
0.41600000000000004,0.036615499999999995,1.7,0.389999999999999,0.10500000000000001,0.389999999999999,0.103
0.41605000000000003,0.0404125,1.85,0.389999999999999,0.107,0.389999999999999,0.103
0.4161,0.044095499999999996,2.0,0.3799999999999992,0.108,0.3799999999999992,0.103
0.41615,0.0477255,2.15,0.3799999999999992,0.10900000000000001,0.3799999999999992,0.103
0.4162,0.051256499999999997,2.3,0.3799999999999992,0.11,0.3799999999999992,0.102
0.41625,0.054612,2.4499999999999997,0.3799999999999992,0.111,0.3799999999999992,0.102
0.4163,0.0578845,2.55,0.3799999999999992,0.111,0.3799999999999992,0.101
0.41635,0.061010999999999996,2.6999999999999997,0.3799999999999992,0.111,0.3799999999999992,0.1
0.4164,0.06382,2.8499999999999996,0.3799999999999992,0.111,0.3799999999999992,0.1
0.41645000000000004,0.066564,3.0,0.3799999999999992,0.111,0.3799999999999992,0.09899999999999999
0.41650000000000004,0.069158,3.1,0.3799999999999992,0.11,0.3799999999999992,0.09899999999999999
0.41655000000000003,0.0715995,3.25,0.3799999999999992,0.11,0.3799999999999992,0.098
0.4166,0.07377,3.4,0.36999999999999766,0.10900000000000001,0.36999999999999766,0.098
0.41665,0.075662,3.55,0.36999999999999766,0.108,0.36999999999999766,0.097
0.4167,0.07730999999999999,3.6499999999999995,0.36999999999999766,0.107,0.36999999999999766,0.097
0.41675,0.078883,3.8,0.36999999999999766,0.107,0.36999999999999766,0.096
0.4168,0.08016,3.95,0.36999999999999766,0.106,0.36999999999999766,0.096
0.41685,0.081162,4.05,0.36999999999999766,0.10500000000000001,0.36999999999999766,0.096
0.4169,0.08196049999999999,4.2,0.36999999999999766,0.104,0.36999999999999766,0.095
0.41695000000000004,0.0824505,4.35,0.36999999999999766,0.104,0.36999999999999766,0.095
0.41700000000000004,0.08274999999999999,4.45,0.36999999999999766,0.103,0.36999999999999766,0.094
0.41705000000000003,0.08276349999999999,4.550000000000001,0.36999999999999766,0.102,0.36999999999999766,0.094
0.4171,0.08254299999999999,4.7,0.36999999999999766,0.102,0.36999999999999766,0.094
0.41715,0.0820485,4.8,0.36999999999999766,0.101,0.36999999999999766,0.093
0.4172,0.0813715,4.8999999999999995,0.36999999999999766,0.101,0.36999999999999766,0.093
0.41725,0.0804165,5.0,0.36999999999999766,0.1,0.36999999999999766,0.093
0.4173,0.0793075,5.05,0.36999999999999766,0.09899999999999999,0.36999999999999766,0.093
0.41735,0.0780125,5.1,0.36999999999999766,0.09899999999999999,0.36999999999999766,0.092
0.4174,0.0766195,5.1,0.36999999999999766,0.09899999999999999,0.36999999999999766,0.092
0.41745000000000004,0.075141,5.1,0.36999999999999766,0.098,0.36999999999999766,0.092
0.41750000000000004,0.0736715,5.05,0.36999999999999766,0.098,0.36999999999999766,0.092
0.41755000000000003,0.07222049999999999,4.999999999999999,0.36999999999999766,0.097,0.36999999999999766,0.091
0.4176,0.070847,4.95,0.36999999999999766,0.097,0.36999999999999766,0.091
0.41765,0.069545,4.849999999999999,0.36999999999999766,0.097,0.36999999999999766,0.091
0.4177,0.0683405,4.8,0.36999999999999766,0.096,0.36999999999999766,0.091
0.41775,0.0672205,4.699999999999999,0.36999999999999766,0.096,0.36999999999999766,0.091
0.4178,0.0661665,4.65,0.36999999999999766,0.096,0.36999999999999766,0.09000000000000001
0.41785,0.0651755,4.6,0.35999999999999965,0.095,0.35999999999999965,0.09000000000000001
0.4179,0.064271,4.55,0.35999999999999965,0.095,0.35999999999999965,0.09000000000000001
0.41795000000000004,0.0633975,4.500000000000001,0.35999999999999965,0.095,0.35999999999999965,0.09000000000000001
0.41800000000000004,0.062581,4.45,0.35999999999999965,0.094,0.35999999999999965,0.09000000000000001
0.41805000000000003,0.061828499999999995,4.3999999999999995,0.35999999999999965,0.094,0.35999999999999965,0.089
0.4181,0.061080499999999996,4.35,0.35999999999999965,0.094,0.35999999999999965,0.089
0.41815,0.060393499999999996,4.349999999999999,0.35999999999999965,0.094,0.35999999999999965,0.089
0.4182,0.0597505,4.300000000000001,0.35999999999999965,0.093,0.35999999999999965,0.089
0.41825,0.059130999999999996,4.249999999999999,0.35999999999999965,0.093,0.35999999999999965,0.089
0.4183,0.058527499999999996,4.249999999999999,0.35999999999999965,0.093,0.35999999999999965,0.089
0.41835,0.057955,4.2,0.35999999999999965,0.093,0.35999999999999965,0.089
0.4184,0.057394999999999995,4.2,0.35999999999999965,0.092,0.35999999999999965,0.088
0.41845000000000004,0.056855499999999996,4.15,0.35999999999999965,0.092,0.35999999999999965,0.088
0.41850000000000004,0.0563285,4.099999999999999,0.35999999999999965,0.092,0.35999999999999965,0.088
0.41855000000000003,0.055802,4.100000000000001,0.35999999999999965,0.092,0.35999999999999965,0.088
0.4186,0.055267,4.049999999999999,0.35999999999999965,0.092,0.35999999999999965,0.088
0.41865,0.054707,4.0,0.35999999999999965,0.091,0.35999999999999965,0.088
0.4187,0.0540905,4.0,0.35999999999999965,0.091,0.35999999999999965,0.087
0.41875,0.053418,3.95,0.34000000000000186,0.091,0.34000000000000186,0.087
0.4188,0.052641,3.95,0.34000000000000186,0.091,0.34000000000000186,0.087
0.41885,0.050556,3.8000000000000007,0.3100000000000007,0.09000000000000001,0.0,0.0
0.4189,0.047473999999999995,3.6000000000000005,0.29999999999999916,0.09000000000000001,0.0,0.0
0.41895000000000004,0.044011499999999995,3.4000000000000004,0.2799999999999996,0.089,0.0,0.0
0.41900000000000004,0.040500499999999995,3.25,0.2799999999999996,0.089,0.0,0.0
0.41905000000000003,0.036854,3.05,0.2699999999999998,0.088,0.0,0.0
0.41910000000000003,0.033178,2.8999999999999995,0.26,0.087,0.0,0.0
0.41915,0.0295215,2.700000000000001,0.2500000000000002,0.085,0.0,0.0
0.4192,0.025929999999999998,2.500000000000001,0.24000000000000044,0.08399999999999999,0.0,0.0
0.41925,0.022493,2.3500000000000014,0.23000000000000065,0.081,0.0,0.0
0.4193,0.019063,2.200000000000001,0.20999999999999752,0.079,0.0,0.0
0.41935,0.0158815,1.9500000000000004,0.20999999999999752,0.075,0.0,0.0
0.4194,0.012867499999999999,1.8000000000000018,0.18999999999999795,0.07100000000000001,0.0,0.0
0.41945000000000005,0.0099805,1.6499999999999997,0.17000000000000193,0.067,0.0,0.0
0.41950000000000004,0.007428499999999999,1.3999999999999997,0.16000000000000214,0.061,0.0,0.0
0.41955000000000003,0.0050845,1.2499999999999993,0.1400000000000008,0.055,0.0,0.0
0.41960000000000003,0.0030794999999999998,0.9999999999999993,0.11999999999999943,0.047,0.0,0.0
0.41965,0.0014175,0.7499999999999993,0.09000000000000007,0.036000000000000004,0.0,0.0
0.4197,0.000235,0.4000000000000014,0.04999999999999915,0.019,0.0,0.0
0.41975,0.0018939999999999999,0.44999999999999857,0.34000000000000186,0.028,0.34000000000000186,0.028
0.4198,0.004641,0.5000000000000011,0.36999999999999766,0.051,0.36999999999999766,0.051
0.41985,0.0076735,0.6500000000000015,0.389999999999999,0.06499999999999999,0.389999999999999,0.06499999999999999
0.4199,0.010990999999999999,0.8000000000000018,0.389999999999999,0.075,0.389999999999999,0.075
0.41995000000000005,0.0145045,0.8999999999999997,0.389999999999999,0.083,0.389999999999999,0.083
0.42000000000000004,0.018224499999999998,1.05,0.389999999999999,0.089,0.389999999999999,0.089
0.42005000000000003,0.022043999999999998,1.2000000000000004,0.389999999999999,0.094,0.389999999999999,0.094
0.42010000000000003,0.025894999999999998,1.3500000000000008,0.389999999999999,0.098,0.389999999999999,0.098
0.42015,0.0297535,1.4999999999999993,0.389999999999999,0.101,0.389999999999999,0.101
0.4202,0.033578,1.6499999999999997,0.389999999999999,0.104,0.389999999999999,0.103
0.42025,0.037399999999999996,1.750000000000001,0.389999999999999,0.106,0.389999999999999,0.104
0.4203,0.0411925,1.9000000000000015,0.389999999999999,0.107,0.389999999999999,0.104
0.42035,0.0448355,2.0500000000000007,0.3799999999999992,0.10900000000000001,0.3799999999999992,0.104
0.4204,0.0484495,2.200000000000001,0.3799999999999992,0.11,0.3799999999999992,0.103
0.42045000000000005,0.0519455,2.3500000000000014,0.3799999999999992,0.11,0.3799999999999992,0.103
0.42050000000000004,0.055276,2.45,0.3799999999999992,0.111,0.3799999999999992,0.102
0.42055000000000003,0.058532499999999994,2.55,0.3799999999999992,0.111,0.3799999999999992,0.102
0.42060000000000003,0.061600499999999996,2.7,0.3799999999999992,0.111,0.3799999999999992,0.101
0.42065,0.064375,2.8499999999999996,0.3799999999999992,0.111,0.3799999999999992,0.1
0.4207,0.06711349999999999,3.000000000000001,0.3799999999999992,0.111,0.3799999999999992,0.1
0.42075,0.0696735,3.0999999999999996,0.3799999999999992,0.11,0.3799999999999992,0.09899999999999999
0.4208,0.0720645,3.25,0.3799999999999992,0.11,0.3799999999999992,0.09899999999999999
0.42085,0.0741925,3.3999999999999995,0.3799999999999992,0.10900000000000001,0.3799999999999992,0.098
0.4209,0.07599,3.55,0.3700000000000012,0.108,0.3700000000000012,0.098
0.42095000000000005,0.0776555,3.6499999999999986,0.3700000000000012,0.107,0.3700000000000012,0.097
0.42100000000000004,0.079176,3.799999999999999,0.3700000000000012,0.107,0.3700000000000012,0.097
0.42105000000000004,0.080394,3.9499999999999993,0.3700000000000012,0.106,0.3700000000000012,0.097
0.42110000000000003,0.081366,4.05,0.3700000000000012,0.10500000000000001,0.3700000000000012,0.096
0.42115,0.082079,4.2,0.3700000000000012,0.104,0.3700000000000012,0.096
0.4212,0.082534,4.300000000000001,0.3700000000000012,0.103,0.3700000000000012,0.095
0.42125,0.0827815,4.450000000000001,0.3700000000000012,0.103,0.3700000000000012,0.095
0.4213,0.082735,4.55,0.3700000000000012,0.102,0.3700000000000012,0.095
0.42135,0.08244,4.7,0.3700000000000012,0.102,0.3700000000000012,0.094
0.4214,0.081925,4.799999999999999,0.3700000000000012,0.101,0.3700000000000012,0.094
0.42145000000000005,0.0811505,4.899999999999999,0.3700000000000012,0.1,0.3700000000000012,0.094
0.42150000000000004,0.08019749999999999,4.949999999999999,0.3700000000000012,0.1,0.3700000000000012,0.093
0.42155000000000004,0.07904649999999999,5.000000000000001,0.3700000000000012,0.09899999999999999,0.3700000000000012,0.093
0.42160000000000003,0.077746,5.05,0.3700000000000012,0.09899999999999999,0.3700000000000012,0.093
0.42165,0.0763205,5.049999999999999,0.3700000000000012,0.098,0.3700000000000012,0.093
0.4217,0.07485,5.049999999999999,0.3700000000000012,0.098,0.3700000000000012,0.092
0.42175,0.07335549999999999,5.0,0.3700000000000012,0.098,0.3700000000000012,0.092
0.4218,0.0719305,4.95,0.3700000000000012,0.097,0.3700000000000012,0.092
0.42185,0.07056799999999999,4.8999999999999995,0.3700000000000012,0.097,0.3700000000000012,0.092
0.4219,0.06929099999999999,4.8,0.3700000000000012,0.096,0.3700000000000012,0.091
0.42195000000000005,0.0680885,4.75,0.3700000000000012,0.096,0.3700000000000012,0.091
0.42200000000000004,0.06699,4.6499999999999995,0.3700000000000012,0.096,0.3700000000000012,0.091
0.42205000000000004,0.06596149999999999,4.6000000000000005,0.3700000000000012,0.095,0.3700000000000012,0.091
0.42210000000000003,0.06498,4.55,0.3700000000000012,0.095,0.3700000000000012,0.091
0.42215,0.0640925,4.499999999999999,0.3700000000000012,0.095,0.3700000000000012,0.09000000000000001
0.4222,0.0632315,4.45,0.36000000000000143,0.095,0.36000000000000143,0.09000000000000001
0.42225,0.062438499999999994,4.3999999999999995,0.36000000000000143,0.094,0.36000000000000143,0.09000000000000001
0.4223,0.061661499999999994,4.3500000000000005,0.36000000000000143,0.094,0.36000000000000143,0.09000000000000001
0.42235,0.060947499999999995,4.35,0.36000000000000143,0.094,0.36000000000000143,0.09000000000000001
0.4224,0.0602725,4.3,0.36000000000000143,0.093,0.36000000000000143,0.09000000000000001
0.42245000000000005,0.059630499999999996,4.249999999999999,0.36000000000000143,0.093,0.36000000000000143,0.089
0.42250000000000004,0.059009,4.25,0.36000000000000143,0.093,0.36000000000000143,0.089
0.42255000000000004,0.058399,4.2,0.36000000000000143,0.093,0.36000000000000143,0.089
0.42260000000000003,0.0578485,4.1499999999999995,0.36000000000000143,0.093,0.36000000000000143,0.089
0.42265,0.057291999999999996,4.1499999999999995,0.36000000000000143,0.092,0.36000000000000143,0.089
0.4227,0.056747,4.1,0.36000000000000143,0.092,0.36000000000000143,0.089
0.42275,0.0562495,4.1000000000000005,0.36000000000000143,0.092,0.36000000000000143,0.089
0.4228,0.055704,4.05,0.36000000000000143,0.092,0.36000000000000143,0.088
0.42285,0.055168999999999996,4.05,0.36000000000000143,0.091,0.36000000000000143,0.088
0.4229,0.054592499999999995,3.9999999999999996,0.36000000000000143,0.091,0.36000000000000143,0.088
0.42295,0.053978,4.0,0.36000000000000143,0.091,0.36000000000000143,0.088
0.42300000000000004,0.053258,4.0,0.3399999999999983,0.091,0.3399999999999983,0.087
0.42305000000000004,0.0524645,3.9499999999999997,0.3399999999999983,0.091,0.3399999999999983,0.087
0.42310000000000003,0.049964999999999996,3.7499999999999996,0.30000000000000093,0.09000000000000001,0.0,0.0
0.42315,0.046758499999999995,3.5499999999999994,0.30000000000000093,0.09000000000000001,0.0,0.0
0.4232,0.043306,3.3499999999999996,0.28000000000000136,0.089,0.0,0.0
0.42325,0.0397415,3.1999999999999997,0.28000000000000136,0.089,0.0,0.0
0.4233,0.036066,3.05,0.2699999999999998,0.088,0.0,0.0
0.42335,0.0323885,2.8499999999999996,0.2500000000000002,0.087,0.0,0.0
0.4234,0.028777499999999998,2.65,0.2500000000000002,0.085,0.0,0.0
0.42345,0.02522,2.5,0.22999999999999887,0.083,0.0,0.0
0.42350000000000004,0.0217655,2.3,0.22999999999999887,0.081,0.0,0.0
0.42355000000000004,0.018384499999999998,2.0999999999999996,0.2099999999999993,0.078,0.0,0.0
0.42360000000000003,0.015233,1.95,0.2099999999999993,0.075,0.0,0.0
0.42365,0.012253,1.75,0.18999999999999972,0.07100000000000001,0.0,0.0
0.4237,0.009446,1.55,0.17000000000000015,0.066,0.0,0.0
0.42375,0.0069045,1.4000000000000001,0.16000000000000214,0.060000000000000005,0.0,0.0
0.4238,0.004634999999999999,1.1500000000000001,0.1400000000000008,0.053,0.0,0.0
0.42385,0.002695,0.9500000000000002,0.11999999999999943,0.045000000000000005,0.0,0.0
0.4239,0.001121,0.7000000000000001,0.08000000000000028,0.033,0.0,0.0
0.42395,8.9e-05,0.3,0.03999999999999936,0.013,0.0,0.0
0.42400000000000004,0.002451,0.45,0.36000000000000143,0.034,0.36000000000000143,0.034
0.42405000000000004,0.005268,0.55,0.389999999999999,0.054,0.389999999999999,0.054
0.42410000000000003,0.008354499999999999,0.7000000000000001,0.389999999999999,0.068,0.389999999999999,0.068
0.42415,0.011693,0.8500000000000001,0.389999999999999,0.077,0.389999999999999,0.077
0.4242,0.015257999999999999,0.9500000000000001,0.389999999999999,0.085,0.389999999999999,0.085
0.42425,0.0189975,1.05,0.389999999999999,0.091,0.389999999999999,0.091
0.4243,0.0228275,1.2,0.389999999999999,0.095,0.389999999999999,0.095
0.42435,0.0266905,1.35,0.389999999999999,0.09899999999999999,0.389999999999999,0.09899999999999999
0.4244,0.030557499999999998,1.5,0.389999999999999,0.102,0.389999999999999,0.102
0.42445,0.034389499999999996,1.6500000000000001,0.389999999999999,0.104,0.389999999999999,0.103
0.42450000000000004,0.038214,1.75,0.389999999999999,0.106,0.389999999999999,0.104
0.42455000000000004,0.041963,1.9,0.380000000000001,0.108,0.380000000000001,0.103
0.42460000000000003,0.0456235,2.0500000000000003,0.380000000000001,0.10900000000000001,0.380000000000001,0.103
0.42465,0.049213,2.2,0.380000000000001,0.11,0.380000000000001,0.103
0.4247,0.052665,2.35,0.380000000000001,0.11,0.380000000000001,0.102
0.42475,0.0559895,2.4499999999999997,0.380000000000001,0.111,0.380000000000001,0.102
0.4248,0.0592035,2.5999999999999996,0.380000000000001,0.111,0.380000000000001,0.101
0.42485,0.062211999999999996,2.7499999999999996,0.380000000000001,0.111,0.380000000000001,0.1
0.4249,0.0649515,2.8999999999999995,0.380000000000001,0.111,0.380000000000001,0.1
0.42495,0.0676555,3.05,0.380000000000001,0.11,0.380000000000001,0.09899999999999999
0.42500000000000004,0.0702135,3.15,0.380000000000001,0.11,0.380000000000001,0.09899999999999999
0.42505000000000004,0.072546,3.3,0.380000000000001,0.10900000000000001,0.380000000000001,0.098
0.42510000000000003,0.07459,3.45,0.3700000000000012,0.10900000000000001,0.3700000000000012,0.098
0.42515000000000003,0.076344,3.6,0.3700000000000012,0.108,0.3700000000000012,0.097
0.4252,0.07800649999999999,3.6999999999999997,0.3700000000000012,0.107,0.3700000000000012,0.097
0.42525,0.0794285,3.8499999999999996,0.3700000000000012,0.106,0.3700000000000012,0.096
0.4253,0.0805975,4.0,0.3700000000000012,0.106,0.3700000000000012,0.096
0.42535,0.0815555,4.1,0.3700000000000012,0.10500000000000001,0.3700000000000012,0.096
0.4254,0.0822125,4.25,0.3700000000000012,0.104,0.3700000000000012,0.095
0.42545,0.08261299999999999,4.35,0.3700000000000012,0.103,0.3700000000000012,0.095
0.42550000000000004,0.08277749999999999,4.5,0.3700000000000012,0.103,0.3700000000000012,0.095
0.42555000000000004,0.08270849999999999,4.6,0.3700000000000012,0.102,0.3700000000000012,0.094
0.42560000000000003,0.082369,4.699999999999999,0.3700000000000012,0.101,0.3700000000000012,0.094
0.42565000000000003,0.081798,4.8,0.3700000000000012,0.101,0.3700000000000012,0.094
0.4257,0.0809825,4.8999999999999995,0.3700000000000012,0.1,0.3700000000000012,0.093
0.42575,0.079981,5.0,0.3700000000000012,0.1,0.3700000000000012,0.093
0.4258,0.0787905,5.049999999999999,0.3700000000000012,0.09899999999999999,0.3700000000000012,0.093
0.42585,0.077453,5.1,0.3700000000000012,0.09899999999999999,0.3700000000000012,0.092
0.4259,0.0760185,5.1,0.3700000000000012,0.098,0.3700000000000012,0.092
0.42595,0.074548,5.05,0.3700000000000012,0.098,0.3700000000000012,0.092
0.42600000000000005,0.073046,5.0,0.3700000000000012,0.098,0.3700000000000012,0.092
0.42605000000000004,0.071629,4.95,0.3700000000000012,0.097,0.3700000000000012,0.091
0.42610000000000003,0.070298,4.9,0.3700000000000012,0.097,0.3700000000000012,0.091
0.42615000000000003,0.06904099999999999,4.8,0.3700000000000012,0.096,0.3700000000000012,0.091
0.4262,0.0678685,4.750000000000001,0.3700000000000012,0.096,0.3700000000000012,0.091
0.42625,0.06677799999999999,4.7,0.3700000000000012,0.096,0.3700000000000012,0.091
0.4263,0.0657545,4.6000000000000005,0.3700000000000012,0.095,0.3700000000000012,0.09000000000000001
0.42635,0.0647995,4.55,0.3700000000000012,0.095,0.3700000000000012,0.09000000000000001
0.4264,0.063904,4.5,0.35999999999999965,0.095,0.35999999999999965,0.09000000000000001
0.42645,0.063055,4.449999999999999,0.35999999999999965,0.094,0.35999999999999965,0.09000000000000001
0.42650000000000005,0.062272499999999995,4.3999999999999995,0.35999999999999965,0.094,0.35999999999999965,0.09000000000000001
0.42655000000000004,0.061502499999999995,4.3999999999999995,0.35999999999999965,0.094,0.35999999999999965,0.09000000000000001
0.42660000000000003,0.060800999999999994,4.3500000000000005,0.35999999999999965,0.094,0.35999999999999965,0.089
0.42665000000000003,0.060141999999999994,4.300000000000001,0.35999999999999965,0.093,0.35999999999999965,0.089
0.4267,0.059497999999999995,4.249999999999999,0.35999999999999965,0.093,0.35999999999999965,0.089
0.42675,0.058879999999999995,4.25,0.35999999999999965,0.093,0.35999999999999965,0.089
0.4268,0.058291499999999996,4.2,0.35999999999999965,0.093,0.35999999999999965,0.089
0.42685,0.057728999999999996,4.200000000000001,0.35999999999999965,0.093,0.35999999999999965,0.089
0.4269,0.0571915,4.149999999999999,0.35999999999999965,0.092,0.35999999999999965,0.089
0.42695,0.056651999999999994,4.1499999999999995,0.35999999999999965,0.092,0.35999999999999965,0.088
0.42700000000000005,0.056101,4.1,0.35999999999999965,0.092,0.35999999999999965,0.088
0.42705000000000004,0.055592499999999996,4.1000000000000005,0.35999999999999965,0.092,0.35999999999999965,0.088
0.42710000000000004,0.055049999999999995,4.049999999999999,0.35999999999999965,0.091,0.35999999999999965,0.088
0.42715000000000003,0.054474999999999996,4.050000000000001,0.35999999999999965,0.091,0.35999999999999965,0.088
0.4272,0.053829999999999996,4.0,0.35999999999999965,0.091,0.35999999999999965,0.087
0.42725,0.053099999999999994,4.0,0.3400000000000001,0.091,0.3400000000000001,0.087
0.4273,0.052067999999999996,3.8999999999999995,0.3300000000000003,0.09000000000000001,0.0,0.0
0.42735,0.0493425,3.7,0.30000000000000093,0.09000000000000001,0.0,0.0
0.4274,0.046035,3.55,0.30000000000000093,0.09000000000000001,0.0,0.0
0.42745,0.042581999999999995,3.3,0.2799999999999996,0.089,0.0,0.0
0.42750000000000005,0.038998,3.1500000000000004,0.2699999999999998,0.088,0.0,0.0
0.42755000000000004,0.0353055,3.0,0.26,0.088,0.0,0.0
0.42760000000000004,0.0316435,2.8499999999999996,0.24999999999999845,0.086,0.0,0.0
0.42765000000000003,0.0280125,2.6000000000000005,0.24999999999999845,0.085,0.0,0.0
0.4277,0.024510999999999998,2.45,0.23000000000000065,0.083,0.0,0.0
0.42775,0.021051,2.3000000000000007,0.23000000000000065,0.08,0.0,0.0
0.4278,0.017724,2.05,0.21000000000000107,0.077,0.0,0.0
0.42785,0.0145835,1.8999999999999997,0.2000000000000013,0.074,0.0,0.0
0.4279,0.011644,1.7499999999999993,0.18999999999999972,0.06999999999999998,0.0,0.0
0.42795,0.0089045,1.4999999999999993,0.17000000000000015,0.06499999999999999,0.0,0.0
0.42800000000000005,0.0064265,1.349999999999999,0.1499999999999988,0.059,0.0,0.0
0.42805000000000004,0.0042135,1.099999999999999,0.130000000000001,0.052,0.0,0.0
0.42810000000000004,0.002326,0.9499999999999986,0.11000000000000142,0.043,0.0,0.0
0.42815000000000003,0.0008475,0.6000000000000008,0.0799999999999985,0.030000000000000002,0.0,0.0
0.4282,0.0,0.0,0.0,0.0,0.0,0.0
