t,volume,length,width,depth
0.0,0.0,0.0,0.0,0.0
5e-05,0.0013200000000000004,0.3,0.3,0.029
0.0001,0.004630000000000001,0.6000000000000001,0.3,0.051
0.00015000000000000001,0.0042850000000000015,0.55,0.3,0.051
0.0002,0.005890000000000001,0.7,0.3,0.057
0.00025,0.009500000000000003,1.0,0.3,0.062
0.00030000000000000003,0.008927500000000001,0.95,0.3,0.062
0.00035,0.010250000000000002,1.0999999999999999,0.3,0.063
0.0004,0.011367500000000003,1.25,0.3,0.063
0.00045000000000000004,0.012312500000000002,1.3499999999999999,0.3,0.063
0.0005,0.013087500000000004,1.5,0.3,0.063
0.00055,0.015827500000000005,1.75,0.3,0.063
0.0006000000000000001,0.016230000000000005,1.9000000000000004,0.3,0.063
0.0006500000000000001,0.014415000000000004,1.8500000000000003,0.3,0.063
0.0007,0.014477500000000004,1.9500000000000002,0.3,0.063
0.00075,0.014487500000000004,2.0,0.3,0.063
0.0008,0.014490000000000003,2.05,0.3,0.063
0.0008500000000000001,0.014490000000000003,2.05,0.3,0.063
0.0009000000000000001,0.014490000000000003,2.05,0.3,0.063
0.00095,0.014490000000000003,2.05,0.3,0.063
0.001,0.016540000000000003,2.2,0.3,0.063
0.0010500000000000002,0.014490000000000003,2.05,0.3,0.063
0.0011,0.014490000000000003,2.05,0.3,0.063
0.00115,0.016540000000000003,2.2,0.3,0.063
0.0012000000000000001,0.014490000000000003,2.0500000000000003,0.3,0.063
0.00125,0.016540000000000003,2.2,0.3,0.063
0.0013000000000000002,0.014490000000000003,2.05,0.3,0.063
0.00135,0.014490000000000003,2.0500000000000003,0.3,0.063
0.0014,0.016540000000000003,2.2,0.3,0.063
0.0014500000000000001,0.014490000000000003,2.0500000000000003,0.3,0.063
0.0015,0.016540000000000003,2.1999999999999997,0.3,0.063
0.0015500000000000002,0.014490000000000003,2.05,0.3,0.063
0.0016,0.014490000000000003,2.0499999999999994,0.3,0.063
0.00165,0.014490000000000003,2.05,0.3,0.063
0.0017000000000000001,0.014490000000000003,2.0500000000000003,0.3,0.063
0.00175,0.014490000000000003,2.05,0.3,0.063
0.0018000000000000002,0.014490000000000003,2.0500000000000003,0.3,0.063
0.00185,0.014490000000000003,2.0499999999999994,0.3,0.063
0.0019,0.016540000000000003,2.2,0.3,0.063
0.0019500000000000001,0.014490000000000003,2.0500000000000003,0.3,0.063
0.002,0.014490000000000003,2.0500000000000007,0.3,0.063
0.00205,0.016540000000000003,2.2,0.3,0.063
0.0021000000000000003,0.014490000000000003,2.0500000000000007,0.3,0.063
0.00215,0.014490000000000003,2.0500000000000007,0.3,0.063
0.0022,0.016540000000000003,2.200000000000001,0.3,0.063
0.0022500000000000003,0.014490000000000003,2.0500000000000007,0.3,0.063
0.0023,0.014490000000000003,2.05,0.3,0.063
0.00235,0.016540000000000003,2.1999999999999993,0.3,0.063
0.0024000000000000002,0.016540000000000003,2.2,0.3,0.063
0.00245,0.014490000000000003,2.05,0.3,0.063
0.0025,0.014490000000000003,2.05,0.3,0.063
0.00255,0.016540000000000003,2.2,0.3,0.063
0.0026000000000000003,0.014490000000000003,2.05,0.3,0.063
0.00265,0.014490000000000003,2.0500000000000007,0.3,0.063
0.0027,0.016540000000000003,2.1999999999999993,0.3,0.063
0.0027500000000000003,0.014490000000000003,2.05,0.3,0.063
0.0028,0.014490000000000003,2.05,0.3,0.063
0.00285,0.016540000000000003,2.200000000000001,0.3,0.063
0.0029000000000000002,0.016540000000000003,2.1999999999999993,0.3,0.063
0.00295,0.014490000000000003,2.05,0.3,0.063
0.003,0.014490000000000003,2.05,0.3,0.063
0.00305,0.016540000000000003,2.2,0.3,0.063
0.0031000000000000003,0.014490000000000003,2.0500000000000007,0.3,0.063
0.00315,0.014490000000000003,2.049999999999999,0.3,0.063
0.0032,0.014490000000000003,2.0500000000000016,0.3,0.063
0.0032500000000000003,0.014490000000000003,2.05,0.3,0.063
0.0033,0.014470000000000004,2.05,0.3,0.063
0.00335,0.013910000000000004,1.950000000000001,0.2,0.063
0.0034000000000000002,0.012315000000000003,1.8000000000000007,0.2,0.063
0.0034500000000000004,0.010302500000000003,1.5999999999999996,0.2,0.063
0.0035,0.008167500000000003,1.4499999999999993,0.2,0.063
0.00355,0.006217500000000002,1.3000000000000007,0.2,0.062
0.0036000000000000003,0.0047100000000000015,1.1000000000000014,0.1,0.060000000000000005
0.00365,0.003322500000000001,0.9500000000000011,0.1,0.057
0.0037,0.0020175000000000006,0.75,0.1,0.053
0.0037500000000000003,0.0008550000000000002,0.6000000000000014,0.1,0.047
0.0038,0.00025000000000000006,0.40000000000000036,0.1,0.038
0.00385,0.0,0.25,0.0,0.025
0.0039000000000000003,0.0,0.0,0.0,0.0
0.00395,0.0,0.0,0.0,0.0
0.004,0.0,0.0,0.0,0.0
0.00405,0.0,0.0,0.0,0.0
0.0041,0.0,0.0,0.0,0.0
0.00415,0.0,0.0,0.0,0.0
0.004200000000000001,0.0,0.0,0.0,0.0
0.00425,0.0003650000000000001,0.20000000000000107,0.2,0.011
0.0043,0.004175000000000001,0.5000000000000018,0.3,0.049
0.004350000000000001,0.003997500000000001,0.5000000000000018,0.3,0.049
0.0044,0.006045000000000002,0.5999999999999996,0.3,0.059
0.00445,0.010672500000000003,0.9000000000000004,0.3,0.06899999999999999
0.0045000000000000005,0.010217500000000003,0.9000000000000004,0.3,0.06899999999999999
0.00455,0.012227500000000002,1.0000000000000018,0.3,0.07200000000000001
0.0046,0.016457500000000003,1.3000000000000007,0.3,0.075
0.0046500000000000005,0.015517500000000004,1.3000000000000007,0.3,0.075
0.0047,0.017025000000000005,1.450000000000001,0.3,0.075
0.00475,0.020825000000000007,1.6999999999999993,0.3,0.074
0.0048000000000000004,0.019595000000000005,1.6999999999999993,0.3,0.073
0.00485,0.022922500000000005,2.0,0.3,0.07200000000000001
0.0049,0.021402500000000005,1.9499999999999993,0.3,0.07100000000000001
0.00495,0.021810000000000006,2.0999999999999996,0.3,0.07100000000000001
0.005,0.024142500000000008,2.3499999999999988,0.3,0.06999999999999998
0.005050000000000001,0.021677500000000006,2.3499999999999988,0.3,0.06899999999999999
0.0051,0.021350000000000004,2.45,0.3,0.06899999999999999
0.00515,0.023030000000000005,2.700000000000001,0.3,0.068
0.005200000000000001,0.020085000000000006,2.5999999999999996,0.3,0.068
0.00525,0.019410000000000004,2.5999999999999988,0.3,0.067
0.0053,0.020975000000000004,2.6499999999999986,0.3,0.067
0.005350000000000001,0.018297500000000005,2.4499999999999993,0.3,0.066
0.0054,0.017845000000000003,2.4000000000000004,0.3,0.066
0.00545,0.019567500000000005,2.55,0.3,0.06499999999999999
0.0055000000000000005,0.017067500000000003,2.3499999999999988,0.3,0.06499999999999999
0.00555,0.016712500000000005,2.3,0.3,0.06499999999999999
0.0056,0.018485000000000005,2.45,0.3,0.064
0.0056500000000000005,0.016115000000000004,2.250000000000001,0.3,0.064
0.0057,0.017900000000000006,2.4000000000000004,0.3,0.064
0.00575,0.017647500000000003,2.3500000000000005,0.3,0.064
0.0058000000000000005,0.015365000000000004,2.2,0.3,0.063
0.00585,0.017185000000000006,2.3000000000000007,0.3,0.063
0.0059,0.014940000000000004,2.1500000000000004,0.3,0.063
0.00595,0.014865000000000003,2.1499999999999995,0.3,0.063
0.006,0.016917500000000005,2.25,0.3,0.062
0.006050000000000001,0.014705000000000005,2.1000000000000005,0.3,0.062
0.0061,0.014712500000000003,2.1000000000000005,0.3,0.062
0.00615,0.016997500000000006,2.2,0.3,0.06499999999999999
0.006200000000000001,0.015012500000000003,2.05,0.3,0.06499999999999999
0.00625,0.015190000000000004,2.0499999999999994,0.3,0.066
0.0063,0.017497500000000006,2.1999999999999997,0.3,0.066
0.006350000000000001,0.015487500000000005,1.9999999999999996,0.3,0.06499999999999999
0.0064,0.015747500000000005,2.0000000000000004,0.3,0.06499999999999999
0.00645,0.016007500000000004,2.0,0.3,0.06499999999999999
0.006500000000000001,0.016222500000000004,2.0000000000000004,0.3,0.06499999999999999
0.00655,0.016292500000000005,2.0500000000000003,0.3,0.06499999999999999
0.0066,0.016255000000000006,2.1500000000000004,0.3,0.06499999999999999
0.0066500000000000005,0.016162500000000003,2.15,0.3,0.06499999999999999
0.0067,0.016052500000000004,2.2,0.3,0.064
0.00675,0.015942500000000005,2.1999999999999997,0.3,0.064
0.0068000000000000005,0.015867500000000003,2.1499999999999995,0.3,0.064
0.00685,0.015787500000000003,2.15,0.3,0.064
0.006900000000000001,0.017787500000000005,2.3,0.3,0.064
0.0069500000000000004,0.015602500000000004,2.15,0.3,0.064
0.007,0.015505000000000003,2.15,0.3,0.064
0.007050000000000001,0.015430000000000004,2.1500000000000004,0.3,0.064
0.0071,0.015320000000000004,2.1499999999999995,0.3,0.064
0.00715,0.015265000000000004,2.1,0.3,0.063
0.007200000000000001,0.015180000000000004,2.1,0.3,0.063
0.00725,0.015125000000000003,2.0999999999999996,0.3,0.063
0.0073,0.015057500000000003,2.0999999999999996,0.3,0.063
0.007350000000000001,0.014992500000000004,2.0999999999999996,0.3,0.063
0.0074,0.014935000000000004,2.05,0.3,0.063
0.00745,0.014825000000000003,2.0500000000000003,0.3,0.063
0.007500000000000001,0.014750000000000004,2.0500000000000003,0.3,0.063
0.00755,0.014597500000000003,2.0500000000000003,0.3,0.063
0.0076,0.013665000000000004,1.9000000000000001,0.2,0.063
0.0076500000000000005,0.011795000000000003,1.7,0.2,0.062
0.0077,0.009640000000000003,1.55,0.2,0.062
0.00775,0.007432500000000002,1.4,0.2,0.061
0.0078000000000000005,0.005657500000000001,1.2,0.2,0.060000000000000005
0.007850000000000001,0.004175000000000001,1.05,0.09999999999999999,0.058
0.0079,0.0026900000000000006,0.8999999999999999,0.09999999999999999,0.054
0.00795,0.0013300000000000002,0.7000000000000001,0.09999999999999999,0.048
0.008,0.0004250000000000001,0.5,0.09999999999999999,0.041
0.00805,2.0000000000000005e-05,0.30000000000000004,0.0,0.030000000000000002
0.0081,0.0,0.0,0.0,0.007
0.008150000000000001,0.0,0.0,0.0,0.0
0.0082,0.0,0.0,0.0,0.0
0.00825,0.0,0.0,0.0,0.0
0.0083,0.0,0.0,0.0,0.0
0.00835,0.0,0.0,0.0,0.0
0.008400000000000001,0.0,0.0,0.0,0.0
0.008450000000000001,0.0,0.0,0.0,0.0
0.0085,0.0006975000000000002,0.25,0.19999999999999998,0.017
0.00855,0.0023600000000000006,0.39999999999999997,0.3,0.038
0.0086,0.006505000000000001,0.6,0.3,0.059
0.00865,0.008685000000000002,0.75,0.3,0.06499999999999999
0.008700000000000001,0.008282500000000002,0.75,0.3,0.06499999999999999
0.00875,0.010350000000000003,0.9,0.3,0.06899999999999999
0.0088,0.012262500000000003,1.0,0.3,0.07100000000000001
0.00885,0.013945000000000004,1.15,0.3,0.073
0.0089,0.017895000000000005,1.45,0.3,0.074
0.00895,0.019340000000000006,1.5499999999999998,0.3,0.074
0.009000000000000001,0.018235000000000005,1.5499999999999998,0.3,0.073
0.00905,0.019367500000000006,1.7,0.3,0.07200000000000001
0.0091,0.020342500000000006,1.8,0.3,0.07200000000000001
0.00915,0.020962500000000005,1.9500000000000002,0.3,0.07100000000000001
0.0092,0.023667500000000005,2.1999999999999997,0.3,0.06999999999999998
0.009250000000000001,0.023650000000000004,2.35,0.3,0.06999999999999998
0.009300000000000001,0.021212500000000006,2.3000000000000003,0.3,0.06899999999999999
0.00935,0.020880000000000006,2.4000000000000004,0.3,0.068
0.0094,0.020335000000000006,2.5,0.3,0.068
0.00945,0.019715000000000003,2.5,0.3,0.067
0.0095,0.021290000000000007,2.65,0.3,0.067
0.009550000000000001,0.020712500000000005,2.5999999999999996,0.3,0.066
0.009600000000000001,0.018080000000000006,2.3999999999999995,0.3,0.066
0.00965,0.017652500000000005,2.35,0.3,0.066
0.0097,0.017257500000000005,2.3,0.3,0.06499999999999999
0.00975,0.018990000000000003,2.4499999999999997,0.3,0.06499999999999999
0.0098,0.018660000000000003,2.4000000000000004,0.3,0.06499999999999999
0.009850000000000001,0.016260000000000004,2.25,0.3,0.064
0.0099,0.016012500000000002,2.1999999999999997,0.3,0.064
0.00995,0.015760000000000003,2.2,0.3,0.064
0.01,0.015537500000000004,2.1499999999999995,0.3,0.064
0.01005,0.017330000000000005,2.3000000000000003,0.3,0.063
0.010100000000000001,0.017117500000000004,2.2500000000000004,0.3,0.063
0.010150000000000001,0.014905000000000003,2.1000000000000005,0.3,0.063
0.0102,0.014852500000000005,2.1,0.3,0.063
0.01025,0.014795000000000004,2.0500000000000003,0.3,0.062
0.0103,0.014732500000000004,2.05,0.3,0.062
0.01035,0.016972500000000005,2.2000000000000006,0.3,0.064
0.010400000000000001,0.017072500000000004,2.2,0.3,0.06499999999999999
0.010450000000000001,0.015107500000000005,2.0,0.3,0.06499999999999999
0.0105,0.015260000000000004,2.0,0.3,0.06499999999999999
0.01055,0.015435000000000004,2.0,0.3,0.06499999999999999
0.0106,0.017770000000000005,2.1499999999999995,0.3,0.06499999999999999
0.01065,0.017992500000000005,2.1000000000000005,0.3,0.06499999999999999
0.010700000000000001,0.018252500000000005,2.0999999999999996,0.3,0.06499999999999999
0.010750000000000001,0.016305000000000004,2.0,0.3,0.06499999999999999
0.0108,0.016337500000000005,2.05,0.3,0.06499999999999999
0.01085,0.016290000000000002,2.0999999999999996,0.3,0.06499999999999999
0.0109,0.018360000000000005,2.3,0.3,0.064
0.01095,0.018262500000000004,2.3,0.3,0.064
0.011000000000000001,0.016045000000000004,2.1499999999999995,0.3,0.064
0.01105,0.015952500000000005,2.1500000000000004,0.3,0.064
0.0111,0.015865000000000004,2.0999999999999996,0.3,0.064
0.01115,0.015777500000000003,2.0999999999999996,0.3,0.064
0.0112,0.017827500000000003,2.25,0.3,0.064
0.011250000000000001,0.017725000000000005,2.250000000000001,0.3,0.064
0.011300000000000001,0.015535000000000004,2.1000000000000005,0.3,0.064
0.01135,0.015472500000000004,2.0999999999999996,0.3,0.064
0.0114,0.015410000000000004,2.0999999999999996,0.3,0.063
0.01145,0.017452500000000003,2.250000000000001,0.3,0.063
0.0115,0.017365000000000005,2.249999999999999,0.3,0.063
0.011550000000000001,0.017300000000000003,2.1999999999999993,0.3,0.063
0.011600000000000001,0.015150000000000004,2.049999999999999,0.3,0.063
0.01165,0.015085000000000005,2.049999999999999,0.3,0.063
0.0117,0.015000000000000003,2.05,0.3,0.063
0.01175,0.016872500000000006,2.200000000000001,0.3,0.063
0.0118,0.015615000000000004,2.0500000000000007,0.3,0.063
0.011850000000000001,0.013407500000000003,1.9000000000000021,0.19999999999999998,0.063
0.0119,0.011377500000000002,1.6999999999999993,0.19999999999999998,0.062
0.01195,0.009117500000000002,1.5500000000000007,0.19999999999999998,0.062
0.012,0.006955000000000002,1.4000000000000004,0.19999999999999998,0.061
0.01205,0.005287500000000001,1.200000000000001,0.15,0.059
0.012100000000000001,0.003742500000000001,1.0500000000000007,0.1,0.056
0.012150000000000001,0.0022900000000000004,0.8000000000000007,0.1,0.051
0.0122,0.0009175000000000002,0.6500000000000004,0.1,0.045000000000000005
0.01225,0.00025250000000000007,0.4499999999999993,0.1,0.036000000000000004
0.0123,0.0,0.1999999999999993,0.0,0.023
0.01235,0.0,0.0,0.0,0.0
0.012400000000000001,0.0,0.0,0.0,0.0
0.012450000000000001,0.0,0.0,0.0,0.0
0.0125,0.0,0.0,0.0,0.0
0.01255,0.0,0.0,0.0,0.0
0.0126,0.0,0.0,0.0,0.0
0.01265,0.0,0.0,0.0,0.0
0.012700000000000001,0.0010900000000000003,0.2500000000000018,0.25,0.022
0.012750000000000001,0.0010225000000000002,0.2500000000000018,0.25,0.022
0.0128,0.0027000000000000006,0.40000000000000036,0.30000000000000004,0.041
0.01285,0.004615000000000001,0.5,0.30000000000000004,0.052
0.0129,0.006657500000000002,0.6499999999999986,0.30000000000000004,0.060000000000000005
0.012950000000000001,0.008687500000000003,0.8000000000000007,0.30000000000000004,0.066
0.013000000000000001,0.010757500000000003,0.9000000000000004,0.30000000000000004,0.06899999999999999
0.01305,0.012680000000000004,1.0500000000000007,0.30000000000000004,0.07100000000000001
0.0131,0.014312500000000004,1.200000000000001,0.30000000000000004,0.073
0.01315,0.015862500000000005,1.3500000000000014,0.30000000000000004,0.073
0.0132,0.017292500000000006,1.450000000000001,0.30000000000000004,0.073
0.013250000000000001,0.018500000000000006,1.5999999999999996,0.30000000000000004,0.073
0.013300000000000001,0.019655000000000006,1.7500000000000018,0.30000000000000004,0.073
0.01335,0.020607500000000004,1.8499999999999996,0.30000000000000004,0.07200000000000001
0.0134,0.021270000000000004,2.0,0.30000000000000004,0.07100000000000001
0.01345,0.021632500000000006,2.0999999999999988,0.30000000000000004,0.06999999999999998
0.0135,0.021685000000000006,2.2499999999999982,0.30000000000000004,0.06999999999999998
0.013550000000000001,0.021520000000000004,2.3499999999999996,0.30000000000000004,0.06899999999999999
0.013600000000000001,0.021137500000000007,2.450000000000001,0.30000000000000004,0.06899999999999999
0.01365,0.020605000000000005,2.499999999999999,0.30000000000000004,0.068
0.0137,0.019985000000000006,2.5500000000000007,0.30000000000000004,0.067
0.01375,0.019355000000000004,2.499999999999999,0.30000000000000004,0.067
0.013800000000000002,0.018807500000000005,2.45,0.30000000000000004,0.067
0.013850000000000001,0.020435000000000005,2.5999999999999996,0.30000000000000004,0.066
0.013900000000000001,0.017852500000000004,2.4000000000000004,0.30000000000000004,0.066
0.01395,0.017422500000000004,2.3500000000000005,0.30000000000000004,0.06499999999999999
0.014,0.017080000000000005,2.3,0.30000000000000004,0.06499999999999999
0.01405,0.016745000000000003,2.3000000000000016,0.30000000000000004,0.06499999999999999
0.014100000000000001,0.016422500000000003,2.25,0.30000000000000004,0.064
0.014150000000000001,0.016125000000000004,2.25,0.30000000000000004,0.064
0.0142,0.015857500000000004,2.1999999999999993,0.30000000000000004,0.064
0.01425,0.015587500000000004,2.2,0.30000000000000004,0.064
0.0143,0.015377500000000004,2.1499999999999995,0.30000000000000004,0.063
0.01435,0.015140000000000004,2.1500000000000004,0.30000000000000004,0.063
0.014400000000000001,0.014972500000000003,2.0999999999999988,0.30000000000000004,0.063
0.014450000000000001,0.014955000000000003,2.0999999999999996,0.30000000000000004,0.063
0.0145,0.014852500000000005,2.0999999999999996,0.30000000000000004,0.062
0.01455,0.014845000000000004,2.0999999999999996,0.30000000000000004,0.062
0.0146,0.014945000000000003,2.05,0.30000000000000004,0.063
0.014650000000000002,0.015097500000000003,2.05,0.30000000000000004,0.06499999999999999
0.014700000000000001,0.017522500000000003,2.2,0.30000000000000004,0.066
0.014750000000000001,0.015532500000000005,2.0,0.30000000000000004,0.066
0.0148,0.015742500000000003,1.9999999999999996,0.30000000000000004,0.066
0.01485,0.015975000000000003,2.0,0.30000000000000004,0.066
0.0149,0.016250000000000004,1.9999999999999996,0.30000000000000004,0.06499999999999999
0.014950000000000001,0.016545000000000004,2.0,0.30000000000000004,0.06499999999999999
0.015000000000000001,0.018925000000000004,2.2000000000000006,0.30000000000000004,0.06499999999999999
0.015050000000000001,0.016805000000000004,2.1,0.30000000000000004,0.06499999999999999
0.0151,0.016767500000000005,2.1499999999999995,0.30000000000000004,0.06499999999999999
0.01515,0.016650000000000005,2.1999999999999997,0.30000000000000004,0.06499999999999999
0.0152,0.016537500000000004,2.1999999999999997,0.30000000000000004,0.06499999999999999
0.015250000000000001,0.016422500000000003,2.2,0.30000000000000004,0.06499999999999999
0.015300000000000001,0.016327500000000005,2.15,0.30000000000000004,0.064
0.01535,0.016255000000000006,2.1500000000000004,0.30000000000000004,0.064
0.0154,0.016142500000000004,2.15,0.30000000000000004,0.064
0.01545,0.016060000000000005,2.1500000000000004,0.30000000000000004,0.064
0.0155,0.015962500000000004,2.1500000000000004,0.30000000000000004,0.064
0.015550000000000001,0.018035000000000006,2.3000000000000003,0.30000000000000004,0.064
0.015600000000000001,0.015830000000000004,2.15,0.30000000000000004,0.064
0.01565,0.017852500000000004,2.3,0.30000000000000004,0.064
0.015700000000000002,0.015665000000000005,2.1000000000000005,0.30000000000000004,0.064
0.01575,0.015587500000000004,2.0999999999999996,0.30000000000000004,0.064
0.0158,0.015525000000000004,2.1,0.30000000000000004,0.063
0.01585,0.015422500000000004,2.1,0.30000000000000004,0.063
0.0159,0.017397500000000003,2.2499999999999996,0.30000000000000004,0.063
0.015950000000000002,0.015232500000000003,2.0999999999999996,0.30000000000000004,0.063
0.016,0.017037500000000004,2.25,0.30000000000000004,0.063
0.016050000000000002,0.014702500000000004,2.1,0.30000000000000004,0.063
0.0161,0.013150000000000004,1.9000000000000001,0.2,0.063
0.01615,0.010970000000000002,1.7,0.2,0.062
0.0162,0.008655000000000003,1.5,0.2,0.061
0.01625,0.006545000000000001,1.3,0.2,0.060000000000000005
0.016300000000000002,0.004950000000000001,1.15,0.09999999999999998,0.058
0.01635,0.0033575000000000007,1.0,0.09999999999999998,0.054
0.0164,0.0018875000000000005,0.8,0.09999999999999998,0.049
0.01645,0.0006400000000000002,0.65,0.09999999999999998,0.041999999999999996
0.0165,0.00012000000000000003,0.4,0.04999999999999999,0.033
0.016550000000000002,0.0,0.14999999999999997,0.0,0.015000000000000001
0.0166,0.0,0.0,0.0,0.0
0.01665,0.0,0.0,0.0,0.0
0.0167,0.0,0.0,0.0,0.0
0.01675,0.0,0.0,0.0,0.0
0.016800000000000002,0.0,0.0,0.0,0.0
0.01685,0.0,0.0,0.0,0.0
0.016900000000000002,0.0,0.0,0.0,0.0
0.01695,0.0,0.0,0.0,0.0
0.017,0.003195000000000001,0.45,0.30000000000000004,0.043
0.01705,0.0030375000000000007,0.45,0.30000000000000004,0.043
0.0171,0.007320000000000002,0.7,0.30000000000000004,0.061
0.017150000000000002,0.007002500000000002,0.7,0.30000000000000004,0.061
0.0172,0.009055000000000002,0.85,0.30000000000000004,0.066
0.01725,0.013560000000000003,1.0999999999999999,0.30000000000000004,0.07100000000000001
0.0173,0.012945000000000003,1.0999999999999999,0.30000000000000004,0.07100000000000001
0.01735,0.017007500000000005,1.4,0.30000000000000004,0.073
0.017400000000000002,0.016090000000000004,1.3499999999999999,0.30000000000000004,0.073
0.01745,0.017467500000000004,1.5,0.30000000000000004,0.073
0.0175,0.018687500000000006,1.65,0.30000000000000004,0.073
0.01755,0.019760000000000003,1.75,0.30000000000000004,0.07200000000000001
0.0176,0.022885000000000006,2.0500000000000003,0.30000000000000004,0.07200000000000001
0.017650000000000002,0.021242500000000004,2.0,0.30000000000000004,0.07100000000000001
0.0177,0.023790000000000006,2.3,0.30000000000000004,0.06999999999999998
0.017750000000000002,0.021550000000000007,2.25,0.30000000000000004,0.06999999999999998
0.0178,0.021362500000000006,2.3000000000000003,0.30000000000000004,0.06899999999999999
0.01785,0.023200000000000005,2.55,0.30000000000000004,0.068
0.0179,0.020475000000000004,2.5,0.30000000000000004,0.068
0.01795,0.022060000000000007,2.6500000000000004,0.30000000000000004,0.067
0.018000000000000002,0.019260000000000006,2.45,0.30000000000000004,0.067
0.01805,0.018745000000000005,2.45,0.30000000000000004,0.066
0.0181,0.018262500000000004,2.4,0.30000000000000004,0.066
0.01815,0.017800000000000003,2.3499999999999996,0.30000000000000004,0.066
0.0182,0.019525000000000004,2.45,0.30000000000000004,0.06499999999999999
0.018250000000000002,0.017042500000000006,2.3000000000000003,0.30000000000000004,0.06499999999999999
0.0183,0.016692500000000002,2.2500000000000004,0.30000000000000004,0.06499999999999999
0.01835,0.016392500000000004,2.1999999999999997,0.30000000000000004,0.064
0.0184,0.016102500000000006,2.2,0.30000000000000004,0.064
0.01845,0.017867500000000005,2.3000000000000003,0.30000000000000004,0.064
0.018500000000000003,0.015585000000000003,2.15,0.30000000000000004,0.064
0.01855,0.017382500000000006,2.3,0.30000000000000004,0.063
0.018600000000000002,0.015132500000000004,2.1,0.30000000000000004,0.063
0.01865,0.015010000000000004,2.1,0.30000000000000004,0.063
0.0187,0.017132500000000005,2.2,0.30000000000000004,0.063
0.01875,0.014927500000000003,2.0500000000000003,0.30000000000000004,0.062
0.0188,0.017142500000000005,2.1999999999999997,0.30000000000000004,0.063
0.018850000000000002,0.015000000000000003,2.05,0.30000000000000004,0.063
0.0189,0.015200000000000003,1.9999999999999996,0.30000000000000004,0.06499999999999999
0.01895,0.015417500000000004,2.0,0.30000000000000004,0.066
0.019,0.015595000000000005,2.0,0.30000000000000004,0.066
0.01905,0.017990000000000006,2.1500000000000004,0.30000000000000004,0.066
0.019100000000000002,0.016040000000000006,1.9500000000000002,0.30000000000000004,0.066
0.01915,0.018537500000000005,2.0999999999999996,0.30000000000000004,0.06499999999999999
0.019200000000000002,0.016630000000000006,1.9499999999999993,0.30000000000000004,0.06499999999999999
0.01925,0.016810000000000005,1.9999999999999991,0.30000000000000004,0.06499999999999999
0.0193,0.019010000000000006,2.2,0.30000000000000004,0.06499999999999999
0.019350000000000003,0.016800000000000006,2.0999999999999996,0.30000000000000004,0.06499999999999999
0.0194,0.018867500000000006,2.3000000000000007,0.30000000000000004,0.06499999999999999
0.019450000000000002,0.016602500000000003,2.1500000000000004,0.30000000000000004,0.06499999999999999
0.0195,0.016497500000000005,2.1500000000000004,0.30000000000000004,0.064
0.01955,0.018577500000000004,2.3,0.30000000000000004,0.064
0.0196,0.016325000000000003,2.1499999999999995,0.30000000000000004,0.064
0.01965,0.018372500000000003,2.3000000000000007,0.30000000000000004,0.064
0.019700000000000002,0.016127500000000003,2.1000000000000005,0.30000000000000004,0.064
0.01975,0.016050000000000005,2.0999999999999996,0.30000000000000004,0.064
0.0198,0.015942500000000005,2.0999999999999996,0.30000000000000004,0.064
0.01985,0.015867500000000003,2.1000000000000005,0.30000000000000004,0.064
0.0199,0.017915000000000004,2.250000000000001,0.30000000000000004,0.064
0.019950000000000002,0.015730000000000004,2.1000000000000014,0.30000000000000004,0.064
0.02,0.017785000000000006,2.250000000000001,0.30000000000000004,0.064
0.020050000000000002,0.015597500000000004,2.1000000000000014,0.30000000000000004,0.063
0.0201,0.015502500000000004,2.0999999999999996,0.30000000000000004,0.063
0.02015,0.017440000000000004,2.1999999999999993,0.30000000000000004,0.063
0.020200000000000003,0.015282500000000004,2.049999999999999,0.30000000000000004,0.063
0.02025,0.016772500000000003,2.1500000000000004,0.30000000000000004,0.063
0.020300000000000002,0.014510000000000004,2.0,0.30000000000000004,0.063
0.02035,0.012727500000000003,1.8499999999999996,0.2,0.062
0.0204,0.010500000000000002,1.6500000000000004,0.2,0.062
0.02045,0.008155000000000003,1.5,0.2,0.061
0.0205,0.006165000000000001,1.3000000000000007,0.2,0.059
0.020550000000000002,0.0045825000000000015,1.1500000000000004,0.10000000000000003,0.057
0.0206,0.0029850000000000007,0.9500000000000011,0.10000000000000003,0.053
0.02065,0.0014900000000000004,0.75,0.10000000000000003,0.047
0.0207,0.0004375000000000001,0.5500000000000007,0.10000000000000003,0.04
0.02075,0.0,0.40000000000000036,0.0,0.028
0.020800000000000003,0.0,0.0,0.0,0.0
0.02085,0.0,0.0,0.0,0.0
0.020900000000000002,0.0,0.0,0.0,0.0
0.02095,0.0,0.0,0.0,0.0
0.021,0.0,0.0,0.0,0.0
0.021050000000000003,0.0,0.0,0.0,0.0
0.0211,0.0,0.0,0.0,0.0
0.021150000000000002,0.0,0.0,0.0,0.0
0.0212,0.0,0.0,0.0,0.0
0.02125,0.003560000000000001,0.45000000000000107,0.30000000000000004,0.046
0.0213,0.0033900000000000007,0.40000000000000036,0.30000000000000004,0.046
0.02135,0.007712500000000002,0.7000000000000011,0.30000000000000004,0.062
0.021400000000000002,0.007340000000000002,0.7000000000000011,0.30000000000000004,0.062
0.02145,0.011925000000000003,1.0,0.30000000000000004,0.06899999999999999
0.021500000000000002,0.011435000000000002,0.9500000000000011,0.30000000000000004,0.06899999999999999
0.02155,0.013207500000000004,1.1000000000000014,0.30000000000000004,0.07100000000000001
0.0216,0.017267500000000005,1.4000000000000004,0.30000000000000004,0.073
0.021650000000000003,0.016340000000000004,1.3499999999999996,0.30000000000000004,0.073
0.0217,0.020030000000000006,1.6500000000000004,0.30000000000000004,0.073
0.021750000000000002,0.018850000000000006,1.6500000000000004,0.30000000000000004,0.07200000000000001
0.0218,0.019905000000000006,1.75,0.30000000000000004,0.07200000000000001
0.02185,0.023015000000000004,2.05,0.30000000000000004,0.07100000000000001
0.0219,0.021275000000000006,1.9999999999999991,0.30000000000000004,0.07100000000000001
0.02195,0.023780000000000006,2.299999999999999,0.30000000000000004,0.06999999999999998
0.022000000000000002,0.021495000000000004,2.25,0.30000000000000004,0.06899999999999999
0.02205,0.021295000000000005,2.3500000000000014,0.30000000000000004,0.06899999999999999
0.0221,0.023112500000000005,2.6000000000000005,0.30000000000000004,0.068
0.02215,0.020342500000000006,2.499999999999999,0.30000000000000004,0.068
0.0222,0.021952500000000007,2.6500000000000004,0.30000000000000004,0.067
0.022250000000000002,0.019217500000000005,2.4499999999999993,0.30000000000000004,0.067
0.0223,0.020822500000000004,2.6000000000000005,0.30000000000000004,0.066
0.022350000000000002,0.018205000000000006,2.3999999999999995,0.30000000000000004,0.066
0.0224,0.017725000000000005,2.3500000000000005,0.30000000000000004,0.066
0.02245,0.019445000000000004,2.4499999999999993,0.30000000000000004,0.06499999999999999
0.022500000000000003,0.016967500000000003,2.3000000000000007,0.30000000000000004,0.06499999999999999
0.02255,0.018730000000000004,2.3999999999999995,0.30000000000000004,0.06499999999999999
0.022600000000000002,0.016352500000000002,2.25,0.30000000000000004,0.064
0.02265,0.016052500000000004,2.2,0.30000000000000004,0.064
0.0227,0.017832500000000005,2.3499999999999996,0.30000000000000004,0.064
0.02275,0.015525000000000004,2.1500000000000004,0.30000000000000004,0.063
0.0228,0.017337500000000006,2.3,0.30000000000000004,0.063
0.022850000000000002,0.015097500000000003,2.0999999999999996,0.30000000000000004,0.063
0.0229,0.015000000000000003,2.0999999999999996,0.30000000000000004,0.063
0.02295,0.017155000000000004,2.25,0.30000000000000004,0.062
0.023,0.014907500000000004,2.0500000000000007,0.30000000000000004,0.062
0.02305,0.017207500000000004,2.2,0.30000000000000004,0.064
0.023100000000000002,0.015097500000000003,2.05,0.30000000000000004,0.064
0.02315,0.017512500000000004,2.2000000000000006,0.30000000000000004,0.066
0.023200000000000002,0.015512500000000004,1.9999999999999996,0.30000000000000004,0.066
0.02325,0.015747500000000005,2.0,0.30000000000000004,0.066
0.0233,0.018207500000000005,2.15,0.30000000000000004,0.066
0.023350000000000003,0.016260000000000004,2.0000000000000004,0.30000000000000004,0.066
0.0234,0.018795000000000006,2.1,0.30000000000000004,0.06499999999999999
0.023450000000000002,0.016867500000000004,2.0000000000000004,0.30000000000000004,0.06499999999999999
0.0235,0.017015000000000006,2.05,0.30000000000000004,0.06499999999999999
0.02355,0.019215000000000006,2.25,0.30000000000000004,0.06499999999999999
0.0236,0.016962500000000005,2.1500000000000004,0.30000000000000004,0.06499999999999999
0.02365,0.019052500000000003,2.35,0.30000000000000004,0.06499999999999999
0.023700000000000002,0.016747500000000005,2.1999999999999997,0.30000000000000004,0.06499999999999999
0.02375,0.016642500000000005,2.2,0.30000000000000004,0.06499999999999999
0.0238,0.018732500000000006,2.3,0.30000000000000004,0.064
0.02385,0.016457500000000003,2.1500000000000004,0.30000000000000004,0.064
0.0239,0.018552500000000003,2.3000000000000003,0.30000000000000004,0.064
0.023950000000000003,0.016295000000000004,2.15,0.30000000000000004,0.064
0.024,0.018365000000000006,2.3,0.30000000000000004,0.064
0.024050000000000002,0.016117500000000003,2.15,0.30000000000000004,0.064
0.0241,0.016027500000000004,2.1500000000000004,0.30000000000000004,0.064
0.02415,0.018080000000000006,2.25,0.30000000000000004,0.064
0.024200000000000003,0.015865000000000004,2.1,0.30000000000000004,0.064
0.02425,0.017907500000000003,2.25,0.30000000000000004,0.064
0.024300000000000002,0.015702500000000005,2.1,0.30000000000000004,0.064
0.02435,0.015622500000000004,2.1,0.30000000000000004,0.063
0.0244,0.017545000000000005,2.25,0.30000000000000004,0.063
0.02445,0.015332500000000004,2.1,0.30000000000000004,0.063
0.0245,0.016522500000000002,2.15,0.30000000000000004,0.063
0.024550000000000002,0.014270000000000003,2.0,0.19999999999999996,0.063
0.0246,0.012375000000000002,1.8,0.19999999999999996,0.062
0.024650000000000002,0.009992500000000003,1.6,0.19999999999999996,0.061
0.0247,0.007697500000000002,1.45,0.19999999999999996,0.060000000000000005
0.02475,0.005810000000000002,1.25,0.15000000000000002,0.058
0.024800000000000003,0.004192500000000001,1.0999999999999999,0.10000000000000003,0.055
0.02485,0.002640000000000001,0.9,0.10000000000000003,0.051
0.024900000000000002,0.0011400000000000004,0.75,0.10000000000000003,0.045000000000000005
0.02495,0.0003175000000000001,0.5,0.10000000000000003,0.037
0.025,0.0,0.25,0.0,0.024
0.025050000000000003,0.0,0.0,0.0,0.0
0.0251,0.0,0.0,0.0,0.0
0.025150000000000002,0.0,0.0,0.0,0.0
0.0252,0.0,0.0,0.0,0.0
0.02525,0.0,0.0,0.0,0.0
0.0253,0.0,0.0,0.0,0.0
0.02535,0.0,0.0,0.0,0.0
0.025400000000000002,0.0,0.0,0.0,0.0
0.02545,0.0021500000000000004,0.35,0.24999999999999994,0.034
0.025500000000000002,0.003982500000000001,0.5,0.3,0.048
0.02555,0.003772500000000001,0.45,0.3,0.048
0.0256,0.005762500000000001,0.6,0.3,0.057
0.025650000000000003,0.007750000000000002,0.75,0.3,0.063
0.0257,0.009797500000000002,0.85,0.3,0.067
0.025750000000000002,0.011727500000000004,1.0,0.3,0.06999999999999998
0.0258,0.013460000000000003,1.15,0.3,0.07100000000000001
0.02585,0.015075000000000003,1.3,0.3,0.07200000000000001
0.025900000000000003,0.016572500000000004,1.4,0.3,0.07200000000000001
0.02595,0.017780000000000004,1.5499999999999998,0.3,0.07200000000000001
0.026000000000000002,0.019030000000000005,1.7,0.3,0.07200000000000001
0.02605,0.020005000000000005,1.8,0.3,0.07200000000000001
0.0261,0.020760000000000004,1.9500000000000002,0.3,0.07100000000000001
0.02615,0.021232500000000005,2.05,0.3,0.07100000000000001
0.0262,0.021467500000000004,2.1999999999999997,0.3,0.06999999999999998
0.026250000000000002,0.021440000000000004,2.3000000000000003,0.3,0.06899999999999999
0.0263,0.021155000000000004,2.4000000000000004,0.3,0.06899999999999999
0.026350000000000002,0.020767500000000005,2.45,0.3,0.068
0.0264,0.020247500000000005,2.5,0.3,0.068
0.02645,0.019660000000000004,2.5,0.3,0.067
0.026500000000000003,0.019127500000000006,2.4499999999999997,0.3,0.067
0.02655,0.018592500000000005,2.4499999999999997,0.3,0.066
0.026600000000000002,0.018112500000000004,2.4000000000000004,0.3,0.066
0.02665,0.017690000000000004,2.35,0.3,0.06499999999999999
0.0267,0.017295000000000005,2.3499999999999996,0.3,0.06499999999999999
0.026750000000000003,0.016930000000000004,2.3,0.3,0.06499999999999999
0.0268,0.016607500000000004,2.25,0.3,0.064
0.026850000000000002,0.016280000000000003,2.2499999999999996,0.3,0.064
0.0269,0.016035000000000004,2.2,0.3,0.064
0.02695,0.015742500000000003,2.1999999999999997,0.3,0.064
0.027,0.015520000000000004,2.15,0.3,0.063
0.02705,0.015292500000000004,2.1500000000000004,0.3,0.063
0.027100000000000003,0.015057500000000003,2.150000000000001,0.3,0.063
0.02715,0.015022500000000005,2.1,0.3,0.063
0.027200000000000002,0.015020000000000004,2.1000000000000005,0.3,0.062
0.02725,0.014990000000000003,2.1,0.3,0.062
0.0273,0.015062500000000003,2.0500000000000003,0.3,0.063
0.027350000000000003,0.015242500000000004,2.0500000000000007,0.3,0.064
0.0274,0.015497500000000004,2.05,0.3,0.066
0.027450000000000002,0.015737500000000005,2.05,0.3,0.066
0.0275,0.016027500000000004,2.0,0.3,0.067
0.02755,0.016325000000000003,2.0,0.3,0.066
0.027600000000000003,0.016652500000000004,2.0,0.3,0.066
0.02765,0.017030000000000003,2.0,0.3,0.066
0.027700000000000002,0.017315000000000004,2.0,0.3,0.066
0.02775,0.019732500000000004,2.25,0.3,0.066
0.027800000000000002,0.017555000000000005,2.1500000000000004,0.3,0.066
0.02785,0.017462500000000006,2.1999999999999993,0.3,0.066
0.0279,0.017360000000000004,2.25,0.3,0.06499999999999999
0.027950000000000003,0.017247500000000006,2.249999999999999,0.3,0.06499999999999999
0.028,0.017135000000000004,2.25,0.3,0.06499999999999999
0.028050000000000002,0.017037500000000004,2.2,0.3,0.06499999999999999
0.0281,0.016960000000000003,2.2,0.3,0.06499999999999999
0.02815,0.016872500000000006,2.2,0.3,0.06499999999999999
0.028200000000000003,0.016772500000000003,2.2,0.3,0.06499999999999999
0.02825,0.016685000000000005,2.200000000000001,0.3,0.06499999999999999
0.028300000000000002,0.016597500000000005,2.1999999999999993,0.3,0.06499999999999999
0.02835,0.016497500000000005,2.2,0.3,0.064
0.0284,0.016410000000000004,2.1499999999999995,0.3,0.064
0.028450000000000003,0.016337500000000005,2.1500000000000004,0.3,0.064
0.0285,0.016250000000000004,2.1499999999999986,0.3,0.064
0.028550000000000002,0.016180000000000003,2.1499999999999995,0.3,0.064
0.0286,0.018180000000000005,2.3,0.3,0.064
0.028650000000000002,0.015932500000000006,2.1500000000000004,0.3,0.064
0.0287,0.015780000000000002,2.1500000000000004,0.3,0.064
0.02875,0.015515000000000004,2.1500000000000004,0.3,0.064
0.028800000000000003,0.014370000000000004,2.0,0.19999999999999996,0.063
0.02885,0.012245000000000002,1.799999999999999,0.19999999999999996,0.063
0.028900000000000002,0.009880000000000002,1.5999999999999996,0.19999999999999996,0.062
0.02895,0.007597500000000002,1.4000000000000004,0.19999999999999996,0.060000000000000005
0.029,0.005747500000000002,1.2500000000000018,0.15000000000000002,0.058
0.029050000000000003,0.004122500000000001,1.1000000000000014,0.09999999999999998,0.055
0.0291,0.002545000000000001,0.9000000000000004,0.09999999999999998,0.051
0.029150000000000002,0.0010325000000000002,0.75,0.09999999999999998,0.045000000000000005
0.0292,0.00029000000000000006,0.4999999999999982,0.04999999999999993,0.036000000000000004
0.02925,0.0,0.25,0.0,0.023
0.029300000000000003,0.0,0.0,0.0,0.0
0.02935,0.0,0.0,0.0,0.0
0.029400000000000003,0.0,0.0,0.0,0.0
0.02945,0.0,0.0,0.0,0.0
0.029500000000000002,0.0,0.0,0.0,0.0
0.02955,0.0,0.0,0.0,0.0
0.0296,0.0,0.0,0.0,0.0
0.029650000000000003,0.0,0.0,0.0,0.0
0.0297,0.0007200000000000002,0.2500000000000018,0.25,0.018000000000000002
0.029750000000000002,0.0023400000000000005,0.40000000000000036,0.29999999999999993,0.038
0.0298,0.004187500000000001,0.5,0.29999999999999993,0.05
0.02985,0.006207500000000001,0.6499999999999986,0.29999999999999993,0.058
0.029900000000000003,0.008240000000000003,0.8000000000000007,0.29999999999999993,0.064
0.02995,0.010325000000000003,0.9000000000000004,0.29999999999999993,0.068
0.030000000000000002,0.012267500000000002,1.0500000000000007,0.29999999999999993,0.06999999999999998
0.03005,0.016455000000000004,1.3000000000000007,0.29999999999999993,0.073
0.030100000000000002,0.015605000000000004,1.25,0.29999999999999993,0.073
0.03015,0.017115000000000005,1.4000000000000004,0.29999999999999993,0.073
0.0302,0.018325000000000004,1.5500000000000007,0.29999999999999993,0.073
0.030250000000000003,0.019535000000000004,1.6499999999999986,0.29999999999999993,0.073
0.0303,0.022880000000000005,1.9499999999999993,0.29999999999999993,0.07200000000000001
0.030350000000000002,0.021282500000000006,1.9499999999999993,0.29999999999999993,0.07200000000000001
0.0304,0.021732500000000005,2.049999999999999,0.29999999999999993,0.07100000000000001
0.03045,0.021995000000000004,2.1500000000000004,0.29999999999999993,0.06999999999999998
0.030500000000000003,0.021957500000000005,2.3,0.29999999999999993,0.06999999999999998
0.03055,0.021727500000000004,2.4000000000000012,0.29999999999999993,0.06899999999999999
0.030600000000000002,0.021320000000000006,2.4499999999999993,0.29999999999999993,0.06899999999999999
0.03065,0.020782500000000006,2.5,0.29999999999999993,0.068
0.0307,0.020232500000000004,2.500000000000001,0.29999999999999993,0.068
0.030750000000000003,0.019670000000000003,2.499999999999999,0.29999999999999993,0.067
0.0308,0.019127500000000006,2.4499999999999993,0.29999999999999993,0.067
0.030850000000000002,0.018652500000000006,2.4000000000000004,0.29999999999999993,0.066
0.0309,0.020327500000000005,2.499999999999999,0.29999999999999993,0.066
0.030950000000000002,0.017782500000000003,2.3499999999999988,0.29999999999999993,0.066
0.031,0.017412500000000004,2.3,0.29999999999999993,0.06499999999999999
0.03105,0.017062500000000005,2.250000000000001,0.29999999999999993,0.06499999999999999
0.031100000000000003,0.016722500000000005,2.250000000000001,0.29999999999999993,0.06499999999999999
0.03115,0.018555000000000006,2.3500000000000005,0.29999999999999993,0.064
0.031200000000000002,0.016172500000000003,2.200000000000001,0.29999999999999993,0.064
0.03125,0.015920000000000004,2.1499999999999995,0.29999999999999993,0.064
0.0313,0.015705000000000004,2.1500000000000004,0.29999999999999993,0.064
0.03135,0.017702500000000003,2.3,0.29999999999999993,0.063
0.031400000000000004,0.015447500000000005,2.1000000000000005,0.29999999999999993,0.063
0.03145,0.015367500000000004,2.1000000000000005,0.29999999999999993,0.063
0.0315,0.015347500000000004,2.1000000000000005,0.29999999999999993,0.063
0.03155,0.015372500000000004,2.05,0.29999999999999993,0.063
0.0316,0.017777500000000005,2.2,0.29999999999999993,0.066
0.031650000000000005,0.015702500000000005,2.05,0.29999999999999993,0.066
0.0317,0.015900000000000004,2.0499999999999994,0.29999999999999993,0.066
0.03175,0.016092500000000003,2.0,0.29999999999999993,0.066
0.0318,0.016330000000000004,1.9999999999999996,0.29999999999999993,0.066
0.03185,0.018790000000000005,2.1500000000000004,0.29999999999999993,0.066
0.031900000000000005,0.016837500000000005,2.0,0.29999999999999993,0.066
0.03195,0.017082500000000004,2.0000000000000004,0.29999999999999993,0.06499999999999999
0.032,0.017200000000000003,2.0500000000000003,0.29999999999999993,0.06499999999999999
0.03205,0.019395000000000006,2.2499999999999996,0.29999999999999993,0.06499999999999999
0.032100000000000004,0.019292500000000004,2.3,0.29999999999999993,0.06499999999999999
0.032150000000000005,0.016987500000000003,2.2,0.29999999999999993,0.06499999999999999
0.0322,0.016865000000000005,2.1999999999999997,0.29999999999999993,0.06499999999999999
0.03225,0.016790000000000003,2.1499999999999995,0.29999999999999993,0.06499999999999999
0.0323,0.018887500000000005,2.3000000000000003,0.29999999999999993,0.06499999999999999
0.032350000000000004,0.018767500000000006,2.3,0.29999999999999993,0.064
0.0324,0.016495000000000003,2.15,0.29999999999999993,0.064
0.03245,0.016417500000000005,2.15,0.29999999999999993,0.064
0.0325,0.016312500000000004,2.1500000000000004,0.29999999999999993,0.064
0.03255,0.018360000000000005,2.3,0.29999999999999993,0.064
0.032600000000000004,0.018292500000000003,2.25,0.29999999999999993,0.064
0.03265,0.016062500000000004,2.1,0.29999999999999993,0.064
0.0327,0.015970000000000005,2.0999999999999996,0.29999999999999993,0.064
0.03275,0.015895000000000003,2.0999999999999996,0.29999999999999993,0.064
0.0328,0.017945000000000006,2.25,0.29999999999999993,0.064
0.032850000000000004,0.017777500000000005,2.25,0.29999999999999993,0.063
0.0329,0.015562500000000003,2.1,0.29999999999999993,0.063
0.03295,0.015350000000000004,2.1,0.29999999999999993,0.063
0.033,0.015067500000000005,2.1,0.29999999999999993,0.063
0.03305,0.013770000000000003,1.95,0.20000000000000007,0.062
0.033100000000000004,0.011367500000000003,1.7,0.20000000000000007,0.062
0.03315,0.008987500000000002,1.55,0.20000000000000007,0.061
0.0332,0.006812500000000002,1.3499999999999999,0.20000000000000007,0.059
0.03325,0.005122500000000001,1.2,0.15000000000000002,0.057
0.0333,0.0034525000000000007,1.05,0.09999999999999998,0.053
0.033350000000000005,0.0018725000000000005,0.85,0.09999999999999998,0.048
0.0334,0.0006350000000000001,0.6,0.09999999999999998,0.041
0.03345,9.250000000000003e-05,0.44999999999999996,0.04999999999999993,0.031
0.0335,0.0,0.09999999999999998,0.0,0.013
0.03355,0.0,0.0,0.0,0.0
0.033600000000000005,0.0,0.0,0.0,0.0
0.03365,0.0,0.0,0.0,0.0
0.0337,0.0,0.0,0.0,0.0
0.03375,0.0,0.0,0.0,0.0
0.033800000000000004,0.0,0.0,0.0,0.0
0.033850000000000005,0.0,0.0,0.0,0.0
0.0339,0.0,0.0,0.0,0.0
0.03395,0.0009900000000000002,0.25,0.25,0.023
0.034,0.004757500000000001,0.55,0.29999999999999993,0.052
0.034050000000000004,0.006815000000000002,0.65,0.29999999999999993,0.059
0.0341,0.006505000000000001,0.65,0.29999999999999993,0.059
0.03415,0.008547500000000003,0.8,0.29999999999999993,0.064
0.0342,0.010547500000000003,0.8999999999999999,0.29999999999999993,0.068
0.03425,0.014882500000000003,1.2,0.29999999999999993,0.07100000000000001
0.034300000000000004,0.016507500000000005,1.3499999999999999,0.29999999999999993,0.07200000000000001
0.03435,0.015630000000000005,1.2999999999999998,0.29999999999999993,0.07200000000000001
0.0344,0.017017500000000005,1.45,0.29999999999999993,0.07200000000000001
0.03445,0.018257500000000003,1.5999999999999999,0.29999999999999993,0.07200000000000001
0.0345,0.021705000000000006,1.85,0.29999999999999993,0.07200000000000001
0.034550000000000004,0.022535000000000006,2.0,0.29999999999999993,0.07100000000000001
0.0346,0.020887500000000007,1.95,0.29999999999999993,0.07100000000000001
0.03465,0.021252500000000004,2.0999999999999996,0.29999999999999993,0.06999999999999998
0.0347,0.021360000000000004,2.1999999999999997,0.29999999999999993,0.06999999999999998
0.03475,0.023537500000000006,2.45,0.29999999999999993,0.06899999999999999
0.034800000000000005,0.020977500000000007,2.4,0.29999999999999993,0.068
0.03485,0.020540000000000006,2.4499999999999997,0.29999999999999993,0.068
0.0349,0.020005000000000005,2.5,0.29999999999999993,0.067
0.03495,0.019462500000000004,2.45,0.29999999999999993,0.067
0.035,0.021097500000000005,2.6,0.29999999999999993,0.066
0.035050000000000005,0.018450000000000005,2.4,0.29999999999999993,0.066
0.0351,0.017985000000000004,2.3499999999999996,0.29999999999999993,0.066
0.03515,0.017557500000000004,2.3499999999999996,0.29999999999999993,0.06499999999999999
0.0352,0.019285000000000004,2.4500000000000006,0.29999999999999993,0.06499999999999999
0.035250000000000004,0.018895000000000006,2.4,0.29999999999999993,0.06499999999999999
0.035300000000000005,0.016515000000000005,2.25,0.29999999999999993,0.064
0.03535,0.016220000000000005,2.2,0.29999999999999993,0.064
0.0354,0.015912500000000003,2.1999999999999997,0.29999999999999993,0.064
0.03545,0.017722500000000006,2.3000000000000003,0.29999999999999993,0.063
0.035500000000000004,0.017477500000000003,2.3,0.29999999999999993,0.063
0.03555,0.015205000000000003,2.15,0.29999999999999993,0.063
0.0356,0.015072500000000004,2.1,0.29999999999999993,0.063
0.03565,0.015062500000000003,2.0999999999999996,0.29999999999999993,0.063
0.0357,0.017260000000000005,2.2499999999999996,0.29999999999999993,0.062
0.035750000000000004,0.017297500000000004,2.1999999999999997,0.29999999999999993,0.063
0.0358,0.015170000000000005,2.05,0.29999999999999993,0.063
0.03585,0.015377500000000004,2.0499999999999994,0.29999999999999993,0.06499999999999999
0.0359,0.015650000000000004,2.05,0.29999999999999993,0.066
0.03595,0.018162500000000005,2.1499999999999995,0.29999999999999993,0.066
0.036000000000000004,0.018452500000000004,2.1500000000000004,0.29999999999999993,0.066
0.03605,0.016510000000000004,2.0,0.29999999999999993,0.066
0.0361,0.016867500000000004,2.0,0.29999999999999993,0.066
0.03615,0.017220000000000003,2.0,0.29999999999999993,0.066
0.0362,0.019710000000000005,2.200000000000001,0.29999999999999993,0.066
0.036250000000000004,0.017582500000000004,2.1000000000000005,0.29999999999999993,0.066
0.0363,0.017587500000000006,2.1499999999999995,0.29999999999999993,0.066
0.03635,0.017502500000000004,2.2,0.29999999999999993,0.06499999999999999
0.0364,0.017380000000000003,2.250000000000001,0.29999999999999993,0.06499999999999999
0.03645,0.019497500000000004,2.3499999999999996,0.29999999999999993,0.06499999999999999
0.036500000000000005,0.017185000000000006,2.2,0.29999999999999993,0.06499999999999999
0.03655,0.017087500000000005,2.2,0.29999999999999993,0.06499999999999999
0.0366,0.016980000000000006,2.1999999999999984,0.29999999999999993,0.06499999999999999
0.03665,0.016860000000000003,2.2,0.29999999999999993,0.06499999999999999
0.0367,0.018960000000000005,2.3499999999999996,0.29999999999999993,0.06499999999999999
0.036750000000000005,0.016647500000000003,2.1999999999999993,0.29999999999999993,0.06499999999999999
0.0368,0.016597500000000005,2.1500000000000004,0.29999999999999993,0.064
0.03685,0.016520000000000003,2.1500000000000004,0.29999999999999993,0.064
0.0369,0.018595000000000004,2.3,0.29999999999999993,0.064
0.036950000000000004,0.018510000000000006,2.3000000000000016,0.29999999999999993,0.064
0.037000000000000005,0.016290000000000002,2.1500000000000012,0.29999999999999993,0.064
0.03705,0.016180000000000003,2.1500000000000004,0.29999999999999993,0.064
0.0371,0.016045000000000004,2.1500000000000004,0.29999999999999993,0.064
0.03715,0.017882500000000006,2.3000000000000016,0.29999999999999993,0.064
0.037200000000000004,0.017580000000000005,2.3,0.29999999999999993,0.064
0.03725,0.015132500000000004,2.0999999999999996,0.29999999999999993,0.063
0.0373,0.013475000000000003,1.9000000000000021,0.20000000000000007,0.063
0.03735,0.011167500000000002,1.6999999999999993,0.20000000000000007,0.062
0.0374,0.008767500000000003,1.5500000000000007,0.20000000000000007,0.061
0.037450000000000004,0.006617500000000002,1.3500000000000014,0.20000000000000007,0.059
0.0375,0.004950000000000001,1.200000000000001,0.09999999999999998,0.057
0.03755,0.0033150000000000007,1.0,0.09999999999999998,0.053
0.0376,0.0017200000000000004,0.8499999999999996,0.09999999999999998,0.048
0.03765,0.0005200000000000002,0.5999999999999996,0.09999999999999998,0.04
0.037700000000000004,3.500000000000001e-05,0.40000000000000036,0.0,0.030000000000000002
0.03775,0.0,0.049999999999998934,0.0,0.007
0.0378,0.0,0.0,0.0,0.0
0.03785,0.0,0.0,0.0,0.0
0.0379,0.0,0.0,0.0,0.0
0.037950000000000005,0.0,0.0,0.0,0.0
0.038,0.0,0.0,0.0,0.0
0.03805,0.0,0.0,0.0,0.0
0.0381,0.0,0.0,0.0,0.0
0.03815,0.0014650000000000004,0.3000000000000007,0.25,0.027
0.038200000000000005,0.0013175000000000003,0.3000000000000007,0.25,0.027
0.03825,0.0030575000000000008,0.45000000000000107,0.30000000000000004,0.043
0.0383,0.0049650000000000015,0.5500000000000007,0.30000000000000004,0.054
0.03835,0.009365000000000002,0.8499999999999996,0.30000000000000004,0.06499999999999999
0.038400000000000004,0.011507500000000002,1.0,0.30000000000000004,0.068
0.038450000000000005,0.011042500000000002,0.9500000000000011,0.30000000000000004,0.068
0.0385,0.012857500000000003,1.1000000000000014,0.30000000000000004,0.07100000000000001
0.03855,0.014530000000000003,1.2500000000000018,0.30000000000000004,0.07200000000000001
0.0386,0.018575000000000005,1.5,0.30000000000000004,0.073
0.038650000000000004,0.019867500000000007,1.6500000000000004,0.30000000000000004,0.073
0.038700000000000005,0.018697500000000006,1.6500000000000004,0.30000000000000004,0.07200000000000001
0.03875,0.019787500000000006,1.75,0.30000000000000004,0.07200000000000001
0.0388,0.020640000000000006,1.8999999999999995,0.30000000000000004,0.07200000000000001
0.03885,0.023602500000000005,2.1499999999999995,0.30000000000000004,0.07100000000000001
0.038900000000000004,0.023947500000000007,2.299999999999999,0.30000000000000004,0.07100000000000001
0.03895,0.021760000000000005,2.25,0.30000000000000004,0.06999999999999998
0.039,0.021652500000000005,2.3500000000000014,0.30000000000000004,0.06899999999999999
0.03905,0.021315000000000004,2.45,0.30000000000000004,0.06899999999999999
0.0391,0.023092500000000005,2.6499999999999995,0.30000000000000004,0.068
0.039150000000000004,0.022552500000000007,2.6999999999999993,0.30000000000000004,0.068
0.0392,0.019802500000000004,2.5,0.30000000000000004,0.067
0.03925,0.019300000000000005,2.5,0.30000000000000004,0.067
0.0393,0.018770000000000005,2.45,0.30000000000000004,0.066
0.03935,0.020427500000000005,2.549999999999999,0.30000000000000004,0.066
0.039400000000000004,0.020012500000000006,2.5,0.30000000000000004,0.066
0.03945,0.017467500000000004,2.3499999999999996,0.30000000000000004,0.06499999999999999
0.0395,0.017147500000000003,2.299999999999998,0.30000000000000004,0.06499999999999999
0.03955,0.016802500000000005,2.3,0.30000000000000004,0.06499999999999999
0.0396,0.018595000000000004,2.3999999999999995,0.30000000000000004,0.064
0.039650000000000005,0.016210000000000006,2.249999999999999,0.30000000000000004,0.064
0.0397,0.015987500000000005,2.2,0.30000000000000004,0.064
0.03975,0.015710000000000005,2.1999999999999993,0.30000000000000004,0.064
0.0398,0.017630000000000003,2.3000000000000007,0.30000000000000004,0.063
0.039850000000000003,0.017592500000000004,2.3,0.30000000000000004,0.063
0.039900000000000005,0.015325000000000004,2.1500000000000004,0.30000000000000004,0.063
0.03995,0.015307500000000003,2.0999999999999996,0.30000000000000004,0.063
0.04,0.015330000000000003,2.1000000000000005,0.30000000000000004,0.062
0.04005,0.017742500000000005,2.25,0.30000000000000004,0.066
0.040100000000000004,0.017937500000000006,2.2500000000000004,0.30000000000000004,0.066
0.040150000000000005,0.015892500000000004,2.0500000000000003,0.30000000000000004,0.066
0.0402,0.016182500000000002,2.05,0.30000000000000004,0.067
0.04025,0.016455000000000004,2.0499999999999994,0.30000000000000004,0.067
0.0403,0.019032500000000004,2.2,0.30000000000000004,0.066
0.040350000000000004,0.019345000000000005,2.15,0.30000000000000004,0.066
0.040400000000000005,0.017437500000000005,2.0000000000000004,0.30000000000000004,0.066
0.04045,0.017675000000000003,2.05,0.30000000000000004,0.066
0.0405,0.017762500000000004,2.15,0.30000000000000004,0.066
0.04055,0.019965000000000004,2.349999999999999,0.30000000000000004,0.066
0.040600000000000004,0.019872500000000005,2.4,0.30000000000000004,0.066
0.04065,0.017535000000000005,2.2499999999999996,0.30000000000000004,0.06499999999999999
0.0407,0.017430000000000005,2.25,0.30000000000000004,0.06499999999999999
0.04075,0.017320000000000006,2.2499999999999996,0.30000000000000004,0.06499999999999999
0.0408,0.019407500000000005,2.4000000000000004,0.30000000000000004,0.06499999999999999
0.040850000000000004,0.019290000000000005,2.4,0.30000000000000004,0.06499999999999999
0.0409,0.017020000000000004,2.2,0.30000000000000004,0.06499999999999999
0.04095,0.016930000000000004,2.2,0.30000000000000004,0.06499999999999999
0.041,0.016855000000000005,2.2,0.30000000000000004,0.06499999999999999
0.04105,0.018945000000000004,2.3499999999999996,0.30000000000000004,0.06499999999999999
0.041100000000000005,0.018865000000000003,2.35,0.30000000000000004,0.06499999999999999
0.04115,0.016602500000000003,2.2,0.30000000000000004,0.064
0.0412,0.016507500000000005,2.1999999999999997,0.30000000000000004,0.064
0.04125,0.016365000000000005,2.1999999999999997,0.30000000000000004,0.064
0.0413,0.018382500000000003,2.3000000000000003,0.30000000000000004,0.064
0.041350000000000005,0.016140000000000005,2.15,0.30000000000000004,0.064
0.0414,0.015992500000000003,2.0999999999999996,0.30000000000000004,0.064
0.04145,0.015762500000000006,2.1,0.30000000000000004,0.064
0.0415,0.015492500000000005,2.05,0.25,0.063
0.041550000000000004,0.013280000000000004,1.85,0.19999999999999996,0.063
0.041600000000000005,0.010837500000000003,1.7,0.19999999999999996,0.062
0.04165,0.008410000000000003,1.55,0.19999999999999996,0.061
0.0417,0.006335000000000001,1.3499999999999999,0.19999999999999996,0.059
0.04175,0.0046900000000000015,1.2,0.09999999999999998,0.056
0.041800000000000004,0.003035000000000001,0.9500000000000001,0.09999999999999998,0.052
0.041850000000000005,0.0014700000000000004,0.8,0.09999999999999998,0.047
0.0419,0.0004350000000000001,0.6,0.09999999999999998,0.039
0.04195,0.0,0.35000000000000003,0.0,0.027
0.042,0.0,0.0,0.0,0.0
0.042050000000000004,0.0,0.0,0.0,0.0
0.042100000000000005,0.0,0.0,0.0,0.0
0.04215,0.0,0.0,0.0,0.0
0.0422,0.0,0.0,0.0,0.0
0.04225,0.0,0.0,0.0,0.0
0.042300000000000004,0.0,0.0,0.0,0.0
0.04235,0.0,0.0,0.0,0.0
0.0424,4.000000000000001e-05,0.05,0.050000000000000044,0.003
0.04245,0.0016650000000000005,0.35,0.2500000000000001,0.031
0.0425,0.005617500000000002,0.6,0.29999999999999993,0.055
0.042550000000000004,0.007742500000000002,0.7,0.29999999999999993,0.062
0.0426,0.007385000000000002,0.7,0.29999999999999993,0.062
0.04265,0.009467500000000002,0.7999999999999999,0.29999999999999993,0.066
0.0427,0.011475000000000003,0.95,0.29999999999999993,0.06899999999999999
0.04275,0.015780000000000002,1.25,0.29999999999999993,0.07200000000000001
0.042800000000000005,0.017420000000000005,1.4,0.29999999999999993,0.073
0.04285,0.016495000000000003,1.3499999999999999,0.29999999999999993,0.073
0.0429,0.017780000000000004,1.5,0.29999999999999993,0.073
0.04295,0.021450000000000004,1.7999999999999998,0.29999999999999993,0.073
0.043000000000000003,0.022497500000000007,1.9000000000000004,0.29999999999999993,0.07200000000000001
0.043050000000000005,0.020930000000000004,1.9000000000000004,0.29999999999999993,0.07200000000000001
0.0431,0.021515000000000006,2.0,0.29999999999999993,0.07100000000000001
0.04315,0.021867500000000005,2.15,0.29999999999999993,0.07100000000000001
0.0432,0.024240000000000005,2.4,0.29999999999999993,0.06999999999999998
0.043250000000000004,0.024082500000000007,2.5,0.29999999999999993,0.06899999999999999
0.043300000000000005,0.021495000000000004,2.4499999999999997,0.29999999999999993,0.06899999999999999
0.04335,0.021030000000000004,2.4999999999999996,0.29999999999999993,0.068
0.0434,0.020505000000000006,2.5,0.29999999999999993,0.068
0.04345,0.022170000000000006,2.65,0.29999999999999993,0.067
0.043500000000000004,0.021587500000000006,2.6000000000000005,0.29999999999999993,0.067
0.043550000000000005,0.018942500000000004,2.4000000000000004,0.29999999999999993,0.067
0.0436,0.018450000000000005,2.4000000000000004,0.29999999999999993,0.066
0.04365,0.018022500000000004,2.35,0.29999999999999993,0.066
0.0437,0.019772500000000005,2.45,0.29999999999999993,0.06499999999999999
0.043750000000000004,0.019407500000000005,2.4499999999999997,0.29999999999999993,0.06499999999999999
0.0438,0.016940000000000004,2.2499999999999996,0.29999999999999993,0.06499999999999999
0.04385,0.016657500000000006,2.25,0.29999999999999993,0.06499999999999999
0.0439,0.016382500000000005,2.1999999999999997,0.29999999999999993,0.064
0.04395,0.018167500000000003,2.349999999999999,0.29999999999999993,0.064
0.044000000000000004,0.017917500000000003,2.3,0.29999999999999993,0.064
0.04405,0.015652500000000003,2.15,0.29999999999999993,0.064
0.0441,0.015542500000000004,2.15,0.29999999999999993,0.063
0.04415,0.015497500000000004,2.0999999999999996,0.29999999999999993,0.063
0.0442,0.017720000000000003,2.2499999999999996,0.29999999999999993,0.063
0.044250000000000005,0.017722500000000006,2.2499999999999996,0.29999999999999993,0.064
0.0443,0.015580000000000004,2.05,0.29999999999999993,0.064
0.04435,0.015737500000000005,2.0500000000000003,0.29999999999999993,0.06499999999999999
0.0444,0.015955000000000004,2.0500000000000007,0.29999999999999993,0.066
0.04445,0.018410000000000006,2.2,0.29999999999999993,0.066
0.044500000000000005,0.016380000000000006,2.0,0.29999999999999993,0.066
0.04455,0.016667500000000005,2.000000000000001,0.29999999999999993,0.066
0.0446,0.016942500000000003,2.0,0.29999999999999993,0.066
0.04465,0.019415000000000005,2.1499999999999995,0.29999999999999993,0.066
0.044700000000000004,0.019590000000000003,2.2,0.29999999999999993,0.06499999999999999
0.044750000000000005,0.017375000000000005,2.1000000000000005,0.29999999999999993,0.06499999999999999
0.0448,0.017340000000000005,2.1499999999999995,0.29999999999999993,0.06499999999999999
0.04485,0.017237500000000003,2.2,0.29999999999999993,0.06499999999999999
0.0449,0.019325000000000005,2.3499999999999996,0.29999999999999993,0.06499999999999999
0.044950000000000004,0.019225000000000006,2.3500000000000005,0.29999999999999993,0.06499999999999999
0.045000000000000005,0.016917500000000005,2.2,0.29999999999999993,0.06499999999999999
0.04505,0.016835000000000003,2.2,0.29999999999999993,0.06499999999999999
0.0451,0.016742500000000004,2.1500000000000012,0.29999999999999993,0.06499999999999999
0.04515,0.018827500000000004,2.3,0.29999999999999993,0.064
0.045200000000000004,0.018745000000000005,2.3000000000000007,0.29999999999999993,0.064
0.045250000000000005,0.016467500000000003,2.1500000000000004,0.29999999999999993,0.064
0.0453,0.016407500000000005,2.1500000000000012,0.29999999999999993,0.064
0.04535,0.016312500000000004,2.1499999999999995,0.29999999999999993,0.064
0.0454,0.018342500000000005,2.3000000000000007,0.29999999999999993,0.064
0.045450000000000004,0.018237500000000004,2.3,0.29999999999999993,0.064
0.0455,0.015990000000000004,2.1000000000000005,0.29999999999999993,0.064
0.04555,0.015892500000000004,2.0999999999999988,0.29999999999999993,0.064
0.0456,0.015745000000000006,2.1000000000000014,0.29999999999999993,0.064
0.04565,0.017537500000000004,2.25,0.29999999999999993,0.063
0.045700000000000005,0.016652500000000004,2.1500000000000004,0.29999999999999993,0.063
0.04575,0.014357500000000004,2.0,0.20000000000000007,0.063
0.0458,0.012277500000000004,1.799999999999999,0.20000000000000007,0.062
0.04585,0.009897500000000002,1.6500000000000004,0.20000000000000007,0.061
0.0459,0.0075625000000000015,1.5,0.20000000000000007,0.060000000000000005
0.045950000000000005,0.0057100000000000015,1.2500000000000018,0.15000000000000002,0.058
0.046,0.004037500000000001,1.1000000000000014,0.10000000000000009,0.054
0.04605,0.0024525000000000007,0.9000000000000004,0.10000000000000009,0.05
0.0461,0.0009600000000000002,0.75,0.10000000000000009,0.044
0.046150000000000004,0.00024250000000000007,0.4999999999999982,0.050000000000000044,0.03499999999999999
0.046200000000000005,0.0,0.25,0.0,0.02
0.04625,0.0,0.0,0.0,0.0
0.0463,0.0,0.0,0.0,0.0
0.04635,0.0,0.0,0.0,0.0
0.046400000000000004,0.0,0.0,0.0,0.0
0.046450000000000005,0.0,0.0,0.0,0.0
0.0465,0.0,0.0,0.0,0.0
0.04655,0.0,0.0,0.0,0.0
0.0466,0.0004375000000000001,0.20000000000000107,0.19999999999999996,0.012
0.046650000000000004,0.0021725000000000004,0.34999999999999964,0.25,0.034
0.046700000000000005,0.0020125000000000004,0.34999999999999964,0.25,0.034
0.04675,0.003800000000000001,0.45000000000000107,0.30000000000000004,0.048
0.0468,0.005740000000000001,0.5999999999999996,0.30000000000000004,0.057
0.04685,0.010162500000000003,0.9000000000000004,0.30000000000000004,0.066
0.046900000000000004,0.012222500000000002,1.0000000000000018,0.30000000000000004,0.06899999999999999
0.046950000000000006,0.011682500000000004,1.0000000000000018,0.30000000000000004,0.06899999999999999
0.047,0.013347500000000003,1.1500000000000004,0.30000000000000004,0.07100000000000001
0.04705,0.014962500000000004,1.25,0.30000000000000004,0.07100000000000001
0.0471,0.018822500000000006,1.5500000000000007,0.30000000000000004,0.07200000000000001
0.047150000000000004,0.020100000000000007,1.6999999999999993,0.30000000000000004,0.07200000000000001
0.0472,0.018865000000000003,1.6499999999999986,0.30000000000000004,0.07200000000000001
0.04725,0.019767500000000004,1.799999999999999,0.30000000000000004,0.07100000000000001
0.0473,0.020562500000000004,1.8999999999999986,0.30000000000000004,0.07100000000000001
0.04735,0.023277500000000007,2.1999999999999993,0.30000000000000004,0.06999999999999998
0.047400000000000005,0.023485000000000006,2.3,0.30000000000000004,0.06999999999999998
0.04745,0.021252500000000004,2.250000000000001,0.30000000000000004,0.06899999999999999
0.0475,0.021032500000000006,2.3500000000000005,0.30000000000000004,0.06899999999999999
0.04755,0.020682500000000006,2.4499999999999993,0.30000000000000004,0.068
0.0476,0.022397500000000004,2.6499999999999995,0.30000000000000004,0.068
0.047650000000000005,0.021867500000000005,2.6500000000000012,0.30000000000000004,0.067
0.0477,0.019135000000000006,2.45,0.30000000000000004,0.067
0.04775,0.018675000000000004,2.3999999999999986,0.30000000000000004,0.066
0.0478,0.020307500000000006,2.5500000000000007,0.30000000000000004,0.066
0.047850000000000004,0.019887500000000006,2.499999999999999,0.30000000000000004,0.06499999999999999
0.047900000000000005,0.017382500000000006,2.3,0.30000000000000004,0.06499999999999999
0.04795,0.017000000000000005,2.3,0.30000000000000004,0.06499999999999999
0.048,0.016660000000000005,2.250000000000001,0.30000000000000004,0.064
0.04805,0.018432500000000004,2.4000000000000004,0.30000000000000004,0.064
0.048100000000000004,0.018132500000000006,2.3500000000000005,0.30000000000000004,0.064
0.048150000000000005,0.015790000000000005,2.200000000000001,0.30000000000000004,0.064
0.0482,0.015557500000000004,2.1499999999999995,0.30000000000000004,0.063
0.04825,0.015312500000000003,2.1500000000000004,0.30000000000000004,0.063
0.0483,0.017310000000000006,2.3,0.30000000000000004,0.063
0.048350000000000004,0.017295000000000005,2.250000000000001,0.30000000000000004,0.063
0.048400000000000006,0.015037500000000004,2.1000000000000005,0.30000000000000004,0.062
0.04845,0.015050000000000004,2.1000000000000005,0.30000000000000004,0.062
0.0485,0.015117500000000004,2.05,0.30000000000000004,0.063
0.04855,0.017577500000000003,2.2,0.30000000000000004,0.066
0.048600000000000004,0.017800000000000003,2.1999999999999997,0.30000000000000004,0.066
0.048650000000000006,0.015812500000000004,2.0499999999999994,0.30000000000000004,0.066
0.0487,0.016080000000000004,2.0,0.30000000000000004,0.066
0.04875,0.016405000000000003,1.9999999999999996,0.30000000000000004,0.066
0.0488,0.018985000000000005,2.1500000000000004,0.30000000000000004,0.066
0.048850000000000005,0.019325000000000005,2.15,0.30000000000000004,0.066
0.0489,0.017362500000000003,2.0000000000000004,0.30000000000000004,0.066
0.04895,0.017545000000000005,2.0500000000000003,0.30000000000000004,0.066
0.049,0.017590000000000005,2.1500000000000004,0.30000000000000004,0.066
0.04905,0.019742500000000007,2.3500000000000005,0.30000000000000004,0.06499999999999999
0.049100000000000005,0.019645000000000006,2.4,0.30000000000000004,0.06499999999999999
0.04915,0.017300000000000003,2.2499999999999996,0.30000000000000004,0.06499999999999999
0.0492,0.017157500000000003,2.2,0.30000000000000004,0.06499999999999999
0.04925,0.019285000000000004,2.35,0.30000000000000004,0.06499999999999999
0.049300000000000004,0.019200000000000005,2.3500000000000005,0.30000000000000004,0.06499999999999999
0.049350000000000005,0.019085000000000005,2.35,0.30000000000000004,0.06499999999999999
0.0494,0.016805000000000004,2.1999999999999997,0.30000000000000004,0.06499999999999999
0.04945,0.016732500000000004,2.2,0.30000000000000004,0.06499999999999999
0.0495,0.018807500000000005,2.35,0.30000000000000004,0.064
0.049550000000000004,0.018717500000000005,2.3,0.30000000000000004,0.064
0.049600000000000005,0.016462500000000005,2.15,0.30000000000000004,0.064
0.04965,0.016377500000000003,2.15,0.30000000000000004,0.064
0.0497,0.016302500000000004,2.1500000000000004,0.30000000000000004,0.064
0.04975,0.018295000000000006,2.3000000000000003,0.30000000000000004,0.064
0.049800000000000004,0.018162500000000005,2.3000000000000003,0.30000000000000004,0.064
0.049850000000000005,0.015912500000000003,2.15,0.30000000000000004,0.064
0.0499,0.015695000000000004,2.15,0.30000000000000004,0.063
0.04995,0.015350000000000004,2.15,0.30000000000000004,0.063
0.05,0.014325000000000004,1.95,0.19999999999999996,0.063
0.050050000000000004,0.011940000000000003,1.75,0.19999999999999996,0.062
0.050100000000000006,0.009507500000000002,1.6,0.19999999999999996,0.061
0.05015,0.007275000000000002,1.4,0.19999999999999996,0.059
0.0502,0.005465000000000001,1.25,0.1499999999999999,0.057
0.05025,0.003767500000000001,1.0999999999999999,0.09999999999999987,0.054
0.050300000000000004,0.0021375000000000005,0.9,0.09999999999999987,0.049
0.050350000000000006,0.0007875000000000002,0.7000000000000001,0.09999999999999987,0.041999999999999996
0.0504,0.00014500000000000003,0.5,0.050000000000000044,0.033
0.05045,0.0,0.15000000000000002,0.0,0.016
0.0505,0.0,0.0,0.0,0.0
0.050550000000000005,0.0,0.0,0.0,0.0
0.0506,0.0,0.0,0.0,0.0
0.05065,0.0,0.0,0.0,0.0
0.0507,0.0,0.0,0.0,0.0
0.05075,0.0,0.0,0.0,0.0
0.050800000000000005,0.0,0.0,0.0,0.0
0.05085,0.0,0.0,0.0,0.0
0.0509,0.0007575000000000001,0.25,0.25,0.019
0.05095,0.0043925000000000014,0.55,0.30000000000000004,0.05
0.051000000000000004,0.006432500000000002,0.65,0.30000000000000004,0.058
0.051050000000000005,0.008515000000000002,0.8,0.30000000000000004,0.063
0.0511,0.008162500000000001,0.8,0.30000000000000004,0.063
0.05115,0.010170000000000002,0.8999999999999999,0.30000000000000004,0.067
0.0512,0.012102500000000004,1.05,0.30000000000000004,0.06899999999999999
0.051250000000000004,0.013755000000000003,1.2,0.30000000000000004,0.07100000000000001
0.051300000000000005,0.015380000000000003,1.2999999999999998,0.30000000000000004,0.07200000000000001
0.05135,0.016795000000000004,1.45,0.30000000000000004,0.07200000000000001
0.0514,0.018040000000000004,1.5999999999999999,0.30000000000000004,0.07200000000000001
0.05145,0.019167500000000004,1.7000000000000002,0.30000000000000004,0.07200000000000001
0.051500000000000004,0.020042500000000005,1.85,0.30000000000000004,0.07100000000000001
0.051550000000000006,0.020815000000000004,1.95,0.30000000000000004,0.07100000000000001
0.0516,0.021217500000000004,2.0999999999999996,0.30000000000000004,0.06999999999999998
0.05165,0.021425000000000007,2.1999999999999997,0.30000000000000004,0.06999999999999998
0.0517,0.021387500000000004,2.2500000000000004,0.30000000000000004,0.06899999999999999
0.051750000000000004,0.021170000000000005,2.35,0.30000000000000004,0.06899999999999999
0.051800000000000006,0.020787500000000004,2.45,0.30000000000000004,0.068
0.05185,0.020280000000000006,2.45,0.30000000000000004,0.068
0.0519,0.019790000000000006,2.45,0.30000000000000004,0.067
0.05195,0.019287500000000006,2.4499999999999997,0.30000000000000004,0.067
0.052000000000000005,0.018747500000000004,2.3999999999999995,0.30000000000000004,0.066
0.05205,0.018285000000000006,2.35,0.30000000000000004,0.066
0.0521,0.017842500000000004,2.35,0.30000000000000004,0.066
0.05215,0.017452500000000003,2.3,0.30000000000000004,0.06499999999999999
0.0522,0.017095000000000006,2.25,0.30000000000000004,0.06499999999999999
0.052250000000000005,0.016770000000000004,2.25,0.30000000000000004,0.06499999999999999
0.0523,0.016457500000000003,2.1999999999999997,0.30000000000000004,0.064
0.05235,0.016185000000000005,2.2,0.30000000000000004,0.064
0.0524,0.017952500000000003,2.3,0.30000000000000004,0.064
0.052450000000000004,0.015655000000000002,2.15,0.30000000000000004,0.063
0.052500000000000005,0.015415000000000003,2.1,0.30000000000000004,0.063
0.05255,0.015260000000000004,2.1000000000000005,0.30000000000000004,0.063
0.0526,0.015210000000000003,2.15,0.30000000000000004,0.063
0.05265,0.015192500000000005,2.1,0.30000000000000004,0.063
0.052700000000000004,0.015222500000000003,2.0999999999999996,0.30000000000000004,0.062
0.052750000000000005,0.015307500000000003,2.1,0.30000000000000004,0.063
0.0528,0.015472500000000004,2.0999999999999996,0.30000000000000004,0.06499999999999999
0.05285,0.015695000000000004,2.05,0.30000000000000004,0.066
0.0529,0.015957500000000003,2.05,0.30000000000000004,0.066
0.052950000000000004,0.016250000000000004,2.05,0.30000000000000004,0.066
0.053000000000000005,0.016550000000000006,2.05,0.30000000000000004,0.066
0.05305,0.016855000000000005,2.0,0.30000000000000004,0.066
0.0531,0.017180000000000004,2.0,0.30000000000000004,0.066
0.05315,0.017475000000000004,2.0,0.30000000000000004,0.066
0.053200000000000004,0.017595000000000003,2.05,0.30000000000000004,0.066
0.053250000000000006,0.017632500000000006,2.0999999999999996,0.30000000000000004,0.066
0.0533,0.017537500000000004,2.1999999999999993,0.30000000000000004,0.06499999999999999
0.05335,0.017425000000000003,2.2,0.30000000000000004,0.06499999999999999
0.0534,0.017337500000000006,2.1999999999999993,0.30000000000000004,0.06499999999999999
0.053450000000000004,0.017237500000000003,2.2,0.30000000000000004,0.06499999999999999
0.053500000000000006,0.017115000000000005,2.2,0.30000000000000004,0.06499999999999999
0.05355,0.017020000000000004,2.1499999999999995,0.30000000000000004,0.06499999999999999
0.0536,0.016922500000000004,2.1499999999999995,0.30000000000000004,0.06499999999999999
0.05365,0.016845000000000006,2.1500000000000004,0.30000000000000004,0.06499999999999999
0.053700000000000005,0.016760000000000004,2.1500000000000004,0.30000000000000004,0.06499999999999999
0.05375,0.016682500000000003,2.1499999999999986,0.30000000000000004,0.064
0.0538,0.016595000000000006,2.1499999999999995,0.30000000000000004,0.064
0.05385,0.016500000000000004,2.1499999999999995,0.30000000000000004,0.064
0.0539,0.016375000000000004,2.1500000000000004,0.30000000000000004,0.064
0.053950000000000005,0.016275000000000005,2.1499999999999986,0.30000000000000004,0.064
0.054,0.016175000000000005,2.0999999999999996,0.30000000000000004,0.064
0.05405,0.016042500000000005,2.0999999999999996,0.30000000000000004,0.064
0.0541,0.017915000000000004,2.250000000000001,0.30000000000000004,0.064
0.054150000000000004,0.015682500000000005,2.1000000000000005,0.30000000000000004,0.063
0.054200000000000005,0.015330000000000003,2.1000000000000005,0.30000000000000004,0.063
0.05425,0.013782500000000003,1.950000000000001,0.19999999999999996,0.063
0.0543,0.011492500000000003,1.75,0.19999999999999996,0.062
0.05435,0.009062500000000003,1.5999999999999996,0.19999999999999996,0.061
0.054400000000000004,0.0068375000000000016,1.4000000000000004,0.19999999999999996,0.059
0.054450000000000005,0.005105000000000001,1.200000000000001,0.1499999999999999,0.057
0.0545,0.0034425000000000007,1.0,0.10000000000000009,0.053
0.05455,0.0018500000000000005,0.8499999999999996,0.10000000000000009,0.048
0.0546,0.0005950000000000002,0.6500000000000004,0.10000000000000009,0.041
0.054650000000000004,6.500000000000002e-05,0.4499999999999993,0.050000000000000044,0.030000000000000002
0.054700000000000006,0.0,0.09999999999999964,0.0,0.01
0.05475,0.0,0.0,0.0,0.0
0.0548,0.0,0.0,0.0,0.0
0.05485,0.0,0.0,0.0,0.0
0.054900000000000004,0.0,0.0,0.0,0.0
0.054950000000000006,0.0,0.0,0.0,0.0
0.055,0.0,0.0,0.0,0.0
0.05505,0.0,0.0,0.0,0.0
0.0551,0.0,0.0,0.0,0.0
0.055150000000000005,0.0010400000000000003,0.2500000000000018,0.25,0.024
0.055200000000000006,0.002735000000000001,0.40000000000000036,0.30000000000000004,0.041
0.05525,0.004590000000000001,0.5,0.30000000000000004,0.052
0.0553,0.006537500000000002,0.6499999999999986,0.30000000000000004,0.059
0.05535,0.008597500000000003,0.8000000000000007,0.30000000000000004,0.064
0.055400000000000005,0.010612500000000002,0.9000000000000004,0.30000000000000004,0.068
0.05545,0.012445000000000003,1.0500000000000007,0.30000000000000004,0.06999999999999998
0.0555,0.014122500000000003,1.200000000000001,0.30000000000000004,0.07100000000000001
0.05555,0.018192500000000004,1.450000000000001,0.30000000000000004,0.07200000000000001
0.055600000000000004,0.017087500000000005,1.450000000000001,0.30000000000000004,0.07200000000000001
0.055650000000000005,0.018322500000000005,1.5999999999999996,0.30000000000000004,0.07200000000000001
0.0557,0.019442500000000005,1.700000000000001,0.30000000000000004,0.07200000000000001
0.05575,0.020292500000000005,1.8499999999999996,0.30000000000000004,0.07100000000000001
0.0558,0.023292500000000004,2.0999999999999988,0.30000000000000004,0.07100000000000001
0.055850000000000004,0.021392500000000005,2.0999999999999988,0.30000000000000004,0.06999999999999998
0.055900000000000005,0.021540000000000007,2.1999999999999993,0.30000000000000004,0.06999999999999998
0.05595,0.021475000000000005,2.3000000000000007,0.30000000000000004,0.06899999999999999
0.056,0.021180000000000004,2.4000000000000004,0.30000000000000004,0.06899999999999999
0.05605,0.020782500000000006,2.4499999999999984,0.30000000000000004,0.068
0.056100000000000004,0.020297500000000007,2.5,0.30000000000000004,0.068
0.056150000000000005,0.019775000000000004,2.499999999999999,0.30000000000000004,0.067
0.0562,0.019270000000000006,2.45,0.30000000000000004,0.067
0.05625,0.018770000000000005,2.4000000000000004,0.30000000000000004,0.066
0.0563,0.018305000000000005,2.4000000000000004,0.30000000000000004,0.066
0.056350000000000004,0.017897500000000004,2.3500000000000005,0.30000000000000004,0.066
0.056400000000000006,0.017497500000000006,2.3,0.30000000000000004,0.06499999999999999
0.05645,0.017120000000000003,2.3000000000000016,0.30000000000000004,0.06499999999999999
0.0565,0.016800000000000006,2.25,0.30000000000000004,0.06499999999999999
0.05655,0.016490000000000005,2.25,0.30000000000000004,0.064
0.056600000000000004,0.016225000000000003,2.1999999999999993,0.30000000000000004,0.064
0.056650000000000006,0.015937500000000004,2.2,0.30000000000000004,0.064
0.0567,0.015720000000000005,2.1499999999999995,0.30000000000000004,0.064
0.05675,0.015467500000000004,2.1500000000000004,0.30000000000000004,0.063
0.0568,0.015335000000000003,2.0999999999999988,0.30000000000000004,0.063
0.056850000000000005,0.015312500000000003,2.0999999999999996,0.30000000000000004,0.063
0.056900000000000006,0.015277500000000005,2.0999999999999996,0.30000000000000004,0.063
0.05695,0.015310000000000004,2.0999999999999996,0.30000000000000004,0.062
0.057,0.017695000000000006,2.1999999999999993,0.30000000000000004,0.06499999999999999
0.057050000000000003,0.015615000000000004,2.05,0.30000000000000004,0.06499999999999999
0.057100000000000005,0.015847500000000004,2.05,0.30000000000000004,0.066
0.05715,0.016110000000000003,2.0,0.30000000000000004,0.067
0.0572,0.016382500000000005,1.9999999999999996,0.30000000000000004,0.067
0.05725,0.018967500000000005,2.15,0.30000000000000004,0.066
0.057300000000000004,0.017080000000000005,1.9999999999999996,0.30000000000000004,0.066
0.057350000000000005,0.017420000000000005,2.0,0.30000000000000004,0.066
0.0574,0.017660000000000006,2.0500000000000003,0.30000000000000004,0.066
0.05745,0.017762500000000004,2.1,0.30000000000000004,0.066
0.0575,0.020007500000000004,2.2999999999999994,0.30000000000000004,0.066
0.057550000000000004,0.017667500000000006,2.1999999999999997,0.30000000000000004,0.066
0.057600000000000005,0.017560000000000003,2.2500000000000004,0.30000000000000004,0.06499999999999999
0.05765,0.017462500000000006,2.2,0.30000000000000004,0.06499999999999999
0.0577,0.017307500000000003,2.1999999999999997,0.30000000000000004,0.06499999999999999
0.05775,0.017242500000000004,2.2,0.30000000000000004,0.06499999999999999
0.057800000000000004,0.017152500000000005,2.1999999999999997,0.30000000000000004,0.06499999999999999
0.057850000000000006,0.017060000000000006,2.2,0.30000000000000004,0.06499999999999999
0.0579,0.016972500000000005,2.2,0.30000000000000004,0.06499999999999999
0.05795,0.016890000000000006,2.2,0.30000000000000004,0.06499999999999999
0.058,0.016792500000000005,2.1999999999999997,0.30000000000000004,0.06499999999999999
0.058050000000000004,0.016695000000000005,2.15,0.30000000000000004,0.06499999999999999
0.058100000000000006,0.016627500000000003,2.1500000000000004,0.30000000000000004,0.064
0.05815,0.016535000000000005,2.1499999999999995,0.30000000000000004,0.064
0.0582,0.016450000000000003,2.15,0.30000000000000004,0.064
0.05825,0.016345000000000005,2.15,0.30000000000000004,0.064
0.058300000000000005,0.016185000000000005,2.15,0.30000000000000004,0.064
0.058350000000000006,0.016012500000000002,2.15,0.30000000000000004,0.064
0.0584,0.015752500000000003,2.1500000000000004,0.30000000000000004,0.064
0.05845,0.015137500000000003,2.1500000000000004,0.30000000000000004,0.063
0.0585,0.013412500000000003,1.9000000000000001,0.19999999999999996,0.063
0.058550000000000005,0.011075000000000003,1.7,0.19999999999999996,0.062
0.058600000000000006,0.008672500000000001,1.55,0.19999999999999996,0.061
0.05865,0.006530000000000002,1.3499999999999999,0.19999999999999996,0.059
0.0587,0.004822500000000001,1.2,0.10000000000000009,0.056
0.058750000000000004,0.0031850000000000008,1.0,0.10000000000000009,0.052
0.058800000000000005,0.0015700000000000004,0.8,0.10000000000000009,0.047
0.05885,0.00046500000000000014,0.6,0.10000000000000009,0.039
0.0589,0.0,0.35000000000000003,0.0,0.028
0.05895,0.0,0.0,0.0,0.0
0.059000000000000004,0.0,0.0,0.0,0.0
0.059050000000000005,0.0,0.0,0.0,0.0
0.0591,0.0,0.0,0.0,0.0
0.05915,0.0,0.0,0.0,0.0
0.0592,0.0,0.0,0.0,0.0
0.059250000000000004,0.0,0.0,0.0,0.0
0.059300000000000005,0.0,0.0,0.0,0.0
0.05935,0.0,0.0,0.0,0.0
0.0594,0.0013675000000000004,0.3,0.25,0.028
0.05945,0.0031150000000000006,0.4,0.30000000000000004,0.044
0.059500000000000004,0.005032500000000001,0.55,0.30000000000000004,0.054
0.059550000000000006,0.0069875000000000015,0.7,0.30000000000000004,0.061
0.0596,0.009040000000000003,0.7999999999999999,0.30000000000000004,0.06499999999999999
0.05965,0.011035000000000003,0.95,0.30000000000000004,0.068
0.0597,0.012835000000000003,1.0999999999999999,0.30000000000000004,0.06999999999999998
0.059750000000000004,0.014502500000000003,1.25,0.30000000000000004,0.07100000000000001
0.059800000000000006,0.016090000000000004,1.3499999999999999,0.30000000000000004,0.07200000000000001
0.05985,0.017392500000000005,1.5,0.30000000000000004,0.07200000000000001
0.0599,0.018662500000000005,1.65,0.30000000000000004,0.07200000000000001
0.05995,0.019745000000000006,1.75,0.30000000000000004,0.07200000000000001
0.060000000000000005,0.020575000000000006,1.9000000000000004,0.30000000000000004,0.07200000000000001
0.060050000000000006,0.021197500000000005,2.0,0.30000000000000004,0.07100000000000001
0.0601,0.021567500000000007,2.15,0.30000000000000004,0.06999999999999998
0.06015,0.023970000000000005,2.4,0.30000000000000004,0.06999999999999998
0.060200000000000004,0.021570000000000006,2.35,0.30000000000000004,0.06899999999999999
0.060250000000000005,0.021275000000000006,2.4499999999999997,0.30000000000000004,0.06899999999999999
0.0603,0.020852500000000006,2.4999999999999996,0.30000000000000004,0.068
0.06035,0.020362500000000006,2.5,0.30000000000000004,0.068
0.0604,0.022037500000000005,2.65,0.30000000000000004,0.067
0.060450000000000004,0.019340000000000006,2.45,0.30000000000000004,0.067
0.060500000000000005,0.018840000000000006,2.45,0.30000000000000004,0.066
0.06055,0.018360000000000005,2.4000000000000004,0.30000000000000004,0.066
0.0606,0.017960000000000004,2.35,0.30000000000000004,0.066
0.06065,0.019697500000000007,2.5000000000000004,0.30000000000000004,0.06499999999999999
0.060700000000000004,0.017215000000000005,2.3000000000000003,0.30000000000000004,0.06499999999999999
0.060750000000000005,0.016900000000000005,2.3,0.30000000000000004,0.06499999999999999
0.0608,0.016585000000000003,2.25,0.30000000000000004,0.064
0.06085,0.016312500000000004,2.2499999999999996,0.30000000000000004,0.064
0.0609,0.018115000000000006,2.349999999999999,0.30000000000000004,0.064
0.060950000000000004,0.015792500000000004,2.1999999999999993,0.30000000000000004,0.064
0.061000000000000006,0.015535000000000004,2.15,0.30000000000000004,0.063
0.06105,0.015475000000000004,2.15,0.30000000000000004,0.063
0.0611,0.015430000000000004,2.1499999999999995,0.30000000000000004,0.063
0.06115,0.015410000000000004,2.1,0.30000000000000004,0.063
0.061200000000000004,0.015440000000000004,2.099999999999999,0.30000000000000004,0.062
0.061250000000000006,0.015555000000000005,2.0999999999999996,0.30000000000000004,0.064
0.0613,0.015775000000000004,2.0500000000000003,0.30000000000000004,0.066
0.06135,0.016020000000000003,2.0500000000000007,0.30000000000000004,0.066
0.0614,0.016272500000000006,2.05,0.30000000000000004,0.067
0.061450000000000005,0.016545000000000004,2.0500000000000007,0.30000000000000004,0.067
0.061500000000000006,0.016865000000000005,2.0500000000000007,0.30000000000000004,0.066
0.06155,0.017207500000000004,2.0,0.30000000000000004,0.066
0.0616,0.017537500000000004,2.0,0.30000000000000004,0.066
0.06165,0.017772500000000004,2.05,0.30000000000000004,0.066
0.061700000000000005,0.017877500000000004,2.1500000000000004,0.30000000000000004,0.066
0.061750000000000006,0.017875000000000005,2.1999999999999993,0.30000000000000004,0.066
0.0618,0.017732500000000005,2.25,0.30000000000000004,0.066
0.06185,0.019875000000000004,2.4000000000000004,0.30000000000000004,0.066
0.061900000000000004,0.017537500000000004,2.25,0.30000000000000004,0.06499999999999999
0.061950000000000005,0.017435000000000006,2.250000000000001,0.30000000000000004,0.06499999999999999
0.062,0.017322500000000005,2.250000000000001,0.30000000000000004,0.06499999999999999
0.06205,0.017230000000000006,2.200000000000001,0.30000000000000004,0.06499999999999999
0.0621,0.019327500000000004,2.3499999999999996,0.30000000000000004,0.06499999999999999
0.062150000000000004,0.017045000000000005,2.2,0.30000000000000004,0.06499999999999999
0.062200000000000005,0.016955000000000005,2.2,0.30000000000000004,0.06499999999999999
0.06225,0.016870000000000003,2.200000000000001,0.30000000000000004,0.06499999999999999
0.0623,0.016767500000000005,2.1999999999999993,0.30000000000000004,0.06499999999999999
0.06235,0.018845000000000004,2.3500000000000005,0.30000000000000004,0.06499999999999999
0.062400000000000004,0.016582500000000003,2.2,0.30000000000000004,0.064
0.062450000000000006,0.016470000000000005,2.2,0.30000000000000004,0.064
0.0625,0.018472500000000006,2.3000000000000007,0.30000000000000004,0.064
0.06255000000000001,0.016202500000000005,2.1500000000000004,0.30000000000000004,0.064
0.0626,0.016015000000000005,2.1499999999999995,0.30000000000000004,0.064
0.06265,0.015755000000000005,2.1500000000000004,0.30000000000000004,0.064
0.0627,0.014985000000000004,2.0500000000000007,0.25,0.063
0.06275,0.013107500000000003,1.8500000000000014,0.19999999999999996,0.063
0.06280000000000001,0.010662500000000002,1.6999999999999993,0.19999999999999996,0.062
0.06285,0.008220000000000002,1.5500000000000007,0.19999999999999996,0.060000000000000005
0.0629,0.0062000000000000015,1.3500000000000014,0.1499999999999999,0.058
0.06295,0.004537500000000001,1.1500000000000004,0.09999999999999987,0.056
0.063,0.002885000000000001,0.9500000000000011,0.09999999999999987,0.051
0.06305000000000001,0.0012950000000000004,0.8000000000000007,0.09999999999999987,0.046
0.0631,0.0003725000000000001,0.5500000000000007,0.09999999999999987,0.037
0.06315,0.0,0.29999999999999893,0.0,0.025
0.0632,0.0,0.0,0.0,0.0
0.06325,0.0,0.0,0.0,0.0
0.06330000000000001,0.0,0.0,0.0,0.0
0.06335,0.0,0.0,0.0,0.0
0.0634,0.0,0.0,0.0,0.0
0.06345,0.0,0.0,0.0,0.0
0.0635,0.0,0.0,0.0,0.0
0.06355000000000001,0.0,0.0,0.0,0.0
0.0636,0.00012500000000000003,0.15000000000000036,0.10000000000000009,0.006
0.06365,0.0017250000000000004,0.34999999999999964,0.25,0.032
0.0637,0.0034750000000000007,0.45000000000000107,0.2999999999999998,0.046
0.06375,0.007777500000000002,0.75,0.2999999999999998,0.062
0.06380000000000001,0.0074125000000000016,0.75,0.2999999999999998,0.062
0.06385,0.009487500000000003,0.8500000000000014,0.2999999999999998,0.066
0.0639,0.011447500000000003,1.0000000000000018,0.2999999999999998,0.06899999999999999
0.06395,0.013185000000000004,1.1500000000000004,0.2999999999999998,0.07100000000000001
0.064,0.017345000000000003,1.4000000000000004,0.2999999999999998,0.07200000000000001
0.06405000000000001,0.016430000000000004,1.3499999999999996,0.2999999999999998,0.07200000000000001
0.0641,0.017675000000000003,1.5,0.2999999999999998,0.07200000000000001
0.06415,0.021327500000000006,1.75,0.2999999999999998,0.07200000000000001
0.06420000000000001,0.019955000000000004,1.75,0.2999999999999998,0.07200000000000001
0.06425,0.023107500000000007,2.05,0.2999999999999998,0.07200000000000001
0.06430000000000001,0.021270000000000004,1.9999999999999991,0.2999999999999998,0.07100000000000001
0.06435,0.021660000000000006,2.1000000000000005,0.2999999999999998,0.06999999999999998
0.0644,0.023997500000000005,2.4000000000000004,0.2999999999999998,0.06999999999999998
0.06445000000000001,0.021617500000000005,2.3500000000000014,0.2999999999999998,0.06899999999999999
0.0645,0.023510000000000007,2.55,0.2999999999999998,0.06899999999999999
0.06455,0.020855000000000005,2.45,0.2999999999999998,0.068
0.0646,0.020345000000000005,2.500000000000001,0.2999999999999998,0.068
0.06465,0.022020000000000005,2.5999999999999996,0.2999999999999998,0.067
0.06470000000000001,0.019340000000000006,2.450000000000001,0.2999999999999998,0.067
0.06475,0.020992500000000004,2.55,0.2999999999999998,0.066
0.0648,0.018382500000000003,2.3500000000000005,0.2999999999999998,0.066
0.06485,0.017975000000000005,2.3499999999999996,0.2999999999999998,0.066
0.0649,0.019690000000000006,2.45,0.2999999999999998,0.06499999999999999
0.06495000000000001,0.017225000000000004,2.299999999999998,0.2999999999999998,0.06499999999999999
0.065,0.018985000000000005,2.4000000000000004,0.2999999999999998,0.06499999999999999
0.06505,0.016595000000000006,2.2,0.2999999999999998,0.064
0.0651,0.016325000000000003,2.1999999999999993,0.2999999999999998,0.064
0.06515,0.018125000000000006,2.3499999999999996,0.2999999999999998,0.064
0.06520000000000001,0.015840000000000003,2.1499999999999995,0.2999999999999998,0.064
0.06525,0.017787500000000005,2.3000000000000007,0.2999999999999998,0.063
0.0653,0.015532500000000005,2.0999999999999996,0.2999999999999998,0.063
0.06535,0.015490000000000004,2.1000000000000005,0.2999999999999998,0.063
0.0654,0.017755000000000003,2.25,0.2999999999999998,0.063
0.06545000000000001,0.015550000000000003,2.0500000000000007,0.2999999999999998,0.063
0.0655,0.017985000000000004,2.2,0.2999999999999998,0.066
0.06555,0.015895000000000003,2.0500000000000007,0.2999999999999998,0.066
0.0656,0.016130000000000005,2.0500000000000003,0.2999999999999998,0.067
0.06565,0.018702500000000004,2.15,0.2999999999999998,0.067
0.06570000000000001,0.016720000000000006,1.9999999999999996,0.2999999999999998,0.067
0.06575,0.019310000000000004,2.1500000000000004,0.2999999999999998,0.067
0.0658,0.017372500000000006,2.0,0.2999999999999998,0.066
0.06585,0.017705000000000005,2.0000000000000004,0.2999999999999998,0.066
0.0659,0.020162500000000003,2.1999999999999997,0.2999999999999998,0.066
0.06595000000000001,0.017987500000000003,2.1,0.2999999999999998,0.066
0.066,0.017935000000000003,2.1999999999999993,0.2999999999999998,0.066
0.06605,0.017835000000000004,2.1999999999999997,0.2999999999999998,0.066
0.0661,0.017717500000000004,2.2499999999999996,0.2999999999999998,0.066
0.06615,0.019842500000000006,2.35,0.2999999999999998,0.066
0.06620000000000001,0.017482500000000005,2.1999999999999997,0.2999999999999998,0.06499999999999999
0.06625,0.017390000000000003,2.2,0.2999999999999998,0.06499999999999999
0.0663,0.017317500000000003,2.2,0.2999999999999998,0.06499999999999999
0.06635,0.017230000000000006,2.2,0.2999999999999998,0.06499999999999999
0.0664,0.019347500000000004,2.35,0.2999999999999998,0.06499999999999999
0.06645000000000001,0.017040000000000003,2.2,0.2999999999999998,0.06499999999999999
0.0665,0.016955000000000005,2.1500000000000004,0.2999999999999998,0.06499999999999999
0.06655,0.016865000000000005,2.1500000000000004,0.2999999999999998,0.06499999999999999
0.0666,0.016785000000000005,2.1500000000000004,0.2999999999999998,0.06499999999999999
0.06665,0.018847500000000003,2.3,0.2999999999999998,0.064
0.06670000000000001,0.016567500000000006,2.15,0.2999999999999998,0.064
0.06675,0.016442500000000006,2.15,0.2999999999999998,0.064
0.0668,0.016282500000000005,2.15,0.2999999999999998,0.064
0.06685,0.016067500000000005,2.15,0.2999999999999998,0.064
0.0669,0.017022500000000003,2.1999999999999997,0.2999999999999998,0.064
0.06695000000000001,0.014707500000000004,2.0,0.20000000000000018,0.063
0.067,0.012612500000000004,1.8,0.20000000000000018,0.062
0.06705,0.010200000000000002,1.65,0.20000000000000018,0.061
0.0671,0.007865000000000002,1.45,0.20000000000000018,0.060000000000000005
0.06715,0.005937500000000002,1.3,0.15000000000000013,0.058
0.06720000000000001,0.004212500000000001,1.15,0.10000000000000009,0.055
0.06725,0.0025825000000000006,0.9500000000000001,0.10000000000000009,0.05
0.0673,0.0010650000000000002,0.75,0.10000000000000009,0.044
0.06735000000000001,0.0002775000000000001,0.5499999999999999,0.050000000000000044,0.036000000000000004
0.0674,0.0,0.25,0.0,0.022
0.06745000000000001,0.0,0.0,0.0,0.0
0.0675,0.0,0.0,0.0,0.0
0.06755,0.0,0.0,0.0,0.0
0.06760000000000001,0.0,0.0,0.0,0.0
0.06765,0.0,0.0,0.0,0.0
0.06770000000000001,0.0,0.0,0.0,0.0
0.06775,0.0,0.0,0.0,0.0
0.0678,0.0005125000000000002,0.2,0.19999999999999996,0.014
0.06785000000000001,0.0004975000000000001,0.2,0.19999999999999996,0.014
0.0679,0.004060000000000001,0.5,0.30000000000000004,0.048
0.06795,0.003855000000000001,0.45,0.30000000000000004,0.048
0.068,0.005787500000000002,0.6,0.30000000000000004,0.057
0.06805,0.010225000000000003,0.9,0.30000000000000004,0.066
0.06810000000000001,0.009802500000000002,0.85,0.30000000000000004,0.066
0.06815,0.014207500000000003,1.15,0.30000000000000004,0.06999999999999998
0.0682,0.013415000000000003,1.15,0.30000000000000004,0.06999999999999998
0.06825,0.015032500000000004,1.25,0.30000000000000004,0.07100000000000001
0.0683,0.018890000000000004,1.5499999999999998,0.30000000000000004,0.07200000000000001
0.06835000000000001,0.017735000000000004,1.5499999999999998,0.30000000000000004,0.07200000000000001
0.0684,0.021232500000000005,1.8,0.30000000000000004,0.07200000000000001
0.06845,0.019752500000000006,1.8,0.30000000000000004,0.07100000000000001
0.0685,0.020570000000000005,1.9000000000000001,0.30000000000000004,0.07100000000000001
0.06855,0.023325000000000005,2.1999999999999997,0.30000000000000004,0.06999999999999998
0.06860000000000001,0.021230000000000006,2.15,0.30000000000000004,0.06999999999999998
0.06865,0.023522500000000005,2.4000000000000004,0.30000000000000004,0.06899999999999999
0.0687,0.021070000000000005,2.35,0.30000000000000004,0.06899999999999999
0.06875,0.020690000000000004,2.45,0.30000000000000004,0.068
0.0688,0.022422500000000005,2.5999999999999996,0.30000000000000004,0.068
0.06885000000000001,0.019722500000000004,2.45,0.30000000000000004,0.067
0.0689,0.021352500000000007,2.5999999999999996,0.30000000000000004,0.067
0.06895,0.018697500000000006,2.3999999999999995,0.30000000000000004,0.066
0.069,0.018230000000000003,2.4000000000000004,0.30000000000000004,0.066
0.06905,0.019932500000000006,2.5,0.30000000000000004,0.06499999999999999
0.06910000000000001,0.017425000000000003,2.3,0.30000000000000004,0.06499999999999999
0.06915,0.019132500000000004,2.45,0.30000000000000004,0.06499999999999999
0.0692,0.016705000000000005,2.25,0.30000000000000004,0.064
0.06925,0.016402500000000004,2.2499999999999996,0.30000000000000004,0.064
0.0693,0.018170000000000006,2.3499999999999996,0.30000000000000004,0.064
0.06935000000000001,0.015822500000000003,2.1999999999999997,0.30000000000000004,0.064
0.0694,0.015600000000000004,2.15,0.30000000000000004,0.063
0.06945,0.015350000000000004,2.1500000000000004,0.30000000000000004,0.063
0.0695,0.015145000000000004,2.1000000000000005,0.30000000000000004,0.063
0.06955,0.017335000000000003,2.2500000000000004,0.30000000000000004,0.063
0.06960000000000001,0.015087500000000004,2.1000000000000005,0.30000000000000004,0.062
0.06965,0.015145000000000004,2.05,0.30000000000000004,0.062
0.0697,0.015230000000000004,2.0500000000000003,0.30000000000000004,0.063
0.06975,0.015437500000000003,2.0500000000000007,0.30000000000000004,0.06499999999999999
0.0698,0.017980000000000003,2.2,0.30000000000000004,0.067
0.06985000000000001,0.016012500000000002,2.0,0.30000000000000004,0.067
0.0699,0.016302500000000004,2.0,0.30000000000000004,0.067
0.06995,0.016655000000000003,2.0,0.30000000000000004,0.067
0.07,0.017070000000000005,2.0,0.30000000000000004,0.067
0.07005,0.019747500000000005,2.1499999999999995,0.30000000000000004,0.066
0.07010000000000001,0.017812500000000005,2.0,0.30000000000000004,0.066
0.07015,0.018012500000000004,2.0999999999999996,0.30000000000000004,0.066
0.0702,0.018075000000000004,2.1500000000000004,0.30000000000000004,0.066
0.07025,0.018035000000000006,2.1999999999999993,0.30000000000000004,0.066
0.0703,0.020142500000000004,2.3999999999999995,0.30000000000000004,0.066
0.07035000000000001,0.017792500000000003,2.249999999999999,0.30000000000000004,0.066
0.0704,0.017712500000000006,2.25,0.30000000000000004,0.066
0.07045,0.019832500000000006,2.3999999999999995,0.30000000000000004,0.06499999999999999
0.07050000000000001,0.017497500000000006,2.249999999999999,0.30000000000000004,0.06499999999999999
0.07055,0.019635000000000007,2.3500000000000005,0.30000000000000004,0.06499999999999999
0.07060000000000001,0.017285000000000005,2.2,0.30000000000000004,0.06499999999999999
0.07065,0.017210000000000003,2.200000000000001,0.30000000000000004,0.06499999999999999
0.0707,0.019310000000000004,2.3499999999999996,0.30000000000000004,0.06499999999999999
0.07075000000000001,0.017012500000000003,2.2,0.30000000000000004,0.06499999999999999
0.0708,0.019105000000000004,2.3500000000000005,0.30000000000000004,0.06499999999999999
0.07085000000000001,0.016827500000000006,2.200000000000001,0.30000000000000004,0.06499999999999999
0.0709,0.016700000000000003,2.1999999999999984,0.30000000000000004,0.06499999999999999
0.07095,0.018737500000000004,2.3,0.30000000000000004,0.064
0.07100000000000001,0.016482500000000004,2.1499999999999995,0.30000000000000004,0.064
0.07105,0.018337500000000003,2.3000000000000007,0.30000000000000004,0.064
0.0711,0.016095000000000005,2.1500000000000004,0.30000000000000004,0.064
0.07115,0.015795000000000003,2.1500000000000004,0.30000000000000004,0.064
0.0712,0.014622500000000004,2.0,0.19999999999999996,0.063
0.07125000000000001,0.012170000000000004,1.799999999999999,0.19999999999999996,0.062
0.0713,0.009722500000000002,1.6500000000000004,0.19999999999999996,0.061
0.07135,0.007432500000000002,1.450000000000001,0.19999999999999996,0.060000000000000005
0.0714,0.005617500000000002,1.2500000000000018,0.1499999999999999,0.057
0.07145,0.003900000000000001,1.1000000000000014,0.09999999999999987,0.054
0.07150000000000001,0.0022575000000000004,0.9000000000000004,0.09999999999999987,0.049
0.07155,0.0008525000000000002,0.75,0.09999999999999987,0.043
0.0716,0.00017750000000000003,0.4999999999999982,0.050000000000000044,0.033
0.07165,0.0,0.1999999999999993,0.0,0.018000000000000002
0.0717,0.0,0.0,0.0,0.0
0.07175000000000001,0.0,0.0,0.0,0.0
0.0718,0.0,0.0,0.0,0.0
0.07185,0.0,0.0,0.0,0.0
0.0719,0.0,0.0,0.0,0.0
0.07195,0.0,0.0,0.0,0.0
0.07200000000000001,0.0,0.0,0.0,0.0
0.07205,0.0008725000000000002,0.2500000000000018,0.25,0.02
0.0721,0.0008100000000000002,0.2500000000000018,0.25,0.02
0.07215,0.002417500000000001,0.40000000000000036,0.30000000000000004,0.038
0.0722,0.006485000000000002,0.6499999999999986,0.30000000000000004,0.058
0.07225000000000001,0.006182500000000001,0.6499999999999986,0.30000000000000004,0.058
0.0723,0.010652500000000002,0.9499999999999993,0.30000000000000004,0.067
0.07235,0.010220000000000003,0.9000000000000004,0.30000000000000004,0.067
0.0724,0.012105000000000003,1.0500000000000007,0.30000000000000004,0.06899999999999999
0.07245,0.016227500000000006,1.3500000000000014,0.30000000000000004,0.07100000000000001
0.07250000000000001,0.015380000000000003,1.3000000000000007,0.30000000000000004,0.07100000000000001
0.07255,0.016770000000000004,1.450000000000001,0.30000000000000004,0.07200000000000001
0.0726,0.018022500000000004,1.5999999999999996,0.30000000000000004,0.07200000000000001
0.07265,0.019152500000000006,1.700000000000001,0.30000000000000004,0.07200000000000001
0.0727,0.022377500000000005,2.0,0.30000000000000004,0.07100000000000001
0.07275000000000001,0.020742500000000004,1.9499999999999993,0.30000000000000004,0.07100000000000001
0.0728,0.021127500000000004,2.0999999999999988,0.30000000000000004,0.06999999999999998
0.07285,0.021347500000000005,2.1999999999999993,0.30000000000000004,0.06999999999999998
0.0729,0.021310000000000006,2.3000000000000007,0.30000000000000004,0.06899999999999999
0.07295,0.023307500000000005,2.55,0.30000000000000004,0.06899999999999999
0.07300000000000001,0.020685000000000005,2.4499999999999984,0.30000000000000004,0.068
0.07305,0.020200000000000006,2.5,0.30000000000000004,0.068
0.0731,0.019697500000000007,2.499999999999999,0.30000000000000004,0.067
0.07315,0.019170000000000006,2.45,0.30000000000000004,0.067
0.0732,0.020852500000000006,2.5999999999999996,0.30000000000000004,0.066
0.07325000000000001,0.018237500000000004,2.4000000000000004,0.30000000000000004,0.066
0.0733,0.017807500000000004,2.3500000000000005,0.30000000000000004,0.06499999999999999
0.07335,0.017405000000000004,2.3500000000000005,0.30000000000000004,0.06499999999999999
0.0734,0.017037500000000004,2.3000000000000016,0.30000000000000004,0.06499999999999999
0.07345,0.018792500000000004,2.4000000000000004,0.30000000000000004,0.064
0.07350000000000001,0.016402500000000004,2.25,0.30000000000000004,0.064
0.07355,0.016112500000000005,2.1999999999999993,0.30000000000000004,0.064
0.0736,0.017885000000000005,2.3499999999999996,0.30000000000000004,0.064
0.07365000000000001,0.015567500000000003,2.1999999999999993,0.30000000000000004,0.063
0.0737,0.017425000000000003,2.3,0.30000000000000004,0.063
0.07375000000000001,0.015175000000000004,2.1499999999999995,0.30000000000000004,0.063
0.0738,0.015195000000000004,2.0999999999999996,0.30000000000000004,0.063
0.07385,0.017442500000000003,2.249999999999999,0.30000000000000004,0.062
0.07390000000000001,0.015190000000000004,2.0999999999999996,0.30000000000000004,0.062
0.07395,0.017605000000000006,2.249999999999999,0.30000000000000004,0.06499999999999999
0.07400000000000001,0.015522500000000003,2.05,0.30000000000000004,0.06499999999999999
0.07405,0.015795000000000003,2.05,0.30000000000000004,0.066
0.0741,0.018402500000000006,2.2000000000000006,0.30000000000000004,0.067
0.07415000000000001,0.016437500000000004,2.0500000000000003,0.30000000000000004,0.067
0.0742,0.019065000000000006,2.15,0.30000000000000004,0.067
0.07425000000000001,0.017165000000000003,1.9999999999999996,0.30000000000000004,0.067
0.0743,0.017552500000000006,2.0,0.30000000000000004,0.066
0.07435,0.020110000000000006,2.2000000000000006,0.30000000000000004,0.066
0.07440000000000001,0.018012500000000004,2.1,0.30000000000000004,0.066
0.07445,0.020332500000000007,2.35,0.30000000000000004,0.066
0.0745,0.017982500000000005,2.2500000000000004,0.30000000000000004,0.066
0.07455,0.017885000000000005,2.2500000000000004,0.30000000000000004,0.066
0.0746,0.020020000000000007,2.4,0.30000000000000004,0.066
0.07465000000000001,0.017650000000000006,2.2500000000000004,0.30000000000000004,0.066
0.0747,0.019807500000000006,2.4,0.30000000000000004,0.06499999999999999
0.07475,0.017482500000000005,2.2500000000000004,0.30000000000000004,0.06499999999999999
0.0748,0.017367500000000004,2.25,0.30000000000000004,0.06499999999999999
0.07485,0.019495000000000005,2.4,0.30000000000000004,0.06499999999999999
0.07490000000000001,0.017177500000000005,2.25,0.30000000000000004,0.06499999999999999
0.07495,0.019295000000000003,2.3499999999999996,0.30000000000000004,0.06499999999999999
0.075,0.017005000000000003,2.1999999999999997,0.30000000000000004,0.06499999999999999
0.07505,0.016920000000000004,2.2,0.30000000000000004,0.06499999999999999
0.0751,0.019007500000000004,2.35,0.30000000000000004,0.06499999999999999
0.07515000000000001,0.016722500000000005,2.2,0.30000000000000004,0.06499999999999999
0.0752,0.018710000000000004,2.35,0.30000000000000004,0.064
0.07525,0.016452500000000005,2.2,0.30000000000000004,0.064
0.0753,0.016252500000000003,2.15,0.30000000000000004,0.064
0.07535,0.017982500000000005,2.3,0.30000000000000004,0.064
0.07540000000000001,0.015595000000000005,2.1,0.30000000000000004,0.063
0.07545,0.014167500000000003,1.95,0.19999999999999996,0.063
0.0755,0.011697500000000003,1.75,0.19999999999999996,0.062
0.07555,0.009240000000000002,1.6,0.19999999999999996,0.061
0.0756,0.007012500000000001,1.4,0.19999999999999996,0.059
0.07565000000000001,0.0052200000000000015,1.25,0.1499999999999999,0.057
0.0757,0.003545000000000001,1.0499999999999998,0.10000000000000009,0.053
0.07575,0.0019275000000000004,0.85,0.10000000000000009,0.048
0.0758,0.0006500000000000002,0.65,0.10000000000000009,0.041
0.07585,8.250000000000003e-05,0.44999999999999996,0.050000000000000044,0.031
0.07590000000000001,0.0,0.09999999999999998,0.0,0.012
0.07595,0.0,0.0,0.0,0.0
0.076,0.0,0.0,0.0,0.0
0.07605,0.0,0.0,0.0,0.0
0.0761,0.0,0.0,0.0,0.0
0.07615000000000001,0.0,0.0,0.0,0.0
0.0762,0.0,0.0,0.0,0.0
0.07625,0.0,0.0,0.0,0.0
0.0763,0.0,0.0,0.0,0.0
0.07635,0.0029200000000000007,0.45,0.30000000000000004,0.041
0.07640000000000001,0.0027850000000000006,0.45,0.30000000000000004,0.041
0.07645,0.004655000000000001,0.55,0.30000000000000004,0.052
0.0765,0.006587500000000001,0.65,0.30000000000000004,0.059
0.07655,0.008632500000000003,0.8,0.30000000000000004,0.064
0.0766,0.013105000000000004,1.05,0.30000000000000004,0.06999999999999998
0.07665000000000001,0.012447500000000004,1.05,0.30000000000000004,0.06999999999999998
0.0767,0.014115000000000004,1.2,0.30000000000000004,0.07100000000000001
0.07675,0.018160000000000006,1.45,0.30000000000000004,0.07200000000000001
0.07680000000000001,0.017017500000000005,1.45,0.30000000000000004,0.07200000000000001
0.07685,0.020702500000000006,1.75,0.30000000000000004,0.07200000000000001
0.07690000000000001,0.019362500000000005,1.7000000000000002,0.30000000000000004,0.07200000000000001
0.07695,0.020207500000000007,1.85,0.30000000000000004,0.07100000000000001
0.077,0.023160000000000007,2.0999999999999996,0.30000000000000004,0.07100000000000001
0.07705000000000001,0.021260000000000005,2.0999999999999996,0.30000000000000004,0.06999999999999998
0.0771,0.023637500000000006,2.35,0.30000000000000004,0.06999999999999998
0.07715000000000001,0.021285000000000005,2.3000000000000003,0.30000000000000004,0.06899999999999999
0.0772,0.021017500000000005,2.4,0.30000000000000004,0.06899999999999999
0.07725,0.022825000000000005,2.6,0.30000000000000004,0.068
0.07730000000000001,0.020137500000000006,2.45,0.30000000000000004,0.068
0.07735,0.021795000000000005,2.6,0.30000000000000004,0.067
0.07740000000000001,0.019140000000000004,2.45,0.30000000000000004,0.067
0.07745,0.018635000000000006,2.4,0.30000000000000004,0.066
0.0775,0.020315000000000007,2.5,0.30000000000000004,0.066
0.07755000000000001,0.017760000000000005,2.3499999999999996,0.30000000000000004,0.06499999999999999
0.0776,0.019435000000000004,2.4500000000000006,0.30000000000000004,0.06499999999999999
0.07765,0.017007500000000005,2.2500000000000004,0.30000000000000004,0.06499999999999999
0.0777,0.016667500000000005,2.25,0.30000000000000004,0.064
0.07775,0.018435000000000003,2.3499999999999996,0.30000000000000004,0.064
0.07780000000000001,0.016102500000000006,2.1999999999999997,0.30000000000000004,0.064
0.07785,0.017870000000000004,2.3000000000000003,0.30000000000000004,0.064
0.0779,0.015590000000000003,2.1500000000000004,0.30000000000000004,0.063
0.07795,0.015357500000000003,2.15,0.30000000000000004,0.063
0.078,0.017415000000000003,2.2499999999999996,0.30000000000000004,0.063
0.07805000000000001,0.015165000000000003,2.0999999999999996,0.30000000000000004,0.063
0.0781,0.017412500000000004,2.2499999999999996,0.30000000000000004,0.062
0.07815,0.015192500000000005,2.0499999999999994,0.30000000000000004,0.062
0.0782,0.015287500000000004,2.05,0.30000000000000004,0.064
0.07825,0.017765000000000003,2.1999999999999997,0.30000000000000004,0.066
0.07830000000000001,0.015747500000000005,2.0,0.30000000000000004,0.066
0.07835,0.018250000000000006,2.1499999999999995,0.30000000000000004,0.066
0.0784,0.016277500000000004,2.0,0.30000000000000004,0.066
0.07845,0.016567500000000006,2.0,0.30000000000000004,0.066
0.0785,0.019200000000000005,2.0999999999999996,0.30000000000000004,0.066
0.07855000000000001,0.017250000000000005,2.0,0.30000000000000004,0.066
0.0786,0.019727500000000005,2.1500000000000004,0.30000000000000004,0.066
0.07865,0.017602500000000004,2.1000000000000005,0.30000000000000004,0.066
0.0787,0.017590000000000005,2.1499999999999995,0.30000000000000004,0.06499999999999999
0.07875,0.019722500000000004,2.3500000000000005,0.30000000000000004,0.06499999999999999
0.07880000000000001,0.017382500000000006,2.200000000000001,0.30000000000000004,0.06499999999999999
0.07885,0.019487500000000005,2.3499999999999996,0.30000000000000004,0.06499999999999999
0.0789,0.017160000000000005,2.2,0.30000000000000004,0.06499999999999999
0.07895,0.017072500000000004,2.2,0.30000000000000004,0.06499999999999999
0.079,0.019177500000000004,2.3500000000000005,0.30000000000000004,0.06499999999999999
0.07905000000000001,0.016907500000000006,2.2,0.30000000000000004,0.06499999999999999
0.0791,0.016822500000000004,2.1499999999999995,0.30000000000000004,0.06499999999999999
0.07915,0.016722500000000005,2.1499999999999995,0.30000000000000004,0.064
0.0792,0.016630000000000006,2.1500000000000004,0.30000000000000004,0.064
0.07925,0.018730000000000004,2.3000000000000007,0.30000000000000004,0.064
0.07930000000000001,0.016467500000000003,2.1500000000000012,0.30000000000000004,0.064
0.07935,0.016342500000000003,2.1499999999999995,0.30000000000000004,0.064
0.0794,0.016237500000000005,2.1500000000000012,0.30000000000000004,0.064
0.07945,0.016102500000000006,2.1500000000000004,0.30000000000000004,0.064
0.0795,0.018010000000000005,2.2499999999999982,0.30000000000000004,0.064
0.07955000000000001,0.015767500000000004,2.0999999999999988,0.30000000000000004,0.063
0.0796,0.015520000000000004,2.1000000000000014,0.30000000000000004,0.063
0.07965,0.015415000000000003,2.0500000000000007,0.30000000000000004,0.063
0.07970000000000001,0.013092500000000003,1.9000000000000021,0.19999999999999996,0.062
0.07975,0.010752500000000003,1.6999999999999993,0.19999999999999996,0.061
0.07980000000000001,0.008330000000000002,1.5500000000000007,0.19999999999999996,0.060000000000000005
0.07985,0.006255000000000002,1.3500000000000014,0.15000000000000013,0.058
0.0799,0.004585000000000001,1.200000000000001,0.10000000000000009,0.055
0.07995000000000001,0.002925000000000001,0.9500000000000011,0.10000000000000009,0.051
0.08,0.0013225000000000003,0.8000000000000007,0.10000000000000009,0.046
0.08005000000000001,0.00037750000000000007,0.5500000000000007,0.10000000000000009,0.038
0.0801,0.0,0.29999999999999893,0.0,0.025
0.08015,0.0,0.0,0.0,0.0
0.08020000000000001,0.0,0.0,0.0,0.0
0.08025,0.0,0.0,0.0,0.0
0.08030000000000001,0.0,0.0,0.0,0.0
0.08035,0.0,0.0,0.0,0.0
0.0804,0.0,0.0,0.0,0.0
0.08045000000000001,0.0,0.0,0.0,0.0
0.0805,0.0,0.0,0.0,0.0
0.08055000000000001,0.0,0.0,0.0,0.0
0.0806,0.0014350000000000003,0.3000000000000007,0.25,0.029
0.08065,0.0052850000000000015,0.5500000000000007,0.30000000000000027,0.054
0.08070000000000001,0.005067500000000002,0.5500000000000007,0.30000000000000027,0.054
0.08075,0.009420000000000003,0.8499999999999996,0.30000000000000027,0.06499999999999999
0.08080000000000001,0.009035000000000003,0.8000000000000007,0.30000000000000027,0.06499999999999999
0.08085,0.010970000000000002,0.9500000000000011,0.30000000000000027,0.068
0.0809,0.015172500000000004,1.2500000000000018,0.30000000000000027,0.07100000000000001
0.08095000000000001,0.014367500000000004,1.2500000000000018,0.30000000000000027,0.07100000000000001
0.081,0.018357500000000006,1.5,0.30000000000000027,0.07200000000000001
0.08105,0.017177500000000005,1.5,0.30000000000000027,0.07200000000000001
0.0811,0.018405000000000005,1.5999999999999996,0.30000000000000027,0.07200000000000001
0.08115,0.021787500000000005,1.8999999999999995,0.30000000000000027,0.07100000000000001
0.08120000000000001,0.020217500000000006,1.8999999999999995,0.30000000000000027,0.07100000000000001
0.08125,0.023075000000000005,2.1499999999999995,0.30000000000000027,0.06999999999999998
0.0813,0.021125000000000005,2.1000000000000005,0.30000000000000027,0.06999999999999998
0.08135,0.021212500000000006,2.25,0.30000000000000027,0.06899999999999999
0.0814,0.023330000000000007,2.500000000000001,0.30000000000000027,0.06899999999999999
0.08145000000000001,0.020780000000000007,2.3999999999999995,0.30000000000000027,0.068
0.0815,0.022570000000000007,2.6000000000000005,0.30000000000000027,0.068
0.08155,0.019892500000000004,2.450000000000002,0.30000000000000027,0.067
0.0816,0.019387500000000005,2.4499999999999993,0.30000000000000027,0.067
0.08165,0.021090000000000005,2.6000000000000005,0.30000000000000027,0.066
0.08170000000000001,0.018447500000000006,2.3999999999999995,0.30000000000000027,0.066
0.08175,0.020130000000000006,2.5,0.30000000000000027,0.066
0.0818,0.017577500000000003,2.3499999999999996,0.30000000000000027,0.06499999999999999
0.08185,0.017202500000000006,2.3000000000000007,0.30000000000000027,0.06499999999999999
0.0819,0.018977500000000005,2.3999999999999995,0.30000000000000027,0.06499999999999999
0.08195000000000001,0.016547500000000003,2.25,0.30000000000000027,0.064
0.082,0.018325000000000004,2.3499999999999996,0.30000000000000027,0.064
0.08205,0.015970000000000005,2.1999999999999993,0.30000000000000027,0.064
0.0821,0.015705000000000004,2.2,0.30000000000000027,0.063
0.08215,0.017517500000000005,2.3,0.30000000000000027,0.063
0.08220000000000001,0.015242500000000004,2.1500000000000004,0.30000000000000027,0.063
0.08225,0.017385000000000005,2.25,0.30000000000000027,0.063
0.0823,0.015130000000000005,2.1000000000000005,0.30000000000000027,0.063
0.08235,0.015130000000000005,2.0999999999999996,0.30000000000000027,0.062
0.0824,0.017462500000000006,2.2,0.30000000000000027,0.064
0.08245000000000001,0.015317500000000003,2.05,0.30000000000000027,0.064
0.0825,0.015515000000000004,2.0500000000000007,0.30000000000000027,0.06499999999999999
0.08255,0.015767500000000004,2.0500000000000003,0.30000000000000027,0.066
0.0826,0.016057500000000002,2.0,0.30000000000000027,0.066
0.08265,0.018602500000000004,2.15,0.30000000000000027,0.066
0.08270000000000001,0.016697500000000004,2.0000000000000004,0.30000000000000027,0.066
0.08275,0.017022500000000003,2.0,0.30000000000000027,0.066
0.0828,0.019612500000000005,2.1500000000000004,0.30000000000000027,0.066
0.08285000000000001,0.017570000000000006,2.05,0.30000000000000027,0.066
0.0829,0.019870000000000006,2.25,0.30000000000000027,0.066
0.08295000000000001,0.017600000000000005,2.1999999999999993,0.30000000000000027,0.06499999999999999
0.083,0.017532500000000003,2.1999999999999997,0.30000000000000027,0.06499999999999999
0.08305,0.019635000000000007,2.3999999999999995,0.30000000000000027,0.06499999999999999
0.08310000000000001,0.017315000000000004,2.2,0.30000000000000027,0.06499999999999999
0.08315,0.019422500000000006,2.3499999999999996,0.30000000000000027,0.06499999999999999
0.08320000000000001,0.017097500000000005,2.2,0.30000000000000027,0.06499999999999999
0.08325,0.017005000000000003,2.2,0.30000000000000027,0.06499999999999999
0.0833,0.019112500000000004,2.35,0.30000000000000027,0.06499999999999999
0.08335000000000001,0.016805000000000004,2.2,0.30000000000000027,0.06499999999999999
0.0834,0.018925000000000004,2.3500000000000005,0.30000000000000027,0.064
0.08345000000000001,0.016652500000000004,2.2,0.30000000000000027,0.064
0.0835,0.016577500000000005,2.1500000000000004,0.30000000000000027,0.064
0.08355,0.018645000000000005,2.3000000000000003,0.30000000000000027,0.064
0.08360000000000001,0.016382500000000005,2.15,0.30000000000000027,0.064
0.08365,0.018390000000000004,2.3,0.30000000000000027,0.064
0.08370000000000001,0.016145000000000003,2.15,0.30000000000000027,0.064
0.08375,0.015982500000000004,2.15,0.30000000000000027,0.064
0.0838,0.017757500000000006,2.3,0.30000000000000027,0.063
0.08385000000000001,0.015457500000000004,2.15,0.30000000000000027,0.063
0.0839,0.014987500000000004,2.05,0.25,0.063
0.08395000000000001,0.012630000000000002,1.8,0.19999999999999996,0.062
0.084,0.010262500000000003,1.65,0.19999999999999996,0.061
0.08405,0.007895000000000003,1.5,0.19999999999999996,0.060000000000000005
0.08410000000000001,0.005955000000000001,1.3,0.1499999999999999,0.058
0.08415,0.0042425000000000015,1.15,0.09999999999999987,0.055
0.08420000000000001,0.0026025000000000006,0.9500000000000001,0.09999999999999987,0.05
0.08425,0.0010800000000000002,0.75,0.09999999999999987,0.044
0.0843,0.0002800000000000001,0.5499999999999999,0.04999999999999982,0.036000000000000004
0.08435000000000001,0.0,0.25,0.0,0.022
0.0844,0.0,0.0,0.0,0.0
0.08445,0.0,0.0,0.0,0.0
0.0845,0.0,0.0,0.0,0.0
0.08455,0.0,0.0,0.0,0.0
0.08460000000000001,0.0,0.0,0.0,0.0
0.08465,0.0,0.0,0.0,0.0
0.0847,0.0,0.0,0.0,0.0
0.08475,0.0,0.0,0.0,0.0
0.0848,0.0019375000000000004,0.35,0.25,0.032
0.08485000000000001,0.0017750000000000005,0.35,0.25,0.032
0.0849,0.005692500000000001,0.6,0.2999999999999998,0.055
0.08495,0.005450000000000002,0.6,0.2999999999999998,0.055
0.085,0.007402500000000002,0.75,0.2999999999999998,0.062
0.08505,0.011890000000000003,1.0,0.2999999999999998,0.068
0.08510000000000001,0.011377500000000002,1.0,0.2999999999999998,0.068
0.08515,0.015512500000000004,1.3,0.2999999999999998,0.07100000000000001
0.0852,0.014717500000000003,1.25,0.2999999999999998,0.07100000000000001
0.08525,0.016207500000000003,1.4,0.2999999999999998,0.07200000000000001
0.0853,0.019890000000000005,1.7,0.2999999999999998,0.07200000000000001
0.08535000000000001,0.018657500000000004,1.6500000000000001,0.2999999999999998,0.07200000000000001
0.0854,0.021927500000000006,1.9500000000000002,0.2999999999999998,0.07100000000000001
0.08545,0.020415000000000006,1.9500000000000002,0.2999999999999998,0.07100000000000001
0.0855,0.020902500000000004,2.05,0.2999999999999998,0.06999999999999998
0.08555,0.023412500000000006,2.25,0.2999999999999998,0.06999999999999998
0.08560000000000001,0.021197500000000005,2.25,0.2999999999999998,0.06899999999999999
0.08565,0.023297500000000006,2.4499999999999997,0.2999999999999998,0.06899999999999999
0.0857,0.020755000000000006,2.4,0.2999999999999998,0.068
0.08575,0.020290000000000006,2.4499999999999997,0.2999999999999998,0.068
0.0858,0.022007500000000006,2.6,0.2999999999999998,0.067
0.08585000000000001,0.019330000000000003,2.45,0.2999999999999998,0.067
0.0859,0.018830000000000006,2.4,0.2999999999999998,0.066
0.08595,0.020490000000000005,2.5,0.2999999999999998,0.066
0.08600000000000001,0.017920000000000005,2.35,0.2999999999999998,0.066
0.08605,0.019605000000000004,2.45,0.2999999999999998,0.06499999999999999
0.08610000000000001,0.017170000000000005,2.25,0.2999999999999998,0.06499999999999999
0.08615,0.016805000000000004,2.2500000000000004,0.2999999999999998,0.06499999999999999
0.0862,0.018570000000000003,2.35,0.2999999999999998,0.064
0.08625000000000001,0.016227500000000006,2.2,0.2999999999999998,0.064
0.0863,0.017987500000000003,2.3000000000000003,0.2999999999999998,0.064
0.08635000000000001,0.015692500000000005,2.15,0.2999999999999998,0.063
0.0864,0.015435000000000004,2.0999999999999996,0.2999999999999998,0.063
0.08645,0.017440000000000004,2.3000000000000003,0.2999999999999998,0.063
0.08650000000000001,0.015150000000000004,2.15,0.2999999999999998,0.063
0.08655,0.017407500000000003,2.25,0.2999999999999998,0.063
0.08660000000000001,0.015172500000000004,2.1,0.2999999999999998,0.062
0.08665,0.015222500000000003,2.1,0.2999999999999998,0.063
0.0867,0.017672500000000004,2.25,0.2999999999999998,0.066
0.08675000000000001,0.015607500000000003,2.05,0.2999999999999998,0.066
0.0868,0.018135000000000005,2.1999999999999993,0.2999999999999998,0.066
0.08685000000000001,0.016132500000000004,2.05,0.2999999999999998,0.066
0.0869,0.016430000000000004,2.05,0.2999999999999998,0.066
0.08695,0.019010000000000006,2.1500000000000004,0.2999999999999998,0.066
0.08700000000000001,0.017105000000000006,2.0,0.2999999999999998,0.066
0.08705,0.019645000000000006,2.1999999999999993,0.2999999999999998,0.066
0.08710000000000001,0.017580000000000005,2.0999999999999996,0.2999999999999998,0.066
0.08715,0.017647500000000003,2.1000000000000005,0.2999999999999998,0.066
0.0872,0.019825000000000006,2.3,0.2999999999999998,0.06499999999999999
0.08725000000000001,0.017480000000000006,2.2,0.2999999999999998,0.06499999999999999
0.0873,0.019600000000000006,2.3499999999999996,0.2999999999999998,0.06499999999999999
0.08735000000000001,0.017292500000000006,2.2,0.2999999999999998,0.06499999999999999
0.0874,0.017187500000000005,2.2,0.2999999999999998,0.06499999999999999
0.08745,0.019302500000000004,2.3500000000000005,0.2999999999999998,0.06499999999999999
0.08750000000000001,0.016995000000000003,2.1500000000000012,0.2999999999999998,0.06499999999999999
0.08755,0.019092500000000005,2.3,0.2999999999999998,0.06499999999999999
0.0876,0.016797500000000003,2.1500000000000004,0.2999999999999998,0.06499999999999999
0.08765,0.016722500000000005,2.1500000000000004,0.2999999999999998,0.064
0.0877,0.018790000000000005,2.3,0.2999999999999998,0.064
0.08775000000000001,0.016522500000000002,2.1499999999999995,0.2999999999999998,0.064
0.0878,0.018592500000000005,2.3000000000000007,0.2999999999999998,0.064
0.08785,0.016312500000000004,2.1499999999999995,0.2999999999999998,0.064
0.0879,0.016212500000000005,2.1000000000000005,0.2999999999999998,0.064
0.08795,0.018180000000000005,2.250000000000001,0.2999999999999998,0.064
0.08800000000000001,0.015922500000000003,2.1000000000000014,0.2999999999999998,0.064
0.08805,0.017670000000000005,2.25,0.2999999999999998,0.063
0.0881,0.015422500000000004,2.0999999999999996,0.2999999999999998,0.063
0.08815,0.014327500000000003,2.0,0.20000000000000018,0.063
0.0882,0.012205000000000002,1.799999999999999,0.20000000000000018,0.062
0.08825000000000001,0.009710000000000002,1.6500000000000004,0.20000000000000018,0.061
0.0883,0.007430000000000002,1.450000000000001,0.20000000000000018,0.059
0.08835,0.005580000000000002,1.2500000000000018,0.15000000000000036,0.057
0.0884,0.003892500000000001,1.1000000000000014,0.10000000000000031,0.054
0.08845,0.0022425000000000006,0.9000000000000004,0.10000000000000031,0.049
0.08850000000000001,0.0008425000000000003,0.75,0.10000000000000031,0.043
0.08855,0.00017250000000000005,0.4999999999999982,0.050000000000000044,0.033
0.0886,0.0,0.1999999999999993,0.0,0.017
0.08865,0.0,0.0,0.0,0.0
0.0887,0.0,0.0,0.0,0.0
0.08875000000000001,0.0,0.0,0.0,0.0
0.0888,0.0,0.0,0.0,0.0
0.08885,0.0,0.0,0.0,0.0
0.0889,0.0,0.0,0.0,0.0
0.08895,0.0,0.0,0.0,0.0
0.08900000000000001,0.0,0.0,0.0,0.0
0.08905,0.0005600000000000002,0.20000000000000107,0.20000000000000018,0.015000000000000001
0.0891,0.004115000000000001,0.5000000000000018,0.30000000000000004,0.048
0.08915000000000001,0.003910000000000001,0.45000000000000107,0.30000000000000004,0.048
0.0892,0.008177500000000002,0.75,0.30000000000000004,0.063
0.08925000000000001,0.007837500000000002,0.75,0.30000000000000004,0.063
0.0893,0.009835000000000002,0.8500000000000014,0.30000000000000004,0.066
0.08935,0.014232500000000004,1.1500000000000004,0.30000000000000004,0.06999999999999998
0.08940000000000001,0.013437500000000003,1.1500000000000004,0.30000000000000004,0.06999999999999998
0.08945,0.017515000000000003,1.4000000000000004,0.30000000000000004,0.07200000000000001
0.08950000000000001,0.016502500000000003,1.4000000000000004,0.30000000000000004,0.07200000000000001
0.08955,0.017745000000000004,1.5500000000000007,0.30000000000000004,0.07200000000000001
0.0896,0.021245000000000007,1.799999999999999,0.30000000000000004,0.07200000000000001
0.08965000000000001,0.019762500000000006,1.799999999999999,0.30000000000000004,0.07100000000000001
0.0897,0.022875000000000006,2.049999999999999,0.30000000000000004,0.07100000000000001
0.08975000000000001,0.021002500000000004,2.049999999999999,0.30000000000000004,0.06999999999999998
0.0898,0.021222500000000005,2.1500000000000004,0.30000000000000004,0.06999999999999998
0.08985,0.023472500000000007,2.4000000000000012,0.30000000000000004,0.06899999999999999
0.08990000000000001,0.021002500000000004,2.3500000000000005,0.30000000000000004,0.06899999999999999
0.08995,0.022877500000000005,2.549999999999999,0.30000000000000004,0.068
0.09000000000000001,0.020235000000000006,2.4499999999999993,0.30000000000000004,0.068
0.09005,0.019715000000000003,2.4499999999999984,0.30000000000000004,0.067
0.0901,0.021387500000000004,2.5999999999999996,0.30000000000000004,0.067
0.09015000000000001,0.018737500000000004,2.3999999999999986,0.30000000000000004,0.066
0.0902,0.020430000000000004,2.5,0.30000000000000004,0.066
0.09025000000000001,0.017865000000000006,2.3499999999999996,0.30000000000000004,0.066
0.0903,0.017485000000000004,2.3,0.30000000000000004,0.06499999999999999
0.09035,0.019185000000000004,2.45,0.30000000000000004,0.06499999999999999
0.09040000000000001,0.016760000000000004,2.250000000000001,0.30000000000000004,0.06499999999999999
0.09045,0.018542500000000003,2.4000000000000004,0.30000000000000004,0.064
0.09050000000000001,0.016160000000000004,2.2,0.30000000000000004,0.064
0.09055,0.015897500000000005,2.200000000000001,0.30000000000000004,0.064
0.0906,0.017725000000000005,2.3,0.30000000000000004,0.063
0.09065000000000001,0.015430000000000004,2.1500000000000004,0.30000000000000004,0.063
0.0907,0.017432500000000004,2.25,0.30000000000000004,0.063
0.09075000000000001,0.015200000000000003,2.1000000000000005,0.30000000000000004,0.063
0.0908,0.015167500000000004,2.1000000000000005,0.30000000000000004,0.062
0.09085,0.017460000000000003,2.2,0.30000000000000004,0.063
0.09090000000000001,0.015267500000000003,2.05,0.30000000000000004,0.063
0.09095,0.017700000000000004,2.2,0.30000000000000004,0.066
0.091,0.015642500000000004,2.05,0.30000000000000004,0.066
0.09105,0.015932500000000006,2.0000000000000004,0.30000000000000004,0.066
0.0911,0.018462500000000003,2.15,0.30000000000000004,0.066
0.09115000000000001,0.016520000000000003,1.9999999999999996,0.30000000000000004,0.066
0.0912,0.019137500000000005,2.1500000000000004,0.30000000000000004,0.066
0.09125,0.017212500000000006,2.0,0.30000000000000004,0.066
0.0913,0.017495000000000004,2.0000000000000004,0.30000000000000004,0.066
0.09135,0.019877500000000006,2.2,0.30000000000000004,0.066
0.09140000000000001,0.017690000000000004,2.1500000000000004,0.30000000000000004,0.066
0.09145,0.019817500000000005,2.3500000000000005,0.30000000000000004,0.06499999999999999
0.0915,0.017500000000000005,2.2,0.30000000000000004,0.06499999999999999
0.09155,0.017395000000000004,2.1999999999999997,0.30000000000000004,0.06499999999999999
0.0916,0.019505000000000005,2.35,0.30000000000000004,0.06499999999999999
0.09165000000000001,0.017180000000000004,2.1999999999999997,0.30000000000000004,0.06499999999999999
0.0917,0.019287500000000006,2.3500000000000005,0.30000000000000004,0.06499999999999999
0.09175,0.016997500000000006,2.2,0.30000000000000004,0.06499999999999999
0.0918,0.016907500000000006,2.1999999999999997,0.30000000000000004,0.06499999999999999
0.09185,0.019017500000000003,2.3499999999999996,0.30000000000000004,0.06499999999999999
0.09190000000000001,0.016755000000000003,2.1499999999999995,0.30000000000000004,0.064
0.09195,0.018830000000000006,2.3,0.30000000000000004,0.064
0.092,0.016547500000000003,2.15,0.30000000000000004,0.064
0.09205,0.016475000000000004,2.15,0.30000000000000004,0.064
0.0921,0.018517500000000006,2.3,0.30000000000000004,0.064
0.09215000000000001,0.016262500000000003,2.1500000000000004,0.30000000000000004,0.064
0.0922,0.018195000000000003,2.3000000000000003,0.30000000000000004,0.064
0.09225,0.017950000000000004,2.3,0.30000000000000004,0.064
0.09230000000000001,0.015677500000000004,2.15,0.30000000000000004,0.063
0.09235,0.016260000000000004,2.1,0.30000000000000004,0.063
0.09240000000000001,0.013932500000000004,1.95,0.20000000000000018,0.063
0.09245,0.011672500000000002,1.75,0.20000000000000018,0.062
0.0925,0.009250000000000003,1.6,0.20000000000000018,0.061
0.09255000000000001,0.007007500000000002,1.4,0.20000000000000018,0.059
0.0926,0.0052225000000000014,1.25,0.1499999999999999,0.057
0.09265000000000001,0.003542500000000001,1.0999999999999999,0.09999999999999964,0.053
0.0927,0.0019225000000000004,0.85,0.09999999999999964,0.048
0.09275,0.0006525000000000002,0.65,0.09999999999999964,0.041
0.09280000000000001,8.250000000000003e-05,0.44999999999999996,0.04999999999999982,0.031
0.09285,0.0,0.09999999999999998,0.0,0.012
0.09290000000000001,0.0,0.0,0.0,0.0
0.09295,0.0,0.0,0.0,0.0
0.093,0.0,0.0,0.0,0.0
0.09305000000000001,0.0,0.0,0.0,0.0
0.0931,0.0,0.0,0.0,0.0
0.09315000000000001,0.0,0.0,0.0,0.0
0.0932,0.0,0.0,0.0,0.0
0.09325,0.0009525000000000002,0.25,0.24999999999999956,0.020999999999999998
0.09330000000000001,0.0008650000000000002,0.25,0.24999999999999956,0.020999999999999998
0.09335,0.004550000000000001,0.55,0.2999999999999998,0.051
0.09340000000000001,0.004325000000000001,0.5,0.2999999999999998,0.051
0.09345,0.006255000000000002,0.65,0.2999999999999998,0.058
0.0935,0.010705000000000003,0.95,0.2999999999999998,0.067
0.09355000000000001,0.010257500000000003,0.8999999999999999,0.2999999999999998,0.067
0.0936,0.014597500000000003,1.2,0.2999999999999998,0.07100000000000001
0.09365000000000001,0.013805000000000003,1.2,0.2999999999999998,0.07100000000000001
0.0937,0.015397500000000003,1.2999999999999998,0.2999999999999998,0.07100000000000001
0.09375,0.019145000000000006,1.5999999999999999,0.2999999999999998,0.07200000000000001
0.09380000000000001,0.018020000000000005,1.5999999999999999,0.2999999999999998,0.07200000000000001
0.09385,0.021515000000000006,1.85,0.2999999999999998,0.07200000000000001
0.09390000000000001,0.020010000000000003,1.85,0.2999999999999998,0.07100000000000001
0.09395,0.020690000000000004,1.95,0.2999999999999998,0.07100000000000001
0.094,0.023402500000000007,2.2499999999999996,0.2999999999999998,0.06999999999999998
0.09405000000000001,0.021275000000000006,2.1999999999999997,0.2999999999999998,0.06999999999999998
0.0941,0.023490000000000007,2.45,0.2999999999999998,0.06899999999999999
0.09415,0.021005000000000006,2.4,0.2999999999999998,0.06899999999999999
0.0942,0.020607500000000004,2.4499999999999997,0.2999999999999998,0.068
0.09425,0.022347500000000006,2.6500000000000004,0.2999999999999998,0.068
0.09430000000000001,0.019672500000000006,2.5,0.2999999999999998,0.067
0.09435,0.021320000000000006,2.6,0.2999999999999998,0.067
0.0944,0.018702500000000004,2.4,0.2999999999999998,0.066
0.09445,0.018227500000000004,2.4,0.2999999999999998,0.066
0.0945,0.019930000000000007,2.5,0.2999999999999998,0.06499999999999999
0.09455000000000001,0.017440000000000004,2.3000000000000003,0.2999999999999998,0.06499999999999999
0.0946,0.019162500000000006,2.45,0.2999999999999998,0.06499999999999999
0.09465,0.016757500000000005,2.25,0.2999999999999998,0.06499999999999999
0.0947,0.016452500000000005,2.2500000000000004,0.2999999999999998,0.064
0.09475,0.018230000000000003,2.35,0.2999999999999998,0.064
0.09480000000000001,0.015895000000000003,2.2,0.2999999999999998,0.064
0.09485,0.017642500000000005,2.35,0.2999999999999998,0.063
0.0949,0.015407500000000005,2.15,0.2999999999999998,0.063
0.09495,0.015245000000000003,2.1500000000000004,0.2999999999999998,0.063
0.095,0.017457500000000004,2.25,0.2999999999999998,0.063
0.09505000000000001,0.015220000000000004,2.1,0.2999999999999998,0.062
0.0951,0.017490000000000006,2.25,0.2999999999999998,0.063
0.09515,0.015355000000000004,2.05,0.2999999999999998,0.063
0.0952,0.015520000000000004,2.0499999999999994,0.2999999999999998,0.06499999999999999
0.09525,0.018027500000000005,2.2,0.2999999999999998,0.066
0.09530000000000001,0.016017500000000004,2.05,0.2999999999999998,0.066
0.09535,0.018565000000000005,2.2,0.2999999999999998,0.066
0.0954,0.018877500000000005,2.1499999999999995,0.2999999999999998,0.066
0.09545000000000001,0.016955000000000005,2.0,0.2999999999999998,0.066
0.0955,0.019547500000000006,2.1499999999999995,0.2999999999999998,0.066
0.09555000000000001,0.017552500000000006,2.05,0.2999999999999998,0.066
0.0956,0.017695000000000006,2.1000000000000005,0.2999999999999998,0.066
0.09565,0.019917500000000005,2.3,0.2999999999999998,0.066
0.09570000000000001,0.017612500000000003,2.2,0.2999999999999998,0.06499999999999999
0.09575,0.019715000000000003,2.4000000000000004,0.2999999999999998,0.06499999999999999
0.09580000000000001,0.017397500000000003,2.25,0.2999999999999998,0.06499999999999999
0.09585,0.017287500000000004,2.25,0.2999999999999998,0.06499999999999999
0.0959,0.019430000000000006,2.3499999999999988,0.2999999999999998,0.06499999999999999
0.09595000000000001,0.017090000000000004,2.1999999999999984,0.2999999999999998,0.06499999999999999
0.096,0.019195000000000004,2.3499999999999988,0.2999999999999998,0.06499999999999999
0.09605000000000001,0.016877500000000004,2.1999999999999993,0.2999999999999998,0.06499999999999999
0.0961,0.016805000000000004,2.1999999999999993,0.2999999999999998,0.06499999999999999
0.09615,0.018907500000000004,2.3499999999999996,0.2999999999999998,0.064
0.09620000000000001,0.016635000000000004,2.2,0.2999999999999998,0.064
0.09625,0.018705000000000006,2.3499999999999988,0.2999999999999998,0.064
0.09630000000000001,0.016455000000000004,2.1499999999999995,0.2999999999999998,0.064
0.09635,0.016342500000000003,2.1500000000000012,0.2999999999999998,0.064
0.0964,0.018325000000000004,2.3000000000000007,0.2999999999999998,0.064
0.09645000000000001,0.016077500000000005,2.1500000000000004,0.2999999999999998,0.064
0.0965,0.017907500000000003,2.3000000000000016,0.2999999999999998,0.064
0.09655000000000001,0.015675000000000005,2.1500000000000012,0.2999999999999998,0.063
0.0966,0.015177500000000003,2.1000000000000005,0.2999999999999998,0.063
0.09665,0.013650000000000004,1.950000000000001,0.19999999999999973,0.062
0.09670000000000001,0.011172500000000004,1.75,0.19999999999999973,0.062
0.09675,0.008740000000000003,1.5500000000000007,0.19999999999999973,0.060000000000000005
0.09680000000000001,0.006577500000000002,1.3500000000000014,0.19999999999999973,0.059
0.09685,0.004887500000000001,1.200000000000001,0.10000000000000009,0.056
0.0969,0.0032200000000000006,1.0,0.10000000000000009,0.052
0.09695000000000001,0.0016050000000000003,0.8499999999999996,0.10000000000000009,0.047
0.097,0.00046750000000000014,0.5999999999999996,0.10000000000000009,0.039
0.09705000000000001,0.0,0.34999999999999964,0.0,0.028
0.0971,0.0,0.0,0.0,0.0
0.09715,0.0,0.0,0.0,0.0
0.09720000000000001,0.0,0.0,0.0,0.0
0.09725,0.0,0.0,0.0,0.0
0.09730000000000001,0.0,0.0,0.0,0.0
0.09735,0.0,0.0,0.0,0.0
0.0974,0.0,0.0,0.0,0.0
0.09745000000000001,0.0,0.0,0.0,0.0
0.0975,0.0013000000000000004,0.3000000000000007,0.25,0.025
0.09755,0.0011650000000000002,0.3000000000000007,0.25,0.025
0.0976,0.0028375000000000006,0.45000000000000107,0.2999999999999998,0.041999999999999996
0.09765,0.007002500000000002,0.7000000000000011,0.2999999999999998,0.060000000000000005
0.09770000000000001,0.006642500000000002,0.7000000000000011,0.2999999999999998,0.060000000000000005
0.09775,0.011127500000000002,0.9500000000000011,0.2999999999999998,0.068
0.0978,0.010667500000000003,0.9500000000000011,0.2999999999999998,0.068
0.09785,0.012447500000000004,1.1000000000000014,0.2999999999999998,0.06999999999999998
0.0979,0.016550000000000006,1.3500000000000014,0.2999999999999998,0.07100000000000001
0.09795000000000001,0.015697500000000003,1.3000000000000007,0.2999999999999998,0.07100000000000001
0.098,0.019415000000000005,1.5999999999999996,0.2999999999999998,0.07200000000000001
0.09805,0.018295000000000006,1.5999999999999996,0.2999999999999998,0.07200000000000001
0.0981,0.019345000000000005,1.700000000000001,0.2999999999999998,0.07100000000000001
0.09815,0.022497500000000007,2.0,0.2999999999999998,0.07100000000000001
0.09820000000000001,0.020770000000000004,1.9499999999999993,0.2999999999999998,0.07100000000000001
0.09825,0.023445000000000008,2.2499999999999982,0.2999999999999998,0.06999999999999998
0.0983,0.021312500000000005,2.1999999999999993,0.2999999999999998,0.06999999999999998
0.09835,0.021187500000000005,2.3000000000000007,0.2999999999999998,0.06899999999999999
0.0984,0.023137500000000005,2.55,0.2999999999999998,0.068
0.09845000000000001,0.020517500000000004,2.4499999999999984,0.2999999999999998,0.068
0.0985,0.022232500000000006,2.6000000000000005,0.2999999999999998,0.067
0.09855,0.021747500000000006,2.6000000000000005,0.2999999999999998,0.067
0.09860000000000001,0.019080000000000003,2.4000000000000012,0.2999999999999998,0.067
0.09865,0.020747500000000006,2.5500000000000007,0.2999999999999998,0.066
0.09870000000000001,0.018152500000000005,2.3499999999999996,0.2999999999999998,0.066
0.09875,0.019860000000000006,2.45,0.2999999999999998,0.06499999999999999
0.0988,0.019455000000000004,2.45,0.2999999999999998,0.06499999999999999
0.09885000000000001,0.017015000000000006,2.249999999999999,0.2999999999999998,0.06499999999999999
0.0989,0.018760000000000006,2.4000000000000004,0.2999999999999998,0.064
0.09895000000000001,0.016370000000000003,2.2,0.2999999999999998,0.064
0.099,0.016117500000000003,2.1999999999999993,0.2999999999999998,0.064
0.09905,0.017900000000000006,2.3,0.2999999999999998,0.064
0.09910000000000001,0.015615000000000004,2.1499999999999995,0.2999999999999998,0.063
0.09915,0.017495000000000004,2.25,0.2999999999999998,0.063
0.09920000000000001,0.015250000000000003,2.0999999999999988,0.2999999999999998,0.063
0.09925,0.015202500000000004,2.0999999999999996,0.2999999999999998,0.063
0.0993,0.017480000000000006,2.1999999999999993,0.2999999999999998,0.062
0.09935000000000001,0.015242500000000004,2.05,0.2999999999999998,0.062
0.0994,0.017642500000000005,2.1999999999999993,0.2999999999999998,0.06499999999999999
0.09945000000000001,0.015570000000000004,2.05,0.2999999999999998,0.06499999999999999
0.0995,0.015830000000000004,2.0,0.2999999999999998,0.066
0.09955,0.018335000000000004,2.15,0.2999999999999998,0.067
0.09960000000000001,0.016370000000000003,1.9999999999999996,0.2999999999999998,0.066
0.09965,0.018942500000000004,2.15,0.2999999999999998,0.066
0.09970000000000001,0.017042500000000006,1.9499999999999997,0.2999999999999998,0.066
0.09975,0.017375000000000005,2.0,0.2999999999999998,0.066
0.0998,0.019842500000000006,2.15,0.2999999999999998,0.066
0.09985000000000001,0.017712500000000006,2.1,0.2999999999999998,0.066
0.0999,0.019932500000000006,2.2999999999999994,0.2999999999999998,0.066
0.09995000000000001,0.017637500000000004,2.1999999999999997,0.2999999999999998,0.06499999999999999
0.1,0.017525000000000006,2.1999999999999997,0.2999999999999998,0.06499999999999999
0.10005,0.019590000000000003,2.35,0.2999999999999998,0.06499999999999999
0.10010000000000001,0.017305000000000004,2.1999999999999997,0.2999999999999998,0.06499999999999999
0.10015,0.019402500000000007,2.35,0.2999999999999998,0.06499999999999999
0.10020000000000001,0.017132500000000005,2.1999999999999997,0.2999999999999998,0.06499999999999999
0.10025,0.017022500000000003,2.2,0.2999999999999998,0.06499999999999999
0.1003,0.019107500000000006,2.3000000000000003,0.2999999999999998,0.06499999999999999
0.10035000000000001,0.016850000000000004,2.1500000000000004,0.2999999999999998,0.06499999999999999
0.1004,0.018902500000000006,2.3,0.2999999999999998,0.064
0.10045000000000001,0.016675000000000006,2.15,0.2999999999999998,0.064
0.1005,0.016585000000000003,2.1500000000000004,0.2999999999999998,0.064
0.10055,0.018580000000000006,2.3,0.2999999999999998,0.064
0.10060000000000001,0.016352500000000002,2.15,0.2999999999999998,0.064
0.10065,0.018287500000000005,2.3,0.2999999999999998,0.064
0.10070000000000001,0.016072500000000003,2.0999999999999996,0.2999999999999998,0.064
0.10075,0.015872500000000005,2.0999999999999996,0.2999999999999998,0.064
0.1008,0.017287500000000004,2.1999999999999997,0.2999999999999998,0.063
0.10085000000000001,0.014970000000000004,2.05,0.2999999999999998,0.063
0.1009,0.013165000000000003,1.9000000000000001,0.19999999999999973,0.062
0.10095,0.010725000000000002,1.7,0.19999999999999973,0.061
0.101,0.008317500000000002,1.55,0.19999999999999973,0.060000000000000005
0.10105,0.006212500000000002,1.3499999999999999,0.1499999999999999,0.058
0.10110000000000001,0.004580000000000001,1.15,0.10000000000000009,0.055
0.10115,0.0028825000000000005,0.9500000000000001,0.10000000000000009,0.051
0.1012,0.0013125000000000003,0.8,0.10000000000000009,0.045000000000000005
0.10125,0.0003725000000000001,0.5499999999999999,0.10000000000000009,0.037
0.1013,0.0,0.3,0.0,0.025
0.10135000000000001,0.0,0.0,0.0,0.0
0.1014,0.0,0.0,0.0,0.0
0.10145,0.0,0.0,0.0,0.0
0.1015,0.0,0.0,0.0,0.0
0.10155,0.0,0.0,0.0,0.0
0.10160000000000001,0.0,0.0,0.0,0.0
0.10165,0.0,0.0,0.0,0.0
0.1017,0.0,0.0,0.0,0.0
0.10175000000000001,0.0,0.0,0.0,0.0
0.1018,0.003392500000000001,0.45,0.30000000000000027,0.044
0.10185000000000001,0.003222500000000001,0.4,0.30000000000000027,0.044
0.1019,0.007452500000000002,0.7,0.30000000000000027,0.061
0.10195,0.009500000000000003,0.85,0.30000000000000027,0.06499999999999999
0.10200000000000001,0.009127500000000002,0.7999999999999999,0.30000000000000027,0.06499999999999999
0.10205,0.013542500000000004,1.0999999999999999,0.30000000000000027,0.06999999999999998
0.10210000000000001,0.012822500000000004,1.0999999999999999,0.30000000000000027,0.06999999999999998
0.10215,0.016932500000000003,1.4,0.30000000000000027,0.07200000000000001
0.1022,0.018442500000000004,1.5,0.30000000000000027,0.07200000000000001
0.10225000000000001,0.017295000000000005,1.5,0.30000000000000027,0.07200000000000001
0.1023,0.020877500000000004,1.75,0.30000000000000027,0.07200000000000001
0.10235000000000001,0.019552500000000004,1.75,0.30000000000000027,0.07100000000000001
0.1024,0.020332500000000007,1.9000000000000004,0.30000000000000027,0.07100000000000001
0.10245,0.020877500000000004,2.0,0.30000000000000027,0.07100000000000001
0.10250000000000001,0.021260000000000005,2.1,0.30000000000000027,0.06999999999999998
0.10255,0.021320000000000006,2.25,0.30000000000000027,0.06899999999999999
0.10260000000000001,0.021207500000000004,2.35,0.30000000000000027,0.06899999999999999
0.10265,0.020917500000000006,2.4,0.30000000000000027,0.068
0.1027,0.020505000000000006,2.4499999999999997,0.30000000000000027,0.068
0.10275000000000001,0.020035000000000004,2.45,0.30000000000000027,0.067
0.1028,0.019532500000000005,2.45,0.30000000000000027,0.067
0.10285000000000001,0.019057500000000005,2.45,0.30000000000000027,0.067
0.1029,0.018580000000000006,2.4000000000000004,0.30000000000000027,0.066
0.10295,0.018132500000000006,2.35,0.30000000000000027,0.066
0.10300000000000001,0.017740000000000006,2.35,0.30000000000000027,0.06499999999999999
0.10305,0.017350000000000004,2.3,0.30000000000000027,0.06499999999999999
0.10310000000000001,0.017025000000000005,2.3000000000000003,0.30000000000000027,0.06499999999999999
0.10315,0.016665000000000003,2.2499999999999996,0.30000000000000027,0.064
0.1032,0.016380000000000006,2.2,0.30000000000000027,0.064
0.10325000000000001,0.016105000000000005,2.1999999999999997,0.30000000000000027,0.064
0.1033,0.015845000000000005,2.1999999999999997,0.30000000000000027,0.064
0.10335000000000001,0.015627500000000003,2.1499999999999995,0.30000000000000027,0.063
0.1034,0.015387500000000004,2.15,0.30000000000000027,0.063
0.10345,0.015302500000000004,2.1,0.30000000000000027,0.063
0.10350000000000001,0.015282500000000004,2.0999999999999996,0.30000000000000027,0.063
0.10355,0.015262500000000003,2.1,0.30000000000000027,0.062
0.10360000000000001,0.015317500000000003,2.099999999999999,0.30000000000000027,0.062
0.10365,0.015450000000000004,2.05,0.30000000000000027,0.064
0.1037,0.015637500000000006,2.0500000000000003,0.30000000000000027,0.06499999999999999
0.10375000000000001,0.015887500000000002,2.0500000000000007,0.30000000000000027,0.066
0.1038,0.016182500000000002,2.0,0.30000000000000027,0.067
0.10385000000000001,0.016485000000000003,2.0,0.30000000000000027,0.066
0.1039,0.016842500000000003,2.000000000000001,0.30000000000000027,0.066
0.10395,0.017177500000000005,2.0,0.30000000000000027,0.066
0.10400000000000001,0.017492500000000005,2.0,0.30000000000000027,0.066
0.10405,0.017710000000000004,2.05,0.30000000000000027,0.066
0.1041,0.017792500000000003,2.1000000000000005,0.30000000000000027,0.066
0.10415,0.017735000000000004,2.1999999999999993,0.30000000000000027,0.066
0.1042,0.017665000000000004,2.2,0.30000000000000027,0.06499999999999999
0.10425000000000001,0.017532500000000003,2.25,0.30000000000000027,0.06499999999999999
0.1043,0.017430000000000005,2.25,0.30000000000000027,0.06499999999999999
0.10435,0.017330000000000005,2.2,0.30000000000000027,0.06499999999999999
0.1044,0.017227500000000003,2.2,0.30000000000000027,0.06499999999999999
0.10445,0.017115000000000005,2.200000000000001,0.30000000000000027,0.06499999999999999
0.10450000000000001,0.017017500000000005,2.1999999999999993,0.30000000000000027,0.06499999999999999
0.10455,0.016917500000000005,2.2,0.30000000000000027,0.06499999999999999
0.1046,0.016847500000000005,2.2,0.30000000000000027,0.06499999999999999
0.10465,0.016742500000000004,2.200000000000001,0.30000000000000027,0.064
0.1047,0.016675000000000006,2.1499999999999995,0.30000000000000027,0.064
0.10475000000000001,0.016570000000000005,2.1500000000000004,0.30000000000000027,0.064
0.1048,0.016480000000000005,2.1499999999999995,0.30000000000000027,0.064
0.10485,0.018460000000000004,2.299999999999999,0.30000000000000027,0.064
0.10490000000000001,0.016252500000000003,2.1499999999999986,0.30000000000000027,0.064
0.10495,0.016100000000000003,2.1500000000000004,0.30000000000000027,0.064
0.10500000000000001,0.015860000000000003,2.1499999999999995,0.30000000000000027,0.064
0.10505,0.015550000000000003,2.1500000000000004,0.30000000000000027,0.063
0.1051,0.014950000000000003,2.0500000000000007,0.25,0.063
0.10515000000000001,0.012610000000000003,1.799999999999999,0.20000000000000018,0.062
0.1052,0.010237500000000002,1.6500000000000004,0.20000000000000018,0.061
0.10525000000000001,0.007872500000000003,1.5,0.20000000000000018,0.060000000000000005
0.1053,0.005932500000000001,1.3000000000000007,0.1499999999999999,0.058
0.10535,0.004215000000000001,1.1500000000000004,0.09999999999999964,0.055
0.10540000000000001,0.0025800000000000007,0.9500000000000011,0.09999999999999964,0.05
0.10545,0.0010575000000000003,0.75,0.09999999999999964,0.044
0.10550000000000001,0.00027500000000000007,0.5500000000000007,0.04999999999999982,0.03499999999999999
0.10555,0.0,0.25,0.0,0.022
0.1056,0.0,0.0,0.0,0.0
0.10565000000000001,0.0,0.0,0.0,0.0
0.1057,0.0,0.0,0.0,0.0
0.10575000000000001,0.0,0.0,0.0,0.0
0.1058,0.0,0.0,0.0,0.0
0.10585,0.0,0.0,0.0,0.0
0.10590000000000001,0.0,0.0,0.0,0.0
0.10595,0.0,0.0,0.0,0.0
0.10600000000000001,0.0002775000000000001,0.15000000000000036,0.15000000000000036,0.009000000000000001
0.10605,0.0018600000000000005,0.34999999999999964,0.25,0.033
0.1061,0.003605000000000001,0.45000000000000107,0.2999999999999998,0.047
0.10615000000000001,0.005532500000000001,0.5999999999999996,0.2999999999999998,0.056
0.1062,0.007502500000000002,0.75,0.2999999999999998,0.062
0.10625000000000001,0.009550000000000003,0.8500000000000014,0.2999999999999998,0.066
0.1063,0.011475000000000003,1.0000000000000018,0.2999999999999998,0.06899999999999999
0.10635,0.013157500000000003,1.1500000000000004,0.2999999999999998,0.06999999999999998
0.10640000000000001,0.014820000000000003,1.25,0.2999999999999998,0.07100000000000001
0.10645,0.016307500000000003,1.4000000000000004,0.2999999999999998,0.07200000000000001
0.10650000000000001,0.017585000000000003,1.5500000000000007,0.2999999999999998,0.07200000000000001
0.10655,0.018762500000000005,1.6499999999999986,0.2999999999999998,0.07200000000000001
0.1066,0.019690000000000006,1.799999999999999,0.2999999999999998,0.07100000000000001
0.10665000000000001,0.020520000000000004,1.8999999999999986,0.2999999999999998,0.07100000000000001
0.1067,0.021002500000000004,2.049999999999999,0.2999999999999998,0.06999999999999998
0.10675000000000001,0.021250000000000005,2.1500000000000004,0.2999999999999998,0.06999999999999998
0.1068,0.021330000000000005,2.3,0.2999999999999998,0.06899999999999999
0.10685,0.021180000000000004,2.3500000000000005,0.2999999999999998,0.06899999999999999
0.10690000000000001,0.020867500000000004,2.4499999999999993,0.2999999999999998,0.068
0.10695,0.020430000000000004,2.5,0.2999999999999998,0.068
0.10700000000000001,0.019952500000000005,2.500000000000001,0.2999999999999998,0.067
0.10705,0.019432500000000005,2.499999999999999,0.2999999999999998,0.067
0.1071,0.018950000000000005,2.4499999999999993,0.2999999999999998,0.066
0.10715000000000001,0.018490000000000003,2.4000000000000004,0.2999999999999998,0.066
0.1072,0.018050000000000004,2.4000000000000004,0.2999999999999998,0.066
0.10725000000000001,0.017650000000000006,2.3499999999999988,0.2999999999999998,0.06499999999999999
0.1073,0.017307500000000003,2.3,0.2999999999999998,0.06499999999999999
0.10735,0.016947500000000004,2.3,0.2999999999999998,0.06499999999999999
0.10740000000000001,0.016617500000000004,2.250000000000001,0.2999999999999998,0.064
0.10745,0.016345000000000005,2.25,0.2999999999999998,0.064
0.1075,0.016070000000000004,2.200000000000001,0.2999999999999998,0.064
0.10755,0.015797500000000003,2.2,0.2999999999999998,0.064
0.1076,0.015542500000000004,2.1500000000000004,0.2999999999999998,0.063
0.10765000000000001,0.015352500000000003,2.0999999999999996,0.2999999999999998,0.063
0.1077,0.015275000000000004,2.1499999999999995,0.2999999999999998,0.063
0.10775,0.015280000000000004,2.1000000000000005,0.2999999999999998,0.063
0.1078,0.015290000000000003,2.1000000000000005,0.2999999999999998,0.062
0.10785,0.015327500000000004,2.1000000000000005,0.2999999999999998,0.063
0.10790000000000001,0.015495000000000004,2.0999999999999996,0.2999999999999998,0.064
0.10795,0.015730000000000004,2.05,0.2999999999999998,0.066
0.108,0.018240000000000006,2.1999999999999993,0.2999999999999998,0.067
0.10805000000000001,0.016255000000000006,2.05,0.2999999999999998,0.067
0.1081,0.016562500000000004,2.0499999999999994,0.2999999999999998,0.066
0.10815000000000001,0.016890000000000006,2.0000000000000004,0.2999999999999998,0.066
0.1082,0.017262500000000004,2.0,0.2999999999999998,0.066
0.10825,0.019775000000000004,2.2000000000000006,0.2999999999999998,0.066
0.10830000000000001,0.017745000000000004,2.1,0.2999999999999998,0.066
0.10835,0.017800000000000003,2.1500000000000004,0.2999999999999998,0.066
0.10840000000000001,0.017737500000000003,2.2000000000000006,0.2999999999999998,0.066
0.10845,0.017620000000000004,2.25,0.2999999999999998,0.06499999999999999
0.1085,0.019702500000000005,2.3999999999999995,0.2999999999999998,0.06499999999999999
0.10855000000000001,0.017420000000000005,2.25,0.2999999999999998,0.06499999999999999
0.1086,0.017317500000000003,2.2499999999999996,0.2999999999999998,0.06499999999999999
0.10865000000000001,0.017207500000000004,2.2500000000000004,0.2999999999999998,0.06499999999999999
0.1087,0.017135000000000004,2.2,0.2999999999999998,0.06499999999999999
0.10875,0.017022500000000003,2.1999999999999997,0.2999999999999998,0.06499999999999999
0.10880000000000001,0.016930000000000004,2.2,0.2999999999999998,0.06499999999999999
0.10885,0.016837500000000005,2.2,0.2999999999999998,0.06499999999999999
0.10890000000000001,0.016752500000000003,2.2,0.2999999999999998,0.064
0.10895,0.016650000000000005,2.2,0.2999999999999998,0.064
0.109,0.016565000000000003,2.2,0.2999999999999998,0.064
0.10905000000000001,0.016445000000000005,2.2,0.2999999999999998,0.064
0.1091,0.016350000000000003,2.1500000000000004,0.2999999999999998,0.064
0.10915000000000001,0.016192500000000006,2.1500000000000004,0.2999999999999998,0.064
0.1092,0.016025000000000005,2.1,0.2999999999999998,0.064
0.10925,0.015807500000000006,2.1,0.2999999999999998,0.063
0.10930000000000001,0.015510000000000005,2.1,0.2999999999999998,0.063
0.10935,0.014352500000000004,2.0,0.20000000000000018,0.063
0.10940000000000001,0.012165000000000002,1.8,0.20000000000000018,0.062
0.10945,0.009715000000000003,1.65,0.20000000000000018,0.061
0.1095,0.007430000000000002,1.45,0.20000000000000018,0.059
0.10955000000000001,0.005577500000000002,1.25,0.15000000000000036,0.057
0.1096,0.003877500000000001,1.0999999999999999,0.10000000000000053,0.054
0.10965000000000001,0.0022325000000000005,0.9,0.10000000000000053,0.049
0.1097,0.0008375000000000002,0.75,0.10000000000000053,0.043
0.10975,0.00016750000000000003,0.5,0.050000000000000266,0.033
0.10980000000000001,0.0,0.2,0.0,0.017
0.10985,0.0,0.0,0.0,0.0
0.10990000000000001,0.0,0.0,0.0,0.0
0.10995,0.0,0.0,0.0,0.0
0.11,0.0,0.0,0.0,0.0
0.11005000000000001,0.0,0.0,0.0,0.0
0.1101,0.0,0.0,0.0,0.0
0.11015000000000001,0.0,0.0,0.0,0.0
0.1102,0.0,0.0,0.0,0.0
0.11025,0.0006225000000000001,0.2,0.20000000000000018,0.016
0.11030000000000001,0.0021825000000000004,0.39999999999999997,0.30000000000000027,0.036000000000000004
0.11035,0.003992500000000001,0.5,0.30000000000000027,0.049
0.11040000000000001,0.005917500000000002,0.6,0.30000000000000027,0.057
0.11045,0.007937500000000002,0.75,0.30000000000000027,0.063
0.1105,0.009940000000000003,0.85,0.30000000000000027,0.067
0.11055000000000001,0.011857500000000003,1.0,0.30000000000000027,0.06899999999999999
0.1106,0.013522500000000003,1.15,0.30000000000000027,0.06999999999999998
0.11065000000000001,0.015165000000000003,1.25,0.30000000000000027,0.07100000000000001
0.1107,0.016597500000000005,1.4,0.30000000000000027,0.07200000000000001
0.11075,0.017877500000000004,1.5499999999999998,0.30000000000000027,0.07200000000000001
0.11080000000000001,0.018970000000000004,1.6500000000000001,0.30000000000000027,0.07200000000000001
0.11085,0.019880000000000005,1.8,0.30000000000000027,0.07100000000000001
0.1109,0.022950000000000005,2.05,0.30000000000000027,0.07100000000000001
0.11095000000000001,0.021107500000000005,2.05,0.30000000000000027,0.06999999999999998
0.111,0.021337500000000006,2.15,0.30000000000000027,0.06999999999999998
0.11105000000000001,0.021362500000000006,2.2500000000000004,0.30000000000000027,0.06899999999999999
0.1111,0.021125000000000005,2.35,0.30000000000000027,0.06899999999999999
0.11115,0.022960000000000005,2.6,0.30000000000000027,0.068
0.11120000000000001,0.020372500000000005,2.45,0.30000000000000027,0.068
0.11125,0.019845000000000005,2.45,0.30000000000000027,0.067
0.11130000000000001,0.019357500000000003,2.4499999999999997,0.30000000000000027,0.067
0.11135,0.018875000000000006,2.3999999999999995,0.30000000000000027,0.066
0.1114,0.020515000000000005,2.5,0.30000000000000027,0.066
0.11145000000000001,0.018015000000000003,2.35,0.30000000000000027,0.066
0.1115,0.017635000000000005,2.3,0.30000000000000027,0.06499999999999999
0.11155000000000001,0.017225000000000004,2.3,0.30000000000000027,0.06499999999999999
0.1116,0.016892500000000005,2.25,0.30000000000000027,0.06499999999999999
0.11165,0.018632500000000003,2.4,0.30000000000000027,0.064
0.11170000000000001,0.016300000000000005,2.2,0.30000000000000027,0.064
0.11175,0.016015000000000005,2.1999999999999997,0.30000000000000027,0.064
0.11180000000000001,0.015785000000000004,2.15,0.30000000000000027,0.064
0.11185,0.015552500000000004,2.1500000000000004,0.30000000000000027,0.063
0.1119,0.017520000000000004,2.25,0.30000000000000027,0.063
0.11195000000000001,0.015312500000000003,2.1,0.30000000000000027,0.063
0.112,0.015282500000000004,2.1000000000000005,0.30000000000000027,0.063
0.11205000000000001,0.015307500000000003,2.05,0.30000000000000027,0.062
0.1121,0.015392500000000003,2.0500000000000003,0.30000000000000027,0.063
0.11215,0.015545000000000003,2.0500000000000007,0.30000000000000027,0.06499999999999999
0.11220000000000001,0.015770000000000003,2.05,0.30000000000000027,0.066
0.11225,0.016055000000000003,2.0,0.30000000000000027,0.067
0.11230000000000001,0.016320000000000005,2.0,0.30000000000000027,0.067
0.11235,0.016620000000000003,2.0,0.30000000000000027,0.066
0.1124,0.016990000000000005,2.0,0.30000000000000027,0.066
0.11245000000000001,0.017317500000000003,2.0,0.30000000000000027,0.066
0.1125,0.017625000000000005,2.0,0.30000000000000027,0.066
0.11255000000000001,0.017767500000000006,2.05,0.30000000000000027,0.066
0.1126,0.017810000000000003,2.1500000000000004,0.30000000000000027,0.066
0.11265,0.017727500000000004,2.1999999999999993,0.30000000000000027,0.066
0.11270000000000001,0.017622500000000003,2.2,0.30000000000000027,0.06499999999999999
0.11275,0.017520000000000004,2.1999999999999993,0.30000000000000027,0.06499999999999999
0.11280000000000001,0.017400000000000006,2.2,0.30000000000000027,0.06499999999999999
0.11285,0.017287500000000004,2.2,0.30000000000000027,0.06499999999999999
0.1129,0.017190000000000004,2.2,0.30000000000000027,0.06499999999999999
0.11295000000000001,0.017102500000000003,2.2,0.30000000000000027,0.06499999999999999
0.113,0.017030000000000003,2.2,0.30000000000000027,0.06499999999999999
0.11305000000000001,0.016932500000000003,2.200000000000001,0.30000000000000027,0.06499999999999999
0.1131,0.016867500000000004,2.1499999999999986,0.30000000000000027,0.06499999999999999
0.11315,0.016775000000000005,2.1499999999999995,0.30000000000000027,0.064
0.11320000000000001,0.016680000000000004,2.1499999999999995,0.30000000000000027,0.064
0.11325,0.016567500000000006,2.1500000000000004,0.30000000000000027,0.064
0.11330000000000001,0.016465000000000004,2.1499999999999986,0.30000000000000027,0.064
0.11335,0.016337500000000005,2.1499999999999995,0.30000000000000027,0.064
0.1134,0.016212500000000005,2.1499999999999995,0.30000000000000027,0.064
0.11345000000000001,0.015997500000000005,2.1500000000000004,0.30000000000000027,0.064
0.1135,0.015757500000000004,2.1500000000000004,0.30000000000000027,0.063
0.11355000000000001,0.015425000000000005,2.1000000000000005,0.30000000000000027,0.063
0.1136,0.013940000000000003,1.950000000000001,0.20000000000000018,0.063
0.11365,0.011655000000000002,1.75,0.20000000000000018,0.062
0.11370000000000001,0.009235000000000002,1.5999999999999996,0.20000000000000018,0.061
0.11375,0.006995000000000002,1.4000000000000004,0.20000000000000018,0.059
0.11380000000000001,0.005212500000000001,1.2500000000000018,0.1499999999999999,0.057
0.11385,0.0035275000000000007,1.1000000000000014,0.09999999999999964,0.053
0.1139,0.0019075000000000006,0.8499999999999996,0.09999999999999964,0.048
0.11395000000000001,0.0006275000000000001,0.6500000000000004,0.09999999999999964,0.041
0.114,7.500000000000002e-05,0.4499999999999993,0.04999999999999982,0.031
0.11405,0.0,0.09999999999999964,0.0,0.011
0.11410000000000001,0.0,0.0,0.0,0.0
0.11415,0.0,0.0,0.0,0.0
0.11420000000000001,0.0,0.0,0.0,0.0
0.11425,0.0,0.0,0.0,0.0
0.1143,0.0,0.0,0.0,0.0
0.11435000000000001,0.0,0.0,0.0,0.0
0.1144,0.0,0.0,0.0,0.0
0.11445000000000001,0.0,0.0,0.0,0.0
0.1145,0.0009250000000000003,0.2500000000000018,0.24999999999999956,0.022
0.11455,0.004627500000000001,0.5500000000000007,0.2999999999999998,0.051
0.11460000000000001,0.004407500000000001,0.5,0.2999999999999998,0.051
0.11465,0.006352500000000001,0.6499999999999986,0.2999999999999998,0.058
0.11470000000000001,0.008380000000000002,0.8000000000000007,0.2999999999999998,0.064
0.11475,0.010385000000000002,0.9000000000000004,0.2999999999999998,0.067
0.1148,0.014682500000000003,1.200000000000001,0.2999999999999998,0.07100000000000001
0.11485000000000001,0.013895000000000003,1.200000000000001,0.2999999999999998,0.07100000000000001
0.1149,0.015490000000000004,1.3000000000000007,0.2999999999999998,0.07100000000000001
0.11495000000000001,0.016857500000000004,1.450000000000001,0.2999999999999998,0.07200000000000001
0.115,0.018125000000000006,1.5999999999999996,0.2999999999999998,0.07200000000000001
0.11505,0.021580000000000005,1.8499999999999996,0.2999999999999998,0.07200000000000001
0.11510000000000001,0.020097500000000004,1.8499999999999996,0.2999999999999998,0.07100000000000001
0.11515,0.020770000000000004,1.9499999999999993,0.2999999999999998,0.07100000000000001
0.11520000000000001,0.021200000000000007,2.0999999999999988,0.2999999999999998,0.06999999999999998
0.11525,0.021375000000000005,2.1999999999999993,0.2999999999999998,0.06999999999999998
0.1153,0.021365000000000006,2.3000000000000007,0.2999999999999998,0.06899999999999999
0.11535000000000001,0.021120000000000007,2.4000000000000004,0.2999999999999998,0.06899999999999999
0.1154,0.020737500000000006,2.4499999999999984,0.2999999999999998,0.068
0.11545000000000001,0.020262500000000006,2.5,0.2999999999999998,0.068
0.1155,0.019805000000000007,2.499999999999999,0.2999999999999998,0.067
0.11555,0.019275000000000004,2.45,0.2999999999999998,0.067
0.11560000000000001,0.018822500000000006,2.4000000000000004,0.2999999999999998,0.066
0.11565,0.018372500000000003,2.4000000000000004,0.2999999999999998,0.066
0.11570000000000001,0.017937500000000006,2.3500000000000005,0.2999999999999998,0.066
0.11575,0.017552500000000006,2.3,0.2999999999999998,0.06499999999999999
0.1158,0.017190000000000004,2.3000000000000016,0.2999999999999998,0.06499999999999999
0.11585000000000001,0.016870000000000003,2.25,0.2999999999999998,0.06499999999999999
0.1159,0.016572500000000004,2.25,0.2999999999999998,0.064
0.11595000000000001,0.016267500000000004,2.1999999999999993,0.2999999999999998,0.064
0.116,0.015995000000000006,2.2,0.2999999999999998,0.064
0.11605,0.015735000000000002,2.1999999999999993,0.2999999999999998,0.063
0.11610000000000001,0.015525000000000004,2.1500000000000004,0.2999999999999998,0.063
0.11615,0.015360000000000004,2.1499999999999995,0.2999999999999998,0.063
0.11620000000000001,0.015325000000000004,2.0999999999999996,0.2999999999999998,0.063
0.11625,0.015305000000000004,2.0999999999999996,0.2999999999999998,0.063
0.1163,0.015325000000000004,2.0999999999999996,0.2999999999999998,0.062
0.11635000000000001,0.015442500000000003,2.0999999999999996,0.2999999999999998,0.063
0.1164,0.015630000000000005,2.05,0.2999999999999998,0.06499999999999999
0.11645000000000001,0.015852500000000005,2.05,0.2999999999999998,0.066
0.1165,0.016117500000000003,2.0500000000000007,0.2999999999999998,0.067
0.11655,0.016405000000000003,2.0500000000000003,0.2999999999999998,0.067
0.11660000000000001,0.016737500000000006,2.0,0.2999999999999998,0.066
0.11665,0.017075000000000003,1.9999999999999996,0.2999999999999998,0.066
0.11670000000000001,0.017405000000000004,2.0,0.2999999999999998,0.066
0.11675,0.017672500000000004,2.0500000000000003,0.2999999999999998,0.066
0.1168,0.017800000000000003,2.1,0.2999999999999998,0.066
0.11685000000000001,0.017795000000000005,2.1499999999999995,0.2999999999999998,0.066
0.1169,0.017720000000000003,2.1999999999999997,0.2999999999999998,0.066
0.11695000000000001,0.017622500000000003,2.2500000000000004,0.2999999999999998,0.06499999999999999
0.117,0.017527500000000005,2.25,0.2999999999999998,0.06499999999999999
0.11705,0.017412500000000004,2.2500000000000004,0.2999999999999998,0.06499999999999999
0.11710000000000001,0.017337500000000006,2.2,0.2999999999999998,0.06499999999999999
0.11715,0.017215000000000005,2.1999999999999997,0.2999999999999998,0.06499999999999999
0.11720000000000001,0.019277500000000006,2.3499999999999996,0.2999999999999998,0.06499999999999999
0.11725000000000001,0.017027500000000004,2.2,0.2999999999999998,0.06499999999999999
0.1173,0.016940000000000004,2.2,0.2999999999999998,0.06499999999999999
0.11735000000000001,0.016845000000000006,2.1999999999999997,0.2999999999999998,0.06499999999999999
0.1174,0.016755000000000003,2.1999999999999997,0.2999999999999998,0.064
0.11745,0.018797500000000005,2.3499999999999996,0.2999999999999998,0.064
0.11750000000000001,0.016570000000000005,2.1499999999999995,0.2999999999999998,0.064
0.11755,0.016467500000000003,2.15,0.2999999999999998,0.064
0.11760000000000001,0.016340000000000004,2.15,0.2999999999999998,0.064
0.11765,0.016167500000000005,2.15,0.2999999999999998,0.064
0.1177,0.017952500000000003,2.3000000000000003,0.2999999999999998,0.064
0.11775000000000001,0.015737500000000005,2.1500000000000004,0.2999999999999998,0.063
0.1178,0.015225000000000004,2.1500000000000004,0.2999999999999998,0.063
0.11785000000000001,0.013520000000000004,1.95,0.19999999999999973,0.062
0.1179,0.011170000000000003,1.75,0.19999999999999973,0.062
0.11795,0.008692500000000002,1.55,0.19999999999999973,0.060000000000000005
0.11800000000000001,0.006572500000000002,1.3499999999999999,0.19999999999999973,0.058
0.11805,0.004870000000000001,1.2,0.10000000000000009,0.056
0.11810000000000001,0.0032100000000000006,1.0,0.10000000000000009,0.052
0.11815,0.0015800000000000005,0.85,0.10000000000000009,0.047
0.1182,0.0004550000000000001,0.6,0.10000000000000009,0.039
0.11825000000000001,0.0,0.35000000000000003,0.0,0.028
0.1183,0.0,0.0,0.0,0.0
0.11835000000000001,0.0,0.0,0.0,0.0
0.1184,0.0,0.0,0.0,0.0
0.11845,0.0,0.0,0.0,0.0
0.11850000000000001,0.0,0.0,0.0,0.0
0.11855,0.0,0.0,0.0,0.0
0.11860000000000001,0.0,0.0,0.0,0.0
0.11865,0.0,0.0,0.0,0.0
0.1187,0.0,0.0,0.0,0.0
0.11875000000000001,0.0012325000000000003,0.3,0.25,0.026
0.1188,0.002915000000000001,0.45,0.2999999999999998,0.041999999999999996
0.11885000000000001,0.0048175000000000015,0.55,0.2999999999999998,0.053
0.1189,0.006740000000000002,0.7,0.2999999999999998,0.060000000000000005
0.11895,0.008800000000000002,0.7999999999999999,0.2999999999999998,0.064
0.11900000000000001,0.010785000000000003,0.95,0.2999999999999998,0.068
0.11905,0.012562500000000002,1.0999999999999999,0.2999999999999998,0.06999999999999998
0.11910000000000001,0.014225000000000003,1.25,0.2999999999999998,0.07100000000000001
0.11915,0.015817500000000005,1.3499999999999999,0.2999999999999998,0.07200000000000001
0.1192,0.017112500000000003,1.5,0.2999999999999998,0.07200000000000001
0.11925000000000001,0.018392500000000006,1.65,0.2999999999999998,0.07200000000000001
0.1193,0.019440000000000006,1.75,0.2999999999999998,0.07200000000000001
0.11935000000000001,0.020287500000000003,1.9000000000000004,0.2999999999999998,0.07100000000000001
0.1194,0.020895000000000004,2.0,0.2999999999999998,0.07100000000000001
0.11945,0.021267500000000005,2.15,0.2999999999999998,0.06999999999999998
0.11950000000000001,0.021415000000000007,2.25,0.2999999999999998,0.06999999999999998
0.11955,0.021285000000000005,2.3000000000000003,0.2999999999999998,0.06899999999999999
0.11960000000000001,0.021047500000000004,2.4,0.2999999999999998,0.06899999999999999
0.11965,0.020645000000000004,2.4499999999999997,0.2999999999999998,0.068
0.1197,0.020157500000000005,2.45,0.2999999999999998,0.068
0.11975000000000001,0.019692500000000005,2.45,0.2999999999999998,0.067
0.1198,0.019212500000000004,2.4000000000000004,0.2999999999999998,0.067
0.11985000000000001,0.018715000000000006,2.4,0.2999999999999998,0.066
0.1199,0.018260000000000005,2.3499999999999996,0.2999999999999998,0.066
0.11995,0.017832500000000005,2.3,0.2999999999999998,0.066
0.12000000000000001,0.017470000000000003,2.3000000000000003,0.2999999999999998,0.06499999999999999
0.12005,0.017110000000000004,2.2500000000000004,0.2999999999999998,0.06499999999999999
0.12010000000000001,0.016780000000000003,2.25,0.2999999999999998,0.06499999999999999
0.12015,0.016477500000000003,2.2,0.2999999999999998,0.064
0.1202,0.016222500000000004,2.1999999999999997,0.2999999999999998,0.064
0.12025000000000001,0.015935000000000005,2.15,0.2999999999999998,0.064
0.1203,0.015705000000000004,2.1500000000000004,0.2999999999999998,0.063
0.12035000000000001,0.017552500000000006,2.3000000000000003,0.2999999999999998,0.063
0.12040000000000001,0.015347500000000004,2.15,0.2999999999999998,0.063
0.12045,0.015307500000000003,2.1499999999999995,0.2999999999999998,0.063
0.12050000000000001,0.015332500000000004,2.1,0.2999999999999998,0.063
0.12055,0.015360000000000004,2.099999999999999,0.2999999999999998,0.062
0.1206,0.017707500000000004,2.25,0.2999999999999998,0.06499999999999999
0.12065000000000001,0.015672500000000002,2.1,0.2999999999999998,0.06499999999999999
0.1207,0.015955000000000004,2.0500000000000007,0.2999999999999998,0.066
0.12075000000000001,0.016202500000000005,2.05,0.2999999999999998,0.067
0.1208,0.016492500000000004,2.0500000000000007,0.2999999999999998,0.066
0.12085,0.019027500000000006,2.2,0.2999999999999998,0.066
0.12090000000000001,0.017162500000000004,2.0,0.2999999999999998,0.066
0.12095,0.017480000000000006,2.0500000000000007,0.2999999999999998,0.066
0.12100000000000001,0.017702500000000003,2.05,0.2999999999999998,0.066
0.12105,0.017820000000000006,2.1500000000000004,0.2999999999999998,0.066
0.1211,0.020012500000000006,2.3,0.2999999999999998,0.066
0.12115000000000001,0.017732500000000005,2.2,0.2999999999999998,0.066
0.1212,0.017605000000000006,2.200000000000001,0.2999999999999998,0.06499999999999999
0.12125000000000001,0.017487500000000003,2.2,0.2999999999999998,0.06499999999999999
0.1213,0.017392500000000005,2.2,0.2999999999999998,0.06499999999999999
0.12135,0.019482500000000003,2.3499999999999988,0.2999999999999998,0.06499999999999999
0.12140000000000001,0.017207500000000004,2.1999999999999984,0.2999999999999998,0.06499999999999999
0.12145,0.017100000000000004,2.2,0.2999999999999998,0.06499999999999999
0.12150000000000001,0.017030000000000003,2.1499999999999995,0.2999999999999998,0.06499999999999999
0.12155,0.016925000000000003,2.1499999999999995,0.2999999999999998,0.06499999999999999
0.1216,0.018970000000000004,2.3000000000000007,0.2999999999999998,0.06499999999999999
0.12165000000000001,0.016747500000000005,2.1500000000000004,0.2999999999999998,0.064
0.1217,0.016645000000000004,2.1500000000000012,0.2999999999999998,0.064
0.12175000000000001,0.016532500000000006,2.1499999999999995,0.2999999999999998,0.064
0.1218,0.016412500000000003,2.1500000000000012,0.2999999999999998,0.064
0.12185,0.018340000000000006,2.3000000000000007,0.2999999999999998,0.064
0.12190000000000001,0.016122500000000005,2.0999999999999996,0.2999999999999998,0.064
0.12195,0.015925000000000005,2.0999999999999988,0.2999999999999998,0.064
0.12200000000000001,0.015647500000000005,2.1000000000000014,0.2999999999999998,0.063
0.12205,0.014965000000000004,2.0500000000000007,0.25,0.063
0.1221,0.013067500000000003,1.9000000000000021,0.19999999999999973,0.062
0.12215000000000001,0.010697500000000002,1.6999999999999993,0.19999999999999973,0.061
0.1222,0.008267500000000002,1.5500000000000007,0.19999999999999973,0.060000000000000005
0.12225000000000001,0.006215000000000002,1.3500000000000014,0.1499999999999999,0.058
0.1223,0.004527500000000001,1.1500000000000004,0.10000000000000009,0.055
0.12235,0.0028800000000000006,0.9500000000000011,0.10000000000000009,0.051
0.12240000000000001,0.0012875000000000002,0.8000000000000007,0.10000000000000009,0.045000000000000005
0.12245,0.0003625000000000001,0.5500000000000007,0.10000000000000009,0.037
0.12250000000000001,0.0,0.29999999999999893,0.0,0.025
0.12255,0.0,0.0,0.0,0.0
0.1226,0.0,0.0,0.0,0.0
0.12265000000000001,0.0,0.0,0.0,0.0
0.1227,0.0,0.0,0.0,0.0
0.12275000000000001,0.0,0.0,0.0,0.0
0.1228,0.0,0.0,0.0,0.0
0.12285,0.0,0.0,0.0,0.0
0.12290000000000001,0.0,0.0,0.0,0.0
0.12295,0.0,0.0,0.0,0.0
0.12300000000000001,0.0015600000000000004,0.3000000000000007,0.25,0.030000000000000002
0.12305,0.0032825000000000007,0.40000000000000036,0.30000000000000027,0.045000000000000005
0.1231,0.005230000000000001,0.5500000000000007,0.30000000000000027,0.055
0.12315000000000001,0.007185000000000002,0.7000000000000011,0.30000000000000027,0.061
0.1232,0.009230000000000002,0.8000000000000007,0.30000000000000027,0.06499999999999999
0.12325000000000001,0.011170000000000003,0.9500000000000011,0.30000000000000027,0.068
0.1233,0.012917500000000004,1.1000000000000014,0.30000000000000027,0.06999999999999998
0.12335,0.014590000000000004,1.2500000000000018,0.30000000000000027,0.07100000000000001
0.12340000000000001,0.016125000000000004,1.3499999999999996,0.30000000000000027,0.07200000000000001
0.12345,0.017380000000000003,1.5,0.30000000000000027,0.07200000000000001
0.12350000000000001,0.020967500000000007,1.75,0.30000000000000027,0.07200000000000001
0.12355000000000001,0.019622500000000005,1.75,0.30000000000000027,0.07100000000000001
0.1236,0.020420000000000004,1.8999999999999995,0.30000000000000027,0.07100000000000001
0.12365000000000001,0.020972500000000005,1.9999999999999991,0.30000000000000027,0.07100000000000001
0.1237,0.021332500000000004,2.1000000000000005,0.30000000000000027,0.06999999999999998
0.12375000000000001,0.023625000000000007,2.4000000000000004,0.30000000000000027,0.06999999999999998
0.12380000000000001,0.021275000000000006,2.3500000000000014,0.30000000000000027,0.06899999999999999
0.12385,0.020972500000000005,2.3999999999999995,0.30000000000000027,0.068
0.12390000000000001,0.020557500000000006,2.45,0.30000000000000027,0.068
0.12395,0.020097500000000004,2.450000000000002,0.30000000000000027,0.067
0.124,0.021730000000000006,2.5999999999999996,0.30000000000000027,0.067
0.12405000000000001,0.019110000000000005,2.450000000000001,0.30000000000000027,0.067
0.1241,0.018650000000000003,2.3999999999999995,0.30000000000000027,0.066
0.12415000000000001,0.018207500000000005,2.3500000000000005,0.30000000000000027,0.066
0.1242,0.017812500000000005,2.3499999999999996,0.30000000000000027,0.06499999999999999
0.12425,0.019465000000000007,2.45,0.30000000000000027,0.06499999999999999
0.12430000000000001,0.017065000000000004,2.249999999999999,0.30000000000000027,0.06499999999999999
0.12435,0.016730000000000005,2.25,0.30000000000000027,0.064
0.12440000000000001,0.016452500000000005,2.2,0.30000000000000027,0.064
0.12445,0.016160000000000004,2.1999999999999993,0.30000000000000027,0.064
0.1245,0.017945000000000006,2.3499999999999996,0.30000000000000027,0.064
0.12455000000000001,0.015692500000000005,2.1499999999999995,0.30000000000000027,0.063
0.1246,0.015455000000000003,2.1500000000000004,0.30000000000000027,0.063
0.12465000000000001,0.015377500000000004,2.0999999999999996,0.30000000000000027,0.063
0.1247,0.015355000000000004,2.1000000000000005,0.30000000000000027,0.063
0.12475,0.017550000000000003,2.25,0.30000000000000027,0.062
0.12480000000000001,0.015410000000000004,2.0500000000000007,0.30000000000000027,0.062
0.12485,0.015525000000000004,2.05,0.30000000000000027,0.064
0.12490000000000001,0.015720000000000005,2.0500000000000007,0.30000000000000027,0.066
0.12495,0.015967500000000003,2.0500000000000003,0.30000000000000027,0.066
0.125,0.018485000000000005,2.15,0.30000000000000027,0.067
0.12505,0.018782500000000004,2.15,0.30000000000000027,0.066
0.12510000000000002,0.016910000000000005,2.0000000000000004,0.30000000000000027,0.066
0.12515,0.017250000000000005,2.0,0.30000000000000027,0.066
0.1252,0.017572500000000005,2.0000000000000004,0.30000000000000027,0.066
0.12525,0.017775000000000006,2.05,0.30000000000000027,0.066
0.1253,0.020050000000000005,2.25,0.30000000000000027,0.066
0.12535000000000002,0.017807500000000004,2.1999999999999993,0.30000000000000027,0.066
0.1254,0.017722500000000006,2.1999999999999997,0.30000000000000027,0.066
0.12545,0.017597500000000005,2.2499999999999996,0.30000000000000027,0.06499999999999999
0.1255,0.017495000000000004,2.2,0.30000000000000027,0.06499999999999999
0.12555,0.019570000000000004,2.3499999999999996,0.30000000000000027,0.06499999999999999
0.12560000000000002,0.017292500000000006,2.2,0.30000000000000027,0.06499999999999999
0.12565,0.017185000000000006,2.2,0.30000000000000027,0.06499999999999999
0.1257,0.017100000000000004,2.2,0.30000000000000027,0.06499999999999999
0.12575,0.017000000000000005,2.2,0.30000000000000027,0.06499999999999999
0.1258,0.019055000000000006,2.3500000000000005,0.30000000000000027,0.06499999999999999
0.12585000000000002,0.016827500000000006,2.1500000000000004,0.30000000000000027,0.06499999999999999
0.1259,0.016760000000000004,2.1500000000000004,0.30000000000000027,0.064
0.12595,0.016647500000000003,2.1500000000000004,0.30000000000000027,0.064
0.126,0.016540000000000003,2.15,0.30000000000000027,0.064
0.12605,0.018525000000000003,2.3,0.30000000000000027,0.064
0.12610000000000002,0.016295000000000004,2.15,0.30000000000000027,0.064
0.12615,0.016142500000000004,2.15,0.30000000000000027,0.064
0.1262,0.015922500000000003,2.15,0.30000000000000027,0.064
0.12625,0.015600000000000004,2.15,0.30000000000000027,0.063
0.1263,0.014927500000000003,2.05,0.20000000000000018,0.063
0.12635000000000002,0.012580000000000003,1.8,0.20000000000000018,0.062
0.1264,0.010190000000000003,1.65,0.20000000000000018,0.061
0.12645,0.007845000000000001,1.5,0.20000000000000018,0.060000000000000005
0.1265,0.005890000000000001,1.3,0.1499999999999999,0.058
0.12655,0.004130000000000001,1.15,0.09999999999999964,0.055
0.12660000000000002,0.0025425000000000005,0.9500000000000001,0.09999999999999964,0.05
0.12665,0.0010325000000000002,0.75,0.09999999999999964,0.044
0.1267,0.0002625000000000001,0.5499999999999999,0.04999999999999982,0.03499999999999999
0.12675,0.0,0.25,0.0,0.020999999999999998
0.1268,0.0,0.0,0.0,0.0
0.12685000000000002,0.0,0.0,0.0,0.0
0.1269,0.0,0.0,0.0,0.0
0.12695,0.0,0.0,0.0,0.0
0.127,0.0,0.0,0.0,0.0
0.12705,0.0,0.0,0.0,0.0
0.12710000000000002,0.0,0.0,0.0,0.0
0.12715,0.0,0.0,0.0,0.0
0.1272,0.0003725000000000001,0.2,0.20000000000000018,0.011
0.12725,0.0019400000000000005,0.35,0.25,0.034
0.1273,0.005900000000000002,0.6,0.2999999999999998,0.056
0.12735000000000002,0.005645000000000002,0.6,0.2999999999999998,0.056
0.1274,0.007615000000000002,0.75,0.2999999999999998,0.062
0.12745,0.009630000000000003,0.85,0.2999999999999998,0.066
0.1275,0.011567500000000003,1.0,0.2999999999999998,0.06899999999999999
0.12755,0.015710000000000005,1.3,0.2999999999999998,0.07100000000000001
0.12760000000000002,0.014920000000000004,1.25,0.2999999999999998,0.07100000000000001
0.12765,0.016390000000000005,1.4,0.2999999999999998,0.07200000000000001
0.1277,0.017675000000000003,1.5499999999999998,0.2999999999999998,0.07200000000000001
0.12775,0.018857500000000006,1.6500000000000001,0.2999999999999998,0.07200000000000001
0.1278,0.022090000000000005,1.9500000000000002,0.2999999999999998,0.07100000000000001
0.12785000000000002,0.020582500000000004,1.9000000000000001,0.2999999999999998,0.07100000000000001
0.1279,0.021085000000000007,2.05,0.2999999999999998,0.07100000000000001
0.12795,0.021310000000000006,2.15,0.2999999999999998,0.06999999999999998
0.128,0.021397500000000007,2.2500000000000004,0.2999999999999998,0.06899999999999999
0.12805,0.023452500000000005,2.5,0.2999999999999998,0.06899999999999999
0.12810000000000002,0.023092500000000005,2.6,0.2999999999999998,0.068
0.12815000000000001,0.020502500000000007,2.5,0.2999999999999998,0.068
0.1282,0.020017500000000004,2.5,0.2999999999999998,0.067
0.12825,0.019527500000000003,2.4499999999999997,0.2999999999999998,0.067
0.1283,0.021152500000000005,2.6,0.2999999999999998,0.067
0.12835000000000002,0.020657500000000006,2.55,0.2999999999999998,0.066
0.12840000000000001,0.018107500000000006,2.35,0.2999999999999998,0.066
0.12845,0.017715000000000005,2.3499999999999996,0.2999999999999998,0.06499999999999999
0.1285,0.017387500000000004,2.3,0.2999999999999998,0.06499999999999999
0.12855,0.019067500000000005,2.4499999999999997,0.2999999999999998,0.06499999999999999
0.12860000000000002,0.018740000000000003,2.4,0.2999999999999998,0.064
0.12865000000000001,0.016422500000000003,2.25,0.2999999999999998,0.064
0.1287,0.016152500000000004,2.1999999999999997,0.2999999999999998,0.064
0.12875,0.015880000000000005,2.1999999999999997,0.2999999999999998,0.064
0.1288,0.017610000000000004,2.3000000000000007,0.2999999999999998,0.063
0.12885,0.017597500000000005,2.3000000000000003,0.2999999999999998,0.063
0.12890000000000001,0.015360000000000004,2.15,0.2999999999999998,0.063
0.12895,0.015355000000000004,2.1000000000000005,0.2999999999999998,0.063
0.129,0.015380000000000003,2.1,0.2999999999999998,0.062
0.12905,0.017662500000000005,2.2500000000000004,0.2999999999999998,0.06499999999999999
0.1291,0.017837500000000006,2.2,0.2999999999999998,0.066
0.12915000000000001,0.015815000000000003,2.05,0.2999999999999998,0.066
0.1292,0.016057500000000002,2.05,0.2999999999999998,0.067
0.12925,0.016320000000000005,2.05,0.2999999999999998,0.067
0.1293,0.018857500000000006,2.1999999999999993,0.2999999999999998,0.066
0.12935,0.019185000000000004,2.1500000000000004,0.2999999999999998,0.066
0.12940000000000002,0.017330000000000005,2.0,0.2999999999999998,0.066
0.12945,0.017625000000000005,2.049999999999999,0.2999999999999998,0.066
0.1295,0.017812500000000005,2.0999999999999996,0.2999999999999998,0.066
0.12955,0.020065000000000006,2.3,0.2999999999999998,0.066
0.1296,0.020005000000000005,2.3499999999999996,0.2999999999999998,0.066
0.12965000000000002,0.017692500000000003,2.25,0.2999999999999998,0.06499999999999999
0.1297,0.017592500000000004,2.249999999999999,0.2999999999999998,0.06499999999999999
0.12975,0.017485000000000004,2.25,0.2999999999999998,0.06499999999999999
0.1298,0.019560000000000004,2.3999999999999995,0.2999999999999998,0.06499999999999999
0.12985,0.019480000000000004,2.3500000000000005,0.2999999999999998,0.06499999999999999
0.12990000000000002,0.017205000000000005,2.2,0.2999999999999998,0.06499999999999999
0.12995,0.017090000000000004,2.2,0.2999999999999998,0.06499999999999999
0.13,0.017002500000000004,2.200000000000001,0.2999999999999998,0.06499999999999999
0.13005,0.019050000000000004,2.3499999999999996,0.2999999999999998,0.06499999999999999
0.1301,0.018952500000000004,2.3500000000000005,0.2999999999999998,0.06499999999999999
0.13015000000000002,0.016712500000000005,2.2,0.2999999999999998,0.064
0.1302,0.016625000000000004,2.200000000000001,0.2999999999999998,0.064
0.13025,0.016505000000000006,2.1999999999999984,0.2999999999999998,0.064
0.1303,0.018480000000000003,2.3,0.2999999999999998,0.064
0.13035,0.018305000000000005,2.3,0.2999999999999998,0.064
0.13040000000000002,0.016065000000000003,2.1500000000000004,0.2999999999999998,0.064
0.13045,0.015862500000000005,2.1500000000000004,0.2999999999999998,0.064
0.1305,0.015557500000000004,2.1500000000000004,0.2999999999999998,0.063
0.13055,0.014505000000000004,2.0,0.20000000000000018,0.063
0.1306,0.012087500000000003,1.799999999999999,0.20000000000000018,0.062
0.13065000000000002,0.009652500000000003,1.6500000000000004,0.20000000000000018,0.061
0.1307,0.007357500000000002,1.450000000000001,0.20000000000000018,0.059
0.13075,0.005537500000000002,1.2500000000000018,0.15000000000000036,0.057
0.1308,0.003790000000000001,1.1000000000000014,0.10000000000000053,0.054
0.13085,0.0021575000000000006,0.9000000000000004,0.10000000000000053,0.049
0.13090000000000002,0.0008150000000000002,0.7000000000000011,0.10000000000000053,0.041999999999999996
0.13095,0.00014500000000000003,0.4999999999999982,0.050000000000000266,0.033
0.131,0.0,0.15000000000000036,0.0,0.016
0.13105,0.0,0.0,0.0,0.0
0.1311,0.0,0.0,0.0,0.0
0.13115000000000002,0.0,0.0,0.0,0.0
0.1312,0.0,0.0,0.0,0.0
0.13125,0.0,0.0,0.0,0.0
0.1313,0.0,0.0,0.0,0.0
0.13135,0.0,0.0,0.0,0.0
0.13140000000000002,0.0,0.0,0.0,0.0
0.13145,0.0006775000000000002,0.2500000000000018,0.20000000000000018,0.017
0.1315,0.0022650000000000005,0.40000000000000036,0.30000000000000027,0.037
0.13155,0.006300000000000002,0.6499999999999986,0.30000000000000027,0.057
0.1316,0.008372500000000001,0.8000000000000007,0.30000000000000027,0.063
0.13165000000000002,0.008040000000000002,0.8000000000000007,0.30000000000000027,0.063
0.1317,0.010022500000000002,0.9000000000000004,0.30000000000000027,0.067
0.13175,0.011937500000000004,1.0500000000000007,0.30000000000000027,0.06899999999999999
0.1318,0.013597500000000004,1.200000000000001,0.30000000000000027,0.07100000000000001
0.13185,0.017650000000000006,1.4000000000000004,0.30000000000000027,0.07200000000000001
0.13190000000000002,0.016662500000000004,1.4000000000000004,0.30000000000000027,0.07200000000000001
0.13195,0.017942500000000004,1.5500000000000007,0.30000000000000027,0.07200000000000001
0.132,0.019062500000000007,1.6499999999999986,0.30000000000000027,0.07200000000000001
0.13205,0.019957500000000006,1.799999999999999,0.30000000000000027,0.07100000000000001
0.1321,0.023020000000000006,2.049999999999999,0.30000000000000027,0.07100000000000001
0.13215000000000002,0.021165000000000007,2.049999999999999,0.30000000000000027,0.06999999999999998
0.1322,0.021387500000000004,2.1500000000000004,0.30000000000000027,0.06999999999999998
0.13225,0.021405000000000004,2.250000000000001,0.30000000000000027,0.06899999999999999
0.1323,0.021175000000000006,2.3500000000000005,0.30000000000000027,0.06899999999999999
0.13235,0.023002500000000006,2.549999999999999,0.30000000000000027,0.068
0.13240000000000002,0.020387500000000006,2.4499999999999993,0.30000000000000027,0.068
0.13245,0.019915000000000006,2.4499999999999984,0.30000000000000027,0.067
0.1325,0.019410000000000004,2.45,0.30000000000000027,0.067
0.13255,0.018905000000000005,2.3999999999999986,0.30000000000000027,0.066
0.1326,0.020572500000000004,2.5,0.30000000000000027,0.066
0.13265000000000002,0.018052500000000006,2.3499999999999996,0.30000000000000027,0.066
0.1327,0.017652500000000005,2.3,0.30000000000000027,0.06499999999999999
0.13275,0.017267500000000005,2.3,0.30000000000000027,0.06499999999999999
0.1328,0.016935000000000006,2.250000000000001,0.30000000000000027,0.06499999999999999
0.13285,0.018677500000000003,2.4000000000000004,0.30000000000000027,0.064
0.13290000000000002,0.016330000000000004,2.2,0.30000000000000027,0.064
0.13295,0.016080000000000004,2.200000000000001,0.30000000000000027,0.064
0.133,0.015845000000000005,2.1499999999999995,0.30000000000000027,0.064
0.13305,0.015600000000000004,2.1500000000000004,0.30000000000000027,0.063
0.1331,0.017595000000000003,2.25,0.30000000000000027,0.063
0.13315000000000002,0.015405000000000004,2.1000000000000005,0.30000000000000027,0.063
0.1332,0.015342500000000004,2.1000000000000005,0.30000000000000027,0.063
0.13325,0.015382500000000004,2.05,0.30000000000000027,0.062
0.1333,0.015445000000000004,2.05,0.30000000000000027,0.063
0.13335,0.017870000000000004,2.2,0.30000000000000027,0.066
0.13340000000000002,0.015845000000000005,2.05,0.30000000000000027,0.066
0.13345,0.016122500000000005,2.0000000000000004,0.30000000000000027,0.067
0.1335,0.016385000000000004,2.0,0.30000000000000027,0.067
0.13355,0.016707500000000004,1.9999999999999996,0.30000000000000027,0.066
0.1336,0.019270000000000006,2.1500000000000004,0.30000000000000027,0.066
0.13365000000000002,0.017390000000000003,2.0,0.30000000000000027,0.066
0.1337,0.017672500000000004,2.0000000000000004,0.30000000000000027,0.066
0.13375,0.017827500000000003,2.0500000000000003,0.30000000000000027,0.066
0.1338,0.017872500000000003,2.1500000000000004,0.30000000000000027,0.066
0.13385,0.019972500000000004,2.3500000000000005,0.30000000000000027,0.066
0.13390000000000002,0.017682500000000004,2.2,0.30000000000000027,0.06499999999999999
0.13395,0.017580000000000005,2.1999999999999997,0.30000000000000027,0.06499999999999999
0.134,0.017452500000000003,2.2,0.30000000000000027,0.06499999999999999
0.13405,0.017345000000000003,2.1999999999999997,0.30000000000000027,0.06499999999999999
0.1341,0.019447500000000006,2.3500000000000005,0.30000000000000027,0.06499999999999999
0.13415000000000002,0.017175000000000003,2.2,0.30000000000000027,0.06499999999999999
0.1342,0.017070000000000005,2.1999999999999997,0.30000000000000027,0.06499999999999999
0.13425,0.017002500000000004,2.1500000000000004,0.30000000000000027,0.06499999999999999
0.1343,0.016915000000000003,2.1499999999999995,0.30000000000000027,0.06499999999999999
0.13435,0.018957500000000006,2.3,0.30000000000000027,0.06499999999999999
0.13440000000000002,0.018847500000000003,2.3,0.30000000000000027,0.064
0.13445000000000001,0.016625000000000004,2.15,0.30000000000000027,0.064
0.1345,0.016512500000000003,2.1500000000000004,0.30000000000000027,0.064
0.13455,0.016370000000000003,2.1500000000000004,0.30000000000000027,0.064
0.1346,0.018275000000000003,2.3000000000000003,0.30000000000000027,0.064
0.13465000000000002,0.018017500000000006,2.3,0.30000000000000027,0.064
0.13470000000000001,0.015802500000000004,2.1,0.30000000000000027,0.063
0.13475,0.015435000000000004,2.1,0.30000000000000027,0.063
0.1348,0.013905000000000004,1.95,0.20000000000000018,0.063
0.13485,0.011590000000000003,1.75,0.20000000000000018,0.062
0.13490000000000002,0.009120000000000003,1.6,0.20000000000000018,0.061
0.13495000000000001,0.006937500000000002,1.4,0.20000000000000018,0.059
0.135,0.005167500000000001,1.25,0.1499999999999999,0.057
0.13505,0.003477500000000001,1.0499999999999998,0.09999999999999964,0.053
0.1351,0.0018350000000000005,0.85,0.09999999999999964,0.048
0.13515000000000002,0.0005800000000000001,0.65,0.09999999999999964,0.04
0.13520000000000001,6.500000000000002e-05,0.44999999999999996,0.04999999999999982,0.030000000000000002
0.13525,0.0,0.09999999999999998,0.0,0.01
0.1353,0.0,0.0,0.0,0.0
0.13535,0.0,0.0,0.0,0.0
0.13540000000000002,0.0,0.0,0.0,0.0
0.13545000000000001,0.0,0.0,0.0,0.0
0.1355,0.0,0.0,0.0,0.0
0.13555,0.0,0.0,0.0,0.0
0.1356,0.0,0.0,0.0,0.0
0.13565,0.0010900000000000003,0.25,0.24999999999999956,0.023
0.13570000000000002,0.0009775000000000003,0.25,0.24999999999999956,0.023
0.13575,0.002640000000000001,0.39999999999999997,0.2999999999999998,0.04
0.1358,0.004492500000000001,0.5,0.2999999999999998,0.051
0.13585,0.008807500000000003,0.8,0.2999999999999998,0.064
0.1359,0.010910000000000003,0.95,0.2999999999999998,0.067
0.13595000000000002,0.010467500000000003,0.8999999999999999,0.2999999999999998,0.067
0.136,0.012307500000000002,1.05,0.2999999999999998,0.06899999999999999
0.13605,0.013982500000000004,1.2,0.2999999999999998,0.07100000000000001
0.1361,0.018007500000000006,1.45,0.2999999999999998,0.07200000000000001
0.13615,0.019350000000000006,1.5999999999999999,0.2999999999999998,0.07200000000000001
0.13620000000000002,0.018207500000000005,1.5999999999999999,0.2999999999999998,0.07200000000000001
0.13625,0.019317500000000005,1.7000000000000002,0.2999999999999998,0.07200000000000001
0.1363,0.020155000000000006,1.85,0.2999999999999998,0.07100000000000001
0.13635,0.023150000000000007,2.0999999999999996,0.2999999999999998,0.07100000000000001
0.1364,0.023522500000000005,2.2499999999999996,0.2999999999999998,0.06999999999999998
0.13645000000000002,0.021407500000000006,2.1999999999999997,0.2999999999999998,0.06999999999999998
0.1365,0.021402500000000005,2.3000000000000003,0.2999999999999998,0.06899999999999999
0.13655,0.021150000000000006,2.4,0.2999999999999998,0.06899999999999999
0.1366,0.022947500000000006,2.6,0.2999999999999998,0.068
0.13665,0.022450000000000005,2.6,0.2999999999999998,0.068
0.13670000000000002,0.019832500000000006,2.45,0.2999999999999998,0.067
0.13675,0.019337500000000004,2.45,0.2999999999999998,0.067
0.1368,0.018850000000000006,2.4,0.2999999999999998,0.066
0.13685,0.020482500000000004,2.55,0.2999999999999998,0.066
0.1369,0.020072500000000004,2.5,0.2999999999999998,0.066
0.13695000000000002,0.017602500000000004,2.3000000000000003,0.2999999999999998,0.06499999999999999
0.137,0.017222500000000005,2.3000000000000007,0.2999999999999998,0.06499999999999999
0.13705,0.016917500000000005,2.25,0.2999999999999998,0.06499999999999999
0.1371,0.018630000000000004,2.4,0.2999999999999998,0.064
0.13715,0.018340000000000006,2.35,0.2999999999999998,0.064
0.13720000000000002,0.016022500000000005,2.2,0.2999999999999998,0.064
0.13725,0.015792500000000004,2.1500000000000004,0.2999999999999998,0.064
0.1373,0.015582500000000004,2.15,0.2999999999999998,0.063
0.13735,0.017595000000000003,2.3,0.2999999999999998,0.063
0.1374,0.017585000000000003,2.25,0.2999999999999998,0.063
0.13745000000000002,0.015365000000000004,2.1,0.2999999999999998,0.063
0.1375,0.015372500000000004,2.0999999999999996,0.2999999999999998,0.062
0.13755,0.015512500000000004,2.05,0.2999999999999998,0.064
0.1376,0.017925000000000003,2.1999999999999997,0.2999999999999998,0.066
0.13765,0.018172500000000005,2.2,0.2999999999999998,0.067
0.13770000000000002,0.016175000000000005,2.05,0.2999999999999998,0.067
0.13775,0.016482500000000004,2.0,0.2999999999999998,0.067
0.1378,0.016807500000000003,2.0,0.2999999999999998,0.066
0.13785,0.019385000000000006,2.1500000000000004,0.2999999999999998,0.066
0.1379,0.019722500000000004,2.1499999999999995,0.2999999999999998,0.066
0.13795000000000002,0.017757500000000006,2.05,0.2999999999999998,0.066
0.138,0.017877500000000004,2.1000000000000005,0.2999999999999998,0.066
0.13805,0.017875000000000005,2.1499999999999995,0.2999999999999998,0.066
0.1381,0.019995000000000006,2.3500000000000005,0.2999999999999998,0.066
0.13815,0.019890000000000005,2.4000000000000004,0.2999999999999998,0.06499999999999999
0.13820000000000002,0.017585000000000003,2.25,0.2999999999999998,0.06499999999999999
0.13825,0.017475000000000004,2.25,0.2999999999999998,0.06499999999999999
0.1383,0.017380000000000003,2.2,0.2999999999999998,0.06499999999999999
0.13835,0.019452500000000005,2.3500000000000005,0.2999999999999998,0.06499999999999999
0.1384,0.019322500000000006,2.3499999999999988,0.2999999999999998,0.06499999999999999
0.13845000000000002,0.017070000000000005,2.1999999999999993,0.2999999999999998,0.06499999999999999
0.1385,0.016980000000000006,2.1999999999999993,0.2999999999999998,0.06499999999999999
0.13855,0.016882500000000005,2.1999999999999993,0.2999999999999998,0.06499999999999999
0.1386,0.016777500000000004,2.2,0.2999999999999998,0.06499999999999999
0.13865,0.018847500000000003,2.3,0.2999999999999998,0.064
0.13870000000000002,0.016597500000000005,2.1499999999999995,0.2999999999999998,0.064
0.13875,0.016502500000000003,2.1500000000000012,0.2999999999999998,0.064
0.1388,0.016375000000000004,2.1500000000000004,0.2999999999999998,0.064
0.13885,0.016230000000000005,2.1500000000000004,0.2999999999999998,0.064
0.1389,0.018027500000000005,2.3000000000000016,0.2999999999999998,0.064
0.13895000000000002,0.015810000000000005,2.1500000000000012,0.2999999999999998,0.063
0.139,0.015185000000000004,2.1499999999999995,0.2999999999999998,0.063
0.13905,0.013462500000000004,1.950000000000001,0.19999999999999973,0.062
0.1391,0.011112500000000003,1.75,0.19999999999999973,0.062
0.13915,0.008625000000000002,1.5500000000000007,0.19999999999999973,0.060000000000000005
0.13920000000000002,0.006527500000000002,1.3500000000000014,0.19999999999999973,0.058
0.13925,0.004827500000000001,1.200000000000001,0.10000000000000009,0.056
0.1393,0.003160000000000001,1.0,0.10000000000000009,0.052
0.13935,0.0015475000000000005,0.8499999999999996,0.10000000000000009,0.046
0.1394,0.00044250000000000013,0.5999999999999996,0.10000000000000009,0.039
0.13945000000000002,0.0,0.34999999999999964,0.0,0.027
0.1395,0.0,0.0,0.0,0.0
0.13955,0.0,0.0,0.0,0.0
0.1396,0.0,0.0,0.0,0.0
0.13965,0.0,0.0,0.0,0.0
0.13970000000000002,0.0,0.0,0.0,0.0
0.13975,0.0,0.0,0.0,0.0
0.1398,0.0,0.0,0.0,0.0
0.13985,0.0,0.0,0.0,0.0
0.1399,0.0014275000000000004,0.3000000000000007,0.25,0.027
0.13995000000000002,0.0012800000000000003,0.3000000000000007,0.25,0.027
0.14,0.003002500000000001,0.45000000000000107,0.2999999999999998,0.043
0.14005,0.004895000000000001,0.5500000000000007,0.2999999999999998,0.053
0.1401,0.006832500000000002,0.7000000000000011,0.2999999999999998,0.060000000000000005
0.14015,0.011330000000000003,0.9500000000000011,0.2999999999999998,0.068
0.14020000000000002,0.010862500000000002,0.9500000000000011,0.2999999999999998,0.068
0.14025,0.012650000000000003,1.1000000000000014,0.2999999999999998,0.06999999999999998
0.1403,0.014315000000000003,1.2500000000000018,0.2999999999999998,0.07100000000000001
0.14035,0.015890000000000005,1.3499999999999996,0.2999999999999998,0.07200000000000001
0.1404,0.019567500000000005,1.6500000000000004,0.2999999999999998,0.07200000000000001
0.14045000000000002,0.018460000000000004,1.6500000000000004,0.2999999999999998,0.07200000000000001
0.1405,0.019515000000000005,1.75,0.2999999999999998,0.07200000000000001
0.14055,0.020377500000000007,1.8999999999999995,0.2999999999999998,0.07100000000000001
0.1406,0.020935000000000006,1.9999999999999991,0.2999999999999998,0.07100000000000001
0.14065,0.023587500000000004,2.299999999999999,0.2999999999999998,0.06999999999999998
0.14070000000000002,0.023680000000000007,2.4000000000000004,0.2999999999999998,0.06999999999999998
0.14075000000000001,0.021372500000000006,2.3500000000000014,0.2999999999999998,0.06899999999999999
0.1408,0.021075000000000007,2.45,0.2999999999999998,0.06899999999999999
0.14085,0.020685000000000005,2.499999999999999,0.2999999999999998,0.068
0.1409,0.022365000000000006,2.6500000000000004,0.2999999999999998,0.068
0.14095000000000002,0.021875000000000006,2.6500000000000004,0.2999999999999998,0.067
0.14100000000000001,0.019205000000000003,2.450000000000001,0.2999999999999998,0.067
0.14105,0.018760000000000006,2.45,0.2999999999999998,0.066
0.1411,0.018320000000000003,2.3999999999999995,0.2999999999999998,0.066
0.14115,0.019975000000000007,2.5,0.2999999999999998,0.066
0.14120000000000002,0.019585000000000005,2.499999999999999,0.2999999999999998,0.06499999999999999
0.14125000000000001,0.017175000000000003,2.299999999999998,0.2999999999999998,0.06499999999999999
0.1413,0.016847500000000005,2.3,0.2999999999999998,0.06499999999999999
0.14135,0.016520000000000003,2.25,0.2999999999999998,0.064
0.1414,0.018295000000000006,2.3999999999999995,0.2999999999999998,0.064
0.14145000000000002,0.018007500000000006,2.3499999999999996,0.2999999999999998,0.064
0.14150000000000001,0.015750000000000004,2.1999999999999993,0.2999999999999998,0.063
0.14155,0.015492500000000005,2.1500000000000004,0.2999999999999998,0.063
0.1416,0.015417500000000004,2.1499999999999995,0.2999999999999998,0.063
0.14165,0.017575000000000004,2.3,0.2999999999999998,0.063
0.14170000000000002,0.017605000000000006,2.25,0.2999999999999998,0.063
0.14175000000000001,0.015402500000000005,2.1000000000000005,0.2999999999999998,0.062
0.1418,0.015512500000000004,2.0999999999999996,0.2999999999999998,0.064
0.14185,0.015717500000000002,2.1000000000000005,0.2999999999999998,0.06499999999999999
0.1419,0.018255000000000004,2.2,0.2999999999999998,0.067
0.14195000000000002,0.018500000000000006,2.1999999999999997,0.2999999999999998,0.067
0.14200000000000002,0.016535000000000005,2.0499999999999994,0.2999999999999998,0.067
0.14205,0.016857500000000004,2.0500000000000003,0.2999999999999998,0.066
0.1421,0.017205000000000005,2.0,0.2999999999999998,0.066
0.14215,0.019765000000000005,2.2,0.2999999999999998,0.066
0.1422,0.020002500000000006,2.1999999999999997,0.2999999999999998,0.066
0.14225000000000002,0.017887500000000004,2.15,0.2999999999999998,0.066
0.1423,0.017882500000000006,2.1999999999999993,0.2999999999999998,0.066
0.14235,0.017790000000000004,2.2499999999999996,0.2999999999999998,0.066
0.1424,0.019835000000000005,2.3999999999999995,0.2999999999999998,0.06499999999999999
0.14245,0.019727500000000005,2.4,0.2999999999999998,0.06499999999999999
0.14250000000000002,0.017450000000000004,2.2499999999999996,0.2999999999999998,0.06499999999999999
0.14255,0.017342500000000004,2.25,0.2999999999999998,0.06499999999999999
0.1426,0.017232500000000005,2.25,0.2999999999999998,0.06499999999999999
0.14265,0.019330000000000003,2.35,0.2999999999999998,0.06499999999999999
0.1427,0.019205000000000003,2.35,0.2999999999999998,0.06499999999999999
0.14275000000000002,0.016970000000000006,2.2,0.2999999999999998,0.06499999999999999
0.1428,0.016875000000000005,2.2,0.2999999999999998,0.06499999999999999
0.14285,0.016782500000000006,2.2,0.2999999999999998,0.06499999999999999
0.1429,0.018802500000000003,2.35,0.2999999999999998,0.064
0.14295,0.018695000000000003,2.3499999999999996,0.2999999999999998,0.064
0.14300000000000002,0.016462500000000005,2.1999999999999997,0.2999999999999998,0.064
0.14305,0.016332500000000003,2.1999999999999997,0.2999999999999998,0.064
0.1431,0.016177500000000004,2.15,0.2999999999999998,0.064
0.14315,0.017897500000000004,2.25,0.2999999999999998,0.064
0.1432,0.017267500000000005,2.1999999999999997,0.2999999999999998,0.063
0.14325000000000002,0.014955000000000003,2.05,0.25,0.063
0.1433,0.012997500000000004,1.85,0.19999999999999973,0.062
0.14335,0.010617500000000002,1.7,0.19999999999999973,0.061
0.1434,0.008162500000000001,1.55,0.19999999999999973,0.060000000000000005
0.14345,0.0061350000000000016,1.3499999999999999,0.1499999999999999,0.058
0.14350000000000002,0.004490000000000001,1.15,0.10000000000000009,0.055
0.14355,0.0028350000000000007,0.9500000000000001,0.10000000000000009,0.051
0.1436,0.0012500000000000002,0.8,0.10000000000000009,0.045000000000000005
0.14365,0.00033750000000000007,0.5499999999999999,0.10000000000000009,0.037
0.1437,0.0,0.3,0.0,0.024
0.14375000000000002,0.0,0.0,0.0,0.0
0.1438,0.0,0.0,0.0,0.0
0.14385,0.0,0.0,0.0,0.0
0.1439,0.0,0.0,0.0,0.0
0.14395,0.0,0.0,0.0,0.0
0.14400000000000002,0.0,0.0,0.0,0.0
0.14405,0.0,0.0,0.0,0.0
0.1441,0.0,0.0,0.0,0.0
0.14415,0.0017975000000000005,0.35,0.25,0.031
0.1442,0.003562500000000001,0.5,0.30000000000000027,0.045000000000000005
0.14425000000000002,0.0033675000000000007,0.45,0.30000000000000027,0.045000000000000005
0.1443,0.0053050000000000016,0.55,0.30000000000000027,0.055
0.14435,0.0072650000000000015,0.7,0.30000000000000027,0.061
0.1444,0.011742500000000003,0.95,0.30000000000000027,0.068
0.14445,0.013700000000000004,1.0999999999999999,0.30000000000000027,0.06999999999999998
0.14450000000000002,0.012975000000000004,1.0999999999999999,0.30000000000000027,0.06999999999999998
0.14455,0.014642500000000004,1.25,0.30000000000000027,0.07100000000000001
0.1446,0.016182500000000002,1.3499999999999999,0.30000000000000027,0.07200000000000001
0.14465,0.019832500000000006,1.65,0.30000000000000027,0.07200000000000001
0.1447,0.021037500000000004,1.75,0.30000000000000027,0.07200000000000001
0.14475000000000002,0.019687500000000004,1.75,0.30000000000000027,0.07200000000000001
0.1448,0.020480000000000005,1.9000000000000004,0.30000000000000027,0.07100000000000001
0.14485,0.021000000000000005,2.0,0.30000000000000027,0.07100000000000001
0.1449,0.023617500000000007,2.25,0.30000000000000027,0.06999999999999998
0.14495,0.023665000000000005,2.4,0.30000000000000027,0.06999999999999998
0.14500000000000002,0.021312500000000005,2.35,0.30000000000000027,0.06899999999999999
0.14505,0.020997500000000006,2.4,0.30000000000000027,0.068
0.1451,0.020605000000000005,2.4499999999999997,0.30000000000000027,0.068
0.14515,0.020132500000000005,2.45,0.30000000000000027,0.068
0.1452,0.021755000000000007,2.5999999999999996,0.30000000000000027,0.067
0.14525000000000002,0.019130000000000005,2.4,0.30000000000000027,0.067
0.1453,0.018672500000000005,2.4000000000000004,0.30000000000000027,0.066
0.14535,0.018247500000000003,2.35,0.30000000000000027,0.066
0.1454,0.017832500000000005,2.35,0.30000000000000027,0.066
0.14545,0.019482500000000003,2.45,0.30000000000000027,0.06499999999999999
0.14550000000000002,0.017102500000000003,2.2500000000000004,0.30000000000000027,0.06499999999999999
0.14555,0.016780000000000003,2.2499999999999996,0.30000000000000027,0.06499999999999999
0.1456,0.016492500000000004,2.2,0.30000000000000027,0.064
0.14565,0.016202500000000005,2.1999999999999997,0.30000000000000027,0.064
0.1457,0.017970000000000003,2.2999999999999994,0.30000000000000027,0.064
0.14575000000000002,0.015712500000000004,2.1499999999999995,0.30000000000000027,0.063
0.1458,0.015487500000000005,2.15,0.30000000000000027,0.063
0.14585,0.015415000000000003,2.1,0.30000000000000027,0.063
0.1459,0.015390000000000004,2.0999999999999996,0.30000000000000027,0.063
0.14595,0.017592500000000004,2.2499999999999996,0.30000000000000027,0.063
0.14600000000000002,0.015442500000000003,2.0499999999999994,0.30000000000000027,0.063
0.14605,0.015570000000000004,2.05,0.30000000000000027,0.064
0.1461,0.015767500000000004,2.0500000000000003,0.30000000000000027,0.066
0.14615,0.016017500000000004,2.0500000000000007,0.30000000000000027,0.067
0.1462,0.018537500000000005,2.1500000000000004,0.30000000000000027,0.067
0.14625000000000002,0.016605000000000005,2.0,0.30000000000000027,0.066
0.1463,0.016935000000000006,2.000000000000001,0.30000000000000027,0.066
0.14635,0.017275000000000006,2.0,0.30000000000000027,0.066
0.1464,0.017612500000000003,2.0,0.30000000000000027,0.066
0.14645,0.020045000000000004,2.2,0.30000000000000027,0.066
0.14650000000000002,0.017890000000000003,2.1000000000000005,0.30000000000000027,0.066
0.14655,0.017847500000000006,2.1999999999999993,0.30000000000000027,0.066
0.1466,0.017767500000000006,2.2,0.30000000000000027,0.066
0.14665,0.017627500000000004,2.25,0.30000000000000027,0.06499999999999999
0.1467,0.019720000000000005,2.3500000000000005,0.30000000000000027,0.06499999999999999
0.14675000000000002,0.017427500000000005,2.2,0.30000000000000027,0.06499999999999999
0.1468,0.017315000000000004,2.2,0.30000000000000027,0.06499999999999999
0.14685,0.017232500000000005,2.200000000000001,0.30000000000000027,0.06499999999999999
0.1469,0.017117500000000004,2.1999999999999993,0.30000000000000027,0.06499999999999999
0.14695,0.019205000000000003,2.3500000000000005,0.30000000000000027,0.06499999999999999
0.14700000000000002,0.019112500000000004,2.3500000000000005,0.30000000000000027,0.06499999999999999
0.14705000000000001,0.016887500000000003,2.1500000000000012,0.30000000000000027,0.06499999999999999
0.1471,0.016790000000000003,2.1499999999999995,0.30000000000000027,0.064
0.14715,0.016687500000000004,2.1500000000000004,0.30000000000000027,0.064
0.1472,0.018682500000000005,2.3,0.30000000000000027,0.064
0.14725000000000002,0.018560000000000004,2.299999999999999,0.30000000000000027,0.064
0.14730000000000001,0.016327500000000005,2.1499999999999986,0.30000000000000027,0.064
0.14735,0.016165000000000006,2.1500000000000004,0.30000000000000027,0.064
0.1474,0.015927500000000004,2.1499999999999995,0.30000000000000027,0.064
0.14745,0.016915000000000003,2.200000000000001,0.30000000000000027,0.063
0.14750000000000002,0.014867500000000004,2.0,0.20000000000000018,0.063
0.14755000000000001,0.012510000000000004,1.799999999999999,0.20000000000000018,0.062
0.1476,0.010107500000000002,1.6500000000000004,0.20000000000000018,0.061
0.14765,0.007767500000000002,1.450000000000001,0.20000000000000018,0.060000000000000005
0.1477,0.005790000000000002,1.3000000000000007,0.1499999999999999,0.058
0.14775000000000002,0.004082500000000001,1.1500000000000004,0.09999999999999964,0.054
0.14780000000000001,0.0024850000000000007,0.9000000000000004,0.09999999999999964,0.05
0.14785,0.0009975000000000003,0.75,0.09999999999999964,0.044
0.1479,0.00025000000000000006,0.4999999999999982,0.04999999999999982,0.03499999999999999
0.14795,0.0,0.25,0.0,0.02
0.14800000000000002,0.0,0.0,0.0,0.0
0.14805000000000001,0.0,0.0,0.0,0.0
0.1481,0.0,0.0,0.0,0.0
0.14815,0.0,0.0,0.0,0.0
0.1482,0.0,0.0,0.0,0.0
0.14825000000000002,0.0,0.0,0.0,0.0
0.14830000000000002,0.0,0.0,0.0,0.0
0.14835,0.0,0.0,0.0,0.0
0.1484,0.0004275000000000001,0.20000000000000107,0.20000000000000018,0.012
0.14845,0.003980000000000001,0.5000000000000018,0.2999999999999998,0.047
0.14850000000000002,0.005990000000000001,0.5999999999999996,0.2999999999999998,0.056
0.14855000000000002,0.005717500000000001,0.5999999999999996,0.2999999999999998,0.056
0.1486,0.007710000000000002,0.75,0.2999999999999998,0.062
0.14865,0.009730000000000003,0.8500000000000014,0.2999999999999998,0.066
0.1487,0.014127500000000003,1.1500000000000004,0.2999999999999998,0.06999999999999998
0.14875,0.015792500000000004,1.3000000000000007,0.2999999999999998,0.07100000000000001
0.14880000000000002,0.014987500000000004,1.25,0.2999999999999998,0.07100000000000001
0.14885,0.016465000000000004,1.4000000000000004,0.2999999999999998,0.07200000000000001
0.1489,0.017747500000000003,1.5500000000000007,0.2999999999999998,0.07200000000000001
0.14895,0.021257500000000006,1.799999999999999,0.2999999999999998,0.07200000000000001
0.149,0.022150000000000006,1.9499999999999993,0.2999999999999998,0.07100000000000001
0.14905000000000002,0.020640000000000006,1.8999999999999986,0.2999999999999998,0.07100000000000001
0.1491,0.021110000000000004,2.049999999999999,0.2999999999999998,0.07100000000000001
0.14915,0.021372500000000006,2.1500000000000004,0.2999999999999998,0.06999999999999998
0.1492,0.023665000000000005,2.4000000000000012,0.2999999999999998,0.06899999999999999
0.14925,0.023477500000000005,2.5,0.2999999999999998,0.06899999999999999
0.14930000000000002,0.020932500000000007,2.4499999999999993,0.2999999999999998,0.068
0.14935,0.020527500000000004,2.5,0.2999999999999998,0.068
0.1494,0.020030000000000006,2.500000000000001,0.2999999999999998,0.067
0.14945,0.021670000000000005,2.5999999999999996,0.2999999999999998,0.067
0.1495,0.021195000000000006,2.5999999999999996,0.2999999999999998,0.067
0.14955000000000002,0.018590000000000006,2.4000000000000004,0.2999999999999998,0.066
0.1496,0.018160000000000006,2.3499999999999996,0.2999999999999998,0.066
0.14965,0.017767500000000006,2.3499999999999988,0.2999999999999998,0.06499999999999999
0.1497,0.019480000000000004,2.45,0.2999999999999998,0.06499999999999999
0.14975,0.019097500000000003,2.45,0.2999999999999998,0.06499999999999999
0.14980000000000002,0.016750000000000004,2.250000000000001,0.2999999999999998,0.064
0.14985,0.016462500000000005,2.25,0.2999999999999998,0.064
0.1499,0.016160000000000004,2.200000000000001,0.2999999999999998,0.064
0.14995,0.017927500000000006,2.3500000000000005,0.2999999999999998,0.064
0.15,0.017662500000000005,2.3000000000000007,0.2999999999999998,0.063
0.15005000000000002,0.015460000000000003,2.1500000000000004,0.2999999999999998,0.063
0.1501,0.015410000000000004,2.1499999999999995,0.2999999999999998,0.063
0.15015,0.015382500000000004,2.1000000000000005,0.2999999999999998,0.063
0.1502,0.017620000000000004,2.250000000000001,0.2999999999999998,0.063
0.15025,0.017692500000000003,2.25,0.2999999999999998,0.06499999999999999
0.15030000000000002,0.015615000000000004,2.05,0.2999999999999998,0.06499999999999999
0.15035,0.015847500000000004,2.05,0.2999999999999998,0.066
0.1504,0.016112500000000005,2.0499999999999994,0.2999999999999998,0.067
0.15045,0.018595000000000004,2.1999999999999997,0.2999999999999998,0.067
0.1505,0.018907500000000004,2.15,0.2999999999999998,0.066
0.15055000000000002,0.017005000000000003,2.0000000000000004,0.2999999999999998,0.066
0.1506,0.017372500000000006,2.0,0.2999999999999998,0.066
0.15065,0.017670000000000005,2.0500000000000003,0.2999999999999998,0.066
0.1507,0.020057500000000006,2.25,0.2999999999999998,0.066
0.15075,0.020107500000000004,2.3000000000000003,0.2999999999999998,0.066
0.15080000000000002,0.017852500000000004,2.2000000000000006,0.2999999999999998,0.066
0.15085,0.017725000000000005,2.25,0.2999999999999998,0.066
0.1509,0.017622500000000003,2.2499999999999996,0.2999999999999998,0.06499999999999999
0.15095,0.019717500000000006,2.4,0.2999999999999998,0.06499999999999999
0.151,0.019617500000000006,2.4,0.2999999999999998,0.06499999999999999
0.15105000000000002,0.017345000000000003,2.2000000000000006,0.2999999999999998,0.06499999999999999
0.1511,0.017225000000000004,2.2,0.2999999999999998,0.06499999999999999
0.15115,0.017140000000000006,2.1999999999999997,0.2999999999999998,0.06499999999999999
0.1512,0.019187500000000003,2.3499999999999996,0.2999999999999998,0.06499999999999999
0.15125,0.019102500000000005,2.35,0.2999999999999998,0.06499999999999999
0.15130000000000002,0.016847500000000005,2.2,0.2999999999999998,0.06499999999999999
0.15135,0.016757500000000005,2.2,0.2999999999999998,0.064
0.1514,0.016655000000000003,2.2,0.2999999999999998,0.064
0.15145,0.018677500000000003,2.3,0.2999999999999998,0.064
0.1515,0.018520000000000005,2.3000000000000003,0.2999999999999998,0.064
0.15155000000000002,0.016307500000000003,2.1500000000000004,0.2999999999999998,0.064
0.1516,0.016105000000000005,2.15,0.2999999999999998,0.064
0.15165,0.015890000000000005,2.15,0.2999999999999998,0.064
0.1517,0.015567500000000003,2.15,0.2999999999999998,0.063
0.15175,0.014432500000000004,2.0,0.20000000000000018,0.063
0.15180000000000002,0.012035000000000002,1.8,0.20000000000000018,0.062
0.15185,0.009577500000000003,1.65,0.20000000000000018,0.061
0.1519,0.007295000000000002,1.4,0.20000000000000018,0.059
0.15195,0.005482500000000001,1.25,0.15000000000000036,0.057
0.152,0.003747500000000001,1.0999999999999999,0.10000000000000053,0.054
0.15205000000000002,0.0021325000000000007,0.9,0.10000000000000053,0.049
0.1521,0.0007725000000000002,0.7000000000000001,0.10000000000000053,0.041999999999999996
0.15215,0.00013500000000000003,0.5,0.050000000000000266,0.032
0.1522,0.0,0.15000000000000002,0.0,0.016
0.15225,0.0,0.0,0.0,0.0
0.15230000000000002,0.0,0.0,0.0,0.0
0.15235,0.0,0.0,0.0,0.0
0.1524,0.0,0.0,0.0,0.0
0.15245,0.0,0.0,0.0,0.0
0.1525,0.0,0.0,0.0,0.0
0.15255000000000002,0.0,0.0,0.0,0.0
0.1526,0.0,0.0,0.0,0.0
0.15265,0.0007475000000000002,0.25,0.25000000000000044,0.018000000000000002
0.1527,0.0023275000000000006,0.39999999999999997,0.30000000000000027,0.038
0.15275,0.006385000000000002,0.65,0.30000000000000027,0.058
0.15280000000000002,0.006102500000000001,0.65,0.30000000000000027,0.058
0.15285,0.008112500000000002,0.8,0.30000000000000027,0.063
0.1529,0.010132500000000003,0.8999999999999999,0.30000000000000027,0.067
0.15295,0.012042500000000003,1.05,0.30000000000000027,0.06899999999999999
0.153,0.016152500000000004,1.3499999999999999,0.30000000000000027,0.07100000000000001
0.15305000000000002,0.015327500000000004,1.2999999999999998,0.30000000000000027,0.07100000000000001
0.1531,0.016742500000000004,1.45,0.30000000000000027,0.07200000000000001
0.15315,0.018025000000000003,1.5999999999999999,0.30000000000000027,0.07200000000000001
0.1532,0.019155000000000005,1.7000000000000002,0.30000000000000027,0.07200000000000001
0.15325,0.022342500000000005,2.0,0.30000000000000027,0.07100000000000001
0.15330000000000002,0.023075000000000005,2.0999999999999996,0.30000000000000027,0.07100000000000001
0.15335000000000001,0.021210000000000007,2.0999999999999996,0.30000000000000027,0.06999999999999998
0.1534,0.021427500000000006,2.1999999999999997,0.30000000000000027,0.06999999999999998
0.15345,0.021420000000000005,2.2500000000000004,0.30000000000000027,0.06899999999999999
0.1535,0.023435000000000004,2.5,0.30000000000000027,0.06899999999999999
0.15355000000000002,0.023027500000000006,2.55,0.30000000000000027,0.068
0.15360000000000001,0.020385000000000004,2.45,0.30000000000000027,0.068
0.15365,0.019930000000000007,2.45,0.30000000000000027,0.067
0.1537,0.019427500000000004,2.4499999999999997,0.30000000000000027,0.067
0.15375,0.021067500000000006,2.55,0.30000000000000027,0.066
0.15380000000000002,0.020572500000000004,2.5,0.30000000000000027,0.066
0.15385000000000001,0.018035000000000006,2.35,0.30000000000000027,0.066
0.1539,0.017647500000000003,2.3,0.30000000000000027,0.06499999999999999
0.15395,0.017322500000000005,2.25,0.30000000000000027,0.06499999999999999
0.154,0.018995000000000005,2.3999999999999995,0.30000000000000027,0.06499999999999999
0.15405000000000002,0.018695000000000003,2.35,0.30000000000000027,0.064
0.15410000000000001,0.016372500000000005,2.2,0.30000000000000027,0.064
0.15415,0.016107500000000004,2.1499999999999995,0.30000000000000027,0.064
0.1542,0.015855000000000005,2.15,0.30000000000000027,0.064
0.15425,0.017642500000000005,2.3000000000000007,0.30000000000000027,0.063
0.15430000000000002,0.017607500000000005,2.3,0.30000000000000027,0.063
0.15435000000000001,0.015420000000000003,2.15,0.30000000000000027,0.063
0.1544,0.015370000000000003,2.1500000000000004,0.30000000000000027,0.063
0.15445,0.015420000000000003,2.0999999999999996,0.30000000000000027,0.062
0.1545,0.017742500000000005,2.2499999999999996,0.30000000000000027,0.06499999999999999
0.15455000000000002,0.017917500000000003,2.25,0.30000000000000027,0.066
0.15460000000000002,0.015892500000000004,2.05,0.30000000000000027,0.066
0.15465,0.016165000000000006,2.05,0.30000000000000027,0.067
0.1547,0.016455000000000004,2.05,0.30000000000000027,0.067
0.15475,0.018982500000000006,2.1999999999999993,0.30000000000000027,0.066
0.15480000000000002,0.019320000000000004,2.1500000000000004,0.30000000000000027,0.066
0.15485000000000002,0.017452500000000003,2.0,0.30000000000000027,0.066
0.1549,0.017702500000000003,2.05,0.30000000000000027,0.066
0.15495,0.017867500000000005,2.1000000000000005,0.30000000000000027,0.066
0.155,0.020102500000000006,2.3,0.30000000000000027,0.066
0.15505000000000002,0.020020000000000007,2.3499999999999996,0.30000000000000027,0.066
0.15510000000000002,0.017722500000000006,2.2,0.30000000000000027,0.066
0.15515,0.017602500000000004,2.1999999999999993,0.30000000000000027,0.06499999999999999
0.1552,0.017487500000000003,2.2,0.30000000000000027,0.06499999999999999
0.15525,0.019587500000000004,2.3499999999999996,0.30000000000000027,0.06499999999999999
0.1553,0.019490000000000004,2.3500000000000005,0.30000000000000027,0.06499999999999999
0.15535000000000002,0.017215000000000005,2.2,0.30000000000000027,0.06499999999999999
0.1554,0.017102500000000003,2.2,0.30000000000000027,0.06499999999999999
0.15545,0.017035000000000005,2.1500000000000004,0.30000000000000027,0.06499999999999999
0.1555,0.019087500000000004,2.299999999999999,0.30000000000000027,0.06499999999999999
0.15555,0.018972500000000003,2.3,0.30000000000000027,0.06499999999999999
0.15560000000000002,0.016747500000000005,2.1499999999999995,0.30000000000000027,0.064
0.15565,0.016645000000000004,2.1500000000000004,0.30000000000000027,0.064
0.1557,0.016520000000000003,2.1499999999999986,0.30000000000000027,0.064
0.15575,0.018470000000000004,2.3,0.30000000000000027,0.064
0.1558,0.018285000000000006,2.3,0.30000000000000027,0.064
0.15585000000000002,0.016065000000000003,2.1000000000000005,0.30000000000000027,0.064
0.1559,0.015795000000000003,2.1000000000000005,0.30000000000000027,0.063
0.15595,0.015410000000000004,2.1000000000000005,0.30000000000000027,0.063
0.156,0.013960000000000004,1.950000000000001,0.20000000000000018,0.063
0.15605,0.011512500000000004,1.75,0.20000000000000018,0.062
0.15610000000000002,0.009095000000000002,1.5999999999999996,0.20000000000000018,0.061
0.15615,0.006862500000000001,1.4000000000000004,0.20000000000000018,0.059
0.1562,0.005110000000000002,1.2500000000000018,0.1499999999999999,0.056
0.15625,0.003392500000000001,1.0,0.09999999999999964,0.053
0.1563,0.0017675000000000004,0.8499999999999996,0.09999999999999964,0.047
0.15635000000000002,0.0005625000000000002,0.6500000000000004,0.09999999999999964,0.04
0.1564,4.000000000000001e-05,0.4499999999999993,0.04999999999999982,0.030000000000000002
0.15645,0.0,0.049999999999998934,0.0,0.008
0.1565,0.0,0.0,0.0,0.0
0.15655,0.0,0.0,0.0,0.0
0.15660000000000002,0.0,0.0,0.0,0.0
0.15665,0.0,0.0,0.0,0.0
0.1567,0.0,0.0,0.0,0.0
0.15675,0.0,0.0,0.0,0.0
0.1568,0.0,0.0,0.0,0.0
0.15685000000000002,0.0,0.0,0.0,0.0
0.1569,0.0010325000000000002,0.2500000000000018,0.24999999999999956,0.024
0.15695,0.0027125000000000005,0.40000000000000036,0.2999999999999998,0.041
0.157,0.0068400000000000015,0.6499999999999986,0.2999999999999998,0.059
0.15705,0.008902500000000002,0.8000000000000007,0.2999999999999998,0.064
0.15710000000000002,0.008562500000000002,0.8000000000000007,0.2999999999999998,0.064
0.15715,0.010547500000000003,0.9000000000000004,0.2999999999999998,0.067
0.1572,0.012375000000000002,1.0500000000000007,0.2999999999999998,0.06999999999999998
0.15725,0.016485000000000003,1.3500000000000014,0.2999999999999998,0.07200000000000001
0.1573,0.018095000000000003,1.450000000000001,0.2999999999999998,0.07200000000000001
0.15735000000000002,0.017017500000000005,1.450000000000001,0.2999999999999998,0.07200000000000001
0.1574,0.018267500000000006,1.5999999999999996,0.2999999999999998,0.07200000000000001
0.15745,0.019360000000000006,1.700000000000001,0.2999999999999998,0.07200000000000001
0.1575,0.022542500000000007,2.0,0.2999999999999998,0.07100000000000001
0.15755,0.023195000000000007,2.0999999999999988,0.2999999999999998,0.07100000000000001
0.15760000000000002,0.021307500000000007,2.0999999999999988,0.2999999999999998,0.06999999999999998
0.15765,0.021465000000000005,2.1999999999999993,0.2999999999999998,0.06999999999999998
0.1577,0.021395000000000004,2.3000000000000007,0.2999999999999998,0.06899999999999999
0.15775,0.023347500000000007,2.55,0.2999999999999998,0.06899999999999999
0.1578,0.022960000000000005,2.5999999999999996,0.2999999999999998,0.068
0.15785000000000002,0.020325000000000006,2.450000000000001,0.2999999999999998,0.068
0.1579,0.019830000000000004,2.45,0.2999999999999998,0.067
0.15795,0.019335000000000005,2.45,0.2999999999999998,0.067
0.158,0.020972500000000005,2.5500000000000007,0.2999999999999998,0.066
0.15805,0.020512500000000006,2.499999999999999,0.2999999999999998,0.066
0.15810000000000002,0.018017500000000006,2.3500000000000005,0.2999999999999998,0.066
0.15815,0.017635000000000005,2.3,0.2999999999999998,0.06499999999999999
0.1582,0.017240000000000005,2.3000000000000016,0.2999999999999998,0.06499999999999999
0.15825,0.016917500000000005,2.25,0.2999999999999998,0.06499999999999999
0.1583,0.018660000000000003,2.3999999999999995,0.2999999999999998,0.064
0.15835000000000002,0.016322500000000004,2.1999999999999993,0.2999999999999998,0.064
0.1584,0.016055000000000003,2.2,0.2999999999999998,0.064
0.15845,0.015820000000000004,2.1499999999999995,0.2999999999999998,0.064
0.1585,0.015600000000000004,2.1500000000000004,0.2999999999999998,0.063
0.15855,0.017612500000000003,2.3,0.2999999999999998,0.063
0.15860000000000002,0.015412500000000004,2.0999999999999996,0.2999999999999998,0.063
0.15865,0.015382500000000004,2.0999999999999996,0.2999999999999998,0.063
0.1587,0.015410000000000004,2.0999999999999996,0.2999999999999998,0.062
0.15875,0.015550000000000003,2.05,0.2999999999999998,0.064
0.1588,0.017950000000000004,2.2,0.2999999999999998,0.066
0.15885000000000002,0.015940000000000003,2.05,0.2999999999999998,0.066
0.1589,0.016202500000000005,2.0500000000000007,0.2999999999999998,0.067
0.15895,0.016502500000000003,1.9999999999999996,0.2999999999999998,0.067
0.159,0.016815000000000004,2.0,0.2999999999999998,0.066
0.15905,0.019422500000000006,2.1499999999999995,0.2999999999999998,0.066
0.15910000000000002,0.017532500000000003,2.0,0.2999999999999998,0.066
0.15915,0.017797500000000004,2.0500000000000003,0.2999999999999998,0.066
0.1592,0.017905000000000004,2.1,0.2999999999999998,0.066
0.15925,0.017890000000000003,2.1499999999999995,0.2999999999999998,0.066
0.1593,0.020005000000000005,2.35,0.2999999999999998,0.066
0.15935000000000002,0.019890000000000005,2.4000000000000004,0.2999999999999998,0.066
0.15940000000000001,0.017587500000000006,2.25,0.2999999999999998,0.06499999999999999
0.15945,0.017487500000000003,2.1999999999999997,0.2999999999999998,0.06499999999999999
0.1595,0.017385000000000005,2.2,0.2999999999999998,0.06499999999999999
0.15955,0.019445000000000004,2.3499999999999996,0.2999999999999998,0.06499999999999999
0.15960000000000002,0.019360000000000006,2.3499999999999996,0.2999999999999998,0.06499999999999999
0.15965000000000001,0.017100000000000004,2.2,0.2999999999999998,0.06499999999999999
0.1597,0.016997500000000006,2.2,0.2999999999999998,0.06499999999999999
0.15975,0.016910000000000005,2.1999999999999997,0.2999999999999998,0.06499999999999999
0.1598,0.018975000000000006,2.3499999999999996,0.2999999999999998,0.06499999999999999
0.15985000000000002,0.018860000000000005,2.3,0.2999999999999998,0.064
0.15990000000000001,0.016632500000000005,2.1499999999999995,0.2999999999999998,0.064
0.15995,0.016512500000000003,2.15,0.2999999999999998,0.064
0.16,0.016412500000000003,2.15,0.2999999999999998,0.064
0.16005,0.018277500000000006,2.3,0.2999999999999998,0.064
0.16010000000000002,0.018002500000000005,2.3000000000000003,0.2999999999999998,0.064
0.16015000000000001,0.015762500000000006,2.1500000000000004,0.2999999999999998,0.063
0.1602,0.015165000000000003,2.1500000000000004,0.2999999999999998,0.063
0.16025,0.013392500000000003,1.95,0.19999999999999973,0.062
0.1603,0.010992500000000002,1.7,0.19999999999999973,0.062
0.16035000000000002,0.008545000000000002,1.55,0.19999999999999973,0.060000000000000005
0.16040000000000001,0.006467500000000002,1.3499999999999999,0.19999999999999973,0.058
0.16045,0.004765000000000001,1.2,0.10000000000000009,0.056
0.1605,0.003095000000000001,1.0,0.10000000000000009,0.052
0.16055,0.0014625000000000005,0.8,0.10000000000000009,0.046
0.16060000000000002,0.0004250000000000001,0.6,0.10000000000000009,0.038
0.16065000000000002,0.0,0.35000000000000003,0.0,0.027
0.1607,0.0,0.0,0.0,0.0
0.16075,0.0,0.0,0.0,0.0
0.1608,0.0,0.0,0.0,0.0
0.16085000000000002,0.0,0.0,0.0,0.0
0.16090000000000002,0.0,0.0,0.0,0.0
0.16095,0.0,0.0,0.0,0.0
0.161,0.0,0.0,0.0,0.0
0.16105,0.0,0.0,0.0,0.0
0.16110000000000002,0.0015200000000000003,0.3,0.25,0.028
0.16115000000000002,0.0013600000000000003,0.3,0.25,0.028
0.1612,0.003085000000000001,0.4,0.30000000000000027,0.044
0.16125,0.004992500000000001,0.55,0.30000000000000027,0.054
0.1613,0.009332500000000002,0.85,0.30000000000000027,0.06499999999999999
0.16135000000000002,0.011415000000000003,0.95,0.30000000000000027,0.068
0.16140000000000002,0.010942500000000003,0.95,0.30000000000000027,0.068
0.16145,0.012730000000000003,1.0999999999999999,0.30000000000000027,0.06999999999999998
0.1615,0.014395000000000003,1.25,0.30000000000000027,0.07100000000000001
0.16155,0.018385000000000006,1.5,0.30000000000000027,0.07200000000000001
0.16160000000000002,0.019632500000000004,1.65,0.30000000000000027,0.07200000000000001
0.16165000000000002,0.018507500000000003,1.65,0.30000000000000027,0.07200000000000001
0.1617,0.019575000000000006,1.75,0.30000000000000027,0.07200000000000001
0.16175,0.020410000000000005,1.9000000000000004,0.30000000000000027,0.07100000000000001
0.1618,0.023235000000000006,2.15,0.30000000000000027,0.07100000000000001
0.16185000000000002,0.023615000000000008,2.3,0.30000000000000027,0.06999999999999998
0.16190000000000002,0.021482500000000005,2.25,0.30000000000000027,0.06999999999999998
0.16195,0.021380000000000007,2.35,0.30000000000000027,0.06899999999999999
0.162,0.021102500000000007,2.4,0.30000000000000027,0.06899999999999999
0.16205,0.022870000000000005,2.6,0.30000000000000027,0.068
0.1621,0.022385000000000006,2.65,0.30000000000000027,0.068
0.16215000000000002,0.019752500000000006,2.5,0.30000000000000027,0.067
0.1622,0.019232500000000007,2.45,0.30000000000000027,0.067
0.16225,0.018785000000000003,2.4000000000000004,0.30000000000000027,0.066
0.1623,0.020417500000000005,2.55,0.30000000000000027,0.066
0.16235,0.020005000000000005,2.5,0.30000000000000027,0.066
0.16240000000000002,0.017530000000000004,2.3,0.30000000000000027,0.06499999999999999
0.16245,0.017197500000000004,2.3000000000000003,0.30000000000000027,0.06499999999999999
0.1625,0.016877500000000004,2.2499999999999996,0.30000000000000027,0.06499999999999999
0.16255,0.018602500000000004,2.3999999999999995,0.30000000000000027,0.064
0.1626,0.018335000000000004,2.35,0.30000000000000027,0.064
0.16265000000000002,0.016030000000000003,2.1999999999999997,0.30000000000000027,0.064
0.1627,0.015760000000000003,2.1999999999999993,0.30000000000000027,0.064
0.16275,0.015517500000000004,2.15,0.30000000000000027,0.063
0.1628,0.017640000000000003,2.2999999999999994,0.30000000000000027,0.063
0.16285,0.017622500000000003,2.3,0.30000000000000027,0.063
0.16290000000000002,0.015425000000000005,2.1,0.30000000000000027,0.063
0.16295,0.015435000000000004,2.099999999999999,0.30000000000000027,0.062
0.163,0.015557500000000004,2.0999999999999996,0.30000000000000027,0.064
0.16305,0.018030000000000004,2.2000000000000006,0.30000000000000027,0.066
0.1631,0.018285000000000006,2.2,0.30000000000000027,0.067
0.16315000000000002,0.016292500000000005,2.05,0.30000000000000027,0.067
0.1632,0.016560000000000005,2.0500000000000007,0.30000000000000027,0.067
0.16325,0.016905000000000003,2.000000000000001,0.30000000000000027,0.066
0.1633,0.019475000000000006,2.1500000000000004,0.30000000000000027,0.066
0.16335,0.019795000000000004,2.1499999999999995,0.30000000000000027,0.066
0.16340000000000002,0.017807500000000004,2.05,0.30000000000000027,0.066
0.16345,0.017900000000000006,2.1500000000000004,0.30000000000000027,0.066
0.1635,0.017902500000000005,2.1999999999999993,0.30000000000000027,0.066
0.16355,0.019992500000000003,2.3999999999999995,0.30000000000000027,0.066
0.1636,0.019860000000000006,2.4000000000000004,0.30000000000000027,0.06499999999999999
0.16365000000000002,0.017590000000000005,2.25,0.30000000000000027,0.06499999999999999
0.1637,0.017472500000000005,2.250000000000001,0.30000000000000027,0.06499999999999999
0.16375,0.017370000000000003,2.250000000000001,0.30000000000000027,0.06499999999999999
0.1638,0.019472500000000004,2.3999999999999995,0.30000000000000027,0.06499999999999999
0.16385,0.019357500000000003,2.3499999999999996,0.30000000000000027,0.06499999999999999
0.16390000000000002,0.017077500000000006,2.2,0.30000000000000027,0.06499999999999999
0.16395,0.016990000000000005,2.2,0.30000000000000027,0.06499999999999999
0.164,0.016885000000000004,2.200000000000001,0.30000000000000027,0.06499999999999999
0.16405,0.018927500000000003,2.3499999999999996,0.30000000000000027,0.06499999999999999
0.1641,0.018830000000000006,2.3500000000000005,0.30000000000000027,0.064
0.16415000000000002,0.016602500000000003,2.2,0.30000000000000027,0.064
0.1642,0.016490000000000005,2.2,0.30000000000000027,0.064
0.16425,0.016370000000000003,2.1499999999999986,0.30000000000000027,0.064
0.1643,0.018190000000000005,2.299999999999999,0.30000000000000027,0.064
0.16435,0.017940000000000005,2.3,0.30000000000000027,0.064
0.16440000000000002,0.015710000000000005,2.1500000000000004,0.30000000000000027,0.063
0.16445,0.014900000000000004,2.0500000000000007,0.25,0.063
0.1645,0.012945000000000003,1.8500000000000014,0.19999999999999973,0.062
0.16455,0.010480000000000003,1.6999999999999993,0.19999999999999973,0.061
0.1646,0.008087500000000003,1.5500000000000007,0.19999999999999973,0.060000000000000005
0.16465000000000002,0.006112500000000002,1.3000000000000007,0.1499999999999999,0.058
0.1647,0.004427500000000001,1.1500000000000004,0.10000000000000009,0.055
0.16475,0.0027700000000000008,0.9500000000000011,0.10000000000000009,0.051
0.1648,0.0011925000000000002,0.8000000000000007,0.10000000000000009,0.045000000000000005
0.16485,0.0003250000000000001,0.5500000000000007,0.10000000000000009,0.037
0.16490000000000002,0.0,0.29999999999999893,0.0,0.023
0.16495,0.0,0.0,0.0,0.0
0.165,0.0,0.0,0.0,0.0
0.16505,0.0,0.0,0.0,0.0
0.1651,0.0,0.0,0.0,0.0
0.16515000000000002,0.0,0.0,0.0,0.0
0.1652,0.0,0.0,0.0,0.0
0.16525,0.0,0.0,0.0,0.0
0.1653,0.0,0.0,0.0,0.0
0.16535,0.0018700000000000006,0.34999999999999964,0.25,0.031
0.16540000000000002,0.0017050000000000004,0.34999999999999964,0.25,0.031
0.16545,0.003437500000000001,0.45000000000000107,0.2999999999999998,0.046
0.1655,0.005385000000000002,0.5999999999999996,0.2999999999999998,0.055
0.16555,0.007362500000000002,0.75,0.2999999999999998,0.061
0.1656,0.011832500000000003,1.0000000000000018,0.2999999999999998,0.068
0.16565000000000002,0.013780000000000004,1.1500000000000004,0.2999999999999998,0.06999999999999998
0.16570000000000001,0.013042500000000004,1.1500000000000004,0.2999999999999998,0.06999999999999998
0.16575,0.014717500000000003,1.200000000000001,0.2999999999999998,0.07100000000000001
0.1658,0.016247500000000005,1.3499999999999996,0.2999999999999998,0.07200000000000001
0.16585,0.019905000000000006,1.6500000000000004,0.2999999999999998,0.07200000000000001
0.16590000000000002,0.021095000000000006,1.75,0.2999999999999998,0.07200000000000001
0.16595000000000001,0.019730000000000004,1.75,0.2999999999999998,0.07200000000000001
0.166,0.020520000000000004,1.8999999999999995,0.2999999999999998,0.07100000000000001
0.16605,0.021030000000000004,1.9999999999999991,0.2999999999999998,0.07100000000000001
0.1661,0.023640000000000005,2.25,0.2999999999999998,0.06999999999999998
0.16615000000000002,0.023690000000000006,2.4000000000000004,0.2999999999999998,0.06999999999999998
0.16620000000000001,0.021330000000000005,2.3500000000000014,0.2999999999999998,0.06899999999999999
0.16625,0.021015000000000006,2.3999999999999995,0.2999999999999998,0.06899999999999999
0.1663,0.020600000000000004,2.45,0.2999999999999998,0.068
0.16635,0.022267500000000006,2.6000000000000014,0.2999999999999998,0.068
0.16640000000000002,0.021777500000000005,2.5999999999999996,0.2999999999999998,0.067
0.16645000000000001,0.019167500000000004,2.4000000000000004,0.2999999999999998,0.067
0.1665,0.018670000000000006,2.3999999999999995,0.2999999999999998,0.066
0.16655,0.018242500000000005,2.3500000000000005,0.2999999999999998,0.066
0.1666,0.019920000000000004,2.4499999999999993,0.2999999999999998,0.066
0.16665000000000002,0.019507500000000004,2.45,0.2999999999999998,0.06499999999999999
0.16670000000000001,0.017127500000000004,2.249999999999999,0.2999999999999998,0.06499999999999999
0.16675,0.016765000000000006,2.25,0.2999999999999998,0.06499999999999999
0.1668,0.016490000000000005,2.2,0.2999999999999998,0.064
0.16685,0.018255000000000004,2.3499999999999996,0.2999999999999998,0.064
0.16690000000000002,0.017985000000000004,2.3,0.2999999999999998,0.064
0.16695000000000002,0.015727500000000005,2.1499999999999995,0.2999999999999998,0.063
0.167,0.015500000000000003,2.1500000000000004,0.2999999999999998,0.063
0.16705,0.015450000000000004,2.0999999999999996,0.2999999999999998,0.063
0.1671,0.017605000000000006,2.25,0.2999999999999998,0.063
0.16715000000000002,0.017642500000000005,2.25,0.2999999999999998,0.063
0.16720000000000002,0.015472500000000004,2.0500000000000007,0.2999999999999998,0.063
0.16725,0.015607500000000003,2.05,0.2999999999999998,0.064
0.1673,0.015800000000000005,2.0500000000000007,0.2999999999999998,0.066
0.16735,0.018342500000000005,2.1499999999999995,0.2999999999999998,0.067
0.16740000000000002,0.018580000000000006,2.15,0.2999999999999998,0.067
0.16745000000000002,0.016647500000000003,1.9999999999999996,0.2999999999999998,0.067
0.1675,0.016975000000000004,2.0000000000000004,0.2999999999999998,0.066
0.16755,0.017335000000000003,2.0,0.2999999999999998,0.066
0.1676,0.019872500000000005,2.1500000000000004,0.2999999999999998,0.066
0.16765000000000002,0.020065000000000006,2.1999999999999997,0.2999999999999998,0.066
0.16770000000000002,0.017902500000000005,2.1,0.2999999999999998,0.066
0.16775,0.017870000000000004,2.1500000000000004,0.2999999999999998,0.066
0.1678,0.017750000000000005,2.1999999999999997,0.2999999999999998,0.066
0.16785,0.019865000000000004,2.3499999999999996,0.2999999999999998,0.06499999999999999
0.16790000000000002,0.019727500000000005,2.35,0.2999999999999998,0.06499999999999999
0.16795000000000002,0.017435000000000006,2.1999999999999997,0.2999999999999998,0.06499999999999999
0.168,0.017345000000000003,2.2,0.2999999999999998,0.06499999999999999
0.16805,0.017245000000000003,2.2,0.2999999999999998,0.06499999999999999
0.1681,0.019342500000000006,2.35,0.2999999999999998,0.06499999999999999
0.16815000000000002,0.019230000000000004,2.35,0.2999999999999998,0.06499999999999999
0.16820000000000002,0.016987500000000003,2.15,0.2999999999999998,0.06499999999999999
0.16825,0.016892500000000005,2.1500000000000004,0.2999999999999998,0.06499999999999999
0.1683,0.016802500000000005,2.1500000000000004,0.2999999999999998,0.06499999999999999
0.16835,0.018815000000000005,2.3000000000000003,0.2999999999999998,0.064
0.16840000000000002,0.018715000000000006,2.3,0.2999999999999998,0.064
0.16845000000000002,0.016470000000000005,2.15,0.2999999999999998,0.064
0.1685,0.016312500000000004,2.15,0.2999999999999998,0.064
0.16855,0.016152500000000004,2.15,0.2999999999999998,0.064
0.1686,0.017852500000000004,2.3,0.2999999999999998,0.064
0.16865,0.016865000000000005,2.15,0.2999999999999998,0.063
0.16870000000000002,0.014567500000000004,2.0,0.20000000000000018,0.063
0.16875,0.012452500000000003,1.8,0.20000000000000018,0.062
0.1688,0.010012500000000002,1.65,0.20000000000000018,0.061
0.16885,0.007642500000000002,1.45,0.20000000000000018,0.060000000000000005
0.1689,0.0057325000000000015,1.3,0.15000000000000036,0.057
0.16895000000000002,0.004060000000000001,1.15,0.10000000000000009,0.054
0.169,0.0024225000000000006,0.9,0.10000000000000009,0.05
0.16905,0.0009575000000000002,0.75,0.10000000000000009,0.043
0.1691,0.00021750000000000006,0.5,0.04999999999999982,0.034
0.16915,0.0,0.25,0.0,0.019
0.16920000000000002,0.0,0.0,0.0,0.0
0.16925,0.0,0.0,0.0,0.0
0.1693,0.0,0.0,0.0,0.0
0.16935,0.0,0.0,0.0,0.0
0.1694,0.0,0.0,0.0,0.0
0.16945000000000002,0.0,0.0,0.0,0.0
0.1695,0.0,0.0,0.0,0.0
0.16955,0.0,0.0,0.0,0.0
0.1696,0.0022225000000000005,0.35,0.25000000000000044,0.03499999999999999
0.16965,0.004055000000000001,0.5,0.30000000000000027,0.048
0.16970000000000002,0.003850000000000001,0.45,0.30000000000000027,0.048
0.16975,0.0057950000000000015,0.6,0.30000000000000027,0.057
0.1698,0.007785000000000002,0.75,0.30000000000000027,0.062
0.16985,0.012265000000000003,1.0,0.30000000000000027,0.06899999999999999
0.1699,0.014210000000000004,1.15,0.30000000000000027,0.06999999999999998
0.16995000000000002,0.013430000000000003,1.15,0.30000000000000027,0.06999999999999998
0.17,0.015080000000000003,1.25,0.30000000000000027,0.07100000000000001
0.17005,0.016530000000000003,1.4,0.30000000000000027,0.07200000000000001
0.1701,0.020210000000000006,1.7,0.30000000000000027,0.07200000000000001
0.17015,0.021325000000000004,1.8,0.30000000000000027,0.07200000000000001
0.17020000000000002,0.019867500000000007,1.8,0.30000000000000027,0.07100000000000001
0.17025,0.020670000000000004,1.9000000000000001,0.30000000000000027,0.07100000000000001
0.1703,0.021155000000000004,2.05,0.30000000000000027,0.07100000000000001
0.17035,0.023635000000000007,2.3000000000000003,0.30000000000000027,0.06999999999999998
0.1704,0.023690000000000006,2.4000000000000004,0.30000000000000027,0.06899999999999999
0.17045000000000002,0.021290000000000007,2.35,0.30000000000000027,0.06899999999999999
0.1705,0.020942500000000006,2.45,0.30000000000000027,0.068
0.17055,0.020540000000000006,2.45,0.30000000000000027,0.068
0.1706,0.022197500000000005,2.65,0.30000000000000027,0.067
0.17065,0.021682500000000004,2.5999999999999996,0.30000000000000027,0.067
0.17070000000000002,0.019075000000000005,2.4499999999999997,0.30000000000000027,0.067
0.17075,0.018600000000000005,2.4000000000000004,0.30000000000000027,0.066
0.1708,0.018157500000000003,2.35,0.30000000000000027,0.066
0.17085,0.019847500000000004,2.5,0.30000000000000027,0.06499999999999999
0.1709,0.019467500000000006,2.45,0.30000000000000027,0.06499999999999999
0.17095000000000002,0.017052500000000005,2.25,0.30000000000000027,0.06499999999999999
0.171,0.016745000000000003,2.2499999999999996,0.30000000000000027,0.06499999999999999
0.17105,0.016465000000000004,2.25,0.30000000000000027,0.064
0.1711,0.018205000000000006,2.35,0.30000000000000027,0.064
0.17115,0.017930000000000005,2.35,0.30000000000000027,0.064
0.17120000000000002,0.015692500000000005,2.1500000000000004,0.30000000000000027,0.063
0.17125,0.015465000000000003,2.150000000000001,0.30000000000000027,0.063
0.1713,0.015432500000000004,2.15,0.30000000000000027,0.063
0.17135,0.017625000000000005,2.25,0.30000000000000027,0.063
0.1714,0.017632500000000006,2.2500000000000004,0.30000000000000027,0.063
0.17145000000000002,0.015472500000000004,2.1,0.30000000000000027,0.063
0.1715,0.015645000000000003,2.0500000000000007,0.30000000000000027,0.06499999999999999
0.17155,0.015875000000000004,2.05,0.30000000000000027,0.066
0.1716,0.016137500000000003,2.05,0.30000000000000027,0.067
0.17165,0.018630000000000004,2.2,0.30000000000000027,0.067
0.17170000000000002,0.016720000000000006,2.0,0.30000000000000027,0.066
0.17175,0.017065000000000004,2.0,0.30000000000000027,0.066
0.1718,0.017415000000000003,2.0,0.30000000000000027,0.066
0.17185,0.017725000000000005,2.049999999999999,0.30000000000000027,0.066
0.1719,0.020105000000000005,2.25,0.30000000000000027,0.066
0.17195000000000002,0.020142500000000004,2.3,0.30000000000000027,0.066
0.17200000000000001,0.017872500000000003,2.1999999999999993,0.30000000000000027,0.066
0.17205,0.017770000000000005,2.25,0.30000000000000027,0.066
0.1721,0.017667500000000006,2.249999999999999,0.30000000000000027,0.06499999999999999
0.17215,0.019735000000000006,2.4000000000000004,0.30000000000000027,0.06499999999999999
0.17220000000000002,0.019640000000000005,2.3499999999999996,0.30000000000000027,0.06499999999999999
0.17225000000000001,0.017355000000000006,2.2,0.30000000000000027,0.06499999999999999
0.1723,0.017250000000000005,2.2,0.30000000000000027,0.06499999999999999
0.17235,0.017137500000000003,2.2,0.30000000000000027,0.06499999999999999
0.1724,0.019202500000000004,2.3499999999999996,0.30000000000000027,0.06499999999999999
0.17245000000000002,0.019097500000000003,2.3499999999999996,0.30000000000000027,0.06499999999999999
0.17250000000000001,0.016862500000000006,2.2,0.30000000000000027,0.06499999999999999
0.17255,0.016750000000000004,2.2,0.30000000000000027,0.06499999999999999
0.1726,0.016675000000000006,2.1500000000000004,0.30000000000000027,0.064
0.17265,0.018687500000000006,2.299999999999999,0.30000000000000027,0.064
0.17270000000000002,0.018542500000000003,2.3,0.30000000000000027,0.064
0.17275000000000001,0.016317500000000006,2.1499999999999995,0.30000000000000027,0.064
0.1728,0.016125000000000004,2.1500000000000004,0.30000000000000027,0.064
0.17285,0.015882500000000004,2.1500000000000004,0.30000000000000027,0.064
0.1729,0.016482500000000004,2.1500000000000004,0.30000000000000027,0.063
0.17295000000000002,0.014352500000000004,2.0,0.20000000000000062,0.063
0.17300000000000001,0.011925000000000003,1.799999999999999,0.20000000000000062,0.062
0.17305,0.009490000000000002,1.5999999999999996,0.20000000000000062,0.061
0.1731,0.007232500000000002,1.4000000000000004,0.20000000000000062,0.059
0.17315,0.0053900000000000016,1.2500000000000018,0.1499999999999999,0.057
0.17320000000000002,0.0036750000000000007,1.1000000000000014,0.09999999999999964,0.053
0.17325000000000002,0.0020650000000000004,0.9000000000000004,0.09999999999999964,0.048
0.1733,0.0007300000000000002,0.6500000000000004,0.09999999999999964,0.041999999999999996
0.17335,0.00011750000000000002,0.4499999999999993,0.04999999999999982,0.032
0.1734,0.0,0.15000000000000036,0.0,0.014
0.17345000000000002,0.0,0.0,0.0,0.0
0.17350000000000002,0.0,0.0,0.0,0.0
0.17355,0.0,0.0,0.0,0.0
0.1736,0.0,0.0,0.0,0.0
0.17365,0.0,0.0,0.0,0.0
0.17370000000000002,0.0,0.0,0.0,0.0
0.17375000000000002,0.0,0.0,0.0,0.0
0.1738,0.0,0.0,0.0,0.0
0.17385,0.0008050000000000002,0.2500000000000018,0.25,0.02
0.1739,0.004457500000000001,0.5500000000000007,0.2999999999999998,0.05
0.17395000000000002,0.006475000000000002,0.6499999999999986,0.2999999999999998,0.058
0.17400000000000002,0.006175000000000002,0.6499999999999986,0.2999999999999998,0.058
0.17405,0.008200000000000002,0.8000000000000007,0.2999999999999998,0.063
0.1741,0.010220000000000003,0.9000000000000004,0.2999999999999998,0.067
0.17415,0.014590000000000004,1.200000000000001,0.2999999999999998,0.07100000000000001
0.17420000000000002,0.016237500000000005,1.3500000000000014,0.2999999999999998,0.07100000000000001
0.17425000000000002,0.015397500000000003,1.3000000000000007,0.2999999999999998,0.07100000000000001
0.1743,0.016797500000000003,1.450000000000001,0.2999999999999998,0.07200000000000001
0.17435,0.018082500000000005,1.5999999999999996,0.2999999999999998,0.07200000000000001
0.1744,0.021557500000000004,1.8499999999999996,0.2999999999999998,0.07200000000000001
0.17445000000000002,0.022417500000000007,2.0,0.2999999999999998,0.07100000000000001
0.17450000000000002,0.020835000000000006,1.9499999999999993,0.2999999999999998,0.07100000000000001
0.17455,0.021237500000000006,2.0999999999999988,0.2999999999999998,0.06999999999999998
0.1746,0.021462500000000006,2.1999999999999993,0.2999999999999998,0.06999999999999998
0.17465,0.023655000000000006,2.450000000000001,0.2999999999999998,0.06899999999999999
0.17470000000000002,0.023442500000000005,2.55,0.2999999999999998,0.06899999999999999
0.17475000000000002,0.020875000000000005,2.4499999999999984,0.2999999999999998,0.068
0.1748,0.020427500000000005,2.5,0.2999999999999998,0.068
0.17485,0.019950000000000006,2.499999999999999,0.2999999999999998,0.067
0.1749,0.021570000000000006,2.6500000000000004,0.2999999999999998,0.067
0.17495000000000002,0.021092500000000004,2.5999999999999996,0.2999999999999998,0.066
0.17500000000000002,0.018512500000000005,2.4000000000000004,0.2999999999999998,0.066
0.17505,0.018080000000000006,2.3999999999999995,0.2999999999999998,0.066
0.1751,0.017665000000000004,2.3500000000000005,0.2999999999999998,0.06499999999999999
0.17515,0.019410000000000004,2.450000000000001,0.2999999999999998,0.06499999999999999
0.1752,0.019032500000000004,2.450000000000001,0.2999999999999998,0.06499999999999999
0.17525000000000002,0.016685000000000005,2.25,0.2999999999999998,0.064
0.1753,0.016400000000000005,2.25,0.2999999999999998,0.064
0.17535,0.016125000000000004,2.2,0.2999999999999998,0.064
0.1754,0.017867500000000005,2.3499999999999996,0.2999999999999998,0.064
0.17545,0.017652500000000005,2.3,0.2999999999999998,0.063
0.17550000000000002,0.015470000000000005,2.1499999999999995,0.2999999999999998,0.063
0.17555,0.015422500000000004,2.1500000000000004,0.2999999999999998,0.063
0.1756,0.015410000000000004,2.1500000000000004,0.2999999999999998,0.063
0.17565,0.017680000000000005,2.25,0.2999999999999998,0.063
0.1757,0.017747500000000003,2.249999999999999,0.2999999999999998,0.06499999999999999
0.17575000000000002,0.015665000000000005,2.0999999999999996,0.2999999999999998,0.06499999999999999
0.1758,0.015922500000000003,2.05,0.2999999999999998,0.066
0.17585,0.016200000000000003,2.0500000000000007,0.2999999999999998,0.067
0.1759,0.018715000000000006,2.2,0.2999999999999998,0.067
0.17595,0.019015000000000004,2.1999999999999997,0.2999999999999998,0.066
0.17600000000000002,0.017122500000000006,1.9999999999999996,0.2999999999999998,0.066
0.17605,0.017480000000000006,2.0,0.2999999999999998,0.066
0.1761,0.017742500000000005,2.0500000000000003,0.2999999999999998,0.066
0.17615,0.020125000000000004,2.25,0.2999999999999998,0.066
0.1762,0.020140000000000005,2.35,0.2999999999999998,0.066
0.17625000000000002,0.017870000000000004,2.2500000000000004,0.2999999999999998,0.066
0.1763,0.017732500000000005,2.2500000000000004,0.2999999999999998,0.066
0.17635,0.017617500000000005,2.25,0.2999999999999998,0.06499999999999999
0.1764,0.019700000000000006,2.4000000000000004,0.2999999999999998,0.06499999999999999
0.17645,0.019597500000000004,2.4,0.2999999999999998,0.06499999999999999
0.17650000000000002,0.017315000000000004,2.2500000000000004,0.2999999999999998,0.06499999999999999
0.17655,0.017215000000000005,2.25,0.2999999999999998,0.06499999999999999
0.1766,0.017140000000000006,2.2,0.2999999999999998,0.06499999999999999
0.17665,0.019182500000000005,2.35,0.2999999999999998,0.06499999999999999
0.1767,0.019095000000000004,2.3499999999999996,0.2999999999999998,0.06499999999999999
0.17675000000000002,0.016847500000000005,2.1999999999999997,0.2999999999999998,0.06499999999999999
0.1768,0.016750000000000004,2.2,0.2999999999999998,0.064
0.17685,0.016635000000000004,2.2,0.2999999999999998,0.064
0.1769,0.018642500000000006,2.35,0.2999999999999998,0.064
0.17695,0.018470000000000004,2.35,0.2999999999999998,0.064
0.17700000000000002,0.016257500000000005,2.15,0.2999999999999998,0.064
0.17705,0.016062500000000004,2.1,0.2999999999999998,0.064
0.1771,0.015820000000000004,2.1,0.2999999999999998,0.063
0.17715,0.016047500000000003,2.1,0.2999999999999998,0.063
0.1772,0.013877500000000003,1.95,0.20000000000000018,0.063
0.17725000000000002,0.011452500000000003,1.75,0.20000000000000018,0.062
0.1773,0.008997500000000002,1.6,0.20000000000000018,0.061
0.17735,0.006770000000000002,1.4,0.20000000000000018,0.059
0.1774,0.005020000000000001,1.25,0.15000000000000036,0.056
0.17745,0.0033375000000000006,1.0,0.10000000000000053,0.053
0.17750000000000002,0.0017325000000000005,0.85,0.10000000000000053,0.047
0.17755,0.0005225000000000002,0.6,0.10000000000000053,0.04
0.1776,2.2500000000000005e-05,0.44999999999999996,0.0,0.029
0.17765,0.0,0.04999999999999999,0.0,0.006
0.1777,0.0,0.0,0.0,0.0
0.17775000000000002,0.0,0.0,0.0,0.0
0.1778,0.0,0.0,0.0,0.0
0.17785,0.0,0.0,0.0,0.0
0.1779,0.0,0.0,0.0,0.0
0.17795,0.0,0.0,0.0,0.0
0.17800000000000002,0.0,0.0,0.0,0.0
0.17805,0.0,0.0,0.0,0.0
0.1781,0.0010950000000000003,0.3,0.25,0.024
0.17815,0.0027825000000000007,0.45,0.2999999999999998,0.041
0.1782,0.006917500000000002,0.65,0.2999999999999998,0.059
0.17825000000000002,0.008970000000000002,0.8,0.2999999999999998,0.064
0.17830000000000001,0.008630000000000002,0.8,0.2999999999999998,0.064
0.17835,0.010627500000000003,0.8999999999999999,0.2999999999999998,0.068
0.1784,0.012445000000000003,1.05,0.2999999999999998,0.06999999999999998
0.17845,0.016560000000000005,1.3499999999999999,0.2999999999999998,0.07200000000000001
0.17850000000000002,0.018162500000000005,1.45,0.2999999999999998,0.07200000000000001
0.17855000000000001,0.017035000000000005,1.45,0.2999999999999998,0.07200000000000001
0.1786,0.018350000000000005,1.5999999999999999,0.2999999999999998,0.07200000000000001
0.17865,0.019400000000000004,1.7000000000000002,0.2999999999999998,0.07200000000000001
0.1787,0.022582500000000005,2.0,0.2999999999999998,0.07100000000000001
0.17875000000000002,0.023212500000000007,2.0999999999999996,0.2999999999999998,0.07100000000000001
0.17880000000000001,0.021325000000000004,2.0999999999999996,0.2999999999999998,0.06999999999999998
0.17885,0.021477500000000007,2.1999999999999997,0.2999999999999998,0.06999999999999998
0.1789,0.021397500000000007,2.3000000000000003,0.2999999999999998,0.06899999999999999
0.17895,0.023362500000000005,2.55,0.2999999999999998,0.06899999999999999
0.17900000000000002,0.022962500000000007,2.6,0.2999999999999998,0.068
0.17905000000000001,0.020342500000000006,2.45,0.2999999999999998,0.068
0.1791,0.019830000000000004,2.45,0.2999999999999998,0.067
0.17915,0.019342500000000006,2.45,0.2999999999999998,0.067
0.1792,0.020972500000000005,2.55,0.2999999999999998,0.066
0.17925000000000002,0.020517500000000004,2.5,0.2999999999999998,0.066
0.17930000000000001,0.018005000000000004,2.3499999999999996,0.2999999999999998,0.066
0.17935,0.017637500000000004,2.3000000000000003,0.2999999999999998,0.06499999999999999
0.1794,0.017237500000000003,2.3000000000000007,0.2999999999999998,0.06499999999999999
0.17945,0.018952500000000004,2.4000000000000004,0.2999999999999998,0.06499999999999999
0.17950000000000002,0.018662500000000005,2.4,0.2999999999999998,0.064
0.17955000000000002,0.016327500000000005,2.1999999999999997,0.2999999999999998,0.064
0.1796,0.016077500000000005,2.2,0.2999999999999998,0.064
0.17965,0.015812500000000004,2.1500000000000004,0.2999999999999998,0.064
0.1797,0.017680000000000005,2.3000000000000003,0.2999999999999998,0.063
0.17975000000000002,0.017627500000000004,2.2499999999999996,0.2999999999999998,0.063
0.17980000000000002,0.015440000000000004,2.0999999999999996,0.2999999999999998,0.063
0.17985,0.015397500000000003,2.1,0.2999999999999998,0.063
0.1799,0.015445000000000004,2.0999999999999996,0.2999999999999998,0.062
0.17995,0.017805000000000005,2.1999999999999993,0.2999999999999998,0.06499999999999999
0.18000000000000002,0.017982500000000005,2.1999999999999997,0.2999999999999998,0.066
0.18005000000000002,0.015980000000000005,2.05,0.2999999999999998,0.066
0.1801,0.016230000000000005,2.0,0.2999999999999998,0.067
0.18015,0.016537500000000004,2.0,0.2999999999999998,0.067
0.1802,0.019067500000000005,2.1499999999999995,0.2999999999999998,0.066
0.18025000000000002,0.019447500000000006,2.1500000000000004,0.2999999999999998,0.066
0.18030000000000002,0.017540000000000004,2.0,0.2999999999999998,0.066
0.18035,0.017817500000000003,2.05,0.2999999999999998,0.066
0.1804,0.017937500000000006,2.1000000000000005,0.2999999999999998,0.066
0.18045,0.020110000000000006,2.3,0.2999999999999998,0.066
0.18050000000000002,0.020025000000000005,2.3500000000000005,0.2999999999999998,0.066
0.18055000000000002,0.017695000000000006,2.250000000000001,0.2999999999999998,0.066
0.1806,0.017610000000000004,2.25,0.2999999999999998,0.06499999999999999
0.18065,0.017500000000000005,2.2,0.2999999999999998,0.06499999999999999
0.1807,0.019565000000000006,2.3499999999999988,0.2999999999999998,0.06499999999999999
0.18075000000000002,0.019475000000000006,2.3500000000000005,0.2999999999999998,0.06499999999999999
0.18080000000000002,0.017185000000000006,2.2,0.2999999999999998,0.06499999999999999
0.18085,0.017095000000000006,2.1999999999999993,0.2999999999999998,0.06499999999999999
0.1809,0.017025000000000005,2.1999999999999993,0.2999999999999998,0.06499999999999999
0.18095,0.019092500000000005,2.3499999999999996,0.2999999999999998,0.06499999999999999
0.18100000000000002,0.019007500000000004,2.3000000000000007,0.2999999999999998,0.06499999999999999
0.18105000000000002,0.016757500000000005,2.1500000000000012,0.2999999999999998,0.064
0.1811,0.016640000000000005,2.1499999999999995,0.2999999999999998,0.064
0.18115,0.016517500000000004,2.1500000000000012,0.2999999999999998,0.064
0.1812,0.018477500000000004,2.3000000000000007,0.2999999999999998,0.064
0.18125000000000002,0.018260000000000005,2.299999999999999,0.2999999999999998,0.064
0.18130000000000002,0.016030000000000003,2.1499999999999995,0.2999999999999998,0.064
0.18135,0.015765000000000005,2.1500000000000012,0.2999999999999998,0.063
0.1814,0.015125000000000003,2.1000000000000005,0.2999999999999998,0.063
0.18145,0.013367500000000003,1.9000000000000021,0.1999999999999993,0.062
0.18150000000000002,0.010907500000000002,1.6999999999999993,0.1999999999999993,0.062
0.18155000000000002,0.008502500000000001,1.5500000000000007,0.1999999999999993,0.060000000000000005
0.1816,0.006397500000000001,1.3500000000000014,0.14999999999999947,0.058
0.18165,0.004707500000000002,1.200000000000001,0.09999999999999964,0.056
0.1817,0.003010000000000001,1.0,0.09999999999999964,0.052
0.18175,0.0013975000000000003,0.8000000000000007,0.09999999999999964,0.046
0.18180000000000002,0.0004150000000000001,0.5999999999999996,0.09999999999999964,0.038
0.18185,0.0,0.34999999999999964,0.0,0.026
0.1819,0.0,0.0,0.0,0.0
0.18195,0.0,0.0,0.0,0.0
0.182,0.0,0.0,0.0,0.0
0.18205000000000002,0.0,0.0,0.0,0.0
0.1821,0.0,0.0,0.0,0.0
0.18215,0.0,0.0,0.0,0.0
0.1822,0.0,0.0,0.0,0.0
0.18225,0.0,0.0,0.0,0.0
0.18230000000000002,0.0,0.0,0.0,0.0
0.18235,0.0014400000000000003,0.3000000000000007,0.25,0.029
0.1824,0.0031550000000000007,0.40000000000000036,0.2999999999999998,0.044
0.18245,0.007405000000000002,0.7000000000000011,0.2999999999999998,0.061
0.1825,0.009445000000000002,0.8499999999999996,0.2999999999999998,0.06499999999999999
0.18255000000000002,0.009072500000000002,0.8000000000000007,0.2999999999999998,0.06499999999999999
0.1826,0.011057500000000003,0.9500000000000011,0.2999999999999998,0.068
0.18265,0.012807500000000003,1.1000000000000014,0.2999999999999998,0.06999999999999998
0.1827,0.016910000000000005,1.4000000000000004,0.2999999999999998,0.07200000000000001
0.18275,0.018455000000000006,1.5,0.2999999999999998,0.07200000000000001
0.18280000000000002,0.017297500000000004,1.5,0.2999999999999998,0.07200000000000001
0.18285,0.018575000000000005,1.6500000000000004,0.2999999999999998,0.07200000000000001
0.1829,0.019632500000000004,1.75,0.2999999999999998,0.07200000000000001
0.18295,0.022752500000000005,2.05,0.2999999999999998,0.07100000000000001
0.183,0.023260000000000006,2.1499999999999995,0.2999999999999998,0.07100000000000001
0.18305000000000002,0.021357500000000005,2.1000000000000005,0.2999999999999998,0.06999999999999998
0.1831,0.021490000000000006,2.25,0.2999999999999998,0.06999999999999998
0.18315,0.021377500000000004,2.3500000000000014,0.2999999999999998,0.06899999999999999
0.1832,0.023327500000000004,2.55,0.2999999999999998,0.06899999999999999
0.18325,0.022885000000000006,2.6000000000000005,0.2999999999999998,0.068
0.18330000000000002,0.020217500000000006,2.500000000000001,0.2999999999999998,0.068
0.18335,0.019757500000000004,2.5,0.2999999999999998,0.067
0.1834,0.019255000000000005,2.450000000000001,0.2999999999999998,0.067
0.18345,0.020900000000000005,2.55,0.2999999999999998,0.066
0.1835,0.020410000000000005,2.549999999999999,0.2999999999999998,0.066
0.18355000000000002,0.017925000000000003,2.3499999999999996,0.2999999999999998,0.066
0.1836,0.017547500000000004,2.3000000000000007,0.2999999999999998,0.06499999999999999
0.18365,0.017195000000000005,2.299999999999998,0.2999999999999998,0.06499999999999999
0.1837,0.018925000000000004,2.4000000000000004,0.2999999999999998,0.06499999999999999
0.18375,0.018617500000000006,2.3999999999999995,0.2999999999999998,0.064
0.18380000000000002,0.016302500000000004,2.1999999999999993,0.2999999999999998,0.064
0.18385,0.016015000000000005,2.2,0.2999999999999998,0.064
0.1839,0.015762500000000006,2.1999999999999993,0.2999999999999998,0.064
0.18395,0.017677500000000006,2.3000000000000007,0.2999999999999998,0.063
0.184,0.017637500000000004,2.3,0.2999999999999998,0.063
0.18405000000000002,0.015427500000000004,2.1000000000000005,0.2999999999999998,0.063
0.1841,0.015435000000000004,2.0999999999999996,0.2999999999999998,0.063
0.18415,0.015435000000000004,2.1000000000000005,0.2999999999999998,0.062
0.1842,0.017835000000000004,2.25,0.2999999999999998,0.066
0.18425,0.018045000000000005,2.2000000000000006,0.2999999999999998,0.066
0.18430000000000002,0.016037500000000003,2.0500000000000003,0.2999999999999998,0.066
0.18435,0.016312500000000004,2.05,0.2999999999999998,0.067
0.1844,0.016597500000000005,2.0499999999999994,0.2999999999999998,0.067
0.18445,0.019165000000000005,2.1500000000000004,0.2999999999999998,0.066
0.1845,0.019492500000000006,2.15,0.2999999999999998,0.066
0.18455000000000002,0.019822500000000003,2.1500000000000004,0.2999999999999998,0.066
0.18460000000000001,0.017817500000000003,2.05,0.2999999999999998,0.066
0.18465,0.017915000000000004,2.15,0.2999999999999998,0.066
0.1847,0.017900000000000006,2.1999999999999993,0.2999999999999998,0.066
0.18475,0.019987500000000005,2.4,0.2999999999999998,0.066
0.18480000000000002,0.019887500000000006,2.3999999999999995,0.2999999999999998,0.06499999999999999
0.18485000000000001,0.017580000000000005,2.25,0.2999999999999998,0.06499999999999999
0.1849,0.017495000000000004,2.2499999999999996,0.2999999999999998,0.06499999999999999
0.18495,0.017397500000000003,2.25,0.2999999999999998,0.06499999999999999
0.185,0.019465000000000007,2.35,0.2999999999999998,0.06499999999999999
0.18505000000000002,0.019360000000000006,2.35,0.2999999999999998,0.06499999999999999
0.18510000000000001,0.017110000000000004,2.2,0.2999999999999998,0.06499999999999999
0.18515,0.017000000000000005,2.2,0.2999999999999998,0.06499999999999999
0.1852,0.016922500000000004,2.2,0.2999999999999998,0.06499999999999999
0.18525,0.018957500000000006,2.35,0.2999999999999998,0.06499999999999999
0.18530000000000002,0.018857500000000006,2.35,0.2999999999999998,0.064
0.18535000000000001,0.016617500000000004,2.15,0.2999999999999998,0.064
0.1854,0.016517500000000004,2.15,0.2999999999999998,0.064
0.18545,0.016372500000000005,2.15,0.2999999999999998,0.064
0.1855,0.018205000000000006,2.3,0.2999999999999998,0.064
0.18555000000000002,0.017940000000000005,2.3,0.2999999999999998,0.064
0.18560000000000001,0.015707500000000003,2.15,0.2999999999999998,0.063
0.18565,0.014845000000000004,2.05,0.25,0.063
0.1857,0.012850000000000004,1.85,0.20000000000000018,0.062
0.18575,0.010372500000000003,1.7,0.20000000000000018,0.061
0.18580000000000002,0.008022500000000002,1.5,0.20000000000000018,0.060000000000000005
0.18585000000000002,0.006057500000000001,1.3,0.14999999999999947,0.058
0.1859,0.004360000000000001,1.15,0.09999999999999964,0.055
0.18595,0.002705000000000001,0.9500000000000001,0.09999999999999964,0.051
0.186,0.0011150000000000003,0.8,0.09999999999999964,0.045000000000000005
0.18605000000000002,0.0003050000000000001,0.5499999999999999,0.04999999999999982,0.036000000000000004
0.18610000000000002,0.0,0.3,0.0,0.023
0.18615,0.0,0.0,0.0,0.0
0.1862,0.0,0.0,0.0,0.0
0.18625,0.0,0.0,0.0,0.0
0.18630000000000002,0.0,0.0,0.0,0.0
0.18635000000000002,0.0,0.0,0.0,0.0
0.1864,0.0,0.0,0.0,0.0
0.18645,0.0,0.0,0.0,0.0
0.1865,0.00021500000000000005,0.15000000000000002,0.15000000000000036,0.008
0.18655000000000002,0.0019375000000000004,0.35,0.25,0.032
0.18660000000000002,0.0017750000000000005,0.35,0.25,0.032
0.18665,0.0035275000000000007,0.45,0.2999999999999998,0.046
0.1867,0.005475000000000002,0.6,0.2999999999999998,0.056
0.18675,0.009862500000000003,0.9,0.2999999999999998,0.066
0.18680000000000002,0.011927500000000002,1.0,0.2999999999999998,0.06899999999999999
0.18685000000000002,0.011415000000000003,1.0,0.2999999999999998,0.06899999999999999
0.1869,0.013117500000000004,1.15,0.2999999999999998,0.06999999999999998
0.18695,0.014805000000000004,1.25,0.2999999999999998,0.07100000000000001
0.187,0.018717500000000005,1.5499999999999998,0.2999999999999998,0.07200000000000001
0.18705000000000002,0.019975000000000007,1.7,0.2999999999999998,0.07200000000000001
0.18710000000000002,0.018805000000000006,1.6500000000000001,0.2999999999999998,0.07200000000000001
0.18715,0.019752500000000006,1.8,0.2999999999999998,0.07200000000000001
0.1872,0.020562500000000004,1.9500000000000002,0.2999999999999998,0.07100000000000001
0.18725,0.023362500000000005,2.1999999999999997,0.2999999999999998,0.07100000000000001
0.18730000000000002,0.023645000000000006,2.3000000000000003,0.2999999999999998,0.06999999999999998
0.18735000000000002,0.021472500000000005,2.3000000000000003,0.2999999999999998,0.06999999999999998
0.1874,0.021322500000000005,2.35,0.2999999999999998,0.06899999999999999
0.18745,0.021030000000000004,2.4,0.2999999999999998,0.06899999999999999
0.1875,0.022737500000000004,2.6,0.2999999999999998,0.068
0.18755000000000002,0.022267500000000006,2.6,0.2999999999999998,0.068
0.18760000000000002,0.019635000000000007,2.45,0.2999999999999998,0.067
0.18765,0.019137500000000005,2.4,0.2999999999999998,0.067
0.1877,0.018677500000000003,2.3500000000000005,0.2999999999999998,0.066
0.18775,0.020327500000000005,2.5,0.2999999999999998,0.066
0.18780000000000002,0.019905000000000006,2.45,0.2999999999999998,0.066
0.18785000000000002,0.017450000000000004,2.3,0.2999999999999998,0.06499999999999999
0.1879,0.017105000000000006,2.2500000000000004,0.2999999999999998,0.06499999999999999
0.18795,0.016787500000000004,2.2499999999999996,0.2999999999999998,0.06499999999999999
0.188,0.018515000000000004,2.3499999999999996,0.2999999999999998,0.064
0.18805000000000002,0.018242500000000005,2.35,0.2999999999999998,0.064
0.18810000000000002,0.015962500000000004,2.15,0.2999999999999998,0.064
0.18815,0.015707500000000003,2.1499999999999995,0.2999999999999998,0.063
0.1882,0.015492500000000005,2.1,0.2999999999999998,0.063
0.18825,0.017637500000000004,2.3000000000000003,0.2999999999999998,0.063
0.1883,0.017602500000000004,2.3,0.2999999999999998,0.063
0.18835000000000002,0.015415000000000003,2.1,0.2999999999999998,0.063
0.1884,0.015492500000000005,2.1,0.2999999999999998,0.063
0.18845,0.015627500000000003,2.1000000000000005,0.2999999999999998,0.064
0.1885,0.018115000000000006,2.2500000000000004,0.2999999999999998,0.067
0.18855,0.018370000000000004,2.1999999999999993,0.2999999999999998,0.067
0.18860000000000002,0.016377500000000003,2.05,0.2999999999999998,0.067
0.18865,0.016682500000000003,2.05,0.2999999999999998,0.067
0.1887,0.017017500000000005,2.05,0.2999999999999998,0.066
0.18875,0.019580000000000004,2.1499999999999995,0.2999999999999998,0.066
0.1888,0.019885000000000003,2.1999999999999993,0.2999999999999998,0.066
0.18885000000000002,0.017850000000000005,2.0999999999999996,0.2999999999999998,0.066
0.1889,0.017920000000000005,2.1500000000000004,0.2999999999999998,0.066
0.18895,0.017872500000000003,2.1999999999999993,0.2999999999999998,0.066
0.189,0.019977500000000006,2.3499999999999996,0.2999999999999998,0.066
0.18905,0.019860000000000006,2.3499999999999996,0.2999999999999998,0.06499999999999999
0.18910000000000002,0.017552500000000006,2.2,0.2999999999999998,0.06499999999999999
0.18915,0.017440000000000004,2.2,0.2999999999999998,0.06499999999999999
0.1892,0.017357500000000005,2.2,0.2999999999999998,0.06499999999999999
0.18925,0.019447500000000006,2.3499999999999996,0.2999999999999998,0.06499999999999999
0.1893,0.019335000000000005,2.3499999999999996,0.2999999999999998,0.06499999999999999
0.18935000000000002,0.017077500000000006,2.1500000000000004,0.2999999999999998,0.06499999999999999
0.1894,0.017005000000000003,2.1500000000000004,0.2999999999999998,0.06499999999999999
0.18945,0.016890000000000006,2.1500000000000012,0.2999999999999998,0.06499999999999999
0.1895,0.018927500000000003,2.3,0.2999999999999998,0.06499999999999999
0.18955,0.018815000000000005,2.3000000000000007,0.2999999999999998,0.064
0.18960000000000002,0.016580000000000004,2.1499999999999995,0.2999999999999998,0.064
0.18965,0.016445000000000005,2.1500000000000004,0.2999999999999998,0.064
0.1897,0.016332500000000003,2.1499999999999986,0.2999999999999998,0.064
0.18975,0.018162500000000005,2.299999999999999,0.2999999999999998,0.064
0.1898,0.017847500000000006,2.25,0.2999999999999998,0.064
0.18985000000000002,0.015605000000000004,2.0999999999999996,0.2999999999999998,0.063
0.1899,0.014505000000000004,2.0,0.20000000000000018,0.063
0.18995,0.012372500000000003,1.799999999999999,0.20000000000000018,0.062
0.19,0.009870000000000002,1.6500000000000004,0.20000000000000018,0.061
0.19005,0.007565000000000002,1.450000000000001,0.20000000000000018,0.059
0.19010000000000002,0.005705000000000002,1.3000000000000007,0.15000000000000036,0.057
0.19015,0.004002500000000001,1.1500000000000004,0.10000000000000053,0.054
0.1902,0.0023550000000000008,0.9000000000000004,0.10000000000000053,0.05
0.19025,0.0008975000000000002,0.75,0.10000000000000053,0.043
0.1903,0.00018750000000000006,0.4999999999999982,0.05000000000000071,0.034
0.19035000000000002,0.0,0.1999999999999993,0.0,0.018000000000000002
0.1904,0.0,0.0,0.0,0.0
0.19045,0.0,0.0,0.0,0.0
0.1905,0.0,0.0,0.0,0.0
0.19055,0.0,0.0,0.0,0.0
0.19060000000000002,0.0,0.0,0.0,0.0
0.19065000000000001,0.0,0.0,0.0,0.0
0.1907,0.0,0.0,0.0,0.0
0.19075,0.0005800000000000001,0.20000000000000107,0.1999999999999993,0.015000000000000001
0.1908,0.0022825000000000007,0.34999999999999964,0.25,0.036000000000000004
0.19085000000000002,0.004122500000000001,0.5000000000000018,0.2999999999999998,0.048
0.19090000000000001,0.003922500000000001,0.45000000000000107,0.2999999999999998,0.048
0.19095,0.005857500000000002,0.5999999999999996,0.2999999999999998,0.057
0.191,0.010305000000000003,0.9000000000000004,0.2999999999999998,0.066
0.19105,0.012350000000000003,1.0000000000000018,0.2999999999999998,0.06899999999999999
0.19110000000000002,0.014287500000000003,1.1500000000000004,0.2999999999999998,0.07100000000000001
0.19115000000000001,0.013505000000000003,1.1500000000000004,0.2999999999999998,0.07100000000000001
0.1912,0.015152500000000005,1.25,0.2999999999999998,0.07100000000000001
0.19125,0.016612500000000006,1.4000000000000004,0.2999999999999998,0.07200000000000001
0.1913,0.020245000000000006,1.6999999999999993,0.2999999999999998,0.07200000000000001
0.19135000000000002,0.021372500000000006,1.799999999999999,0.2999999999999998,0.07200000000000001
0.19140000000000001,0.019907500000000005,1.799999999999999,0.2999999999999998,0.07100000000000001
0.19145,0.020712500000000005,1.8999999999999986,0.2999999999999998,0.07100000000000001
0.1915,0.021207500000000004,2.049999999999999,0.2999999999999998,0.07100000000000001
0.19155,0.023672500000000006,2.3,0.2999999999999998,0.06999999999999998
0.19160000000000002,0.023690000000000006,2.4000000000000012,0.2999999999999998,0.06899999999999999
0.19165000000000001,0.021277500000000005,2.3500000000000005,0.2999999999999998,0.06899999999999999
0.1917,0.020930000000000004,2.4499999999999993,0.2999999999999998,0.068
0.19175,0.020507500000000005,2.4499999999999993,0.2999999999999998,0.068
0.1918,0.022180000000000005,2.5999999999999988,0.2999999999999998,0.067
0.19185000000000002,0.021667500000000006,2.5999999999999996,0.2999999999999998,0.067
0.19190000000000002,0.019060000000000004,2.3999999999999986,0.2999999999999998,0.067
0.19195,0.018585000000000004,2.4000000000000004,0.2999999999999998,0.066
0.192,0.018180000000000005,2.3499999999999996,0.2999999999999998,0.066
0.19205,0.019835000000000005,2.499999999999999,0.2999999999999998,0.06499999999999999
0.19210000000000002,0.019442500000000005,2.45,0.2999999999999998,0.06499999999999999
0.19215000000000002,0.017055000000000004,2.250000000000001,0.2999999999999998,0.06499999999999999
0.1922,0.016730000000000005,2.250000000000001,0.2999999999999998,0.064
0.19225,0.016445000000000005,2.2,0.2999999999999998,0.064
0.1923,0.018185000000000003,2.3500000000000005,0.2999999999999998,0.064
0.19235000000000002,0.017950000000000004,2.3,0.2999999999999998,0.064
0.19240000000000002,0.015697500000000003,2.1500000000000004,0.2999999999999998,0.063
0.19245,0.015472500000000004,2.1500000000000004,0.2999999999999998,0.063
0.1925,0.015452500000000004,2.1000000000000005,0.2999999999999998,0.063
0.19255,0.017620000000000004,2.25,0.2999999999999998,0.063
0.19260000000000002,0.017662500000000005,2.250000000000001,0.2999999999999998,0.063
0.19265000000000002,0.015522500000000003,2.05,0.2999999999999998,0.063
0.1927,0.015665000000000005,2.05,0.2999999999999998,0.06499999999999999
0.19275,0.015890000000000005,2.05,0.2999999999999998,0.066
0.1928,0.018397500000000004,2.1999999999999993,0.2999999999999998,0.067
0.19285000000000002,0.018650000000000003,2.15,0.2999999999999998,0.067
0.19290000000000002,0.016722500000000005,1.9999999999999996,0.2999999999999998,0.066
0.19295,0.017080000000000005,2.0000000000000004,0.2999999999999998,0.066
0.193,0.017437500000000005,2.0,0.2999999999999998,0.066
0.19305,0.019945000000000004,2.150000000000001,0.2999999999999998,0.066
0.19310000000000002,0.020115000000000004,2.25,0.2999999999999998,0.066
0.19315000000000002,0.017945000000000006,2.1500000000000004,0.2999999999999998,0.066
0.1932,0.017870000000000004,2.2000000000000006,0.2999999999999998,0.066
0.19325,0.017762500000000004,2.25,0.2999999999999998,0.066
0.1933,0.019825000000000006,2.3999999999999995,0.2999999999999998,0.06499999999999999
0.19335000000000002,0.019720000000000005,2.35,0.2999999999999998,0.06499999999999999
0.19340000000000002,0.017440000000000004,2.1999999999999997,0.2999999999999998,0.06499999999999999
0.19345,0.017337500000000006,2.2000000000000006,0.2999999999999998,0.06499999999999999
0.1935,0.017222500000000005,2.2,0.2999999999999998,0.06499999999999999
0.19355,0.019310000000000004,2.3499999999999996,0.2999999999999998,0.06499999999999999
0.19360000000000002,0.019205000000000003,2.3499999999999996,0.2999999999999998,0.06499999999999999
0.19365000000000002,0.016962500000000005,2.2,0.2999999999999998,0.06499999999999999
0.1937,0.016867500000000004,2.2,0.2999999999999998,0.06499999999999999
0.19375,0.016800000000000006,2.15,0.2999999999999998,0.06499999999999999
0.1938,0.018815000000000005,2.3,0.2999999999999998,0.064
0.19385000000000002,0.018705000000000006,2.3,0.2999999999999998,0.064
0.19390000000000002,0.016472500000000004,2.1500000000000004,0.2999999999999998,0.064
0.19395,0.016307500000000003,2.1500000000000004,0.2999999999999998,0.064
0.194,0.016140000000000005,2.15,0.2999999999999998,0.064
0.19405,0.017787500000000005,2.3,0.2999999999999998,0.064
0.19410000000000002,0.016405000000000003,2.15,0.2999999999999998,0.063
0.19415000000000002,0.014117500000000003,2.0,0.1999999999999993,0.063
0.1942,0.011822500000000003,1.75,0.1999999999999993,0.062
0.19425,0.009390000000000003,1.6,0.1999999999999993,0.061
0.1943,0.007122500000000002,1.4,0.1999999999999993,0.059
0.19435000000000002,0.005312500000000001,1.25,0.14999999999999947,0.057
0.19440000000000002,0.003627500000000001,1.0999999999999999,0.09999999999999964,0.053
0.19445,0.0020075000000000006,0.9,0.09999999999999964,0.048
0.1945,0.0006925000000000002,0.65,0.09999999999999964,0.041
0.19455,9.000000000000002e-05,0.44999999999999996,0.04999999999999982,0.031
0.19460000000000002,0.0,0.09999999999999998,0.0,0.013
0.19465000000000002,0.0,0.0,0.0,0.0
0.1947,0.0,0.0,0.0,0.0
0.19475,0.0,0.0,0.0,0.0
0.1948,0.0,0.0,0.0,0.0
0.19485000000000002,0.0,0.0,0.0,0.0
0.19490000000000002,0.0,0.0,0.0,0.0
0.19495,0.0,0.0,0.0,0.0
0.195,0.0,0.0,0.0,0.0
0.19505,0.0026425000000000008,0.39999999999999997,0.2999999999999998,0.039
0.1951,0.004565000000000001,0.55,0.2999999999999998,0.051
0.19515000000000002,0.004340000000000001,0.5,0.2999999999999998,0.051
0.1952,0.006272500000000001,0.65,0.2999999999999998,0.058
0.19525,0.008295000000000002,0.8,0.2999999999999998,0.064
0.1953,0.012765000000000004,1.05,0.2999999999999998,0.06899999999999999
0.19535,0.014657500000000004,1.2,0.2999999999999998,0.07100000000000001
0.19540000000000002,0.013865000000000004,1.2,0.2999999999999998,0.07100000000000001
0.19545,0.015457500000000004,1.2999999999999998,0.2999999999999998,0.07100000000000001
0.1955,0.016860000000000003,1.45,0.2999999999999998,0.07200000000000001
0.19555,0.020517500000000004,1.75,0.2999999999999998,0.07200000000000001
0.1956,0.021620000000000004,1.85,0.2999999999999998,0.07200000000000001
0.19565000000000002,0.020132500000000005,1.85,0.2999999999999998,0.07100000000000001
0.1957,0.020845000000000006,1.95,0.2999999999999998,0.07100000000000001
0.19575,0.021262500000000004,2.0999999999999996,0.2999999999999998,0.06999999999999998
0.1958,0.023710000000000005,2.35,0.2999999999999998,0.06999999999999998
0.19585,0.023682500000000006,2.45,0.2999999999999998,0.06899999999999999
0.19590000000000002,0.021240000000000005,2.4,0.2999999999999998,0.06899999999999999
0.19595,0.020875000000000005,2.4499999999999997,0.2999999999999998,0.068
0.196,0.020412500000000004,2.5,0.2999999999999998,0.068
0.19605,0.022085000000000004,2.6500000000000004,0.2999999999999998,0.067
0.1961,0.021545000000000005,2.6,0.2999999999999998,0.067
0.19615000000000002,0.018962500000000004,2.45,0.2999999999999998,0.066
0.1962,0.018507500000000003,2.4,0.2999999999999998,0.066
0.19625,0.018052500000000006,2.3499999999999996,0.2999999999999998,0.066
0.1963,0.019780000000000006,2.5000000000000004,0.2999999999999998,0.06499999999999999
0.19635,0.019420000000000003,2.45,0.2999999999999998,0.06499999999999999
0.19640000000000002,0.016992500000000004,2.3,0.2999999999999998,0.06499999999999999
0.19645,0.016687500000000004,2.2500000000000004,0.2999999999999998,0.064
0.1965,0.016410000000000004,2.25,0.2999999999999998,0.064
0.19655,0.018162500000000005,2.3500000000000005,0.2999999999999998,0.064
0.1966,0.017860000000000004,2.35,0.2999999999999998,0.064
0.19665000000000002,0.015597500000000004,2.15,0.2999999999999998,0.063
0.1967,0.015500000000000003,2.1500000000000004,0.2999999999999998,0.063
0.19675,0.015425000000000005,2.15,0.2999999999999998,0.063
0.1968,0.017652500000000005,2.2499999999999996,0.2999999999999998,0.063
0.19685,0.017690000000000004,2.25,0.2999999999999998,0.063
0.19690000000000002,0.017777500000000005,2.2499999999999996,0.2999999999999998,0.06499999999999999
0.19695000000000001,0.015727500000000005,2.0499999999999994,0.2999999999999998,0.06499999999999999
0.197,0.015967500000000003,2.05,0.2999999999999998,0.066
0.19705,0.018462500000000003,2.1999999999999993,0.2999999999999998,0.067
0.1971,0.018717500000000005,2.2,0.2999999999999998,0.067
0.19715000000000002,0.019050000000000004,2.1499999999999995,0.2999999999999998,0.066
0.19720000000000001,0.017172500000000004,2.0,0.2999999999999998,0.066
0.19725,0.017505000000000003,2.0,0.2999999999999998,0.066
0.1973,0.019992500000000003,2.200000000000001,0.2999999999999998,0.066
0.19735,0.020107500000000004,2.25,0.2999999999999998,0.066
0.19740000000000002,0.020150000000000005,2.3,0.2999999999999998,0.066
0.19745000000000001,0.017867500000000005,2.25,0.2999999999999998,0.066
0.1975,0.017732500000000005,2.250000000000001,0.2999999999999998,0.066
0.19755,0.019825000000000006,2.3999999999999995,0.2999999999999998,0.06499999999999999
0.1976,0.019705000000000004,2.4000000000000004,0.2999999999999998,0.06499999999999999
0.19765000000000002,0.019615000000000004,2.3999999999999986,0.2999999999999998,0.06499999999999999
0.19770000000000001,0.017315000000000004,2.249999999999999,0.2999999999999998,0.06499999999999999
0.19775,0.017247500000000006,2.2,0.2999999999999998,0.06499999999999999
0.1978,0.019297500000000006,2.3499999999999996,0.2999999999999998,0.06499999999999999
0.19785,0.019197500000000006,2.3499999999999996,0.2999999999999998,0.06499999999999999
0.19790000000000002,0.019092500000000005,2.3499999999999996,0.2999999999999998,0.06499999999999999
0.19795000000000001,0.016837500000000005,2.2,0.2999999999999998,0.06499999999999999
0.198,0.016745000000000003,2.2,0.2999999999999998,0.064
0.19805,0.016655000000000003,2.1999999999999993,0.2999999999999998,0.064
0.1981,0.018647500000000004,2.3499999999999996,0.2999999999999998,0.064
0.19815000000000002,0.018490000000000003,2.3000000000000007,0.2999999999999998,0.064
0.19820000000000002,0.016272500000000006,2.1500000000000004,0.2999999999999998,0.064
0.19825,0.016050000000000005,2.1499999999999995,0.2999999999999998,0.064
0.1983,0.015827500000000005,2.1500000000000012,0.2999999999999998,0.063
0.19835,0.015972500000000004,2.1499999999999995,0.2999999999999998,0.063
0.19840000000000002,0.013805000000000003,1.950000000000001,0.20000000000000018,0.063
0.19845000000000002,0.011362500000000003,1.75,0.20000000000000018,0.062
0.1985,0.008902500000000002,1.5999999999999996,0.20000000000000018,0.060000000000000005
0.19855,0.0066700000000000014,1.4000000000000004,0.20000000000000018,0.059
0.1986,0.004972500000000001,1.200000000000001,0.14999999999999947,0.056
0.19865000000000002,0.003277500000000001,1.0,0.09999999999999964,0.052
0.19870000000000002,0.0016775000000000004,0.8499999999999996,0.09999999999999964,0.047
0.19875,0.00048750000000000014,0.5999999999999996,0.09999999999999964,0.04
0.1988,5.000000000000001e-06,0.34999999999999964,0.0,0.029
0.19885,0.0,0.0,0.0,0.001
0.19890000000000002,0.0,0.0,0.0,0.0
0.19895000000000002,0.0,0.0,0.0,0.0
0.199,0.0,0.0,0.0,0.0
0.19905,0.0,0.0,0.0,0.0
0.1991,0.0,0.0,0.0,0.0
0.19915000000000002,0.0,0.0,0.0,0.0
0.19920000000000002,0.0,0.0,0.0,0.0
0.19925,0.0,0.0,0.0,0.0
0.1993,0.0011650000000000002,0.3000000000000007,0.25,0.025
0.19935,0.004950000000000001,0.6000000000000014,0.3000000000000007,0.053
0.19940000000000002,0.007015000000000002,0.7000000000000011,0.3000000000000007,0.060000000000000005
0.19945000000000002,0.006677500000000002,0.7000000000000011,0.3000000000000007,0.060000000000000005
0.1995,0.008717500000000003,0.8499999999999996,0.3000000000000007,0.064
0.19955,0.010705000000000003,0.9500000000000011,0.3000000000000007,0.068
0.1996,0.014950000000000003,1.2500000000000018,0.3000000000000007,0.07100000000000001
0.19965000000000002,0.016607500000000004,1.3500000000000014,0.3000000000000007,0.07200000000000001
0.19970000000000002,0.015782500000000005,1.3000000000000007,0.3000000000000007,0.07200000000000001
0.19975,0.017085000000000003,1.450000000000001,0.3000000000000007,0.07200000000000001
0.1998,0.018382500000000003,1.5999999999999996,0.3000000000000007,0.07200000000000001
0.19985,0.021795000000000005,1.8499999999999996,0.3000000000000007,0.07200000000000001
0.19990000000000002,0.022585000000000004,2.0,0.3000000000000007,0.07100000000000001
0.19995000000000002,0.020937500000000005,1.9499999999999993,0.3000000000000007,0.07100000000000001
0.2,0.021342500000000004,2.0999999999999988,0.3000000000000007,0.06999999999999998
0.20005,0.021480000000000006,2.1999999999999993,0.3000000000000007,0.06999999999999998
0.2001,0.023635000000000007,2.450000000000001,0.3000000000000007,0.06899999999999999
0.20015000000000002,0.023325000000000005,2.55,0.3000000000000007,0.06899999999999999
0.20020000000000002,0.020760000000000004,2.4499999999999984,0.3000000000000007,0.068
0.20025,0.020320000000000005,2.450000000000001,0.3000000000000007,0.068
0.2003,0.019830000000000004,2.45,0.3000000000000007,0.067
0.20035,0.021442500000000007,2.5999999999999996,0.3000000000000007,0.067
0.20040000000000002,0.020942500000000006,2.5500000000000007,0.3000000000000007,0.066
0.20045000000000002,0.018390000000000004,2.3499999999999996,0.3000000000000007,0.066
0.2005,0.017997500000000003,2.3500000000000005,0.3000000000000007,0.066
0.20055,0.017600000000000005,2.3,0.3000000000000007,0.06499999999999999
0.2006,0.019320000000000004,2.3999999999999986,0.3000000000000007,0.06499999999999999
0.20065000000000002,0.018942500000000004,2.4000000000000004,0.3000000000000007,0.06499999999999999
0.20070000000000002,0.016610000000000003,2.2,0.3000000000000007,0.064
0.20075,0.016312500000000004,2.1999999999999993,0.3000000000000007,0.064
0.2008,0.016072500000000003,2.2,0.3000000000000007,0.064
0.20085,0.017830000000000006,2.3,0.3000000000000007,0.064
0.20090000000000002,0.017667500000000006,2.3,0.3000000000000007,0.063
0.20095000000000002,0.015445000000000004,2.0999999999999988,0.3000000000000007,0.063
0.201,0.015440000000000004,2.0999999999999996,0.3000000000000007,0.063
0.20105,0.015407500000000005,2.0999999999999996,0.3000000000000007,0.063
0.2011,0.017695000000000006,2.2,0.3000000000000007,0.064
0.20115000000000002,0.017810000000000003,2.1999999999999993,0.3000000000000007,0.06499999999999999
0.20120000000000002,0.015752500000000003,2.05,0.3000000000000007,0.06499999999999999
0.20125,0.016010000000000003,2.05,0.3000000000000007,0.066
0.2013,0.016282500000000005,2.0,0.3000000000000007,0.067
0.20135,0.018760000000000006,2.1499999999999995,0.3000000000000007,0.067
0.20140000000000002,0.019095000000000004,2.15,0.3000000000000007,0.066
0.20145000000000002,0.017252500000000004,1.9999999999999996,0.3000000000000007,0.066
0.2015,0.017570000000000006,2.0,0.3000000000000007,0.066
0.20155,0.017832500000000005,2.0500000000000003,0.3000000000000007,0.066
0.2016,0.020122500000000005,2.25,0.3000000000000007,0.066
0.20165,0.020132500000000005,2.2999999999999994,0.3000000000000007,0.066
0.20170000000000002,0.017827500000000003,2.1999999999999997,0.3000000000000007,0.066
0.20175,0.017697500000000005,2.2500000000000004,0.3000000000000007,0.066
0.2018,0.017620000000000004,2.2,0.3000000000000007,0.06499999999999999
0.20185,0.019675000000000005,2.3499999999999996,0.3000000000000007,0.06499999999999999
0.2019,0.019575000000000006,2.35,0.3000000000000007,0.06499999999999999
0.20195000000000002,0.017295000000000005,2.1999999999999997,0.3000000000000007,0.06499999999999999
0.202,0.017200000000000003,2.2,0.3000000000000007,0.06499999999999999
0.20205,0.017120000000000003,2.2,0.3000000000000007,0.06499999999999999
0.2021,0.019185000000000004,2.35,0.3000000000000007,0.06499999999999999
0.20215,0.019102500000000005,2.3,0.3000000000000007,0.06499999999999999
0.20220000000000002,0.016845000000000006,2.15,0.3000000000000007,0.06499999999999999
0.20225,0.016740000000000005,2.1500000000000004,0.3000000000000007,0.064
0.2023,0.016642500000000005,2.1499999999999995,0.3000000000000007,0.064
0.20235,0.018625000000000006,2.3,0.3000000000000007,0.064
0.2024,0.018447500000000006,2.3,0.3000000000000007,0.064
0.20245000000000002,0.016232500000000004,2.15,0.3000000000000007,0.064
0.2025,0.016025000000000005,2.15,0.3000000000000007,0.064
0.20255,0.015740000000000004,2.1500000000000004,0.3000000000000007,0.063
0.2026,0.015502500000000004,2.05,0.3000000000000007,0.063
0.20265,0.013287500000000004,1.9000000000000001,0.20000000000000018,0.062
0.20270000000000002,0.010855000000000004,1.7,0.20000000000000018,0.061
0.20275,0.008432500000000002,1.55,0.20000000000000018,0.060000000000000005
0.2028,0.006337500000000002,1.3499999999999999,0.15000000000000036,0.058
0.20285,0.004595000000000001,1.2,0.10000000000000053,0.056
0.2029,0.002950000000000001,0.9500000000000001,0.10000000000000053,0.051
0.20295000000000002,0.0013600000000000003,0.8,0.10000000000000053,0.046
0.203,0.0003875000000000001,0.6,0.10000000000000053,0.038
0.20305,0.0,0.3,0.0,0.026
0.2031,0.0,0.0,0.0,0.0
0.20315,0.0,0.0,0.0,0.0
0.20320000000000002,0.0,0.0,0.0,0.0
0.20325000000000001,0.0,0.0,0.0,0.0
0.2033,0.0,0.0,0.0,0.0
0.20335,0.0,0.0,0.0,0.0
0.2034,0.0,0.0,0.0,0.0
0.20345000000000002,0.0,0.0,0.0,0.0
0.20350000000000001,0.0,0.0,0.0,0.0
0.20355,0.0015100000000000003,0.3,0.25,0.029
0.2036,0.0053700000000000015,0.55,0.3000000000000007,0.054
0.20365,0.007465000000000002,0.7,0.3000000000000007,0.061
0.20370000000000002,0.009517500000000002,0.85,0.3000000000000007,0.06499999999999999
0.20375000000000001,0.009150000000000002,0.7999999999999999,0.3000000000000007,0.06499999999999999
0.2038,0.011112500000000003,0.95,0.3000000000000007,0.068
0.20385,0.015337500000000004,1.25,0.3000000000000007,0.07100000000000001
0.2039,0.016987500000000003,1.4,0.3000000000000007,0.07200000000000001
0.20395000000000002,0.018510000000000006,1.5,0.3000000000000007,0.07200000000000001
0.20400000000000001,0.017332500000000004,1.5,0.3000000000000007,0.07200000000000001
0.20405,0.018632500000000003,1.6,0.3000000000000007,0.07200000000000001
0.2041,0.021995000000000004,1.9000000000000004,0.3000000000000007,0.07200000000000001
0.20415,0.022777500000000006,2.0500000000000003,0.3000000000000007,0.07100000000000001
0.20420000000000002,0.023295000000000007,2.15,0.3000000000000007,0.07100000000000001
0.20425000000000001,0.021397500000000007,2.1,0.3000000000000007,0.06999999999999998
0.2043,0.021467500000000004,2.25,0.3000000000000007,0.06999999999999998
0.20435,0.023585000000000005,2.5,0.3000000000000007,0.06899999999999999
0.2044,0.023302500000000007,2.55,0.3000000000000007,0.06899999999999999
0.20445000000000002,0.022880000000000005,2.6,0.3000000000000007,0.068
0.20450000000000002,0.020230000000000005,2.5,0.3000000000000007,0.068
0.20455,0.019725000000000006,2.45,0.3000000000000007,0.067
0.2046,0.019260000000000006,2.45,0.3000000000000007,0.067
0.20465,0.020880000000000006,2.5500000000000003,0.3000000000000007,0.066
0.20470000000000002,0.020422500000000007,2.5,0.3000000000000007,0.066
0.20475000000000002,0.017930000000000005,2.35,0.3000000000000007,0.066
0.2048,0.017565000000000004,2.3,0.3000000000000007,0.06499999999999999
0.20485,0.017187500000000005,2.3000000000000003,0.3000000000000007,0.06499999999999999
0.2049,0.016872500000000006,2.2499999999999996,0.3000000000000007,0.06499999999999999
0.20495000000000002,0.016560000000000005,2.25,0.3000000000000007,0.064
0.20500000000000002,0.016280000000000003,2.1999999999999997,0.3000000000000007,0.064
0.20505,0.016007500000000004,2.1999999999999997,0.3000000000000007,0.064
0.2051,0.015777500000000003,2.1499999999999995,0.3000000000000007,0.064
0.20515,0.015562500000000003,2.15,0.3000000000000007,0.063
0.20520000000000002,0.015467500000000004,2.15,0.3000000000000007,0.063
0.20525000000000002,0.015430000000000004,2.0999999999999996,0.3000000000000007,0.063
0.2053,0.015422500000000004,2.1,0.3000000000000007,0.063
0.20535,0.015447500000000005,2.099999999999999,0.3000000000000007,0.063
0.2054,0.015607500000000003,2.05,0.3000000000000007,0.064
0.20545000000000002,0.015805000000000003,2.0500000000000003,0.3000000000000007,0.066
0.20550000000000002,0.016045000000000004,2.0500000000000007,0.3000000000000007,0.067
0.20555,0.016325000000000003,2.05,0.3000000000000007,0.067
0.2056,0.016627500000000003,2.0,0.3000000000000007,0.067
0.20565,0.016972500000000005,2.000000000000001,0.3000000000000007,0.066
0.20570000000000002,0.017315000000000004,2.0,0.3000000000000007,0.066
0.20575000000000002,0.017645000000000004,2.0,0.3000000000000007,0.066
0.2058,0.017852500000000004,2.05,0.3000000000000007,0.066
0.20585,0.017962500000000006,2.1500000000000004,0.3000000000000007,0.066
0.2059,0.017935000000000003,2.1999999999999993,0.3000000000000007,0.066
0.20595000000000002,0.017822500000000005,2.25,0.3000000000000007,0.066
0.20600000000000002,0.017715000000000005,2.25,0.3000000000000007,0.066
0.20605,0.017620000000000004,2.25,0.3000000000000007,0.06499999999999999
0.2061,0.017497500000000006,2.250000000000001,0.3000000000000007,0.06499999999999999
0.20615,0.017407500000000003,2.2,0.3000000000000007,0.06499999999999999
0.20620000000000002,0.017305000000000004,2.200000000000001,0.3000000000000007,0.06499999999999999
0.20625000000000002,0.017202500000000006,2.1999999999999993,0.3000000000000007,0.06499999999999999
0.2063,0.017087500000000005,2.2,0.3000000000000007,0.06499999999999999
0.20635,0.017007500000000005,2.2,0.3000000000000007,0.06499999999999999
0.2064,0.016902500000000004,2.200000000000001,0.3000000000000007,0.06499999999999999
0.20645000000000002,0.016817500000000003,2.1999999999999993,0.3000000000000007,0.06499999999999999
0.20650000000000002,0.016725000000000004,2.2,0.3000000000000007,0.064
0.20655,0.016627500000000003,2.1499999999999995,0.3000000000000007,0.064
0.2066,0.016515000000000005,2.1500000000000004,0.3000000000000007,0.064
0.20665,0.016385000000000004,2.1499999999999986,0.3000000000000007,0.064
0.20670000000000002,0.016205000000000004,2.1500000000000004,0.3000000000000007,0.064
0.20675000000000002,0.015995000000000006,2.1499999999999995,0.3000000000000007,0.064
0.2068,0.015720000000000005,2.1500000000000004,0.3000000000000007,0.063
0.20685,0.014792500000000004,2.0500000000000007,0.25,0.063
0.2069,0.012745000000000003,1.8500000000000014,0.1999999999999993,0.062
0.20695000000000002,0.010315000000000003,1.6999999999999993,0.1999999999999993,0.061
0.20700000000000002,0.007967500000000002,1.5,0.1999999999999993,0.060000000000000005
0.20705,0.006005000000000002,1.3000000000000007,0.15000000000000036,0.058
0.2071,0.004280000000000001,1.1500000000000004,0.10000000000000053,0.055
0.20715,0.002640000000000001,0.9500000000000011,0.10000000000000053,0.05
0.20720000000000002,0.0010925000000000004,0.75,0.10000000000000053,0.044
0.20725000000000002,0.0002825000000000001,0.5500000000000007,0.04999999999999982,0.036000000000000004
0.2073,0.0,0.25,0.0,0.022
0.20735,0.0,0.0,0.0,0.0
0.2074,0.0,0.0,0.0,0.0
0.20745000000000002,0.0,0.0,0.0,0.0
0.20750000000000002,0.0,0.0,0.0,0.0
0.20755,0.0,0.0,0.0,0.0
0.2076,0.0,0.0,0.0,0.0
0.20765,0.0,0.0,0.0,0.0
0.20770000000000002,0.0,0.0,0.0,0.0
0.20775000000000002,0.0002800000000000001,0.15000000000000036,0.15000000000000036,0.01
0.2078,0.0018600000000000005,0.34999999999999964,0.25,0.033
0.20785,0.003607500000000001,0.45000000000000107,0.2999999999999998,0.047
0.2079,0.005550000000000001,0.5999999999999996,0.2999999999999998,0.056
0.20795000000000002,0.007522500000000002,0.75,0.2999999999999998,0.062
0.20800000000000002,0.009567500000000003,0.8500000000000014,0.2999999999999998,0.066
0.20805,0.011497500000000003,1.0000000000000018,0.2999999999999998,0.06899999999999999
0.2081,0.013197500000000003,1.1500000000000004,0.2999999999999998,0.06999999999999998
0.20815,0.014880000000000004,1.25,0.2999999999999998,0.07100000000000001
0.2082,0.016365000000000005,1.4000000000000004,0.2999999999999998,0.07200000000000001
0.20825000000000002,0.017657500000000003,1.5500000000000007,0.2999999999999998,0.07200000000000001
0.2083,0.018840000000000006,1.6499999999999986,0.2999999999999998,0.07200000000000001
0.20835,0.019797500000000006,1.799999999999999,0.2999999999999998,0.07200000000000001
0.2084,0.020625000000000004,1.9499999999999993,0.2999999999999998,0.07100000000000001
0.20845,0.021127500000000004,2.049999999999999,0.2999999999999998,0.07100000000000001
0.20850000000000002,0.021400000000000006,2.1500000000000004,0.2999999999999998,0.06999999999999998
0.20855,0.021475000000000005,2.3,0.2999999999999998,0.06999999999999998
0.2086,0.021330000000000005,2.3500000000000005,0.2999999999999998,0.06899999999999999
0.20865,0.021025000000000005,2.4499999999999993,0.2999999999999998,0.068
0.2087,0.020590000000000004,2.5,0.2999999999999998,0.068
0.20875000000000002,0.020120000000000006,2.500000000000001,0.2999999999999998,0.068
0.2088,0.019627500000000006,2.499999999999999,0.2999999999999998,0.067
0.20885,0.019105000000000004,2.4499999999999993,0.2999999999999998,0.067
0.2089,0.018662500000000005,2.4000000000000004,0.2999999999999998,0.066
0.20895,0.018240000000000006,2.4000000000000004,0.2999999999999998,0.066
0.20900000000000002,0.017820000000000006,2.3499999999999988,0.2999999999999998,0.066
0.20905,0.017442500000000003,2.3500000000000005,0.2999999999999998,0.06499999999999999
0.2091,0.017110000000000004,2.3,0.2999999999999998,0.06499999999999999
0.20915,0.016807500000000003,2.250000000000001,0.2999999999999998,0.06499999999999999
0.2092,0.016482500000000004,2.25,0.2999999999999998,0.064
0.20925000000000002,0.016212500000000005,2.25,0.2999999999999998,0.064
0.2093,0.015972500000000004,2.2,0.2999999999999998,0.064
0.20935,0.015705000000000004,2.2,0.2999999999999998,0.063
0.2094,0.015485000000000004,2.0999999999999996,0.2999999999999998,0.063
0.20945,0.015452500000000004,2.1499999999999995,0.2999999999999998,0.063
0.20950000000000002,0.017612500000000003,2.3,0.2999999999999998,0.063
0.20955000000000001,0.015432500000000004,2.1000000000000005,0.2999999999999998,0.063
0.2096,0.015477500000000003,2.1000000000000005,0.2999999999999998,0.063
0.20965,0.015612500000000003,2.0999999999999996,0.2999999999999998,0.06499999999999999
0.2097,0.015862500000000005,2.05,0.2999999999999998,0.066
0.20975000000000002,0.018382500000000003,2.1999999999999993,0.2999999999999998,0.067
0.20980000000000001,0.016375000000000004,2.05,0.2999999999999998,0.067
0.20985,0.016675000000000006,2.0499999999999994,0.2999999999999998,0.067
0.2099,0.017030000000000003,2.0500000000000003,0.2999999999999998,0.066
0.20995,0.017387500000000004,2.0,0.2999999999999998,0.066
0.21000000000000002,0.019917500000000005,2.2000000000000006,0.2999999999999998,0.066
0.21005000000000001,0.017885000000000005,2.1,0.2999999999999998,0.066
0.2101,0.017945000000000006,2.1500000000000004,0.2999999999999998,0.066
0.21015,0.017897500000000004,2.2000000000000006,0.2999999999999998,0.066
0.2102,0.017805000000000005,2.25,0.2999999999999998,0.066
0.21025000000000002,0.019857500000000004,2.3999999999999995,0.2999999999999998,0.06499999999999999
0.21030000000000001,0.017557500000000004,2.25,0.2999999999999998,0.06499999999999999
0.21035,0.017462500000000006,2.2499999999999996,0.2999999999999998,0.06499999999999999
0.2104,0.017370000000000003,2.2500000000000004,0.2999999999999998,0.06499999999999999
0.21045,0.017255000000000003,2.25,0.2999999999999998,0.06499999999999999
0.21050000000000002,0.019352500000000005,2.3499999999999996,0.2999999999999998,0.06499999999999999
0.21055000000000001,0.017092500000000004,2.2,0.2999999999999998,0.06499999999999999
0.2106,0.016980000000000006,2.2,0.2999999999999998,0.06499999999999999
0.21065,0.016890000000000006,2.2,0.2999999999999998,0.06499999999999999
0.2107,0.016800000000000006,2.2,0.2999999999999998,0.06499999999999999
0.21075000000000002,0.016695000000000005,2.2,0.2999999999999998,0.064
0.21080000000000002,0.016575000000000003,2.2,0.2999999999999998,0.064
0.21085,0.016470000000000005,2.2,0.2999999999999998,0.064
0.2109,0.016320000000000005,2.2,0.2999999999999998,0.064
0.21095,0.016152500000000004,2.1,0.2999999999999998,0.064
0.21100000000000002,0.015900000000000004,2.1,0.2999999999999998,0.064
0.21105000000000002,0.015597500000000004,2.1,0.2999999999999998,0.063
0.2111,0.014437500000000004,2.0,0.20000000000000018,0.063
0.21115,0.012260000000000004,1.8,0.20000000000000018,0.062
0.2112,0.009820000000000002,1.65,0.20000000000000018,0.061
0.21125000000000002,0.007510000000000002,1.45,0.20000000000000018,0.059
0.21130000000000002,0.005635000000000001,1.3,0.15000000000000036,0.057
0.21135,0.003927500000000001,1.0999999999999999,0.09999999999999964,0.054
0.2114,0.0022800000000000008,0.9,0.09999999999999964,0.049
0.21145,0.0008675000000000002,0.75,0.09999999999999964,0.043
0.21150000000000002,0.00018250000000000004,0.5,0.049999999999998934,0.033
0.21155000000000002,0.0,0.2,0.0,0.018000000000000002
0.2116,0.0,0.0,0.0,0.0
0.21165,0.0,0.0,0.0,0.0
0.2117,0.0,0.0,0.0,0.0
0.21175000000000002,0.0,0.0,0.0,0.0
0.21180000000000002,0.0,0.0,0.0,0.0
0.21185,0.0,0.0,0.0,0.0
0.2119,0.0,0.0,0.0,0.0
0.21195,0.0,0.0,0.0,0.0
0.21200000000000002,0.0006225000000000001,0.2,0.20000000000000107,0.016
0.21205000000000002,0.0021900000000000005,0.39999999999999997,0.2999999999999998,0.036000000000000004
0.2121,0.004002500000000001,0.5,0.2999999999999998,0.049
0.21215,0.0059250000000000014,0.6,0.2999999999999998,0.057
0.2122,0.007952500000000001,0.75,0.2999999999999998,0.063
0.21225000000000002,0.009967500000000002,0.85,0.2999999999999998,0.067
0.21230000000000002,0.011885000000000003,1.0,0.2999999999999998,0.06899999999999999
0.21235,0.013577500000000003,1.15,0.2999999999999998,0.07100000000000001
0.2124,0.015197500000000004,1.25,0.2999999999999998,0.07100000000000001
0.21245,0.016655000000000003,1.4,0.2999999999999998,0.07200000000000001
0.21250000000000002,0.017930000000000005,1.5499999999999998,0.2999999999999998,0.07200000000000001
0.21255000000000002,0.019042500000000004,1.6500000000000001,0.2999999999999998,0.07200000000000001
0.2126,0.019952500000000005,1.8,0.2999999999999998,0.07100000000000001
0.21265,0.020757500000000005,1.9000000000000001,0.2999999999999998,0.07100000000000001
0.2127,0.021197500000000005,2.05,0.2999999999999998,0.07100000000000001
0.21275000000000002,0.021440000000000004,2.15,0.2999999999999998,0.06999999999999998
0.21280000000000002,0.021475000000000005,2.2500000000000004,0.2999999999999998,0.06899999999999999
0.21285,0.021285000000000005,2.35,0.2999999999999998,0.06899999999999999
0.2129,0.020920000000000005,2.45,0.2999999999999998,0.068
0.21295,0.020492500000000004,2.45,0.2999999999999998,0.068
0.21300000000000002,0.020040000000000006,2.45,0.2999999999999998,0.067
0.21305000000000002,0.019525000000000004,2.4499999999999997,0.2999999999999998,0.067
0.2131,0.019047500000000005,2.3999999999999995,0.2999999999999998,0.067
0.21315,0.018577500000000004,2.4000000000000004,0.2999999999999998,0.066
0.2132,0.018162500000000005,2.35,0.2999999999999998,0.066
0.21325000000000002,0.017757500000000006,2.3,0.2999999999999998,0.06499999999999999
0.21330000000000002,0.017372500000000006,2.3,0.2999999999999998,0.06499999999999999
0.21335,0.017050000000000003,2.25,0.2999999999999998,0.06499999999999999
0.2134,0.016727500000000003,2.2499999999999996,0.2999999999999998,0.064
0.21345,0.016435000000000005,2.2,0.2999999999999998,0.064
0.21350000000000002,0.016157500000000005,2.1999999999999997,0.2999999999999998,0.064
0.21355000000000002,0.015920000000000004,2.15,0.2999999999999998,0.064
0.2136,0.015672500000000002,2.1500000000000004,0.2999999999999998,0.063
0.21365,0.015472500000000004,2.150000000000001,0.2999999999999998,0.063
0.2137,0.015447500000000005,2.1,0.2999999999999998,0.063
0.21375000000000002,0.015427500000000004,2.1000000000000005,0.2999999999999998,0.063
0.21380000000000002,0.015432500000000004,2.1,0.2999999999999998,0.062
0.21385,0.015525000000000004,2.0500000000000003,0.2999999999999998,0.063
0.2139,0.015672500000000002,2.0500000000000007,0.2999999999999998,0.06499999999999999
0.21395,0.015905000000000002,2.05,0.2999999999999998,0.066
0.21400000000000002,0.016167500000000005,2.05,0.2999999999999998,0.067
0.21405000000000002,0.016452500000000005,2.0,0.2999999999999998,0.067
0.2141,0.016745000000000003,2.0,0.2999999999999998,0.066
0.21415,0.017085000000000003,2.0,0.2999999999999998,0.066
0.2142,0.017435000000000006,2.0,0.2999999999999998,0.066
0.21425000000000002,0.017727500000000004,2.0,0.2999999999999998,0.066
0.21430000000000002,0.017912500000000005,2.0999999999999996,0.2999999999999998,0.066
0.21435,0.017935000000000003,2.1500000000000004,0.2999999999999998,0.066
0.2144,0.017875000000000005,2.1999999999999993,0.2999999999999998,0.066
0.21445,0.017780000000000004,2.25,0.2999999999999998,0.066
0.21450000000000002,0.017640000000000003,2.249999999999999,0.2999999999999998,0.06499999999999999
0.21455000000000002,0.017552500000000006,2.2,0.2999999999999998,0.06499999999999999
0.2146,0.017455000000000005,2.2,0.2999999999999998,0.06499999999999999
0.21465,0.017330000000000005,2.2,0.2999999999999998,0.06499999999999999
0.2147,0.017242500000000004,2.2,0.2999999999999998,0.06499999999999999
0.21475,0.017142500000000005,2.2,0.2999999999999998,0.06499999999999999
0.21480000000000002,0.017060000000000006,2.200000000000001,0.2999999999999998,0.06499999999999999
0.21485,0.016955000000000005,2.1999999999999993,0.2999999999999998,0.06499999999999999
0.2149,0.016895000000000004,2.1499999999999995,0.2999999999999998,0.06499999999999999
0.21495,0.016805000000000004,2.1499999999999995,0.2999999999999998,0.06499999999999999
0.215,0.016695000000000005,2.1500000000000004,0.2999999999999998,0.064
0.21505000000000002,0.016562500000000004,2.1499999999999986,0.2999999999999998,0.064
0.2151,0.016442500000000006,2.1499999999999995,0.2999999999999998,0.064
0.21515,0.016317500000000006,2.1499999999999995,0.2999999999999998,0.064
0.2152,0.016112500000000005,2.1500000000000004,0.2999999999999998,0.064
0.21525,0.015865000000000004,2.1500000000000004,0.2999999999999998,0.064
0.21530000000000002,0.015522500000000003,2.1500000000000004,0.2999999999999998,0.063
0.21535,0.014030000000000004,1.950000000000001,0.20000000000000107,0.063
0.2154,0.011737500000000003,1.75,0.20000000000000107,0.062
0.21545,0.009315000000000002,1.5999999999999996,0.20000000000000107,0.061
0.2155,0.0070725000000000015,1.4000000000000004,0.20000000000000107,0.059
0.21555000000000002,0.005272500000000001,1.2500000000000018,0.15000000000000036,0.057
0.2156,0.003572500000000001,1.1000000000000014,0.09999999999999964,0.053
0.21565,0.0019450000000000005,0.8499999999999996,0.09999999999999964,0.048
0.2157,0.0006650000000000001,0.6500000000000004,0.09999999999999964,0.041
0.21575,8.250000000000003e-05,0.4499999999999993,0.04999999999999982,0.031
0.21580000000000002,0.0,0.09999999999999964,0.0,0.012
0.21585000000000001,0.0,0.0,0.0,0.0
0.2159,0.0,0.0,0.0,0.0
0.21595,0.0,0.0,0.0,0.0
0.216,0.0,0.0,0.0,0.0
0.21605000000000002,0.0,0.0,0.0,0.0
0.21610000000000001,0.0,0.0,0.0,0.0
0.21615,0.0,0.0,0.0,0.0
0.2162,0.0,0.0,0.0,0.0
0.21625,0.0009275000000000003,0.2500000000000018,0.25,0.022
0.21630000000000002,0.004635000000000001,0.5500000000000007,0.2999999999999998,0.051
0.21635000000000001,0.004417500000000001,0.5,0.2999999999999998,0.051
0.2164,0.006357500000000001,0.6499999999999986,0.2999999999999998,0.059
0.21645,0.008387500000000003,0.8000000000000007,0.2999999999999998,0.064
0.2165,0.010410000000000003,0.9000000000000004,0.2999999999999998,0.067
0.21655000000000002,0.014727500000000004,1.200000000000001,0.2999999999999998,0.07100000000000001
0.21660000000000001,0.013947500000000003,1.200000000000001,0.2999999999999998,0.07100000000000001
0.21665,0.015545000000000003,1.3000000000000007,0.2999999999999998,0.07200000000000001
0.2167,0.016905000000000003,1.450000000000001,0.2999999999999998,0.07200000000000001
0.21675,0.018185000000000003,1.5999999999999996,0.2999999999999998,0.07200000000000001
0.21680000000000002,0.021660000000000006,1.8499999999999996,0.2999999999999998,0.07200000000000001
0.21685000000000001,0.020172500000000006,1.8499999999999996,0.2999999999999998,0.07100000000000001
0.2169,0.020860000000000004,1.9499999999999993,0.2999999999999998,0.07100000000000001
0.21695,0.021302500000000005,2.0999999999999988,0.2999999999999998,0.06999999999999998
0.217,0.021475000000000005,2.1999999999999993,0.2999999999999998,0.06999999999999998
0.21705000000000002,0.023697500000000007,2.450000000000001,0.2999999999999998,0.06899999999999999
0.21710000000000002,0.021225000000000004,2.4000000000000004,0.2999999999999998,0.06899999999999999
0.21715,0.020855000000000005,2.4499999999999984,0.2999999999999998,0.068
0.2172,0.020415000000000006,2.5,0.2999999999999998,0.068
0.21725,0.019935000000000005,2.499999999999999,0.2999999999999998,0.067
0.21730000000000002,0.021545000000000005,2.5999999999999996,0.2999999999999998,0.067
0.21735000000000002,0.018962500000000004,2.4499999999999993,0.2999999999999998,0.066
0.2174,0.018512500000000005,2.4000000000000004,0.2999999999999998,0.066
0.21745,0.018077500000000003,2.3500000000000005,0.2999999999999998,0.066
0.2175,0.017700000000000004,2.3500000000000005,0.2999999999999998,0.06499999999999999
0.21755000000000002,0.017332500000000004,2.3000000000000016,0.2999999999999998,0.06499999999999999
0.21760000000000002,0.016982500000000005,2.3000000000000007,0.2999999999999998,0.06499999999999999
0.21765,0.016682500000000003,2.25,0.2999999999999998,0.064
0.2177,0.016410000000000004,2.25,0.2999999999999998,0.064
0.21775,0.016110000000000003,2.2,0.2999999999999998,0.064
0.21780000000000002,0.015860000000000003,2.1999999999999993,0.2999999999999998,0.064
0.21785000000000002,0.015625000000000003,2.1500000000000004,0.2999999999999998,0.063
0.2179,0.015487500000000005,2.1499999999999995,0.2999999999999998,0.063
0.21795,0.015435000000000004,2.1500000000000004,0.2999999999999998,0.063
0.218,0.015440000000000004,2.0999999999999996,0.2999999999999998,0.063
0.21805000000000002,0.015430000000000004,2.0999999999999996,0.2999999999999998,0.062
0.21810000000000002,0.015527500000000003,2.0999999999999996,0.2999999999999998,0.064
0.21815,0.015730000000000004,2.05,0.2999999999999998,0.06499999999999999
0.2182,0.015965000000000003,2.05,0.2999999999999998,0.066
0.21825,0.016222500000000004,2.0500000000000007,0.2999999999999998,0.067
0.21830000000000002,0.016507500000000005,2.0500000000000003,0.2999999999999998,0.067
0.21835000000000002,0.016832500000000004,2.0,0.2999999999999998,0.066
0.2184,0.017175000000000003,1.9999999999999996,0.2999999999999998,0.066
0.21845,0.017520000000000004,2.0,0.2999999999999998,0.066
0.2185,0.017785000000000006,2.0500000000000003,0.2999999999999998,0.066
0.21855000000000002,0.017905000000000004,2.1,0.2999999999999998,0.066
0.21860000000000002,0.017922500000000004,2.1499999999999995,0.2999999999999998,0.066
0.21865,0.017860000000000004,2.2500000000000004,0.2999999999999998,0.066
0.2187,0.017735000000000004,2.2500000000000004,0.2999999999999998,0.066
0.21875,0.017627500000000004,2.25,0.2999999999999998,0.06499999999999999
0.21880000000000002,0.017540000000000004,2.2500000000000004,0.2999999999999998,0.06499999999999999
0.21885000000000002,0.017432500000000004,2.25,0.2999999999999998,0.06499999999999999
0.2189,0.017347500000000005,2.1999999999999997,0.2999999999999998,0.06499999999999999
0.21895,0.017232500000000005,2.2,0.2999999999999998,0.06499999999999999
0.219,0.017145000000000004,2.2,0.2999999999999998,0.06499999999999999
0.21905000000000002,0.017040000000000003,2.2,0.2999999999999998,0.06499999999999999
0.21910000000000002,0.016950000000000003,2.1999999999999997,0.2999999999999998,0.06499999999999999
0.21915,0.016860000000000003,2.1999999999999997,0.2999999999999998,0.06499999999999999
0.2192,0.016760000000000004,2.2,0.2999999999999998,0.064
0.21925,0.016657500000000006,2.2,0.2999999999999998,0.064
0.21930000000000002,0.016562500000000004,2.15,0.2999999999999998,0.064
0.21935000000000002,0.016442500000000006,2.15,0.2999999999999998,0.064
0.2194,0.016277500000000004,2.15,0.2999999999999998,0.064
0.21945,0.016075000000000002,2.15,0.2999999999999998,0.064
0.2195,0.015822500000000003,2.1500000000000004,0.2999999999999998,0.063
0.21955000000000002,0.015307500000000003,2.1500000000000004,0.2999999999999998,0.063
0.21960000000000002,0.013595000000000003,1.95,0.20000000000000018,0.063
0.21965,0.011260000000000003,1.75,0.20000000000000018,0.062
0.2197,0.008787500000000002,1.6,0.20000000000000018,0.060000000000000005
0.21975,0.006610000000000001,1.3499999999999999,0.20000000000000018,0.059
0.21980000000000002,0.004927500000000001,1.2,0.10000000000000053,0.056
0.21985000000000002,0.003242500000000001,1.0,0.10000000000000053,0.052
0.2199,0.0016075000000000004,0.85,0.10000000000000053,0.047
0.21995,0.0004725000000000001,0.6,0.10000000000000053,0.039
0.22,0.0,0.35000000000000003,0.0,0.028
0.22005000000000002,0.0,0.0,0.0,0.0
0.22010000000000002,0.0,0.0,0.0,0.0
0.22015,0.0,0.0,0.0,0.0
0.2202,0.0,0.0,0.0,0.0
0.22025,0.0,0.0,0.0,0.0
0.22030000000000002,0.0,0.0,0.0,0.0
0.22035000000000002,0.0,0.0,0.0,0.0
0.2204,0.0,0.0,0.0,0.0
0.22045,0.0,0.0,0.0,0.0
0.2205,0.0012325000000000003,0.3,0.25,0.026
0.22055000000000002,0.0029200000000000007,0.45,0.2999999999999998,0.041999999999999996
0.22060000000000002,0.004822500000000001,0.55,0.2999999999999998,0.053
0.22065,0.006750000000000002,0.7,0.2999999999999998,0.060000000000000005
0.2207,0.008817500000000002,0.7999999999999999,0.2999999999999998,0.06499999999999999
0.22075,0.010810000000000002,0.95,0.2999999999999998,0.068
0.22080000000000002,0.012590000000000004,1.0999999999999999,0.2999999999999998,0.06999999999999998
0.22085000000000002,0.014252500000000003,1.25,0.2999999999999998,0.07100000000000001
0.2209,0.015862500000000005,1.3499999999999999,0.2999999999999998,0.07200000000000001
0.22095,0.017150000000000006,1.5,0.2999999999999998,0.07200000000000001
0.221,0.018442500000000004,1.65,0.2999999999999998,0.07200000000000001
0.22105000000000002,0.019492500000000006,1.75,0.2999999999999998,0.07200000000000001
0.22110000000000002,0.020337500000000005,1.9000000000000004,0.2999999999999998,0.07100000000000001
0.22115,0.020960000000000006,2.0,0.2999999999999998,0.07100000000000001
0.2212,0.021360000000000004,2.15,0.2999999999999998,0.06999999999999998
0.22125,0.021502500000000004,2.25,0.2999999999999998,0.06999999999999998
0.22130000000000002,0.021390000000000006,2.3000000000000003,0.2999999999999998,0.06899999999999999
0.22135000000000002,0.021160000000000005,2.4,0.2999999999999998,0.06899999999999999
0.2214,0.020747500000000006,2.4499999999999997,0.2999999999999998,0.068
0.22145,0.020272500000000006,2.45,0.2999999999999998,0.068
0.2215,0.019787500000000006,2.45,0.2999999999999998,0.067
0.22155,0.019325000000000005,2.45,0.2999999999999998,0.067
0.22160000000000002,0.018842500000000005,2.4,0.2999999999999998,0.066
0.22165,0.018385000000000006,2.3499999999999996,0.2999999999999998,0.066
0.2217,0.017957500000000005,2.3,0.2999999999999998,0.066
0.22175,0.017562500000000005,2.3000000000000003,0.2999999999999998,0.06499999999999999
0.2218,0.017245000000000003,2.2500000000000004,0.2999999999999998,0.06499999999999999
0.22185000000000002,0.018937500000000006,2.4000000000000004,0.2999999999999998,0.06499999999999999
0.22190000000000001,0.016597500000000005,2.2,0.2999999999999998,0.064
0.22195,0.016322500000000004,2.1999999999999997,0.2999999999999998,0.064
0.222,0.016067500000000005,2.15,0.2999999999999998,0.064
0.22205,0.015810000000000005,2.1500000000000004,0.2999999999999998,0.064
0.22210000000000002,0.017670000000000005,2.35,0.2999999999999998,0.063
0.22215000000000001,0.015442500000000003,2.15,0.2999999999999998,0.063
0.2222,0.015440000000000004,2.1499999999999995,0.2999999999999998,0.063
0.22225,0.015405000000000004,2.15,0.2999999999999998,0.063
0.2223,0.015465000000000003,2.099999999999999,0.2999999999999998,0.062
0.22235000000000002,0.017840000000000005,2.25,0.2999999999999998,0.06499999999999999
0.22240000000000001,0.015765000000000005,2.1,0.2999999999999998,0.06499999999999999
0.22245,0.016042500000000005,2.0500000000000007,0.2999999999999998,0.066
0.2225,0.016295000000000004,2.05,0.2999999999999998,0.067
0.22255,0.016577500000000005,2.0500000000000007,0.2999999999999998,0.067
0.22260000000000002,0.019117500000000006,2.2,0.2999999999999998,0.066
0.22265000000000001,0.017275000000000006,2.0,0.2999999999999998,0.066
0.2227,0.017590000000000005,2.0500000000000007,0.2999999999999998,0.066
0.22275,0.017810000000000003,2.1000000000000005,0.2999999999999998,0.066
0.2228,0.017922500000000004,2.1500000000000004,0.2999999999999998,0.066
0.22285000000000002,0.020120000000000006,2.3,0.2999999999999998,0.066
0.22290000000000001,0.017812500000000005,2.2,0.2999999999999998,0.066
0.22295,0.017727500000000004,2.200000000000001,0.2999999999999998,0.066
0.223,0.017602500000000004,2.2,0.2999999999999998,0.06499999999999999
0.22305,0.017490000000000006,2.2,0.2999999999999998,0.06499999999999999
0.22310000000000002,0.019587500000000004,2.3499999999999988,0.2999999999999998,0.06499999999999999
0.22315000000000002,0.017315000000000004,2.1999999999999984,0.2999999999999998,0.06499999999999999
0.2232,0.017215000000000005,2.2,0.2999999999999998,0.06499999999999999
0.22325,0.017107500000000005,2.1999999999999993,0.2999999999999998,0.06499999999999999
0.2233,0.017042500000000006,2.1499999999999995,0.2999999999999998,0.06499999999999999
0.22335000000000002,0.019087500000000004,2.3000000000000007,0.2999999999999998,0.06499999999999999
0.22340000000000002,0.016840000000000004,2.1500000000000004,0.2999999999999998,0.06499999999999999
0.22345,0.016740000000000005,2.1500000000000012,0.2999999999999998,0.064
0.2235,0.016640000000000005,2.1499999999999995,0.2999999999999998,0.064
0.22355,0.016510000000000004,2.1500000000000012,0.2999999999999998,0.064
0.22360000000000002,0.018445000000000003,2.3000000000000007,0.2999999999999998,0.064
0.22365000000000002,0.016222500000000004,2.1500000000000004,0.2999999999999998,0.064
0.2237,0.016017500000000004,2.1499999999999995,0.2999999999999998,0.064
0.22375,0.015720000000000005,2.1000000000000014,0.2999999999999998,0.063
0.2238,0.015027500000000004,2.0500000000000007,0.25,0.063
0.22385000000000002,0.013192500000000003,1.9000000000000021,0.1999999999999993,0.062
0.22390000000000002,0.010755000000000002,1.6999999999999993,0.1999999999999993,0.061
0.22395,0.008340000000000002,1.5500000000000007,0.1999999999999993,0.060000000000000005
0.224,0.0062650000000000015,1.3500000000000014,0.14999999999999947,0.058
0.22405,0.004577500000000001,1.200000000000001,0.09999999999999964,0.055
0.22410000000000002,0.002905000000000001,0.9500000000000011,0.09999999999999964,0.051
0.22415000000000002,0.0013050000000000004,0.8000000000000007,0.09999999999999964,0.045000000000000005
0.2242,0.0003725000000000001,0.5500000000000007,0.09999999999999964,0.037
0.22425,0.0,0.29999999999999893,0.0,0.025
0.2243,0.0,0.0,0.0,0.0
0.22435000000000002,0.0,0.0,0.0,0.0
0.22440000000000002,0.0,0.0,0.0,0.0
0.22445,0.0,0.0,0.0,0.0
0.2245,0.0,0.0,0.0,0.0
0.22455,0.0,0.0,0.0,0.0
0.22460000000000002,0.0,0.0,0.0,0.0
0.22465000000000002,0.0,0.0,0.0,0.0
0.2247,0.0,0.0,0.0,0.0
0.22475,0.0015600000000000004,0.3000000000000007,0.25,0.030000000000000002
0.2248,0.003290000000000001,0.40000000000000036,0.2999999999999998,0.045000000000000005
0.22485000000000002,0.005232500000000001,0.5500000000000007,0.2999999999999998,0.055
0.22490000000000002,0.007190000000000002,0.7000000000000011,0.2999999999999998,0.061
0.22495,0.009235000000000002,0.8000000000000007,0.2999999999999998,0.06499999999999999
0.225,0.011197500000000003,0.9500000000000011,0.2999999999999998,0.068
0.22505,0.012945000000000003,1.1000000000000014,0.2999999999999998,0.06999999999999998
0.22510000000000002,0.014630000000000004,1.2500000000000018,0.2999999999999998,0.07100000000000001
0.22515000000000002,0.016172500000000003,1.3499999999999996,0.2999999999999998,0.07200000000000001
0.2252,0.017425000000000003,1.5,0.2999999999999998,0.07200000000000001
0.22525,0.018650000000000003,1.5999999999999996,0.2999999999999998,0.07200000000000001
0.2253,0.019675000000000005,1.75,0.2999999999999998,0.07200000000000001
0.22535000000000002,0.020487500000000006,1.8999999999999995,0.2999999999999998,0.07100000000000001
0.22540000000000002,0.021040000000000007,1.9999999999999991,0.2999999999999998,0.07100000000000001
0.22545,0.021407500000000006,2.1000000000000005,0.2999999999999998,0.06999999999999998
0.2255,0.021480000000000006,2.25,0.2999999999999998,0.06999999999999998
0.22555,0.021357500000000005,2.3500000000000014,0.2999999999999998,0.06899999999999999
0.22560000000000002,0.021090000000000005,2.3999999999999995,0.2999999999999998,0.06899999999999999
0.22565000000000002,0.020667500000000005,2.45,0.2999999999999998,0.068
0.2257,0.020217500000000006,2.450000000000002,0.2999999999999998,0.068
0.22575,0.019725000000000006,2.4499999999999993,0.2999999999999998,0.067
0.2258,0.019235000000000006,2.450000000000001,0.2999999999999998,0.067
0.22585000000000002,0.018752500000000005,2.3999999999999995,0.2999999999999998,0.066
0.22590000000000002,0.018305000000000005,2.3500000000000005,0.2999999999999998,0.066
0.22595,0.017910000000000006,2.3499999999999996,0.2999999999999998,0.066
0.226,0.017537500000000004,2.3000000000000007,0.2999999999999998,0.06499999999999999
0.22605,0.017160000000000005,2.299999999999998,0.2999999999999998,0.06499999999999999
0.22610000000000002,0.016850000000000004,2.25,0.2999999999999998,0.06499999999999999
0.22615000000000002,0.016557500000000003,2.25,0.2999999999999998,0.064
0.2262,0.016257500000000005,2.1999999999999993,0.2999999999999998,0.064
0.22625,0.016017500000000004,2.2,0.2999999999999998,0.064
0.2263,0.015777500000000003,2.1499999999999995,0.2999999999999998,0.064
0.22635000000000002,0.015555000000000005,2.1500000000000004,0.2999999999999998,0.063
0.22640000000000002,0.015477500000000003,2.1499999999999995,0.2999999999999998,0.063
0.22645,0.015450000000000004,2.1000000000000005,0.2999999999999998,0.063
0.2265,0.015430000000000004,2.0999999999999996,0.2999999999999998,0.063
0.22655,0.015495000000000004,2.1000000000000005,0.2999999999999998,0.063
0.22660000000000002,0.015622500000000004,2.05,0.2999999999999998,0.064
0.22665000000000002,0.015825000000000002,2.0500000000000007,0.2999999999999998,0.066
0.2267,0.016050000000000005,2.0500000000000003,0.2999999999999998,0.067
0.22675,0.016337500000000005,2.05,0.2999999999999998,0.067
0.2268,0.016640000000000005,1.9999999999999996,0.2999999999999998,0.067
0.22685000000000002,0.016977500000000003,2.0000000000000004,0.2999999999999998,0.066
0.22690000000000002,0.017315000000000004,2.0,0.2999999999999998,0.066
0.22695,0.017660000000000006,2.0000000000000004,0.2999999999999998,0.066
0.227,0.017865000000000006,2.05,0.2999999999999998,0.066
0.22705,0.017950000000000004,2.1,0.2999999999999998,0.066
0.22710000000000002,0.017905000000000004,2.1999999999999993,0.2999999999999998,0.066
0.22715000000000002,0.017815000000000004,2.2499999999999996,0.2999999999999998,0.066
0.2272,0.017715000000000005,2.2499999999999996,0.2999999999999998,0.066
0.22725,0.017585000000000003,2.25,0.2999999999999998,0.06499999999999999
0.2273,0.017480000000000006,2.1999999999999997,0.2999999999999998,0.06499999999999999
0.22735000000000002,0.017380000000000003,2.2,0.2999999999999998,0.06499999999999999
0.22740000000000002,0.017290000000000003,2.2,0.2999999999999998,0.06499999999999999
0.22745,0.017177500000000005,2.2,0.2999999999999998,0.06499999999999999
0.2275,0.017102500000000003,2.2,0.2999999999999998,0.06499999999999999
0.22755,0.016997500000000006,2.2,0.2999999999999998,0.06499999999999999
0.22760000000000002,0.016910000000000005,2.2,0.2999999999999998,0.06499999999999999
0.22765000000000002,0.016825000000000003,2.2,0.2999999999999998,0.06499999999999999
0.2277,0.016742500000000004,2.1500000000000004,0.2999999999999998,0.064
0.22775,0.016627500000000003,2.15,0.2999999999999998,0.064
0.2278,0.016510000000000004,2.15,0.2999999999999998,0.064
0.22785000000000002,0.016380000000000006,2.15,0.2999999999999998,0.064
0.22790000000000002,0.016197500000000004,2.15,0.2999999999999998,0.064
0.22795,0.015995000000000006,2.15,0.2999999999999998,0.064
0.228,0.015672500000000002,2.15,0.2999999999999998,0.063
0.22805,0.014707500000000004,2.05,0.20000000000000018,0.063
0.2281,0.012645000000000003,1.85,0.20000000000000018,0.062
0.22815000000000002,0.010195000000000003,1.65,0.20000000000000018,0.061
0.22820000000000001,0.007885000000000001,1.5,0.20000000000000018,0.060000000000000005
0.22825,0.005932500000000001,1.3,0.14999999999999947,0.058
0.2283,0.004205000000000001,1.15,0.09999999999999964,0.055
0.22835,0.0025700000000000007,0.9500000000000001,0.09999999999999964,0.05
0.22840000000000002,0.0010350000000000003,0.75,0.09999999999999964,0.044
0.22845000000000001,0.00027000000000000006,0.5499999999999999,0.04999999999999982,0.03499999999999999
0.2285,0.0,0.25,0.0,0.020999999999999998
0.22855,0.0,0.0,0.0,0.0
0.2286,0.0,0.0,0.0,0.0
0.22865000000000002,0.0,0.0,0.0,0.0
0.22870000000000001,0.0,0.0,0.0,0.0
0.22875,0.0,0.0,0.0,0.0
0.2288,0.0,0.0,0.0,0.0
0.22885,0.0,0.0,0.0,0.0
0.22890000000000002,0.0003725000000000001,0.2,0.20000000000000018,0.011
0.22895000000000001,0.0003725000000000001,0.2,0.20000000000000018,0.011
0.229,0.0019400000000000005,0.35,0.25,0.034
0.22905,0.003692500000000001,0.45,0.2999999999999998,0.047
0.2291,0.005650000000000001,0.6,0.2999999999999998,0.056
0.22915000000000002,0.010037500000000003,0.9,0.2999999999999998,0.066
0.22920000000000001,0.009642500000000002,0.85,0.2999999999999998,0.066
0.22925,0.011585000000000003,1.0,0.2999999999999998,0.06899999999999999
0.2293,0.013280000000000004,1.15,0.2999999999999998,0.06999999999999998
0.22935,0.014950000000000003,1.25,0.2999999999999998,0.07100000000000001
0.22940000000000002,0.018835000000000005,1.5499999999999998,0.2999999999999998,0.07200000000000001
0.22945000000000002,0.017712500000000006,1.5499999999999998,0.2999999999999998,0.07200000000000001
0.2295,0.018885000000000006,1.6500000000000001,0.2999999999999998,0.07200000000000001
0.22955,0.019820000000000004,1.8,0.2999999999999998,0.07200000000000001
0.2296,0.020637500000000007,1.9000000000000001,0.2999999999999998,0.07100000000000001
0.22965000000000002,0.023422500000000006,2.1999999999999997,0.2999999999999998,0.07100000000000001
0.22970000000000002,0.021405000000000004,2.15,0.2999999999999998,0.06999999999999998
0.22975,0.021470000000000006,2.3000000000000003,0.2999999999999998,0.06999999999999998
0.2298,0.021342500000000004,2.35,0.2999999999999998,0.06899999999999999
0.22985,0.021030000000000004,2.45,0.2999999999999998,0.068
0.22990000000000002,0.022745000000000005,2.65,0.2999999999999998,0.068
0.22995000000000002,0.020100000000000007,2.5,0.2999999999999998,0.067
0.23,0.019615000000000004,2.5,0.2999999999999998,0.067
0.23005,0.019117500000000006,2.4499999999999997,0.2999999999999998,0.067
0.2301,0.018672500000000005,2.4000000000000004,0.2999999999999998,0.066
0.23015000000000002,0.020295000000000004,2.55,0.2999999999999998,0.066
0.23020000000000002,0.017802500000000006,2.3499999999999996,0.2999999999999998,0.06499999999999999
0.23025,0.017452500000000003,2.3,0.2999999999999998,0.06499999999999999
0.2303,0.017112500000000003,2.3000000000000003,0.2999999999999998,0.06499999999999999
0.23035,0.016787500000000004,2.2499999999999996,0.2999999999999998,0.06499999999999999
0.23040000000000002,0.018555000000000006,2.3999999999999995,0.2999999999999998,0.064
0.23045000000000002,0.016247500000000005,2.1999999999999997,0.2999999999999998,0.064
0.2305,0.015980000000000005,2.1999999999999997,0.2999999999999998,0.064
0.23055,0.015702500000000005,2.2,0.2999999999999998,0.063
0.2306,0.015505000000000003,2.150000000000001,0.2999999999999998,0.063
0.23065000000000002,0.015452500000000004,2.15,0.2999999999999998,0.063
0.23070000000000002,0.015427500000000004,2.1500000000000004,0.2999999999999998,0.063
0.23075,0.015452500000000004,2.1,0.2999999999999998,0.063
0.2308,0.015490000000000004,2.1,0.2999999999999998,0.063
0.23085,0.015650000000000004,2.1000000000000005,0.2999999999999998,0.06499999999999999
0.23090000000000002,0.015912500000000003,2.05,0.2999999999999998,0.066
0.23095000000000002,0.016150000000000005,2.05,0.2999999999999998,0.067
0.231,0.016395000000000003,2.05,0.2999999999999998,0.067
0.23105,0.016695000000000005,2.05,0.2999999999999998,0.067
0.2311,0.017045000000000005,2.0,0.2999999999999998,0.066
0.23115000000000002,0.017415000000000003,2.0,0.2999999999999998,0.066
0.23120000000000002,0.017687500000000005,2.049999999999999,0.2999999999999998,0.066
0.23125,0.017900000000000006,2.0999999999999996,0.2999999999999998,0.066
0.2313,0.017935000000000003,2.1500000000000004,0.2999999999999998,0.066
0.23135,0.017897500000000004,2.1999999999999993,0.2999999999999998,0.066
0.23140000000000002,0.017787500000000005,2.25,0.2999999999999998,0.066
0.23145000000000002,0.017665000000000004,2.249999999999999,0.2999999999999998,0.06499999999999999
0.2315,0.017582500000000004,2.25,0.2999999999999998,0.06499999999999999
0.23155,0.017467500000000004,2.25,0.2999999999999998,0.06499999999999999
0.2316,0.017365000000000005,2.249999999999999,0.2999999999999998,0.06499999999999999
0.23165000000000002,0.017267500000000005,2.25,0.2999999999999998,0.06499999999999999
0.23170000000000002,0.017190000000000004,2.2,0.2999999999999998,0.06499999999999999
0.23175,0.017080000000000005,2.200000000000001,0.2999999999999998,0.06499999999999999
0.2318,0.016987500000000003,2.1999999999999993,0.2999999999999998,0.06499999999999999
0.23185,0.016882500000000005,2.2,0.2999999999999998,0.06499999999999999
0.23190000000000002,0.016792500000000005,2.2,0.2999999999999998,0.06499999999999999
0.23195000000000002,0.016687500000000004,2.200000000000001,0.2999999999999998,0.064
0.232,0.016585000000000003,2.1999999999999984,0.2999999999999998,0.064
0.23205,0.016470000000000005,2.1999999999999993,0.2999999999999998,0.064
0.2321,0.016335000000000006,2.1499999999999995,0.2999999999999998,0.064
0.23215000000000002,0.016142500000000004,2.1500000000000004,0.2999999999999998,0.064
0.23220000000000002,0.015915000000000006,2.1500000000000004,0.2999999999999998,0.064
0.23225,0.015610000000000004,2.1500000000000004,0.2999999999999998,0.063
0.2323,0.014367500000000004,2.0,0.20000000000000018,0.063
0.23235,0.012157500000000003,1.799999999999999,0.20000000000000018,0.062
0.23240000000000002,0.009712500000000002,1.6500000000000004,0.20000000000000018,0.061
0.23245000000000002,0.0074150000000000015,1.450000000000001,0.20000000000000018,0.059
0.2325,0.005560000000000002,1.2500000000000018,0.15000000000000036,0.057
0.23255,0.003865000000000001,1.1000000000000014,0.10000000000000053,0.054
0.2326,0.0022175000000000007,0.9000000000000004,0.10000000000000053,0.049
0.23265000000000002,0.0008275000000000002,0.75,0.10000000000000053,0.041999999999999996
0.23270000000000002,0.00015750000000000003,0.4999999999999982,0.05000000000000071,0.033
0.23275,0.0,0.1999999999999993,0.0,0.017
0.2328,0.0,0.0,0.0,0.0
0.23285,0.0,0.0,0.0,0.0
0.23290000000000002,0.0,0.0,0.0,0.0
0.23295000000000002,0.0,0.0,0.0,0.0
0.233,0.0,0.0,0.0,0.0
0.23305,0.0,0.0,0.0,0.0
0.2331,0.0,0.0,0.0,0.0
0.23315000000000002,0.0,0.0,0.0,0.0
0.23320000000000002,0.0006775000000000002,0.2500000000000018,0.1999999999999993,0.017
0.23325,0.0022675000000000004,0.40000000000000036,0.2999999999999998,0.037
0.2333,0.004085000000000001,0.5,0.2999999999999998,0.049
0.23335,0.006012500000000001,0.6499999999999986,0.2999999999999998,0.057
0.23340000000000002,0.008057500000000002,0.8000000000000007,0.2999999999999998,0.063
0.23345000000000002,0.010027500000000002,0.9000000000000004,0.2999999999999998,0.067
0.2335,0.011962500000000003,1.0500000000000007,0.2999999999999998,0.06899999999999999
0.23355,0.013637500000000004,1.200000000000001,0.2999999999999998,0.07100000000000001
0.2336,0.015257500000000004,1.25,0.2999999999999998,0.07100000000000001
0.23365000000000002,0.016692500000000002,1.4000000000000004,0.2999999999999998,0.07200000000000001
0.23370000000000002,0.017967500000000004,1.5500000000000007,0.2999999999999998,0.07200000000000001
0.23375,0.019097500000000003,1.6499999999999986,0.2999999999999998,0.07200000000000001
0.2338,0.020002500000000006,1.799999999999999,0.2999999999999998,0.07100000000000001
0.23385,0.020745000000000006,1.8999999999999986,0.2999999999999998,0.07100000000000001
0.23390000000000002,0.021222500000000005,2.049999999999999,0.2999999999999998,0.06999999999999998
0.23395000000000002,0.021465000000000005,2.1500000000000004,0.2999999999999998,0.06999999999999998
0.234,0.021487500000000007,2.250000000000001,0.2999999999999998,0.06899999999999999
0.23405,0.021260000000000005,2.3500000000000005,0.2999999999999998,0.06899999999999999
0.2341,0.020905000000000007,2.4499999999999993,0.2999999999999998,0.068
0.23415000000000002,0.020475000000000004,2.4499999999999993,0.2999999999999998,0.068
0.23420000000000002,0.019992500000000003,2.4499999999999984,0.2999999999999998,0.067
0.23425,0.019492500000000006,2.45,0.2999999999999998,0.067
0.2343,0.019005000000000005,2.3999999999999986,0.2999999999999998,0.067
0.23435,0.018555000000000006,2.3499999999999996,0.2999999999999998,0.066
0.23440000000000003,0.018137500000000004,2.3499999999999996,0.2999999999999998,0.066
0.23445000000000002,0.019805000000000007,2.45,0.2999999999999998,0.06499999999999999
0.23450000000000001,0.017360000000000004,2.3,0.2999999999999998,0.06499999999999999
0.23455,0.017030000000000003,2.250000000000001,0.2999999999999998,0.06499999999999999
0.2346,0.016705000000000005,2.250000000000001,0.2999999999999998,0.064
0.23465,0.016417500000000005,2.2,0.2999999999999998,0.064
0.23470000000000002,0.018192500000000004,2.3500000000000005,0.2999999999999998,0.064
0.23475000000000001,0.015925000000000005,2.1499999999999995,0.2999999999999998,0.064
0.2348,0.015665000000000005,2.1500000000000004,0.2999999999999998,0.063
0.23485,0.015480000000000004,2.1000000000000005,0.2999999999999998,0.063
0.2349,0.015467500000000004,2.1000000000000005,0.2999999999999998,0.063
0.23495000000000002,0.017647500000000003,2.25,0.2999999999999998,0.063
0.23500000000000001,0.015442500000000003,2.05,0.2999999999999998,0.062
0.23505,0.015532500000000005,2.05,0.2999999999999998,0.063
0.2351,0.015682500000000005,2.05,0.2999999999999998,0.06499999999999999
0.23515,0.015895000000000003,2.05,0.2999999999999998,0.066
0.23520000000000002,0.018440000000000005,2.1500000000000004,0.2999999999999998,0.067
0.23525000000000001,0.016455000000000004,2.0,0.2999999999999998,0.067
0.2353,0.016765000000000006,1.9999999999999996,0.2999999999999998,0.067
0.23535,0.017135000000000004,2.0000000000000004,0.2999999999999998,0.066
0.2354,0.017465000000000005,2.0,0.2999999999999998,0.066
0.23545000000000002,0.019970000000000005,2.150000000000001,0.2999999999999998,0.066
0.23550000000000001,0.017917500000000003,2.0500000000000003,0.2999999999999998,0.066
0.23555,0.017932500000000004,2.1500000000000004,0.2999999999999998,0.066
0.2356,0.017870000000000004,2.2000000000000006,0.2999999999999998,0.066
0.23565,0.017742500000000005,2.2,0.2999999999999998,0.066
0.23570000000000002,0.019850000000000007,2.3499999999999996,0.2999999999999998,0.06499999999999999
0.23575000000000002,0.017540000000000004,2.2,0.2999999999999998,0.06499999999999999
0.2358,0.017427500000000005,2.1999999999999997,0.2999999999999998,0.06499999999999999
0.23585,0.017342500000000004,2.2000000000000006,0.2999999999999998,0.06499999999999999
0.2359,0.017240000000000005,2.2,0.2999999999999998,0.06499999999999999
0.23595000000000002,0.019327500000000004,2.3499999999999996,0.2999999999999998,0.06499999999999999
0.23600000000000002,0.017045000000000005,2.2,0.2999999999999998,0.06499999999999999
0.23605,0.016980000000000006,2.1499999999999995,0.2999999999999998,0.06499999999999999
0.2361,0.016887500000000003,2.15,0.2999999999999998,0.06499999999999999
0.23615,0.016787500000000004,2.15,0.2999999999999998,0.06499999999999999
0.23620000000000002,0.018802500000000003,2.3,0.2999999999999998,0.064
0.23625000000000002,0.016572500000000004,2.1500000000000004,0.2999999999999998,0.064
0.2363,0.016447500000000004,2.1500000000000004,0.2999999999999998,0.064
0.23635,0.016287500000000003,2.1500000000000004,0.2999999999999998,0.064
0.2364,0.016117500000000003,2.15,0.2999999999999998,0.064
0.23645000000000002,0.017772500000000004,2.3,0.2999999999999998,0.064
0.23650000000000002,0.015495000000000004,2.1,0.2999999999999998,0.063
0.23655,0.013960000000000004,1.95,0.1999999999999993,0.063
0.2366,0.011650000000000002,1.75,0.1999999999999993,0.062
0.23665,0.009210000000000003,1.6,0.1999999999999993,0.061
0.23670000000000002,0.006927500000000001,1.4,0.1999999999999993,0.059
0.23675000000000002,0.005187500000000001,1.25,0.14999999999999947,0.057
0.2368,0.003512500000000001,1.0499999999999998,0.09999999999999964,0.053
0.23685,0.0018875000000000005,0.85,0.09999999999999964,0.048
0.2369,0.0006150000000000002,0.65,0.09999999999999964,0.041
0.23695000000000002,5.7500000000000015e-05,0.44999999999999996,0.04999999999999982,0.030000000000000002
0.23700000000000002,0.0,0.09999999999999998,0.0,0.009000000000000001
0.23705,0.0,0.0,0.0,0.0
0.2371,0.0,0.0,0.0,0.0
0.23715,0.0,0.0,0.0,0.0
0.23720000000000002,0.0,0.0,0.0,0.0
0.23725000000000002,0.0,0.0,0.0,0.0
0.2373,0.0,0.0,0.0,0.0
0.23735,0.0,0.0,0.0,0.0
0.2374,0.0,0.0,0.0,0.0
0.23745000000000002,0.0009775000000000003,0.25,0.25,0.023
0.23750000000000002,0.0026425000000000008,0.39999999999999997,0.2999999999999998,0.04
0.23755,0.004495000000000001,0.5,0.2999999999999998,0.051
0.2376,0.0064350000000000015,0.65,0.2999999999999998,0.059
0.23765,0.008475000000000002,0.8,0.2999999999999998,0.064
0.23770000000000002,0.010475000000000003,0.8999999999999999,0.2999999999999998,0.067
0.23775000000000002,0.012330000000000002,1.05,0.2999999999999998,0.06999999999999998
0.2378,0.014002500000000003,1.2,0.2999999999999998,0.07100000000000001
0.23785,0.015617500000000005,1.2999999999999998,0.2999999999999998,0.07200000000000001
0.2379,0.016960000000000003,1.45,0.2999999999999998,0.07200000000000001
0.23795000000000002,0.018235000000000005,1.5999999999999999,0.2999999999999998,0.07200000000000001
0.23800000000000002,0.019352500000000005,1.7000000000000002,0.2999999999999998,0.07200000000000001
0.23805,0.020210000000000006,1.85,0.2999999999999998,0.07100000000000001
0.2381,0.020880000000000006,1.95,0.2999999999999998,0.07100000000000001
0.23815,0.021320000000000006,2.0999999999999996,0.2999999999999998,0.06999999999999998
0.23820000000000002,0.021477500000000007,2.1999999999999997,0.2999999999999998,0.06999999999999998
0.23825000000000002,0.021460000000000007,2.3000000000000003,0.2999999999999998,0.06899999999999999
0.2383,0.021215000000000005,2.4,0.2999999999999998,0.06899999999999999
0.23835,0.020855000000000005,2.4499999999999997,0.2999999999999998,0.068
0.2384,0.020412500000000004,2.5,0.2999999999999998,0.068
0.23845000000000002,0.019927500000000004,2.5,0.2999999999999998,0.067
0.23850000000000002,0.019405000000000006,2.45,0.2999999999999998,0.067
0.23855,0.018950000000000005,2.4,0.2999999999999998,0.066
0.2386,0.018480000000000003,2.4,0.2999999999999998,0.066
0.23865,0.018062500000000006,2.3499999999999996,0.2999999999999998,0.066
0.23870000000000002,0.017675000000000003,2.35,0.2999999999999998,0.06499999999999999
0.23875000000000002,0.017292500000000006,2.3000000000000007,0.2999999999999998,0.06499999999999999
0.2388,0.016990000000000005,2.25,0.2999999999999998,0.06499999999999999
0.23885,0.016665000000000003,2.2500000000000004,0.2999999999999998,0.064
0.2389,0.016382500000000005,2.1999999999999997,0.2999999999999998,0.064
0.23895000000000002,0.016110000000000003,2.2,0.2999999999999998,0.064
0.23900000000000002,0.015845000000000005,2.2000000000000006,0.2999999999999998,0.064
0.23905,0.015642500000000004,2.15,0.2999999999999998,0.063
0.2391,0.015477500000000003,2.1500000000000004,0.2999999999999998,0.063
0.23915,0.015450000000000004,2.0999999999999996,0.2999999999999998,0.063
0.23920000000000002,0.015427500000000004,2.1,0.2999999999999998,0.063
0.23925000000000002,0.015430000000000004,2.0999999999999996,0.2999999999999998,0.062
0.2393,0.015552500000000004,2.1,0.2999999999999998,0.064
0.23935,0.015735000000000002,2.0499999999999994,0.2999999999999998,0.06499999999999999
0.2394,0.015970000000000005,2.05,0.2999999999999998,0.066
0.23945000000000002,0.016227500000000006,2.05,0.2999999999999998,0.067
0.23950000000000002,0.016520000000000003,2.05,0.2999999999999998,0.067
0.23955,0.016852500000000003,2.0,0.2999999999999998,0.066
0.2396,0.017212500000000006,2.0,0.2999999999999998,0.066
0.23965,0.017540000000000004,2.0,0.2999999999999998,0.066
0.23970000000000002,0.017825000000000004,2.05,0.2999999999999998,0.066
0.23975000000000002,0.017945000000000006,2.1000000000000005,0.2999999999999998,0.066
0.2398,0.017945000000000006,2.1499999999999995,0.2999999999999998,0.066
0.23985,0.017857500000000005,2.2,0.2999999999999998,0.066
0.2399,0.017765000000000003,2.250000000000001,0.2999999999999998,0.066
0.23995000000000002,0.017657500000000003,2.25,0.2999999999999998,0.06499999999999999
0.24000000000000002,0.017542500000000006,2.25,0.2999999999999998,0.06499999999999999
0.24005,0.017450000000000004,2.2,0.2999999999999998,0.06499999999999999
0.2401,0.017335000000000003,2.1999999999999984,0.2999999999999998,0.06499999999999999
0.24015,0.017247500000000006,2.2,0.2999999999999998,0.06499999999999999
0.24020000000000002,0.017125000000000005,2.1999999999999993,0.2999999999999998,0.06499999999999999
0.24025000000000002,0.017030000000000003,2.1999999999999993,0.2999999999999998,0.06499999999999999
0.2403,0.016930000000000004,2.1999999999999993,0.2999999999999998,0.06499999999999999
0.24035,0.016855000000000005,2.2,0.2999999999999998,0.06499999999999999
0.2404,0.016742500000000004,2.2,0.2999999999999998,0.064
0.24045000000000002,0.016660000000000005,2.1499999999999995,0.2999999999999998,0.064
0.24050000000000002,0.016542500000000005,2.1500000000000012,0.2999999999999998,0.064
0.24055,0.016437500000000004,2.1500000000000004,0.2999999999999998,0.064
0.2406,0.016272500000000006,2.1500000000000004,0.2999999999999998,0.064
0.24065,0.016075000000000002,2.1499999999999995,0.2999999999999998,0.064
0.24070000000000003,0.015842500000000002,2.1500000000000012,0.2999999999999998,0.063
0.24075000000000002,0.015760000000000003,2.1499999999999995,0.2999999999999998,0.063
0.24080000000000001,0.013512500000000004,1.950000000000001,0.20000000000000018,0.062
0.24085,0.011150000000000004,1.75,0.20000000000000018,0.062
0.2409,0.008715000000000002,1.5500000000000007,0.20000000000000018,0.060000000000000005
0.24095000000000003,0.006557500000000002,1.3500000000000014,0.20000000000000018,0.059
0.24100000000000002,0.004827500000000001,1.200000000000001,0.09999999999999964,0.056
0.24105000000000001,0.0031875000000000007,1.0,0.09999999999999964,0.052
0.2411,0.0015625000000000003,0.8499999999999996,0.09999999999999964,0.047
0.24115,0.0004550000000000001,0.5999999999999996,0.09999999999999964,0.039
0.2412,0.0,0.34999999999999964,0.0,0.028
0.24125000000000002,0.0,0.0,0.0,0.0
0.24130000000000001,0.0,0.0,0.0,0.0
0.24135,0.0,0.0,0.0,0.0
0.2414,0.0,0.0,0.0,0.0
0.24145,0.0,0.0,0.0,0.0
0.24150000000000002,0.0,0.0,0.0,0.0
0.24155000000000001,0.0,0.0,0.0,0.0
0.2416,0.0,0.0,0.0,0.0
0.24165,0.0,0.0,0.0,0.0
0.2417,0.0012800000000000003,0.3000000000000007,0.25,0.027
0.24175000000000002,0.005112500000000002,0.6000000000000014,0.3000000000000007,0.053
0.24180000000000001,0.004905000000000001,0.5500000000000007,0.3000000000000007,0.053
0.24185,0.0068375000000000016,0.7000000000000011,0.3000000000000007,0.060000000000000005
0.2419,0.008897500000000003,0.8000000000000007,0.3000000000000007,0.06499999999999999
0.24195,0.010872500000000002,0.9500000000000011,0.3000000000000007,0.068
0.24200000000000002,0.015135000000000004,1.2500000000000018,0.3000000000000007,0.07100000000000001
0.24205000000000002,0.014340000000000004,1.2500000000000018,0.3000000000000007,0.07100000000000001
0.2421,0.015910000000000004,1.3499999999999996,0.3000000000000007,0.07200000000000001
0.24215,0.017230000000000006,1.5,0.3000000000000007,0.07200000000000001
0.2422,0.018487500000000004,1.6500000000000004,0.3000000000000007,0.07200000000000001
0.24225000000000002,0.021912500000000005,1.8999999999999995,0.3000000000000007,0.07200000000000001
0.24230000000000002,0.020410000000000005,1.8999999999999995,0.3000000000000007,0.07100000000000001
0.24235,0.020992500000000004,1.9999999999999991,0.3000000000000007,0.07100000000000001
0.2424,0.021372500000000006,2.1499999999999995,0.3000000000000007,0.06999999999999998
0.24245,0.021527500000000005,2.25,0.3000000000000007,0.06999999999999998
0.24250000000000002,0.023635000000000007,2.500000000000001,0.3000000000000007,0.06899999999999999
0.24255000000000002,0.021147500000000007,2.45,0.3000000000000007,0.06899999999999999
0.2426,0.020752500000000004,2.499999999999999,0.3000000000000007,0.068
0.24265,0.020287500000000003,2.500000000000001,0.3000000000000007,0.068
0.2427,0.019807500000000006,2.5,0.3000000000000007,0.067
0.24275000000000002,0.021400000000000006,2.6000000000000005,0.3000000000000007,0.067
0.24280000000000002,0.018827500000000004,2.45,0.3000000000000007,0.066
0.24285,0.018390000000000004,2.3999999999999995,0.3000000000000007,0.066
0.2429,0.017952500000000003,2.3499999999999996,0.3000000000000007,0.066
0.24295,0.017582500000000004,2.3499999999999996,0.3000000000000007,0.06499999999999999
0.24300000000000002,0.019300000000000005,2.4499999999999984,0.3000000000000007,0.06499999999999999
0.24305000000000002,0.016897500000000003,2.3,0.3000000000000007,0.06499999999999999
0.2431,0.016585000000000003,2.25,0.3000000000000007,0.064
0.24315,0.016327500000000005,2.249999999999999,0.3000000000000007,0.064
0.2432,0.016057500000000002,2.2,0.3000000000000007,0.064
0.24325000000000002,0.017802500000000006,2.3499999999999996,0.3000000000000007,0.064
0.24330000000000002,0.015550000000000003,2.1500000000000004,0.3000000000000007,0.063
0.24335,0.015467500000000004,2.1499999999999995,0.3000000000000007,0.063
0.2434,0.015427500000000004,2.1500000000000004,0.3000000000000007,0.063
0.24345,0.015442500000000003,2.0999999999999996,0.3000000000000007,0.063
0.24350000000000002,0.017710000000000004,2.25,0.3000000000000007,0.064
0.24355000000000002,0.015562500000000003,2.0999999999999996,0.3000000000000007,0.064
0.2436,0.015762500000000006,2.1000000000000005,0.3000000000000007,0.066
0.24365,0.016037500000000003,2.0500000000000003,0.3000000000000007,0.066
0.2437,0.016282500000000005,2.05,0.3000000000000007,0.067
0.24375000000000002,0.018820000000000003,2.1999999999999997,0.3000000000000007,0.067
0.24380000000000002,0.016910000000000005,2.0500000000000003,0.3000000000000007,0.066
0.24385,0.017270000000000004,2.0,0.3000000000000007,0.066
0.2439,0.017597500000000005,2.0500000000000003,0.3000000000000007,0.066
0.24395,0.017830000000000006,2.05,0.3000000000000007,0.066
0.24400000000000002,0.017940000000000005,2.15,0.3000000000000007,0.066
0.24405000000000002,0.017927500000000006,2.1999999999999993,0.3000000000000007,0.066
0.2441,0.017847500000000006,2.2499999999999996,0.3000000000000007,0.066
0.24415,0.017717500000000004,2.2499999999999996,0.3000000000000007,0.066
0.2442,0.017600000000000005,2.25,0.3000000000000007,0.06499999999999999
0.24425000000000002,0.017500000000000005,2.2499999999999996,0.3000000000000007,0.06499999999999999
0.24430000000000002,0.017407500000000003,2.25,0.3000000000000007,0.06499999999999999
0.24435,0.017300000000000003,2.25,0.3000000000000007,0.06499999999999999
0.2444,0.017205000000000005,2.25,0.3000000000000007,0.06499999999999999
0.24445,0.017130000000000003,2.2,0.3000000000000007,0.06499999999999999
0.24450000000000002,0.017005000000000003,2.2,0.3000000000000007,0.06499999999999999
0.24455000000000002,0.016927500000000005,2.2,0.3000000000000007,0.06499999999999999
0.2446,0.016830000000000005,2.2,0.3000000000000007,0.06499999999999999
0.24465,0.016732500000000004,2.2,0.3000000000000007,0.064
0.2447,0.016622500000000005,2.1999999999999997,0.3000000000000007,0.064
0.24475000000000002,0.016512500000000003,2.1999999999999997,0.3000000000000007,0.064
0.24480000000000002,0.016370000000000003,2.1999999999999997,0.3000000000000007,0.064
0.24485,0.016220000000000005,2.15,0.3000000000000007,0.064
0.2449,0.016000000000000004,2.0999999999999996,0.3000000000000007,0.064
0.24495,0.015720000000000005,2.1,0.3000000000000007,0.063
0.24500000000000002,0.014995000000000003,2.05,0.25,0.063
0.24505000000000002,0.013047500000000004,1.85,0.20000000000000018,0.062
0.2451,0.010660000000000003,1.7,0.20000000000000018,0.061
0.24515,0.008235000000000003,1.55,0.20000000000000018,0.060000000000000005
0.2452,0.006185000000000001,1.3499999999999999,0.15000000000000036,0.058
0.24525000000000002,0.004505000000000001,1.15,0.10000000000000053,0.055
0.24530000000000002,0.0028575000000000007,0.9500000000000001,0.10000000000000053,0.051
0.24535,0.0012600000000000003,0.8,0.10000000000000053,0.045000000000000005
0.2454,0.00035500000000000006,0.5499999999999999,0.10000000000000053,0.037
0.24545,0.0,0.3,0.0,0.024
0.24550000000000002,0.0,0.0,0.0,0.0
0.24555000000000002,0.0,0.0,0.0,0.0
0.2456,0.0,0.0,0.0,0.0
0.24565,0.0,0.0,0.0,0.0
0.2457,0.0,0.0,0.0,0.0
0.24575000000000002,0.0,0.0,0.0,0.0
0.24580000000000002,0.0,0.0,0.0,0.0
0.24585,0.0,0.0,0.0,0.0
0.2459,3.500000000000001e-05,0.05,0.04999999999999982,0.003
0.24595,0.0016350000000000004,0.35,0.25,0.031
0.24600000000000002,0.0033675000000000007,0.45,0.3000000000000007,0.045000000000000005
0.24605000000000002,0.0053075000000000015,0.55,0.3000000000000007,0.055
0.2461,0.007270000000000002,0.7,0.3000000000000007,0.061
0.24615,0.009310000000000002,0.7999999999999999,0.3000000000000007,0.066
0.2462,0.011260000000000003,0.95,0.3000000000000007,0.068
0.24625000000000002,0.012995000000000003,1.0999999999999999,0.3000000000000007,0.06999999999999998
0.24630000000000002,0.014662500000000004,1.25,0.3000000000000007,0.07100000000000001
0.24635,0.016207500000000003,1.3499999999999999,0.3000000000000007,0.07200000000000001
0.2464,0.017487500000000003,1.5,0.3000000000000007,0.07200000000000001
0.24645,0.018685000000000004,1.6,0.3000000000000007,0.07200000000000001
0.24650000000000002,0.019720000000000005,1.75,0.3000000000000007,0.07200000000000001
0.24655000000000002,0.020517500000000004,1.9000000000000004,0.3000000000000007,0.07100000000000001
0.2466,0.021050000000000006,2.0,0.3000000000000007,0.07100000000000001
0.24665,0.021415000000000007,2.1,0.3000000000000007,0.06999999999999998
0.2467,0.021497500000000006,2.25,0.3000000000000007,0.06999999999999998
0.24675000000000002,0.021365000000000006,2.35,0.3000000000000007,0.06899999999999999
0.24680000000000002,0.021057500000000007,2.4,0.3000000000000007,0.06899999999999999
0.24685,0.020655000000000007,2.4499999999999997,0.3000000000000007,0.068
0.2469,0.020202500000000005,2.45,0.3000000000000007,0.068
0.24695,0.019680000000000007,2.45,0.3000000000000007,0.067
0.24700000000000003,0.019212500000000004,2.45,0.3000000000000007,0.067
0.24705000000000002,0.020842500000000007,2.5500000000000003,0.3000000000000007,0.066
0.24710000000000001,0.018302500000000006,2.35,0.3000000000000007,0.066
0.24715,0.017890000000000003,2.35,0.3000000000000007,0.066
0.2472,0.017512500000000004,2.3,0.3000000000000007,0.06499999999999999
0.24725000000000003,0.017162500000000004,2.2500000000000004,0.3000000000000007,0.06499999999999999
0.24730000000000002,0.018892500000000003,2.4,0.3000000000000007,0.06499999999999999
0.24735000000000001,0.016540000000000003,2.2,0.3000000000000007,0.064
0.2474,0.016262500000000003,2.1999999999999997,0.3000000000000007,0.064
0.24745,0.015990000000000004,2.1999999999999997,0.3000000000000007,0.064
0.24750000000000003,0.015765000000000005,2.1499999999999995,0.3000000000000007,0.064
0.24755000000000002,0.017662500000000005,2.3000000000000003,0.3000000000000007,0.063
0.24760000000000001,0.015472500000000004,2.1,0.3000000000000007,0.063
0.24765,0.015432500000000004,2.0999999999999996,0.3000000000000007,0.063
0.2477,0.015417500000000004,2.1,0.3000000000000007,0.063
0.24775,0.015492500000000005,2.0499999999999994,0.3000000000000007,0.063
0.24780000000000002,0.017882500000000006,2.2,0.3000000000000007,0.066
0.24785000000000001,0.015825000000000002,2.0500000000000003,0.3000000000000007,0.066
0.2479,0.016060000000000005,2.0500000000000007,0.3000000000000007,0.067
0.24795,0.016342500000000003,2.0,0.3000000000000007,0.067
0.248,0.016662500000000004,2.0,0.3000000000000007,0.067
0.24805000000000002,0.019212500000000004,2.1500000000000004,0.3000000000000007,0.066
0.24810000000000001,0.017330000000000005,2.0,0.3000000000000007,0.066
0.24815,0.017645000000000004,2.0,0.3000000000000007,0.066
0.2482,0.017865000000000006,2.05,0.3000000000000007,0.066
0.24825,0.017955000000000006,2.1000000000000005,0.3000000000000007,0.066
0.24830000000000002,0.020100000000000007,2.3499999999999996,0.3000000000000007,0.066
0.24835000000000002,0.017822500000000005,2.2,0.3000000000000007,0.066
0.2484,0.017682500000000004,2.25,0.3000000000000007,0.066
0.24845,0.017592500000000004,2.2,0.3000000000000007,0.06499999999999999
0.2485,0.017480000000000006,2.2,0.3000000000000007,0.06499999999999999
0.24855000000000002,0.019547500000000006,2.3500000000000005,0.3000000000000007,0.06499999999999999
0.24860000000000002,0.017267500000000005,2.200000000000001,0.3000000000000007,0.06499999999999999
0.24865,0.017170000000000005,2.1999999999999993,0.3000000000000007,0.06499999999999999
0.2487,0.017082500000000004,2.2,0.3000000000000007,0.06499999999999999
0.24875,0.017005000000000003,2.2,0.3000000000000007,0.06499999999999999
0.24880000000000002,0.019087500000000004,2.3499999999999996,0.3000000000000007,0.06499999999999999
0.24885000000000002,0.016850000000000004,2.1499999999999995,0.3000000000000007,0.06499999999999999
0.2489,0.016745000000000003,2.1500000000000004,0.3000000000000007,0.064
0.24895,0.016610000000000003,2.1499999999999995,0.3000000000000007,0.064
0.249,0.016490000000000005,2.1500000000000004,0.3000000000000007,0.064
0.24905000000000002,0.018412500000000005,2.3000000000000007,0.3000000000000007,0.064
0.24910000000000002,0.016200000000000003,2.1500000000000004,0.3000000000000007,0.064
0.24915,0.015967500000000003,2.1499999999999995,0.3000000000000007,0.064
0.2492,0.015647500000000005,2.1500000000000004,0.3000000000000007,0.063
0.24925,0.014660000000000003,2.0500000000000007,0.1999999999999993,0.063
0.24930000000000002,0.012550000000000004,1.799999999999999,0.1999999999999993,0.062
0.24935000000000002,0.010135000000000003,1.6500000000000004,0.1999999999999993,0.061
0.2494,0.007797500000000002,1.450000000000001,0.1999999999999993,0.060000000000000005
0.24945,0.005850000000000002,1.3000000000000007,0.15000000000000036,0.058
0.2495,0.004137500000000001,1.1500000000000004,0.10000000000000053,0.055
0.24955000000000002,0.0024675000000000005,0.9500000000000011,0.10000000000000053,0.05
0.24960000000000002,0.0010050000000000003,0.75,0.10000000000000053,0.044
0.24965,0.00025500000000000007,0.4999999999999982,0.04999999999999982,0.03499999999999999
0.2497,0.0,0.25,0.0,0.020999999999999998
0.24975,0.0,0.0,0.0,0.0
0.24980000000000002,0.0,0.0,0.0,0.0
0.24985000000000002,0.0,0.0,0.0,0.0
0.2499,0.0,0.0,0.0,0.0
0.24995,0.0,0.0,0.0,0.0
0.25,0.0,0.0,0.0,0.0
0.25005,0.0,0.0,0.0,0.0
0.2501,0.0004325000000000001,0.20000000000000107,0.20000000000000018,0.012
0.25015000000000004,0.0021625000000000004,0.34999999999999964,0.25,0.034
0.25020000000000003,0.003980000000000001,0.5000000000000018,0.2999999999999998,0.047
0.25025000000000003,0.003775000000000001,0.45000000000000107,0.2999999999999998,0.047
0.2503,0.005717500000000001,0.5999999999999996,0.2999999999999998,0.056
0.25035,0.007715000000000002,0.75,0.2999999999999998,0.062
0.2504,0.009742500000000003,0.8500000000000014,0.2999999999999998,0.066
0.25045,0.011677500000000002,1.0000000000000018,0.2999999999999998,0.06899999999999999
0.2505,0.013360000000000004,1.1500000000000004,0.2999999999999998,0.06999999999999998
0.25055,0.015015000000000004,1.25,0.2999999999999998,0.07100000000000001
0.2506,0.018910000000000003,1.5500000000000007,0.2999999999999998,0.07200000000000001
0.25065000000000004,0.020155000000000006,1.6999999999999993,0.2999999999999998,0.07200000000000001
0.25070000000000003,0.021275000000000006,1.799999999999999,0.2999999999999998,0.07200000000000001
0.25075000000000003,0.019840000000000003,1.799999999999999,0.2999999999999998,0.07100000000000001
0.2508,0.020672500000000007,1.8999999999999986,0.2999999999999998,0.07100000000000001
0.25085,0.021160000000000005,2.049999999999999,0.2999999999999998,0.07100000000000001
0.2509,0.021392500000000005,2.1500000000000004,0.2999999999999998,0.06999999999999998
0.25095,0.021465000000000005,2.250000000000001,0.2999999999999998,0.06899999999999999
0.251,0.021337500000000006,2.3500000000000005,0.2999999999999998,0.06899999999999999
0.25105,0.021000000000000005,2.4499999999999993,0.2999999999999998,0.068
0.2511,0.022725000000000006,2.6499999999999995,0.2999999999999998,0.068
0.25115,0.022242500000000005,2.6500000000000012,0.2999999999999998,0.067
0.25120000000000003,0.021730000000000006,2.5999999999999996,0.2999999999999998,0.067
0.25125000000000003,0.019122500000000004,2.4499999999999993,0.2999999999999998,0.067
0.2513,0.018652500000000006,2.4000000000000004,0.2999999999999998,0.066
0.25135,0.018212500000000003,2.3499999999999996,0.2999999999999998,0.066
0.2514,0.017805000000000005,2.3499999999999988,0.2999999999999998,0.06499999999999999
0.25145,0.017470000000000003,2.3,0.2999999999999998,0.06499999999999999
0.2515,0.017107500000000005,2.3,0.2999999999999998,0.06499999999999999
0.25155,0.016782500000000006,2.250000000000001,0.2999999999999998,0.06499999999999999
0.2516,0.018527500000000006,2.4000000000000004,0.2999999999999998,0.064
0.25165,0.018242500000000005,2.3500000000000005,0.2999999999999998,0.064
0.25170000000000003,0.017970000000000003,2.3500000000000005,0.2999999999999998,0.064
0.25175000000000003,0.015705000000000004,2.1500000000000004,0.2999999999999998,0.063
0.2518,0.015520000000000004,2.1500000000000004,0.2999999999999998,0.063
0.25185,0.015442500000000003,2.1499999999999995,0.2999999999999998,0.063
0.2519,0.015425000000000005,2.1000000000000005,0.2999999999999998,0.063
0.25195,0.015440000000000004,2.1000000000000005,0.2999999999999998,0.063
0.252,0.015480000000000004,2.1000000000000005,0.2999999999999998,0.063
0.25205,0.015655000000000002,2.05,0.2999999999999998,0.06499999999999999
0.2521,0.018147500000000004,2.1999999999999997,0.2999999999999998,0.067
0.25215,0.018405000000000005,2.1999999999999993,0.2999999999999998,0.067
0.25220000000000004,0.018630000000000004,2.1999999999999997,0.2999999999999998,0.067
0.25225000000000003,0.016705000000000005,1.9999999999999996,0.2999999999999998,0.067
0.2523,0.017037500000000004,2.0000000000000004,0.2999999999999998,0.066
0.25235,0.017415000000000003,2.0,0.2999999999999998,0.066
0.2524,0.017710000000000004,2.0500000000000003,0.2999999999999998,0.066
0.25245,0.017897500000000004,2.1,0.2999999999999998,0.066
0.2525,0.017937500000000006,2.1500000000000004,0.2999999999999998,0.066
0.25255,0.017890000000000003,2.2000000000000006,0.2999999999999998,0.066
0.2526,0.019967500000000006,2.4,0.2999999999999998,0.066
0.25265,0.019865000000000004,2.3999999999999995,0.2999999999999998,0.06499999999999999
0.25270000000000004,0.019770000000000006,2.4,0.2999999999999998,0.06499999999999999
0.25275000000000003,0.017485000000000004,2.2499999999999996,0.2999999999999998,0.06499999999999999
0.2528,0.017377500000000004,2.2500000000000004,0.2999999999999998,0.06499999999999999
0.25285,0.017290000000000003,2.2,0.2999999999999998,0.06499999999999999
0.2529,0.017172500000000004,2.1999999999999997,0.2999999999999998,0.06499999999999999
0.25295,0.017080000000000005,2.2,0.2999999999999998,0.06499999999999999
0.253,0.016975000000000004,2.2,0.2999999999999998,0.06499999999999999
0.25305,0.016905000000000003,2.2,0.2999999999999998,0.06499999999999999
0.2531,0.018937500000000006,2.35,0.2999999999999998,0.06499999999999999
0.25315,0.018835000000000005,2.3500000000000005,0.2999999999999998,0.064
0.25320000000000004,0.018715000000000006,2.3,0.2999999999999998,0.064
0.25325000000000003,0.016497500000000005,2.1500000000000004,0.2999999999999998,0.064
0.2533,0.016340000000000004,2.1500000000000004,0.2999999999999998,0.064
0.25335,0.016137500000000003,2.15,0.2999999999999998,0.064
0.2534,0.015915000000000006,2.15,0.2999999999999998,0.064
0.25345,0.015605000000000004,2.15,0.2999999999999998,0.063
0.2535,0.014300000000000004,2.0,0.20000000000000018,0.063
0.25355,0.012060000000000003,1.8,0.20000000000000018,0.062
0.2536,0.009552500000000002,1.65,0.20000000000000018,0.061
0.25365,0.007282500000000002,1.4,0.20000000000000018,0.059
0.25370000000000004,0.005475000000000002,1.25,0.15000000000000036,0.057
0.25375000000000003,0.003790000000000001,1.0999999999999999,0.09999999999999964,0.054
0.2538,0.0021475000000000005,0.9,0.09999999999999964,0.049
0.25385,0.0007875000000000002,0.7000000000000001,0.09999999999999964,0.041999999999999996
0.2539,0.00013750000000000004,0.5,0.049999999999998934,0.033
0.25395,0.0,0.15000000000000002,0.0,0.016
0.254,0.0,0.0,0.0,0.0
0.25405,0.0,0.0,0.0,0.0
0.2541,0.0,0.0,0.0,0.0
0.25415,0.0,0.0,0.0,0.0
0.25420000000000004,0.0,0.0,0.0,0.0
0.25425000000000003,0.0,0.0,0.0,0.0
0.2543,0.0,0.0,0.0,0.0
0.25435,0.0,0.0,0.0,0.0
0.2544,0.0007475000000000002,0.25,0.25,0.018000000000000002
0.25445,0.0023350000000000007,0.39999999999999997,0.2999999999999998,0.038
0.2545,0.004167500000000001,0.5,0.2999999999999998,0.05
0.25455,0.006107500000000002,0.65,0.2999999999999998,0.058
0.2546,0.010562500000000002,0.95,0.2999999999999998,0.067
0.25465,0.012602500000000003,1.05,0.2999999999999998,0.06899999999999999
0.25470000000000004,0.014512500000000003,1.2,0.2999999999999998,0.07100000000000001
0.25475000000000003,0.013710000000000003,1.2,0.2999999999999998,0.07100000000000001
0.2548,0.015335000000000003,1.2999999999999998,0.2999999999999998,0.07100000000000001
0.25485,0.016767500000000005,1.45,0.2999999999999998,0.07200000000000001
0.2549,0.018042500000000003,1.5999999999999999,0.2999999999999998,0.07200000000000001
0.25495,0.019165000000000005,1.7000000000000002,0.2999999999999998,0.07200000000000001
0.255,0.020035000000000004,1.85,0.2999999999999998,0.07100000000000001
0.25505,0.020805000000000004,1.95,0.2999999999999998,0.07100000000000001
0.2551,0.023505000000000005,2.2499999999999996,0.2999999999999998,0.06999999999999998
0.25515,0.023700000000000006,2.3000000000000003,0.2999999999999998,0.06999999999999998
0.25520000000000004,0.023685000000000005,2.4000000000000004,0.2999999999999998,0.06899999999999999
0.25525000000000003,0.021245000000000007,2.35,0.2999999999999998,0.06899999999999999
0.2553,0.020910000000000005,2.4,0.2999999999999998,0.068
0.25535,0.020457500000000003,2.45,0.2999999999999998,0.068
0.2554,0.019970000000000005,2.45,0.2999999999999998,0.067
0.25545,0.019487500000000005,2.4499999999999997,0.2999999999999998,0.067
0.2555,0.018987500000000004,2.3999999999999995,0.2999999999999998,0.067
0.25555,0.018537500000000005,2.35,0.2999999999999998,0.066
0.2556,0.020180000000000003,2.5,0.2999999999999998,0.066
0.25565,0.019782500000000005,2.4499999999999997,0.2999999999999998,0.06499999999999999
0.25570000000000004,0.019417500000000004,2.4000000000000004,0.2999999999999998,0.06499999999999999
0.25575000000000003,0.016997500000000006,2.25,0.2999999999999998,0.06499999999999999
0.2558,0.016715000000000004,2.1999999999999997,0.2999999999999998,0.064
0.25585,0.016415000000000003,2.2,0.2999999999999998,0.064
0.2559,0.016147500000000006,2.1999999999999997,0.2999999999999998,0.064
0.25595,0.015895000000000003,2.15,0.2999999999999998,0.064
0.256,0.015660000000000004,2.1500000000000004,0.2999999999999998,0.063
0.25605,0.015475000000000004,2.1000000000000005,0.2999999999999998,0.063
0.2561,0.017652500000000005,2.3000000000000003,0.2999999999999998,0.063
0.25615,0.017632500000000006,2.3,0.2999999999999998,0.063
0.25620000000000004,0.017705000000000005,2.25,0.2999999999999998,0.063
0.25625000000000003,0.017785000000000006,2.2499999999999996,0.2999999999999998,0.06499999999999999
0.25630000000000003,0.015697500000000003,2.0999999999999996,0.2999999999999998,0.06499999999999999
0.25635,0.015932500000000006,2.0999999999999996,0.2999999999999998,0.066
0.2564,0.016207500000000003,2.05,0.2999999999999998,0.067
0.25645,0.016482500000000004,2.05,0.2999999999999998,0.067
0.2565,0.016815000000000004,2.05,0.2999999999999998,0.066
0.25655,0.017152500000000005,2.05,0.2999999999999998,0.066
0.2566,0.019695000000000004,2.1999999999999993,0.2999999999999998,0.066
0.25665,0.019965000000000004,2.200000000000001,0.2999999999999998,0.066
0.25670000000000004,0.020122500000000005,2.25,0.2999999999999998,0.066
0.25675000000000003,0.020162500000000003,2.3500000000000005,0.2999999999999998,0.066
0.25680000000000003,0.017842500000000004,2.25,0.2999999999999998,0.066
0.25685,0.017752500000000004,2.2,0.2999999999999998,0.066
0.2569,0.017647500000000003,2.1999999999999993,0.2999999999999998,0.06499999999999999
0.25695,0.017532500000000003,2.2,0.2999999999999998,0.06499999999999999
0.257,0.017427500000000005,2.2,0.2999999999999998,0.06499999999999999
0.25705,0.017342500000000004,2.2,0.2999999999999998,0.06499999999999999
0.2571,0.017237500000000003,2.2,0.2999999999999998,0.06499999999999999
0.25715,0.019320000000000004,2.3500000000000005,0.2999999999999998,0.06499999999999999
0.25720000000000004,0.019240000000000004,2.299999999999999,0.2999999999999998,0.06499999999999999
0.25725000000000003,0.019125000000000003,2.299999999999999,0.2999999999999998,0.06499999999999999
0.25730000000000003,0.016882500000000005,2.1499999999999995,0.2999999999999998,0.06499999999999999
0.25735,0.016772500000000003,2.1499999999999995,0.2999999999999998,0.06499999999999999
0.2574,0.016685000000000005,2.1500000000000004,0.2999999999999998,0.064
0.25745,0.016557500000000003,2.1499999999999986,0.2999999999999998,0.064
0.2575,0.016412500000000003,2.1499999999999995,0.2999999999999998,0.064
0.25755,0.016295000000000004,2.1499999999999995,0.2999999999999998,0.064
0.2576,0.016095000000000005,2.1500000000000004,0.2999999999999998,0.064
0.25765,0.017725000000000005,2.250000000000001,0.2999999999999998,0.064
0.2577,0.016135000000000004,2.1000000000000005,0.2999999999999998,0.063
0.25775000000000003,0.013985000000000004,1.950000000000001,0.20000000000000107,0.063
0.25780000000000003,0.011557500000000004,1.75,0.20000000000000107,0.062
0.25785,0.009117500000000002,1.5999999999999996,0.20000000000000107,0.061
0.2579,0.006887500000000002,1.4000000000000004,0.20000000000000107,0.059
0.25795,0.005125000000000001,1.2500000000000018,0.15000000000000036,0.056
0.258,0.0034400000000000008,1.0,0.09999999999999964,0.053
0.25805,0.0018300000000000005,0.8499999999999996,0.09999999999999964,0.048
0.2581,0.0005725000000000001,0.6500000000000004,0.09999999999999964,0.04
0.25815,3.250000000000001e-05,0.4499999999999993,0.04999999999999982,0.030000000000000002
0.2582,0.0,0.049999999999998934,0.0,0.007
0.25825000000000004,0.0,0.0,0.0,0.0
0.25830000000000003,0.0,0.0,0.0,0.0
0.25835,0.0,0.0,0.0,0.0
0.2584,0.0,0.0,0.0,0.0
0.25845,0.0,0.0,0.0,0.0
0.2585,0.0,0.0,0.0,0.0
0.25855,0.0,0.0,0.0,0.0
0.2586,0.0,0.0,0.0,0.0
0.25865,0.0028450000000000007,0.40000000000000036,0.2999999999999998,0.041
0.2587,0.004790000000000001,0.5500000000000007,0.2999999999999998,0.052
0.25875000000000004,0.006842500000000001,0.6499999999999986,0.2999999999999998,0.059
0.25880000000000003,0.006512500000000002,0.6499999999999986,0.2999999999999998,0.059
0.25885,0.008565000000000001,0.8000000000000007,0.2999999999999998,0.064
0.2589,0.010555000000000002,0.9000000000000004,0.2999999999999998,0.067
0.25895,0.012385000000000004,1.0500000000000007,0.2999999999999998,0.06999999999999998
0.259,0.014065000000000003,1.200000000000001,0.2999999999999998,0.07100000000000001
0.25905,0.015660000000000004,1.3000000000000007,0.2999999999999998,0.07200000000000001
0.2591,0.017037500000000004,1.450000000000001,0.2999999999999998,0.07200000000000001
0.25915,0.020660000000000005,1.7500000000000018,0.2999999999999998,0.07200000000000001
0.2592,0.021712500000000006,1.8499999999999996,0.2999999999999998,0.07200000000000001
0.25925000000000004,0.022567500000000004,2.0,0.2999999999999998,0.07100000000000001
0.25930000000000003,0.020920000000000005,1.9499999999999993,0.2999999999999998,0.07100000000000001
0.25935,0.021340000000000005,2.0999999999999988,0.2999999999999998,0.06999999999999998
0.2594,0.021500000000000005,2.1999999999999993,0.2999999999999998,0.06999999999999998
0.25945,0.021425000000000007,2.3000000000000007,0.2999999999999998,0.06899999999999999
0.2595,0.021197500000000005,2.4000000000000004,0.2999999999999998,0.06899999999999999
0.25955,0.020802500000000005,2.4499999999999984,0.2999999999999998,0.068
0.2596,0.020352500000000006,2.450000000000001,0.2999999999999998,0.068
0.25965,0.022025000000000006,2.6000000000000005,0.2999999999999998,0.067
0.2597,0.021505000000000007,2.5999999999999996,0.2999999999999998,0.067
0.25975000000000004,0.021007500000000005,2.5500000000000007,0.2999999999999998,0.066
0.25980000000000003,0.018432500000000004,2.3499999999999996,0.2999999999999998,0.066
0.25985,0.018050000000000004,2.3500000000000005,0.2999999999999998,0.066
0.2599,0.017672500000000004,2.3,0.2999999999999998,0.06499999999999999
0.25995,0.017277500000000005,2.3000000000000016,0.2999999999999998,0.06499999999999999
0.26,0.016965000000000004,2.25,0.2999999999999998,0.06499999999999999
0.26005,0.016642500000000005,2.25,0.2999999999999998,0.064
0.2601,0.016367500000000004,2.1999999999999993,0.2999999999999998,0.064
0.26015,0.018122500000000003,2.3499999999999996,0.2999999999999998,0.064
0.2602,0.017885000000000005,2.3,0.2999999999999998,0.064
0.26025000000000004,0.017707500000000004,2.3,0.2999999999999998,0.063
0.26030000000000003,0.015482500000000003,2.1499999999999995,0.2999999999999998,0.063
0.26035,0.015452500000000004,2.0999999999999996,0.2999999999999998,0.063
0.2604,0.015417500000000004,2.0999999999999996,0.2999999999999998,0.063
0.26045,0.015447500000000005,2.0999999999999996,0.2999999999999998,0.062
0.2605,0.015582500000000004,2.05,0.2999999999999998,0.064
0.26055,0.015757500000000004,2.05,0.2999999999999998,0.06499999999999999
0.2606,0.015982500000000004,2.05,0.2999999999999998,0.066
0.26065,0.018485000000000005,2.2000000000000006,0.2999999999999998,0.067
0.2607,0.018775000000000003,2.1499999999999995,0.2999999999999998,0.067
0.26075000000000004,0.019092500000000005,2.15,0.2999999999999998,0.066
0.26080000000000003,0.017212500000000006,1.9999999999999996,0.2999999999999998,0.066
0.26085,0.017567500000000003,2.0,0.2999999999999998,0.066
0.2609,0.017840000000000005,2.0500000000000003,0.2999999999999998,0.066
0.26095,0.017935000000000003,2.1,0.2999999999999998,0.066
0.261,0.017935000000000003,2.1499999999999995,0.2999999999999998,0.066
0.26105,0.017850000000000005,2.1999999999999997,0.2999999999999998,0.066
0.2611,0.017750000000000005,2.2500000000000004,0.2999999999999998,0.066
0.26115,0.019800000000000005,2.4,0.2999999999999998,0.06499999999999999
0.2612,0.019695000000000004,2.3499999999999996,0.2999999999999998,0.06499999999999999
0.26125000000000004,0.019600000000000006,2.35,0.2999999999999998,0.06499999999999999
0.26130000000000003,0.017320000000000006,2.1999999999999997,0.2999999999999998,0.06499999999999999
0.26135,0.017200000000000003,2.2,0.2999999999999998,0.06499999999999999
0.2614,0.017117500000000004,2.2,0.2999999999999998,0.06499999999999999
0.26145,0.017027500000000004,2.2,0.2999999999999998,0.06499999999999999
0.2615,0.016955000000000005,2.1999999999999997,0.2999999999999998,0.06499999999999999
0.26155,0.016842500000000003,2.1999999999999997,0.2999999999999998,0.06499999999999999
0.2616,0.016782500000000006,2.1500000000000004,0.2999999999999998,0.064
0.26165,0.018790000000000005,2.3,0.2999999999999998,0.064
0.2617,0.018670000000000006,2.3,0.2999999999999998,0.064
0.26175000000000004,0.018487500000000004,2.3,0.2999999999999998,0.064
0.26180000000000003,0.016250000000000004,2.15,0.2999999999999998,0.064
0.26185,0.016077500000000005,2.15,0.2999999999999998,0.064
0.2619,0.015800000000000005,2.1500000000000004,0.2999999999999998,0.063
0.26195,0.015182500000000003,2.1500000000000004,0.2999999999999998,0.063
0.262,0.013410000000000004,1.95,0.20000000000000018,0.062
0.26205,0.011062500000000003,1.7,0.20000000000000018,0.062
0.2621,0.008607500000000002,1.55,0.20000000000000018,0.060000000000000005
0.26215,0.006452500000000002,1.3499999999999999,0.20000000000000018,0.058
0.2622,0.004747500000000001,1.2,0.10000000000000053,0.056
0.26225000000000004,0.0030725000000000006,1.0,0.10000000000000053,0.052
0.26230000000000003,0.0015100000000000003,0.8,0.10000000000000053,0.046
0.26235,0.0004400000000000001,0.6,0.10000000000000053,0.039
0.2624,0.0,0.35000000000000003,0.0,0.027
0.26245,0.0,0.0,0.0,0.0
0.2625,0.0,0.0,0.0,0.0
0.26255,0.0,0.0,0.0,0.0
0.2626,0.0,0.0,0.0,0.0
0.26265,0.0,0.0,0.0,0.0
0.2627,0.0,0.0,0.0,0.0
0.26275000000000004,0.0,0.0,0.0,0.0
0.26280000000000003,0.0,0.0,0.0,0.0
0.26285000000000003,0.0,0.0,0.0,0.0
0.2629,0.0013600000000000003,0.3,0.25,0.028
0.26295,0.003087500000000001,0.4,0.2999999999999998,0.044
0.263,0.004995000000000001,0.55,0.2999999999999998,0.054
0.26305,0.0069450000000000015,0.7,0.2999999999999998,0.060000000000000005
0.2631,0.008975000000000002,0.7999999999999999,0.2999999999999998,0.06499999999999999
0.26315,0.013422500000000004,1.0999999999999999,0.2999999999999998,0.06999999999999998
0.2632,0.015205000000000003,1.25,0.2999999999999998,0.07100000000000001
0.26325000000000004,0.016840000000000004,1.4,0.2999999999999998,0.07200000000000001
0.26330000000000003,0.018402500000000006,1.5,0.2999999999999998,0.07200000000000001
0.26335000000000003,0.017255000000000003,1.5,0.2999999999999998,0.07200000000000001
0.2634,0.018530000000000005,1.65,0.2999999999999998,0.07200000000000001
0.26345,0.019597500000000004,1.75,0.2999999999999998,0.07200000000000001
0.2635,0.020447500000000004,1.9000000000000004,0.2999999999999998,0.07100000000000001
0.26355,0.020997500000000006,2.0,0.2999999999999998,0.07100000000000001
0.2636,0.021362500000000006,2.15,0.2999999999999998,0.06999999999999998
0.26365,0.021522500000000007,2.25,0.2999999999999998,0.06999999999999998
0.2637,0.023617500000000007,2.5,0.2999999999999998,0.06899999999999999
0.26375000000000004,0.023335000000000005,2.55,0.2999999999999998,0.06899999999999999
0.26380000000000003,0.022900000000000007,2.6,0.2999999999999998,0.068
0.26385000000000003,0.020257500000000005,2.5,0.2999999999999998,0.068
0.2639,0.019800000000000005,2.5,0.2999999999999998,0.067
0.26395,0.019275000000000004,2.45,0.2999999999999998,0.067
0.264,0.018822500000000006,2.4000000000000004,0.2999999999999998,0.066
0.26405,0.018377500000000005,2.4000000000000004,0.2999999999999998,0.066
0.2641,0.017945000000000006,2.35,0.2999999999999998,0.066
0.26415,0.017565000000000004,2.35,0.2999999999999998,0.06499999999999999
0.2642,0.019297500000000006,2.4499999999999997,0.2999999999999998,0.06499999999999999
0.26425000000000004,0.018955000000000003,2.4,0.2999999999999998,0.06499999999999999
0.26430000000000003,0.018627500000000005,2.3999999999999995,0.2999999999999998,0.064
0.26435000000000003,0.016320000000000005,2.1999999999999997,0.2999999999999998,0.064
0.2644,0.016065000000000003,2.1999999999999997,0.2999999999999998,0.064
0.26445,0.015795000000000003,2.1999999999999993,0.2999999999999998,0.064
0.2645,0.015557500000000004,2.15,0.2999999999999998,0.063
0.26455,0.015487500000000005,2.15,0.2999999999999998,0.063
0.2646,0.015435000000000004,2.1499999999999995,0.2999999999999998,0.063
0.26465,0.015450000000000004,2.1,0.2999999999999998,0.063
0.2647,0.017725000000000005,2.2499999999999996,0.2999999999999998,0.064
0.26475,0.017832500000000005,2.25,0.2999999999999998,0.066
0.26480000000000004,0.018062500000000006,2.2000000000000006,0.2999999999999998,0.066
0.26485000000000003,0.016067500000000005,2.0500000000000007,0.2999999999999998,0.066
0.2649,0.016307500000000003,2.05,0.2999999999999998,0.067
0.26495,0.016577500000000005,2.0500000000000007,0.2999999999999998,0.067
0.265,0.016930000000000004,2.000000000000001,0.2999999999999998,0.066
0.26505,0.017275000000000006,2.0,0.2999999999999998,0.066
0.2651,0.017610000000000004,2.0,0.2999999999999998,0.066
0.26515,0.017832500000000005,2.05,0.2999999999999998,0.066
0.2652,0.020152500000000004,2.3,0.2999999999999998,0.066
0.26525,0.020142500000000004,2.3499999999999996,0.2999999999999998,0.066
0.26530000000000004,0.020030000000000006,2.3999999999999995,0.2999999999999998,0.066
0.26535000000000003,0.017707500000000004,2.25,0.2999999999999998,0.066
0.2654,0.017607500000000005,2.25,0.2999999999999998,0.06499999999999999
0.26545,0.017500000000000005,2.250000000000001,0.2999999999999998,0.06499999999999999
0.2655,0.017400000000000006,2.250000000000001,0.2999999999999998,0.06499999999999999
0.26555,0.017297500000000004,2.250000000000001,0.2999999999999998,0.06499999999999999
0.2656,0.017227500000000003,2.1999999999999993,0.2999999999999998,0.06499999999999999
0.26565,0.017115000000000005,2.2,0.2999999999999998,0.06499999999999999
0.2657,0.019172500000000006,2.3500000000000005,0.2999999999999998,0.06499999999999999
0.26575,0.019065000000000006,2.3499999999999996,0.2999999999999998,0.06499999999999999
0.26580000000000004,0.018967500000000005,2.3499999999999996,0.2999999999999998,0.06499999999999999
0.26585000000000003,0.016712500000000005,2.2,0.2999999999999998,0.064
0.2659,0.016627500000000003,2.2,0.2999999999999998,0.064
0.26595,0.016507500000000005,2.2,0.2999999999999998,0.064
0.266,0.016400000000000005,2.1499999999999986,0.2999999999999998,0.064
0.26605,0.016210000000000006,2.1500000000000004,0.2999999999999998,0.064
0.2661,0.015995000000000006,2.1499999999999995,0.2999999999999998,0.064
0.26615,0.015730000000000004,2.1500000000000004,0.2999999999999998,0.063
0.2662,0.015260000000000004,2.0500000000000007,0.25,0.063
0.26625,0.012977500000000003,1.8500000000000014,0.1999999999999993,0.062
0.26630000000000004,0.010497500000000003,1.6999999999999993,0.1999999999999993,0.061
0.26635000000000003,0.008150000000000003,1.5500000000000007,0.1999999999999993,0.060000000000000005
0.2664,0.006127500000000002,1.3500000000000014,0.14999999999999947,0.058
0.26645,0.004440000000000001,1.1500000000000004,0.09999999999999964,0.055
0.2665,0.002790000000000001,0.9500000000000011,0.09999999999999964,0.051
0.26655,0.0012000000000000003,0.8000000000000007,0.09999999999999964,0.045000000000000005
0.2666,0.00033750000000000007,0.5500000000000007,0.09999999999999964,0.037
0.26665,0.0,0.29999999999999893,0.0,0.024
0.2667,0.0,0.0,0.0,0.0
0.26675,0.0,0.0,0.0,0.0
0.26680000000000004,0.0,0.0,0.0,0.0
0.26685000000000003,0.0,0.0,0.0,0.0
0.2669,0.0,0.0,0.0,0.0
0.26695,0.0,0.0,0.0,0.0
0.267,0.0,0.0,0.0,0.0
0.26705,0.0,0.0,0.0,0.0
0.2671,0.00012500000000000003,0.15000000000000036,0.09999999999999964,0.006
0.26715,0.0017050000000000004,0.34999999999999964,0.25,0.031
0.2672,0.0056050000000000015,0.5999999999999996,0.2999999999999998,0.055
0.26725,0.007725000000000002,0.75,0.2999999999999998,0.062
0.26730000000000004,0.009752500000000002,0.9000000000000004,0.2999999999999998,0.066
0.26735000000000003,0.009395000000000002,0.8500000000000014,0.2999999999999998,0.066
0.2674,0.011332500000000002,1.0000000000000018,0.2999999999999998,0.068
0.26745,0.013042500000000004,1.1500000000000004,0.2999999999999998,0.06999999999999998
0.2675,0.014730000000000004,1.200000000000001,0.2999999999999998,0.07100000000000001
0.26755,0.016267500000000004,1.3499999999999996,0.2999999999999998,0.07200000000000001
0.2676,0.017530000000000004,1.5,0.2999999999999998,0.07200000000000001
0.26765,0.018747500000000004,1.5999999999999996,0.2999999999999998,0.07200000000000001
0.2677,0.022055000000000005,1.8999999999999995,0.2999999999999998,0.07200000000000001
0.26775,0.022832500000000006,2.05,0.2999999999999998,0.07100000000000001
0.26780000000000004,0.023335000000000005,2.1499999999999995,0.2999999999999998,0.07100000000000001
0.26785000000000003,0.021417500000000006,2.1000000000000005,0.2999999999999998,0.06999999999999998
0.2679,0.021502500000000004,2.25,0.2999999999999998,0.06999999999999998
0.26795,0.021367500000000005,2.3500000000000014,0.2999999999999998,0.06899999999999999
0.268,0.021040000000000007,2.3999999999999995,0.2999999999999998,0.06899999999999999
0.26805,0.020622500000000005,2.45,0.2999999999999998,0.068
0.2681,0.020147500000000006,2.450000000000002,0.2999999999999998,0.068
0.26815,0.019670000000000003,2.4499999999999993,0.2999999999999998,0.067
0.2682,0.021295000000000005,2.55,0.2999999999999998,0.067
0.26825,0.020790000000000006,2.55,0.2999999999999998,0.066
0.26830000000000004,0.020392500000000004,2.5,0.2999999999999998,0.066
0.26835000000000003,0.017885000000000005,2.299999999999999,0.2999999999999998,0.066
0.2684,0.017475000000000004,2.3000000000000007,0.2999999999999998,0.06499999999999999
0.26845,0.017157500000000003,2.249999999999999,0.2999999999999998,0.06499999999999999
0.2685,0.016812500000000005,2.25,0.2999999999999998,0.06499999999999999
0.26855,0.016532500000000006,2.2,0.2999999999999998,0.064
0.2686,0.016240000000000004,2.1999999999999993,0.2999999999999998,0.064
0.26865,0.016000000000000004,2.1500000000000004,0.2999999999999998,0.064
0.2687,0.017755000000000003,2.3,0.2999999999999998,0.064
0.26875,0.017687500000000005,2.3000000000000007,0.2999999999999998,0.063
0.26880000000000004,0.017657500000000003,2.25,0.2999999999999998,0.063
0.26885000000000003,0.017635000000000005,2.25,0.2999999999999998,0.063
0.26890000000000003,0.015417500000000004,2.0999999999999996,0.2999999999999998,0.063
0.26895,0.015495000000000004,2.0500000000000007,0.2999999999999998,0.063
0.269,0.015635000000000003,2.05,0.2999999999999998,0.064
0.26905,0.015832500000000003,2.0500000000000007,0.2999999999999998,0.066
0.2691,0.016092500000000003,2.0500000000000003,0.2999999999999998,0.067
0.26915,0.016365000000000005,2.0,0.2999999999999998,0.067
0.2692,0.018902500000000006,2.15,0.2999999999999998,0.067
0.26925,0.019227500000000005,2.1500000000000004,0.2999999999999998,0.066
0.26930000000000004,0.019572500000000007,2.15,0.2999999999999998,0.066
0.26935000000000003,0.019905000000000006,2.1500000000000004,0.2999999999999998,0.066
0.26940000000000003,0.017877500000000004,2.05,0.2999999999999998,0.066
0.26945,0.017937500000000006,2.1,0.2999999999999998,0.066
0.2695,0.017897500000000004,2.1999999999999993,0.2999999999999998,0.066
0.26955,0.017785000000000006,2.1999999999999997,0.2999999999999998,0.066
0.2696,0.017682500000000004,2.2499999999999996,0.2999999999999998,0.066
0.26965,0.017585000000000003,2.2,0.2999999999999998,0.06499999999999999
0.2697,0.019652500000000003,2.3499999999999996,0.2999999999999998,0.06499999999999999
0.26975,0.019555000000000006,2.3500000000000005,0.2999999999999998,0.06499999999999999
0.26980000000000004,0.019457500000000006,2.35,0.2999999999999998,0.06499999999999999
0.26985000000000003,0.019367500000000006,2.35,0.2999999999999998,0.06499999999999999
0.26990000000000003,0.017097500000000005,2.2,0.2999999999999998,0.06499999999999999
0.26995,0.017005000000000003,2.2,0.2999999999999998,0.06499999999999999
0.27,0.016927500000000005,2.1500000000000004,0.2999999999999998,0.06499999999999999
0.27005,0.016822500000000004,2.1500000000000004,0.2999999999999998,0.06499999999999999
0.2701,0.016705000000000005,2.1500000000000004,0.2999999999999998,0.064
0.27015,0.016612500000000006,2.15,0.2999999999999998,0.064
0.2702,0.016505000000000006,2.15,0.2999999999999998,0.064
0.27025,0.018382500000000003,2.3000000000000003,0.2999999999999998,0.064
0.27030000000000004,0.018175000000000004,2.3,0.2999999999999998,0.064
0.27035000000000003,0.017872500000000003,2.3,0.2999999999999998,0.064
0.27040000000000003,0.015627500000000003,2.1,0.2999999999999998,0.063
0.27045,0.014585000000000004,2.0,0.20000000000000018,0.063
0.2705,0.012462500000000003,1.8,0.20000000000000018,0.062
0.27055,0.010030000000000002,1.65,0.20000000000000018,0.061
0.2706,0.007707500000000002,1.45,0.20000000000000018,0.060000000000000005
0.27065,0.005772500000000002,1.3,0.14999999999999947,0.057
0.2707,0.004067500000000001,1.15,0.09999999999999964,0.054
0.27075,0.002407500000000001,0.9,0.09999999999999964,0.05
0.27080000000000004,0.0009375000000000002,0.75,0.09999999999999964,0.043
0.27085000000000004,0.00022250000000000007,0.5,0.04999999999999982,0.034
0.27090000000000003,0.0,0.25,0.0,0.019
0.27095,0.0,0.0,0.0,0.0
0.271,0.0,0.0,0.0,0.0
0.27105,0.0,0.0,0.0,0.0
0.2711,0.0,0.0,0.0,0.0
0.27115,0.0,0.0,0.0,0.0
0.2712,0.0,0.0,0.0,0.0
0.27125,0.0,0.0,0.0,0.0
0.2713,0.0005100000000000001,0.2,0.20000000000000018,0.014
0.27135000000000004,0.0022225000000000005,0.35,0.25,0.03499999999999999
0.27140000000000003,0.0020725000000000006,0.35,0.25,0.03499999999999999
0.27145,0.003852500000000001,0.45,0.3000000000000007,0.048
0.2715,0.0057950000000000015,0.6,0.3000000000000007,0.057
0.27155,0.007792500000000002,0.75,0.3000000000000007,0.063
0.2716,0.009817500000000003,0.85,0.3000000000000007,0.066
0.27165,0.011747500000000003,1.0,0.3000000000000007,0.06899999999999999
0.2717,0.013430000000000003,1.15,0.3000000000000007,0.06999999999999998
0.27175,0.017545000000000005,1.4,0.3000000000000007,0.07200000000000001
0.2718,0.018967500000000005,1.5499999999999998,0.3000000000000007,0.07200000000000001
0.27185000000000004,0.020220000000000005,1.7,0.3000000000000007,0.07200000000000001
0.27190000000000003,0.018990000000000003,1.6500000000000001,0.3000000000000007,0.07200000000000001
0.27195,0.019880000000000005,1.8,0.3000000000000007,0.07100000000000001
0.272,0.020682500000000006,1.9000000000000001,0.3000000000000007,0.07100000000000001
0.27205,0.021175000000000006,2.05,0.3000000000000007,0.07100000000000001
0.2721,0.021430000000000005,2.15,0.3000000000000007,0.06999999999999998
0.27215,0.021467500000000004,2.2500000000000004,0.3000000000000007,0.06899999999999999
0.2722,0.021312500000000005,2.35,0.3000000000000007,0.06899999999999999
0.27225,0.023185000000000004,2.6,0.3000000000000007,0.068
0.2723,0.022720000000000004,2.5999999999999996,0.3000000000000007,0.068
0.27235000000000004,0.022212500000000007,2.65,0.3000000000000007,0.067
0.27240000000000003,0.019572500000000007,2.4499999999999997,0.3000000000000007,0.067
0.27245,0.019117500000000006,2.4499999999999997,0.3000000000000007,0.067
0.2725,0.018625000000000006,2.4000000000000004,0.3000000000000007,0.066
0.27255,0.018190000000000005,2.35,0.3000000000000007,0.066
0.2726,0.017817500000000003,2.3499999999999996,0.3000000000000007,0.06499999999999999
0.27265,0.017437500000000005,2.3,0.3000000000000007,0.06499999999999999
0.2727,0.017077500000000006,2.3000000000000003,0.3000000000000007,0.06499999999999999
0.27275,0.018805000000000006,2.4,0.3000000000000007,0.06499999999999999
0.2728,0.018530000000000005,2.3499999999999996,0.3000000000000007,0.064
0.27285000000000004,0.018232500000000006,2.35,0.3000000000000007,0.064
0.27290000000000003,0.015942500000000005,2.1999999999999997,0.3000000000000007,0.064
0.27295,0.015717500000000002,2.1500000000000004,0.3000000000000007,0.063
0.273,0.015490000000000004,2.150000000000001,0.3000000000000007,0.063
0.27305,0.015467500000000004,2.15,0.3000000000000007,0.063
0.2731,0.015445000000000004,2.1000000000000005,0.3000000000000007,0.063
0.27315,0.015430000000000004,2.1,0.3000000000000007,0.063
0.2732,0.015490000000000004,2.1,0.3000000000000007,0.063
0.27325,0.017917500000000003,2.2,0.3000000000000007,0.066
0.2733,0.018147500000000004,2.2,0.3000000000000007,0.067
0.27335000000000004,0.018415000000000004,2.1999999999999993,0.3000000000000007,0.067
0.27340000000000003,0.016415000000000003,2.05,0.3000000000000007,0.067
0.27345,0.016737500000000006,2.0,0.3000000000000007,0.067
0.2735,0.017080000000000005,2.0,0.3000000000000007,0.066
0.27355,0.017452500000000003,2.0,0.3000000000000007,0.066
0.2736,0.017760000000000005,2.049999999999999,0.3000000000000007,0.066
0.27365,0.017922500000000004,2.0999999999999996,0.3000000000000007,0.066
0.2737,0.017962500000000006,2.1500000000000004,0.3000000000000007,0.066
0.27375,0.020102500000000006,2.3499999999999996,0.3000000000000007,0.066
0.2738,0.020000000000000004,2.3999999999999995,0.3000000000000007,0.066
0.27385000000000004,0.019887500000000006,2.3999999999999995,0.3000000000000007,0.06499999999999999
0.27390000000000003,0.017580000000000005,2.25,0.3000000000000007,0.06499999999999999
0.27395,0.017475000000000004,2.25,0.3000000000000007,0.06499999999999999
0.274,0.017380000000000003,2.2,0.3000000000000007,0.06499999999999999
0.27405,0.017275000000000006,2.2,0.3000000000000007,0.06499999999999999
0.2741,0.017167500000000006,2.2,0.3000000000000007,0.06499999999999999
0.27415,0.017070000000000005,2.200000000000001,0.3000000000000007,0.06499999999999999
0.2742,0.016982500000000005,2.1999999999999993,0.3000000000000007,0.06499999999999999
0.27425,0.019022500000000005,2.3500000000000005,0.3000000000000007,0.06499999999999999
0.2743,0.018925000000000004,2.3500000000000005,0.3000000000000007,0.06499999999999999
0.27435000000000004,0.018840000000000006,2.299999999999999,0.3000000000000007,0.064
0.27440000000000003,0.016587500000000005,2.1499999999999986,0.3000000000000007,0.064
0.27445,0.016480000000000005,2.1499999999999995,0.3000000000000007,0.064
0.2745,0.016337500000000005,2.1499999999999995,0.3000000000000007,0.064
0.27455,0.016137500000000003,2.1500000000000004,0.3000000000000007,0.064
0.2746,0.015910000000000004,2.1500000000000004,0.3000000000000007,0.064
0.27465,0.015577500000000005,2.1500000000000004,0.3000000000000007,0.063
0.2747,0.014200000000000004,2.0,0.20000000000000018,0.063
0.27475,0.011920000000000004,1.799999999999999,0.20000000000000018,0.062
0.2748,0.009447500000000003,1.5999999999999996,0.20000000000000018,0.061
0.27485000000000004,0.007205000000000002,1.4000000000000004,0.20000000000000018,0.059
0.27490000000000003,0.005440000000000001,1.2500000000000018,0.15000000000000036,0.057
0.27495,0.003720000000000001,1.1000000000000014,0.10000000000000053,0.054
0.275,0.0020700000000000007,0.9000000000000004,0.10000000000000053,0.049
0.27505,0.0007350000000000002,0.6500000000000004,0.10000000000000053,0.041999999999999996
0.2751,0.00012000000000000003,0.4499999999999993,0.05000000000000071,0.032
0.27515,0.0,0.15000000000000036,0.0,0.015000000000000001
0.2752,0.0,0.0,0.0,0.0
0.27525,0.0,0.0,0.0,0.0
0.2753,0.0,0.0,0.0,0.0
0.27535000000000004,0.0,0.0,0.0,0.0
0.27540000000000003,0.0,0.0,0.0,0.0
0.27545000000000003,0.0,0.0,0.0,0.0
0.2755,0.0,0.0,0.0,0.0
0.27555,0.0,0.0,0.0,0.0
0.2756,0.0008075000000000002,0.2500000000000018,0.25,0.02
0.27565,0.0024125000000000006,0.40000000000000036,0.2999999999999998,0.038
0.2757,0.004232500000000001,0.5,0.2999999999999998,0.05
0.27575,0.008552500000000003,0.8000000000000007,0.2999999999999998,0.063
0.2758,0.010647500000000002,0.9499999999999993,0.2999999999999998,0.067
0.27585000000000004,0.012687500000000003,1.0500000000000007,0.2999999999999998,0.06899999999999999
0.27590000000000003,0.014600000000000004,1.200000000000001,0.2999999999999998,0.07100000000000001
0.27595000000000003,0.013802500000000004,1.200000000000001,0.2999999999999998,0.07100000000000001
0.276,0.015407500000000005,1.3000000000000007,0.2999999999999998,0.07100000000000001
0.27605,0.016810000000000005,1.450000000000001,0.2999999999999998,0.07200000000000001
0.2761,0.018095000000000003,1.5999999999999996,0.2999999999999998,0.07200000000000001
0.27615,0.019217500000000005,1.700000000000001,0.2999999999999998,0.07200000000000001
0.2762,0.020090000000000004,1.8499999999999996,0.2999999999999998,0.07100000000000001
0.27625,0.023117500000000006,2.0999999999999988,0.2999999999999998,0.07100000000000001
0.2763,0.023525000000000004,2.2499999999999982,0.2999999999999998,0.06999999999999998
0.27635000000000004,0.023732500000000007,2.3499999999999996,0.2999999999999998,0.06999999999999998
0.27640000000000003,0.023680000000000007,2.450000000000001,0.2999999999999998,0.06899999999999999
0.27645000000000003,0.021260000000000005,2.4000000000000004,0.2999999999999998,0.06899999999999999
0.2765,0.020900000000000005,2.4499999999999984,0.2999999999999998,0.068
0.27655,0.020450000000000006,2.5,0.2999999999999998,0.068
0.2766,0.019975000000000007,2.499999999999999,0.2999999999999998,0.067
0.27665,0.019465000000000007,2.500000000000001,0.2999999999999998,0.067
0.2767,0.018985000000000005,2.4499999999999993,0.2999999999999998,0.067
0.27675,0.020622500000000005,2.55,0.2999999999999998,0.066
0.2768,0.020187500000000004,2.500000000000001,0.2999999999999998,0.066
0.27685000000000004,0.019775000000000004,2.500000000000001,0.2999999999999998,0.06499999999999999
0.27690000000000003,0.019435000000000004,2.450000000000001,0.2999999999999998,0.06499999999999999
0.27695000000000003,0.017007500000000005,2.3000000000000007,0.2999999999999998,0.06499999999999999
0.277,0.016710000000000003,2.25,0.2999999999999998,0.064
0.27705,0.016415000000000003,2.25,0.2999999999999998,0.064
0.2771,0.016157500000000005,2.2,0.2999999999999998,0.064
0.27715,0.015905000000000002,2.1999999999999993,0.2999999999999998,0.064
0.2772,0.015635000000000003,2.2,0.2999999999999998,0.063
0.27725,0.015480000000000004,2.1499999999999995,0.2999999999999998,0.063
0.2773,0.017652500000000005,2.3000000000000007,0.2999999999999998,0.063
0.27735000000000004,0.017650000000000006,2.249999999999999,0.2999999999999998,0.063
0.27740000000000004,0.017707500000000004,2.25,0.2999999999999998,0.063
0.27745000000000003,0.015542500000000004,2.0999999999999996,0.2999999999999998,0.063
0.2775,0.015685000000000004,2.0999999999999996,0.2999999999999998,0.06499999999999999
0.27755,0.015940000000000003,2.05,0.2999999999999998,0.066
0.2776,0.016215000000000004,2.0500000000000007,0.2999999999999998,0.067
0.27765,0.016502500000000003,2.0500000000000003,0.2999999999999998,0.067
0.2777,0.016805000000000004,2.05,0.2999999999999998,0.066
0.27775,0.017142500000000005,1.9999999999999996,0.2999999999999998,0.066
0.2778,0.019735000000000006,2.15,0.2999999999999998,0.066
0.27785,0.019987500000000005,2.2000000000000006,0.2999999999999998,0.066
0.27790000000000004,0.020150000000000005,2.25,0.2999999999999998,0.066
0.27795000000000003,0.017957500000000005,2.2,0.2999999999999998,0.066
0.278,0.017880000000000004,2.2500000000000004,0.2999999999999998,0.066
0.27805,0.017762500000000004,2.2500000000000004,0.2999999999999998,0.066
0.2781,0.017635000000000005,2.25,0.2999999999999998,0.06499999999999999
0.27815,0.017522500000000003,2.2500000000000004,0.2999999999999998,0.06499999999999999
0.2782,0.017442500000000003,2.25,0.2999999999999998,0.06499999999999999
0.27825,0.017337500000000006,2.2500000000000004,0.2999999999999998,0.06499999999999999
0.2783,0.019415000000000005,2.4000000000000004,0.2999999999999998,0.06499999999999999
0.27835,0.019322500000000006,2.35,0.2999999999999998,0.06499999999999999
0.27840000000000004,0.019197500000000006,2.35,0.2999999999999998,0.06499999999999999
0.27845000000000003,0.016960000000000003,2.1999999999999997,0.2999999999999998,0.06499999999999999
0.2785,0.016870000000000003,2.1999999999999997,0.2999999999999998,0.06499999999999999
0.27855,0.016777500000000004,2.2,0.2999999999999998,0.06499999999999999
0.2786,0.016660000000000005,2.2,0.2999999999999998,0.064
0.27865,0.016547500000000003,2.2,0.2999999999999998,0.064
0.2787,0.016427500000000005,2.2,0.2999999999999998,0.064
0.27875,0.016275000000000005,2.2,0.2999999999999998,0.064
0.2788,0.018055000000000005,2.25,0.2999999999999998,0.064
0.27885,0.017732500000000005,2.25,0.2999999999999998,0.063
0.27890000000000004,0.016067500000000005,2.1,0.2999999999999998,0.063
0.27895000000000003,0.013790000000000004,1.95,0.1999999999999993,0.063
0.279,0.011475000000000003,1.75,0.1999999999999993,0.062
0.27905,0.009017500000000003,1.6,0.1999999999999993,0.061
0.2791,0.006777500000000001,1.4,0.1999999999999993,0.059
0.27915,0.0050525000000000014,1.25,0.15000000000000036,0.056
0.2792,0.003380000000000001,1.0,0.10000000000000053,0.053
0.27925,0.0017450000000000005,0.85,0.10000000000000053,0.047
0.2793,0.0005000000000000001,0.6,0.10000000000000053,0.04
0.27935,1.5000000000000004e-05,0.35000000000000003,0.0,0.029
0.27940000000000004,0.0,0.0,0.0,0.005
0.27945000000000003,0.0,0.0,0.0,0.0
0.2795,0.0,0.0,0.0,0.0
0.27955,0.0,0.0,0.0,0.0
0.2796,0.0,0.0,0.0,0.0
0.27965,0.0,0.0,0.0,0.0
0.2797,0.0,0.0,0.0,0.0
0.27975,0.0,0.0,0.0,0.0
0.2798,0.0012200000000000004,0.3,0.25,0.024
0.27985,0.002917500000000001,0.45,0.2999999999999998,0.041
0.27990000000000004,0.004867500000000001,0.6000000000000001,0.2999999999999998,0.052
0.27995000000000003,0.0046450000000000016,0.55,0.2999999999999998,0.052
0.28,0.006587500000000001,0.65,0.2999999999999998,0.059
0.28005,0.008632500000000003,0.8,0.2999999999999998,0.064
0.2801,0.010637500000000003,0.8999999999999999,0.2999999999999998,0.068
0.28015,0.012452500000000003,1.05,0.2999999999999998,0.06999999999999998
0.2802,0.014122500000000003,1.2,0.2999999999999998,0.07100000000000001
0.28025,0.015717500000000002,1.2999999999999998,0.2999999999999998,0.07200000000000001
0.2803,0.019437500000000003,1.5999999999999999,0.2999999999999998,0.07200000000000001
0.28035,0.020717500000000007,1.75,0.2999999999999998,0.07200000000000001
0.28040000000000004,0.021770000000000005,1.85,0.2999999999999998,0.07200000000000001
0.28045000000000003,0.020280000000000006,1.85,0.2999999999999998,0.07100000000000001
0.2805,0.020937500000000005,1.95,0.2999999999999998,0.07100000000000001
0.28055,0.021342500000000004,2.0999999999999996,0.2999999999999998,0.06999999999999998
0.2806,0.021492500000000005,2.1999999999999997,0.2999999999999998,0.06999999999999998
0.28065,0.021425000000000007,2.3000000000000003,0.2999999999999998,0.06899999999999999
0.2807,0.021182500000000007,2.4,0.2999999999999998,0.06899999999999999
0.28075,0.020795000000000004,2.4499999999999997,0.2999999999999998,0.068
0.2808,0.022520000000000005,2.6,0.2999999999999998,0.068
0.28085,0.022005000000000007,2.6,0.2999999999999998,0.067
0.28090000000000004,0.021482500000000005,2.6,0.2999999999999998,0.067
0.28095000000000003,0.018877500000000005,2.4,0.2999999999999998,0.066
0.281,0.018427500000000003,2.3499999999999996,0.2999999999999998,0.066
0.28105,0.018032500000000003,2.3499999999999996,0.2999999999999998,0.066
0.2811,0.017657500000000003,2.3000000000000003,0.2999999999999998,0.06499999999999999
0.28115,0.017265000000000006,2.3000000000000007,0.2999999999999998,0.06499999999999999
0.2812,0.016937500000000005,2.25,0.2999999999999998,0.06499999999999999
0.28125,0.016642500000000005,2.2500000000000004,0.2999999999999998,0.064
0.2813,0.018375000000000006,2.35,0.2999999999999998,0.064
0.28135,0.018100000000000005,2.3500000000000005,0.2999999999999998,0.064
0.28140000000000004,0.017850000000000005,2.3,0.2999999999999998,0.064
0.28145000000000003,0.017697500000000005,2.3000000000000003,0.2999999999999998,0.063
0.28150000000000003,0.015465000000000003,2.1,0.2999999999999998,0.063
0.28155,0.015450000000000004,2.0999999999999996,0.2999999999999998,0.063
0.2816,0.015417500000000004,2.1,0.2999999999999998,0.063
0.28165,0.015467500000000004,2.0999999999999996,0.2999999999999998,0.062
0.2817,0.015562500000000003,2.05,0.2999999999999998,0.064
0.28175,0.015752500000000003,2.0499999999999994,0.2999999999999998,0.06499999999999999
0.2818,0.018250000000000006,2.2,0.2999999999999998,0.067
0.28185,0.018520000000000005,2.1499999999999995,0.2999999999999998,0.067
0.28190000000000004,0.018772500000000004,2.1500000000000004,0.2999999999999998,0.067
0.28195000000000003,0.019085000000000005,2.1499999999999995,0.2999999999999998,0.066
0.28200000000000003,0.017217500000000004,2.0,0.2999999999999998,0.066
0.28205,0.017555000000000005,2.0,0.2999999999999998,0.066
0.2821,0.017825000000000004,2.05,0.2999999999999998,0.066
0.28215,0.017947500000000005,2.1000000000000005,0.2999999999999998,0.066
0.2822,0.017927500000000006,2.1499999999999995,0.2999999999999998,0.066
0.28225,0.017850000000000005,2.2,0.2999999999999998,0.066
0.2823,0.019907500000000005,2.4000000000000004,0.2999999999999998,0.066
0.28235,0.019805000000000007,2.3499999999999996,0.2999999999999998,0.06499999999999999
0.28240000000000004,0.019695000000000004,2.3500000000000005,0.2999999999999998,0.06499999999999999
0.28245000000000003,0.019595000000000005,2.3499999999999988,0.2999999999999998,0.06499999999999999
0.28250000000000003,0.017300000000000003,2.1999999999999984,0.2999999999999998,0.06499999999999999
0.28255,0.017210000000000003,2.2,0.2999999999999998,0.06499999999999999
0.2826,0.017107500000000005,2.1999999999999993,0.2999999999999998,0.06499999999999999
0.28265,0.017050000000000003,2.1999999999999993,0.2999999999999998,0.06499999999999999
0.2827,0.016937500000000005,2.1999999999999993,0.2999999999999998,0.06499999999999999
0.28275,0.016880000000000003,2.1500000000000004,0.2999999999999998,0.06499999999999999
0.2828,0.018887500000000005,2.3,0.2999999999999998,0.064
0.28285,0.018765000000000004,2.3000000000000016,0.2999999999999998,0.064
0.28290000000000004,0.018642500000000006,2.3,0.2999999999999998,0.064
0.28295000000000003,0.018505000000000004,2.3000000000000007,0.2999999999999998,0.064
0.28300000000000003,0.016272500000000006,2.1500000000000004,0.2999999999999998,0.064
0.28305,0.016050000000000005,2.1499999999999995,0.2999999999999998,0.064
0.2831,0.015790000000000005,2.1500000000000012,0.2999999999999998,0.063
0.28315,0.015135000000000004,2.1000000000000005,0.2999999999999998,0.063
0.2832,0.013292500000000004,1.9000000000000021,0.20000000000000018,0.062
0.28325,0.010950000000000003,1.6999999999999993,0.20000000000000018,0.062
0.2833,0.008477500000000002,1.5500000000000007,0.20000000000000018,0.060000000000000005
0.28335,0.006367500000000002,1.3500000000000014,0.14999999999999947,0.058
0.28340000000000004,0.004680000000000001,1.200000000000001,0.09999999999999876,0.056
0.28345000000000004,0.0030150000000000008,1.0,0.09999999999999876,0.052
0.28350000000000003,0.0014300000000000003,0.8000000000000007,0.09999999999999876,0.046
0.28355,0.0004150000000000001,0.5999999999999996,0.09999999999999876,0.038
0.2836,0.0,0.34999999999999964,0.0,0.026
0.28365,0.0,0.0,0.0,0.0
0.2837,0.0,0.0,0.0,0.0
0.28375,0.0,0.0,0.0,0.0
0.2838,0.0,0.0,0.0,0.0
0.28385,0.0,0.0,0.0,0.0
0.28390000000000004,0.0,0.0,0.0,0.0
0.28395000000000004,0.0,0.0,0.0,0.0
0.28400000000000003,0.0,0.0,0.0,0.0
0.28405,0.0,0.0,0.0,0.0
0.2841,0.0014400000000000003,0.3000000000000007,0.2499999999999991,0.029
0.28415,0.0031550000000000007,0.40000000000000036,0.2999999999999998,0.044
0.2842,0.005075000000000001,0.5500000000000007,0.2999999999999998,0.054
0.28425,0.007045000000000002,0.7000000000000011,0.2999999999999998,0.061
0.2843,0.009077500000000002,0.8000000000000007,0.2999999999999998,0.06499999999999999
0.28435,0.013515000000000003,1.1000000000000014,0.2999999999999998,0.06999999999999998
0.2844,0.015267500000000003,1.2500000000000018,0.2999999999999998,0.07100000000000001
0.28445000000000004,0.016917500000000005,1.4000000000000004,0.2999999999999998,0.07200000000000001
0.28450000000000003,0.016030000000000003,1.3499999999999996,0.2999999999999998,0.07200000000000001
0.28455,0.017310000000000006,1.5,0.2999999999999998,0.07200000000000001
0.2846,0.018587500000000003,1.6500000000000004,0.2999999999999998,0.07200000000000001
0.28465,0.019640000000000005,1.75,0.2999999999999998,0.07200000000000001
0.2847,0.020450000000000006,1.8999999999999995,0.2999999999999998,0.07100000000000001
0.28475,0.020985000000000004,1.9999999999999991,0.2999999999999998,0.07100000000000001
0.2848,0.021380000000000007,2.1000000000000005,0.2999999999999998,0.06999999999999998
0.28485,0.023725000000000007,2.4000000000000004,0.2999999999999998,0.06999999999999998
0.2849,0.023620000000000006,2.500000000000001,0.2999999999999998,0.06899999999999999
0.28495000000000004,0.023337500000000008,2.55,0.2999999999999998,0.06899999999999999
0.28500000000000003,0.020752500000000004,2.45,0.2999999999999998,0.068
0.28505,0.020235000000000006,2.500000000000001,0.2999999999999998,0.068
0.2851,0.019780000000000006,2.5,0.2999999999999998,0.067
0.28515,0.019272500000000005,2.450000000000001,0.2999999999999998,0.067
0.2852,0.018817500000000004,2.3999999999999995,0.2999999999999998,0.066
0.28525,0.018372500000000003,2.3999999999999995,0.2999999999999998,0.066
0.2853,0.017945000000000006,2.3499999999999996,0.2999999999999998,0.066
0.28535,0.019655000000000006,2.45,0.2999999999999998,0.06499999999999999
0.2854,0.019275000000000004,2.4499999999999984,0.2999999999999998,0.06499999999999999
0.28545000000000004,0.018950000000000005,2.4000000000000004,0.2999999999999998,0.06499999999999999
0.28550000000000003,0.016600000000000004,2.25,0.2999999999999998,0.064
0.28555,0.016320000000000005,2.1999999999999993,0.2999999999999998,0.064
0.2856,0.016035000000000004,2.2,0.2999999999999998,0.064
0.28565,0.015772500000000005,2.1999999999999993,0.2999999999999998,0.064
0.2857,0.015567500000000003,2.1500000000000004,0.2999999999999998,0.063
0.28575,0.015482500000000003,2.1499999999999995,0.2999999999999998,0.063
0.2858,0.015450000000000004,2.1000000000000005,0.2999999999999998,0.063
0.28585,0.017662500000000005,2.25,0.2999999999999998,0.063
0.2859,0.017692500000000003,2.25,0.2999999999999998,0.064
0.28595000000000004,0.017852500000000004,2.25,0.2999999999999998,0.066
0.28600000000000003,0.015792500000000004,2.0500000000000007,0.2999999999999998,0.066
0.28605,0.016055000000000003,2.0500000000000003,0.2999999999999998,0.067
0.2861,0.016330000000000004,2.05,0.2999999999999998,0.067
0.28615,0.016610000000000003,2.0499999999999994,0.2999999999999998,0.067
0.2862,0.016942500000000003,2.0000000000000004,0.2999999999999998,0.066
0.28625,0.017297500000000004,2.0,0.2999999999999998,0.066
0.2863,0.017610000000000004,2.0000000000000004,0.2999999999999998,0.066
0.28635,0.020057500000000006,2.1999999999999997,0.2999999999999998,0.066
0.2864,0.020155000000000006,2.3,0.2999999999999998,0.066
0.28645000000000004,0.020125000000000004,2.349999999999999,0.2999999999999998,0.066
0.28650000000000003,0.017820000000000006,2.2499999999999996,0.2999999999999998,0.066
0.28655,0.017702500000000003,2.2499999999999996,0.2999999999999998,0.066
0.2866,0.017605000000000006,2.25,0.2999999999999998,0.06499999999999999
0.28665,0.017510000000000005,2.2499999999999996,0.2999999999999998,0.06499999999999999
0.2867,0.017407500000000003,2.25,0.2999999999999998,0.06499999999999999
0.28675,0.017325000000000004,2.2,0.2999999999999998,0.06499999999999999
0.2868,0.017207500000000004,2.2,0.2999999999999998,0.06499999999999999
0.28685,0.019275000000000004,2.35,0.2999999999999998,0.06499999999999999
0.2869,0.019172500000000006,2.3500000000000005,0.2999999999999998,0.06499999999999999
0.28695000000000004,0.019085000000000005,2.3499999999999996,0.2999999999999998,0.06499999999999999
0.28700000000000003,0.016835000000000003,2.2,0.2999999999999998,0.06499999999999999
0.28705,0.016742500000000004,2.2,0.2999999999999998,0.064
0.2871,0.016640000000000005,2.1999999999999997,0.2999999999999998,0.064
0.28715,0.016537500000000004,2.15,0.2999999999999998,0.064
0.2872,0.016395000000000003,2.15,0.2999999999999998,0.064
0.28725,0.016200000000000003,2.15,0.2999999999999998,0.064
0.2873,0.016015000000000005,2.15,0.2999999999999998,0.064
0.28735,0.017182500000000003,2.1999999999999997,0.2999999999999998,0.063
0.2874,0.015172500000000004,2.05,0.2499999999999991,0.063
0.28745000000000004,0.012890000000000004,1.85,0.20000000000000018,0.062
0.28750000000000003,0.010385000000000002,1.7,0.20000000000000018,0.061
0.28755000000000003,0.008060000000000001,1.5,0.20000000000000018,0.060000000000000005
0.2876,0.006060000000000001,1.3,0.15000000000000036,0.058
0.28765,0.004367500000000001,1.15,0.10000000000000053,0.055
0.2877,0.0027175000000000007,0.9500000000000001,0.10000000000000053,0.051
0.28775,0.0011400000000000004,0.8,0.10000000000000053,0.045000000000000005
0.2878,0.00031500000000000007,0.5499999999999999,0.05000000000000071,0.036000000000000004
0.28785,0.0,0.3,0.0,0.023
0.2879,0.0,0.0,0.0,0.0
0.28795000000000004,0.0,0.0,0.0,0.0
0.28800000000000003,0.0,0.0,0.0,0.0
0.28805000000000003,0.0,0.0,0.0,0.0
0.2881,0.0,0.0,0.0,0.0
0.28815,0.0,0.0,0.0,0.0
0.2882,0.0,0.0,0.0,0.0
0.28825,0.0,0.0,0.0,0.0
0.2883,0.00021500000000000005,0.15000000000000002,0.15000000000000036,0.008
0.28835,0.003725000000000001,0.5,0.2999999999999998,0.046
0.2884,0.005705000000000002,0.6,0.2999999999999998,0.056
0.28845000000000004,0.007795000000000002,0.75,0.2999999999999998,0.062
0.28850000000000003,0.009862500000000003,0.9,0.2999999999999998,0.066
0.28855000000000003,0.009492500000000003,0.85,0.2999999999999998,0.066
0.2886,0.011420000000000003,1.0,0.2999999999999998,0.06899999999999999
0.28865,0.013122500000000004,1.15,0.2999999999999998,0.06999999999999998
0.2887,0.014807500000000003,1.25,0.2999999999999998,0.07100000000000001
0.28875,0.016315000000000003,1.4,0.2999999999999998,0.07200000000000001
0.2888,0.017585000000000003,1.5499999999999998,0.2999999999999998,0.07200000000000001
0.28885,0.021165000000000007,1.8,0.2999999999999998,0.07200000000000001
0.2889,0.022100000000000005,1.9500000000000002,0.2999999999999998,0.07200000000000001
0.28895000000000004,0.022880000000000005,2.1,0.2999999999999998,0.07100000000000001
0.28900000000000003,0.023372500000000004,2.1999999999999997,0.2999999999999998,0.07100000000000001
0.28905000000000003,0.021412500000000004,2.15,0.2999999999999998,0.06999999999999998
0.2891,0.021495000000000004,2.3000000000000003,0.2999999999999998,0.06999999999999998
0.28915,0.021335000000000007,2.35,0.2999999999999998,0.06899999999999999
0.2892,0.021047500000000004,2.4,0.2999999999999998,0.06899999999999999
0.28925,0.020605000000000005,2.4499999999999997,0.2999999999999998,0.068
0.2893,0.020137500000000006,2.45,0.2999999999999998,0.068
0.28935,0.021812500000000005,2.5999999999999996,0.2999999999999998,0.067
0.2894,0.021245000000000007,2.5500000000000003,0.2999999999999998,0.067
0.28945000000000004,0.020782500000000006,2.5,0.2999999999999998,0.066
0.28950000000000004,0.020335000000000006,2.5,0.2999999999999998,0.066
0.28955000000000003,0.017837500000000006,2.3,0.2999999999999998,0.066
0.2896,0.017465000000000005,2.3,0.2999999999999998,0.06499999999999999
0.28965,0.017122500000000006,2.2500000000000004,0.2999999999999998,0.06499999999999999
0.2897,0.016807500000000003,2.2499999999999996,0.2999999999999998,0.06499999999999999
0.28975,0.016502500000000003,2.2,0.2999999999999998,0.064
0.2898,0.016242500000000003,2.1999999999999997,0.2999999999999998,0.064
0.28985,0.017972500000000006,2.2999999999999994,0.2999999999999998,0.064
0.2899,0.017732500000000005,2.3,0.2999999999999998,0.063
0.28995000000000004,0.017667500000000006,2.3000000000000003,0.2999999999999998,0.063
0.29000000000000004,0.017650000000000006,2.3000000000000003,0.2999999999999998,0.063
0.29005000000000003,0.015425000000000005,2.1500000000000004,0.2999999999999998,0.063
0.2901,0.015427500000000004,2.1,0.2999999999999998,0.063
0.29015,0.015500000000000003,2.1,0.2999999999999998,0.063
0.2902,0.015647500000000005,2.1000000000000005,0.2999999999999998,0.06499999999999999
0.29025,0.015845000000000005,2.1,0.2999999999999998,0.066
0.2903,0.016140000000000005,2.05,0.2999999999999998,0.067
0.29035,0.016387500000000003,2.05,0.2999999999999998,0.067
0.2904,0.018922500000000005,2.1999999999999993,0.2999999999999998,0.067
0.29045000000000004,0.019257500000000004,2.2,0.2999999999999998,0.066
0.29050000000000004,0.019602500000000005,2.1499999999999995,0.2999999999999998,0.066
0.29055000000000003,0.017687500000000005,2.049999999999999,0.2999999999999998,0.066
0.2906,0.017862500000000003,2.0999999999999996,0.2999999999999998,0.066
0.29065,0.017927500000000006,2.1500000000000004,0.2999999999999998,0.066
0.2907,0.017897500000000004,2.1999999999999993,0.2999999999999998,0.066
0.29075,0.017782500000000003,2.2,0.2999999999999998,0.066
0.2908,0.017697500000000005,2.1999999999999993,0.2999999999999998,0.06499999999999999
0.29085,0.017565000000000004,2.2,0.2999999999999998,0.06499999999999999
0.2909,0.019650000000000004,2.3500000000000005,0.2999999999999998,0.06499999999999999
0.29095,0.019557500000000005,2.3500000000000005,0.2999999999999998,0.06499999999999999
0.29100000000000004,0.019460000000000005,2.3499999999999996,0.2999999999999998,0.06499999999999999
0.29105000000000003,0.017190000000000004,2.1999999999999993,0.2999999999999998,0.06499999999999999
0.2911,0.017087500000000005,2.2,0.2999999999999998,0.06499999999999999
0.29115,0.017017500000000005,2.1500000000000004,0.2999999999999998,0.06499999999999999
0.2912,0.016907500000000006,2.1500000000000012,0.2999999999999998,0.06499999999999999
0.29125,0.016802500000000005,2.1499999999999995,0.2999999999999998,0.06499999999999999
0.2913,0.016717500000000003,2.1500000000000004,0.2999999999999998,0.064
0.29135,0.016595000000000006,2.1499999999999995,0.2999999999999998,0.064
0.2914,0.018545000000000006,2.299999999999999,0.2999999999999998,0.064
0.29145,0.018392500000000006,2.3000000000000007,0.2999999999999998,0.064
0.29150000000000004,0.018172500000000005,2.299999999999999,0.2999999999999998,0.064
0.29155000000000003,0.015942500000000005,2.0999999999999996,0.2999999999999998,0.064
0.2916,0.015610000000000004,2.0999999999999996,0.2999999999999998,0.063
0.29165,0.014505000000000004,2.0,0.1999999999999993,0.063
0.2917,0.012380000000000004,1.799999999999999,0.1999999999999993,0.062
0.29175,0.009925000000000003,1.6500000000000004,0.1999999999999993,0.061
0.2918,0.007602500000000002,1.450000000000001,0.1999999999999993,0.060000000000000005
0.29185,0.005712500000000001,1.3000000000000007,0.15000000000000036,0.057
0.2919,0.003960000000000001,1.1500000000000004,0.10000000000000053,0.054
0.29195,0.0023275000000000006,0.9000000000000004,0.10000000000000053,0.049
0.29200000000000004,0.0008975000000000002,0.75,0.10000000000000053,0.043
0.29205000000000003,0.00021500000000000005,0.4999999999999982,0.04999999999999982,0.034
0.2921,0.0,0.25,0.0,0.019
0.29215,0.0,0.0,0.0,0.0
0.2922,0.0,0.0,0.0,0.0
0.29225,0.0,0.0,0.0,0.0
0.2923,0.0,0.0,0.0,0.0
0.29235,0.0,0.0,0.0,0.0
0.2924,0.0,0.0,0.0,0.0
0.29245,0.0,0.0,0.0,0.0
0.29250000000000004,0.0005800000000000001,0.20000000000000107,0.20000000000000018,0.015000000000000001
0.29255000000000003,0.0005600000000000002,0.20000000000000107,0.20000000000000018,0.015000000000000001
0.2926,0.0021325000000000007,0.34999999999999964,0.25,0.036000000000000004
0.29265,0.003922500000000001,0.45000000000000107,0.2999999999999998,0.048
0.2927,0.005862500000000001,0.5999999999999996,0.2999999999999998,0.057
0.29275,0.007872500000000003,0.75,0.2999999999999998,0.063
0.2928,0.009895000000000003,0.8500000000000014,0.2999999999999998,0.067
0.29285,0.011830000000000004,1.0000000000000018,0.2999999999999998,0.06899999999999999
0.2929,0.015985000000000003,1.3000000000000007,0.2999999999999998,0.07100000000000001
0.29295,0.017610000000000004,1.4000000000000004,0.2999999999999998,0.07200000000000001
0.29300000000000004,0.019025000000000004,1.5500000000000007,0.2999999999999998,0.07200000000000001
0.29305000000000003,0.017870000000000004,1.5500000000000007,0.2999999999999998,0.07200000000000001
0.2931,0.019017500000000003,1.6499999999999986,0.2999999999999998,0.07200000000000001
0.29315,0.019912500000000007,1.799999999999999,0.2999999999999998,0.07100000000000001
0.2932,0.020725000000000004,1.8999999999999986,0.2999999999999998,0.07100000000000001
0.29325,0.021215000000000005,2.049999999999999,0.2999999999999998,0.07100000000000001
0.2933,0.021447500000000005,2.1500000000000004,0.2999999999999998,0.06999999999999998
0.29335,0.021472500000000005,2.250000000000001,0.2999999999999998,0.06899999999999999
0.2934,0.023492500000000006,2.5,0.2999999999999998,0.06899999999999999
0.29345,0.023137500000000005,2.5999999999999996,0.2999999999999998,0.068
0.29350000000000004,0.022650000000000007,2.5999999999999988,0.2999999999999998,0.068
0.29355000000000003,0.020055000000000003,2.4499999999999984,0.2999999999999998,0.067
0.2936,0.019545000000000003,2.45,0.2999999999999998,0.067
0.29365,0.019065000000000006,2.4499999999999993,0.2999999999999998,0.067
0.2937,0.018607500000000006,2.4000000000000004,0.2999999999999998,0.066
0.29375,0.018192500000000004,2.3499999999999996,0.2999999999999998,0.066
0.2938,0.017800000000000003,2.3499999999999988,0.2999999999999998,0.06499999999999999
0.29385,0.017412500000000004,2.3,0.2999999999999998,0.06499999999999999
0.2939,0.019130000000000005,2.4000000000000012,0.2999999999999998,0.06499999999999999
0.29395,0.018800000000000004,2.4000000000000004,0.2999999999999998,0.06499999999999999
0.29400000000000004,0.018505000000000004,2.3500000000000005,0.2999999999999998,0.064
0.29405000000000003,0.018207500000000005,2.3500000000000005,0.2999999999999998,0.064
0.29410000000000003,0.015922500000000003,2.1499999999999995,0.2999999999999998,0.064
0.29415,0.015707500000000003,2.1500000000000004,0.2999999999999998,0.063
0.2942,0.015497500000000004,2.1500000000000004,0.2999999999999998,0.063
0.29425,0.015457500000000004,2.1000000000000005,0.2999999999999998,0.063
0.2943,0.015440000000000004,2.1000000000000005,0.2999999999999998,0.063
0.29435,0.015415000000000003,2.1000000000000005,0.2999999999999998,0.063
0.2944,0.017785000000000006,2.25,0.2999999999999998,0.06499999999999999
0.29445,0.017932500000000004,2.2,0.2999999999999998,0.066
0.29450000000000004,0.018145000000000005,2.1999999999999997,0.2999999999999998,0.067
0.29455000000000003,0.018412500000000005,2.1999999999999993,0.2999999999999998,0.067
0.29460000000000003,0.016412500000000003,2.0,0.2999999999999998,0.067
0.29465,0.016727500000000003,1.9999999999999996,0.2999999999999998,0.067
0.2947,0.017102500000000003,2.0000000000000004,0.2999999999999998,0.066
0.29475,0.017442500000000003,2.0,0.2999999999999998,0.066
0.2948,0.017745000000000004,2.0000000000000004,0.2999999999999998,0.066
0.29485,0.017905000000000004,2.1,0.2999999999999998,0.066
0.2949,0.020167500000000005,2.3000000000000003,0.2999999999999998,0.066
0.29495,0.020077500000000005,2.3500000000000005,0.2999999999999998,0.066
0.29500000000000004,0.019977500000000006,2.4,0.2999999999999998,0.066
0.29505000000000003,0.019837500000000004,2.3999999999999995,0.2999999999999998,0.06499999999999999
0.29510000000000003,0.017557500000000004,2.2,0.2999999999999998,0.06499999999999999
0.29515,0.017452500000000003,2.1999999999999997,0.2999999999999998,0.06499999999999999
0.2952,0.017360000000000004,2.2000000000000006,0.2999999999999998,0.06499999999999999
0.29525,0.017242500000000004,2.2,0.2999999999999998,0.06499999999999999
0.2953,0.017152500000000005,2.1999999999999997,0.2999999999999998,0.06499999999999999
0.29535,0.017077500000000006,2.2,0.2999999999999998,0.06499999999999999
0.2954,0.019140000000000004,2.35,0.2999999999999998,0.06499999999999999
0.29545,0.019027500000000006,2.35,0.2999999999999998,0.06499999999999999
0.29550000000000004,0.018955000000000003,2.3,0.2999999999999998,0.06499999999999999
0.29555000000000003,0.018822500000000006,2.3,0.2999999999999998,0.064
0.29560000000000003,0.016595000000000006,2.1500000000000004,0.2999999999999998,0.064
0.29565,0.016485000000000003,2.1500000000000004,0.2999999999999998,0.064
0.2957,0.016320000000000005,2.1500000000000004,0.2999999999999998,0.064
0.29575,0.016145000000000003,2.15,0.2999999999999998,0.064
0.2958,0.015907500000000005,2.15,0.2999999999999998,0.064
0.29585,0.015565000000000004,2.15,0.2999999999999998,0.063
0.2959,0.014272500000000004,2.0,0.20000000000000018,0.063
0.29595,0.011817500000000003,1.75,0.20000000000000018,0.062
0.29600000000000004,0.009360000000000002,1.6,0.20000000000000018,0.061
0.29605000000000004,0.007127500000000002,1.4,0.20000000000000018,0.059
0.29610000000000003,0.005360000000000001,1.25,0.14999999999999947,0.057
0.29615,0.003627500000000001,1.0999999999999999,0.09999999999999876,0.053
0.2962,0.0020075000000000006,0.9,0.09999999999999876,0.048
0.29625,0.0007000000000000002,0.65,0.09999999999999876,0.041
0.2963,9.500000000000002e-05,0.44999999999999996,0.049999999999998934,0.032
0.29635,0.0,0.09999999999999998,0.0,0.013
0.2964,0.0,0.0,0.0,0.0
0.29645,0.0,0.0,0.0,0.0
0.29650000000000004,0.0,0.0,0.0,0.0
0.29655000000000004,0.0,0.0,0.0,0.0
0.29660000000000003,0.0,0.0,0.0,0.0
0.29665,0.0,0.0,0.0,0.0
0.2967,0.0,0.0,0.0,0.0
0.29675,0.0,0.0,0.0,0.0
0.2968,0.0008700000000000002,0.25,0.25,0.020999999999999998
0.29685,0.0025075000000000006,0.39999999999999997,0.2999999999999998,0.039
0.2969,0.004340000000000001,0.5,0.2999999999999998,0.051
0.29695,0.008637500000000003,0.8,0.2999999999999998,0.064
0.29700000000000004,0.010737500000000002,0.95,0.2999999999999998,0.067
0.29705000000000004,0.012770000000000004,1.05,0.2999999999999998,0.06899999999999999
0.29710000000000003,0.012190000000000003,1.05,0.2999999999999998,0.06899999999999999
0.29715,0.013872500000000003,1.2,0.2999999999999998,0.07100000000000001
0.2972,0.015467500000000004,1.2999999999999998,0.2999999999999998,0.07200000000000001
0.29725,0.016865000000000005,1.45,0.2999999999999998,0.07200000000000001
0.2973,0.018142500000000006,1.5999999999999999,0.2999999999999998,0.07200000000000001
0.29735,0.019270000000000006,1.7000000000000002,0.2999999999999998,0.07200000000000001
0.2974,0.020140000000000005,1.85,0.2999999999999998,0.07100000000000001
0.29745,0.023135000000000006,2.0999999999999996,0.2999999999999998,0.07100000000000001
0.2975,0.023550000000000005,2.2499999999999996,0.2999999999999998,0.06999999999999998
0.29755000000000004,0.023717500000000006,2.35,0.2999999999999998,0.06999999999999998
0.29760000000000003,0.021472500000000005,2.3000000000000003,0.2999999999999998,0.06899999999999999
0.29765,0.021252500000000004,2.4,0.2999999999999998,0.06899999999999999
0.2977,0.020900000000000005,2.4499999999999997,0.2999999999999998,0.068
0.29775,0.020435000000000005,2.5,0.2999999999999998,0.068
0.2978,0.019940000000000006,2.5,0.2999999999999998,0.067
0.29785,0.019457500000000006,2.45,0.2999999999999998,0.067
0.2979,0.018967500000000005,2.45,0.2999999999999998,0.067
0.29795,0.020620000000000006,2.55,0.2999999999999998,0.066
0.298,0.020160000000000004,2.5,0.2999999999999998,0.066
0.29805000000000004,0.019792500000000005,2.5000000000000004,0.2999999999999998,0.06499999999999999
0.29810000000000003,0.017362500000000003,2.3000000000000007,0.2999999999999998,0.06499999999999999
0.29815,0.017007500000000005,2.3,0.2999999999999998,0.06499999999999999
0.2982,0.016697500000000004,2.2500000000000004,0.2999999999999998,0.064
0.29825,0.016427500000000005,2.25,0.2999999999999998,0.064
0.2983,0.016155000000000003,2.2,0.2999999999999998,0.064
0.29835,0.015877500000000003,2.2000000000000006,0.2999999999999998,0.064
0.2984,0.015612500000000003,2.15,0.2999999999999998,0.063
0.29845,0.017682500000000004,2.3,0.2999999999999998,0.063
0.2985,0.017645000000000004,2.3000000000000003,0.2999999999999998,0.063
0.29855000000000004,0.017670000000000005,2.2499999999999996,0.2999999999999998,0.063
0.29860000000000003,0.015475000000000004,2.0999999999999996,0.2999999999999998,0.062
0.29865,0.015545000000000003,2.1,0.2999999999999998,0.063
0.2987,0.015732500000000003,2.0999999999999996,0.2999999999999998,0.06499999999999999
0.29875,0.015972500000000004,2.05,0.2999999999999998,0.066
0.2988,0.016230000000000005,2.05,0.2999999999999998,0.067
0.29885,0.016502500000000003,2.05,0.2999999999999998,0.067
0.2989,0.016822500000000004,2.05,0.2999999999999998,0.066
0.29895,0.019390000000000004,2.1500000000000004,0.2999999999999998,0.066
0.299,0.019727500000000005,2.1499999999999995,0.2999999999999998,0.066
0.29905000000000004,0.020002500000000006,2.200000000000001,0.2999999999999998,0.066
0.29910000000000003,0.017935000000000003,2.1000000000000005,0.2999999999999998,0.066
0.29915,0.017945000000000006,2.2,0.2999999999999998,0.066
0.2992,0.017882500000000006,2.25,0.2999999999999998,0.066
0.29925,0.017752500000000004,2.250000000000001,0.2999999999999998,0.066
0.2993,0.017635000000000005,2.25,0.2999999999999998,0.06499999999999999
0.29935,0.017547500000000004,2.25,0.2999999999999998,0.06499999999999999
0.2994,0.017445000000000006,2.25,0.2999999999999998,0.06499999999999999
0.29945,0.019525000000000004,2.4000000000000012,0.2999999999999998,0.06499999999999999
0.2995,0.019447500000000006,2.3499999999999988,0.2999999999999998,0.06499999999999999
0.29955000000000004,0.019312500000000003,2.3499999999999996,0.2999999999999998,0.06499999999999999
0.29960000000000003,0.017057500000000003,2.1999999999999993,0.2999999999999998,0.06499999999999999
0.29965,0.016965000000000004,2.1999999999999993,0.2999999999999998,0.06499999999999999
0.2997,0.016850000000000004,2.2,0.2999999999999998,0.06499999999999999
0.29975,0.016765000000000006,2.2,0.2999999999999998,0.06499999999999999
0.2998,0.016660000000000005,2.1999999999999993,0.2999999999999998,0.064
0.29985,0.016547500000000003,2.200000000000001,0.2999999999999998,0.064
0.2999,0.016437500000000004,2.2,0.2999999999999998,0.064
0.29995,0.018305000000000005,2.299999999999999,0.2999999999999998,0.064
0.3,0.018027500000000005,2.3000000000000016,0.2999999999999998,0.064
0.30005000000000004,0.017730000000000006,2.3,0.2999999999999998,0.063
0.30010000000000003,0.015990000000000004,2.1000000000000005,0.2999999999999998,0.063
0.30015000000000003,0.013712500000000004,1.950000000000001,0.20000000000000107,0.063
0.3002,0.011375000000000003,1.75,0.20000000000000107,0.062
0.30025,0.008912500000000002,1.5999999999999996,0.20000000000000107,0.060000000000000005
0.3003,0.006672500000000001,1.4000000000000004,0.20000000000000107,0.059
0.30035,0.005000000000000001,1.200000000000001,0.15000000000000036,0.056
0.3004,0.003320000000000001,1.0,0.10000000000000053,0.052
0.30045,0.0016425000000000005,0.8499999999999996,0.10000000000000053,0.047
0.3005,0.00048250000000000013,0.5999999999999996,0.10000000000000053,0.04
0.30055000000000004,0.0,0.34999999999999964,0.0,0.029
0.30060000000000003,0.0,0.0,0.0,0.0
0.30065000000000003,0.0,0.0,0.0,0.0
0.3007,0.0,0.0,0.0,0.0
0.30075,0.0,0.0,0.0,0.0
0.3008,0.0,0.0,0.0,0.0
0.30085,0.0,0.0,0.0,0.0
0.3009,0.0,0.0,0.0,0.0
0.30095,0.0,0.0,0.0,0.0
0.301,0.0013000000000000004,0.3000000000000007,0.2500000000000009,0.025
0.30105000000000004,0.003000000000000001,0.45000000000000107,0.3000000000000007,0.041999999999999996
0.30110000000000003,0.004952500000000001,0.6000000000000014,0.3000000000000007,0.053
0.30115000000000003,0.0047300000000000016,0.5500000000000007,0.3000000000000007,0.053
0.3012,0.006677500000000002,0.7000000000000011,0.3000000000000007,0.060000000000000005
0.30125,0.008722500000000003,0.8499999999999996,0.3000000000000007,0.064
0.3013,0.010710000000000003,0.9500000000000011,0.3000000000000007,0.068
0.30135,0.012515000000000004,1.1000000000000014,0.3000000000000007,0.06999999999999998
0.3014,0.014180000000000003,1.2500000000000018,0.3000000000000007,0.07100000000000001
0.30145,0.018202500000000003,1.450000000000001,0.3000000000000007,0.07200000000000001
0.3015,0.019485000000000006,1.5999999999999996,0.3000000000000007,0.07200000000000001
0.30155000000000004,0.020757500000000005,1.7500000000000018,0.3000000000000007,0.07200000000000001
0.30160000000000003,0.021802500000000006,1.8499999999999996,0.3000000000000007,0.07200000000000001
0.30165000000000003,0.020300000000000006,1.8499999999999996,0.3000000000000007,0.07100000000000001
0.3017,0.020945000000000005,1.9499999999999993,0.3000000000000007,0.07100000000000001
0.30175,0.021362500000000006,2.0999999999999988,0.3000000000000007,0.06999999999999998
0.3018,0.021500000000000005,2.1999999999999993,0.3000000000000007,0.06999999999999998
0.30185,0.021417500000000006,2.3000000000000007,0.3000000000000007,0.06899999999999999
0.3019,0.021160000000000005,2.4000000000000004,0.3000000000000007,0.06899999999999999
0.30195,0.022950000000000005,2.5999999999999996,0.3000000000000007,0.068
0.302,0.022467500000000005,2.6000000000000005,0.3000000000000007,0.068
0.30205000000000004,0.021962500000000006,2.6000000000000005,0.3000000000000007,0.067
0.30210000000000004,0.021460000000000007,2.5999999999999996,0.3000000000000007,0.067
0.30215000000000003,0.018845000000000004,2.4000000000000004,0.3000000000000007,0.066
0.3022,0.018405000000000005,2.3499999999999996,0.3000000000000007,0.066
0.30225,0.018002500000000005,2.3500000000000005,0.3000000000000007,0.066
0.3023,0.017610000000000004,2.3,0.3000000000000007,0.06499999999999999
0.30235,0.017255000000000003,2.249999999999999,0.3000000000000007,0.06499999999999999
0.3024,0.016915000000000003,2.25,0.3000000000000007,0.06499999999999999
0.30245,0.018655000000000005,2.3499999999999996,0.3000000000000007,0.064
0.3025,0.018367500000000005,2.3499999999999996,0.3000000000000007,0.064
0.30255000000000004,0.018105000000000003,2.3,0.3000000000000007,0.064
0.30260000000000004,0.017845000000000003,2.3,0.3000000000000007,0.064
0.30265000000000003,0.015605000000000004,2.1500000000000004,0.3000000000000007,0.063
0.3027,0.015470000000000005,2.0999999999999988,0.3000000000000007,0.063
0.30275,0.015447500000000005,2.0999999999999996,0.3000000000000007,0.063
0.3028,0.015417500000000004,2.0999999999999996,0.3000000000000007,0.063
0.30285,0.015467500000000004,2.05,0.3000000000000007,0.062
0.3029,0.015577500000000005,2.05,0.3000000000000007,0.064
0.30295,0.018022500000000004,2.2,0.3000000000000007,0.066
0.303,0.018277500000000006,2.2,0.3000000000000007,0.067
0.30305000000000004,0.018542500000000003,2.15,0.3000000000000007,0.067
0.30310000000000004,0.018772500000000004,2.1499999999999995,0.3000000000000007,0.067
0.30315000000000003,0.016880000000000003,2.0,0.3000000000000007,0.066
0.3032,0.017262500000000004,1.9999999999999996,0.3000000000000007,0.066
0.30325,0.017575000000000004,2.0,0.3000000000000007,0.066
0.3033,0.017847500000000006,2.0500000000000003,0.3000000000000007,0.066
0.30335,0.017937500000000006,2.1,0.3000000000000007,0.066
0.3034,0.017915000000000004,2.1499999999999995,0.3000000000000007,0.066
0.30345,0.017840000000000005,2.1999999999999997,0.3000000000000007,0.066
0.3035,0.019912500000000007,2.4000000000000004,0.3000000000000007,0.066
0.30355000000000004,0.019810000000000005,2.35,0.3000000000000007,0.06499999999999999
0.30360000000000004,0.019680000000000007,2.3499999999999996,0.3000000000000007,0.06499999999999999
0.30365000000000003,0.017392500000000005,2.2,0.3000000000000007,0.06499999999999999
0.3037,0.017310000000000006,2.1999999999999997,0.3000000000000007,0.06499999999999999
0.30375,0.017210000000000003,2.2,0.3000000000000007,0.06499999999999999
0.3038,0.017132500000000005,2.2,0.3000000000000007,0.06499999999999999
0.30385,0.017027500000000004,2.2,0.3000000000000007,0.06499999999999999
0.3039,0.016965000000000004,2.15,0.3000000000000007,0.06499999999999999
0.30395,0.016857500000000004,2.15,0.3000000000000007,0.06499999999999999
0.304,0.018880000000000004,2.3,0.3000000000000007,0.064
0.30405,0.018782500000000004,2.3,0.3000000000000007,0.064
0.30410000000000004,0.018640000000000004,2.3,0.3000000000000007,0.064
0.30415000000000003,0.016387500000000003,2.15,0.3000000000000007,0.064
0.3042,0.016237500000000005,2.15,0.3000000000000007,0.064
0.30425,0.016037500000000003,2.15,0.3000000000000007,0.064
0.3043,0.015745000000000006,2.1500000000000004,0.3000000000000007,0.063
0.30435,0.015087500000000004,2.05,0.3000000000000007,0.063
0.3044,0.013202500000000004,1.9000000000000001,0.20000000000000018,0.062
0.30445,0.010865000000000003,1.7,0.20000000000000018,0.061
0.3045,0.008390000000000002,1.55,0.20000000000000018,0.060000000000000005
0.30455,0.006310000000000001,1.3499999999999999,0.15000000000000036,0.058
0.30460000000000004,0.004597500000000001,1.2,0.10000000000000053,0.055
0.30465000000000003,0.0029850000000000007,0.9500000000000001,0.10000000000000053,0.051
0.3047,0.0013650000000000003,0.8,0.10000000000000053,0.046
0.30475,0.0003875000000000001,0.6,0.10000000000000053,0.038
0.3048,0.0,0.3,0.0,0.026
0.30485,0.0,0.0,0.0,0.0
0.3049,0.0,0.0,0.0,0.0
0.30495,0.0,0.0,0.0,0.0
0.305,0.0,0.0,0.0,0.0
0.30505,0.0,0.0,0.0,0.0
0.30510000000000004,0.0,0.0,0.0,0.0
0.30515000000000003,0.0,0.0,0.0,0.0
0.3052,0.0,0.0,0.0,0.0
0.30525,0.0,0.0,0.0,0.0
0.3053,0.0015100000000000003,0.3,0.25,0.029
0.30535,0.0032300000000000007,0.4,0.2999999999999998,0.044
0.3054,0.005167500000000001,0.55,0.2999999999999998,0.054
0.30545,0.007112500000000002,0.7,0.2999999999999998,0.061
0.3055,0.011592500000000002,0.95,0.2999999999999998,0.068
0.30555,0.013595000000000003,1.0999999999999999,0.2999999999999998,0.06999999999999998
0.30560000000000004,0.015340000000000005,1.25,0.2999999999999998,0.07100000000000001
0.30565000000000003,0.014557500000000004,1.25,0.2999999999999998,0.07100000000000001
0.3057,0.016092500000000003,1.3499999999999999,0.2999999999999998,0.07200000000000001
0.30575,0.017340000000000005,1.5,0.2999999999999998,0.07200000000000001
0.3058,0.018642500000000006,1.6,0.2999999999999998,0.07200000000000001
0.30585,0.019677500000000004,1.75,0.2999999999999998,0.07200000000000001
0.3059,0.020480000000000005,1.9000000000000004,0.2999999999999998,0.07100000000000001
0.30595,0.021020000000000004,2.0,0.2999999999999998,0.07100000000000001
0.306,0.023645000000000006,2.25,0.2999999999999998,0.06999999999999998
0.30605,0.023730000000000005,2.4,0.2999999999999998,0.06999999999999998
0.30610000000000004,0.023595000000000005,2.5,0.2999999999999998,0.06899999999999999
0.30615000000000003,0.021112500000000006,2.4,0.2999999999999998,0.06899999999999999
0.3062,0.020717500000000007,2.4499999999999997,0.2999999999999998,0.068
0.30625,0.020242500000000004,2.5,0.2999999999999998,0.068
0.3063,0.019735000000000006,2.45,0.2999999999999998,0.067
0.30635,0.019262500000000005,2.45,0.2999999999999998,0.067
0.3064,0.018785000000000003,2.4000000000000004,0.2999999999999998,0.066
0.30645,0.018317500000000004,2.4000000000000004,0.2999999999999998,0.066
0.3065,0.020022500000000006,2.5,0.2999999999999998,0.066
0.30655,0.019645000000000006,2.45,0.2999999999999998,0.06499999999999999
0.30660000000000004,0.019265000000000004,2.4499999999999997,0.2999999999999998,0.06499999999999999
0.30665000000000003,0.018925000000000004,2.4,0.2999999999999998,0.06499999999999999
0.30670000000000003,0.016567500000000006,2.25,0.2999999999999998,0.064
0.30675,0.016290000000000002,2.1999999999999997,0.2999999999999998,0.064
0.3068,0.016010000000000003,2.1999999999999997,0.2999999999999998,0.064
0.30685,0.015785000000000004,2.1499999999999995,0.2999999999999998,0.064
0.3069,0.015572500000000005,2.15,0.2999999999999998,0.063
0.30695,0.015472500000000004,2.15,0.2999999999999998,0.063
0.307,0.017655000000000004,2.25,0.2999999999999998,0.063
0.30705,0.017660000000000006,2.2499999999999996,0.2999999999999998,0.063
0.30710000000000004,0.017712500000000006,2.2499999999999996,0.2999999999999998,0.064
0.30715000000000003,0.017875000000000005,2.2,0.2999999999999998,0.066
0.30720000000000003,0.015810000000000005,2.0500000000000003,0.2999999999999998,0.066
0.30725,0.016052500000000004,2.0500000000000007,0.2999999999999998,0.067
0.3073,0.016330000000000004,2.05,0.2999999999999998,0.067
0.30735,0.016630000000000006,2.0,0.2999999999999998,0.067
0.3074,0.016982500000000005,2.000000000000001,0.2999999999999998,0.066
0.30745,0.017317500000000003,2.0,0.2999999999999998,0.066
0.3075,0.019875000000000004,2.1499999999999995,0.2999999999999998,0.066
0.30755,0.020087500000000005,2.2,0.2999999999999998,0.066
0.30760000000000004,0.020190000000000007,2.25,0.2999999999999998,0.066
0.30765000000000003,0.020142500000000004,2.3499999999999996,0.2999999999999998,0.066
0.30770000000000003,0.017830000000000006,2.25,0.2999999999999998,0.066
0.30775,0.017730000000000006,2.25,0.2999999999999998,0.066
0.3078,0.017630000000000003,2.25,0.2999999999999998,0.06499999999999999
0.30785,0.017510000000000005,2.250000000000001,0.2999999999999998,0.06499999999999999
0.3079,0.017425000000000003,2.2,0.2999999999999998,0.06499999999999999
0.30795,0.017312500000000005,2.200000000000001,0.2999999999999998,0.06499999999999999
0.308,0.019362500000000005,2.3499999999999996,0.2999999999999998,0.06499999999999999
0.30805,0.019255000000000005,2.3500000000000005,0.2999999999999998,0.06499999999999999
0.30810000000000004,0.019165000000000005,2.3500000000000005,0.2999999999999998,0.06499999999999999
0.30815000000000003,0.019070000000000004,2.3499999999999996,0.2999999999999998,0.06499999999999999
0.30820000000000003,0.016830000000000005,2.1999999999999993,0.2999999999999998,0.06499999999999999
0.30825,0.016732500000000004,2.2,0.2999999999999998,0.064
0.3083,0.016630000000000006,2.1499999999999995,0.2999999999999998,0.064
0.30835,0.016520000000000003,2.1500000000000004,0.2999999999999998,0.064
0.3084,0.016390000000000005,2.1499999999999986,0.2999999999999998,0.064
0.30845,0.016212500000000005,2.1500000000000004,0.2999999999999998,0.064
0.3085,0.017965000000000005,2.3,0.2999999999999998,0.064
0.30855,0.017107500000000005,2.200000000000001,0.2999999999999998,0.063
0.30860000000000004,0.015082500000000004,2.0500000000000007,0.1999999999999993,0.063
0.30865000000000004,0.012755000000000002,1.8500000000000014,0.1999999999999993,0.062
0.30870000000000003,0.010327500000000003,1.6500000000000004,0.1999999999999993,0.061
0.30875,0.007967500000000002,1.5,0.1999999999999993,0.060000000000000005
0.3088,0.006005000000000002,1.3000000000000007,0.14999999999999947,0.058
0.30885,0.004290000000000001,1.1500000000000004,0.09999999999999964,0.055
0.3089,0.002640000000000001,0.9500000000000011,0.09999999999999964,0.05
0.30895,0.0010950000000000003,0.75,0.09999999999999964,0.044
0.309,0.0002800000000000001,0.5500000000000007,0.04999999999999982,0.036000000000000004
0.30905,0.0,0.25,0.0,0.022
0.30910000000000004,0.0,0.0,0.0,0.0
0.30915000000000004,0.0,0.0,0.0,0.0
0.30920000000000003,0.0,0.0,0.0,0.0
0.30925,0.0,0.0,0.0,0.0
0.3093,0.0,0.0,0.0,0.0
0.30935,0.0,0.0,0.0,0.0
0.3094,0.0,0.0,0.0,0.0
0.30945,0.0,0.0,0.0,0.0
0.3095,0.0020225000000000004,0.34999999999999964,0.25,0.033
0.30955,0.003800000000000001,0.5000000000000018,0.2999999999999998,0.047
0.30960000000000004,0.0057950000000000015,0.5999999999999996,0.2999999999999998,0.056
0.30965000000000004,0.007897500000000002,0.75,0.2999999999999998,0.062
0.30970000000000003,0.007522500000000002,0.75,0.2999999999999998,0.062
0.30975,0.009567500000000003,0.8500000000000014,0.2999999999999998,0.066
0.3098,0.011497500000000003,1.0000000000000018,0.2999999999999998,0.06899999999999999
0.30985,0.013197500000000003,1.1500000000000004,0.2999999999999998,0.06999999999999998
0.3099,0.014885000000000004,1.25,0.2999999999999998,0.07100000000000001
0.30995,0.016372500000000005,1.4000000000000004,0.2999999999999998,0.07200000000000001
0.31,0.017660000000000006,1.5500000000000007,0.2999999999999998,0.07200000000000001
0.31005,0.021200000000000007,1.799999999999999,0.2999999999999998,0.07200000000000001
0.31010000000000004,0.022140000000000007,1.9499999999999993,0.2999999999999998,0.07200000000000001
0.31015000000000004,0.022930000000000006,2.049999999999999,0.2999999999999998,0.07100000000000001
0.31020000000000003,0.021130000000000006,2.049999999999999,0.2999999999999998,0.07100000000000001
0.31025,0.021407500000000006,2.1500000000000004,0.2999999999999998,0.06999999999999998
0.3103,0.021485000000000004,2.3,0.2999999999999998,0.06999999999999998
0.31035,0.021335000000000007,2.3500000000000005,0.2999999999999998,0.06899999999999999
0.3104,0.021032500000000006,2.4499999999999993,0.2999999999999998,0.068
0.31045,0.020600000000000004,2.5,0.2999999999999998,0.068
0.3105,0.020125000000000004,2.500000000000001,0.2999999999999998,0.068
0.31055,0.021777500000000005,2.6499999999999986,0.2999999999999998,0.067
0.3106,0.021260000000000005,2.5999999999999996,0.2999999999999998,0.067
0.31065000000000004,0.020780000000000007,2.5500000000000007,0.2999999999999998,0.066
0.31070000000000003,0.018252500000000005,2.4000000000000004,0.2999999999999998,0.066
0.31075,0.017835000000000004,2.3499999999999988,0.2999999999999998,0.066
0.3108,0.017455000000000005,2.3500000000000005,0.2999999999999998,0.06499999999999999
0.31085,0.017120000000000003,2.3,0.2999999999999998,0.06499999999999999
0.3109,0.016817500000000003,2.250000000000001,0.2999999999999998,0.06499999999999999
0.31095,0.016495000000000003,2.25,0.2999999999999998,0.064
0.311,0.016222500000000004,2.25,0.2999999999999998,0.064
0.31105,0.017990000000000006,2.3500000000000005,0.2999999999999998,0.064
0.3111,0.017702500000000003,2.3,0.2999999999999998,0.063
0.31115000000000004,0.017680000000000005,2.3,0.2999999999999998,0.063
0.31120000000000003,0.015455000000000003,2.1499999999999995,0.2999999999999998,0.063
0.31125,0.015410000000000004,2.1500000000000004,0.2999999999999998,0.063
0.3113,0.015440000000000004,2.1000000000000005,0.2999999999999998,0.063
0.31135,0.015482500000000003,2.1000000000000005,0.2999999999999998,0.063
0.3114,0.015627500000000003,2.0999999999999996,0.2999999999999998,0.06499999999999999
0.31145,0.015867500000000003,2.1000000000000005,0.2999999999999998,0.066
0.3115,0.016137500000000003,2.0499999999999994,0.2999999999999998,0.067
0.31155,0.018642500000000006,2.1999999999999997,0.2999999999999998,0.067
0.3116,0.018910000000000003,2.1999999999999997,0.2999999999999998,0.067
0.31165000000000004,0.019265000000000004,2.1500000000000004,0.2999999999999998,0.066
0.31170000000000003,0.017400000000000006,2.0,0.2999999999999998,0.066
0.31175,0.017705000000000005,2.0500000000000003,0.2999999999999998,0.066
0.3118,0.017897500000000004,2.1,0.2999999999999998,0.066
0.31185,0.017952500000000003,2.1500000000000004,0.2999999999999998,0.066
0.3119,0.017907500000000003,2.2000000000000006,0.2999999999999998,0.066
0.31195,0.017810000000000003,2.25,0.2999999999999998,0.066
0.312,0.017670000000000005,2.2499999999999996,0.2999999999999998,0.06499999999999999
0.31205,0.019742500000000007,2.4,0.2999999999999998,0.06499999999999999
0.3121,0.019657500000000005,2.4,0.2999999999999998,0.06499999999999999
0.31215000000000004,0.019552500000000004,2.4000000000000004,0.2999999999999998,0.06499999999999999
0.31220000000000003,0.017267500000000005,2.25,0.2999999999999998,0.06499999999999999
0.31225,0.017177500000000005,2.25,0.2999999999999998,0.06499999999999999
0.3123,0.017102500000000003,2.2,0.2999999999999998,0.06499999999999999
0.31235,0.016982500000000005,2.2,0.2999999999999998,0.06499999999999999
0.3124,0.016897500000000003,2.2,0.2999999999999998,0.06499999999999999
0.31245,0.016807500000000003,2.2,0.2999999999999998,0.06499999999999999
0.3125,0.016700000000000003,2.2,0.2999999999999998,0.064
0.31255,0.018702500000000004,2.3499999999999996,0.2999999999999998,0.064
0.3126,0.018542500000000003,2.35,0.2999999999999998,0.064
0.31265000000000004,0.018382500000000003,2.3000000000000003,0.2999999999999998,0.064
0.31270000000000003,0.018137500000000004,2.25,0.2999999999999998,0.064
0.31275000000000003,0.015902500000000003,2.1,0.2999999999999998,0.064
0.3128,0.015607500000000003,2.1,0.2999999999999998,0.063
0.31285,0.014445000000000003,2.0,0.20000000000000018,0.063
0.3129,0.012260000000000004,1.8,0.20000000000000018,0.062
0.31295,0.009822500000000003,1.65,0.20000000000000018,0.061
0.313,0.007515000000000002,1.45,0.20000000000000018,0.059
0.31305,0.005612500000000001,1.3,0.14999999999999947,0.057
0.3131,0.003905000000000001,1.0999999999999999,0.09999999999999964,0.054
0.31315000000000004,0.0022550000000000005,0.9,0.09999999999999964,0.049
0.31320000000000003,0.0008500000000000002,0.75,0.09999999999999964,0.043
0.31325000000000003,0.00018250000000000004,0.5,0.04999999999999982,0.033
0.3133,0.0,0.2,0.0,0.018000000000000002
0.31335,0.0,0.0,0.0,0.0
0.3134,0.0,0.0,0.0,0.0
0.31345,0.0,0.0,0.0,0.0
0.3135,0.0,0.0,0.0,0.0
0.31355,0.0,0.0,0.0,0.0
0.3136,0.0,0.0,0.0,0.0
0.31365000000000004,0.0,0.0,0.0,0.0
0.31370000000000003,0.0006525000000000002,0.2,0.20000000000000018,0.016
0.31375000000000003,0.0006225000000000001,0.2,0.20000000000000018,0.016
0.3138,0.0021925000000000004,0.39999999999999997,0.3000000000000007,0.036000000000000004
0.31385,0.004002500000000001,0.5,0.3000000000000007,0.049
0.3139,0.0059250000000000014,0.6,0.3000000000000007,0.057
0.31395,0.007952500000000001,0.75,0.3000000000000007,0.063
0.314,0.009967500000000002,0.85,0.3000000000000007,0.067
0.31405,0.014355000000000003,1.15,0.3000000000000007,0.07100000000000001
0.3141,0.016027500000000004,1.3,0.3000000000000007,0.07100000000000001
0.31415000000000004,0.017655000000000004,1.4,0.3000000000000007,0.07200000000000001
0.31420000000000003,0.019085000000000005,1.5499999999999998,0.3000000000000007,0.07200000000000001
0.31425000000000003,0.017940000000000005,1.5499999999999998,0.3000000000000007,0.07200000000000001
0.3143,0.019047500000000005,1.6500000000000001,0.3000000000000007,0.07200000000000001
0.31435,0.019955000000000004,1.8,0.3000000000000007,0.07100000000000001
0.3144,0.020760000000000004,1.9000000000000001,0.3000000000000007,0.07100000000000001
0.31445,0.021210000000000007,2.05,0.3000000000000007,0.07100000000000001
0.3145,0.021447500000000005,2.15,0.3000000000000007,0.06999999999999998
0.31455,0.023700000000000006,2.4000000000000004,0.3000000000000007,0.06899999999999999
0.3146,0.023492500000000006,2.5,0.3000000000000007,0.06899999999999999
0.31465000000000004,0.023122500000000004,2.6,0.3000000000000007,0.068
0.31470000000000004,0.022687500000000006,2.5999999999999996,0.3000000000000007,0.068
0.31475000000000003,0.020045000000000004,2.45,0.3000000000000007,0.067
0.3148,0.019535000000000004,2.4499999999999997,0.3000000000000007,0.067
0.31485,0.019052500000000003,2.3999999999999995,0.3000000000000007,0.067
0.3149,0.018582500000000005,2.4000000000000004,0.3000000000000007,0.066
0.31495,0.018167500000000003,2.35,0.3000000000000007,0.066
0.315,0.017762500000000004,2.3,0.3000000000000007,0.06499999999999999
0.31505,0.019432500000000005,2.45,0.3000000000000007,0.06499999999999999
0.3151,0.019092500000000005,2.3999999999999995,0.3000000000000007,0.06499999999999999
0.31515000000000004,0.018770000000000005,2.4,0.3000000000000007,0.064
0.31520000000000004,0.018487500000000004,2.3499999999999996,0.3000000000000007,0.064
0.31525000000000003,0.016165000000000006,2.1999999999999997,0.3000000000000007,0.064
0.3153,0.015922500000000003,2.15,0.3000000000000007,0.064
0.31535,0.015690000000000003,2.1500000000000004,0.3000000000000007,0.063
0.3154,0.015475000000000004,2.150000000000001,0.3000000000000007,0.063
0.31545,0.015457500000000004,2.1,0.3000000000000007,0.063
0.3155,0.015430000000000004,2.1000000000000005,0.3000000000000007,0.063
0.31555,0.017667500000000006,2.2500000000000004,0.3000000000000007,0.063
0.3156,0.017790000000000004,2.2000000000000006,0.3000000000000007,0.06499999999999999
0.31565000000000004,0.017932500000000004,2.2,0.3000000000000007,0.066
0.31570000000000004,0.018160000000000006,2.2,0.3000000000000007,0.067
0.31575000000000003,0.016175000000000005,2.05,0.3000000000000007,0.067
0.3158,0.016457500000000003,2.0,0.3000000000000007,0.067
0.31585,0.016755000000000003,2.0,0.3000000000000007,0.067
0.3159,0.017092500000000004,2.0,0.3000000000000007,0.066
0.31595,0.017445000000000006,2.0,0.3000000000000007,0.066
0.316,0.017732500000000005,2.0,0.3000000000000007,0.066
0.31605,0.020135000000000004,2.25,0.3000000000000007,0.066
0.3161,0.020155000000000006,2.3,0.3000000000000007,0.066
0.31615000000000004,0.020077500000000005,2.3499999999999996,0.3000000000000007,0.066
0.31620000000000004,0.019955000000000004,2.3999999999999995,0.3000000000000007,0.066
0.31625000000000003,0.017655000000000004,2.249999999999999,0.3000000000000007,0.06499999999999999
0.3163,0.017562500000000005,2.2,0.3000000000000007,0.06499999999999999
0.31635,0.017457500000000004,2.2,0.3000000000000007,0.06499999999999999
0.3164,0.017337500000000006,2.2,0.3000000000000007,0.06499999999999999
0.31645,0.017255000000000003,2.2,0.3000000000000007,0.06499999999999999
0.3165,0.017150000000000006,2.2,0.3000000000000007,0.06499999999999999
0.31655,0.017062500000000005,2.200000000000001,0.3000000000000007,0.06499999999999999
0.3166,0.019135000000000006,2.3499999999999996,0.3000000000000007,0.06499999999999999
0.31665000000000004,0.019072500000000006,2.3,0.3000000000000007,0.06499999999999999
0.31670000000000004,0.018947500000000006,2.3,0.3000000000000007,0.06499999999999999
0.31675000000000003,0.016697500000000004,2.1500000000000004,0.3000000000000007,0.064
0.3168,0.016572500000000004,2.1499999999999986,0.3000000000000007,0.064
0.31685,0.016450000000000003,2.1499999999999995,0.3000000000000007,0.064
0.3169,0.016322500000000004,2.1499999999999995,0.3000000000000007,0.064
0.31695,0.016117500000000003,2.1500000000000004,0.3000000000000007,0.064
0.317,0.015870000000000006,2.1500000000000004,0.3000000000000007,0.064
0.31705,0.015525000000000004,2.1500000000000004,0.3000000000000007,0.063
0.3171,0.014175000000000004,1.950000000000001,0.20000000000000018,0.063
0.31715,0.011727500000000004,1.75,0.20000000000000018,0.062
0.31720000000000004,0.009267500000000003,1.5999999999999996,0.20000000000000018,0.061
0.31725000000000003,0.007077500000000002,1.4000000000000004,0.20000000000000018,0.059
0.3173,0.005282500000000002,1.2500000000000018,0.15000000000000036,0.057
0.31735,0.003575000000000001,1.1000000000000014,0.10000000000000053,0.053
0.3174,0.0019475000000000004,0.8499999999999996,0.10000000000000053,0.048
0.31745,0.0006675000000000001,0.6500000000000004,0.10000000000000053,0.041
0.3175,8.250000000000003e-05,0.4499999999999993,0.05000000000000071,0.031
0.31755,0.0,0.09999999999999964,0.0,0.012
0.3176,0.0,0.0,0.0,0.0
0.31765,0.0,0.0,0.0,0.0
0.31770000000000004,0.0,0.0,0.0,0.0
0.31775000000000003,0.0,0.0,0.0,0.0
0.3178,0.0,0.0,0.0,0.0
0.31785,0.0,0.0,0.0,0.0
0.3179,0.0,0.0,0.0,0.0
0.31795,0.0,0.0,0.0,0.0
0.318,0.0009275000000000003,0.2500000000000018,0.25,0.022
0.31805,0.0025750000000000005,0.40000000000000036,0.2999999999999998,0.04
0.3181,0.006680000000000002,0.6499999999999986,0.2999999999999998,0.059
0.31815,0.008735000000000001,0.8000000000000007,0.2999999999999998,0.064
0.31820000000000004,0.010847500000000003,0.9499999999999993,0.2999999999999998,0.067
0.31825000000000003,0.010412500000000003,0.9000000000000004,0.2999999999999998,0.067
0.3183,0.012260000000000004,1.0500000000000007,0.2999999999999998,0.06899999999999999
0.31835,0.013950000000000004,1.200000000000001,0.2999999999999998,0.07100000000000001
0.3184,0.015545000000000003,1.3000000000000007,0.2999999999999998,0.07200000000000001
0.31845,0.016912500000000004,1.450000000000001,0.2999999999999998,0.07200000000000001
0.3185,0.018190000000000005,1.5999999999999996,0.2999999999999998,0.07200000000000001
0.31855,0.019315000000000006,1.700000000000001,0.2999999999999998,0.07200000000000001
0.3186,0.022515000000000007,2.0,0.2999999999999998,0.07100000000000001
0.31865,0.023170000000000007,2.0999999999999988,0.2999999999999998,0.07100000000000001
0.31870000000000004,0.023572500000000007,2.2499999999999982,0.2999999999999998,0.06999999999999998
0.31875000000000003,0.023742500000000007,2.3499999999999996,0.2999999999999998,0.06999999999999998
0.31880000000000003,0.021475000000000005,2.3000000000000007,0.2999999999999998,0.06899999999999999
0.31885,0.021235000000000004,2.4000000000000004,0.2999999999999998,0.06899999999999999
0.3189,0.020862500000000006,2.4499999999999984,0.2999999999999998,0.068
0.31895,0.020430000000000004,2.5,0.2999999999999998,0.068
0.319,0.019945000000000004,2.499999999999999,0.2999999999999998,0.067
0.31905,0.019430000000000006,2.45,0.2999999999999998,0.067
0.3191,0.021102500000000007,2.5999999999999996,0.2999999999999998,0.067
0.31915,0.020622500000000005,2.55,0.2999999999999998,0.066
0.31920000000000004,0.020177500000000004,2.500000000000001,0.2999999999999998,0.066
0.31925000000000003,0.019777500000000003,2.500000000000001,0.2999999999999998,0.06499999999999999
0.31930000000000003,0.017335000000000003,2.3000000000000016,0.2999999999999998,0.06499999999999999
0.31935,0.016992500000000004,2.3000000000000007,0.2999999999999998,0.06499999999999999
0.3194,0.016692500000000002,2.25,0.2999999999999998,0.064
0.31945,0.016420000000000004,2.25,0.2999999999999998,0.064
0.3195,0.016115000000000004,2.2,0.2999999999999998,0.064
0.31955,0.015872500000000005,2.1999999999999993,0.2999999999999998,0.064
0.3196,0.017702500000000003,2.3,0.2999999999999998,0.063
0.31965,0.017670000000000005,2.3,0.2999999999999998,0.063
0.31970000000000004,0.017660000000000006,2.3000000000000007,0.2999999999999998,0.063
0.31975000000000003,0.017650000000000006,2.249999999999999,0.2999999999999998,0.063
0.31980000000000003,0.015440000000000004,2.0999999999999996,0.2999999999999998,0.062
0.31985,0.015532500000000005,2.0999999999999996,0.2999999999999998,0.064
0.3199,0.015732500000000003,2.05,0.2999999999999998,0.06499999999999999
0.31995,0.015972500000000004,2.05,0.2999999999999998,0.066
0.32,0.016225000000000003,2.0500000000000007,0.2999999999999998,0.067
0.32005,0.016512500000000003,2.0500000000000003,0.2999999999999998,0.067
0.3201,0.019062500000000007,2.15,0.2999999999999998,0.066
0.32015,0.019402500000000007,2.1499999999999995,0.2999999999999998,0.066
0.32020000000000004,0.019747500000000005,2.15,0.2999999999999998,0.066
0.32025000000000003,0.020012500000000006,2.2000000000000006,0.2999999999999998,0.066
0.32030000000000003,0.017907500000000003,2.1,0.2999999999999998,0.066
0.32035,0.017935000000000003,2.1499999999999995,0.2999999999999998,0.066
0.3204,0.017870000000000004,2.2500000000000004,0.2999999999999998,0.066
0.32045,0.017740000000000006,2.2500000000000004,0.2999999999999998,0.066
0.3205,0.017635000000000005,2.25,0.2999999999999998,0.06499999999999999
0.32055,0.017545000000000005,2.2500000000000004,0.2999999999999998,0.06499999999999999
0.3206,0.019630000000000005,2.4,0.2999999999999998,0.06499999999999999
0.32065,0.019517500000000004,2.3499999999999996,0.2999999999999998,0.06499999999999999
0.32070000000000004,0.019410000000000004,2.3499999999999996,0.2999999999999998,0.06499999999999999
0.32075000000000004,0.019325000000000005,2.35,0.2999999999999998,0.06499999999999999
0.32080000000000003,0.017042500000000006,2.2,0.2999999999999998,0.06499999999999999
0.32085,0.016955000000000005,2.1999999999999997,0.2999999999999998,0.06499999999999999
0.3209,0.016870000000000003,2.1999999999999997,0.2999999999999998,0.06499999999999999
0.32095,0.016767500000000005,2.2,0.2999999999999998,0.06499999999999999
0.321,0.016667500000000005,2.2,0.2999999999999998,0.064
0.32105,0.016565000000000003,2.15,0.2999999999999998,0.064
0.3211,0.018502500000000005,2.3,0.2999999999999998,0.064
0.32115,0.018307500000000004,2.3,0.2999999999999998,0.064
0.32120000000000004,0.018042500000000003,2.3000000000000003,0.2999999999999998,0.064
0.32125000000000004,0.017707500000000004,2.3000000000000003,0.2999999999999998,0.063
0.32130000000000003,0.015307500000000003,2.1500000000000004,0.2999999999999998,0.063
0.32135,0.013602500000000003,1.95,0.1999999999999993,0.063
0.3214,0.011260000000000003,1.75,0.1999999999999993,0.062
0.32145,0.008792500000000002,1.6,0.1999999999999993,0.060000000000000005
0.3215,0.006615000000000002,1.3499999999999999,0.1999999999999993,0.059
0.32155,0.004927500000000001,1.2,0.10000000000000053,0.056
0.3216,0.003225000000000001,1.0,0.10000000000000053,0.052
0.32165,0.0015975000000000004,0.85,0.10000000000000053,0.047
0.32170000000000004,0.00046500000000000014,0.6,0.10000000000000053,0.039
0.32175000000000004,0.0,0.35000000000000003,0.0,0.028
0.32180000000000003,0.0,0.0,0.0,0.0
0.32185,0.0,0.0,0.0,0.0
0.3219,0.0,0.0,0.0,0.0
0.32195,0.0,0.0,0.0,0.0
0.322,0.0,0.0,0.0,0.0
0.32205,0.0,0.0,0.0,0.0
0.3221,0.0,0.0,0.0,0.0
0.32215,0.0,0.0,0.0,0.0
0.32220000000000004,0.0013675000000000004,0.3,0.25,0.026
0.32225000000000004,0.003065000000000001,0.45,0.2999999999999998,0.043
0.32230000000000003,0.0029225000000000006,0.45,0.2999999999999998,0.043
0.32235,0.004822500000000001,0.55,0.2999999999999998,0.053
0.3224,0.006750000000000002,0.7,0.2999999999999998,0.060000000000000005
0.32245,0.008817500000000002,0.7999999999999999,0.2999999999999998,0.06499999999999999
0.3225,0.010817500000000002,0.95,0.2999999999999998,0.068
0.32255,0.012592500000000003,1.0999999999999999,0.2999999999999998,0.06999999999999998
0.3226,0.016705000000000005,1.4,0.2999999999999998,0.07200000000000001
0.32265,0.018275000000000003,1.5,0.2999999999999998,0.07200000000000001
0.32270000000000004,0.019567500000000005,1.65,0.2999999999999998,0.07200000000000001
0.32275000000000004,0.020805000000000004,1.7999999999999998,0.2999999999999998,0.07200000000000001
0.32280000000000003,0.019495000000000005,1.75,0.2999999999999998,0.07200000000000001
0.32285,0.020337500000000005,1.9000000000000004,0.2999999999999998,0.07100000000000001
0.3229,0.020962500000000005,2.0,0.2999999999999998,0.07100000000000001
0.32295,0.021367500000000005,2.15,0.2999999999999998,0.06999999999999998
0.323,0.021502500000000004,2.25,0.2999999999999998,0.06999999999999998
0.32305,0.021407500000000006,2.3000000000000003,0.2999999999999998,0.06899999999999999
0.3231,0.021172500000000004,2.4,0.2999999999999998,0.06899999999999999
0.32315,0.022915000000000005,2.6,0.2999999999999998,0.068
0.32320000000000004,0.022455000000000006,2.6,0.2999999999999998,0.068
0.32325000000000004,0.021955000000000006,2.6,0.2999999999999998,0.067
0.32330000000000003,0.019327500000000004,2.4000000000000004,0.2999999999999998,0.067
0.32335,0.018850000000000006,2.4,0.2999999999999998,0.066
0.3234,0.018392500000000006,2.3499999999999996,0.2999999999999998,0.066
0.32345,0.017965000000000005,2.3499999999999996,0.2999999999999998,0.066
0.3235,0.017570000000000006,2.3000000000000003,0.2999999999999998,0.06499999999999999
0.32355,0.017260000000000005,2.2500000000000004,0.2999999999999998,0.06499999999999999
0.3236,0.016905000000000003,2.25,0.2999999999999998,0.06499999999999999
0.32365,0.018635000000000006,2.3499999999999996,0.2999999999999998,0.064
0.32370000000000004,0.018367500000000005,2.35,0.2999999999999998,0.064
0.32375000000000004,0.018082500000000005,2.3000000000000003,0.2999999999999998,0.064
0.32380000000000003,0.015817500000000005,2.1500000000000004,0.2999999999999998,0.064
0.32385,0.015585000000000003,2.15,0.2999999999999998,0.063
0.3239,0.015450000000000004,2.15,0.2999999999999998,0.063
0.32395,0.015442500000000003,2.1499999999999995,0.2999999999999998,0.063
0.324,0.015410000000000004,2.15,0.2999999999999998,0.063
0.32405,0.015467500000000004,2.099999999999999,0.2999999999999998,0.062
0.3241,0.015577500000000005,2.0999999999999996,0.2999999999999998,0.064
0.32415,0.018030000000000004,2.2500000000000004,0.2999999999999998,0.066
0.3242,0.018300000000000004,2.2,0.2999999999999998,0.067
0.32425000000000004,0.018562500000000006,2.2,0.2999999999999998,0.067
0.32430000000000003,0.016577500000000005,2.0500000000000007,0.2999999999999998,0.067
0.32435,0.016902500000000004,2.0500000000000007,0.2999999999999998,0.066
0.3244,0.017277500000000005,2.0500000000000007,0.2999999999999998,0.066
0.32445,0.017592500000000004,2.0500000000000007,0.2999999999999998,0.066
0.3245,0.017820000000000006,2.1000000000000005,0.2999999999999998,0.066
0.32455,0.017927500000000006,2.1500000000000004,0.2999999999999998,0.066
0.3246,0.017937500000000006,2.1999999999999993,0.2999999999999998,0.066
0.32465,0.020030000000000006,2.3500000000000005,0.2999999999999998,0.066
0.3247,0.019920000000000004,2.3500000000000005,0.2999999999999998,0.066
0.32475000000000004,0.019782500000000005,2.3499999999999996,0.2999999999999998,0.06499999999999999
0.32480000000000003,0.017490000000000006,2.2,0.2999999999999998,0.06499999999999999
0.32485,0.017400000000000006,2.2,0.2999999999999998,0.06499999999999999
0.3249,0.017320000000000006,2.1999999999999984,0.2999999999999998,0.06499999999999999
0.32495,0.017220000000000003,2.2,0.2999999999999998,0.06499999999999999
0.325,0.017110000000000004,2.1999999999999993,0.2999999999999998,0.06499999999999999
0.32505,0.017045000000000005,2.1499999999999995,0.2999999999999998,0.06499999999999999
0.3251,0.016932500000000003,2.1500000000000004,0.2999999999999998,0.06499999999999999
0.32515,0.018977500000000005,2.3000000000000007,0.2999999999999998,0.06499999999999999
0.3252,0.018875000000000006,2.3,0.2999999999999998,0.064
0.32525000000000004,0.018762500000000005,2.3000000000000016,0.2999999999999998,0.064
0.32530000000000003,0.018595000000000004,2.3,0.2999999999999998,0.064
0.32535000000000003,0.016377500000000003,2.1500000000000004,0.2999999999999998,0.064
0.3254,0.016232500000000004,2.1500000000000004,0.2999999999999998,0.064
0.32545,0.016020000000000003,2.1499999999999995,0.2999999999999998,0.064
0.3255,0.015727500000000005,2.1000000000000014,0.2999999999999998,0.063
0.32555,0.015027500000000004,2.0500000000000007,0.25,0.063
0.3256,0.013137500000000003,1.9000000000000021,0.20000000000000018,0.062
0.32565,0.010717500000000003,1.6999999999999993,0.20000000000000018,0.061
0.3257,0.008287500000000001,1.5500000000000007,0.20000000000000018,0.060000000000000005
0.32575000000000004,0.006232500000000002,1.3500000000000014,0.14999999999999947,0.058
0.32580000000000003,0.0045400000000000015,1.200000000000001,0.09999999999999876,0.055
0.32585000000000003,0.002907500000000001,0.9500000000000011,0.09999999999999876,0.051
0.3259,0.0013075000000000003,0.8000000000000007,0.09999999999999876,0.045000000000000005
0.32595,0.0003725000000000001,0.5500000000000007,0.09999999999999876,0.037
0.326,0.0,0.29999999999999893,0.0,0.025
0.32605,0.0,0.0,0.0,0.0
0.3261,0.0,0.0,0.0,0.0
0.32615,0.0,0.0,0.0,0.0
0.3262,0.0,0.0,0.0,0.0
0.32625000000000004,0.0,0.0,0.0,0.0
0.32630000000000003,0.0,0.0,0.0,0.0
0.32635000000000003,0.0,0.0,0.0,0.0
0.3264,0.0,0.0,0.0,0.0
0.32645,0.0,0.0,0.0,0.0
0.3265,0.0015600000000000004,0.3000000000000007,0.2499999999999991,0.030000000000000002
0.32655,0.003290000000000001,0.40000000000000036,0.29999999999999893,0.045000000000000005
0.3266,0.005232500000000001,0.5500000000000007,0.29999999999999893,0.055
0.32665,0.009607500000000003,0.8499999999999996,0.29999999999999893,0.06499999999999999
0.3267,0.011685000000000003,0.9500000000000011,0.29999999999999893,0.068
0.32675000000000004,0.013665000000000004,1.1000000000000014,0.29999999999999893,0.06999999999999998
0.32680000000000003,0.015402500000000005,1.2500000000000018,0.29999999999999893,0.07100000000000001
0.32685000000000003,0.014630000000000004,1.2500000000000018,0.29999999999999893,0.07100000000000001
0.3269,0.016175000000000005,1.3499999999999996,0.29999999999999893,0.07200000000000001
0.32695,0.017427500000000005,1.5,0.29999999999999893,0.07200000000000001
0.327,0.018657500000000004,1.5999999999999996,0.29999999999999893,0.07200000000000001
0.32705,0.019680000000000007,1.75,0.29999999999999893,0.07200000000000001
0.3271,0.020490000000000005,1.8999999999999995,0.29999999999999893,0.07100000000000001
0.32715,0.023332500000000006,2.1499999999999995,0.29999999999999893,0.07100000000000001
0.3272,0.023667500000000005,2.25,0.29999999999999893,0.06999999999999998
0.32725000000000004,0.023702500000000005,2.4000000000000004,0.29999999999999893,0.06999999999999998
0.32730000000000004,0.023580000000000007,2.500000000000001,0.29999999999999893,0.06899999999999999
0.32735000000000003,0.021095000000000006,2.3999999999999995,0.29999999999999893,0.06899999999999999
0.3274,0.020675000000000006,2.45,0.29999999999999893,0.068
0.32745,0.020220000000000005,2.500000000000001,0.29999999999999893,0.068
0.3275,0.019725000000000006,2.4499999999999993,0.29999999999999893,0.067
0.32755,0.019240000000000004,2.450000000000001,0.29999999999999893,0.067
0.3276,0.018760000000000006,2.3999999999999995,0.29999999999999893,0.066
0.32765,0.020410000000000005,2.5,0.29999999999999893,0.066
0.3277,0.020000000000000004,2.5,0.29999999999999893,0.066
0.32775000000000004,0.019602500000000005,2.45,0.29999999999999893,0.06499999999999999
0.32780000000000004,0.019230000000000004,2.4499999999999984,0.29999999999999893,0.06499999999999999
0.32785000000000003,0.016852500000000003,2.25,0.29999999999999893,0.06499999999999999
0.3279,0.016557500000000003,2.25,0.29999999999999893,0.064
0.32795,0.016267500000000004,2.1999999999999993,0.29999999999999893,0.064
0.328,0.016022500000000005,2.2,0.29999999999999893,0.064
0.32805,0.015780000000000002,2.1499999999999995,0.29999999999999893,0.064
0.3281,0.015562500000000003,2.1500000000000004,0.29999999999999893,0.063
0.32815,0.017660000000000006,2.3,0.29999999999999893,0.063
0.3282,0.017655000000000004,2.25,0.29999999999999893,0.063
0.32825000000000004,0.017657500000000003,2.25,0.29999999999999893,0.063
0.32830000000000004,0.017732500000000005,2.25,0.29999999999999893,0.064
0.32835000000000003,0.015622500000000004,2.05,0.29999999999999893,0.064
0.3284,0.015832500000000003,2.0500000000000007,0.29999999999999893,0.066
0.32845,0.016055000000000003,2.0500000000000003,0.29999999999999893,0.067
0.3285,0.016340000000000004,2.05,0.29999999999999893,0.067
0.32855,0.016645000000000004,1.9999999999999996,0.29999999999999893,0.067
0.3286,0.016982500000000005,2.0000000000000004,0.29999999999999893,0.066
0.32865,0.019560000000000004,2.15,0.29999999999999893,0.066
0.3287,0.019882500000000004,2.1500000000000004,0.29999999999999893,0.066
0.32875000000000004,0.020087500000000005,2.1999999999999997,0.29999999999999893,0.066
0.32880000000000004,0.020185000000000005,2.25,0.29999999999999893,0.066
0.32885000000000003,0.017912500000000005,2.1999999999999993,0.29999999999999893,0.066
0.3289,0.017822500000000005,2.2499999999999996,0.29999999999999893,0.066
0.32895,0.017717500000000004,2.2499999999999996,0.29999999999999893,0.066
0.329,0.017590000000000005,2.25,0.29999999999999893,0.06499999999999999
0.32905,0.017490000000000006,2.1999999999999997,0.29999999999999893,0.06499999999999999
0.3291,0.017385000000000005,2.2,0.29999999999999893,0.06499999999999999
0.32915,0.019447500000000006,2.35,0.29999999999999893,0.06499999999999999
0.3292,0.019362500000000005,2.35,0.29999999999999893,0.06499999999999999
0.32925000000000004,0.019257500000000004,2.35,0.29999999999999893,0.06499999999999999
0.32930000000000004,0.019162500000000006,2.3500000000000005,0.29999999999999893,0.06499999999999999
0.32935000000000003,0.016915000000000003,2.2,0.29999999999999893,0.06499999999999999
0.3294,0.016825000000000003,2.2,0.29999999999999893,0.06499999999999999
0.32945,0.016747500000000005,2.1500000000000004,0.29999999999999893,0.064
0.3295,0.016632500000000005,2.15,0.29999999999999893,0.064
0.32955,0.016517500000000004,2.15,0.29999999999999893,0.064
0.3296,0.016380000000000006,2.15,0.29999999999999893,0.064
0.32965,0.016200000000000003,2.15,0.29999999999999893,0.064
0.3297,0.017940000000000005,2.3,0.29999999999999893,0.064
0.32975000000000004,0.017025000000000005,2.1999999999999997,0.29999999999999893,0.063
0.32980000000000004,0.014987500000000004,2.05,0.20000000000000018,0.063
0.32985000000000003,0.012645000000000003,1.8,0.20000000000000018,0.062
0.3299,0.010237500000000002,1.65,0.20000000000000018,0.061
0.32995,0.007890000000000001,1.5,0.20000000000000018,0.060000000000000005
0.33,0.005932500000000001,1.3,0.15000000000000036,0.058
0.33005,0.004207500000000001,1.15,0.10000000000000053,0.055
0.3301,0.0025725000000000006,0.9500000000000001,0.10000000000000053,0.05
0.33015,0.0010600000000000002,0.75,0.10000000000000053,0.044
0.3302,0.0002625000000000001,0.5499999999999999,0.05000000000000071,0.03499999999999999
0.33025000000000004,0.0,0.25,0.0,0.020999999999999998
0.33030000000000004,0.0,0.0,0.0,0.0
0.33035000000000003,0.0,0.0,0.0,0.0
0.3304,0.0,0.0,0.0,0.0
0.33045,0.0,0.0,0.0,0.0
0.3305,0.0,0.0,0.0,0.0
0.33055,0.0,0.0,0.0,0.0
0.3306,0.0,0.0,0.0,0.0
0.33065,0.0,0.0,0.0,0.0
0.3307,0.0020975000000000004,0.35,0.2500000000000009,0.034
0.33075,0.003892500000000001,0.5,0.3000000000000007,0.047
0.33080000000000004,0.005905000000000001,0.6,0.3000000000000007,0.056
0.33085000000000003,0.005652500000000001,0.6,0.3000000000000007,0.056
0.3309,0.007622500000000002,0.75,0.3000000000000007,0.062
0.33095,0.009642500000000002,0.85,0.3000000000000007,0.066
0.331,0.011587500000000002,1.0,0.3000000000000007,0.06899999999999999
0.33105,0.013280000000000004,1.15,0.3000000000000007,0.06999999999999998
0.3311,0.014950000000000003,1.25,0.3000000000000007,0.07100000000000001
0.33115,0.016422500000000003,1.4,0.3000000000000007,0.07200000000000001
0.3312,0.020097500000000004,1.7,0.3000000000000007,0.07200000000000001
0.33125,0.021257500000000006,1.8,0.3000000000000007,0.07200000000000001
0.33130000000000004,0.022140000000000007,1.9500000000000002,0.3000000000000007,0.07100000000000001
0.33135000000000003,0.022947500000000006,2.05,0.3000000000000007,0.07100000000000001
0.33140000000000003,0.021165000000000007,2.05,0.3000000000000007,0.07100000000000001
0.33145,0.021412500000000004,2.15,0.3000000000000007,0.06999999999999998
0.3315,0.021472500000000005,2.3000000000000003,0.3000000000000007,0.06999999999999998
0.33155,0.021347500000000005,2.35,0.3000000000000007,0.06899999999999999
0.3316,0.021037500000000004,2.45,0.3000000000000007,0.068
0.33165,0.020600000000000004,2.5,0.3000000000000007,0.068
0.3317,0.022267500000000006,2.65,0.3000000000000007,0.068
0.33175,0.021772500000000007,2.6499999999999995,0.3000000000000007,0.067
0.33180000000000004,0.021252500000000004,2.6,0.3000000000000007,0.067
0.33185000000000003,0.020780000000000007,2.55,0.3000000000000007,0.066
0.33190000000000003,0.018220000000000004,2.4,0.3000000000000007,0.066
0.33195,0.017810000000000003,2.3499999999999996,0.3000000000000007,0.066
0.332,0.017462500000000006,2.3,0.3000000000000007,0.06499999999999999
0.33205,0.017115000000000005,2.3000000000000003,0.3000000000000007,0.06499999999999999
0.3321,0.016792500000000005,2.2499999999999996,0.3000000000000007,0.06499999999999999
0.33215,0.016515000000000005,2.25,0.3000000000000007,0.064
0.3322,0.018287500000000005,2.35,0.3000000000000007,0.064
0.33225,0.017977500000000004,2.35,0.3000000000000007,0.064
0.33230000000000004,0.017697500000000005,2.3500000000000005,0.3000000000000007,0.063
0.33235000000000003,0.017690000000000004,2.3000000000000003,0.3000000000000007,0.063
0.33240000000000003,0.015465000000000003,2.15,0.3000000000000007,0.063
0.33245,0.015432500000000004,2.1500000000000004,0.3000000000000007,0.063
0.3325,0.015465000000000003,2.1,0.3000000000000007,0.063
0.33255,0.015492500000000005,2.1,0.3000000000000007,0.063
0.3326,0.015655000000000002,2.1000000000000005,0.3000000000000007,0.06499999999999999
0.33265,0.015912500000000003,2.05,0.3000000000000007,0.066
0.3327,0.018397500000000004,2.1999999999999993,0.3000000000000007,0.067
0.33275,0.018637500000000005,2.2,0.3000000000000007,0.067
0.33280000000000004,0.018935000000000004,2.1999999999999993,0.3000000000000007,0.067
0.33285000000000003,0.019260000000000006,2.1500000000000004,0.3000000000000007,0.066
0.33290000000000003,0.017417500000000006,2.0,0.3000000000000007,0.066
0.33295,0.017695000000000006,2.049999999999999,0.3000000000000007,0.066
0.333,0.017902500000000005,2.0999999999999996,0.3000000000000007,0.066
0.33305,0.017940000000000005,2.1500000000000004,0.3000000000000007,0.066
0.3331,0.017902500000000005,2.1999999999999993,0.3000000000000007,0.066
0.33315,0.017797500000000004,2.25,0.3000000000000007,0.066
0.3332,0.019860000000000006,2.3999999999999995,0.3000000000000007,0.06499999999999999
0.33325,0.019765000000000005,2.4000000000000004,0.3000000000000007,0.06499999999999999
0.33330000000000004,0.019662500000000006,2.3999999999999995,0.3000000000000007,0.06499999999999999
0.33335000000000004,0.019550000000000005,2.3999999999999995,0.3000000000000007,0.06499999999999999
0.33340000000000003,0.017275000000000006,2.2,0.3000000000000007,0.06499999999999999
0.33345,0.017197500000000004,2.2,0.3000000000000007,0.06499999999999999
0.3335,0.017082500000000004,2.200000000000001,0.3000000000000007,0.06499999999999999
0.33355,0.016992500000000004,2.1999999999999993,0.3000000000000007,0.06499999999999999
0.3336,0.016885000000000004,2.2,0.3000000000000007,0.06499999999999999
0.33365,0.016797500000000003,2.2,0.3000000000000007,0.06499999999999999
0.3337,0.018822500000000006,2.3499999999999996,0.3000000000000007,0.064
0.33375,0.018692500000000004,2.3499999999999988,0.3000000000000007,0.064
0.33380000000000004,0.018567500000000004,2.3,0.3000000000000007,0.064
0.33385000000000004,0.018387500000000005,2.3,0.3000000000000007,0.064
0.33390000000000003,0.016147500000000006,2.1500000000000004,0.3000000000000007,0.064
0.33395,0.015915000000000006,2.1500000000000004,0.3000000000000007,0.064
0.334,0.015615000000000004,2.1500000000000004,0.3000000000000007,0.063
0.33405,0.014375000000000004,2.0,0.20000000000000018,0.063
0.3341,0.012165000000000002,1.799999999999999,0.20000000000000018,0.062
0.33415,0.009712500000000002,1.6500000000000004,0.20000000000000018,0.061
0.3342,0.007362500000000002,1.450000000000001,0.20000000000000018,0.059
0.33425,0.005537500000000002,1.2500000000000018,0.14999999999999947,0.057
0.33430000000000004,0.003822500000000001,1.1000000000000014,0.09999999999999964,0.054
0.33435000000000004,0.0021850000000000007,0.9000000000000004,0.09999999999999964,0.049
0.33440000000000003,0.0008325000000000002,0.7000000000000011,0.09999999999999964,0.041999999999999996
0.33445,0.00015750000000000003,0.4999999999999982,0.04999999999999982,0.033
0.3345,0.0,0.1999999999999993,0.0,0.017
0.33455,0.0,0.0,0.0,0.0
0.3346,0.0,0.0,0.0,0.0
0.33465,0.0,0.0,0.0,0.0
0.3347,0.0,0.0,0.0,0.0
0.33475,0.0,0.0,0.0,0.0
0.33480000000000004,0.0,0.0,0.0,0.0
0.33485000000000004,0.0,0.0,0.0,0.0
0.33490000000000003,0.0,0.0,0.0,0.0
0.33495,0.0006775000000000002,0.2500000000000018,0.20000000000000018,0.017
0.335,0.0022675000000000004,0.40000000000000036,0.3000000000000007,0.037
0.33505,0.004085000000000001,0.5,0.3000000000000007,0.049
0.3351,0.006012500000000001,0.6499999999999986,0.3000000000000007,0.057
0.33515,0.008057500000000002,0.8000000000000007,0.3000000000000007,0.063
0.3352,0.012500000000000002,1.0500000000000007,0.3000000000000007,0.06899999999999999
0.33525,0.014412500000000003,1.200000000000001,0.3000000000000007,0.07100000000000001
0.33530000000000004,0.016067500000000005,1.3000000000000007,0.3000000000000007,0.07100000000000001
0.33535000000000004,0.017692500000000003,1.4000000000000004,0.3000000000000007,0.07200000000000001
0.33540000000000003,0.016695000000000005,1.4000000000000004,0.3000000000000007,0.07200000000000001
0.33545,0.017967500000000004,1.5500000000000007,0.3000000000000007,0.07200000000000001
0.3355,0.019100000000000006,1.6499999999999986,0.3000000000000007,0.07200000000000001
0.33555,0.020005000000000005,1.799999999999999,0.3000000000000007,0.07100000000000001
0.3356,0.020750000000000005,1.8999999999999986,0.3000000000000007,0.07100000000000001
0.33565,0.021230000000000006,2.049999999999999,0.3000000000000007,0.06999999999999998
0.3357,0.023700000000000006,2.3,0.3000000000000007,0.06999999999999998
0.33575,0.023705000000000007,2.4000000000000012,0.3000000000000007,0.06899999999999999
0.33580000000000004,0.023432500000000005,2.5,0.3000000000000007,0.06899999999999999
0.33585000000000004,0.023077500000000004,2.549999999999999,0.3000000000000007,0.068
0.33590000000000003,0.020482500000000004,2.4499999999999993,0.3000000000000007,0.068
0.33595,0.019995000000000006,2.4499999999999984,0.3000000000000007,0.067
0.336,0.019497500000000004,2.45,0.3000000000000007,0.067
0.33605,0.019010000000000006,2.3999999999999986,0.3000000000000007,0.067
0.3361,0.018560000000000004,2.3499999999999996,0.3000000000000007,0.066
0.33615,0.018140000000000003,2.3499999999999996,0.3000000000000007,0.066
0.3362,0.019820000000000004,2.45,0.3000000000000007,0.06499999999999999
0.33625,0.019432500000000005,2.45,0.3000000000000007,0.06499999999999999
0.33630000000000004,0.019070000000000004,2.4000000000000012,0.3000000000000007,0.06499999999999999
0.33635000000000004,0.018765000000000004,2.4000000000000004,0.3000000000000007,0.064
0.33640000000000003,0.016422500000000003,2.2,0.3000000000000007,0.064
0.33645,0.016175000000000005,2.200000000000001,0.3000000000000007,0.064
0.3365,0.015927500000000004,2.1499999999999995,0.3000000000000007,0.064
0.33655,0.015667500000000004,2.1500000000000004,0.3000000000000007,0.063
0.3366,0.015485000000000004,2.1500000000000004,0.3000000000000007,0.063
0.33665,0.015470000000000005,2.1000000000000005,0.3000000000000007,0.063
0.3367,0.015430000000000004,2.1000000000000005,0.3000000000000007,0.063
0.33675,0.017672500000000004,2.250000000000001,0.3000000000000007,0.063
0.33680000000000004,0.017802500000000006,2.1999999999999993,0.3000000000000007,0.06499999999999999
0.33685000000000004,0.017945000000000006,2.2,0.3000000000000007,0.066
0.33690000000000003,0.015897500000000005,2.05,0.3000000000000007,0.066
0.33695,0.016182500000000002,2.0000000000000004,0.3000000000000007,0.067
0.337,0.016457500000000003,2.0,0.3000000000000007,0.067
0.33705,0.016767500000000005,1.9999999999999996,0.3000000000000007,0.067
0.3371,0.017135000000000004,2.0000000000000004,0.3000000000000007,0.066
0.33715,0.017465000000000005,2.0,0.3000000000000007,0.066
0.3372,0.017740000000000006,2.0000000000000004,0.3000000000000007,0.066
0.33725,0.020125000000000004,2.2,0.3000000000000007,0.066
0.3373,0.020142500000000004,2.3000000000000003,0.3000000000000007,0.066
0.33735000000000004,0.020072500000000004,2.3500000000000005,0.3000000000000007,0.066
0.33740000000000003,0.017745000000000004,2.2,0.3000000000000007,0.066
0.33745,0.017657500000000003,2.1999999999999997,0.3000000000000007,0.06499999999999999
0.3375,0.017540000000000004,2.2,0.3000000000000007,0.06499999999999999
0.33755,0.017430000000000005,2.1999999999999997,0.3000000000000007,0.06499999999999999
0.3376,0.017345000000000003,2.2000000000000006,0.3000000000000007,0.06499999999999999
0.33765,0.017245000000000003,2.2,0.3000000000000007,0.06499999999999999
0.3377,0.017150000000000006,2.1999999999999997,0.3000000000000007,0.06499999999999999
0.33775,0.019225000000000006,2.3499999999999996,0.3000000000000007,0.06499999999999999
0.3378,0.019140000000000004,2.3,0.3000000000000007,0.06499999999999999
0.33785000000000004,0.019037500000000006,2.3,0.3000000000000007,0.06499999999999999
0.33790000000000003,0.018925000000000004,2.3,0.3000000000000007,0.06499999999999999
0.33795000000000003,0.016682500000000003,2.15,0.3000000000000007,0.064
0.338,0.016577500000000005,2.1500000000000004,0.3000000000000007,0.064
0.33805,0.016450000000000003,2.1500000000000004,0.3000000000000007,0.064
0.3381,0.016287500000000003,2.1500000000000004,0.3000000000000007,0.064
0.33815,0.016117500000000003,2.15,0.3000000000000007,0.064
0.3382,0.015845000000000005,2.15,0.3000000000000007,0.064
0.33825,0.016207500000000003,2.1,0.3000000000000007,0.063
0.3383,0.014082500000000003,1.95,0.20000000000000018,0.063
0.33835000000000004,0.011632500000000002,1.75,0.20000000000000018,0.062
0.33840000000000003,0.009157500000000002,1.6,0.20000000000000018,0.061
0.33845000000000003,0.006982500000000002,1.4,0.20000000000000018,0.059
0.3385,0.005187500000000001,1.25,0.15000000000000036,0.057
0.33855,0.0035150000000000008,1.0499999999999998,0.10000000000000053,0.053
0.3386,0.0018875000000000005,0.85,0.10000000000000053,0.048
0.33865,0.0006150000000000002,0.65,0.10000000000000053,0.041
0.3387,7.000000000000002e-05,0.44999999999999996,0.05000000000000071,0.030000000000000002
0.33875,0.0,0.09999999999999998,0.0,0.01
0.3388,0.0,0.0,0.0,0.0
0.33885000000000004,0.0,0.0,0.0,0.0
0.33890000000000003,0.0,0.0,0.0,0.0
0.33895000000000003,0.0,0.0,0.0,0.0
0.339,0.0,0.0,0.0,0.0
0.33905,0.0,0.0,0.0,0.0
0.3391,0.0,0.0,0.0,0.0
0.33915,0.0,0.0,0.0,0.0
0.3392,0.0009775000000000003,0.25,0.25,0.023
0.33925,0.004717500000000001,0.55,0.29999999999999893,0.051
0.3393,0.006767500000000002,0.65,0.29999999999999893,0.059
0.33935000000000004,0.008815000000000002,0.8,0.29999999999999893,0.064
0.33940000000000003,0.010922500000000003,0.95,0.29999999999999893,0.067
0.33945000000000003,0.010477500000000002,0.8999999999999999,0.29999999999999893,0.067
0.3395,0.012332500000000003,1.05,0.29999999999999893,0.06999999999999998
0.33955,0.014005000000000004,1.2,0.29999999999999893,0.07100000000000001
0.3396,0.015617500000000005,1.2999999999999998,0.29999999999999893,0.07200000000000001
0.33965,0.016962500000000005,1.45,0.29999999999999893,0.07200000000000001
0.3397,0.018235000000000005,1.5999999999999999,0.29999999999999893,0.07200000000000001
0.33975,0.021690000000000004,1.85,0.29999999999999893,0.07200000000000001
0.3398,0.022542500000000007,2.0,0.29999999999999893,0.07100000000000001
0.33985000000000004,0.023185000000000004,2.0999999999999996,0.29999999999999893,0.07100000000000001
0.33990000000000004,0.023587500000000004,2.2499999999999996,0.29999999999999893,0.06999999999999998
0.33995000000000003,0.021487500000000007,2.1999999999999997,0.29999999999999893,0.06999999999999998
0.34,0.021460000000000007,2.3000000000000003,0.29999999999999893,0.06899999999999999
0.34005,0.021220000000000006,2.4,0.29999999999999893,0.06899999999999999
0.3401,0.020857500000000005,2.4499999999999997,0.29999999999999893,0.068
0.34015,0.020417500000000005,2.5,0.29999999999999893,0.068
0.3402,0.019932500000000006,2.5,0.29999999999999893,0.067
0.34025,0.021542500000000006,2.6,0.29999999999999893,0.067
0.3403,0.021045000000000005,2.55,0.29999999999999893,0.066
0.34035000000000004,0.020570000000000005,2.55,0.29999999999999893,0.066
0.34040000000000004,0.020160000000000004,2.5,0.29999999999999893,0.066
0.34045000000000003,0.017680000000000005,2.3000000000000003,0.29999999999999893,0.06499999999999999
0.3405,0.017302500000000005,2.3000000000000007,0.29999999999999893,0.06499999999999999
0.34055,0.016995000000000003,2.25,0.29999999999999893,0.06499999999999999
0.3406,0.016670000000000004,2.2500000000000004,0.29999999999999893,0.064
0.34065,0.016390000000000005,2.1999999999999997,0.29999999999999893,0.064
0.3407,0.016125000000000004,2.2,0.29999999999999893,0.064
0.34075,0.017892500000000006,2.35,0.29999999999999893,0.064
0.3408,0.017705000000000005,2.3000000000000003,0.29999999999999893,0.063
0.34085000000000004,0.017655000000000004,2.3,0.29999999999999893,0.063
0.34090000000000004,0.017657500000000003,2.25,0.29999999999999893,0.063
0.34095000000000003,0.015427500000000004,2.1,0.29999999999999893,0.063
0.341,0.015432500000000004,2.0999999999999996,0.29999999999999893,0.062
0.34105,0.015555000000000005,2.1,0.29999999999999893,0.064
0.3411,0.015737500000000005,2.0499999999999994,0.29999999999999893,0.06499999999999999
0.34115,0.015970000000000005,2.05,0.29999999999999893,0.066
0.3412,0.016230000000000005,2.05,0.29999999999999893,0.067
0.34125,0.018772500000000004,2.2,0.29999999999999893,0.067
0.3413,0.019097500000000003,2.1499999999999995,0.29999999999999893,0.066
0.34135000000000004,0.019442500000000005,2.1500000000000004,0.29999999999999893,0.066
0.34140000000000004,0.019772500000000005,2.1499999999999995,0.29999999999999893,0.066
0.34145000000000003,0.017827500000000003,2.05,0.29999999999999893,0.066
0.3415,0.017945000000000006,2.1000000000000005,0.29999999999999893,0.066
0.34155,0.017945000000000006,2.1499999999999995,0.29999999999999893,0.066
0.3416,0.017862500000000003,2.2,0.29999999999999893,0.066
0.34165,0.017770000000000005,2.250000000000001,0.29999999999999893,0.066
0.3417,0.017657500000000003,2.25,0.29999999999999893,0.06499999999999999
0.34175,0.019727500000000005,2.4000000000000004,0.29999999999999893,0.06499999999999999
0.3418,0.019630000000000005,2.3499999999999988,0.29999999999999893,0.06499999999999999
0.34185000000000004,0.019525000000000004,2.3500000000000005,0.29999999999999893,0.06499999999999999
0.34190000000000004,0.019412500000000006,2.3499999999999988,0.29999999999999893,0.06499999999999999
0.34195000000000003,0.017127500000000004,2.1999999999999993,0.29999999999999893,0.06499999999999999
0.342,0.017040000000000003,2.1999999999999993,0.29999999999999893,0.06499999999999999
0.34205,0.016937500000000005,2.1999999999999993,0.29999999999999893,0.06499999999999999
0.3421,0.016857500000000004,2.2,0.29999999999999893,0.06499999999999999
0.34215,0.016747500000000005,2.2,0.29999999999999893,0.064
0.3422,0.016665000000000003,2.1499999999999995,0.29999999999999893,0.064
0.34225,0.018670000000000006,2.3,0.29999999999999893,0.064
0.3423,0.018507500000000003,2.3000000000000007,0.29999999999999893,0.064
0.34235000000000004,0.018287500000000005,2.299999999999999,0.29999999999999893,0.064
0.34240000000000004,0.018070000000000006,2.3000000000000016,0.29999999999999893,0.064
0.34245000000000003,0.015845000000000005,2.1500000000000012,0.29999999999999893,0.063
0.3425,0.015245000000000003,2.1499999999999995,0.29999999999999893,0.063
0.34255,0.013512500000000004,1.950000000000001,0.1999999999999993,0.062
0.3426,0.011152500000000003,1.75,0.1999999999999993,0.062
0.34265,0.008715000000000002,1.5500000000000007,0.1999999999999993,0.060000000000000005
0.3427,0.006560000000000002,1.3500000000000014,0.1999999999999993,0.059
0.34275,0.004827500000000001,1.200000000000001,0.10000000000000053,0.056
0.3428,0.003147500000000001,1.0,0.10000000000000053,0.052
0.34285000000000004,0.0015450000000000004,0.8000000000000007,0.10000000000000053,0.046
0.34290000000000004,0.0004475000000000001,0.5999999999999996,0.10000000000000053,0.039
0.34295000000000003,0.0,0.34999999999999964,0.0,0.027
0.343,0.0,0.0,0.0,0.0
0.34305,0.0,0.0,0.0,0.0
0.3431,0.0,0.0,0.0,0.0
0.34315,0.0,0.0,0.0,0.0
0.3432,0.0,0.0,0.0,0.0
0.34325,0.0,0.0,0.0,0.0
0.3433,0.0,0.0,0.0,0.0
0.34335000000000004,0.0,0.0,0.0,0.0
0.34340000000000004,0.0014275000000000004,0.3000000000000007,0.2500000000000009,0.027
0.34345000000000003,0.0012800000000000003,0.3000000000000007,0.2500000000000009,0.027
0.3435,0.003010000000000001,0.45000000000000107,0.2999999999999998,0.043
0.34355,0.004905000000000001,0.5500000000000007,0.2999999999999998,0.053
0.3436,0.0068400000000000015,0.7000000000000011,0.2999999999999998,0.060000000000000005
0.34365,0.008897500000000003,0.8000000000000007,0.2999999999999998,0.06499999999999999
0.3437,0.010872500000000002,0.9500000000000011,0.2999999999999998,0.068
0.34375,0.012665000000000003,1.1000000000000014,0.2999999999999998,0.06999999999999998
0.3438,0.016772500000000003,1.4000000000000004,0.2999999999999998,0.07200000000000001
0.34385,0.018347500000000006,1.5,0.2999999999999998,0.07200000000000001
0.34390000000000004,0.019605000000000004,1.6500000000000004,0.2999999999999998,0.07200000000000001
0.34395000000000003,0.020862500000000006,1.8000000000000007,0.2999999999999998,0.07200000000000001
0.34400000000000003,0.019547500000000006,1.75,0.2999999999999998,0.07200000000000001
0.34405,0.020410000000000005,1.8999999999999995,0.2999999999999998,0.07100000000000001
0.3441,0.020997500000000006,1.9999999999999991,0.2999999999999998,0.07100000000000001
0.34415,0.021382500000000006,2.1499999999999995,0.2999999999999998,0.06999999999999998
0.3442,0.021527500000000005,2.25,0.2999999999999998,0.06999999999999998
0.34425,0.021422500000000004,2.3500000000000014,0.2999999999999998,0.06899999999999999
0.3443,0.023340000000000007,2.6000000000000005,0.2999999999999998,0.06899999999999999
0.34435,0.022917500000000007,2.6499999999999995,0.2999999999999998,0.068
0.34440000000000004,0.022430000000000005,2.6500000000000004,0.2999999999999998,0.068
0.34445000000000003,0.021945000000000006,2.6500000000000004,0.2999999999999998,0.067
0.34450000000000003,0.019297500000000006,2.450000000000001,0.2999999999999998,0.067
0.34455,0.018830000000000006,2.45,0.2999999999999998,0.066
0.3446,0.018390000000000004,2.3999999999999995,0.2999999999999998,0.066
0.34465,0.017960000000000004,2.3499999999999996,0.2999999999999998,0.066
0.3447,0.017582500000000004,2.3499999999999996,0.2999999999999998,0.06499999999999999
0.34475,0.017250000000000005,2.299999999999998,0.2999999999999998,0.06499999999999999
0.3448,0.018945000000000004,2.45,0.2999999999999998,0.06499999999999999
0.34485,0.018630000000000004,2.3999999999999995,0.2999999999999998,0.064
0.34490000000000004,0.018367500000000005,2.3999999999999995,0.2999999999999998,0.064
0.34495000000000003,0.018085000000000004,2.3499999999999996,0.2999999999999998,0.064
0.34500000000000003,0.015805000000000003,2.1999999999999993,0.2999999999999998,0.064
0.34505,0.015550000000000003,2.1500000000000004,0.2999999999999998,0.063
0.3451,0.015470000000000005,2.1499999999999995,0.2999999999999998,0.063
0.34515,0.015432500000000004,2.1500000000000004,0.2999999999999998,0.063
0.3452,0.015445000000000004,2.0999999999999996,0.2999999999999998,0.063
0.34525,0.015462500000000004,2.1000000000000005,0.2999999999999998,0.062
0.3453,0.017817500000000003,2.25,0.2999999999999998,0.066
0.34535,0.018032500000000003,2.2500000000000004,0.2999999999999998,0.066
0.34540000000000004,0.018310000000000003,2.2,0.2999999999999998,0.067
0.34545000000000003,0.018545000000000006,2.1999999999999997,0.2999999999999998,0.067
0.34550000000000003,0.016587500000000005,2.0499999999999994,0.2999999999999998,0.067
0.34555,0.016920000000000004,2.0500000000000003,0.2999999999999998,0.066
0.3456,0.017270000000000004,2.0,0.2999999999999998,0.066
0.34565,0.017600000000000005,2.0500000000000003,0.2999999999999998,0.066
0.3457,0.017835000000000004,2.05,0.2999999999999998,0.066
0.34575,0.017950000000000004,2.15,0.2999999999999998,0.066
0.3458,0.020147500000000006,2.349999999999999,0.2999999999999998,0.066
0.34585,0.020042500000000005,2.4,0.2999999999999998,0.066
0.34590000000000004,0.019912500000000007,2.3999999999999995,0.2999999999999998,0.066
0.34595000000000004,0.019782500000000005,2.4,0.2999999999999998,0.06499999999999999
0.34600000000000003,0.017500000000000005,2.2499999999999996,0.2999999999999998,0.06499999999999999
0.34605,0.017410000000000005,2.25,0.2999999999999998,0.06499999999999999
0.3461,0.017305000000000004,2.25,0.2999999999999998,0.06499999999999999
0.34615,0.017210000000000003,2.25,0.2999999999999998,0.06499999999999999
0.3462,0.017135000000000004,2.2,0.2999999999999998,0.06499999999999999
0.34625,0.017005000000000003,2.2,0.2999999999999998,0.06499999999999999
0.3463,0.019087500000000004,2.3499999999999996,0.2999999999999998,0.06499999999999999
0.34635,0.018967500000000005,2.35,0.2999999999999998,0.06499999999999999
0.34640000000000004,0.018862500000000004,2.35,0.2999999999999998,0.064
0.34645000000000004,0.018745000000000005,2.3499999999999996,0.2999999999999998,0.064
0.34650000000000003,0.016512500000000003,2.1999999999999997,0.2999999999999998,0.064
0.34655,0.016375000000000004,2.1999999999999997,0.2999999999999998,0.064
0.3466,0.016225000000000003,2.15,0.2999999999999998,0.064
0.34665,0.016000000000000004,2.0999999999999996,0.2999999999999998,0.064
0.3467,0.015722500000000004,2.1,0.2999999999999998,0.063
0.34675,0.014995000000000003,2.05,0.2500000000000009,0.063
0.3468,0.013097500000000003,1.85,0.20000000000000107,0.062
0.34685,0.010605000000000003,1.7,0.20000000000000107,0.061
0.34690000000000004,0.008197500000000002,1.55,0.20000000000000107,0.060000000000000005
0.34695000000000004,0.006150000000000002,1.3499999999999999,0.14999999999999858,0.058
0.34700000000000003,0.004505000000000001,1.15,0.09999999999999787,0.055
0.34705,0.0028575000000000007,0.9500000000000001,0.09999999999999787,0.051
0.3471,0.0012600000000000003,0.8,0.09999999999999787,0.045000000000000005
0.34715,0.00035500000000000006,0.5499999999999999,0.09999999999999787,0.037
0.3472,0.0,0.3,0.0,0.024
0.34725,0.0,0.0,0.0,0.0
0.3473,0.0,0.0,0.0,0.0
0.34735,0.0,0.0,0.0,0.0
0.34740000000000004,0.0,0.0,0.0,0.0
0.34745000000000004,0.0,0.0,0.0,0.0
0.34750000000000003,0.0,0.0,0.0,0.0
0.34755,0.0,0.0,0.0,0.0
0.3476,0.0,0.0,0.0,0.0
0.34765,3.500000000000001e-05,0.05,0.05000000000000249,0.003
0.3477,0.0016350000000000004,0.35,0.25,0.031
0.34775,0.0033675000000000007,0.45,0.29999999999999893,0.045000000000000005
0.3478,0.007622500000000002,0.7,0.29999999999999893,0.061
0.34785,0.009682500000000002,0.85,0.29999999999999893,0.066
0.34790000000000004,0.011752500000000003,0.95,0.29999999999999893,0.068
0.34795000000000004,0.013720000000000003,1.0999999999999999,0.29999999999999893,0.06999999999999998
0.34800000000000003,0.012995000000000003,1.0999999999999999,0.29999999999999893,0.06999999999999998
0.34805,0.014665000000000004,1.25,0.29999999999999893,0.07100000000000001
0.3481,0.016210000000000006,1.3499999999999999,0.29999999999999893,0.07200000000000001
0.34815,0.017487500000000003,1.5,0.29999999999999893,0.07200000000000001
0.3482,0.018687500000000006,1.6,0.29999999999999893,0.07200000000000001
0.34825,0.019722500000000004,1.75,0.29999999999999893,0.07200000000000001
0.3483,0.022825000000000005,2.0500000000000003,0.29999999999999893,0.07100000000000001
0.34835,0.023315000000000006,2.15,0.29999999999999893,0.07100000000000001
0.34840000000000004,0.023670000000000007,2.25,0.29999999999999893,0.06999999999999998
0.34845000000000004,0.023707500000000006,2.4,0.29999999999999893,0.06999999999999998
0.34850000000000003,0.021370000000000007,2.35,0.29999999999999893,0.06899999999999999
0.34855,0.021062500000000005,2.4,0.29999999999999893,0.06899999999999999
0.3486,0.020657500000000006,2.4499999999999997,0.29999999999999893,0.068
0.34865,0.020207500000000007,2.45,0.29999999999999893,0.068
0.3487,0.019680000000000007,2.45,0.29999999999999893,0.067
0.34875,0.019212500000000004,2.45,0.29999999999999893,0.067
0.3488,0.020847500000000005,2.5500000000000003,0.29999999999999893,0.066
0.34885,0.020390000000000005,2.5,0.29999999999999893,0.066
0.34890000000000004,0.019972500000000004,2.5,0.29999999999999893,0.066
0.34895000000000004,0.019557500000000005,2.45,0.29999999999999893,0.06499999999999999
0.34900000000000003,0.017170000000000005,2.2500000000000004,0.29999999999999893,0.06499999999999999
0.34905,0.016825000000000003,2.2499999999999996,0.29999999999999893,0.06499999999999999
0.3491,0.016542500000000005,2.2,0.29999999999999893,0.064
0.34915,0.016265000000000005,2.1999999999999997,0.29999999999999893,0.064
0.3492,0.015990000000000004,2.1999999999999997,0.29999999999999893,0.064
0.34925,0.015767500000000004,2.1499999999999995,0.29999999999999893,0.064
0.3493,0.017665000000000004,2.3000000000000003,0.29999999999999893,0.063
0.34935,0.017655000000000004,2.2499999999999996,0.29999999999999893,0.063
0.34940000000000004,0.017652500000000005,2.25,0.29999999999999893,0.063
0.34945000000000004,0.017652500000000005,2.2499999999999996,0.29999999999999893,0.063
0.34950000000000003,0.015497500000000004,2.0499999999999994,0.29999999999999893,0.063
0.34955,0.015642500000000004,2.05,0.29999999999999893,0.064
0.3496,0.015830000000000004,2.0500000000000003,0.29999999999999893,0.066
0.34965,0.016062500000000004,2.0500000000000007,0.29999999999999893,0.067
0.3497,0.016347500000000004,2.0,0.29999999999999893,0.067
0.34975,0.016670000000000004,2.0,0.29999999999999893,0.067
0.3498,0.016997500000000006,2.000000000000001,0.29999999999999893,0.066
0.34985,0.019555000000000006,2.1500000000000004,0.29999999999999893,0.066
0.34990000000000004,0.019887500000000006,2.1499999999999995,0.29999999999999893,0.066
0.34995000000000004,0.020102500000000006,2.2,0.29999999999999893,0.066
0.35000000000000003,0.020160000000000004,2.25,0.29999999999999893,0.066
0.35005000000000003,0.017897500000000004,2.1999999999999993,0.29999999999999893,0.066
0.3501,0.017822500000000005,2.2,0.29999999999999893,0.066
0.35015,0.017682500000000004,2.25,0.29999999999999893,0.066
0.3502,0.017597500000000005,2.2,0.29999999999999893,0.06499999999999999
0.35025,0.017480000000000006,2.2,0.29999999999999893,0.06499999999999999
0.3503,0.017375000000000005,2.2,0.29999999999999893,0.06499999999999999
0.35035,0.019460000000000005,2.3499999999999996,0.29999999999999893,0.06499999999999999
0.3504,0.019360000000000006,2.3499999999999996,0.29999999999999893,0.06499999999999999
0.35045000000000004,0.019265000000000004,2.3500000000000005,0.29999999999999893,0.06499999999999999
0.35050000000000003,0.019157500000000004,2.3500000000000005,0.29999999999999893,0.06499999999999999
0.35055000000000003,0.016920000000000004,2.1500000000000012,0.29999999999999893,0.06499999999999999
0.3506,0.016850000000000004,2.1499999999999995,0.29999999999999893,0.06499999999999999
0.35065,0.016745000000000003,2.1500000000000004,0.29999999999999893,0.064
0.3507,0.016617500000000004,2.1499999999999995,0.29999999999999893,0.064
0.35075,0.016492500000000004,2.1500000000000004,0.29999999999999893,0.064
0.3508,0.016365000000000005,2.1499999999999986,0.29999999999999893,0.064
0.35085,0.018197500000000005,2.299999999999999,0.29999999999999893,0.064
0.3509,0.017910000000000006,2.3,0.29999999999999893,0.064
0.35095000000000004,0.016945000000000005,2.200000000000001,0.29999999999999893,0.063
0.35100000000000003,0.014902500000000004,2.0,0.20000000000000107,0.063
0.35105000000000003,0.012545000000000002,1.799999999999999,0.20000000000000107,0.062
0.3511,0.010140000000000003,1.6500000000000004,0.20000000000000107,0.061
0.35115,0.007797500000000002,1.450000000000001,0.20000000000000107,0.060000000000000005
0.3512,0.005852500000000002,1.3000000000000007,0.15000000000000036,0.058
0.35125,0.004140000000000001,1.1500000000000004,0.10000000000000142,0.055
0.3513,0.0025100000000000005,0.9500000000000011,0.10000000000000142,0.05
0.35135,0.0009850000000000002,0.75,0.10000000000000142,0.044
0.3514,0.00024250000000000007,0.4999999999999982,0.05000000000000249,0.03499999999999999
0.35145000000000004,0.0,0.25,0.0,0.02
0.35150000000000003,0.0,0.0,0.0,0.0
0.35155000000000003,0.0,0.0,0.0,0.0
0.3516,0.0,0.0,0.0,0.0
0.35165,0.0,0.0,0.0,0.0
0.3517,0.0,0.0,0.0,0.0
0.35175,0.0,0.0,0.0,0.0
0.3518,0.0,0.0,0.0,0.0
0.35185,0.0004325000000000001,0.20000000000000107,0.1999999999999993,0.012
0.3519,0.0021625000000000004,0.34999999999999964,0.2500000000000018,0.034
0.35195000000000004,0.003980000000000001,0.5000000000000018,0.3000000000000007,0.047
0.35200000000000004,0.005990000000000001,0.5999999999999996,0.3000000000000007,0.056
0.35205000000000003,0.005717500000000001,0.5999999999999996,0.3000000000000007,0.056
0.3521,0.007715000000000002,0.75,0.3000000000000007,0.062
0.35215,0.009742500000000003,0.8500000000000014,0.3000000000000007,0.066
0.3522,0.011677500000000002,1.0000000000000018,0.3000000000000007,0.06899999999999999
0.35225,0.013360000000000004,1.1500000000000004,0.3000000000000007,0.06999999999999998
0.3523,0.015015000000000004,1.25,0.3000000000000007,0.07100000000000001
0.35235,0.018912500000000006,1.5500000000000007,0.3000000000000007,0.07200000000000001
0.3524,0.020157500000000005,1.6999999999999993,0.3000000000000007,0.07200000000000001
0.35245000000000004,0.021277500000000005,1.799999999999999,0.3000000000000007,0.07200000000000001
0.35250000000000004,0.022180000000000005,1.9499999999999993,0.3000000000000007,0.07100000000000001
0.35255000000000003,0.020672500000000007,1.8999999999999986,0.3000000000000007,0.07100000000000001
0.3526,0.021160000000000005,2.049999999999999,0.3000000000000007,0.07100000000000001
0.35265,0.021395000000000004,2.1500000000000004,0.3000000000000007,0.06999999999999998
0.3527,0.021472500000000005,2.250000000000001,0.3000000000000007,0.06899999999999999
0.35275,0.021342500000000004,2.3500000000000005,0.3000000000000007,0.06899999999999999
0.3528,0.021002500000000004,2.4499999999999993,0.3000000000000007,0.068
0.35285,0.022727500000000005,2.6499999999999995,0.3000000000000007,0.068
0.3529,0.022242500000000005,2.6500000000000012,0.3000000000000007,0.067
0.35295000000000004,0.021732500000000005,2.5999999999999996,0.3000000000000007,0.067
0.35300000000000004,0.021257500000000006,2.5999999999999996,0.3000000000000007,0.067
0.35305000000000003,0.018652500000000006,2.4000000000000004,0.3000000000000007,0.066
0.3531,0.018215000000000005,2.3499999999999996,0.3000000000000007,0.066
0.35315,0.017815000000000004,2.3499999999999988,0.3000000000000007,0.066
0.3532,0.017475000000000004,2.3,0.3000000000000007,0.06499999999999999
0.35325,0.017110000000000004,2.3,0.3000000000000007,0.06499999999999999
0.3533,0.016787500000000004,2.250000000000001,0.3000000000000007,0.06499999999999999
0.35335,0.018530000000000005,2.4000000000000004,0.3000000000000007,0.064
0.3534,0.018247500000000003,2.3500000000000005,0.3000000000000007,0.064
0.35345000000000004,0.017972500000000006,2.3500000000000005,0.3000000000000007,0.064
0.35350000000000004,0.017710000000000004,2.3000000000000007,0.3000000000000007,0.063
0.35355000000000003,0.015520000000000004,2.1500000000000004,0.3000000000000007,0.063
0.3536,0.015442500000000003,2.1499999999999995,0.3000000000000007,0.063
0.35365,0.015430000000000004,2.1000000000000005,0.3000000000000007,0.063
0.3537,0.015450000000000004,2.1000000000000005,0.3000000000000007,0.063
0.35375,0.015480000000000004,2.1000000000000005,0.3000000000000007,0.063
0.3538,0.015657500000000005,2.05,0.3000000000000007,0.06499999999999999
0.35385,0.018147500000000004,2.1999999999999997,0.3000000000000007,0.067
0.3539,0.018405000000000005,2.1999999999999993,0.3000000000000007,0.067
0.35395000000000004,0.018632500000000003,2.1999999999999997,0.3000000000000007,0.067
0.35400000000000004,0.018942500000000004,2.15,0.3000000000000007,0.067
0.35405000000000003,0.017040000000000003,2.0000000000000004,0.3000000000000007,0.066
0.3541,0.017420000000000005,2.0,0.3000000000000007,0.066
0.35415,0.017710000000000004,2.0500000000000003,0.3000000000000007,0.066
0.3542,0.017902500000000005,2.1,0.3000000000000007,0.066
0.35425,0.017940000000000005,2.1500000000000004,0.3000000000000007,0.066
0.3543,0.017895000000000005,2.2000000000000006,0.3000000000000007,0.066
0.35435,0.019967500000000006,2.4,0.3000000000000007,0.066
0.3544,0.019865000000000004,2.3999999999999995,0.3000000000000007,0.06499999999999999
0.35445000000000004,0.019772500000000005,2.4,0.3000000000000007,0.06499999999999999
0.35450000000000004,0.019662500000000006,2.4,0.3000000000000007,0.06499999999999999
0.35455000000000003,0.017382500000000006,2.2000000000000006,0.3000000000000007,0.06499999999999999
0.3546,0.017292500000000006,2.2,0.3000000000000007,0.06499999999999999
0.35465,0.017177500000000005,2.1999999999999997,0.3000000000000007,0.06499999999999999
0.3547,0.017082500000000004,2.2,0.3000000000000007,0.06499999999999999
0.35475,0.016975000000000004,2.2,0.3000000000000007,0.06499999999999999
0.3548,0.016905000000000003,2.2,0.3000000000000007,0.06499999999999999
0.35485,0.018940000000000005,2.35,0.3000000000000007,0.06499999999999999
0.3549,0.018835000000000005,2.3500000000000005,0.3000000000000007,0.064
0.35495000000000004,0.018715000000000006,2.3,0.3000000000000007,0.064
0.35500000000000004,0.018555000000000006,2.3000000000000003,0.3000000000000007,0.064
0.35505000000000003,0.016340000000000004,2.1500000000000004,0.3000000000000007,0.064
0.3551,0.016137500000000003,2.15,0.3000000000000007,0.064
0.35515,0.015922500000000003,2.15,0.3000000000000007,0.064
0.3552,0.015607500000000003,2.15,0.3000000000000007,0.063
0.35525,0.014302500000000004,2.0,0.1999999999999993,0.063
0.3553,0.012062500000000004,1.8,0.1999999999999993,0.062
0.35535,0.009555000000000003,1.65,0.1999999999999993,0.061
0.3554,0.007282500000000002,1.4,0.1999999999999993,0.059
0.35545000000000004,0.005475000000000002,1.25,0.14999999999999858,0.057
0.35550000000000004,0.003762500000000001,1.0999999999999999,0.09999999999999964,0.054
0.35555000000000003,0.0021475000000000005,0.9,0.09999999999999964,0.049
0.3556,0.0007875000000000002,0.7000000000000001,0.09999999999999964,0.041999999999999996
0.35565,0.00013750000000000004,0.5,0.05000000000000071,0.033
0.3557,0.0,0.15000000000000002,0.0,0.016
0.35575,0.0,0.0,0.0,0.0
0.3558,0.0,0.0,0.0,0.0
0.35585,0.0,0.0,0.0,0.0
0.3559,0.0,0.0,0.0,0.0
0.35595000000000004,0.0,0.0,0.0,0.0
0.35600000000000004,0.0,0.0,0.0,0.0
0.35605000000000003,0.0,0.0,0.0,0.0
0.3561,0.0,0.0,0.0,0.0
0.35615,0.0007475000000000002,0.25,0.25,0.018000000000000002
0.3562,0.0023350000000000007,0.39999999999999997,0.3000000000000007,0.038
0.35625,0.004167500000000001,0.5,0.3000000000000007,0.05
0.3563,0.006107500000000002,0.65,0.3000000000000007,0.058
0.35635,0.008135000000000002,0.8,0.3000000000000007,0.063
0.3564,0.012602500000000003,1.05,0.3000000000000007,0.06899999999999999
0.35645000000000004,0.014517500000000004,1.2,0.3000000000000007,0.07100000000000001
0.35650000000000004,0.016170000000000004,1.3499999999999999,0.3000000000000007,0.07100000000000001
0.35655000000000003,0.017782500000000003,1.45,0.3000000000000007,0.07200000000000001
0.35660000000000003,0.016770000000000004,1.45,0.3000000000000007,0.07200000000000001
0.35665,0.018045000000000005,1.5999999999999999,0.3000000000000007,0.07200000000000001
0.3567,0.019165000000000005,1.7000000000000002,0.3000000000000007,0.07200000000000001
0.35675,0.020040000000000006,1.85,0.3000000000000007,0.07100000000000001
0.3568,0.020807500000000007,1.95,0.3000000000000007,0.07100000000000001
0.35685,0.021242500000000004,2.0999999999999996,0.3000000000000007,0.06999999999999998
0.3569,0.023700000000000006,2.3000000000000003,0.3000000000000007,0.06999999999999998
0.35695,0.023687500000000007,2.4000000000000004,0.3000000000000007,0.06899999999999999
0.35700000000000004,0.023465000000000007,2.5,0.3000000000000007,0.06899999999999999
0.35705000000000003,0.023080000000000007,2.55,0.3000000000000007,0.068
0.35710000000000003,0.020462500000000005,2.45,0.3000000000000007,0.068
0.35715,0.019972500000000004,2.45,0.3000000000000007,0.067
0.3572,0.019490000000000004,2.4499999999999997,0.3000000000000007,0.067
0.35725,0.018992500000000006,2.3999999999999995,0.3000000000000007,0.067
0.3573,0.018542500000000003,2.35,0.3000000000000007,0.066
0.35735,0.018080000000000006,2.35,0.3000000000000007,0.066
0.3574,0.019787500000000006,2.4499999999999997,0.3000000000000007,0.06499999999999999
0.35745,0.019417500000000004,2.4000000000000004,0.3000000000000007,0.06499999999999999
0.35750000000000004,0.019052500000000003,2.3999999999999995,0.3000000000000007,0.06499999999999999
0.35755000000000003,0.018750000000000006,2.35,0.3000000000000007,0.064
0.35760000000000003,0.016415000000000003,2.2,0.3000000000000007,0.064
0.35765,0.016150000000000005,2.1999999999999997,0.3000000000000007,0.064
0.3577,0.015895000000000003,2.15,0.3000000000000007,0.064
0.35775,0.015662500000000003,2.1500000000000004,0.3000000000000007,0.063
0.3578,0.015475000000000004,2.1000000000000005,0.3000000000000007,0.063
0.35785,0.015455000000000003,2.15,0.3000000000000007,0.063
0.3579,0.017632500000000006,2.3,0.3000000000000007,0.063
0.35795,0.017707500000000004,2.25,0.3000000000000007,0.063
0.35800000000000004,0.017790000000000004,2.2499999999999996,0.3000000000000007,0.06499999999999999
0.35805000000000003,0.017952500000000003,2.25,0.3000000000000007,0.066
0.35810000000000003,0.015935000000000005,2.05,0.3000000000000007,0.066
0.35815,0.016212500000000005,2.05,0.3000000000000007,0.067
0.3582,0.016482500000000004,2.05,0.3000000000000007,0.067
0.35825,0.016815000000000004,2.05,0.3000000000000007,0.067
0.3583,0.017157500000000003,2.05,0.3000000000000007,0.066
0.35835,0.017487500000000003,2.05,0.3000000000000007,0.066
0.3584,0.019967500000000006,2.200000000000001,0.3000000000000007,0.066
0.35845,0.020125000000000004,2.25,0.3000000000000007,0.066
0.35850000000000004,0.020165000000000006,2.3500000000000005,0.3000000000000007,0.066
0.35855000000000004,0.020055000000000003,2.3499999999999996,0.3000000000000007,0.066
0.35860000000000003,0.017760000000000005,2.2,0.3000000000000007,0.066
0.35865,0.017652500000000005,2.1999999999999993,0.3000000000000007,0.06499999999999999
0.3587,0.017532500000000003,2.2,0.3000000000000007,0.06499999999999999
0.35875,0.017427500000000005,2.2,0.3000000000000007,0.06499999999999999
0.3588,0.017345000000000003,2.2,0.3000000000000007,0.06499999999999999
0.35885,0.017242500000000004,2.2,0.3000000000000007,0.06499999999999999
0.3589,0.019325000000000005,2.3500000000000005,0.3000000000000007,0.06499999999999999
0.35895,0.019240000000000004,2.299999999999999,0.3000000000000007,0.06499999999999999
0.35900000000000004,0.019125000000000003,2.299999999999999,0.3000000000000007,0.06499999999999999
0.35905000000000004,0.019022500000000005,2.3,0.3000000000000007,0.06499999999999999
0.35910000000000003,0.016772500000000003,2.1499999999999995,0.3000000000000007,0.06499999999999999
0.35915,0.016690000000000003,2.1500000000000004,0.3000000000000007,0.064
0.3592,0.016557500000000003,2.1499999999999986,0.3000000000000007,0.064
0.35925,0.016412500000000003,2.1499999999999995,0.3000000000000007,0.064
0.3593,0.016297500000000003,2.1499999999999995,0.3000000000000007,0.064
0.35935,0.016097500000000004,2.1500000000000004,0.3000000000000007,0.064
0.3594,0.017725000000000005,2.250000000000001,0.3000000000000007,0.064
0.35945,0.016135000000000004,2.1000000000000005,0.3000000000000007,0.063
0.35950000000000004,0.013985000000000004,1.950000000000001,0.1999999999999993,0.063
0.35955000000000004,0.011537500000000003,1.75,0.1999999999999993,0.062
0.35960000000000003,0.009122500000000002,1.5999999999999996,0.1999999999999993,0.061
0.35965,0.006887500000000002,1.4000000000000004,0.1999999999999993,0.059
0.3597,0.005125000000000001,1.2500000000000018,0.14999999999999858,0.056
0.35975,0.0034400000000000008,1.0,0.09999999999999964,0.053
0.3598,0.0018325000000000004,0.8499999999999996,0.09999999999999964,0.048
0.35985,0.0005725000000000001,0.6500000000000004,0.09999999999999964,0.04
0.3599,3.500000000000001e-05,0.4499999999999993,0.05000000000000071,0.030000000000000002
0.35995,0.0,0.049999999999998934,0.0,0.007
0.36000000000000004,0.0,0.0,0.0,0.0
0.36005000000000004,0.0,0.0,0.0,0.0
0.36010000000000003,0.0,0.0,0.0,0.0
0.36015,0.0,0.0,0.0,0.0
0.3602,0.0,0.0,0.0,0.0
0.36025,0.0,0.0,0.0,0.0
0.3603,0.0,0.0,0.0,0.0
0.36035,0.0,0.0,0.0,0.0
0.3604,0.0028450000000000007,0.40000000000000036,0.3000000000000007,0.041
0.36045,0.004790000000000001,0.5500000000000007,0.3000000000000007,0.052
0.36050000000000004,0.006842500000000001,0.6499999999999986,0.3000000000000007,0.059
0.36055000000000004,0.008912500000000002,0.8000000000000007,0.3000000000000007,0.064
0.36060000000000003,0.008565000000000001,0.8000000000000007,0.3000000000000007,0.064
0.36065,0.010555000000000002,0.9000000000000004,0.3000000000000007,0.067
0.3607,0.012385000000000004,1.0500000000000007,0.3000000000000007,0.06999999999999998
0.36075,0.014065000000000003,1.200000000000001,0.3000000000000007,0.07100000000000001
0.3608,0.015660000000000004,1.3000000000000007,0.3000000000000007,0.07200000000000001
0.36085,0.017037500000000004,1.450000000000001,0.3000000000000007,0.07200000000000001
0.3609,0.020660000000000005,1.7500000000000018,0.3000000000000007,0.07200000000000001
0.36095,0.021717500000000004,1.8499999999999996,0.3000000000000007,0.07200000000000001
0.36100000000000004,0.022567500000000004,2.0,0.3000000000000007,0.07100000000000001
0.36105000000000004,0.023215000000000006,2.0999999999999988,0.3000000000000007,0.07100000000000001
0.36110000000000003,0.021340000000000005,2.0999999999999988,0.3000000000000007,0.06999999999999998
0.36115,0.021505000000000007,2.1999999999999993,0.3000000000000007,0.06999999999999998
0.3612,0.021425000000000007,2.3000000000000007,0.3000000000000007,0.06899999999999999
0.36125,0.021197500000000005,2.4000000000000004,0.3000000000000007,0.06899999999999999
0.3613,0.020802500000000005,2.4499999999999984,0.3000000000000007,0.068
0.36135,0.020355000000000005,2.450000000000001,0.3000000000000007,0.068
0.3614,0.022025000000000006,2.6000000000000005,0.3000000000000007,0.067
0.36145,0.021510000000000005,2.5999999999999996,0.3000000000000007,0.067
0.36150000000000004,0.021007500000000005,2.5500000000000007,0.3000000000000007,0.066
0.36155000000000004,0.020562500000000004,2.499999999999999,0.3000000000000007,0.066
0.36160000000000003,0.018052500000000006,2.3500000000000005,0.3000000000000007,0.066
0.36165,0.017675000000000003,2.3,0.3000000000000007,0.06499999999999999
0.3617,0.017287500000000004,2.3000000000000016,0.3000000000000007,0.06499999999999999
0.36175,0.016967500000000003,2.25,0.3000000000000007,0.06499999999999999
0.3618,0.016645000000000004,2.25,0.3000000000000007,0.064
0.36185,0.016367500000000004,2.1999999999999993,0.3000000000000007,0.064
0.3619,0.018122500000000003,2.3499999999999996,0.3000000000000007,0.064
0.36195,0.017890000000000003,2.3,0.3000000000000007,0.064
0.36200000000000004,0.017710000000000004,2.3,0.3000000000000007,0.063
0.36205000000000004,0.017657500000000003,2.3,0.3000000000000007,0.063
0.36210000000000003,0.015452500000000004,2.0999999999999996,0.3000000000000007,0.063
0.36215,0.015425000000000005,2.0999999999999996,0.3000000000000007,0.063
0.3622,0.015447500000000005,2.0999999999999996,0.3000000000000007,0.062
0.36225,0.015585000000000003,2.05,0.3000000000000007,0.064
0.3623,0.015765000000000005,2.05,0.3000000000000007,0.06499999999999999
0.36235,0.015987500000000005,2.05,0.3000000000000007,0.066
0.3624,0.018492500000000005,2.2000000000000006,0.3000000000000007,0.067
0.36245,0.018780000000000005,2.1499999999999995,0.3000000000000007,0.067
0.36250000000000004,0.019095000000000004,2.15,0.3000000000000007,0.066
0.36255000000000004,0.019447500000000006,2.1499999999999995,0.3000000000000007,0.066
0.36260000000000003,0.019790000000000006,2.15,0.3000000000000007,0.066
0.36265000000000003,0.017840000000000005,2.0500000000000003,0.3000000000000007,0.066
0.3627,0.017940000000000005,2.1,0.3000000000000007,0.066
0.36275,0.017940000000000005,2.1499999999999995,0.3000000000000007,0.066
0.3628,0.017850000000000005,2.1999999999999997,0.3000000000000007,0.066
0.36285,0.017755000000000003,2.2500000000000004,0.3000000000000007,0.066
0.3629,0.017630000000000003,2.25,0.3000000000000007,0.06499999999999999
0.36295,0.019700000000000006,2.4000000000000004,0.3000000000000007,0.06499999999999999
0.36300000000000004,0.019600000000000006,2.35,0.3000000000000007,0.06499999999999999
0.36305000000000004,0.019505000000000005,2.3499999999999996,0.3000000000000007,0.06499999999999999
0.36310000000000003,0.019387500000000005,2.3499999999999996,0.3000000000000007,0.06499999999999999
0.36315000000000003,0.017120000000000003,2.2,0.3000000000000007,0.06499999999999999
0.3632,0.017032500000000006,2.2,0.3000000000000007,0.06499999999999999
0.36325,0.016955000000000005,2.1999999999999997,0.3000000000000007,0.06499999999999999
0.3633,0.016850000000000004,2.1999999999999997,0.3000000000000007,0.06499999999999999
0.36335,0.016782500000000006,2.1500000000000004,0.3000000000000007,0.064
0.3634,0.016657500000000006,2.1499999999999995,0.3000000000000007,0.064
0.36345,0.018670000000000006,2.3,0.3000000000000007,0.064
0.3635,0.018487500000000004,2.3,0.3000000000000007,0.064
0.36355000000000004,0.018300000000000004,2.3,0.3000000000000007,0.064
0.36360000000000003,0.018042500000000003,2.3000000000000003,0.3000000000000007,0.064
0.36365000000000003,0.015800000000000005,2.1500000000000004,0.3000000000000007,0.063
0.3637,0.015182500000000003,2.1500000000000004,0.3000000000000007,0.063
0.36375,0.013412500000000003,1.95,0.1999999999999993,0.062
0.3638,0.011062500000000003,1.7,0.1999999999999993,0.062
0.36385,0.008607500000000002,1.55,0.1999999999999993,0.060000000000000005
0.3639,0.006487500000000002,1.3499999999999999,0.1999999999999993,0.058
0.36395,0.004747500000000001,1.2,0.10000000000000142,0.056
0.364,0.003075000000000001,1.0,0.10000000000000142,0.052
0.36405000000000004,0.0014725000000000003,0.8,0.10000000000000142,0.046
0.36410000000000003,0.0004300000000000001,0.6,0.10000000000000142,0.038
0.36415000000000003,0.0,0.35000000000000003,0.0,0.027
0.3642,0.0,0.0,0.0,0.0
0.36425,0.0,0.0,0.0,0.0
0.3643,0.0,0.0,0.0,0.0
0.36435,0.0,0.0,0.0,0.0
0.3644,0.0,0.0,0.0,0.0
0.36445,0.0,0.0,0.0,0.0
0.3645,0.0,0.0,0.0,0.0
0.36455000000000004,0.0,0.0,0.0,0.0
0.36460000000000004,0.0015200000000000003,0.3,0.25,0.028
0.36465000000000003,0.0013600000000000003,0.3,0.25,0.028
0.3647,0.003087500000000001,0.4,0.3000000000000007,0.044
0.36475,0.004995000000000001,0.55,0.3000000000000007,0.054
0.3648,0.0069450000000000015,0.7,0.3000000000000007,0.060000000000000005
0.36485,0.008975000000000002,0.7999999999999999,0.3000000000000007,0.06499999999999999
0.3649,0.010947500000000002,0.95,0.3000000000000007,0.068
0.36495,0.015205000000000003,1.25,0.3000000000000007,0.07100000000000001
0.365,0.016840000000000004,1.4,0.3000000000000007,0.07200000000000001
0.36505000000000004,0.018402500000000006,1.5,0.3000000000000007,0.07200000000000001
0.36510000000000004,0.019642500000000004,1.65,0.3000000000000007,0.07200000000000001
0.36515000000000003,0.018530000000000005,1.65,0.3000000000000007,0.07200000000000001
0.3652,0.019597500000000004,1.75,0.3000000000000007,0.07200000000000001
0.36525,0.020447500000000004,1.9000000000000004,0.3000000000000007,0.07100000000000001
0.3653,0.020997500000000006,2.0,0.3000000000000007,0.07100000000000001
0.36535,0.021365000000000006,2.15,0.3000000000000007,0.06999999999999998
0.3654,0.021522500000000007,2.25,0.3000000000000007,0.06999999999999998
0.36545,0.023620000000000006,2.5,0.3000000000000007,0.06899999999999999
0.3655,0.023340000000000007,2.55,0.3000000000000007,0.06899999999999999
0.36555000000000004,0.022900000000000007,2.6,0.3000000000000007,0.068
0.36560000000000004,0.022427500000000006,2.65,0.3000000000000007,0.068
0.36565000000000003,0.019802500000000004,2.5,0.3000000000000007,0.067
0.3657,0.019277500000000006,2.45,0.3000000000000007,0.067
0.36575,0.018825000000000005,2.4000000000000004,0.3000000000000007,0.066
0.3658,0.018380000000000004,2.4000000000000004,0.3000000000000007,0.066
0.36585,0.017950000000000004,2.35,0.3000000000000007,0.066
0.3659,0.017567500000000003,2.35,0.3000000000000007,0.06499999999999999
0.36595,0.019300000000000005,2.4499999999999997,0.3000000000000007,0.06499999999999999
0.366,0.018957500000000006,2.4,0.3000000000000007,0.06499999999999999
0.36605000000000004,0.018627500000000005,2.3999999999999995,0.3000000000000007,0.064
0.36610000000000004,0.018367500000000005,2.35,0.3000000000000007,0.064
0.36615000000000003,0.016067500000000005,2.1999999999999997,0.3000000000000007,0.064
0.3662,0.015802500000000004,2.1999999999999993,0.3000000000000007,0.064
0.36625,0.015560000000000004,2.15,0.3000000000000007,0.063
0.3663,0.015487500000000005,2.15,0.3000000000000007,0.063
0.36635,0.015435000000000004,2.1499999999999995,0.3000000000000007,0.063
0.3664,0.015457500000000004,2.1,0.3000000000000007,0.063
0.36645,0.017725000000000005,2.2499999999999996,0.3000000000000007,0.064
0.3665,0.017835000000000004,2.25,0.3000000000000007,0.066
0.36655000000000004,0.018062500000000006,2.2000000000000006,0.3000000000000007,0.066
0.36660000000000004,0.018325000000000004,2.2,0.3000000000000007,0.067
0.36665000000000003,0.016310000000000005,2.05,0.3000000000000007,0.067
0.3667,0.016585000000000003,2.0500000000000007,0.3000000000000007,0.067
0.36675,0.016930000000000004,2.0500000000000007,0.3000000000000007,0.066
0.3668,0.017275000000000006,2.0,0.3000000000000007,0.066
0.36685,0.017610000000000004,2.0,0.3000000000000007,0.066
0.3669,0.017837500000000006,2.05,0.3000000000000007,0.066
0.36695,0.020155000000000006,2.3,0.3000000000000007,0.066
0.367,0.020145000000000007,2.3499999999999996,0.3000000000000007,0.066
0.36705000000000004,0.020032500000000005,2.3999999999999995,0.3000000000000007,0.066
0.36710000000000004,0.019905000000000006,2.4000000000000004,0.3000000000000007,0.066
0.36715000000000003,0.017607500000000005,2.25,0.3000000000000007,0.06499999999999999
0.3672,0.017502500000000004,2.250000000000001,0.3000000000000007,0.06499999999999999
0.36725,0.017407500000000003,2.250000000000001,0.3000000000000007,0.06499999999999999
0.3673,0.017305000000000004,2.250000000000001,0.3000000000000007,0.06499999999999999
0.36735,0.017227500000000003,2.1999999999999993,0.3000000000000007,0.06499999999999999
0.3674,0.017117500000000004,2.2,0.3000000000000007,0.06499999999999999
0.36745,0.019180000000000006,2.3500000000000005,0.3000000000000007,0.06499999999999999
0.3675,0.019075000000000005,2.3499999999999996,0.3000000000000007,0.06499999999999999
0.36755000000000004,0.018967500000000005,2.3499999999999996,0.3000000000000007,0.06499999999999999
0.36760000000000004,0.018860000000000005,2.3500000000000005,0.3000000000000007,0.064
0.36765000000000003,0.016627500000000003,2.2,0.3000000000000007,0.064
0.3677,0.016512500000000003,2.2,0.3000000000000007,0.064
0.36775,0.016402500000000004,2.1499999999999986,0.3000000000000007,0.064
0.3678,0.016212500000000005,2.1500000000000004,0.3000000000000007,0.064
0.36785,0.015995000000000006,2.1499999999999995,0.3000000000000007,0.064
0.3679,0.015732500000000003,2.1500000000000004,0.3000000000000007,0.063
0.36795,0.015260000000000004,2.0500000000000007,0.25,0.063
0.368,0.012977500000000003,1.8500000000000014,0.1999999999999993,0.062
0.36805000000000004,0.010502500000000003,1.6999999999999993,0.1999999999999993,0.061
0.36810000000000004,0.008095000000000001,1.5500000000000007,0.1999999999999993,0.060000000000000005
0.36815000000000003,0.006127500000000002,1.3000000000000007,0.15000000000000036,0.058
0.3682,0.004440000000000001,1.1500000000000004,0.09999999999999964,0.055
0.36825,0.002790000000000001,0.9500000000000011,0.09999999999999964,0.051
0.3683,0.0012000000000000003,0.8000000000000007,0.09999999999999964,0.045000000000000005
0.36835,0.00033750000000000007,0.5500000000000007,0.09999999999999964,0.037
0.3684,0.0,0.29999999999999893,0.0,0.024
0.36845,0.0,0.0,0.0,0.0
0.3685,0.0,0.0,0.0,0.0
0.36855000000000004,0.0,0.0,0.0,0.0
0.36860000000000004,0.0,0.0,0.0,0.0
0.36865000000000003,0.0,0.0,0.0,0.0
0.3687,0.0,0.0,0.0,0.0
0.36875,0.0,0.0,0.0,0.0
0.3688,0.0,0.0,0.0,0.0
0.36885,0.00012500000000000003,0.15000000000000036,0.09999999999999964,0.006
0.3689,0.0017050000000000004,0.34999999999999964,0.25,0.031
0.36895,0.0056050000000000015,0.5999999999999996,0.29999999999999893,0.055
0.369,0.007725000000000002,0.75,0.29999999999999893,0.062
0.36905000000000004,0.009752500000000002,0.9000000000000004,0.29999999999999893,0.066
0.36910000000000004,0.011835000000000004,1.0000000000000018,0.29999999999999893,0.068
0.36915000000000003,0.013790000000000004,1.1500000000000004,0.29999999999999893,0.06999999999999998
0.36920000000000003,0.013042500000000004,1.1500000000000004,0.29999999999999893,0.06999999999999998
0.36925,0.014732500000000004,1.200000000000001,0.29999999999999893,0.07100000000000001
0.3693,0.016267500000000004,1.3499999999999996,0.29999999999999893,0.07200000000000001
0.36935,0.017532500000000003,1.5,0.29999999999999893,0.07200000000000001
0.3694,0.018752500000000005,1.5999999999999996,0.29999999999999893,0.07200000000000001
0.36945,0.019747500000000005,1.75,0.29999999999999893,0.07200000000000001
0.3695,0.022832500000000006,2.05,0.29999999999999893,0.07100000000000001
0.36955000000000005,0.023335000000000005,2.1499999999999995,0.29999999999999893,0.07100000000000001
0.36960000000000004,0.023670000000000007,2.25,0.29999999999999893,0.06999999999999998
0.36965000000000003,0.023712500000000004,2.4000000000000004,0.29999999999999893,0.06999999999999998
0.36970000000000003,0.021367500000000005,2.3500000000000014,0.29999999999999893,0.06899999999999999
0.36975,0.021040000000000007,2.3999999999999995,0.29999999999999893,0.06899999999999999
0.3698,0.020625000000000004,2.45,0.29999999999999893,0.068
0.36985,0.020150000000000005,2.450000000000002,0.29999999999999893,0.068
0.3699,0.019670000000000003,2.4499999999999993,0.29999999999999893,0.067
0.36995,0.019205000000000003,2.4000000000000004,0.29999999999999893,0.067
0.37,0.020792500000000005,2.55,0.29999999999999893,0.066
0.37005,0.020395000000000003,2.5,0.29999999999999893,0.066
0.37010000000000004,0.019957500000000006,2.4499999999999993,0.29999999999999893,0.066
0.37015000000000003,0.019550000000000005,2.45,0.29999999999999893,0.06499999999999999
0.37020000000000003,0.017157500000000003,2.249999999999999,0.29999999999999893,0.06499999999999999
0.37025,0.016812500000000005,2.25,0.29999999999999893,0.06499999999999999
0.3703,0.016532500000000006,2.2,0.29999999999999893,0.064
0.37035,0.016242500000000003,2.1999999999999993,0.29999999999999893,0.064
0.3704,0.016005000000000005,2.1500000000000004,0.29999999999999893,0.064
0.37045,0.015757500000000004,2.1499999999999995,0.29999999999999893,0.064
0.3705,0.017690000000000004,2.3000000000000007,0.29999999999999893,0.063
0.37055,0.017657500000000003,2.25,0.29999999999999893,0.063
0.37060000000000004,0.017635000000000005,2.25,0.29999999999999893,0.063
0.37065000000000003,0.017665000000000004,2.25,0.29999999999999893,0.063
0.37070000000000003,0.015500000000000003,2.0500000000000007,0.29999999999999893,0.063
0.37075,0.015637500000000006,2.05,0.29999999999999893,0.064
0.3708,0.015835000000000005,2.0500000000000007,0.29999999999999893,0.066
0.37085,0.016092500000000003,2.0500000000000003,0.29999999999999893,0.067
0.3709,0.016365000000000005,2.0,0.29999999999999893,0.067
0.37095,0.016672500000000003,1.9999999999999996,0.29999999999999893,0.067
0.371,0.019230000000000004,2.1500000000000004,0.29999999999999893,0.066
0.37105,0.019575000000000006,2.15,0.29999999999999893,0.066
0.37110000000000004,0.019905000000000006,2.1500000000000004,0.29999999999999893,0.066
0.37115000000000004,0.020100000000000007,2.1999999999999997,0.29999999999999893,0.066
0.37120000000000003,0.017937500000000006,2.1,0.29999999999999893,0.066
0.37125,0.017897500000000004,2.1999999999999993,0.29999999999999893,0.066
0.3713,0.017792500000000003,2.1999999999999997,0.29999999999999893,0.066
0.37135,0.017682500000000004,2.2499999999999996,0.29999999999999893,0.066
0.3714,0.017585000000000003,2.2,0.29999999999999893,0.06499999999999999
0.37145,0.017465000000000005,2.1999999999999997,0.29999999999999893,0.06499999999999999
0.3715,0.019555000000000006,2.3500000000000005,0.29999999999999893,0.06499999999999999
0.37155,0.019457500000000006,2.35,0.29999999999999893,0.06499999999999999
0.37160000000000004,0.019367500000000006,2.35,0.29999999999999893,0.06499999999999999
0.37165000000000004,0.019265000000000004,2.35,0.29999999999999893,0.06499999999999999
0.37170000000000003,0.017007500000000005,2.15,0.29999999999999893,0.06499999999999999
0.37175,0.016927500000000005,2.1500000000000004,0.29999999999999893,0.06499999999999999
0.3718,0.016825000000000003,2.1500000000000004,0.29999999999999893,0.06499999999999999
0.37185,0.016715000000000004,2.1500000000000004,0.29999999999999893,0.064
0.3719,0.016612500000000006,2.15,0.29999999999999893,0.064
0.37195,0.016507500000000005,2.15,0.29999999999999893,0.064
0.372,0.018385000000000006,2.3000000000000003,0.29999999999999893,0.064
0.37205,0.018175000000000004,2.3,0.29999999999999893,0.064
0.37210000000000004,0.017872500000000003,2.3,0.29999999999999893,0.064
0.37215000000000004,0.016877500000000004,2.15,0.29999999999999893,0.063
0.37220000000000003,0.014585000000000004,2.0,0.20000000000000107,0.063
0.37225,0.012462500000000003,1.8,0.20000000000000107,0.062
0.3723,0.010030000000000002,1.65,0.20000000000000107,0.061
0.37235,0.007707500000000002,1.45,0.20000000000000107,0.060000000000000005
0.3724,0.005772500000000002,1.3,0.15000000000000036,0.057
0.37245,0.004067500000000001,1.15,0.09999999999999964,0.054
0.3725,0.002407500000000001,0.9,0.09999999999999964,0.05
0.37255,0.0009400000000000002,0.75,0.09999999999999964,0.043
0.37260000000000004,0.00022250000000000007,0.5,0.049999999999998934,0.034
0.37265000000000004,0.0,0.25,0.0,0.019
0.37270000000000003,0.0,0.0,0.0,0.0
0.37275,0.0,0.0,0.0,0.0
0.3728,0.0,0.0,0.0,0.0
0.37285,0.0,0.0,0.0,0.0
0.3729,0.0,0.0,0.0,0.0
0.37295,0.0,0.0,0.0,0.0
0.373,0.0,0.0,0.0,0.0
0.37305,0.0005100000000000001,0.2,0.20000000000000107,0.014
0.37310000000000004,0.0022225000000000005,0.35,0.25,0.03499999999999999
0.37315000000000004,0.004057500000000001,0.5,0.29999999999999893,0.048
0.37320000000000003,0.003852500000000001,0.45,0.29999999999999893,0.048
0.37325,0.0057950000000000015,0.6,0.29999999999999893,0.057
0.3733,0.007792500000000002,0.75,0.29999999999999893,0.063
0.37335,0.009817500000000003,0.85,0.29999999999999893,0.066
0.3734,0.011747500000000003,1.0,0.29999999999999893,0.06899999999999999
0.37345,0.013430000000000003,1.15,0.29999999999999893,0.06999999999999998
0.3735,0.017545000000000005,1.4,0.29999999999999893,0.07200000000000001
0.37355,0.018967500000000005,1.5499999999999998,0.29999999999999893,0.07200000000000001
0.37360000000000004,0.020220000000000005,1.7,0.29999999999999893,0.07200000000000001
0.37365000000000004,0.021335000000000007,1.8,0.29999999999999893,0.07200000000000001
0.37370000000000003,0.019880000000000005,1.8,0.29999999999999893,0.07100000000000001
0.37375,0.020682500000000006,1.9000000000000001,0.29999999999999893,0.07100000000000001
0.3738,0.021175000000000006,2.05,0.29999999999999893,0.07100000000000001
0.37385,0.021430000000000005,2.15,0.29999999999999893,0.06999999999999998
0.3739,0.021467500000000004,2.2500000000000004,0.29999999999999893,0.06899999999999999
0.37395,0.021315000000000004,2.35,0.29999999999999893,0.06899999999999999
0.374,0.023187500000000007,2.6,0.29999999999999893,0.068
0.37405,0.022720000000000004,2.5999999999999996,0.29999999999999893,0.068
0.37410000000000004,0.022212500000000007,2.65,0.29999999999999893,0.067
0.37415000000000004,0.021717500000000004,2.5999999999999996,0.29999999999999893,0.067
0.37420000000000003,0.019117500000000006,2.4499999999999997,0.29999999999999893,0.067
0.37425,0.018630000000000004,2.4000000000000004,0.29999999999999893,0.066
0.3743,0.018190000000000005,2.35,0.29999999999999893,0.066
0.37435,0.017820000000000006,2.3499999999999996,0.29999999999999893,0.06499999999999999
0.3744,0.017442500000000003,2.3,0.29999999999999893,0.06499999999999999
0.37445,0.017080000000000005,2.3000000000000003,0.29999999999999893,0.06499999999999999
0.3745,0.018807500000000005,2.4,0.29999999999999893,0.06499999999999999
0.37455,0.018530000000000005,2.3999999999999995,0.29999999999999893,0.064
0.37460000000000004,0.018235000000000005,2.35,0.29999999999999893,0.064
0.37465000000000004,0.017957500000000005,2.35,0.29999999999999893,0.064
0.37470000000000003,0.015717500000000002,2.1500000000000004,0.29999999999999893,0.063
0.37475,0.015500000000000003,2.150000000000001,0.29999999999999893,0.063
0.3748,0.015467500000000004,2.15,0.29999999999999893,0.063
0.37485,0.015445000000000004,2.1000000000000005,0.29999999999999893,0.063
0.3749,0.015430000000000004,2.1,0.29999999999999893,0.063
0.37495,0.015492500000000005,2.1,0.29999999999999893,0.063
0.375,0.017920000000000005,2.2,0.29999999999999893,0.066
0.37505,0.018147500000000004,2.2,0.29999999999999893,0.067
0.37510000000000004,0.018420000000000006,2.1999999999999993,0.29999999999999893,0.067
0.37515000000000004,0.018675000000000004,2.2,0.29999999999999893,0.067
0.37520000000000003,0.018975000000000006,2.1499999999999995,0.29999999999999893,0.067
0.37525000000000003,0.017082500000000004,2.0,0.29999999999999893,0.066
0.3753,0.017452500000000003,2.0,0.29999999999999893,0.066
0.37535,0.017765000000000003,2.049999999999999,0.29999999999999893,0.066
0.3754,0.017922500000000004,2.0999999999999996,0.29999999999999893,0.066
0.37545,0.017965000000000005,2.1500000000000004,0.29999999999999893,0.066
0.3755,0.020102500000000006,2.3499999999999996,0.29999999999999893,0.066
0.37555,0.020000000000000004,2.3999999999999995,0.29999999999999893,0.066
0.37560000000000004,0.019890000000000005,2.3999999999999995,0.29999999999999893,0.06499999999999999
0.37565000000000004,0.019760000000000003,2.4000000000000004,0.29999999999999893,0.06499999999999999
0.37570000000000003,0.019665000000000005,2.3499999999999996,0.29999999999999893,0.06499999999999999
0.37575000000000003,0.017382500000000006,2.2,0.29999999999999893,0.06499999999999999
0.3758,0.017277500000000005,2.2,0.29999999999999893,0.06499999999999999
0.37585,0.017167500000000006,2.2,0.29999999999999893,0.06499999999999999
0.3759,0.017070000000000005,2.200000000000001,0.29999999999999893,0.06499999999999999
0.37595,0.016987500000000003,2.1999999999999993,0.29999999999999893,0.06499999999999999
0.376,0.016877500000000004,2.2,0.29999999999999893,0.06499999999999999
0.37605,0.018925000000000004,2.3500000000000005,0.29999999999999893,0.06499999999999999
0.37610000000000005,0.018842500000000005,2.299999999999999,0.29999999999999893,0.064
0.37615000000000004,0.018707500000000005,2.299999999999999,0.29999999999999893,0.064
0.37620000000000003,0.018572500000000006,2.3,0.29999999999999893,0.064
0.37625000000000003,0.016337500000000005,2.1499999999999995,0.29999999999999893,0.064
0.3763,0.016140000000000005,2.1500000000000004,0.29999999999999893,0.064
0.37635,0.015910000000000004,2.1500000000000004,0.29999999999999893,0.064
0.3764,0.015577500000000005,2.1500000000000004,0.29999999999999893,0.063
0.37645,0.014202500000000003,2.0,0.20000000000000107,0.063
0.3765,0.011952500000000003,1.799999999999999,0.20000000000000107,0.062
0.37655,0.009447500000000003,1.6500000000000004,0.20000000000000107,0.061
0.3766,0.007207500000000002,1.4000000000000004,0.20000000000000107,0.059
0.37665000000000004,0.005402500000000001,1.2500000000000018,0.15000000000000036,0.057
0.37670000000000003,0.003687500000000001,1.1000000000000014,0.09999999999999964,0.053
0.37675000000000003,0.0020700000000000007,0.9000000000000004,0.09999999999999964,0.048
0.3768,0.0007350000000000002,0.6500000000000004,0.09999999999999964,0.041999999999999996
0.37685,0.00012000000000000003,0.4499999999999993,0.05000000000000071,0.032
0.3769,0.0,0.15000000000000036,0.0,0.015000000000000001
0.37695,0.0,0.0,0.0,0.0
0.377,0.0,0.0,0.0,0.0
0.37705,0.0,0.0,0.0,0.0
0.3771,0.0,0.0,0.0,0.0
0.37715000000000004,0.0,0.0,0.0,0.0
0.37720000000000004,0.0,0.0,0.0,0.0
0.37725000000000003,0.0,0.0,0.0,0.0
0.3773,0.0,0.0,0.0,0.0
0.37735,0.0008075000000000002,0.2500000000000018,0.25,0.02
0.3774,0.0024125000000000006,0.40000000000000036,0.3000000000000007,0.038
0.37745,0.004232500000000001,0.5,0.3000000000000007,0.05
0.3775,0.0061800000000000015,0.6499999999999986,0.3000000000000007,0.058
0.37755,0.010650000000000003,0.9499999999999993,0.3000000000000007,0.067
0.3776,0.012690000000000003,1.0500000000000007,0.3000000000000007,0.06899999999999999
0.37765000000000004,0.014600000000000004,1.200000000000001,0.3000000000000007,0.07100000000000001
0.37770000000000004,0.016245000000000002,1.3500000000000014,0.3000000000000007,0.07100000000000001
0.37775000000000003,0.015407500000000005,1.3000000000000007,0.3000000000000007,0.07100000000000001
0.3778,0.016815000000000004,1.450000000000001,0.3000000000000007,0.07200000000000001
0.37785,0.018095000000000003,1.5999999999999996,0.3000000000000007,0.07200000000000001
0.3779,0.019217500000000005,1.700000000000001,0.3000000000000007,0.07200000000000001
0.37795,0.020090000000000004,1.8499999999999996,0.3000000000000007,0.07100000000000001
0.378,0.020847500000000005,1.9499999999999993,0.3000000000000007,0.07100000000000001
0.37805,0.023532500000000005,2.2499999999999982,0.3000000000000007,0.06999999999999998
0.3781,0.023732500000000007,2.3499999999999996,0.3000000000000007,0.06999999999999998
0.37815000000000004,0.023680000000000007,2.450000000000001,0.3000000000000007,0.06899999999999999
0.37820000000000004,0.023452500000000005,2.55,0.3000000000000007,0.06899999999999999
0.37825000000000003,0.020905000000000007,2.4499999999999984,0.3000000000000007,0.068
0.3783,0.020450000000000006,2.5,0.3000000000000007,0.068
0.37835,0.019975000000000007,2.499999999999999,0.3000000000000007,0.067
0.3784,0.019467500000000006,2.500000000000001,0.3000000000000007,0.067
0.37845,0.018985000000000005,2.4499999999999993,0.3000000000000007,0.067
0.3785,0.018517500000000006,2.4000000000000004,0.3000000000000007,0.066
0.37855,0.020187500000000004,2.55,0.3000000000000007,0.066
0.3786,0.019777500000000003,2.500000000000001,0.3000000000000007,0.06499999999999999
0.37865000000000004,0.019437500000000003,2.450000000000001,0.3000000000000007,0.06499999999999999
0.37870000000000004,0.019062500000000007,2.450000000000001,0.3000000000000007,0.06499999999999999
0.37875000000000003,0.016710000000000003,2.25,0.3000000000000007,0.064
0.3788,0.016417500000000005,2.25,0.3000000000000007,0.064
0.37885,0.016157500000000005,2.2,0.3000000000000007,0.064
0.3789,0.015905000000000002,2.1999999999999993,0.3000000000000007,0.064
0.37895,0.015635000000000003,2.2,0.3000000000000007,0.063
0.379,0.015480000000000004,2.1499999999999995,0.3000000000000007,0.063
0.37905,0.017652500000000005,2.3000000000000007,0.3000000000000007,0.063
0.3791,0.017650000000000006,2.249999999999999,0.3000000000000007,0.063
0.37915000000000004,0.017707500000000004,2.25,0.3000000000000007,0.063
0.37920000000000004,0.017772500000000004,2.249999999999999,0.3000000000000007,0.06499999999999999
0.37925000000000003,0.015690000000000003,2.0999999999999996,0.3000000000000007,0.06499999999999999
0.3793,0.015940000000000003,2.05,0.3000000000000007,0.066
0.37935,0.016217500000000003,2.0500000000000007,0.3000000000000007,0.067
0.3794,0.016502500000000003,2.0500000000000003,0.3000000000000007,0.067
0.37945,0.016807500000000003,2.05,0.3000000000000007,0.066
0.3795,0.017142500000000005,1.9999999999999996,0.3000000000000007,0.066
0.37955,0.019735000000000006,2.15,0.3000000000000007,0.066
0.3796,0.019990000000000004,2.2000000000000006,0.3000000000000007,0.066
0.37965000000000004,0.020152500000000004,2.25,0.3000000000000007,0.066
0.37970000000000004,0.020167500000000005,2.35,0.3000000000000007,0.066
0.37975000000000003,0.017882500000000006,2.2500000000000004,0.3000000000000007,0.066
0.3798,0.017765000000000003,2.2500000000000004,0.3000000000000007,0.066
0.37985,0.017635000000000005,2.25,0.3000000000000007,0.06499999999999999
0.3799,0.017525000000000006,2.2500000000000004,0.3000000000000007,0.06499999999999999
0.37995,0.017447500000000005,2.25,0.3000000000000007,0.06499999999999999
0.38,0.017337500000000006,2.2500000000000004,0.3000000000000007,0.06499999999999999
0.38005,0.019415000000000005,2.4000000000000004,0.3000000000000007,0.06499999999999999
0.3801,0.019322500000000006,2.35,0.3000000000000007,0.06499999999999999
0.38015000000000004,0.019197500000000006,2.35,0.3000000000000007,0.06499999999999999
0.38020000000000004,0.019122500000000004,2.3499999999999996,0.3000000000000007,0.06499999999999999
0.38025000000000003,0.016870000000000003,2.1999999999999997,0.3000000000000007,0.06499999999999999
0.3803,0.016777500000000004,2.2,0.3000000000000007,0.06499999999999999
0.38035,0.016662500000000004,2.2,0.3000000000000007,0.064
0.3804,0.016547500000000003,2.2,0.3000000000000007,0.064
0.38045,0.016427500000000005,2.2,0.3000000000000007,0.064
0.3805,0.016275000000000005,2.2,0.3000000000000007,0.064
0.38055,0.018057500000000004,2.25,0.3000000000000007,0.064
0.3806,0.017732500000000005,2.25,0.3000000000000007,0.063
0.38065000000000004,0.016067500000000005,2.1,0.3000000000000007,0.063
0.38070000000000004,0.013910000000000004,1.95,0.1999999999999993,0.063
0.38075000000000003,0.011475000000000003,1.75,0.1999999999999993,0.062
0.3808,0.009017500000000003,1.6,0.1999999999999993,0.061
0.38085,0.006777500000000001,1.4,0.1999999999999993,0.059
0.3809,0.005055000000000001,1.25,0.14999999999999858,0.056
0.38095,0.003380000000000001,1.0,0.09999999999999964,0.053
0.381,0.0017450000000000005,0.85,0.09999999999999964,0.047
0.38105,0.0005000000000000001,0.6,0.09999999999999964,0.04
0.3811,1.5000000000000004e-05,0.35000000000000003,0.0,0.029
0.38115000000000004,0.0,0.0,0.0,0.005
0.38120000000000004,0.0,0.0,0.0,0.0
0.38125000000000003,0.0,0.0,0.0,0.0
0.38130000000000003,0.0,0.0,0.0,0.0
0.38135,0.0,0.0,0.0,0.0
0.3814,0.0,0.0,0.0,0.0
0.38145,0.0,0.0,0.0,0.0
0.3815,0.0,0.0,0.0,0.0
0.38155,0.0012200000000000004,0.3,0.25,0.024
0.3816,0.002917500000000001,0.45,0.3000000000000007,0.041
0.38165000000000004,0.004867500000000001,0.6000000000000001,0.3000000000000007,0.052
0.38170000000000004,0.006917500000000002,0.65,0.3000000000000007,0.059
0.38175000000000003,0.008977500000000003,0.8,0.3000000000000007,0.064
0.38180000000000003,0.008632500000000003,0.8,0.3000000000000007,0.064
0.38185,0.010637500000000003,0.8999999999999999,0.3000000000000007,0.068
0.3819,0.012452500000000003,1.05,0.3000000000000007,0.06999999999999998
0.38195,0.014122500000000003,1.2,0.3000000000000007,0.07100000000000001
0.382,0.015717500000000002,1.2999999999999998,0.3000000000000007,0.07200000000000001
0.38205,0.019440000000000006,1.5999999999999999,0.3000000000000007,0.07200000000000001
0.3821,0.020717500000000007,1.75,0.3000000000000007,0.07200000000000001
0.38215000000000005,0.021770000000000005,1.85,0.3000000000000007,0.07200000000000001
0.38220000000000004,0.022597500000000006,2.0,0.3000000000000007,0.07100000000000001
0.38225000000000003,0.023232500000000007,2.0999999999999996,0.3000000000000007,0.07100000000000001
0.38230000000000003,0.021342500000000004,2.0999999999999996,0.3000000000000007,0.06999999999999998
0.38235,0.021492500000000005,2.1999999999999997,0.3000000000000007,0.06999999999999998
0.3824,0.021427500000000006,2.3000000000000003,0.3000000000000007,0.06899999999999999
0.38245,0.021182500000000007,2.4,0.3000000000000007,0.06899999999999999
0.3825,0.020797500000000007,2.4499999999999997,0.3000000000000007,0.068
0.38255,0.020362500000000006,2.45,0.3000000000000007,0.068
0.3826,0.022005000000000007,2.6,0.3000000000000007,0.067
0.38265000000000005,0.021490000000000006,2.6,0.3000000000000007,0.067
0.38270000000000004,0.020992500000000004,2.55,0.3000000000000007,0.066
0.38275000000000003,0.020542500000000005,2.5,0.3000000000000007,0.066
0.38280000000000003,0.018035000000000006,2.3499999999999996,0.3000000000000007,0.066
0.38285,0.017657500000000003,2.3000000000000003,0.3000000000000007,0.06499999999999999
0.3829,0.017270000000000004,2.3000000000000007,0.3000000000000007,0.06499999999999999
0.38295,0.016937500000000005,2.25,0.3000000000000007,0.06499999999999999
0.383,0.016642500000000005,2.2500000000000004,0.3000000000000007,0.064
0.38305,0.016347500000000004,2.1999999999999997,0.3000000000000007,0.064
0.3831,0.018102500000000004,2.3500000000000005,0.3000000000000007,0.064
0.38315000000000005,0.017852500000000004,2.3,0.3000000000000007,0.064
0.38320000000000004,0.017697500000000005,2.3000000000000003,0.3000000000000007,0.063
0.38325000000000004,0.017645000000000004,2.2499999999999996,0.3000000000000007,0.063
0.38330000000000003,0.015450000000000004,2.0999999999999996,0.3000000000000007,0.063
0.38335,0.015420000000000003,2.1,0.3000000000000007,0.063
0.3834,0.015470000000000005,2.0999999999999996,0.3000000000000007,0.062
0.38345,0.015562500000000003,2.05,0.3000000000000007,0.064
0.3835,0.015752500000000003,2.0499999999999994,0.3000000000000007,0.06499999999999999
0.38355,0.015997500000000005,2.05,0.3000000000000007,0.066
0.3836,0.018520000000000005,2.1999999999999993,0.3000000000000007,0.067
0.38365,0.018772500000000004,2.1500000000000004,0.3000000000000007,0.067
0.38370000000000004,0.019087500000000004,2.1499999999999995,0.3000000000000007,0.066
0.38375000000000004,0.019455000000000004,2.1500000000000004,0.3000000000000007,0.066
0.38380000000000003,0.017557500000000004,2.0,0.3000000000000007,0.066
0.38385,0.017825000000000004,2.05,0.3000000000000007,0.066
0.3839,0.017947500000000005,2.1000000000000005,0.3000000000000007,0.066
0.38395,0.017927500000000006,2.1499999999999995,0.3000000000000007,0.066
0.384,0.017850000000000005,2.2,0.3000000000000007,0.066
0.38405,0.017725000000000005,2.250000000000001,0.3000000000000007,0.066
0.3841,0.019807500000000006,2.3999999999999995,0.3000000000000007,0.06499999999999999
0.38415,0.019697500000000007,2.3500000000000005,0.3000000000000007,0.06499999999999999
0.38420000000000004,0.019595000000000005,2.3499999999999988,0.3000000000000007,0.06499999999999999
0.38425000000000004,0.019482500000000003,2.3500000000000005,0.3000000000000007,0.06499999999999999
0.38430000000000003,0.017210000000000003,2.2,0.3000000000000007,0.06499999999999999
0.38435,0.017107500000000005,2.1999999999999993,0.3000000000000007,0.06499999999999999
0.3844,0.017050000000000003,2.1999999999999993,0.3000000000000007,0.06499999999999999
0.38445,0.016937500000000005,2.1999999999999993,0.3000000000000007,0.06499999999999999
0.3845,0.016880000000000003,2.1500000000000004,0.3000000000000007,0.06499999999999999
0.38455,0.016787500000000004,2.1500000000000012,0.3000000000000007,0.064
0.3846,0.018767500000000006,2.3000000000000016,0.3000000000000007,0.064
0.38465,0.018642500000000006,2.3,0.3000000000000007,0.064
0.38470000000000004,0.018505000000000004,2.3000000000000007,0.3000000000000007,0.064
0.38475000000000004,0.018275000000000003,2.299999999999999,0.3000000000000007,0.064
0.38480000000000003,0.016050000000000005,2.1499999999999995,0.3000000000000007,0.064
0.38485,0.015790000000000005,2.1500000000000012,0.3000000000000007,0.063
0.3849,0.015135000000000004,2.1000000000000005,0.3000000000000007,0.063
0.38495,0.013292500000000004,1.9000000000000021,0.1999999999999993,0.062
0.385,0.010950000000000003,1.6999999999999993,0.1999999999999993,0.062
0.38505,0.008520000000000002,1.5500000000000007,0.1999999999999993,0.060000000000000005
0.3851,0.006367500000000002,1.3500000000000014,0.15000000000000036,0.058
0.38515,0.004680000000000001,1.200000000000001,0.10000000000000142,0.056
0.38520000000000004,0.0030150000000000008,1.0,0.10000000000000142,0.052
0.38525000000000004,0.0014025000000000003,0.8000000000000007,0.10000000000000142,0.046
0.38530000000000003,0.0004150000000000001,0.5999999999999996,0.10000000000000142,0.038
0.38535,0.0,0.34999999999999964,0.0,0.026
0.3854,0.0,0.0,0.0,0.0
0.38545,0.0,0.0,0.0,0.0
0.3855,0.0,0.0,0.0,0.0
0.38555,0.0,0.0,0.0,0.0
0.3856,0.0,0.0,0.0,0.0
0.38565,0.0,0.0,0.0,0.0
0.38570000000000004,0.0,0.0,0.0,0.0
0.38575000000000004,0.0,0.0,0.0,0.0
0.38580000000000003,0.0,0.0,0.0,0.0
0.38585,0.0014400000000000003,0.3000000000000007,0.25,0.029
0.3859,0.0031550000000000007,0.40000000000000036,0.3000000000000007,0.044
0.38595,0.005075000000000001,0.5500000000000007,0.3000000000000007,0.054
0.386,0.007045000000000002,0.7000000000000011,0.3000000000000007,0.061
0.38605,0.009077500000000002,0.8000000000000007,0.3000000000000007,0.06499999999999999
0.3861,0.013515000000000003,1.1000000000000014,0.3000000000000007,0.06999999999999998
0.38615,0.015267500000000003,1.2500000000000018,0.3000000000000007,0.07100000000000001
0.38620000000000004,0.016917500000000005,1.4000000000000004,0.3000000000000007,0.07200000000000001
0.38625000000000004,0.018460000000000004,1.5,0.3000000000000007,0.07200000000000001
0.38630000000000003,0.017312500000000005,1.5,0.3000000000000007,0.07200000000000001
0.38635,0.018587500000000003,1.6500000000000004,0.3000000000000007,0.07200000000000001
0.3864,0.019640000000000005,1.75,0.3000000000000007,0.07200000000000001
0.38645,0.020450000000000006,1.8999999999999995,0.3000000000000007,0.07100000000000001
0.3865,0.020985000000000004,1.9999999999999991,0.3000000000000007,0.07100000000000001
0.38655,0.021385000000000005,2.1000000000000005,0.3000000000000007,0.06999999999999998
0.3866,0.023725000000000007,2.4000000000000004,0.3000000000000007,0.06999999999999998
0.38665,0.023620000000000006,2.500000000000001,0.3000000000000007,0.06899999999999999
0.38670000000000004,0.023340000000000007,2.55,0.3000000000000007,0.06899999999999999
0.38675000000000004,0.022905000000000005,2.6000000000000005,0.3000000000000007,0.068
0.38680000000000003,0.020235000000000006,2.500000000000001,0.3000000000000007,0.068
0.38685,0.019780000000000006,2.5,0.3000000000000007,0.067
0.3869,0.019272500000000005,2.450000000000001,0.3000000000000007,0.067
0.38695,0.018820000000000003,2.3999999999999995,0.3000000000000007,0.066
0.387,0.018372500000000003,2.3999999999999995,0.3000000000000007,0.066
0.38705,0.017950000000000004,2.3499999999999996,0.3000000000000007,0.066
0.3871,0.019660000000000004,2.45,0.3000000000000007,0.06499999999999999
0.38715,0.019275000000000004,2.4499999999999984,0.3000000000000007,0.06499999999999999
0.38720000000000004,0.018950000000000005,2.4000000000000004,0.3000000000000007,0.06499999999999999
0.38725000000000004,0.018650000000000003,2.3999999999999995,0.3000000000000007,0.064
0.38730000000000003,0.016322500000000004,2.1999999999999993,0.3000000000000007,0.064
0.38735,0.016035000000000004,2.2,0.3000000000000007,0.064
0.3874,0.015775000000000004,2.1999999999999993,0.3000000000000007,0.064
0.38745,0.015567500000000003,2.1500000000000004,0.3000000000000007,0.063
0.3875,0.015482500000000003,2.1499999999999995,0.3000000000000007,0.063
0.38755,0.015450000000000004,2.1000000000000005,0.3000000000000007,0.063
0.3876,0.017665000000000004,2.25,0.3000000000000007,0.063
0.38765,0.017695000000000006,2.25,0.3000000000000007,0.064
0.38770000000000004,0.017852500000000004,2.25,0.3000000000000007,0.066
0.38775000000000004,0.018067500000000004,2.2000000000000006,0.3000000000000007,0.067
0.38780000000000003,0.018307500000000004,2.2,0.3000000000000007,0.067
0.38785000000000003,0.016330000000000004,2.05,0.3000000000000007,0.067
0.3879,0.016610000000000003,2.0499999999999994,0.3000000000000007,0.067
0.38795,0.016942500000000003,2.0000000000000004,0.3000000000000007,0.066
0.388,0.017297500000000004,2.0,0.3000000000000007,0.066
0.38805,0.017610000000000004,2.0000000000000004,0.3000000000000007,0.066
0.3881,0.020060000000000005,2.1999999999999997,0.3000000000000007,0.066
0.38815,0.020155000000000006,2.3,0.3000000000000007,0.066
0.38820000000000005,0.020125000000000004,2.349999999999999,0.3000000000000007,0.066
0.38825000000000004,0.020010000000000003,2.4,0.3000000000000007,0.066
0.38830000000000003,0.019902500000000004,2.3999999999999995,0.3000000000000007,0.066
0.38835000000000003,0.017605000000000006,2.25,0.3000000000000007,0.06499999999999999
0.3884,0.017515000000000003,2.2499999999999996,0.3000000000000007,0.06499999999999999
0.38845,0.017410000000000005,2.25,0.3000000000000007,0.06499999999999999
0.3885,0.017325000000000004,2.2,0.3000000000000007,0.06499999999999999
0.38855,0.017210000000000003,2.2,0.3000000000000007,0.06499999999999999
0.3886,0.019275000000000004,2.35,0.3000000000000007,0.06499999999999999
0.38865,0.019175000000000005,2.3500000000000005,0.3000000000000007,0.06499999999999999
0.38870000000000005,0.019085000000000005,2.3499999999999996,0.3000000000000007,0.06499999999999999
0.38875000000000004,0.018970000000000004,2.35,0.3000000000000007,0.06499999999999999
0.38880000000000003,0.018870000000000005,2.35,0.3000000000000007,0.064
0.38885000000000003,0.016640000000000005,2.15,0.3000000000000007,0.064
0.3889,0.016537500000000004,2.15,0.3000000000000007,0.064
0.38895,0.016395000000000003,2.15,0.3000000000000007,0.064
0.389,0.016200000000000003,2.15,0.3000000000000007,0.064
0.38905,0.016015000000000005,2.15,0.3000000000000007,0.064
0.3891,0.015717500000000002,2.15,0.3000000000000007,0.063
0.38915,0.015172500000000004,2.05,0.25,0.063
0.38920000000000005,0.012890000000000004,1.85,0.1999999999999993,0.062
0.38925000000000004,0.010385000000000002,1.7,0.1999999999999993,0.061
0.38930000000000003,0.008032500000000001,1.5,0.1999999999999993,0.060000000000000005
0.38935000000000003,0.006060000000000001,1.3,0.15000000000000036,0.058
0.3894,0.004367500000000001,1.15,0.09999999999999964,0.055
0.38945,0.0027175000000000007,0.9500000000000001,0.09999999999999964,0.051
0.3895,0.0011400000000000004,0.8,0.09999999999999964,0.045000000000000005
0.38955,0.00031500000000000007,0.5499999999999999,0.049999999999998934,0.036000000000000004
0.3896,0.0,0.3,0.0,0.023
0.38965,0.0,0.0,0.0,0.0
0.38970000000000005,0.0,0.0,0.0,0.0
0.38975000000000004,0.0,0.0,0.0,0.0
0.38980000000000004,0.0,0.0,0.0,0.0
0.38985000000000003,0.0,0.0,0.0,0.0
0.3899,0.0,0.0,0.0,0.0
0.38995,0.0,0.0,0.0,0.0
0.39,0.0,0.0,0.0,0.0
0.39005,0.00021500000000000005,0.15000000000000002,0.15000000000000036,0.008
0.3901,0.0017750000000000005,0.35,0.24999999999999822,0.032
0.39015,0.005705000000000002,0.6,0.3000000000000007,0.056
0.3902,0.007795000000000002,0.75,0.3000000000000007,0.062
0.39025000000000004,0.009862500000000003,0.9,0.3000000000000007,0.066
0.39030000000000004,0.011930000000000003,1.0,0.3000000000000007,0.06899999999999999
0.39035000000000003,0.011420000000000003,1.0,0.3000000000000007,0.06899999999999999
0.3904,0.013122500000000004,1.15,0.3000000000000007,0.06999999999999998
0.39045,0.014807500000000003,1.25,0.3000000000000007,0.07100000000000001
0.3905,0.016320000000000005,1.4,0.3000000000000007,0.07200000000000001
0.39055,0.017585000000000003,1.5499999999999998,0.3000000000000007,0.07200000000000001
0.3906,0.018810000000000004,1.6500000000000001,0.3000000000000007,0.07200000000000001
0.39065,0.022100000000000005,1.9500000000000002,0.3000000000000007,0.07200000000000001
0.3907,0.022880000000000005,2.1,0.3000000000000007,0.07100000000000001
0.39075000000000004,0.023375000000000007,2.1999999999999997,0.3000000000000007,0.07100000000000001
0.39080000000000004,0.023662500000000006,2.3000000000000003,0.3000000000000007,0.06999999999999998
0.39085000000000003,0.021497500000000006,2.3000000000000003,0.3000000000000007,0.06999999999999998
0.3909,0.021335000000000007,2.35,0.3000000000000007,0.06899999999999999
0.39095,0.021050000000000006,2.4,0.3000000000000007,0.06899999999999999
0.391,0.020607500000000004,2.4499999999999997,0.3000000000000007,0.068
0.39105,0.020137500000000006,2.45,0.3000000000000007,0.068
0.3911,0.019655000000000006,2.45,0.3000000000000007,0.067
0.39115,0.021247500000000006,2.5500000000000003,0.3000000000000007,0.067
0.3912,0.020787500000000004,2.5,0.3000000000000007,0.066
0.39125000000000004,0.020335000000000006,2.5,0.3000000000000007,0.066
0.39130000000000004,0.019925000000000005,2.45,0.3000000000000007,0.066
0.39135000000000003,0.017465000000000005,2.3,0.3000000000000007,0.06499999999999999
0.3914,0.017122500000000006,2.2500000000000004,0.3000000000000007,0.06499999999999999
0.39145,0.016807500000000003,2.2499999999999996,0.3000000000000007,0.06499999999999999
0.3915,0.016507500000000005,2.2,0.3000000000000007,0.064
0.39155,0.016242500000000003,2.1999999999999997,0.3000000000000007,0.064
0.3916,0.015977500000000006,2.15,0.3000000000000007,0.064
0.39165,0.017732500000000005,2.3,0.3000000000000007,0.064
0.3917,0.017667500000000006,2.3000000000000003,0.3000000000000007,0.063
0.39175000000000004,0.017650000000000006,2.3000000000000003,0.3000000000000007,0.063
0.39180000000000004,0.017622500000000003,2.3,0.3000000000000007,0.063
0.39185000000000003,0.015430000000000004,2.1,0.3000000000000007,0.063
0.3919,0.015500000000000003,2.1,0.3000000000000007,0.063
0.39195,0.015647500000000005,2.1000000000000005,0.3000000000000007,0.06499999999999999
0.392,0.015845000000000005,2.1,0.3000000000000007,0.066
0.39205,0.016145000000000003,2.05,0.3000000000000007,0.067
0.3921,0.016392500000000004,2.05,0.3000000000000007,0.067
0.39215,0.018922500000000005,2.1999999999999993,0.3000000000000007,0.067
0.3922,0.019257500000000004,2.2,0.3000000000000007,0.066
0.39225000000000004,0.019607500000000003,2.1499999999999995,0.3000000000000007,0.066
0.39230000000000004,0.019890000000000005,2.1999999999999993,0.3000000000000007,0.066
0.39235000000000003,0.017865000000000006,2.0999999999999996,0.3000000000000007,0.066
0.3924,0.017927500000000006,2.1500000000000004,0.3000000000000007,0.066
0.39245,0.017897500000000004,2.1999999999999993,0.3000000000000007,0.066
0.3925,0.017782500000000003,2.2,0.3000000000000007,0.066
0.39255,0.017705000000000005,2.1999999999999993,0.3000000000000007,0.06499999999999999
0.3926,0.017565000000000004,2.2,0.3000000000000007,0.06499999999999999
0.39265,0.019652500000000003,2.3500000000000005,0.3000000000000007,0.06499999999999999
0.3927,0.019562500000000003,2.3500000000000005,0.3000000000000007,0.06499999999999999
0.39275000000000004,0.019460000000000005,2.3499999999999996,0.3000000000000007,0.06499999999999999
0.39280000000000004,0.019350000000000006,2.3499999999999996,0.3000000000000007,0.06499999999999999
0.39285000000000003,0.017087500000000005,2.1500000000000004,0.3000000000000007,0.06499999999999999
0.3929,0.017017500000000005,2.1500000000000004,0.3000000000000007,0.06499999999999999
0.39295,0.016907500000000006,2.1500000000000012,0.3000000000000007,0.06499999999999999
0.393,0.016802500000000005,2.1499999999999995,0.3000000000000007,0.06499999999999999
0.39305,0.016717500000000003,2.1500000000000004,0.3000000000000007,0.064
0.3931,0.016600000000000004,2.1499999999999995,0.3000000000000007,0.064
0.39315,0.018545000000000006,2.299999999999999,0.3000000000000007,0.064
0.3932,0.018392500000000006,2.3000000000000007,0.3000000000000007,0.064
0.39325000000000004,0.018172500000000005,2.299999999999999,0.3000000000000007,0.064
0.39330000000000004,0.017857500000000005,2.25,0.3000000000000007,0.064
0.39335000000000003,0.015610000000000004,2.0999999999999996,0.3000000000000007,0.063
0.3934,0.014505000000000004,2.0,0.1999999999999993,0.063
0.39345,0.012380000000000004,1.799999999999999,0.1999999999999993,0.062
0.3935,0.009925000000000003,1.6500000000000004,0.1999999999999993,0.061
0.39355,0.0076050000000000015,1.450000000000001,0.1999999999999993,0.060000000000000005
0.3936,0.005712500000000001,1.3000000000000007,0.15000000000000036,0.057
0.39365,0.003962500000000001,1.1500000000000004,0.09999999999999964,0.054
0.3937,0.0023275000000000006,0.9000000000000004,0.09999999999999964,0.049
0.39375000000000004,0.0008975000000000002,0.75,0.09999999999999964,0.043
0.39380000000000004,0.00018750000000000006,0.4999999999999982,0.049999999999998934,0.034
0.39385000000000003,0.0,0.1999999999999993,0.0,0.018000000000000002
0.39390000000000003,0.0,0.0,0.0,0.0
0.39395,0.0,0.0,0.0,0.0
0.394,0.0,0.0,0.0,0.0
0.39405,0.0,0.0,0.0,0.0
0.3941,0.0,0.0,0.0,0.0
0.39415,0.0,0.0,0.0,0.0
0.3942,0.0,0.0,0.0,0.0
0.39425000000000004,0.0005800000000000001,0.20000000000000107,0.20000000000000107,0.015000000000000001
0.39430000000000004,0.0022825000000000007,0.34999999999999964,0.25,0.036000000000000004
0.39435000000000003,0.004122500000000001,0.5000000000000018,0.29999999999999893,0.048
0.39440000000000003,0.003922500000000001,0.45000000000000107,0.29999999999999893,0.048
0.39445,0.005862500000000001,0.5999999999999996,0.29999999999999893,0.057
0.3945,0.007872500000000003,0.75,0.29999999999999893,0.063
0.39455,0.009895000000000003,0.8500000000000014,0.29999999999999893,0.067
0.3946,0.011830000000000004,1.0000000000000018,0.29999999999999893,0.06899999999999999
0.39465,0.015985000000000003,1.3000000000000007,0.29999999999999893,0.07100000000000001
0.3947,0.017610000000000004,1.4000000000000004,0.29999999999999893,0.07200000000000001
0.39475000000000005,0.019025000000000004,1.5500000000000007,0.29999999999999893,0.07200000000000001
0.39480000000000004,0.020250000000000004,1.6999999999999993,0.29999999999999893,0.07200000000000001
0.39485000000000003,0.021377500000000004,1.799999999999999,0.29999999999999893,0.07200000000000001
0.39490000000000003,0.019912500000000007,1.799999999999999,0.29999999999999893,0.07100000000000001
0.39495,0.020725000000000004,1.8999999999999986,0.29999999999999893,0.07100000000000001
0.395,0.021215000000000005,2.049999999999999,0.29999999999999893,0.07100000000000001
0.39505,0.021447500000000005,2.1500000000000004,0.29999999999999893,0.06999999999999998
0.3951,0.021472500000000005,2.250000000000001,0.29999999999999893,0.06899999999999999
0.39515,0.023492500000000006,2.5,0.29999999999999893,0.06899999999999999
0.3952,0.023140000000000004,2.5999999999999996,0.29999999999999893,0.068
0.39525000000000005,0.022655000000000005,2.5999999999999988,0.29999999999999893,0.068
0.39530000000000004,0.022205000000000006,2.5999999999999988,0.29999999999999893,0.067
0.39535000000000003,0.021685000000000006,2.5999999999999996,0.29999999999999893,0.067
0.39540000000000003,0.019067500000000005,2.3999999999999986,0.29999999999999893,0.067
0.39545,0.018610000000000005,2.4000000000000004,0.29999999999999893,0.066
0.3955,0.018192500000000004,2.3499999999999996,0.29999999999999893,0.066
0.39555,0.017800000000000003,2.3499999999999988,0.29999999999999893,0.06499999999999999
0.3956,0.017415000000000003,2.3,0.29999999999999893,0.06499999999999999
0.39565,0.019130000000000005,2.4000000000000012,0.29999999999999893,0.06499999999999999
0.3957,0.018802500000000003,2.4000000000000004,0.29999999999999893,0.06499999999999999
0.39575000000000005,0.018505000000000004,2.3500000000000005,0.29999999999999893,0.064
0.39580000000000004,0.018210000000000004,2.3500000000000005,0.29999999999999893,0.064
0.39585000000000004,0.017955000000000006,2.3,0.29999999999999893,0.064
0.39590000000000003,0.015707500000000003,2.1500000000000004,0.29999999999999893,0.063
0.39595,0.015500000000000003,2.1500000000000004,0.29999999999999893,0.063
0.396,0.015457500000000004,2.1000000000000005,0.29999999999999893,0.063
0.39605,0.015440000000000004,2.1000000000000005,0.29999999999999893,0.063
0.3961,0.015415000000000003,2.1000000000000005,0.29999999999999893,0.063
0.39615,0.015542500000000004,2.1000000000000005,0.29999999999999893,0.063
0.3962,0.017932500000000004,2.2,0.29999999999999893,0.066
0.39625000000000005,0.018145000000000005,2.1999999999999997,0.29999999999999893,0.067
0.39630000000000004,0.018412500000000005,2.1999999999999993,0.29999999999999893,0.067
0.39635000000000004,0.018662500000000005,2.15,0.29999999999999893,0.067
0.39640000000000003,0.016727500000000003,1.9999999999999996,0.29999999999999893,0.067
0.39645,0.017102500000000003,2.0000000000000004,0.29999999999999893,0.066
0.3965,0.017442500000000003,2.0,0.29999999999999893,0.066
0.39655,0.017745000000000004,2.0000000000000004,0.29999999999999893,0.066
0.3966,0.017907500000000003,2.1,0.29999999999999893,0.066
0.39665,0.017960000000000004,2.1500000000000004,0.29999999999999893,0.066
0.3967,0.020080000000000004,2.3500000000000005,0.29999999999999893,0.066
0.39675,0.019980000000000005,2.4,0.29999999999999893,0.066
0.39680000000000004,0.019837500000000004,2.3999999999999995,0.29999999999999893,0.06499999999999999
0.39685000000000004,0.019730000000000004,2.35,0.29999999999999893,0.06499999999999999
0.39690000000000003,0.017452500000000003,2.1999999999999997,0.29999999999999893,0.06499999999999999
0.39695,0.017360000000000004,2.2000000000000006,0.29999999999999893,0.06499999999999999
0.397,0.017242500000000004,2.2,0.29999999999999893,0.06499999999999999
0.39705,0.017155000000000004,2.1999999999999997,0.29999999999999893,0.06499999999999999
0.3971,0.017077500000000006,2.2,0.29999999999999893,0.06499999999999999
0.39715,0.016972500000000005,2.2,0.29999999999999893,0.06499999999999999
0.3972,0.019030000000000005,2.35,0.29999999999999893,0.06499999999999999
0.39725,0.018955000000000003,2.3,0.29999999999999893,0.06499999999999999
0.39730000000000004,0.018825000000000005,2.3,0.29999999999999893,0.064
0.39735000000000004,0.018727500000000005,2.3,0.29999999999999893,0.064
0.39740000000000003,0.016485000000000003,2.1500000000000004,0.29999999999999893,0.064
0.39745,0.016320000000000005,2.1500000000000004,0.29999999999999893,0.064
0.3975,0.016147500000000006,2.15,0.29999999999999893,0.064
0.39755,0.015910000000000004,2.15,0.29999999999999893,0.064
0.3976,0.015565000000000004,2.15,0.29999999999999893,0.063
0.39765,0.014125000000000004,2.0,0.20000000000000107,0.063
0.3977,0.011817500000000003,1.8,0.20000000000000107,0.062
0.39775,0.009360000000000002,1.6,0.20000000000000107,0.061
0.39780000000000004,0.007127500000000002,1.4,0.20000000000000107,0.059
0.39785000000000004,0.005315000000000001,1.25,0.15000000000000213,0.057
0.39790000000000003,0.003627500000000001,1.0999999999999999,0.10000000000000142,0.053
0.39795,0.0020075000000000006,0.9,0.10000000000000142,0.048
0.398,0.0007000000000000002,0.65,0.10000000000000142,0.041
0.39805,9.500000000000002e-05,0.44999999999999996,0.049999999999998934,0.032
0.3981,0.0,0.09999999999999998,0.0,0.013
0.39815,0.0,0.0,0.0,0.0
0.3982,0.0,0.0,0.0,0.0
0.39825,0.0,0.0,0.0,0.0
0.39830000000000004,0.0,0.0,0.0,0.0
0.39835000000000004,0.0,0.0,0.0,0.0
0.39840000000000003,0.0,0.0,0.0,0.0
0.39845,0.0,0.0,0.0,0.0
0.3985,0.0,0.0,0.0,0.0
0.39855,0.0008700000000000002,0.25,0.25,0.020999999999999998
0.3986,0.0025075000000000006,0.39999999999999997,0.29999999999999893,0.039
0.39865,0.004340000000000001,0.5,0.29999999999999893,0.051
0.3987,0.008637500000000003,0.8,0.29999999999999893,0.064
0.39875,0.010737500000000002,0.95,0.29999999999999893,0.067
0.39880000000000004,0.012770000000000004,1.05,0.29999999999999893,0.06899999999999999
0.39885000000000004,0.014667500000000003,1.2,0.29999999999999893,0.07100000000000001
0.39890000000000003,0.013872500000000003,1.2,0.29999999999999893,0.07100000000000001
0.39895,0.015467500000000004,1.2999999999999998,0.29999999999999893,0.07200000000000001
0.399,0.016865000000000005,1.45,0.29999999999999893,0.07200000000000001
0.39905,0.018142500000000006,1.5999999999999999,0.29999999999999893,0.07200000000000001
0.3991,0.019270000000000006,1.7000000000000002,0.29999999999999893,0.07200000000000001
0.39915,0.020140000000000005,1.85,0.29999999999999893,0.07100000000000001
0.3992,0.023135000000000006,2.0999999999999996,0.29999999999999893,0.07100000000000001
0.39925,0.023550000000000005,2.2499999999999996,0.29999999999999893,0.06999999999999998
0.39930000000000004,0.023720000000000005,2.35,0.29999999999999893,0.06999999999999998
0.39935000000000004,0.023692500000000005,2.45,0.29999999999999893,0.06899999999999999
0.39940000000000003,0.021257500000000006,2.4,0.29999999999999893,0.06899999999999999
0.39945,0.020900000000000005,2.4499999999999997,0.29999999999999893,0.068
0.3995,0.020435000000000005,2.5,0.29999999999999893,0.068
0.39955,0.019945000000000004,2.5,0.29999999999999893,0.067
0.3996,0.019460000000000005,2.45,0.29999999999999893,0.067
0.39965,0.018967500000000005,2.45,0.29999999999999893,0.067
0.3997,0.020620000000000006,2.55,0.29999999999999893,0.066
0.39975,0.020160000000000004,2.5,0.29999999999999893,0.066
0.39980000000000004,0.019792500000000005,2.5000000000000004,0.29999999999999893,0.06499999999999999
0.39985000000000004,0.019442500000000005,2.45,0.29999999999999893,0.06499999999999999
0.39990000000000003,0.017007500000000005,2.3,0.29999999999999893,0.06499999999999999
0.39995,0.016697500000000004,2.2500000000000004,0.29999999999999893,0.064
0.4,0.016427500000000005,2.25,0.29999999999999893,0.064
0.40005,0.016155000000000003,2.2,0.29999999999999893,0.064
0.4001,0.015877500000000003,2.2000000000000006,0.29999999999999893,0.064
0.40015,0.015612500000000003,2.15,0.29999999999999893,0.063
0.4002,0.017682500000000004,2.3,0.29999999999999893,0.063
0.40025,0.017645000000000004,2.3000000000000003,0.29999999999999893,0.063
0.40030000000000004,0.017670000000000005,2.2499999999999996,0.29999999999999893,0.063
0.40035000000000004,0.017707500000000004,2.25,0.29999999999999893,0.063
0.40040000000000003,0.017792500000000003,2.2499999999999996,0.29999999999999893,0.06499999999999999
0.40045000000000003,0.015732500000000003,2.0499999999999994,0.29999999999999893,0.06499999999999999
0.4005,0.015972500000000004,2.05,0.29999999999999893,0.066
0.40055,0.016232500000000004,2.05,0.29999999999999893,0.067
0.4006,0.016502500000000003,2.05,0.29999999999999893,0.067
0.40065,0.016822500000000004,2.05,0.29999999999999893,0.066
0.4007,0.019390000000000004,2.1500000000000004,0.29999999999999893,0.066
0.40075,0.019732500000000004,2.1499999999999995,0.29999999999999893,0.066
0.40080000000000005,0.020002500000000006,2.200000000000001,0.29999999999999893,0.066
0.40085000000000004,0.020130000000000006,2.25,0.29999999999999893,0.066
0.40090000000000003,0.020160000000000004,2.3,0.29999999999999893,0.066
0.40095000000000003,0.017882500000000006,2.25,0.29999999999999893,0.066
0.401,0.017752500000000004,2.250000000000001,0.29999999999999893,0.066
0.40105,0.017635000000000005,2.25,0.29999999999999893,0.06499999999999999
0.4011,0.017547500000000004,2.25,0.29999999999999893,0.06499999999999999
0.40115,0.017447500000000005,2.25,0.29999999999999893,0.06499999999999999
0.4012,0.019527500000000003,2.4000000000000012,0.29999999999999893,0.06499999999999999
0.40125,0.019447500000000006,2.3499999999999988,0.29999999999999893,0.06499999999999999
0.40130000000000005,0.019312500000000003,2.3499999999999996,0.29999999999999893,0.06499999999999999
0.40135000000000004,0.019220000000000004,2.3499999999999996,0.29999999999999893,0.06499999999999999
0.40140000000000003,0.019105000000000004,2.3499999999999996,0.29999999999999893,0.06499999999999999
0.40145000000000003,0.016850000000000004,2.2,0.29999999999999893,0.06499999999999999
0.4015,0.016765000000000006,2.2,0.29999999999999893,0.06499999999999999
0.40155,0.016665000000000003,2.1999999999999993,0.29999999999999893,0.064
0.4016,0.016550000000000006,2.200000000000001,0.29999999999999893,0.064
0.40165,0.016437500000000004,2.2,0.29999999999999893,0.064
0.4017,0.018305000000000005,2.299999999999999,0.29999999999999893,0.064
0.40175,0.018027500000000005,2.3000000000000016,0.29999999999999893,0.064
0.40180000000000005,0.017730000000000006,2.3,0.29999999999999893,0.063
0.40185000000000004,0.015990000000000004,2.1000000000000005,0.29999999999999893,0.063
0.40190000000000003,0.013815000000000003,1.950000000000001,0.20000000000000107,0.063
0.40195000000000003,0.011375000000000003,1.75,0.20000000000000107,0.062
0.402,0.008912500000000002,1.5999999999999996,0.20000000000000107,0.060000000000000005
0.40205,0.006672500000000001,1.4000000000000004,0.20000000000000107,0.059
0.4021,0.005000000000000001,1.200000000000001,0.15000000000000036,0.056
0.40215,0.003320000000000001,1.0,0.09999999999999787,0.052
0.4022,0.0016425000000000005,0.8499999999999996,0.09999999999999787,0.047
0.40225,0.00048250000000000013,0.5999999999999996,0.09999999999999787,0.04
0.40230000000000005,0.0,0.34999999999999964,0.0,0.029
0.40235000000000004,0.0,0.0,0.0,0.0
0.40240000000000004,0.0,0.0,0.0,0.0
0.40245000000000003,0.0,0.0,0.0,0.0
0.4025,0.0,0.0,0.0,0.0
0.40255,0.0,0.0,0.0,0.0
0.4026,0.0,0.0,0.0,0.0
0.40265,0.0,0.0,0.0,0.0
0.4027,0.0,0.0,0.0,0.0
0.40275,0.0013000000000000004,0.3000000000000007,0.24999999999999822,0.025
0.40280000000000005,0.003000000000000001,0.45000000000000107,0.29999999999999893,0.041999999999999996
0.40285000000000004,0.004952500000000001,0.6000000000000014,0.29999999999999893,0.053
0.40290000000000004,0.007015000000000002,0.7000000000000011,0.29999999999999893,0.060000000000000005
0.40295000000000003,0.006677500000000002,0.7000000000000011,0.29999999999999893,0.060000000000000005
0.403,0.008722500000000003,0.8499999999999996,0.29999999999999893,0.064
0.40305,0.010710000000000003,0.9500000000000011,0.29999999999999893,0.068
0.4031,0.012515000000000004,1.1000000000000014,0.29999999999999893,0.06999999999999998
0.40315,0.014182500000000004,1.2500000000000018,0.29999999999999893,0.07100000000000001
0.4032,0.015782500000000005,1.3000000000000007,0.29999999999999893,0.07200000000000001
0.40325,0.019485000000000006,1.5999999999999996,0.29999999999999893,0.07200000000000001
0.4033,0.020757500000000005,1.7500000000000018,0.29999999999999893,0.07200000000000001
0.40335000000000004,0.021802500000000006,1.8499999999999996,0.29999999999999893,0.07200000000000001
0.40340000000000004,0.022602500000000005,2.0,0.29999999999999893,0.07100000000000001
0.40345000000000003,0.020945000000000005,1.9499999999999993,0.29999999999999893,0.07100000000000001
0.4035,0.021362500000000006,2.0999999999999988,0.29999999999999893,0.06999999999999998
0.40355,0.021500000000000005,2.1999999999999993,0.29999999999999893,0.06999999999999998
0.4036,0.021417500000000006,2.3000000000000007,0.29999999999999893,0.06899999999999999
0.40365,0.021162500000000004,2.4000000000000004,0.29999999999999893,0.06899999999999999
0.4037,0.020775000000000005,2.4499999999999984,0.29999999999999893,0.068
0.40375,0.022470000000000007,2.6000000000000005,0.29999999999999893,0.068
0.4038,0.021965000000000005,2.6000000000000005,0.29999999999999893,0.067
0.40385000000000004,0.021462500000000006,2.5999999999999996,0.29999999999999893,0.067
0.40390000000000004,0.020962500000000005,2.5500000000000007,0.29999999999999893,0.066
0.40395000000000003,0.018410000000000006,2.3499999999999996,0.29999999999999893,0.066
0.404,0.018002500000000005,2.3500000000000005,0.29999999999999893,0.066
0.40405,0.017612500000000003,2.3,0.29999999999999893,0.06499999999999999
0.4041,0.017255000000000003,2.249999999999999,0.29999999999999893,0.06499999999999999
0.40415,0.016915000000000003,2.25,0.29999999999999893,0.06499999999999999
0.4042,0.016615000000000005,2.2,0.29999999999999893,0.064
0.40425,0.018367500000000005,2.3499999999999996,0.29999999999999893,0.064
0.4043,0.018107500000000006,2.3,0.29999999999999893,0.064
0.40435000000000004,0.017845000000000003,2.3,0.29999999999999893,0.064
0.40440000000000004,0.017687500000000005,2.3,0.29999999999999893,0.063
0.40445000000000003,0.015470000000000005,2.0999999999999988,0.29999999999999893,0.063
0.4045,0.015447500000000005,2.0999999999999996,0.29999999999999893,0.063
0.40455,0.015417500000000004,2.0999999999999996,0.29999999999999893,0.063
0.4046,0.015467500000000004,2.05,0.29999999999999893,0.062
0.40465,0.015580000000000004,2.05,0.29999999999999893,0.064
0.4047,0.015762500000000006,2.05,0.29999999999999893,0.06499999999999999
0.40475,0.018277500000000006,2.2,0.29999999999999893,0.067
0.4048,0.018542500000000003,2.15,0.29999999999999893,0.067
0.40485000000000004,0.018772500000000004,2.1499999999999995,0.29999999999999893,0.067
0.40490000000000004,0.019100000000000006,2.15,0.29999999999999893,0.066
0.40495000000000003,0.017262500000000004,1.9999999999999996,0.29999999999999893,0.066
0.405,0.017577500000000003,2.0,0.29999999999999893,0.066
0.40505,0.017847500000000006,2.0500000000000003,0.29999999999999893,0.066
0.4051,0.017937500000000006,2.1,0.29999999999999893,0.066
0.40515,0.017915000000000004,2.1499999999999995,0.29999999999999893,0.066
0.4052,0.017840000000000005,2.1999999999999997,0.29999999999999893,0.066
0.40525,0.019915000000000006,2.4000000000000004,0.29999999999999893,0.066
0.4053,0.019810000000000005,2.35,0.29999999999999893,0.06499999999999999
0.40535000000000004,0.019680000000000007,2.3499999999999996,0.29999999999999893,0.06499999999999999
0.40540000000000004,0.019580000000000004,2.35,0.29999999999999893,0.06499999999999999
0.40545000000000003,0.017310000000000006,2.1999999999999997,0.29999999999999893,0.06499999999999999
0.4055,0.017212500000000006,2.2,0.29999999999999893,0.06499999999999999
0.40555,0.017135000000000004,2.2,0.29999999999999893,0.06499999999999999
0.4056,0.017027500000000004,2.2,0.29999999999999893,0.06499999999999999
0.40565,0.016965000000000004,2.15,0.29999999999999893,0.06499999999999999
0.4057,0.016857500000000004,2.15,0.29999999999999893,0.06499999999999999
0.40575,0.018882500000000003,2.3,0.29999999999999893,0.064
0.4058,0.018782500000000004,2.3,0.29999999999999893,0.064
0.40585000000000004,0.018640000000000004,2.3,0.29999999999999893,0.064
0.40590000000000004,0.018455000000000006,2.3,0.29999999999999893,0.064
0.40595000000000003,0.016237500000000005,2.15,0.29999999999999893,0.064
0.406,0.016037500000000003,2.15,0.29999999999999893,0.064
0.40605,0.015745000000000006,2.1500000000000004,0.29999999999999893,0.063
0.4061,0.015087500000000004,2.05,0.29999999999999893,0.063
0.40615,0.013202500000000004,1.9000000000000001,0.1999999999999993,0.062
0.4062,0.010865000000000003,1.7,0.1999999999999993,0.061
0.40625,0.008390000000000002,1.55,0.1999999999999993,0.060000000000000005
0.4063,0.006310000000000001,1.3499999999999999,0.14999999999999858,0.058
0.40635000000000004,0.004597500000000001,1.2,0.09999999999999964,0.055
0.40640000000000004,0.0029525000000000007,0.9500000000000001,0.09999999999999964,0.051
0.40645000000000003,0.0013325000000000004,0.8,0.09999999999999964,0.046
0.40650000000000003,0.0003875000000000001,0.5499999999999999,0.09999999999999964,0.038
0.40655,0.0,0.3,0.0,0.026
0.4066,0.0,0.0,0.0,0.0
0.40665,0.0,0.0,0.0,0.0
0.4067,0.0,0.0,0.0,0.0
0.40675,0.0,0.0,0.0,0.0
0.4068,0.0,0.0,0.0,0.0
0.40685000000000004,0.0,0.0,0.0,0.0
0.40690000000000004,0.0,0.0,0.0,0.0
0.40695000000000003,0.0,0.0,0.0,0.0
0.40700000000000003,0.0,0.0,0.0,0.0
0.40705,0.0015100000000000003,0.3,0.2500000000000018,0.029
0.4071,0.0032300000000000007,0.4,0.3000000000000007,0.044
0.40715,0.005167500000000001,0.55,0.3000000000000007,0.054
0.4072,0.007112500000000002,0.7,0.3000000000000007,0.061
0.40725,0.011592500000000002,0.95,0.3000000000000007,0.068
0.4073,0.013595000000000003,1.0999999999999999,0.3000000000000007,0.06999999999999998
0.40735000000000005,0.015340000000000005,1.25,0.3000000000000007,0.07100000000000001
0.40740000000000004,0.016997500000000006,1.4,0.3000000000000007,0.07200000000000001
0.40745000000000003,0.018515000000000004,1.5,0.3000000000000007,0.07200000000000001
0.40750000000000003,0.017340000000000005,1.5,0.3000000000000007,0.07200000000000001
0.40755,0.018642500000000006,1.6,0.3000000000000007,0.07200000000000001
0.4076,0.019677500000000004,1.75,0.3000000000000007,0.07200000000000001
0.40765,0.020480000000000005,1.9000000000000004,0.3000000000000007,0.07100000000000001
0.4077,0.021022500000000006,2.0,0.3000000000000007,0.07100000000000001
0.40775,0.023645000000000006,2.25,0.3000000000000007,0.06999999999999998
0.4078,0.023730000000000005,2.4,0.3000000000000007,0.06999999999999998
0.40785000000000005,0.023595000000000005,2.5,0.3000000000000007,0.06899999999999999
0.40790000000000004,0.023317500000000005,2.55,0.3000000000000007,0.06899999999999999
0.40795000000000003,0.022890000000000004,2.6,0.3000000000000007,0.068
0.40800000000000003,0.020242500000000004,2.5,0.3000000000000007,0.068
0.40805,0.019737500000000005,2.45,0.3000000000000007,0.067
0.4081,0.019262500000000005,2.45,0.3000000000000007,0.067
0.40815,0.018785000000000003,2.4000000000000004,0.3000000000000007,0.066
0.4082,0.018317500000000004,2.4000000000000004,0.3000000000000007,0.066
0.40825,0.020022500000000006,2.5,0.3000000000000007,0.066
0.4083,0.019645000000000006,2.45,0.3000000000000007,0.06499999999999999
0.40835000000000005,0.019265000000000004,2.4499999999999997,0.3000000000000007,0.06499999999999999
0.40840000000000004,0.018925000000000004,2.4,0.3000000000000007,0.06499999999999999
0.40845000000000004,0.018615000000000003,2.3999999999999995,0.3000000000000007,0.064
0.40850000000000003,0.016290000000000002,2.1999999999999997,0.3000000000000007,0.064
0.40855,0.016012500000000002,2.1999999999999997,0.3000000000000007,0.064
0.4086,0.015785000000000004,2.1499999999999995,0.3000000000000007,0.064
0.40865,0.015575000000000004,2.15,0.3000000000000007,0.063
0.4087,0.015472500000000004,2.15,0.3000000000000007,0.063
0.40875,0.017657500000000003,2.25,0.3000000000000007,0.063
0.4088,0.017660000000000006,2.2499999999999996,0.3000000000000007,0.063
0.40885000000000005,0.017712500000000006,2.2499999999999996,0.3000000000000007,0.064
0.40890000000000004,0.017875000000000005,2.2,0.3000000000000007,0.066
0.40895000000000004,0.018077500000000003,2.2000000000000006,0.3000000000000007,0.067
0.40900000000000003,0.016060000000000005,2.0500000000000007,0.3000000000000007,0.067
0.40905,0.016330000000000004,2.05,0.3000000000000007,0.067
0.4091,0.016630000000000006,2.0,0.3000000000000007,0.067
0.40915,0.016982500000000005,2.000000000000001,0.3000000000000007,0.066
0.4092,0.017317500000000003,2.0,0.3000000000000007,0.066
0.40925,0.017647500000000003,2.0,0.3000000000000007,0.066
0.4093,0.020087500000000005,2.2,0.3000000000000007,0.066
0.40935000000000005,0.020190000000000007,2.25,0.3000000000000007,0.066
0.40940000000000004,0.020147500000000006,2.3499999999999996,0.3000000000000007,0.066
0.40945000000000004,0.020022500000000006,2.3999999999999995,0.3000000000000007,0.066
0.40950000000000003,0.017730000000000006,2.25,0.3000000000000007,0.066
0.40955,0.017630000000000003,2.25,0.3000000000000007,0.06499999999999999
0.4096,0.017510000000000005,2.250000000000001,0.3000000000000007,0.06499999999999999
0.40965,0.017425000000000003,2.2,0.3000000000000007,0.06499999999999999
0.4097,0.017312500000000005,2.200000000000001,0.3000000000000007,0.06499999999999999
0.40975,0.017207500000000004,2.1999999999999993,0.3000000000000007,0.06499999999999999
0.4098,0.017105000000000006,2.2,0.3000000000000007,0.06499999999999999
0.40985,0.017010000000000004,2.2,0.3000000000000007,0.06499999999999999
0.40990000000000004,0.016905000000000003,2.200000000000001,0.3000000000000007,0.06499999999999999
0.40995000000000004,0.016832500000000004,2.1999999999999993,0.3000000000000007,0.06499999999999999
0.41000000000000003,0.016735000000000003,2.2,0.3000000000000007,0.064
0.41005,0.016630000000000006,2.1499999999999995,0.3000000000000007,0.064
0.4101,0.016520000000000003,2.1500000000000004,0.3000000000000007,0.064
0.41015,0.016392500000000004,2.1499999999999986,0.3000000000000007,0.064
0.4102,0.016212500000000005,2.1500000000000004,0.3000000000000007,0.064
0.41025,0.015997500000000005,2.1499999999999995,0.3000000000000007,0.064
0.4103,0.015735000000000002,2.1500000000000004,0.3000000000000007,0.063
0.41035,0.014802500000000003,2.0500000000000007,0.2500000000000018,0.063
0.41040000000000004,0.012757500000000003,1.8500000000000014,0.20000000000000107,0.062
0.41045000000000004,0.010327500000000003,1.6999999999999993,0.20000000000000107,0.061
0.41050000000000003,0.007970000000000001,1.5,0.20000000000000107,0.060000000000000005
0.41055,0.006005000000000002,1.3000000000000007,0.15000000000000036,0.058
0.4106,0.004290000000000001,1.1500000000000004,0.10000000000000142,0.055
0.41065,0.002640000000000001,0.9500000000000011,0.10000000000000142,0.05
0.4107,0.0010975000000000002,0.75,0.10000000000000142,0.044
0.41075,0.0002850000000000001,0.5500000000000007,0.05000000000000071,0.036000000000000004
0.4108,0.0,0.25,0.0,0.022
0.41085,0.0,0.0,0.0,0.0
0.41090000000000004,0.0,0.0,0.0,0.0
0.41095000000000004,0.0,0.0,0.0,0.0
0.41100000000000003,0.0,0.0,0.0,0.0
0.41105,0.0,0.0,0.0,0.0
0.4111,0.0,0.0,0.0,0.0
0.41115,0.0,0.0,0.0,0.0
0.4112,0.0,0.0,0.0,0.0
0.41125,0.0002800000000000001,0.15000000000000036,0.15000000000000036,0.01
0.4113,0.0018600000000000005,0.34999999999999964,0.25,0.033
0.41135,0.0036125000000000007,0.45000000000000107,0.3000000000000007,0.047
0.41140000000000004,0.005552500000000001,0.5999999999999996,0.3000000000000007,0.056
0.41145000000000004,0.007522500000000002,0.75,0.3000000000000007,0.062
0.41150000000000003,0.009567500000000003,0.8500000000000014,0.3000000000000007,0.066
0.41155,0.011497500000000003,1.0000000000000018,0.3000000000000007,0.06899999999999999
0.4116,0.013197500000000003,1.1500000000000004,0.3000000000000007,0.06999999999999998
0.41165,0.014885000000000004,1.25,0.3000000000000007,0.07100000000000001
0.4117,0.016375000000000004,1.4000000000000004,0.3000000000000007,0.07200000000000001
0.41175,0.017660000000000006,1.5500000000000007,0.3000000000000007,0.07200000000000001
0.4118,0.018842500000000005,1.6499999999999986,0.3000000000000007,0.07200000000000001
0.41185,0.019802500000000004,1.799999999999999,0.3000000000000007,0.07200000000000001
0.41190000000000004,0.020635000000000004,1.9499999999999993,0.3000000000000007,0.07100000000000001
0.41195000000000004,0.021132500000000005,2.049999999999999,0.3000000000000007,0.07100000000000001
0.41200000000000003,0.021407500000000006,2.1500000000000004,0.3000000000000007,0.06999999999999998
0.41205,0.021485000000000004,2.3,0.3000000000000007,0.06999999999999998
0.4121,0.021335000000000007,2.3500000000000005,0.3000000000000007,0.06899999999999999
0.41215,0.021032500000000006,2.4499999999999993,0.3000000000000007,0.06899999999999999
0.4122,0.020600000000000004,2.5,0.3000000000000007,0.068
0.41225,0.020125000000000004,2.500000000000001,0.3000000000000007,0.068
0.4123,0.019640000000000005,2.499999999999999,0.3000000000000007,0.067
0.41235,0.019112500000000004,2.4499999999999993,0.3000000000000007,0.067
0.41240000000000004,0.018675000000000004,2.4000000000000004,0.3000000000000007,0.066
0.41245000000000004,0.018252500000000005,2.4000000000000004,0.3000000000000007,0.066
0.41250000000000003,0.019915000000000006,2.499999999999999,0.3000000000000007,0.066
0.41255000000000003,0.017455000000000005,2.3500000000000005,0.3000000000000007,0.06499999999999999
0.4126,0.017122500000000006,2.3,0.3000000000000007,0.06499999999999999
0.41265,0.016817500000000003,2.250000000000001,0.3000000000000007,0.06499999999999999
0.4127,0.016497500000000005,2.25,0.3000000000000007,0.064
0.41275,0.016222500000000004,2.25,0.3000000000000007,0.064
0.4128,0.015990000000000004,2.2,0.3000000000000007,0.064
0.41285,0.015732500000000003,2.2,0.3000000000000007,0.063
0.41290000000000004,0.015492500000000005,2.0999999999999996,0.3000000000000007,0.063
0.41295000000000004,0.015455000000000003,2.1499999999999995,0.3000000000000007,0.063
0.41300000000000003,0.017625000000000005,2.3,0.3000000000000007,0.063
0.41305000000000003,0.015440000000000004,2.1000000000000005,0.3000000000000007,0.063
0.4131,0.015482500000000003,2.1000000000000005,0.3000000000000007,0.063
0.41315,0.015627500000000003,2.0999999999999996,0.3000000000000007,0.06499999999999999
0.4132,0.015867500000000003,2.1000000000000005,0.3000000000000007,0.066
0.41325,0.016140000000000005,2.0499999999999994,0.3000000000000007,0.067
0.4133,0.016390000000000005,2.05,0.3000000000000007,0.067
0.41335,0.016692500000000002,2.0499999999999994,0.3000000000000007,0.067
0.41340000000000005,0.017037500000000004,2.0500000000000003,0.3000000000000007,0.066
0.41345000000000004,0.017400000000000006,2.0,0.3000000000000007,0.066
0.41350000000000003,0.019925000000000005,2.2000000000000006,0.3000000000000007,0.066
0.41355000000000003,0.017900000000000006,2.1,0.3000000000000007,0.066
0.4136,0.017955000000000006,2.1500000000000004,0.3000000000000007,0.066
0.41365,0.017907500000000003,2.2000000000000006,0.3000000000000007,0.066
0.4137,0.017810000000000003,2.25,0.3000000000000007,0.066
0.41375,0.017672500000000004,2.2499999999999996,0.3000000000000007,0.06499999999999999
0.4138,0.017570000000000006,2.25,0.3000000000000007,0.06499999999999999
0.41385,0.017472500000000005,2.2499999999999996,0.3000000000000007,0.06499999999999999
0.41390000000000005,0.017385000000000005,2.2500000000000004,0.3000000000000007,0.06499999999999999
0.41395000000000004,0.017270000000000004,2.25,0.3000000000000007,0.06499999999999999
0.41400000000000003,0.019372500000000004,2.4000000000000004,0.3000000000000007,0.06499999999999999
0.41405000000000003,0.017102500000000003,2.2,0.3000000000000007,0.06499999999999999
0.4141,0.016985000000000004,2.2,0.3000000000000007,0.06499999999999999
0.41415,0.016897500000000003,2.2,0.3000000000000007,0.06499999999999999
0.4142,0.016807500000000003,2.2,0.3000000000000007,0.06499999999999999
0.41425,0.016705000000000005,2.2,0.3000000000000007,0.064
0.4143,0.016585000000000003,2.2,0.3000000000000007,0.064
0.41435,0.016477500000000003,2.2,0.3000000000000007,0.064
0.41440000000000005,0.016325000000000003,2.2,0.3000000000000007,0.064
0.41445000000000004,0.016160000000000004,2.1,0.3000000000000007,0.064
0.41450000000000004,0.017847500000000006,2.25,0.3000000000000007,0.064
0.41455000000000003,0.015607500000000003,2.1,0.3000000000000007,0.063
0.4146,0.014445000000000003,2.0,0.1999999999999993,0.063
0.41465,0.012260000000000004,1.8,0.1999999999999993,0.062
0.4147,0.009822500000000003,1.65,0.1999999999999993,0.061
0.41475,0.007515000000000002,1.45,0.1999999999999993,0.059
0.4148,0.005640000000000002,1.3,0.15000000000000036,0.057
0.41485,0.003927500000000001,1.0999999999999999,0.09999999999999964,0.054
0.41490000000000005,0.0022800000000000008,0.9,0.09999999999999964,0.049
0.41495000000000004,0.0008775000000000002,0.75,0.09999999999999964,0.043
0.41500000000000004,0.00018250000000000004,0.5,0.05000000000000071,0.033
0.41505000000000003,0.0,0.2,0.0,0.018000000000000002
0.4151,0.0,0.0,0.0,0.0
0.41515,0.0,0.0,0.0,0.0
0.4152,0.0,0.0,0.0,0.0
0.41525,0.0,0.0,0.0,0.0
0.4153,0.0,0.0,0.0,0.0
0.41535,0.0,0.0,0.0,0.0
0.41540000000000005,0.0,0.0,0.0,0.0
0.41545000000000004,0.0,0.0,0.0,0.0
0.41550000000000004,0.0006225000000000001,0.2,0.1999999999999993,0.016
0.41555000000000003,0.0021925000000000004,0.39999999999999997,0.3000000000000007,0.036000000000000004
0.4156,0.004002500000000001,0.5,0.3000000000000007,0.049
0.41565,0.0059250000000000014,0.6,0.3000000000000007,0.057
0.4157,0.007952500000000001,0.75,0.3000000000000007,0.063
0.41575,0.009967500000000002,0.85,0.3000000000000007,0.067
0.4158,0.011887500000000002,1.0,0.3000000000000007,0.06899999999999999
0.41585,0.013577500000000003,1.15,0.3000000000000007,0.07100000000000001
0.41590000000000005,0.015202500000000004,1.25,0.3000000000000007,0.07100000000000001
0.41595000000000004,0.016660000000000005,1.4,0.3000000000000007,0.07200000000000001
0.41600000000000004,0.017940000000000005,1.5499999999999998,0.3000000000000007,0.07200000000000001
0.41605000000000003,0.019047500000000005,1.6500000000000001,0.3000000000000007,0.07200000000000001
0.4161,0.019955000000000004,1.8,0.3000000000000007,0.07100000000000001
0.41615,0.020760000000000004,1.9000000000000001,0.3000000000000007,0.07100000000000001
0.4162,0.021212500000000006,2.05,0.3000000000000007,0.07100000000000001
0.41625,0.021447500000000005,2.15,0.3000000000000007,0.06999999999999998
0.4163,0.021482500000000005,2.2500000000000004,0.3000000000000007,0.06899999999999999
0.41635,0.021287500000000004,2.35,0.3000000000000007,0.06899999999999999
0.4164,0.020932500000000007,2.45,0.3000000000000007,0.068
0.41645000000000004,0.020507500000000005,2.45,0.3000000000000007,0.068
0.41650000000000004,0.020045000000000004,2.45,0.3000000000000007,0.067
0.41655000000000003,0.019535000000000004,2.4499999999999997,0.3000000000000007,0.067
0.4166,0.019055000000000006,2.3999999999999995,0.3000000000000007,0.067
0.41665,0.018582500000000005,2.4000000000000004,0.3000000000000007,0.066
0.4167,0.018167500000000003,2.35,0.3000000000000007,0.066
0.41675,0.017762500000000004,2.3,0.3000000000000007,0.06499999999999999
0.4168,0.017387500000000004,2.3,0.3000000000000007,0.06499999999999999
0.41685,0.017060000000000006,2.25,0.3000000000000007,0.06499999999999999
0.4169,0.016732500000000004,2.2499999999999996,0.3000000000000007,0.064
0.41695000000000004,0.016445000000000005,2.2,0.3000000000000007,0.064
0.41700000000000004,0.016165000000000006,2.1999999999999997,0.3000000000000007,0.064
0.41705000000000003,0.015922500000000003,2.15,0.3000000000000007,0.064
0.4171,0.015690000000000003,2.1500000000000004,0.3000000000000007,0.063
0.41715,0.015480000000000004,2.150000000000001,0.3000000000000007,0.063
0.4172,0.015457500000000004,2.1,0.3000000000000007,0.063
0.41725,0.015430000000000004,2.1000000000000005,0.3000000000000007,0.063
0.4173,0.015435000000000004,2.1,0.3000000000000007,0.062
0.41735,0.015532500000000005,2.0500000000000003,0.3000000000000007,0.063
0.4174,0.015685000000000004,2.0500000000000007,0.3000000000000007,0.06499999999999999
0.41745000000000004,0.015910000000000004,2.05,0.3000000000000007,0.066
0.41750000000000004,0.016175000000000005,2.05,0.3000000000000007,0.067
0.41755000000000003,0.016457500000000003,2.0,0.3000000000000007,0.067
0.4176,0.016755000000000003,2.0,0.3000000000000007,0.067
0.41765,0.017095000000000006,2.0,0.3000000000000007,0.066
0.4177,0.017445000000000006,2.0,0.3000000000000007,0.066
0.41775,0.017732500000000005,2.0,0.3000000000000007,0.066
0.4178,0.017922500000000004,2.0999999999999996,0.3000000000000007,0.066
0.41785,0.017947500000000005,2.1500000000000004,0.3000000000000007,0.066
0.4179,0.017877500000000004,2.1999999999999993,0.3000000000000007,0.066
0.41795000000000004,0.017787500000000005,2.25,0.3000000000000007,0.066
0.41800000000000004,0.017657500000000003,2.249999999999999,0.3000000000000007,0.06499999999999999
0.41805000000000003,0.017565000000000004,2.2,0.3000000000000007,0.06499999999999999
0.4181,0.017457500000000004,2.2,0.3000000000000007,0.06499999999999999
0.41815,0.017342500000000004,2.2,0.3000000000000007,0.06499999999999999
0.4182,0.017255000000000003,2.2,0.3000000000000007,0.06499999999999999
0.41825,0.017150000000000006,2.2,0.3000000000000007,0.06499999999999999
0.4183,0.017062500000000005,2.200000000000001,0.3000000000000007,0.06499999999999999
0.41835,0.016962500000000005,2.1999999999999993,0.3000000000000007,0.06499999999999999
0.4184,0.016905000000000003,2.1499999999999995,0.3000000000000007,0.06499999999999999
0.41845000000000004,0.016810000000000005,2.1499999999999995,0.3000000000000007,0.06499999999999999
0.41850000000000004,0.016697500000000004,2.1500000000000004,0.3000000000000007,0.064
0.41855000000000003,0.016575000000000003,2.1499999999999986,0.3000000000000007,0.064
0.4186,0.016450000000000003,2.1499999999999995,0.3000000000000007,0.064
0.41865,0.016322500000000004,2.1499999999999995,0.3000000000000007,0.064
0.4187,0.016120000000000002,2.1500000000000004,0.3000000000000007,0.064
0.41875,0.015872500000000005,2.1500000000000004,0.3000000000000007,0.064
0.4188,0.015525000000000004,2.1500000000000004,0.3000000000000007,0.063
0.41885,0.014037500000000003,1.950000000000001,0.1999999999999993,0.063
0.4189,0.011737500000000003,1.75,0.1999999999999993,0.062
0.41895000000000004,0.009320000000000002,1.5999999999999996,0.1999999999999993,0.061
0.41900000000000004,0.007077500000000002,1.4000000000000004,0.1999999999999993,0.059
0.41905000000000003,0.005230000000000001,1.2500000000000018,0.14999999999999858,0.057
0.41910000000000003,0.003575000000000001,1.1000000000000014,0.09999999999999964,0.053
0.41915,0.0019475000000000004,0.8499999999999996,0.09999999999999964,0.048
0.4192,0.0006675000000000001,0.6500000000000004,0.09999999999999964,0.041
0.41925,8.250000000000003e-05,0.4499999999999993,0.049999999999998934,0.031
0.4193,0.0,0.09999999999999964,0.0,0.012
0.41935,0.0,0.0,0.0,0.0
0.4194,0.0,0.0,0.0,0.0
0.41945000000000005,0.0,0.0,0.0,0.0
0.41950000000000004,0.0,0.0,0.0,0.0
0.41955000000000003,0.0,0.0,0.0,0.0
0.41960000000000003,0.0,0.0,0.0,0.0
0.41965,0.0,0.0,0.0,0.0
0.4197,0.0,0.0,0.0,0.0
0.41975,0.0009275000000000003,0.2500000000000018,0.25,0.022
0.4198,0.0025750000000000005,0.40000000000000036,0.3000000000000007,0.04
0.41985,0.004417500000000001,0.5,0.3000000000000007,0.051
0.4199,0.006360000000000002,0.6499999999999986,0.3000000000000007,0.059
0.41995000000000005,0.008387500000000003,0.8000000000000007,0.3000000000000007,0.064
0.42000000000000004,0.010412500000000003,0.9000000000000004,0.3000000000000007,0.067
0.42005000000000003,0.014727500000000004,1.200000000000001,0.3000000000000007,0.07100000000000001
0.42010000000000003,0.013950000000000004,1.200000000000001,0.3000000000000007,0.07100000000000001
0.42015,0.015545000000000003,1.3000000000000007,0.3000000000000007,0.07200000000000001
0.4202,0.016912500000000004,1.450000000000001,0.3000000000000007,0.07200000000000001
0.42025,0.018190000000000005,1.5999999999999996,0.3000000000000007,0.07200000000000001
0.4203,0.019315000000000006,1.700000000000001,0.3000000000000007,0.07200000000000001
0.42035,0.020177500000000004,1.8499999999999996,0.3000000000000007,0.07100000000000001
0.4204,0.020865000000000005,1.9499999999999993,0.3000000000000007,0.07100000000000001
0.42045000000000005,0.021307500000000007,2.0999999999999988,0.3000000000000007,0.06999999999999998
0.42050000000000004,0.021487500000000007,2.1999999999999993,0.3000000000000007,0.06999999999999998
0.42055000000000003,0.023707500000000006,2.450000000000001,0.3000000000000007,0.06899999999999999
0.42060000000000003,0.021235000000000004,2.4000000000000004,0.3000000000000007,0.06899999999999999
0.42065,0.020862500000000006,2.4499999999999984,0.3000000000000007,0.068
0.4207,0.020430000000000004,2.5,0.3000000000000007,0.068
0.42075,0.019945000000000004,2.499999999999999,0.3000000000000007,0.067
0.4208,0.019430000000000006,2.45,0.3000000000000007,0.067
0.42085,0.018965000000000006,2.4499999999999993,0.3000000000000007,0.067
0.4209,0.018522500000000004,2.4000000000000004,0.3000000000000007,0.066
0.42095000000000005,0.018082500000000005,2.3500000000000005,0.3000000000000007,0.066
0.42100000000000004,0.017712500000000006,2.3500000000000005,0.3000000000000007,0.06499999999999999
0.42105000000000004,0.019405000000000006,2.450000000000001,0.3000000000000007,0.06499999999999999
0.42110000000000003,0.016992500000000004,2.25,0.3000000000000007,0.06499999999999999
0.42115,0.016695000000000005,2.25,0.3000000000000007,0.064
0.4212,0.016420000000000004,2.25,0.3000000000000007,0.064
0.42125,0.016115000000000004,2.2,0.3000000000000007,0.064
0.4213,0.015872500000000005,2.1999999999999993,0.3000000000000007,0.064
0.42135,0.015635000000000003,2.1500000000000004,0.3000000000000007,0.063
0.4214,0.015495000000000004,2.1499999999999995,0.3000000000000007,0.063
0.42145000000000005,0.015445000000000004,2.1500000000000004,0.3000000000000007,0.063
0.42150000000000004,0.015442500000000003,2.0999999999999996,0.3000000000000007,0.063
0.42155000000000004,0.015440000000000004,2.0999999999999996,0.3000000000000007,0.062
0.42160000000000003,0.015532500000000005,2.0999999999999996,0.3000000000000007,0.064
0.42165,0.015732500000000003,2.05,0.3000000000000007,0.06499999999999999
0.4217,0.015975000000000003,2.05,0.3000000000000007,0.066
0.42175,0.016225000000000003,2.0500000000000007,0.3000000000000007,0.067
0.4218,0.016512500000000003,2.0500000000000003,0.3000000000000007,0.067
0.42185,0.016835000000000003,2.0,0.3000000000000007,0.066
0.4219,0.017177500000000005,1.9999999999999996,0.3000000000000007,0.066
0.42195000000000005,0.017522500000000003,2.0,0.3000000000000007,0.066
0.42200000000000004,0.017800000000000003,2.0500000000000003,0.3000000000000007,0.066
0.42205000000000004,0.017910000000000006,2.1,0.3000000000000007,0.066
0.42210000000000003,0.017935000000000003,2.1499999999999995,0.3000000000000007,0.066
0.42215,0.017870000000000004,2.2500000000000004,0.3000000000000007,0.066
0.4222,0.017740000000000006,2.2500000000000004,0.3000000000000007,0.066
0.42225,0.017637500000000004,2.25,0.3000000000000007,0.06499999999999999
0.4223,0.017545000000000005,2.2500000000000004,0.3000000000000007,0.06499999999999999
0.42235,0.017437500000000005,2.25,0.3000000000000007,0.06499999999999999
0.4224,0.017355000000000006,2.1999999999999997,0.3000000000000007,0.06499999999999999
0.42245000000000005,0.017250000000000005,2.2,0.3000000000000007,0.06499999999999999
0.42250000000000004,0.017147500000000003,2.2,0.3000000000000007,0.06499999999999999
0.42255000000000004,0.017042500000000006,2.2,0.3000000000000007,0.06499999999999999
0.42260000000000003,0.016955000000000005,2.1999999999999997,0.3000000000000007,0.06499999999999999
0.42265,0.016870000000000003,2.1999999999999997,0.3000000000000007,0.06499999999999999
0.4227,0.016767500000000005,2.2,0.3000000000000007,0.06499999999999999
0.42275,0.016667500000000005,2.2,0.3000000000000007,0.064
0.4228,0.016565000000000003,2.15,0.3000000000000007,0.064
0.42285,0.016442500000000006,2.15,0.3000000000000007,0.064
0.4229,0.016290000000000002,2.15,0.3000000000000007,0.064
0.42295,0.016082500000000003,2.15,0.3000000000000007,0.064
0.42300000000000004,0.015830000000000004,2.1500000000000004,0.3000000000000007,0.063
0.42305000000000004,0.015310000000000004,2.1500000000000004,0.3000000000000007,0.063
0.42310000000000003,0.013602500000000003,1.95,0.20000000000000107,0.063
0.42315,0.011260000000000003,1.75,0.20000000000000107,0.062
0.4232,0.008792500000000002,1.6,0.20000000000000107,0.060000000000000005
0.42325,0.006615000000000002,1.3499999999999999,0.20000000000000107,0.059
0.4233,0.004927500000000001,1.2,0.10000000000000142,0.056
0.42335,0.003247500000000001,1.0,0.10000000000000142,0.052
0.4234,0.0016100000000000003,0.85,0.10000000000000142,0.047
0.42345,0.0004750000000000001,0.6,0.10000000000000142,0.039
0.42350000000000004,0.0,0.35000000000000003,0.0,0.028
0.42355000000000004,0.0,0.0,0.0,0.0
0.42360000000000003,0.0,0.0,0.0,0.0
0.42365,0.0,0.0,0.0,0.0
0.4237,0.0,0.0,0.0,0.0
0.42375,0.0,0.0,0.0,0.0
0.4238,0.0,0.0,0.0,0.0
0.42385,0.0,0.0,0.0,0.0
0.4239,0.0,0.0,0.0,0.0
0.42395,0.0,0.0,0.0,0.0
0.42400000000000004,0.0012325000000000003,0.3,0.25,0.026
0.42405000000000004,0.0029225000000000006,0.45,0.29999999999999893,0.043
0.42410000000000003,0.004822500000000001,0.55,0.29999999999999893,0.053
0.42415,0.006750000000000002,0.7,0.29999999999999893,0.060000000000000005
0.4242,0.008817500000000002,0.7999999999999999,0.29999999999999893,0.06499999999999999
0.42425,0.010817500000000002,0.95,0.29999999999999893,0.068
0.4243,0.012595000000000004,1.0999999999999999,0.29999999999999893,0.06999999999999998
0.42435,0.014252500000000003,1.25,0.29999999999999893,0.07100000000000001
0.4244,0.015862500000000005,1.3499999999999999,0.29999999999999893,0.07200000000000001
0.42445,0.017155000000000004,1.5,0.29999999999999893,0.07200000000000001
0.42450000000000004,0.018450000000000005,1.65,0.29999999999999893,0.07200000000000001
0.42455000000000004,0.019495000000000005,1.75,0.29999999999999893,0.07200000000000001
0.42460000000000003,0.020337500000000005,1.9000000000000004,0.29999999999999893,0.07100000000000001
0.42465,0.020967500000000007,2.0,0.29999999999999893,0.07100000000000001
0.4247,0.021370000000000007,2.15,0.29999999999999893,0.06999999999999998
0.42475,0.021502500000000004,2.25,0.29999999999999893,0.06999999999999998
0.4248,0.021407500000000006,2.3000000000000003,0.29999999999999893,0.06899999999999999
0.42485,0.021172500000000004,2.4,0.29999999999999893,0.06899999999999999
0.4249,0.020752500000000004,2.4499999999999997,0.29999999999999893,0.068
0.42495,0.020275000000000005,2.45,0.29999999999999893,0.068
0.42500000000000004,0.019805000000000007,2.45,0.29999999999999893,0.067
0.42505000000000004,0.019327500000000004,2.45,0.29999999999999893,0.067
0.42510000000000003,0.020952500000000006,2.55,0.29999999999999893,0.066
0.42515000000000003,0.018392500000000006,2.3499999999999996,0.29999999999999893,0.066
0.4252,0.017965000000000005,2.3499999999999996,0.29999999999999893,0.066
0.42525,0.017570000000000006,2.3000000000000003,0.29999999999999893,0.06499999999999999
0.4253,0.017260000000000005,2.2500000000000004,0.29999999999999893,0.06499999999999999
0.42535,0.016907500000000006,2.25,0.29999999999999893,0.06499999999999999
0.4254,0.016605000000000005,2.2,0.29999999999999893,0.064
0.42545,0.016332500000000003,2.1999999999999997,0.29999999999999893,0.064
0.42550000000000004,0.016072500000000003,2.15,0.29999999999999893,0.064
0.42555000000000004,0.015817500000000005,2.1500000000000004,0.29999999999999893,0.064
0.42560000000000003,0.017677500000000006,2.35,0.29999999999999893,0.063
0.42565000000000003,0.015450000000000004,2.15,0.29999999999999893,0.063
0.4257,0.015445000000000004,2.1499999999999995,0.29999999999999893,0.063
0.42575,0.015410000000000004,2.15,0.29999999999999893,0.063
0.4258,0.015467500000000004,2.099999999999999,0.29999999999999893,0.062
0.42585,0.015580000000000004,2.0999999999999996,0.29999999999999893,0.064
0.4259,0.015765000000000005,2.1,0.29999999999999893,0.06499999999999999
0.42595,0.016047500000000003,2.0500000000000007,0.29999999999999893,0.066
0.42600000000000005,0.016302500000000004,2.05,0.29999999999999893,0.067
0.42605000000000004,0.016577500000000005,2.0500000000000007,0.29999999999999893,0.067
0.42610000000000003,0.019122500000000004,2.2,0.29999999999999893,0.066
0.42615000000000003,0.017277500000000005,2.0,0.29999999999999893,0.066
0.4262,0.017592500000000004,2.0500000000000007,0.29999999999999893,0.066
0.42625,0.017820000000000006,2.1000000000000005,0.29999999999999893,0.066
0.4263,0.017930000000000005,2.1500000000000004,0.29999999999999893,0.066
0.42635,0.017937500000000006,2.1999999999999993,0.29999999999999893,0.066
0.4264,0.017812500000000005,2.2,0.29999999999999893,0.066
0.42645,0.017732500000000005,2.200000000000001,0.29999999999999893,0.066
0.42650000000000005,0.017607500000000005,2.2,0.29999999999999893,0.06499999999999999
0.42655000000000004,0.017490000000000006,2.2,0.29999999999999893,0.06499999999999999
0.42660000000000003,0.019592500000000006,2.3499999999999988,0.29999999999999893,0.06499999999999999
0.42665000000000003,0.017320000000000006,2.1999999999999984,0.29999999999999893,0.06499999999999999
0.4267,0.017220000000000003,2.2,0.29999999999999893,0.06499999999999999
0.42675,0.017110000000000004,2.1999999999999993,0.29999999999999893,0.06499999999999999
0.4268,0.017045000000000005,2.1499999999999995,0.29999999999999893,0.06499999999999999
0.42685,0.016932500000000003,2.1500000000000004,0.29999999999999893,0.06499999999999999
0.4269,0.016847500000000005,2.1500000000000004,0.29999999999999893,0.06499999999999999
0.42695,0.016745000000000003,2.1500000000000012,0.29999999999999893,0.064
0.42700000000000005,0.016647500000000003,2.1499999999999995,0.29999999999999893,0.064
0.42705000000000004,0.016515000000000005,2.1500000000000012,0.29999999999999893,0.064
0.42710000000000004,0.018457500000000005,2.3000000000000007,0.29999999999999893,0.064
0.42715000000000003,0.016232500000000004,2.1500000000000004,0.29999999999999893,0.064
0.4272,0.016020000000000003,2.1499999999999995,0.29999999999999893,0.064
0.42725,0.015727500000000005,2.1000000000000014,0.29999999999999893,0.063
0.4273,0.015027500000000004,2.0500000000000007,0.25,0.063
0.42735,0.013137500000000003,1.9000000000000021,0.1999999999999993,0.062
0.4274,0.010755000000000002,1.6999999999999993,0.1999999999999993,0.061
0.42745,0.008347500000000002,1.5500000000000007,0.1999999999999993,0.060000000000000005
0.42750000000000005,0.006267500000000001,1.3500000000000014,0.15000000000000036,0.058
0.42755000000000004,0.0045825000000000015,1.200000000000001,0.09999999999999964,0.055
0.42760000000000004,0.0028800000000000006,0.9500000000000011,0.09999999999999964,0.051
0.42765000000000003,0.0013075000000000003,0.8000000000000007,0.09999999999999964,0.045000000000000005
0.4277,0.0003725000000000001,0.5500000000000007,0.09999999999999964,0.037
0.42775,0.0,0.29999999999999893,0.0,0.025
0.4278,0.0,0.0,0.0,0.0
0.42785,0.0,0.0,0.0,0.0
