t,volume,length,width,depth,local_width,local_depth
0.0,0.0,0.0,0.0,0.0,0.0,0.0
5e-05,0.0013200000000000004,0.3,0.3,0.029,0.3,0.029
0.0001,0.004630000000000001,0.6000000000000001,0.3,0.051,0.3,0.051
0.00015000000000000001,0.0042850000000000015,0.55,0.3,0.051,0.3,0.051
0.0002,0.005890000000000001,0.7,0.3,0.057,0.3,0.057
0.00025,0.009500000000000003,1.0,0.3,0.062,0.3,0.062
0.00030000000000000003,0.008927500000000001,0.95,0.3,0.062,0.3,0.062
0.00035,0.010250000000000002,1.0999999999999999,0.3,0.063,0.3,0.063
0.0004,0.011367500000000003,1.25,0.3,0.063,0.3,0.063
0.00045000000000000004,0.012312500000000002,1.3499999999999999,0.3,0.063,0.3,0.063
0.0005,0.013087500000000004,1.5,0.3,0.063,0.3,0.063
0.00055,0.015827500000000005,1.75,0.3,0.063,0.3,0.063
0.0006000000000000001,0.016230000000000005,1.9000000000000004,0.3,0.063,0.3,0.063
0.0006500000000000001,0.014415000000000004,1.8500000000000003,0.3,0.063,0.3,0.063
0.0007,0.014477500000000004,1.9500000000000002,0.3,0.063,0.3,0.063
0.00075,0.014487500000000004,2.0,0.3,0.063,0.3,0.063
0.0008,0.014490000000000003,2.05,0.3,0.063,0.3,0.063
0.0008500000000000001,0.014490000000000003,2.05,0.3,0.063,0.3,0.063
0.0009000000000000001,0.014490000000000003,2.05,0.3,0.063,0.3,0.063
0.00095,0.014490000000000003,2.05,0.3,0.063,0.3,0.063
0.001,0.016540000000000003,2.2,0.3,0.063,0.3,0.063
0.0010500000000000002,0.014490000000000003,2.05,0.3,0.063,0.3,0.063
0.0011,0.014490000000000003,2.05,0.3,0.063,0.3,0.063
0.00115,0.016540000000000003,2.2,0.3,0.063,0.3,0.063
0.0012000000000000001,0.014490000000000003,2.0500000000000003,0.3,0.063,0.3,0.063
0.00125,0.016540000000000003,2.2,0.3,0.063,0.3,0.063
0.0013000000000000002,0.014490000000000003,2.05,0.3,0.063,0.3,0.063
0.00135,0.014490000000000003,2.0500000000000003,0.3,0.063,0.3,0.063
0.0014,0.016540000000000003,2.2,0.3,0.063,0.3,0.063
0.0014500000000000001,0.014490000000000003,2.0500000000000003,0.3,0.063,0.3,0.063
0.0015,0.016540000000000003,2.1999999999999997,0.3,0.063,0.3,0.063
0.0015500000000000002,0.014490000000000003,2.05,0.3,0.063,0.3,0.063
0.0016,0.014490000000000003,2.0499999999999994,0.3,0.063,0.3,0.063
0.00165,0.014490000000000003,2.05,0.3,0.063,0.3,0.063
0.0017000000000000001,0.014490000000000003,2.0500000000000003,0.3,0.063,0.3,0.063
0.00175,0.014490000000000003,2.05,0.3,0.063,0.3,0.063
0.0018000000000000002,0.014490000000000003,2.0500000000000003,0.3,0.063,0.3,0.063
0.00185,0.014490000000000003,2.0499999999999994,0.3,0.063,0.3,0.063
0.0019,0.016540000000000003,2.2,0.3,0.063,0.3,0.063
0.0019500000000000001,0.014490000000000003,2.0500000000000003,0.3,0.063,0.3,0.063
0.002,0.014490000000000003,2.0500000000000007,0.3,0.063,0.3,0.063
0.00205,0.016540000000000003,2.2,0.3,0.063,0.3,0.063
0.0021000000000000003,0.014490000000000003,2.0500000000000007,0.3,0.063,0.3,0.063
0.00215,0.014490000000000003,2.0500000000000007,0.3,0.063,0.3,0.063
0.0022,0.016540000000000003,2.200000000000001,0.3,0.063,0.3,0.063
0.0022500000000000003,0.014490000000000003,2.0500000000000007,0.3,0.063,0.3,0.063
0.0023,0.014490000000000003,2.05,0.3,0.063,0.3,0.063
0.00235,0.016540000000000003,2.1999999999999993,0.3,0.063,0.3,0.063
0.0024000000000000002,0.016540000000000003,2.2,0.3,0.063,0.3,0.063
0.00245,0.014490000000000003,2.05,0.3,0.063,0.3,0.063
0.0025,0.014490000000000003,2.05,0.3,0.063,0.3,0.063
0.00255,0.016540000000000003,2.2,0.3,0.063,0.3,0.063
0.0026000000000000003,0.014490000000000003,2.05,0.3,0.063,0.3,0.063
0.00265,0.014490000000000003,2.0500000000000007,0.3,0.063,0.3,0.063
0.0027,0.016540000000000003,2.1999999999999993,0.3,0.063,0.3,0.063
0.0027500000000000003,0.014490000000000003,2.05,0.3,0.063,0.3,0.063
0.0028,0.014490000000000003,2.05,0.3,0.063,0.3,0.063
0.00285,0.016540000000000003,2.200000000000001,0.3,0.063,0.3,0.063
0.0029000000000000002,0.016540000000000003,2.1999999999999993,0.3,0.063,0.3,0.063
0.00295,0.014490000000000003,2.05,0.3,0.063,0.3,0.063
0.003,0.014490000000000003,2.05,0.3,0.063,0.3,0.063
0.00305,0.016540000000000003,2.2,0.3,0.063,0.3,0.063
0.0031000000000000003,0.014490000000000003,2.0500000000000007,0.3,0.063,0.3,0.063
0.00315,0.014490000000000003,2.049999999999999,0.3,0.063,0.3,0.063
0.0032,0.014490000000000003,2.0500000000000016,0.3,0.063,0.3,0.063
0.0032500000000000003,0.014490000000000003,2.05,0.3,0.063,0.3,0.063
0.0033,0.014500000000000004,2.05,0.3,0.063,0.3,0.063
0.00335,0.014527500000000004,2.0,0.3,0.063,0.3,0.062
0.0034000000000000002,0.014162500000000003,1.8499999999999996,0.35,0.063,0.35,0.063
0.0034500000000000004,0.013912500000000003,1.6999999999999993,0.35,0.063,0.35,0.063
0.0035,0.013965000000000003,1.549999999999999,0.35,0.07100000000000001,0.35,0.07100000000000001
0.00355,0.014832500000000004,1.4000000000000004,0.35,0.078,0.35,0.078
0.0036000000000000003,0.016642500000000005,1.200000000000001,0.35,0.08399999999999999,0.35,0.08399999999999999
0.00365,0.018887500000000005,1.1000000000000014,0.35,0.088,0.35,0.088
0.0037,0.021417500000000006,1.200000000000001,0.35,0.091,0.35,0.091
0.0037500000000000003,0.024065000000000007,1.3500000000000014,0.35,0.093,0.35,0.092
0.0038,0.026705000000000007,1.5,0.35,0.095,0.3,0.092
0.00385,0.03259000000000001,1.75,0.3,0.096,0.3,0.093
0.0039000000000000003,0.03195500000000001,1.75,0.3,0.096,0.3,0.09000000000000001
0.00395,0.03443750000000001,1.8500000000000014,0.3,0.096,0.3,0.089
0.004,0.03970000000000001,2.1500000000000004,0.3,0.096,0.3,0.089
0.00405,0.038500000000000006,2.1500000000000004,0.3,0.095,0.3,0.08600000000000001
0.0041,0.04006000000000001,2.3,0.3,0.094,0.3,0.085
0.00415,0.04438250000000001,2.5999999999999996,0.3,0.092,0.3,0.085
0.004200000000000001,0.04240500000000001,2.5500000000000007,0.3,0.09000000000000001,0.3,0.083
0.00425,0.04274500000000001,2.700000000000001,0.3,0.088,0.3,0.083
0.0043,0.04507750000000001,3.0000000000000018,0.3,0.086,0.3,0.083
0.004350000000000001,0.04248500000000001,3.0000000000000018,0.3,0.085,0.3,0.081
0.0044,0.04285250000000001,3.1500000000000012,0.3,0.08399999999999999,0.3,0.081
0.00445,0.04551250000000001,3.4000000000000004,0.3,0.083,0.3,0.081
0.0045000000000000005,0.04231500000000001,3.4000000000000004,0.3,0.082,0.3,0.08
0.00455,0.04161000000000001,3.5500000000000007,0.3,0.081,0.3,0.079
0.0046,0.043072500000000014,3.8,0.3,0.08,0.3,0.079
0.0046500000000000005,0.03831000000000001,3.8,0.3,0.08,0.3,0.078
0.0047,0.03648500000000001,3.8999999999999995,0.3,0.079,0.3,0.078
0.00475,0.03717250000000001,4.15,0.3,0.079,0.3,0.078
0.0048000000000000004,0.03296000000000001,3.8000000000000007,0.3,0.078,0.3,0.077
0.00485,0.03429750000000001,3.6499999999999995,0.3,0.078,0.3,0.077
0.0049,0.030640000000000008,3.3,0.3,0.077,0.3,0.076
0.00495,0.029765000000000007,3.1999999999999993,0.3,0.077,0.3,0.076
0.005,0.031505000000000005,3.299999999999998,0.3,0.076,0.3,0.076
0.005050000000000001,0.028255000000000006,3.05,0.3,0.076,0.3,0.075
0.0051,0.027687500000000007,3.0,0.3,0.075,0.3,0.075
0.00515,0.02963500000000001,3.0999999999999996,0.3,0.075,0.3,0.075
0.005200000000000001,0.026617500000000006,2.8999999999999995,0.3,0.075,0.3,0.074
0.00525,0.026137500000000008,2.9000000000000004,0.3,0.074,0.3,0.074
0.0053,0.028170000000000008,2.999999999999999,0.3,0.074,0.3,0.074
0.005350000000000001,0.025317500000000007,2.8,0.3,0.074,0.3,0.073
0.0054,0.024940000000000007,2.8,0.3,0.074,0.3,0.073
0.00545,0.02704000000000001,2.9000000000000004,0.3,0.073,0.3,0.073
0.0055000000000000005,0.024272500000000006,2.75,0.3,0.073,0.3,0.073
0.00555,0.024007500000000005,2.6999999999999997,0.3,0.073,0.3,0.073
0.0056,0.026147500000000008,2.849999999999999,0.3,0.073,0.3,0.07200000000000001
0.0056500000000000005,0.023465000000000007,2.65,0.3,0.07200000000000001,0.3,0.07200000000000001
0.0057,0.025617500000000005,2.8,0.3,0.07200000000000001,0.3,0.07200000000000001
0.00575,0.025380000000000007,2.8000000000000003,0.3,0.07200000000000001,0.3,0.07200000000000001
0.0058000000000000005,0.022737500000000004,2.6,0.3,0.07200000000000001,0.3,0.07200000000000001
0.00585,0.024942500000000006,2.75,0.3,0.07200000000000001,0.3,0.07100000000000001
0.0059,0.022325000000000005,2.5999999999999996,0.3,0.07100000000000001,0.3,0.07100000000000001
0.00595,0.022147500000000004,2.5500000000000003,0.3,0.07100000000000001,0.3,0.07100000000000001
0.006,0.024365000000000005,2.6999999999999997,0.3,0.07100000000000001,0.3,0.07100000000000001
0.006050000000000001,0.021807500000000004,2.5500000000000003,0.3,0.07100000000000001,0.3,0.07100000000000001
0.0061,0.021602500000000007,2.55,0.3,0.07100000000000001,0.3,0.07100000000000001
0.00615,0.023835000000000005,2.65,0.3,0.07100000000000001,0.3,0.07100000000000001
0.006200000000000001,0.021332500000000004,2.5,0.3,0.07100000000000001,0.3,0.06999999999999999
0.00625,0.021200000000000007,2.5,0.3,0.06999999999999998,0.3,0.06999999999999999
0.0063,0.023422500000000006,2.6500000000000004,0.3,0.06999999999999998,0.3,0.06999999999999999
0.006350000000000001,0.020925000000000006,2.5,0.3,0.06999999999999998,0.3,0.06999999999999999
0.0064,0.020777500000000004,2.45,0.3,0.06999999999999998,0.3,0.06999999999999999
0.00645,0.020657500000000006,2.45,0.3,0.06999999999999998,0.3,0.06999999999999999
0.006500000000000001,0.020557500000000006,2.4499999999999997,0.3,0.06999999999999998,0.3,0.06999999999999999
0.00655,0.020417500000000005,2.4499999999999997,0.3,0.06999999999999998,0.3,0.06999999999999999
0.0066,0.020302500000000005,2.4499999999999997,0.3,0.06999999999999998,0.3,0.06999999999999999
0.0066500000000000005,0.020155000000000006,2.45,0.3,0.06899999999999999,0.3,0.06899999999999999
0.0067,0.020065000000000006,2.4,0.3,0.06899999999999999,0.0,0.0
0.00675,0.019642500000000004,2.3,0.3,0.06899999999999999,0.3,0.06899999999999999
0.0068000000000000005,0.018872500000000004,2.1,0.35,0.06899999999999999,0.35,0.06899999999999999
0.00685,0.018365000000000006,1.9500000000000002,0.35,0.06999999999999998,0.35,0.06999999999999999
0.006900000000000001,0.020522500000000006,1.8,0.35,0.08399999999999999,0.35,0.08399999999999999
0.0069500000000000004,0.019110000000000005,1.6500000000000001,0.35,0.08399999999999999,0.35,0.08399999999999999
0.007,0.020890000000000006,1.45,0.35,0.089,0.35,0.089
0.007050000000000001,0.023327500000000004,1.3,0.35,0.093,0.35,0.093
0.0071,0.026205000000000006,1.3,0.35,0.096,0.35,0.096
0.00715,0.02905250000000001,1.45,0.35,0.098,0.35,0.097
0.007200000000000001,0.03178750000000001,1.6,0.35,0.1,0.35,0.097
0.00725,0.03449500000000001,1.75,0.35,0.101,0.35,0.096
0.0073,0.03709750000000001,1.9000000000000001,0.35,0.102,0.3,0.095
0.007350000000000001,0.04001250000000001,2.0,0.35,0.102,0.3,0.094
0.0074,0.04272500000000001,2.15,0.3,0.102,0.3,0.093
0.00745,0.045202500000000014,2.25,0.3,0.102,0.3,0.092
0.007500000000000001,0.04728750000000001,2.4,0.3,0.101,0.3,0.091
0.00755,0.049305000000000015,2.5500000000000003,0.3,0.1,0.3,0.09000000000000001
0.0076,0.05109250000000001,2.7,0.3,0.09899999999999999,0.3,0.088
0.0076500000000000005,0.052557500000000014,2.8000000000000003,0.3,0.097,0.3,0.088
0.0077,0.053732500000000016,2.95,0.3,0.096,0.3,0.087
0.00775,0.05761250000000002,3.25,0.3,0.094,0.3,0.088
0.0078000000000000005,0.057872500000000014,3.4,0.3,0.092,0.3,0.088
0.007850000000000001,0.05386750000000001,3.3499999999999996,0.3,0.09000000000000001,0.3,0.085
0.0079,0.053315000000000015,3.5,0.3,0.089,0.3,0.085
0.00795,0.053127500000000015,3.65,0.3,0.089,0.3,0.08399999999999999
0.008,0.052760000000000015,3.8,0.3,0.088,0.3,0.08399999999999999
0.00805,0.055175000000000016,4.05,0.3,0.087,0.3,0.085
0.0081,0.054182500000000015,4.199999999999999,0.3,0.086,0.3,0.08399999999999999
0.008150000000000001,0.04972250000000001,4.1499999999999995,0.3,0.086,0.3,0.083
0.0082,0.047500000000000014,4.25,0.3,0.085,0.3,0.082
0.00825,0.04540750000000001,4.3999999999999995,0.3,0.085,0.3,0.082
0.0083,0.043357500000000014,4.45,0.3,0.08399999999999999,0.3,0.081
0.00835,0.04447000000000001,4.4,0.3,0.08399999999999999,0.3,0.082
0.008400000000000001,0.043010000000000013,4.15,0.3,0.083,0.3,0.082
0.008450000000000001,0.03894750000000001,3.8,0.3,0.083,0.3,0.08
0.0085,0.03790750000000001,3.6500000000000004,0.3,0.082,0.3,0.08
0.00855,0.03696000000000001,3.55,0.3,0.082,0.3,0.08
0.0086,0.03891250000000001,3.6000000000000005,0.3,0.081,0.3,0.081
0.00865,0.03816500000000001,3.5500000000000003,0.3,0.081,0.3,0.08
0.008700000000000001,0.03468750000000001,3.35,0.3,0.081,0.3,0.079
0.00875,0.03406250000000001,3.3000000000000003,0.3,0.08,0.3,0.079
0.0088,0.033510000000000005,3.2499999999999996,0.3,0.08,0.3,0.079
0.00885,0.03299250000000001,3.25,0.3,0.08,0.3,0.078
0.0089,0.03524750000000001,3.35,0.3,0.08,0.3,0.079
0.00895,0.03480000000000001,3.2999999999999994,0.3,0.079,0.3,0.079
0.009000000000000001,0.03163250000000001,3.1499999999999995,0.3,0.079,0.3,0.078
0.00905,0.03125750000000001,3.0999999999999996,0.3,0.079,0.3,0.078
0.0091,0.03086000000000001,3.0999999999999996,0.3,0.079,0.3,0.077
0.00915,0.030525000000000007,3.05,0.3,0.078,0.3,0.077
0.0092,0.03289000000000001,3.1999999999999993,0.3,0.078,0.3,0.078
0.009250000000000001,0.03259000000000001,3.1500000000000004,0.3,0.078,0.3,0.078
0.009300000000000001,0.029597500000000006,3.0,0.3,0.078,0.3,0.077
0.00935,0.029342500000000007,2.95,0.3,0.078,0.3,0.077
0.0094,0.029055000000000008,2.9499999999999993,0.3,0.077,0.3,0.076
0.00945,0.028800000000000006,2.95,0.3,0.077,0.3,0.076
0.0095,0.03122750000000001,3.0500000000000007,0.3,0.077,0.3,0.077
0.009550000000000001,0.03097500000000001,3.05,0.3,0.077,0.3,0.077
0.009600000000000001,0.028107500000000007,2.8999999999999995,0.3,0.077,0.3,0.076
0.00965,0.02791750000000001,2.8999999999999995,0.3,0.077,0.3,0.076
0.0097,0.027725000000000007,2.8499999999999996,0.3,0.076,0.3,0.076
0.00975,0.03017000000000001,2.999999999999999,0.3,0.076,0.3,0.076
0.0098,0.029985000000000008,2.999999999999999,0.3,0.076,0.3,0.076
0.009850000000000001,0.027175000000000008,2.8499999999999996,0.3,0.076,0.3,0.075
0.0099,0.027025000000000007,2.8,0.3,0.076,0.3,0.075
0.00995,0.026810000000000007,2.8000000000000007,0.3,0.076,0.3,0.075
0.01,0.026597500000000007,2.8,0.3,0.076,0.3,0.075
0.01005,0.02865000000000001,2.8999999999999986,0.35000000000000003,0.075,0.0,0.0
0.010100000000000001,0.027752500000000006,2.7499999999999982,0.4,0.075,0.4,0.075
0.010150000000000001,0.025115000000000005,2.5,0.35,0.075,0.35,0.075
0.0102,0.024185000000000005,2.3499999999999996,0.35,0.075,0.35,0.075
0.01025,0.023580000000000007,2.1999999999999993,0.35,0.078,0.35,0.078
0.0103,0.023505000000000005,2.049999999999999,0.35,0.085,0.35,0.085
0.01035,0.026700000000000005,1.8999999999999986,0.35,0.095,0.35,0.095
0.010400000000000001,0.028565000000000007,1.700000000000001,0.35,0.098,0.35,0.098
0.010450000000000001,0.028155000000000006,1.5,0.35,0.098,0.35,0.098
0.0105,0.03125000000000001,1.450000000000001,0.35,0.101,0.35,0.101
0.01055,0.03462500000000001,1.5500000000000007,0.35,0.103,0.35,0.101
0.0106,0.04188250000000001,1.8499999999999996,0.35,0.107,0.35,0.104
0.01065,0.04476250000000001,2.0,0.35,0.107,0.35,0.103
0.010700000000000001,0.04744750000000001,2.1500000000000004,0.35,0.108,0.35,0.102
0.010750000000000001,0.04648500000000001,2.0999999999999996,0.35,0.108,0.35,0.09899999999999999
0.0108,0.04919000000000001,2.25,0.35,0.108,0.35,0.098
0.01085,0.05166500000000001,2.4000000000000004,0.35,0.108,0.30000000000000004,0.096
0.0109,0.05764000000000002,2.6500000000000004,0.35,0.108,0.30000000000000004,0.097
0.01095,0.05987500000000002,2.8,0.30000000000000004,0.107,0.30000000000000004,0.096
0.011000000000000001,0.05856500000000001,2.8,0.30000000000000004,0.106,0.30000000000000004,0.093
0.01105,0.06063750000000002,2.9000000000000012,0.30000000000000004,0.10500000000000001,0.30000000000000004,0.092
0.0111,0.06240750000000002,3.0500000000000016,0.30000000000000004,0.104,0.30000000000000004,0.091
0.01115,0.06387000000000001,3.200000000000001,0.30000000000000004,0.102,0.30000000000000004,0.09000000000000001
0.0112,0.06847000000000002,3.500000000000001,0.30000000000000004,0.1,0.30000000000000004,0.092
0.011250000000000001,0.06929000000000002,3.6500000000000012,0.30000000000000004,0.098,0.30000000000000004,0.091
0.011300000000000001,0.06648250000000001,3.6000000000000005,0.30000000000000004,0.097,0.30000000000000004,0.089
0.01135,0.06645250000000001,3.75,0.30000000000000004,0.095,0.30000000000000004,0.088
0.0114,0.06581000000000002,3.9000000000000004,0.30000000000000004,0.094,0.30000000000000004,0.087
0.01145,0.06686500000000002,4.2,0.30000000000000004,0.093,0.30000000000000004,0.089
0.0115,0.06608000000000001,4.3,0.30000000000000004,0.092,0.30000000000000004,0.088
0.011550000000000001,0.06519500000000002,4.449999999999999,0.30000000000000004,0.091,0.30000000000000004,0.088
0.011600000000000001,0.06104250000000001,4.399999999999999,0.30000000000000004,0.09000000000000001,0.30000000000000004,0.08600000000000001
0.01165,0.059630000000000016,4.549999999999999,0.30000000000000004,0.09000000000000001,0.30000000000000004,0.085
0.0117,0.057782500000000014,4.6499999999999995,0.30000000000000004,0.089,0.30000000000000004,0.085
0.01175,0.05821750000000001,4.900000000000001,0.30000000000000004,0.089,0.30000000000000004,0.08600000000000001
0.0118,0.05565500000000002,5.000000000000001,0.30000000000000004,0.088,0.30000000000000004,0.08600000000000001
0.011850000000000001,0.05023000000000001,4.8500000000000005,0.30000000000000004,0.088,0.30000000000000004,0.08399999999999999
0.0119,0.04827250000000001,4.65,0.30000000000000004,0.087,0.30000000000000004,0.08399999999999999
0.01195,0.046702500000000015,4.35,0.30000000000000004,0.087,0.30000000000000004,0.083
0.012,0.04531500000000001,4.1499999999999995,0.30000000000000004,0.086,0.30000000000000004,0.083
0.01205,0.04709250000000001,4.15,0.30000000000000004,0.086,0.30000000000000004,0.08399999999999999
0.012100000000000001,0.046022500000000015,4.05,0.30000000000000004,0.085,0.30000000000000004,0.08399999999999999
0.012150000000000001,0.04209000000000001,3.8000000000000007,0.30000000000000004,0.085,0.30000000000000004,0.082
0.0122,0.04120000000000001,3.6999999999999997,0.30000000000000004,0.085,0.30000000000000004,0.082
0.01225,0.04043250000000001,3.6,0.30000000000000004,0.08399999999999999,0.30000000000000004,0.082
0.0123,0.04263000000000001,3.7000000000000006,0.30000000000000004,0.08399999999999999,0.30000000000000004,0.083
0.01235,0.04195250000000001,3.7,0.30000000000000004,0.08399999999999999,0.30000000000000004,0.083
0.012400000000000001,0.04130500000000001,3.65,0.30000000000000004,0.083,0.30000000000000004,0.082
0.012450000000000001,0.03782500000000001,3.4499999999999997,0.30000000000000004,0.083,0.30000000000000004,0.081
0.0125,0.03729750000000001,3.4000000000000004,0.30000000000000004,0.083,0.30000000000000004,0.081
0.01255,0.03678000000000001,3.4,0.30000000000000004,0.082,0.30000000000000004,0.08
0.0126,0.03917000000000001,3.5,0.30000000000000004,0.082,0.30000000000000004,0.081
0.01265,0.03870500000000001,3.4499999999999997,0.30000000000000004,0.082,0.30000000000000004,0.081
0.012700000000000001,0.03827750000000001,3.45,0.30000000000000004,0.082,0.30000000000000004,0.081
0.012750000000000001,0.035037500000000006,3.25,0.30000000000000004,0.081,0.30000000000000004,0.08
0.0128,0.034655000000000005,3.25,0.30000000000000004,0.081,0.30000000000000004,0.08
0.01285,0.034295000000000006,3.2499999999999996,0.30000000000000004,0.081,0.30000000000000004,0.079
0.0129,0.03397000000000001,3.2,0.30000000000000004,0.081,0.30000000000000004,0.079
0.012950000000000001,0.03361250000000001,3.1999999999999997,0.30000000000000004,0.081,0.30000000000000004,0.079
0.013000000000000001,0.03332250000000001,3.1499999999999995,0.30000000000000004,0.08,0.30000000000000004,0.079
0.01305,0.03301500000000001,3.1500000000000004,0.30000000000000004,0.08,0.30000000000000004,0.079
0.0131,0.03273750000000001,3.15,0.30000000000000004,0.08,0.30000000000000004,0.079
0.01315,0.03246000000000001,3.1,0.30000000000000004,0.08,0.30000000000000004,0.079
0.0132,0.03217500000000001,3.1,0.30000000000000004,0.08,0.30000000000000004,0.078
0.013250000000000001,0.03192000000000001,3.1,0.30000000000000004,0.08,0.30000000000000004,0.078
0.013300000000000001,0.03165500000000001,3.0500000000000003,0.30000000000000004,0.079,0.30000000000000004,0.078
0.01335,0.03136250000000001,3.0500000000000003,0.30000000000000004,0.079,0.30000000000000004,0.078
0.0134,0.03102000000000001,3.0500000000000003,0.30000000000000004,0.079,0.30000000000000004,0.078
0.01345,0.030562500000000006,3.0,0.30000000000000004,0.079,0.30000000000000004,0.073
0.0135,0.029755000000000007,2.8000000000000003,0.4,0.079,0.4,0.078
0.013550000000000001,0.028590000000000008,2.6500000000000004,0.35000000000000003,0.079,0.35000000000000003,0.079
0.013600000000000001,0.027597500000000007,2.5,0.35000000000000003,0.078,0.35000000000000003,0.078
0.01365,0.026980000000000007,2.35,0.35000000000000003,0.083,0.35000000000000003,0.083
0.0137,0.026975000000000006,2.1500000000000004,0.35000000000000003,0.09000000000000001,0.35000000000000003,0.09000000000000001
0.01375,0.027717500000000006,2.0,0.35000000000000003,0.095,0.35000000000000003,0.095
0.013800000000000002,0.029380000000000007,1.8,0.35000000000000003,0.09899999999999999,0.35000000000000003,0.09899999999999999
0.013850000000000001,0.03558000000000001,1.6500000000000001,0.35000000000000003,0.10500000000000001,0.35000000000000003,0.10500000000000001
0.013900000000000001,0.03522750000000001,1.55,0.35000000000000003,0.10500000000000001,0.35000000000000003,0.103
0.01395,0.03879250000000001,1.6500000000000001,0.35000000000000003,0.107,0.35000000000000003,0.104
0.014,0.04238750000000001,1.8,0.35000000000000003,0.108,0.35000000000000003,0.104
0.01405,0.04577000000000001,1.95,0.35000000000000003,0.11,0.35000000000000003,0.103
0.014100000000000001,0.048825000000000014,2.1,0.35000000000000003,0.111,0.35000000000000003,0.102
0.014150000000000001,0.05168250000000001,2.2,0.35000000000000003,0.111,0.35000000000000003,0.101
0.0142,0.05447750000000001,2.35,0.35000000000000003,0.112,0.35000000000000003,0.1
0.01425,0.057102500000000014,2.5,0.35000000000000003,0.112,0.35000000000000003,0.09899999999999999
0.0143,0.059447500000000014,2.65,0.35000000000000003,0.111,0.35000000000000003,0.098
0.01435,0.06143750000000001,2.8,0.35000000000000003,0.111,0.35000000000000003,0.096
0.014400000000000001,0.06375000000000001,2.9499999999999997,0.35000000000000003,0.11,0.30000000000000004,0.095
0.014450000000000001,0.06600750000000001,3.0500000000000003,0.30000000000000004,0.10900000000000001,0.30000000000000004,0.094
0.0145,0.06804000000000002,3.1500000000000004,0.30000000000000004,0.108,0.30000000000000004,0.093
0.01455,0.06973500000000002,3.3000000000000003,0.30000000000000004,0.107,0.30000000000000004,0.093
0.0146,0.07130250000000002,3.45,0.30000000000000004,0.10500000000000001,0.30000000000000004,0.092
0.014650000000000002,0.07256000000000001,3.6,0.30000000000000004,0.103,0.30000000000000004,0.091
0.014700000000000001,0.07701500000000001,3.85,0.30000000000000004,0.101,0.30000000000000004,0.093
0.014750000000000001,0.07410500000000002,3.85,0.30000000000000004,0.1,0.30000000000000004,0.09000000000000001
0.0148,0.07423500000000002,4.000000000000001,0.30000000000000004,0.098,0.30000000000000004,0.09000000000000001
0.01485,0.07389750000000002,4.15,0.30000000000000004,0.097,0.30000000000000004,0.089
0.0149,0.07276250000000002,4.25,0.30000000000000004,0.096,0.30000000000000004,0.089
0.014950000000000001,0.07043500000000001,4.3999999999999995,0.30000000000000004,0.095,0.30000000000000004,0.088
0.015000000000000001,0.07257250000000001,4.7,0.30000000000000004,0.094,0.30000000000000004,0.09000000000000001
0.015050000000000001,0.06810500000000001,4.65,0.30000000000000004,0.093,0.30000000000000004,0.088
0.0151,0.06672500000000002,4.8,0.30000000000000004,0.093,0.30000000000000004,0.087
0.01515,0.06491750000000002,4.9,0.30000000000000004,0.092,0.30000000000000004,0.087
0.0152,0.06260500000000002,5.0,0.30000000000000004,0.092,0.30000000000000004,0.087
0.015250000000000001,0.05978500000000001,5.1000000000000005,0.30000000000000004,0.091,0.30000000000000004,0.08600000000000001
0.015300000000000001,0.057187500000000016,5.1499999999999995,0.30000000000000004,0.09000000000000001,0.30000000000000004,0.08600000000000001
0.01535,0.05489250000000001,5.0,0.30000000000000004,0.09000000000000001,0.30000000000000004,0.08600000000000001
0.0154,0.052987500000000014,4.75,0.30000000000000004,0.09000000000000001,0.30000000000000004,0.085
0.01545,0.05137500000000001,4.5,0.30000000000000004,0.089,0.30000000000000004,0.085
0.0155,0.04999250000000001,4.35,0.30000000000000004,0.089,0.30000000000000004,0.085
0.015550000000000001,0.05188750000000001,4.35,0.30000000000000004,0.088,0.30000000000000004,0.08600000000000001
0.015600000000000001,0.047652500000000014,4.1,0.30000000000000004,0.088,0.30000000000000004,0.08399999999999999
0.01565,0.04976750000000001,4.15,0.30000000000000004,0.088,0.30000000000000004,0.08600000000000001
0.015700000000000002,0.04575000000000001,3.9,0.30000000000000004,0.087,0.30000000000000004,0.08399999999999999
0.01575,0.04491750000000001,3.849999999999999,0.30000000000000004,0.087,0.30000000000000004,0.08399999999999999
0.0158,0.04416750000000001,3.7500000000000004,0.30000000000000004,0.087,0.30000000000000004,0.083
0.01585,0.04344000000000001,3.6999999999999997,0.30000000000000004,0.086,0.30000000000000004,0.083
0.0159,0.04579500000000001,3.8000000000000007,0.30000000000000004,0.086,0.30000000000000004,0.08399999999999999
0.015950000000000002,0.04216250000000001,3.650000000000001,0.30000000000000004,0.086,0.30000000000000004,0.083
0.016,0.04458250000000001,3.749999999999999,0.30000000000000004,0.085,0.30000000000000004,0.08399999999999999
0.016050000000000002,0.04102750000000001,3.55,0.30000000000000004,0.085,0.30000000000000004,0.082
0.0161,0.04051250000000001,3.55,0.30000000000000004,0.085,0.30000000000000004,0.082
0.01615,0.043010000000000013,3.6500000000000012,0.30000000000000004,0.085,0.30000000000000004,0.083
0.0162,0.03956500000000001,3.500000000000001,0.30000000000000004,0.08399999999999999,0.30000000000000004,0.082
0.01625,0.04213750000000001,3.5999999999999996,0.30000000000000004,0.08399999999999999,0.30000000000000004,0.083
0.016300000000000002,0.03873500000000001,3.4499999999999993,0.30000000000000004,0.08399999999999999,0.30000000000000004,0.082
0.01635,0.03833500000000001,3.4000000000000004,0.30000000000000004,0.08399999999999999,0.30000000000000004,0.081
0.0164,0.04089500000000001,3.5500000000000007,0.30000000000000004,0.08399999999999999,0.30000000000000004,0.083
0.01645,0.03762750000000001,3.3500000000000005,0.30000000000000004,0.083,0.30000000000000004,0.081
0.0165,0.04018250000000001,3.500000000000001,0.30000000000000004,0.083,0.30000000000000004,0.082
0.016550000000000002,0.03693250000000001,3.3500000000000014,0.30000000000000004,0.083,0.30000000000000004,0.081
0.0166,0.03662750000000001,3.3,0.30000000000000004,0.083,0.30000000000000004,0.081
0.01665,0.03627750000000001,3.3000000000000007,0.30000000000000004,0.083,0.30000000000000004,0.081
0.0167,0.03594500000000001,3.2499999999999982,0.30000000000000004,0.082,0.30000000000000004,0.08
0.01675,0.03821500000000001,3.3999999999999995,0.30000000000000004,0.082,0.30000000000000004,0.082
0.016800000000000002,0.03507500000000001,3.249999999999999,0.30000000000000004,0.082,0.0,0.0
0.01685,0.03608000000000001,3.1499999999999986,0.4,0.082,0.4,0.081
0.016900000000000002,0.03298000000000001,2.8999999999999995,0.4,0.082,0.4,0.082
0.01695,0.031790000000000006,2.75,0.35000000000000003,0.081,0.35000000000000003,0.081
0.017,0.03273500000000001,2.5999999999999996,0.35000000000000003,0.089,0.35000000000000003,0.089
0.01705,0.030267500000000006,2.45,0.35000000000000003,0.089,0.35000000000000003,0.089
0.0171,0.03285750000000001,2.25,0.35000000000000003,0.09899999999999999,0.35000000000000003,0.09899999999999999
0.017150000000000002,0.03125250000000001,2.0500000000000007,0.35000000000000003,0.09899999999999999,0.35000000000000003,0.09899999999999999
0.0172,0.033052500000000005,1.9000000000000021,0.35000000000000003,0.102,0.35000000000000003,0.102
0.01725,0.03960500000000001,1.75,0.35000000000000003,0.108,0.35000000000000003,0.108
0.0173,0.03922500000000001,1.6500000000000004,0.35000000000000003,0.108,0.35000000000000003,0.106
0.01735,0.047265000000000015,1.9000000000000021,0.35000000000000003,0.111,0.35000000000000003,0.10900000000000001
0.017400000000000002,0.04673250000000001,1.9000000000000021,0.35000000000000003,0.111,0.35000000000000003,0.106
0.01745,0.05034250000000001,2.0500000000000007,0.35000000000000003,0.11299999999999999,0.35000000000000003,0.10500000000000001
0.0175,0.05384000000000001,2.200000000000001,0.35000000000000003,0.114,0.35000000000000003,0.104
0.01755,0.05707000000000002,2.3,0.35000000000000003,0.114,0.35000000000000003,0.103
0.0176,0.06395000000000002,2.5999999999999996,0.35000000000000003,0.115,0.35000000000000003,0.104
0.017650000000000002,0.06253000000000002,2.5999999999999996,0.35000000000000003,0.115,0.35000000000000003,0.1
0.0177,0.06897000000000002,2.8999999999999995,0.35000000000000003,0.114,0.35000000000000003,0.102
0.017750000000000002,0.06722000000000002,2.8999999999999995,0.35000000000000003,0.114,0.35000000000000003,0.098
0.0178,0.06926250000000002,3.0500000000000007,0.35000000000000003,0.11299999999999999,0.35000000000000003,0.097
0.01785,0.07496250000000002,3.3000000000000016,0.35000000000000003,0.11299999999999999,0.35000000000000003,0.09899999999999999
0.0179,0.07312750000000001,3.3000000000000016,0.35000000000000003,0.111,0.30000000000000004,0.095
0.01795,0.07877750000000001,3.5500000000000007,0.30000000000000004,0.11,0.30000000000000004,0.097
0.018000000000000002,0.07678000000000001,3.5500000000000007,0.30000000000000004,0.10900000000000001,0.30000000000000004,0.094
0.01805,0.07825500000000002,3.700000000000001,0.30000000000000004,0.107,0.30000000000000004,0.093
0.0181,0.07947250000000002,3.8,0.30000000000000004,0.10500000000000001,0.30000000000000004,0.092
0.01815,0.08039000000000002,3.95,0.30000000000000004,0.103,0.30000000000000004,0.092
0.0182,0.08448250000000002,4.250000000000001,0.30000000000000004,0.102,0.30000000000000004,0.094
0.018250000000000002,0.08103500000000002,4.250000000000001,0.30000000000000004,0.1,0.30000000000000004,0.091
0.0183,0.08073750000000002,4.35,0.30000000000000004,0.09899999999999999,0.30000000000000004,0.09000000000000001
0.01835,0.07988500000000003,4.5,0.30000000000000004,0.098,0.30000000000000004,0.09000000000000001
0.0184,0.07825750000000002,4.6499999999999995,0.30000000000000004,0.097,0.30000000000000004,0.09000000000000001
0.01845,0.07906750000000003,4.8999999999999995,0.30000000000000004,0.096,0.30000000000000004,0.091
0.018500000000000003,0.07414500000000002,4.8999999999999995,0.30000000000000004,0.095,0.30000000000000004,0.089
0.01855,0.07596750000000002,5.15,0.30000000000000004,0.095,0.30000000000000004,0.091
0.018600000000000002,0.07067750000000002,5.15,0.30000000000000004,0.094,0.30000000000000004,0.088
0.01865,0.06838000000000002,5.250000000000001,0.30000000000000004,0.094,0.30000000000000004,0.088
0.0187,0.06886250000000002,5.449999999999999,0.30000000000000004,0.093,0.30000000000000004,0.09000000000000001
0.01875,0.06262250000000001,5.35,0.30000000000000004,0.092,0.30000000000000004,0.087
0.0188,0.06336750000000002,5.449999999999999,0.30000000000000004,0.092,0.30000000000000004,0.089
0.018850000000000002,0.05798750000000001,5.050000000000001,0.30000000000000004,0.092,0.30000000000000004,0.087
0.0189,0.05619750000000001,4.8,0.30000000000000004,0.091,0.30000000000000004,0.08600000000000001
0.01895,0.05466500000000001,4.599999999999998,0.30000000000000004,0.091,0.30000000000000004,0.08600000000000001
0.019,0.05327000000000001,4.449999999999999,0.30000000000000004,0.09000000000000001,0.30000000000000004,0.08600000000000001
0.01905,0.05527500000000001,4.450000000000001,0.30000000000000004,0.09000000000000001,0.30000000000000004,0.087
0.019100000000000002,0.05093750000000001,4.199999999999999,0.30000000000000004,0.09000000000000001,0.30000000000000004,0.085
0.01915,0.053170000000000016,4.300000000000001,0.30000000000000004,0.089,0.30000000000000004,0.087
0.019200000000000002,0.049027500000000016,4.050000000000001,0.30000000000000004,0.089,0.30000000000000004,0.085
0.01925,0.04818500000000001,3.9999999999999996,0.30000000000000004,0.089,0.30000000000000004,0.085
0.0193,0.050532500000000015,4.050000000000001,0.30000000000000004,0.088,0.30000000000000004,0.08600000000000001
0.019350000000000003,0.04665500000000001,3.85,0.30000000000000004,0.088,0.30000000000000004,0.08399999999999999
0.0194,0.04906250000000001,3.9499999999999997,0.30000000000000004,0.088,0.30000000000000004,0.08600000000000001
0.019450000000000002,0.04529750000000001,3.7499999999999996,0.30000000000000004,0.087,0.30000000000000004,0.08399999999999999
0.0195,0.04470000000000001,3.6999999999999997,0.30000000000000004,0.087,0.30000000000000004,0.08399999999999999
0.01955,0.047222500000000014,3.85,0.30000000000000004,0.087,0.30000000000000004,0.085
0.0196,0.04361000000000001,3.65,0.30000000000000004,0.087,0.30000000000000004,0.083
0.01965,0.046140000000000014,3.8000000000000007,0.30000000000000004,0.086,0.30000000000000004,0.085
0.019700000000000002,0.04260250000000001,3.5999999999999996,0.30000000000000004,0.086,0.30000000000000004,0.083
0.01975,0.04215500000000001,3.6,0.30000000000000004,0.086,0.30000000000000004,0.083
0.0198,0.04171000000000001,3.55,0.30000000000000004,0.086,0.30000000000000004,0.083
0.01985,0.04127500000000001,3.5500000000000003,0.30000000000000004,0.085,0.30000000000000004,0.083
0.0199,0.04388750000000001,3.6500000000000004,0.30000000000000004,0.085,0.30000000000000004,0.08399999999999999
0.019950000000000002,0.04049250000000001,3.5,0.30000000000000004,0.085,0.30000000000000004,0.082
0.02,0.04302250000000001,3.6,0.30000000000000004,0.085,0.30000000000000004,0.08399999999999999
0.020050000000000002,0.03968250000000001,3.45,0.30000000000000004,0.085,0.30000000000000004,0.082
0.0201,0.03921500000000001,3.45,0.30000000000000004,0.085,0.30000000000000004,0.082
0.02015,0.04119250000000001,3.5,0.35,0.08399999999999999,0.0,0.0
0.020200000000000003,0.03787500000000001,3.35,0.35,0.08399999999999999,0.35,0.079
0.02025,0.03832000000000001,3.1500000000000004,0.4,0.08399999999999999,0.4,0.083
0.020300000000000002,0.03521250000000001,2.95,0.4,0.08399999999999999,0.4,0.08399999999999999
0.02035,0.03400250000000001,2.8000000000000003,0.35,0.083,0.35,0.083
0.0204,0.03517750000000001,2.6500000000000004,0.35,0.093,0.35,0.093
0.02045,0.032720000000000006,2.45,0.35,0.093,0.35,0.093
0.0205,0.03570250000000001,2.3000000000000003,0.35,0.102,0.35,0.102
0.020550000000000002,0.034135000000000006,2.1,0.35,0.102,0.35,0.102
0.0206,0.03616750000000001,1.95,0.35,0.10500000000000001,0.35,0.10500000000000001
0.02065,0.03933500000000001,1.75,0.35,0.108,0.35,0.107
0.0207,0.042892500000000014,1.75,0.35,0.11,0.35,0.107
0.02075,0.051192500000000016,2.0,0.35,0.114,0.35,0.11
0.020800000000000003,0.050607500000000014,2.0,0.35,0.114,0.35,0.107
0.02085,0.05865500000000001,2.3,0.35,0.116,0.35,0.10900000000000001
0.020900000000000002,0.057970000000000015,2.25,0.35,0.116,0.35,0.10500000000000001
0.02095,0.06140750000000002,2.4,0.35,0.116,0.35,0.104
0.021,0.06874000000000002,2.7,0.35,0.117,0.35,0.10500000000000001
0.021050000000000003,0.06716000000000001,2.7,0.35,0.117,0.35,0.101
0.0211,0.07363750000000002,3.0,0.35,0.117,0.35,0.103
0.021150000000000002,0.07184000000000001,3.0,0.35,0.116,0.35,0.09899999999999999
0.0212,0.07401000000000002,3.15,0.35,0.115,0.35,0.098
0.02125,0.07983750000000002,3.4,0.35,0.115,0.35,0.1
0.0213,0.07756500000000002,3.4,0.35,0.11299999999999999,0.35,0.096
0.02135,0.08302500000000002,3.7,0.35,0.112,0.35,0.098
0.021400000000000002,0.08099750000000001,3.7,0.3,0.111,0.3,0.095
0.02145,0.08639750000000002,3.95,0.3,0.10900000000000001,0.3,0.097
0.021500000000000002,0.08397250000000002,3.9,0.3,0.107,0.3,0.093
0.02155,0.08503750000000002,4.050000000000001,0.3,0.106,0.3,0.093
0.0216,0.08941000000000002,4.3500000000000005,0.3,0.104,0.3,0.095
0.021650000000000003,0.08608000000000002,4.3500000000000005,0.3,0.103,0.3,0.092
0.0217,0.08964750000000002,4.6,0.3,0.102,0.3,0.094
0.021750000000000002,0.08553500000000003,4.6,0.3,0.1,0.3,0.091
0.0218,0.08452250000000003,4.749999999999999,0.3,0.09899999999999999,0.3,0.091
0.02185,0.08629000000000002,5.0,0.3,0.098,0.3,0.093
0.0219,0.08001500000000002,5.0,0.3,0.097,0.3,0.09000000000000001
0.02195,0.08171250000000002,5.25,0.3,0.097,0.3,0.092
0.022000000000000002,0.07641000000000002,5.25,0.3,0.096,0.3,0.089
0.02205,0.07428250000000002,5.35,0.3,0.095,0.3,0.089
0.0221,0.07514500000000002,5.6000000000000005,0.3,0.095,0.3,0.091
0.02215,0.06880250000000002,5.5,0.3,0.094,0.3,0.088
0.0222,0.06925750000000001,5.65,0.3,0.094,0.3,0.09000000000000001
0.022250000000000002,0.06337500000000001,5.4,0.3,0.093,0.3,0.088
0.0223,0.06457250000000002,5.250000000000001,0.3,0.093,0.3,0.09000000000000001
0.022350000000000002,0.059435000000000016,4.9,0.3,0.093,0.3,0.087
0.0224,0.057872500000000014,4.7,0.3,0.092,0.3,0.087
0.02245,0.05977750000000002,4.7,0.3,0.092,0.3,0.089
0.022500000000000003,0.055237500000000016,4.449999999999999,0.3,0.091,0.3,0.087
0.02255,0.05735000000000001,4.5,0.3,0.091,0.3,0.088
0.022600000000000002,0.05303500000000001,4.25,0.3,0.091,0.3,0.08600000000000001
0.02265,0.052087500000000016,4.2,0.3,0.09000000000000001,0.3,0.08600000000000001
0.0227,0.054437500000000014,4.25,0.3,0.09000000000000001,0.3,0.088
0.02275,0.050400000000000014,4.05,0.3,0.09000000000000001,0.3,0.08600000000000001
0.0228,0.05282750000000001,4.15,0.3,0.089,0.3,0.087
0.022850000000000002,0.04890500000000001,3.95,0.3,0.089,0.3,0.085
0.0229,0.048222500000000015,3.9000000000000012,0.3,0.089,0.3,0.085
0.02295,0.050782500000000015,4.0,0.3,0.089,0.3,0.087
0.023,0.04702250000000001,3.8,0.3,0.088,0.3,0.085
0.02305,0.049582500000000015,3.9000000000000012,0.3,0.088,0.3,0.08600000000000001
0.023100000000000002,0.04589500000000001,3.750000000000001,0.3,0.088,0.3,0.08399999999999999
0.02315,0.04852500000000001,3.8499999999999996,0.3,0.088,0.3,0.08600000000000001
0.023200000000000002,0.04489000000000001,3.6999999999999993,0.3,0.087,0.3,0.08399999999999999
0.02325,0.04444250000000001,3.6500000000000004,0.3,0.087,0.3,0.08399999999999999
0.0233,0.04704750000000001,3.799999999999999,0.3,0.087,0.3,0.085
0.023350000000000003,0.04351750000000001,3.5999999999999988,0.3,0.087,0.3,0.08399999999999999
0.0234,0.04601000000000001,3.749999999999999,0.3,0.087,0.3,0.085
0.023450000000000002,0.04257250000000001,3.55,0.3,0.086,0.3,0.083
0.0235,0.04198750000000001,3.55,0.3,0.086,0.3,0.083
0.02355,0.04340250000000001,3.5,0.39999999999999997,0.086,0.39999999999999997,0.081
0.0236,0.04000250000000001,3.3,0.39999999999999997,0.086,0.39999999999999997,0.083
0.02365,0.04030000000000001,3.1500000000000004,0.39999999999999997,0.086,0.39999999999999997,0.085
0.023700000000000002,0.03707500000000001,2.999999999999999,0.39999999999999997,0.085,0.39999999999999997,0.085
0.02375,0.03588000000000001,2.8,0.39999999999999997,0.085,0.39999999999999997,0.085
0.0238,0.037480000000000006,2.6499999999999995,0.35,0.097,0.35,0.097
0.02385,0.03497750000000001,2.5,0.35,0.097,0.35,0.097
0.0239,0.03841500000000001,2.3000000000000007,0.35,0.10500000000000001,0.35,0.10500000000000001
0.023950000000000003,0.03703250000000001,2.1000000000000005,0.35,0.10500000000000001,0.35,0.10500000000000001
0.024,0.04307750000000001,1.950000000000001,0.35,0.111,0.35,0.11
0.024050000000000002,0.04271500000000001,1.8000000000000007,0.35,0.111,0.35,0.108
0.0241,0.04654750000000001,1.8499999999999996,0.35,0.11299999999999999,0.35,0.10900000000000001
0.02415,0.05501750000000001,2.1000000000000005,0.35,0.116,0.35,0.111
0.024200000000000003,0.05445000000000001,2.1000000000000005,0.35,0.116,0.35,0.107
0.02425,0.06273500000000001,2.4000000000000012,0.35,0.118,0.35,0.10900000000000001
0.024300000000000002,0.06201750000000002,2.3500000000000005,0.35,0.118,0.35,0.10500000000000001
0.02435,0.06555250000000001,2.5,0.35,0.118,0.35,0.104
0.0244,0.07311250000000002,2.8,0.35,0.118,0.35,0.106
0.02445,0.07168500000000001,2.8,0.35,0.118,0.35,0.102
0.0245,0.07816500000000003,3.1000000000000005,0.35,0.118,0.35,0.104
0.024550000000000002,0.07632250000000002,3.1000000000000005,0.35,0.118,0.35,0.1
0.0246,0.08258000000000001,3.3500000000000014,0.35,0.117,0.35,0.102
0.024650000000000002,0.08445750000000002,3.500000000000001,0.35,0.116,0.35,0.101
0.0247,0.08207500000000002,3.500000000000001,0.35,0.115,0.35,0.097
0.02475,0.08734000000000003,3.8000000000000007,0.35,0.114,0.35,0.09899999999999999
0.024800000000000003,0.08483250000000002,3.8000000000000007,0.35,0.112,0.35,0.096
0.02485,0.09038500000000002,4.050000000000002,0.35,0.111,0.35,0.098
0.024900000000000002,0.08788750000000002,4.000000000000001,0.29999999999999993,0.10900000000000001,0.29999999999999993,0.094
0.02495,0.08902500000000002,4.15,0.29999999999999993,0.108,0.29999999999999993,0.094
0.025,0.09362500000000003,4.45,0.29999999999999993,0.106,0.29999999999999993,0.096
0.025050000000000003,0.09032250000000003,4.45,0.29999999999999993,0.10500000000000001,0.29999999999999993,0.093
0.0251,0.09407500000000002,4.699999999999999,0.29999999999999993,0.103,0.29999999999999993,0.095
0.025150000000000002,0.09009500000000002,4.699999999999999,0.29999999999999993,0.102,0.29999999999999993,0.092
0.0252,0.08932750000000002,4.85,0.29999999999999993,0.101,0.29999999999999993,0.092
0.02525,0.09159000000000002,5.099999999999999,0.29999999999999993,0.1,0.29999999999999993,0.094
0.0253,0.08607250000000002,5.099999999999999,0.29999999999999993,0.09899999999999999,0.29999999999999993,0.091
0.02535,0.08669750000000002,5.35,0.29999999999999993,0.098,0.29999999999999993,0.093
0.025400000000000002,0.08110500000000002,5.35,0.29999999999999993,0.097,0.29999999999999993,0.09000000000000001
0.02545,0.08252000000000002,5.6000000000000005,0.29999999999999993,0.097,0.29999999999999993,0.092
0.025500000000000002,0.08006250000000002,5.7,0.29999999999999993,0.096,0.29999999999999993,0.092
0.02555,0.07382500000000002,5.599999999999999,0.29999999999999993,0.096,0.29999999999999993,0.089
0.0256,0.07071750000000002,5.6499999999999995,0.29999999999999993,0.095,0.29999999999999993,0.089
0.025650000000000003,0.06785000000000002,5.6,0.29999999999999993,0.095,0.29999999999999993,0.089
0.0257,0.06539750000000001,5.4,0.29999999999999993,0.094,0.29999999999999993,0.088
0.025750000000000002,0.06342500000000001,5.15,0.29999999999999993,0.094,0.29999999999999993,0.088
0.0258,0.061670000000000016,4.949999999999998,0.29999999999999993,0.094,0.29999999999999993,0.088
0.02585,0.06014500000000002,4.75,0.29999999999999993,0.093,0.29999999999999993,0.088
0.025900000000000003,0.05875750000000002,4.65,0.29999999999999993,0.093,0.29999999999999993,0.087
0.02595,0.057500000000000016,4.55,0.29999999999999993,0.092,0.29999999999999993,0.087
0.026000000000000002,0.05635000000000001,4.449999999999999,0.29999999999999993,0.092,0.29999999999999993,0.087
0.02605,0.05528250000000001,4.35,0.29999999999999993,0.092,0.29999999999999993,0.087
0.0261,0.05435750000000002,4.250000000000001,0.29999999999999993,0.091,0.29999999999999993,0.087
0.02615,0.053467500000000015,4.199999999999999,0.29999999999999993,0.091,0.29999999999999993,0.08600000000000001
0.0262,0.052615000000000016,4.15,0.29999999999999993,0.091,0.29999999999999993,0.08600000000000001
0.026250000000000002,0.051837500000000016,4.1,0.29999999999999993,0.09000000000000001,0.29999999999999993,0.08600000000000001
0.0263,0.05106250000000001,4.05,0.29999999999999993,0.09000000000000001,0.29999999999999993,0.08600000000000001
0.026350000000000002,0.05044500000000001,4.0,0.29999999999999993,0.09000000000000001,0.29999999999999993,0.08600000000000001
0.0264,0.04974500000000001,3.9499999999999997,0.29999999999999993,0.09000000000000001,0.29999999999999993,0.08600000000000001
0.02645,0.049165000000000014,3.9000000000000004,0.29999999999999993,0.089,0.29999999999999993,0.085
0.026500000000000003,0.04856750000000001,3.85,0.29999999999999993,0.089,0.29999999999999993,0.085
0.02655,0.04799500000000001,3.8499999999999996,0.29999999999999993,0.089,0.29999999999999993,0.085
0.026600000000000002,0.04747000000000001,3.8,0.29999999999999993,0.089,0.29999999999999993,0.085
0.02665,0.04697500000000001,3.7500000000000004,0.29999999999999993,0.089,0.29999999999999993,0.085
0.0267,0.04646750000000001,3.75,0.29999999999999993,0.088,0.29999999999999993,0.085
0.026750000000000003,0.04596500000000001,3.6999999999999997,0.29999999999999993,0.088,0.29999999999999993,0.085
0.0268,0.04536500000000001,3.6999999999999997,0.29999999999999993,0.088,0.29999999999999993,0.08399999999999999
0.026850000000000002,0.04476250000000001,3.6500000000000004,0.29999999999999993,0.088,0.29999999999999993,0.08399999999999999
0.0269,0.04412500000000001,3.6500000000000004,0.29999999999999993,0.087,0.0,0.0
0.02695,0.04292250000000001,3.55,0.35,0.087,0.35,0.083
0.027,0.04133250000000001,3.3000000000000003,0.3999999999999999,0.087,0.3999999999999999,0.08600000000000001
0.02705,0.03979000000000001,3.1500000000000004,0.3999999999999999,0.087,0.3999999999999999,0.087
0.027100000000000003,0.03838500000000001,3.0,0.3999999999999999,0.086,0.3999999999999999,0.08600000000000001
0.02715,0.03733000000000001,2.8000000000000003,0.3999999999999999,0.09000000000000001,0.3999999999999999,0.09000000000000001
0.027200000000000002,0.03683500000000001,2.6500000000000004,0.35,0.096,0.35,0.096
0.02725,0.03697000000000001,2.5,0.35,0.1,0.35,0.1
0.0273,0.03786000000000001,2.25,0.35,0.104,0.35,0.104
0.027350000000000003,0.03965250000000001,2.1,0.35,0.108,0.35,0.107
0.0274,0.04254750000000001,1.95,0.35,0.11,0.35,0.10900000000000001
0.027450000000000002,0.04602500000000001,1.85,0.35,0.11299999999999999,0.35,0.10900000000000001
0.0275,0.05001750000000001,1.95,0.35,0.115,0.35,0.10900000000000001
0.02755,0.054007500000000014,2.05,0.35,0.116,0.35,0.10900000000000001
0.027600000000000003,0.05797250000000002,2.1999999999999997,0.35,0.117,0.35,0.108
0.02765,0.06193750000000001,2.3,0.35,0.118,0.35,0.107
0.027700000000000002,0.06571750000000001,2.4499999999999997,0.35,0.11900000000000001,0.35,0.106
0.02775,0.07367500000000002,2.75,0.35,0.12000000000000001,0.35,0.108
0.027800000000000002,0.07261250000000002,2.75,0.35,0.12000000000000001,0.35,0.104
0.02785,0.07541750000000001,2.9,0.35,0.12000000000000001,0.35,0.103
0.0279,0.07793500000000002,3.0500000000000003,0.35,0.11900000000000001,0.35,0.102
0.027950000000000003,0.08021500000000002,3.2,0.35,0.11900000000000001,0.35,0.101
0.028,0.08239750000000003,3.3000000000000003,0.35,0.118,0.35,0.1
0.028050000000000002,0.08424000000000002,3.45,0.35,0.117,0.35,0.09899999999999999
0.0281,0.08583500000000002,3.6,0.35,0.116,0.35,0.098
0.02815,0.08717250000000003,3.75,0.35,0.115,0.35,0.097
0.028200000000000003,0.08837500000000002,3.9000000000000004,0.35,0.114,0.35,0.096
0.02825,0.08983250000000002,4.000000000000001,0.35,0.112,0.35,0.095
0.028300000000000002,0.09118000000000002,4.15,0.35,0.11,0.35,0.095
0.02835,0.09234750000000003,4.25,0.29999999999999993,0.10900000000000001,0.29999999999999993,0.094
0.0284,0.09315250000000003,4.4,0.29999999999999993,0.107,0.29999999999999993,0.094
0.028450000000000003,0.09367750000000002,4.499999999999999,0.29999999999999993,0.106,0.29999999999999993,0.093
0.0285,0.09383250000000003,4.6499999999999995,0.29999999999999993,0.10500000000000001,0.29999999999999993,0.093
0.028550000000000002,0.09350500000000002,4.8,0.29999999999999993,0.103,0.29999999999999993,0.093
0.0286,0.09654750000000002,5.05,0.29999999999999993,0.102,0.29999999999999993,0.095
0.028650000000000002,0.09170250000000002,5.05,0.29999999999999993,0.101,0.29999999999999993,0.092
0.0287,0.08998750000000003,5.2,0.29999999999999993,0.1,0.29999999999999993,0.091
0.02875,0.08741000000000002,5.3,0.29999999999999993,0.09899999999999999,0.29999999999999993,0.091
0.028800000000000003,0.08473000000000003,5.45,0.29999999999999993,0.098,0.29999999999999993,0.091
0.02885,0.08252500000000002,5.550000000000001,0.29999999999999993,0.098,0.29999999999999993,0.09000000000000001
0.028900000000000002,0.08007500000000002,5.65,0.29999999999999993,0.097,0.29999999999999993,0.09000000000000001
0.02895,0.07736500000000002,5.7,0.29999999999999993,0.097,0.29999999999999993,0.09000000000000001
0.029,0.07434250000000002,5.75,0.29999999999999993,0.096,0.29999999999999993,0.09000000000000001
0.029050000000000003,0.07126750000000001,5.75,0.29999999999999993,0.096,0.29999999999999993,0.089
0.0291,0.06870500000000002,5.55,0.29999999999999993,0.095,0.29999999999999993,0.089
0.029150000000000002,0.06655000000000001,5.3,0.29999999999999993,0.095,0.29999999999999993,0.089
0.0292,0.06466000000000002,5.1,0.29999999999999993,0.095,0.29999999999999993,0.089
0.02925,0.06298500000000001,4.9,0.29999999999999993,0.094,0.29999999999999993,0.088
0.029300000000000003,0.061545000000000016,4.800000000000001,0.29999999999999993,0.094,0.29999999999999993,0.088
0.02935,0.060240000000000016,4.6499999999999995,0.29999999999999993,0.093,0.29999999999999993,0.088
0.029400000000000003,0.05900750000000002,4.550000000000001,0.29999999999999993,0.093,0.29999999999999993,0.088
0.02945,0.061252500000000015,4.6,0.29999999999999993,0.093,0.29999999999999993,0.09000000000000001
0.029500000000000002,0.05685750000000001,4.4,0.29999999999999993,0.092,0.29999999999999993,0.087
0.02955,0.05590000000000001,4.300000000000001,0.29999999999999993,0.092,0.29999999999999993,0.087
0.0296,0.054995000000000016,4.25,0.29999999999999993,0.092,0.29999999999999993,0.087
0.029650000000000003,0.05420500000000002,4.2,0.29999999999999993,0.092,0.29999999999999993,0.087
0.0297,0.053432500000000015,4.15,0.29999999999999993,0.091,0.29999999999999993,0.087
0.029750000000000002,0.052710000000000014,4.1000000000000005,0.29999999999999993,0.091,0.29999999999999993,0.08600000000000001
0.0298,0.05198500000000001,4.05,0.29999999999999993,0.091,0.29999999999999993,0.08600000000000001
0.02985,0.05136750000000001,3.999999999999999,0.29999999999999993,0.09000000000000001,0.29999999999999993,0.08600000000000001
0.029900000000000003,0.050747500000000015,3.95,0.29999999999999993,0.09000000000000001,0.29999999999999993,0.08600000000000001
0.02995,0.05017000000000001,3.95,0.29999999999999993,0.09000000000000001,0.29999999999999993,0.08600000000000001
0.030000000000000002,0.04959250000000001,3.8999999999999986,0.29999999999999993,0.09000000000000001,0.29999999999999993,0.08600000000000001
0.03005,0.05223500000000001,4.0,0.29999999999999993,0.09000000000000001,0.29999999999999993,0.087
0.030100000000000002,0.04850750000000001,3.8499999999999996,0.29999999999999993,0.089,0.29999999999999993,0.085
0.03015,0.047910000000000015,3.8,0.29999999999999993,0.089,0.29999999999999993,0.085
0.0302,0.04730750000000001,3.75,0.29999999999999993,0.089,0.29999999999999993,0.085
0.030250000000000003,0.046570000000000014,3.750000000000001,0.29999999999999993,0.089,0.0,0.0
0.0303,0.04770250000000001,3.6999999999999984,0.4,0.088,0.4,0.08399999999999999
0.030350000000000002,0.04397000000000001,3.45,0.4,0.088,0.4,0.08600000000000001
0.0304,0.04234750000000001,3.3,0.4,0.088,0.4,0.088
0.03045,0.04077000000000001,3.0999999999999996,0.4,0.088,0.4,0.088
0.030500000000000003,0.03940750000000001,2.9499999999999993,0.4,0.088,0.4,0.088
0.03055,0.03865000000000001,2.8,0.4,0.094,0.4,0.094
0.030600000000000002,0.03835750000000001,2.5999999999999996,0.3500000000000001,0.09899999999999999,0.3500000000000001,0.09899999999999999
0.03065,0.03880000000000001,2.4000000000000012,0.3500000000000001,0.104,0.3500000000000001,0.104
0.0307,0.04013500000000001,2.250000000000001,0.3500000000000001,0.107,0.3500000000000001,0.107
0.030750000000000003,0.04226500000000001,2.1000000000000005,0.3500000000000001,0.11,0.3500000000000001,0.10900000000000001
0.0308,0.04563750000000001,1.9000000000000021,0.3500000000000001,0.11299999999999999,0.3500000000000001,0.11
0.030850000000000002,0.049340000000000016,1.9000000000000021,0.3500000000000001,0.115,0.3500000000000001,0.11
0.0309,0.05806250000000002,2.1500000000000004,0.3500000000000001,0.118,0.3500000000000001,0.11299999999999999
0.030950000000000002,0.057497500000000014,2.1500000000000004,0.3500000000000001,0.118,0.3500000000000001,0.10900000000000001
0.031,0.06150500000000002,2.3000000000000007,0.3500000000000001,0.11900000000000001,0.3500000000000001,0.108
0.03105,0.06548000000000001,2.4000000000000004,0.3500000000000001,0.12000000000000001,0.3500000000000001,0.107
0.031100000000000003,0.06926000000000002,2.55,0.3500000000000001,0.12000000000000001,0.3500000000000001,0.106
0.03115,0.07727000000000002,2.8499999999999996,0.3500000000000001,0.121,0.3500000000000001,0.108
0.031200000000000002,0.07612250000000002,2.8499999999999996,0.3500000000000001,0.121,0.3500000000000001,0.104
0.03125,0.07898500000000001,3.0,0.3500000000000001,0.121,0.3500000000000001,0.103
0.0313,0.08154000000000002,3.1499999999999995,0.3500000000000001,0.12000000000000001,0.3500000000000001,0.102
0.03135,0.08802750000000002,3.4000000000000004,0.3500000000000001,0.12000000000000001,0.3500000000000001,0.104
0.031400000000000004,0.08593000000000002,3.4000000000000004,0.3500000000000001,0.11900000000000001,0.3500000000000001,0.1
0.03145,0.08775250000000002,3.5500000000000007,0.3500000000000001,0.118,0.3500000000000001,0.09899999999999999
0.0315,0.08930500000000002,3.700000000000001,0.3500000000000001,0.117,0.3500000000000001,0.098
0.03155,0.09053750000000002,3.8500000000000005,0.3500000000000001,0.116,0.3500000000000001,0.097
0.0316,0.09575250000000002,4.150000000000001,0.3500000000000001,0.114,0.3500000000000001,0.1
0.031650000000000005,0.09274250000000002,4.1000000000000005,0.3500000000000001,0.11299999999999999,0.3500000000000001,0.096
0.0317,0.09409250000000002,4.250000000000001,0.3500000000000001,0.111,0.3500000000000001,0.095
0.03175,0.09524500000000002,4.4,0.3500000000000001,0.10900000000000001,0.3500000000000001,0.095
0.0318,0.09605250000000003,4.5,0.3500000000000001,0.108,0.3500000000000001,0.094
0.03185,0.10034250000000003,4.749999999999999,0.30000000000000004,0.107,0.30000000000000004,0.096
0.031900000000000005,0.09665500000000002,4.749999999999999,0.30000000000000004,0.10500000000000001,0.30000000000000004,0.093
0.03195,0.09638500000000003,4.8999999999999995,0.30000000000000004,0.104,0.30000000000000004,0.093
0.032,0.09576250000000003,4.999999999999999,0.30000000000000004,0.103,0.30000000000000004,0.093
0.03205,0.09826750000000002,5.299999999999999,0.30000000000000004,0.102,0.30000000000000004,0.095
0.032100000000000004,0.09669250000000003,5.4,0.30000000000000004,0.101,0.30000000000000004,0.094
0.032150000000000005,0.09071250000000003,5.4,0.30000000000000004,0.1,0.30000000000000004,0.092
0.0322,0.08760250000000003,5.500000000000001,0.30000000000000004,0.09899999999999999,0.30000000000000004,0.091
0.03225,0.08525750000000003,5.650000000000001,0.30000000000000004,0.09899999999999999,0.30000000000000004,0.091
0.0323,0.08633750000000003,5.9,0.30000000000000004,0.098,0.30000000000000004,0.093
0.032350000000000004,0.08357500000000002,5.949999999999999,0.30000000000000004,0.098,0.30000000000000004,0.093
0.0324,0.07700250000000002,5.85,0.30000000000000004,0.097,0.30000000000000004,0.09000000000000001
0.03245,0.07385500000000002,5.800000000000001,0.30000000000000004,0.097,0.30000000000000004,0.09000000000000001
0.0325,0.07113250000000002,5.6499999999999995,0.30000000000000004,0.096,0.30000000000000004,0.09000000000000001
0.03255,0.07238750000000002,5.550000000000001,0.30000000000000004,0.096,0.30000000000000004,0.092
0.032600000000000004,0.07043500000000001,5.350000000000001,0.30000000000000004,0.095,0.30000000000000004,0.091
0.03265,0.06524750000000001,5.0,0.30000000000000004,0.095,0.30000000000000004,0.089
0.0327,0.06370250000000001,4.8999999999999995,0.30000000000000004,0.095,0.30000000000000004,0.089
0.03275,0.06233250000000001,4.75,0.30000000000000004,0.094,0.30000000000000004,0.088
0.0328,0.06451750000000002,4.8,0.30000000000000004,0.094,0.30000000000000004,0.09000000000000001
0.032850000000000004,0.06335750000000001,4.699999999999999,0.30000000000000004,0.094,0.30000000000000004,0.09000000000000001
0.0329,0.058872500000000015,4.5,0.30000000000000004,0.093,0.30000000000000004,0.088
0.03295,0.05787750000000001,4.3999999999999995,0.30000000000000004,0.093,0.30000000000000004,0.088
0.033,0.056970000000000014,4.3500000000000005,0.30000000000000004,0.093,0.30000000000000004,0.087
0.03305,0.059427500000000015,4.45,0.30000000000000004,0.092,0.30000000000000004,0.089
0.033100000000000004,0.055292500000000015,4.25,0.30000000000000004,0.092,0.30000000000000004,0.087
0.03315,0.054535000000000014,4.199999999999999,0.30000000000000004,0.092,0.30000000000000004,0.087
0.0332,0.053827500000000014,4.1499999999999995,0.30000000000000004,0.092,0.30000000000000004,0.087
0.03325,0.053147500000000014,4.1000000000000005,0.30000000000000004,0.091,0.30000000000000004,0.087
0.0333,0.055797500000000014,4.2,0.30000000000000004,0.091,0.30000000000000004,0.089
0.033350000000000005,0.05189500000000001,4.0,0.30000000000000004,0.091,0.30000000000000004,0.08600000000000001
0.0334,0.05129250000000001,3.9499999999999997,0.30000000000000004,0.091,0.30000000000000004,0.08600000000000001
0.03345,0.05069750000000001,3.95,0.30000000000000004,0.09000000000000001,0.30000000000000004,0.08600000000000001
0.0335,0.05010500000000001,3.9000000000000004,0.30000000000000004,0.09000000000000001,0.30000000000000004,0.08600000000000001
0.03355,0.05248500000000001,4.0,0.30000000000000004,0.09000000000000001,0.30000000000000004,0.088
0.033600000000000005,0.04872500000000001,3.85,0.30000000000000004,0.09000000000000001,0.30000000000000004,0.085
0.03365,0.04785250000000001,3.75,0.30000000000000004,0.089,0.30000000000000004,0.079
0.0337,0.04637250000000001,3.6,0.3999999999999999,0.089,0.3999999999999999,0.08600000000000001
0.03375,0.04628250000000001,3.4,0.3999999999999999,0.089,0.3999999999999999,0.089
0.033800000000000004,0.04483750000000001,3.25,0.3999999999999999,0.089,0.3999999999999999,0.089
0.033850000000000005,0.04139750000000001,3.1,0.3999999999999999,0.088,0.3999999999999999,0.088
0.0339,0.04025750000000001,2.9,0.3999999999999999,0.093,0.3999999999999999,0.093
0.03395,0.03966000000000001,2.75,0.3999999999999999,0.098,0.3999999999999999,0.098
0.034,0.04259000000000001,2.55,0.34999999999999987,0.106,0.34999999999999987,0.106
0.034050000000000004,0.04357500000000001,2.3499999999999996,0.34999999999999987,0.10900000000000001,0.34999999999999987,0.10900000000000001
0.0341,0.04234250000000001,2.1999999999999997,0.34999999999999987,0.10900000000000001,0.34999999999999987,0.10900000000000001
0.03415,0.04502750000000001,2.05,0.34999999999999987,0.112,0.34999999999999987,0.11
0.0342,0.04860750000000001,1.9000000000000001,0.34999999999999987,0.114,0.34999999999999987,0.111
0.03425,0.05733500000000001,2.1,0.34999999999999987,0.118,0.34999999999999987,0.114
0.034300000000000004,0.061425000000000014,2.25,0.34999999999999987,0.11900000000000001,0.34999999999999987,0.11299999999999999
0.03435,0.060800000000000014,2.25,0.34999999999999987,0.11900000000000001,0.34999999999999987,0.10900000000000001
0.0344,0.06493250000000002,2.35,0.34999999999999987,0.12000000000000001,0.34999999999999987,0.108
0.03445,0.06884000000000001,2.5,0.34999999999999987,0.121,0.34999999999999987,0.107
0.0345,0.07716000000000002,2.8,0.34999999999999987,0.122,0.34999999999999987,0.10900000000000001
0.034550000000000004,0.08062000000000002,2.9499999999999997,0.34999999999999987,0.122,0.34999999999999987,0.108
0.0346,0.07932000000000002,2.9499999999999997,0.34999999999999987,0.122,0.34999999999999987,0.104
0.03465,0.08226000000000003,3.1,0.34999999999999987,0.121,0.34999999999999987,0.103
0.0347,0.08483750000000002,3.25,0.34999999999999987,0.121,0.34999999999999987,0.102
0.03475,0.09125000000000003,3.5000000000000004,0.34999999999999987,0.12000000000000001,0.34999999999999987,0.104
0.034800000000000005,0.08902250000000002,3.5000000000000004,0.34999999999999987,0.12000000000000001,0.34999999999999987,0.1
0.03485,0.09079750000000002,3.6500000000000004,0.34999999999999987,0.11900000000000001,0.34999999999999987,0.09899999999999999
0.0349,0.09225000000000003,3.8000000000000003,0.34999999999999987,0.117,0.34999999999999987,0.098
0.03495,0.09355750000000003,3.95,0.34999999999999987,0.116,0.34999999999999987,0.098
0.035,0.09865250000000002,4.2,0.34999999999999987,0.115,0.34999999999999987,0.1
0.035050000000000005,0.09538500000000003,4.2,0.34999999999999987,0.11299999999999999,0.34999999999999987,0.096
0.0351,0.09659500000000003,4.3500000000000005,0.34999999999999987,0.111,0.34999999999999987,0.095
0.03515,0.09763750000000003,4.5,0.34999999999999987,0.11,0.34999999999999987,0.095
0.0352,0.10225250000000002,4.7,0.34999999999999987,0.108,0.34999999999999987,0.097
0.035250000000000004,0.10271500000000003,4.85,0.34999999999999987,0.107,0.34999999999999987,0.097
0.035300000000000005,0.09889750000000003,4.85,0.29999999999999993,0.106,0.29999999999999993,0.094
0.03535,0.09861750000000002,5.0,0.29999999999999993,0.10500000000000001,0.29999999999999993,0.093
0.0354,0.09784750000000002,5.1,0.29999999999999993,0.104,0.29999999999999993,0.093
0.03545,0.10052000000000003,5.3999999999999995,0.29999999999999993,0.103,0.29999999999999993,0.095
0.035500000000000004,0.09889500000000002,5.5,0.29999999999999993,0.102,0.29999999999999993,0.095
0.03555,0.09299500000000002,5.5,0.29999999999999993,0.101,0.29999999999999993,0.092
0.0356,0.08972250000000002,5.6,0.29999999999999993,0.1,0.29999999999999993,0.092
0.03565,0.08717750000000002,5.7,0.29999999999999993,0.09899999999999999,0.29999999999999993,0.091
0.0357,0.08823750000000002,5.949999999999999,0.29999999999999993,0.09899999999999999,0.29999999999999993,0.093
0.035750000000000004,0.08547000000000002,6.05,0.29999999999999993,0.098,0.29999999999999993,0.093
0.0358,0.07880500000000001,5.9,0.29999999999999993,0.098,0.29999999999999993,0.09000000000000001
0.03585,0.07565250000000003,5.8999999999999995,0.29999999999999993,0.097,0.29999999999999993,0.09000000000000001
0.0359,0.07289250000000001,5.699999999999999,0.29999999999999993,0.097,0.29999999999999993,0.09000000000000001
0.03595,0.07410750000000002,5.6000000000000005,0.29999999999999993,0.096,0.29999999999999993,0.092
0.036000000000000004,0.07216250000000002,5.4,0.29999999999999993,0.096,0.29999999999999993,0.092
0.03605,0.06691250000000001,5.1,0.29999999999999993,0.096,0.29999999999999993,0.089
0.0361,0.06533500000000002,4.950000000000001,0.29999999999999993,0.095,0.29999999999999993,0.089
0.03615,0.06394250000000001,4.800000000000001,0.29999999999999993,0.095,0.29999999999999993,0.089
0.0362,0.06612250000000001,4.85,0.29999999999999993,0.094,0.29999999999999993,0.091
0.036250000000000004,0.06147250000000001,4.6499999999999995,0.29999999999999993,0.094,0.29999999999999993,0.088
0.0363,0.06040250000000001,4.550000000000001,0.29999999999999993,0.094,0.29999999999999993,0.088
0.03635,0.059420000000000014,4.499999999999998,0.29999999999999993,0.094,0.29999999999999993,0.088
0.0364,0.05848000000000002,4.4,0.29999999999999993,0.093,0.29999999999999993,0.088
0.03645,0.06099250000000001,4.499999999999999,0.29999999999999993,0.093,0.29999999999999993,0.09000000000000001
0.036500000000000005,0.056782500000000014,4.3,0.29999999999999993,0.093,0.29999999999999993,0.088
0.03655,0.05599750000000001,4.25,0.29999999999999993,0.092,0.29999999999999993,0.087
0.0366,0.055250000000000014,4.2,0.29999999999999993,0.092,0.29999999999999993,0.087
0.03665,0.054562500000000014,4.150000000000001,0.29999999999999993,0.092,0.29999999999999993,0.087
0.0367,0.057192500000000014,4.250000000000001,0.29999999999999993,0.092,0.29999999999999993,0.089
0.036750000000000005,0.05326250000000001,4.050000000000002,0.29999999999999993,0.091,0.29999999999999993,0.087
0.0368,0.05265250000000001,4.05,0.29999999999999993,0.091,0.29999999999999993,0.087
0.03685,0.05197750000000001,4.000000000000001,0.29999999999999993,0.091,0.29999999999999993,0.08600000000000001
0.0369,0.054432500000000016,4.1000000000000005,0.29999999999999993,0.091,0.29999999999999993,0.088
0.036950000000000004,0.053572500000000016,4.1,0.29999999999999993,0.091,0.29999999999999993,0.088
0.037000000000000005,0.04979250000000001,3.8999999999999995,0.29999999999999993,0.09000000000000001,0.0,0.0
0.03705,0.04850750000000001,3.799999999999999,0.35,0.09000000000000001,0.35,0.08399999999999999
0.0371,0.04659000000000001,3.549999999999999,0.4,0.09000000000000001,0.4,0.088
0.03715,0.04671500000000001,3.3999999999999995,0.4,0.089,0.4,0.089
0.037200000000000004,0.04527500000000001,3.2,0.4,0.091,0.4,0.091
0.03725,0.04188250000000001,3.05,0.4,0.091,0.4,0.091
0.0373,0.04099250000000001,2.8499999999999996,0.4,0.097,0.4,0.097
0.03735,0.04073500000000001,2.6999999999999993,0.4,0.101,0.4,0.101
0.0374,0.044037500000000014,2.5,0.35,0.10900000000000001,0.35,0.10900000000000001
0.037450000000000004,0.04566500000000001,2.3000000000000007,0.35,0.112,0.35,0.112
0.0375,0.04459750000000001,2.1500000000000004,0.35,0.112,0.35,0.11
0.03755,0.047985000000000014,2.0,0.35,0.114,0.35,0.111
0.0376,0.05170250000000001,1.950000000000001,0.35,0.116,0.35,0.111
0.03765,0.060612500000000014,2.200000000000001,0.35,0.11900000000000001,0.35,0.114
0.037700000000000004,0.06476250000000001,2.3500000000000005,0.35,0.12000000000000001,0.35,0.11299999999999999
0.03775,0.06416000000000002,2.3500000000000005,0.35,0.12000000000000001,0.35,0.10900000000000001
0.0378,0.06823250000000002,2.4499999999999993,0.35,0.121,0.35,0.108
0.03785,0.07216750000000002,2.5999999999999996,0.35,0.122,0.35,0.107
0.0379,0.08038750000000001,2.8999999999999995,0.35,0.122,0.35,0.10900000000000001
0.037950000000000005,0.07926000000000002,2.8999999999999995,0.35,0.122,0.35,0.10500000000000001
0.038,0.08240000000000001,3.0500000000000007,0.35,0.122,0.35,0.104
0.03805,0.08524750000000002,3.2,0.35,0.122,0.35,0.103
0.0381,0.08786750000000003,3.3000000000000016,0.35,0.121,0.35,0.102
0.03815,0.09420250000000002,3.6000000000000014,0.35,0.121,0.35,0.104
0.038200000000000005,0.09189500000000002,3.6000000000000014,0.35,0.12000000000000001,0.35,0.1
0.03825,0.09358000000000002,3.750000000000001,0.35,0.11900000000000001,0.35,0.09899999999999999
0.0383,0.09493500000000002,3.9000000000000012,0.35,0.118,0.35,0.098
0.03835,0.10027500000000003,4.200000000000001,0.35,0.116,0.35,0.101
0.038400000000000004,0.10117000000000002,4.300000000000001,0.35,0.115,0.35,0.1
0.038450000000000005,0.09782750000000003,4.300000000000001,0.35,0.11299999999999999,0.35,0.096
0.0385,0.09882500000000002,4.45,0.35,0.112,0.35,0.096
0.03855,0.09979750000000003,4.6000000000000005,0.35,0.11,0.35,0.095
0.0386,0.10436500000000003,4.8,0.35,0.10900000000000001,0.35,0.097
0.038650000000000004,0.10466000000000003,4.95,0.35,0.107,0.35,0.097
0.038700000000000005,0.10077000000000003,4.95,0.30000000000000004,0.106,0.30000000000000004,0.094
0.03875,0.10043250000000002,5.049999999999999,0.30000000000000004,0.10500000000000001,0.30000000000000004,0.093
0.0388,0.09963250000000003,5.199999999999999,0.30000000000000004,0.104,0.30000000000000004,0.093
0.03885,0.10216500000000002,5.499999999999999,0.30000000000000004,0.103,0.30000000000000004,0.095
0.038900000000000004,0.10047250000000002,5.6,0.30000000000000004,0.102,0.30000000000000004,0.095
0.03895,0.09444500000000003,5.6,0.30000000000000004,0.101,0.30000000000000004,0.092
0.039,0.09121250000000003,5.700000000000001,0.30000000000000004,0.101,0.30000000000000004,0.092
0.03905,0.08852500000000002,5.800000000000001,0.30000000000000004,0.1,0.30000000000000004,0.091
0.0391,0.08950000000000002,6.049999999999999,0.30000000000000004,0.09899999999999999,0.30000000000000004,0.094
0.039150000000000004,0.08661250000000002,6.1,0.30000000000000004,0.09899999999999999,0.30000000000000004,0.093
0.0392,0.07993500000000002,5.950000000000001,0.30000000000000004,0.098,0.30000000000000004,0.091
0.03925,0.07677000000000002,5.9,0.30000000000000004,0.098,0.30000000000000004,0.09000000000000001
0.0393,0.07409250000000002,5.75,0.30000000000000004,0.097,0.30000000000000004,0.09000000000000001
0.03935,0.07536000000000002,5.6499999999999995,0.30000000000000004,0.097,0.30000000000000004,0.092
0.039400000000000004,0.07336750000000002,5.449999999999999,0.30000000000000004,0.096,0.30000000000000004,0.092
0.03945,0.06808500000000002,5.1,0.30000000000000004,0.096,0.30000000000000004,0.09000000000000001
0.0395,0.06655000000000001,5.0,0.30000000000000004,0.096,0.30000000000000004,0.089
0.03955,0.06513000000000002,4.85,0.30000000000000004,0.095,0.30000000000000004,0.089
0.0396,0.06730250000000002,4.899999999999999,0.30000000000000004,0.095,0.30000000000000004,0.091
0.039650000000000005,0.06269250000000001,4.65,0.30000000000000004,0.095,0.30000000000000004,0.089
0.0397,0.061537500000000016,4.6,0.30000000000000004,0.094,0.30000000000000004,0.089
0.03975,0.060557500000000014,4.5,0.30000000000000004,0.094,0.30000000000000004,0.088
0.0398,0.06303000000000002,4.6,0.30000000000000004,0.094,0.30000000000000004,0.09000000000000001
0.039850000000000003,0.06216500000000002,4.550000000000001,0.30000000000000004,0.093,0.30000000000000004,0.09000000000000001
0.039900000000000005,0.057922500000000016,4.35,0.30000000000000004,0.093,0.30000000000000004,0.088
0.03995,0.057125000000000016,4.300000000000001,0.30000000000000004,0.093,0.30000000000000004,0.088
0.04,0.056390000000000017,4.25,0.30000000000000004,0.093,0.30000000000000004,0.088
0.04005,0.05899500000000001,4.35,0.30000000000000004,0.092,0.30000000000000004,0.09000000000000001
0.040100000000000004,0.058317500000000015,4.300000000000001,0.30000000000000004,0.092,0.30000000000000004,0.089
0.040150000000000005,0.05433750000000001,4.1,0.30000000000000004,0.092,0.30000000000000004,0.087
0.0402,0.05368500000000001,4.1,0.30000000000000004,0.092,0.30000000000000004,0.087
0.04025,0.052982500000000016,4.05,0.30000000000000004,0.091,0.30000000000000004,0.087
0.0403,0.05531000000000001,4.15,0.30000000000000004,0.091,0.30000000000000004,0.089
0.040350000000000004,0.05414500000000001,4.1000000000000005,0.3500000000000001,0.091,0.0,0.0
0.040400000000000005,0.05030750000000001,3.9,0.3500000000000001,0.091,0.3500000000000001,0.082
0.04045,0.04858750000000001,3.6500000000000004,0.40000000000000013,0.091,0.40000000000000013,0.088
0.0405,0.04657250000000001,3.5,0.40000000000000013,0.09000000000000001,0.40000000000000013,0.09000000000000001
0.04055,0.04692250000000001,3.3000000000000003,0.40000000000000013,0.09000000000000001,0.40000000000000013,0.09000000000000001
0.040600000000000004,0.04558000000000001,3.1500000000000004,0.40000000000000013,0.095,0.40000000000000013,0.095
0.04065,0.04239500000000001,2.95,0.40000000000000013,0.095,0.40000000000000013,0.095
0.0407,0.04164000000000001,2.8000000000000003,0.40000000000000013,0.1,0.40000000000000013,0.1
0.04075,0.04180000000000001,2.6,0.3500000000000001,0.104,0.3500000000000001,0.104
0.0408,0.04565250000000001,2.4,0.3500000000000001,0.111,0.3500000000000001,0.111
0.040850000000000004,0.04796000000000001,2.25,0.3500000000000001,0.114,0.3500000000000001,0.11299999999999999
0.0409,0.04711500000000001,2.1,0.3500000000000001,0.114,0.3500000000000001,0.111
0.04095,0.05079250000000001,1.95,0.3500000000000001,0.116,0.3500000000000001,0.112
0.041,0.054840000000000014,2.05,0.3500000000000001,0.118,0.3500000000000001,0.111
0.04105,0.06381750000000001,2.3,0.3500000000000001,0.121,0.3500000000000001,0.114
0.041100000000000005,0.06797750000000001,2.4499999999999997,0.3500000000000001,0.122,0.3500000000000001,0.11299999999999999
0.04115,0.06740500000000002,2.4,0.3500000000000001,0.122,0.3500000000000001,0.10900000000000001
0.0412,0.07141500000000002,2.5500000000000003,0.3500000000000001,0.122,0.3500000000000001,0.108
0.04125,0.07526750000000001,2.7,0.3500000000000001,0.12300000000000001,0.3500000000000001,0.107
0.0413,0.08347500000000002,3.0,0.3500000000000001,0.12300000000000001,0.3500000000000001,0.10900000000000001
0.041350000000000005,0.08225000000000002,3.0,0.3500000000000001,0.12300000000000001,0.3500000000000001,0.104
0.0414,0.08528250000000002,3.15,0.3500000000000001,0.12300000000000001,0.3500000000000001,0.103
0.04145,0.08812000000000002,3.3,0.3500000000000001,0.122,0.3500000000000001,0.103
0.0415,0.09494750000000002,3.5500000000000003,0.3500000000000001,0.122,0.3500000000000001,0.10500000000000001
0.041550000000000004,0.09685250000000002,3.7,0.3500000000000001,0.121,0.3500000000000001,0.104
0.041600000000000005,0.09439750000000002,3.7,0.3500000000000001,0.12000000000000001,0.3500000000000001,0.1
0.04165,0.09595500000000003,3.85,0.3500000000000001,0.11900000000000001,0.3500000000000001,0.09899999999999999
0.0417,0.09730500000000003,4.0,0.3500000000000001,0.117,0.3500000000000001,0.098
0.04175,0.10254500000000003,4.25,0.3500000000000001,0.116,0.3500000000000001,0.101
0.041800000000000004,0.10330250000000002,4.4,0.3500000000000001,0.115,0.3500000000000001,0.1
0.041850000000000005,0.09977750000000002,4.4,0.3500000000000001,0.11299999999999999,0.3500000000000001,0.096
0.0419,0.10071500000000003,4.55,0.3500000000000001,0.112,0.3500000000000001,0.096
0.04195,0.10157500000000003,4.6499999999999995,0.3500000000000001,0.11,0.3500000000000001,0.095
0.042,0.10613000000000003,4.8999999999999995,0.3500000000000001,0.10900000000000001,0.3500000000000001,0.097
0.042050000000000004,0.10624500000000002,5.05,0.3500000000000001,0.108,0.3500000000000001,0.097
0.042100000000000005,0.10227000000000003,5.05,0.3500000000000001,0.106,0.3500000000000001,0.094
0.04215,0.10173500000000002,5.1499999999999995,0.30000000000000004,0.10500000000000001,0.30000000000000004,0.094
0.0422,0.10090250000000002,5.3,0.30000000000000004,0.104,0.30000000000000004,0.093
0.04225,0.10334250000000003,5.55,0.30000000000000004,0.103,0.30000000000000004,0.096
0.042300000000000004,0.10155750000000002,5.7,0.30000000000000004,0.102,0.30000000000000004,0.095
0.04235,0.09533250000000003,5.65,0.30000000000000004,0.102,0.30000000000000004,0.092
0.0424,0.09204500000000003,5.750000000000001,0.30000000000000004,0.101,0.30000000000000004,0.092
0.04245,0.08931500000000002,5.85,0.30000000000000004,0.1,0.30000000000000004,0.092
0.0425,0.09025750000000002,6.1000000000000005,0.30000000000000004,0.09899999999999999,0.30000000000000004,0.094
0.042550000000000004,0.08732750000000002,6.15,0.30000000000000004,0.09899999999999999,0.30000000000000004,0.094
0.0426,0.08050750000000002,6.0,0.30000000000000004,0.098,0.30000000000000004,0.091
0.04265,0.07741250000000002,5.95,0.30000000000000004,0.098,0.30000000000000004,0.091
0.0427,0.07479000000000002,5.7,0.30000000000000004,0.097,0.30000000000000004,0.09000000000000001
0.04275,0.07614000000000001,5.65,0.30000000000000004,0.097,0.30000000000000004,0.093
0.042800000000000005,0.07415500000000001,5.45,0.30000000000000004,0.097,0.30000000000000004,0.092
0.04285,0.06890750000000001,5.15,0.30000000000000004,0.096,0.30000000000000004,0.09000000000000001
0.0429,0.06735250000000002,5.0,0.30000000000000004,0.096,0.30000000000000004,0.09000000000000001
0.04295,0.06949000000000002,5.050000000000001,0.30000000000000004,0.096,0.30000000000000004,0.092
0.043000000000000003,0.06818250000000002,4.950000000000001,0.30000000000000004,0.095,0.30000000000000004,0.091
0.043050000000000005,0.06348000000000002,4.700000000000001,0.30000000000000004,0.095,0.30000000000000004,0.089
0.0431,0.06245500000000002,4.600000000000001,0.30000000000000004,0.095,0.30000000000000004,0.089
0.04315,0.06140750000000002,4.55,0.30000000000000004,0.094,0.30000000000000004,0.089
0.0432,0.06390000000000001,4.65,0.30000000000000004,0.094,0.30000000000000004,0.091
0.043250000000000004,0.06301250000000001,4.550000000000001,0.30000000000000004,0.094,0.30000000000000004,0.09000000000000001
0.043300000000000005,0.058727500000000016,4.3500000000000005,0.30000000000000004,0.094,0.30000000000000004,0.088
0.04335,0.05798250000000001,4.3,0.30000000000000004,0.093,0.30000000000000004,0.088
0.0434,0.057187500000000016,4.249999999999999,0.30000000000000004,0.093,0.30000000000000004,0.088
0.04345,0.059830000000000015,4.4,0.30000000000000004,0.093,0.30000000000000004,0.09000000000000001
0.043500000000000004,0.059157500000000016,4.349999999999999,0.30000000000000004,0.093,0.30000000000000004,0.09000000000000001
0.043550000000000005,0.05511500000000001,4.149999999999999,0.30000000000000004,0.092,0.30000000000000004,0.087
0.0436,0.054437500000000014,4.100000000000001,0.30000000000000004,0.092,0.30000000000000004,0.087
0.04365,0.05370000000000001,4.1,0.30000000000000004,0.092,0.30000000000000004,0.087
0.0437,0.05570000000000001,4.199999999999998,0.30000000000000004,0.092,0.30000000000000004,0.089
0.043750000000000004,0.05421500000000001,3.9999999999999982,0.3999999999999999,0.091,0.3999999999999999,0.083
0.0438,0.050345000000000015,3.8,0.3999999999999999,0.091,0.3999999999999999,0.087
0.04385,0.048262500000000014,3.5999999999999996,0.3999999999999999,0.091,0.3999999999999999,0.09000000000000001
0.0439,0.04643000000000001,3.45,0.3999999999999999,0.09000000000000001,0.3999999999999999,0.09000000000000001
0.04395,0.04698250000000001,3.249999999999999,0.3999999999999999,0.093,0.3999999999999999,0.093
0.044000000000000004,0.04588000000000001,3.0999999999999996,0.3999999999999999,0.09899999999999999,0.3999999999999999,0.09899999999999999
0.04405,0.04277000000000001,2.8999999999999995,0.3999999999999999,0.09899999999999999,0.3999999999999999,0.09899999999999999
0.0441,0.04242500000000001,2.700000000000001,0.3999999999999999,0.103,0.3999999999999999,0.103
0.04415,0.04286250000000001,2.5,0.34999999999999987,0.107,0.34999999999999987,0.107
0.0442,0.04757250000000001,2.3500000000000005,0.34999999999999987,0.11299999999999999,0.34999999999999987,0.11299999999999999
0.044250000000000005,0.05039000000000001,2.1500000000000004,0.34999999999999987,0.115,0.34999999999999987,0.114
0.0443,0.04998250000000001,2.0,0.34999999999999987,0.115,0.34999999999999987,0.112
0.04435,0.05380500000000001,2.0,0.34999999999999987,0.117,0.34999999999999987,0.112
0.0444,0.05797250000000002,2.1000000000000005,0.34999999999999987,0.11900000000000001,0.34999999999999987,0.111
0.04445,0.06700750000000001,2.4000000000000012,0.34999999999999987,0.122,0.34999999999999987,0.114
0.044500000000000005,0.06643750000000001,2.4000000000000012,0.34999999999999987,0.122,0.34999999999999987,0.10900000000000001
0.04455,0.07052000000000001,2.5,0.34999999999999987,0.122,0.34999999999999987,0.108
0.0446,0.07450750000000002,2.6500000000000004,0.34999999999999987,0.12300000000000001,0.34999999999999987,0.107
0.04465,0.08286250000000002,2.95,0.34999999999999987,0.12300000000000001,0.34999999999999987,0.11
0.044700000000000004,0.08628500000000003,3.1000000000000005,0.34999999999999987,0.12300000000000001,0.34999999999999987,0.108
0.044750000000000005,0.08502750000000002,3.1000000000000005,0.34999999999999987,0.12300000000000001,0.34999999999999987,0.104
0.0448,0.08801250000000002,3.25,0.34999999999999987,0.12300000000000001,0.34999999999999987,0.103
0.04485,0.09076250000000002,3.3500000000000014,0.34999999999999987,0.122,0.34999999999999987,0.102
0.0449,0.09739750000000003,3.6500000000000012,0.34999999999999987,0.122,0.34999999999999987,0.10500000000000001
0.044950000000000004,0.09921500000000003,3.8000000000000007,0.34999999999999987,0.121,0.34999999999999987,0.104
0.045000000000000005,0.09669750000000002,3.8000000000000007,0.34999999999999987,0.12000000000000001,0.34999999999999987,0.1
0.04505,0.09809000000000002,3.950000000000001,0.34999999999999987,0.11900000000000001,0.34999999999999987,0.09899999999999999
0.0451,0.09939250000000002,4.1000000000000005,0.34999999999999987,0.117,0.34999999999999987,0.098
0.04515,0.10444750000000003,4.3500000000000005,0.34999999999999987,0.116,0.34999999999999987,0.101
0.045200000000000004,0.10513250000000003,4.5,0.34999999999999987,0.114,0.34999999999999987,0.1
0.045250000000000005,0.10151500000000002,4.5,0.34999999999999987,0.11299999999999999,0.34999999999999987,0.096
0.0453,0.10243000000000002,4.65,0.34999999999999987,0.111,0.34999999999999987,0.096
0.04535,0.10320250000000003,4.749999999999999,0.34999999999999987,0.11,0.34999999999999987,0.095
0.0454,0.10754250000000003,4.999999999999999,0.34999999999999987,0.10900000000000001,0.34999999999999987,0.098
0.045450000000000004,0.10754750000000003,5.1499999999999995,0.34999999999999987,0.107,0.34999999999999987,0.097
0.0455,0.10342250000000003,5.099999999999999,0.34999999999999987,0.106,0.34999999999999987,0.094
0.04555,0.10276250000000002,5.249999999999999,0.30000000000000004,0.10500000000000001,0.30000000000000004,0.094
0.0456,0.10179750000000003,5.399999999999999,0.30000000000000004,0.104,0.30000000000000004,0.093
0.04565,0.10412750000000003,5.6499999999999995,0.30000000000000004,0.103,0.30000000000000004,0.096
0.045700000000000005,0.10213000000000003,5.8,0.30000000000000004,0.103,0.30000000000000004,0.095
0.04575,0.09569250000000003,5.750000000000001,0.30000000000000004,0.102,0.30000000000000004,0.092
0.0458,0.09239500000000002,5.8500000000000005,0.30000000000000004,0.101,0.30000000000000004,0.092
0.04585,0.08964750000000002,5.949999999999999,0.30000000000000004,0.1,0.30000000000000004,0.092
0.0459,0.09052750000000002,6.15,0.30000000000000004,0.1,0.30000000000000004,0.094
0.045950000000000005,0.08749000000000003,6.2,0.30000000000000004,0.09899999999999999,0.30000000000000004,0.094
0.046,0.08063000000000002,6.05,0.30000000000000004,0.09899999999999999,0.30000000000000004,0.091
0.04605,0.07763750000000003,5.899999999999999,0.30000000000000004,0.098,0.30000000000000004,0.091
0.0461,0.07869500000000001,5.85,0.30000000000000004,0.098,0.30000000000000004,0.093
0.046150000000000004,0.07654500000000002,5.600000000000001,0.30000000000000004,0.097,0.30000000000000004,0.093
0.046200000000000005,0.07107000000000002,5.25,0.30000000000000004,0.097,0.30000000000000004,0.09000000000000001
0.04625,0.06942000000000002,5.100000000000001,0.30000000000000004,0.097,0.30000000000000004,0.09000000000000001
0.0463,0.06790750000000002,5.0,0.30000000000000004,0.096,0.30000000000000004,0.09000000000000001
0.04635,0.07005000000000002,5.05,0.30000000000000004,0.096,0.30000000000000004,0.092
0.046400000000000004,0.06878000000000002,4.949999999999999,0.30000000000000004,0.096,0.30000000000000004,0.092
0.046450000000000005,0.06411500000000002,4.700000000000001,0.30000000000000004,0.095,0.30000000000000004,0.089
0.0465,0.06301500000000002,4.6499999999999995,0.30000000000000004,0.095,0.30000000000000004,0.089
0.04655,0.06202000000000001,4.550000000000001,0.30000000000000004,0.095,0.30000000000000004,0.089
0.0466,0.06452250000000001,4.6499999999999995,0.30000000000000004,0.094,0.30000000000000004,0.091
0.046650000000000004,0.06365000000000001,4.6,0.30000000000000004,0.094,0.30000000000000004,0.091
0.046700000000000005,0.05936750000000002,4.4,0.30000000000000004,0.094,0.30000000000000004,0.088
0.04675,0.058587500000000015,4.35,0.30000000000000004,0.094,0.30000000000000004,0.088
0.0468,0.05786250000000001,4.300000000000001,0.30000000000000004,0.093,0.30000000000000004,0.088
0.04685,0.06041500000000002,4.3999999999999995,0.30000000000000004,0.093,0.30000000000000004,0.09000000000000001
0.046900000000000004,0.05970750000000002,4.3500000000000005,0.30000000000000004,0.093,0.30000000000000004,0.09000000000000001
0.046950000000000006,0.055672500000000014,4.15,0.30000000000000004,0.093,0.30000000000000004,0.087
0.047,0.05493500000000001,4.1499999999999995,0.30000000000000004,0.092,0.30000000000000004,0.087
0.04705,0.05410750000000002,4.1000000000000005,0.30000000000000004,0.092,0.30000000000000004,0.087
0.0471,0.05574750000000001,4.1000000000000005,0.3500000000000001,0.092,0.0,0.0
0.047150000000000004,0.05386500000000001,3.9499999999999997,0.40000000000000013,0.092,0.40000000000000013,0.087
0.0472,0.049872500000000014,3.7,0.40000000000000013,0.091,0.40000000000000013,0.09000000000000001
0.04725,0.04785000000000001,3.55,0.40000000000000013,0.091,0.40000000000000013,0.091
0.0473,0.04617750000000001,3.35,0.40000000000000013,0.091,0.40000000000000013,0.091
0.04735,0.04692500000000001,3.2,0.40000000000000013,0.097,0.40000000000000013,0.097
0.047400000000000005,0.04624250000000001,3.0,0.40000000000000013,0.102,0.40000000000000013,0.102
0.04745,0.04315000000000001,2.85,0.40000000000000013,0.102,0.40000000000000013,0.102
0.0475,0.04323750000000001,2.6,0.40000000000000013,0.106,0.40000000000000013,0.106
0.04755,0.04412500000000001,2.4499999999999997,0.3500000000000001,0.10900000000000001,0.3500000000000001,0.10900000000000001
0.0476,0.04979250000000001,2.25,0.3500000000000001,0.115,0.3500000000000001,0.114
0.047650000000000005,0.05310500000000001,2.1,0.3500000000000001,0.117,0.3500000000000001,0.115
0.0477,0.052717500000000014,2.0,0.3500000000000001,0.117,0.3500000000000001,0.112
0.04775,0.05685000000000001,2.1,0.3500000000000001,0.11900000000000001,0.3500000000000001,0.112
0.0478,0.06590250000000002,2.3499999999999996,0.3500000000000001,0.121,0.3500000000000001,0.114
0.047850000000000004,0.07013750000000002,2.4999999999999996,0.3500000000000001,0.122,0.3500000000000001,0.11299999999999999
0.047900000000000005,0.06952250000000001,2.4499999999999997,0.3500000000000001,0.122,0.3500000000000001,0.10900000000000001
0.04795,0.07358750000000001,2.6,0.3500000000000001,0.12300000000000001,0.3500000000000001,0.108
0.048,0.07749000000000002,2.75,0.3500000000000001,0.124,0.3500000000000001,0.107
0.04805,0.08575500000000003,3.0500000000000003,0.3500000000000001,0.124,0.3500000000000001,0.10900000000000001
0.048100000000000004,0.08903750000000002,3.2,0.3500000000000001,0.124,0.3500000000000001,0.108
0.048150000000000005,0.08765000000000002,3.2,0.3500000000000001,0.12300000000000001,0.3500000000000001,0.104
0.0482,0.09057500000000002,3.35,0.3500000000000001,0.12300000000000001,0.3500000000000001,0.103
0.04825,0.09321000000000003,3.45,0.3500000000000001,0.122,0.3500000000000001,0.102
0.0483,0.09962750000000002,3.75,0.3500000000000001,0.122,0.3500000000000001,0.104
0.048350000000000004,0.10144250000000002,3.9000000000000004,0.3500000000000001,0.121,0.3500000000000001,0.104
0.048400000000000006,0.09868750000000003,3.9000000000000004,0.3500000000000001,0.12000000000000001,0.3500000000000001,0.09899999999999999
0.04845,0.10009500000000003,4.050000000000001,0.3500000000000001,0.118,0.3500000000000001,0.09899999999999999
0.0485,0.10122750000000003,4.15,0.3500000000000001,0.117,0.3500000000000001,0.098
0.04855,0.10614000000000003,4.45,0.3500000000000001,0.115,0.3500000000000001,0.1
0.048600000000000004,0.10663750000000002,4.6000000000000005,0.3500000000000001,0.114,0.3500000000000001,0.1
0.048650000000000006,0.10292750000000002,4.6000000000000005,0.3500000000000001,0.112,0.3500000000000001,0.096
0.0487,0.10385750000000002,4.7,0.3500000000000001,0.111,0.3500000000000001,0.096
0.04875,0.10449750000000002,4.85,0.3500000000000001,0.11,0.3500000000000001,0.095
0.0488,0.10865500000000003,5.1,0.3500000000000001,0.108,0.3500000000000001,0.098
0.048850000000000005,0.10864500000000003,5.25,0.3500000000000001,0.107,0.3500000000000001,0.097
0.0489,0.10427500000000002,5.2,0.3500000000000001,0.106,0.3500000000000001,0.094
0.04895,0.10350750000000003,5.35,0.30000000000000004,0.10500000000000001,0.30000000000000004,0.094
0.049,0.10233250000000002,5.45,0.30000000000000004,0.104,0.30000000000000004,0.093
0.04905,0.10458000000000002,5.75,0.30000000000000004,0.103,0.30000000000000004,0.096
0.049100000000000005,0.10232500000000003,5.8500000000000005,0.30000000000000004,0.103,0.30000000000000004,0.095
0.04915,0.09554000000000003,5.800000000000001,0.30000000000000004,0.102,0.30000000000000004,0.092
0.0492,0.09236500000000002,5.8999999999999995,0.30000000000000004,0.101,0.30000000000000004,0.092
0.04925,0.09329250000000003,6.1499999999999995,0.30000000000000004,0.1,0.30000000000000004,0.094
0.049300000000000004,0.09036500000000003,6.2,0.30000000000000004,0.1,0.30000000000000004,0.094
0.049350000000000005,0.08721500000000003,6.249999999999999,0.30000000000000004,0.09899999999999999,0.30000000000000004,0.094
0.0494,0.08042250000000002,6.05,0.30000000000000004,0.09899999999999999,0.30000000000000004,0.091
0.04945,0.07756250000000002,5.85,0.30000000000000004,0.098,0.30000000000000004,0.091
0.0495,0.07879250000000002,5.75,0.30000000000000004,0.098,0.30000000000000004,0.093
0.049550000000000004,0.07669500000000001,5.55,0.30000000000000004,0.097,0.30000000000000004,0.093
0.049600000000000005,0.07132000000000002,5.25,0.30000000000000004,0.097,0.30000000000000004,0.09000000000000001
0.04965,0.06966250000000002,5.1,0.30000000000000004,0.097,0.30000000000000004,0.09000000000000001
0.0497,0.06818000000000002,5.0,0.30000000000000004,0.096,0.30000000000000004,0.09000000000000001
0.04975,0.07038250000000001,5.049999999999999,0.30000000000000004,0.096,0.30000000000000004,0.092
0.049800000000000004,0.06911750000000001,4.95,0.30000000000000004,0.096,0.30000000000000004,0.092
0.049850000000000005,0.06446250000000002,4.699999999999999,0.30000000000000004,0.095,0.30000000000000004,0.089
0.0499,0.06336500000000002,4.65,0.30000000000000004,0.095,0.30000000000000004,0.089
0.04995,0.06240750000000002,4.550000000000001,0.30000000000000004,0.095,0.30000000000000004,0.089
0.05,0.06494000000000001,4.6499999999999995,0.30000000000000004,0.094,0.30000000000000004,0.091
0.050050000000000004,0.06404500000000002,4.6,0.30000000000000004,0.094,0.30000000000000004,0.091
0.050100000000000006,0.059760000000000014,4.4,0.30000000000000004,0.094,0.30000000000000004,0.088
0.05015,0.05898750000000001,4.3500000000000005,0.30000000000000004,0.094,0.30000000000000004,0.088
0.0502,0.058270000000000016,4.299999999999999,0.30000000000000004,0.093,0.30000000000000004,0.088
0.05025,0.06085500000000001,4.3999999999999995,0.30000000000000004,0.093,0.30000000000000004,0.09000000000000001
0.050300000000000004,0.06007500000000002,4.4,0.30000000000000004,0.093,0.30000000000000004,0.09000000000000001
0.050350000000000006,0.05601750000000001,4.2,0.30000000000000004,0.093,0.30000000000000004,0.088
0.0504,0.055245000000000016,4.15,0.30000000000000004,0.093,0.30000000000000004,0.087
0.05045,0.054327500000000015,4.1000000000000005,0.30000000000000004,0.092,0.0,0.0
0.0505,0.055312500000000014,4.049999999999998,0.3999999999999999,0.092,0.3999999999999999,0.08600000000000001
0.050550000000000005,0.053225000000000015,3.8,0.3999999999999999,0.092,0.3999999999999999,0.09000000000000001
0.0506,0.04923000000000001,3.6499999999999995,0.3999999999999999,0.091,0.3999999999999999,0.091
0.05065,0.04738500000000001,3.45,0.3999999999999999,0.091,0.3999999999999999,0.091
0.0507,0.04583250000000001,3.249999999999999,0.3999999999999999,0.09000000000000001,0.3999999999999999,0.09000000000000001
0.05075,0.04704000000000001,3.0999999999999996,0.3999999999999999,0.1,0.3999999999999999,0.1
0.050800000000000005,0.04662000000000001,2.9499999999999993,0.3999999999999999,0.10500000000000001,0.3999999999999999,0.10500000000000001
0.05085,0.04366000000000001,2.700000000000001,0.3999999999999999,0.10500000000000001,0.3999999999999999,0.10500000000000001
0.0509,0.04413000000000001,2.5500000000000007,0.3999999999999999,0.108,0.3999999999999999,0.108
0.05095,0.04921000000000001,2.3500000000000005,0.34999999999999987,0.114,0.34999999999999987,0.114
0.051000000000000004,0.052127500000000014,2.200000000000001,0.34999999999999987,0.116,0.34999999999999987,0.115
0.051050000000000005,0.056132500000000016,2.0500000000000007,0.34999999999999987,0.118,0.34999999999999987,0.115
0.0511,0.055672500000000014,2.0500000000000007,0.34999999999999987,0.118,0.34999999999999987,0.112
0.05115,0.059845000000000016,2.1500000000000004,0.34999999999999987,0.12000000000000001,0.34999999999999987,0.111
0.0512,0.06412250000000001,2.3000000000000007,0.34999999999999987,0.121,0.34999999999999987,0.111
0.051250000000000004,0.06843250000000002,2.4000000000000004,0.34999999999999987,0.122,0.34999999999999987,0.11
0.051300000000000005,0.07254500000000001,2.55,0.34999999999999987,0.12300000000000001,0.34999999999999987,0.10900000000000001
0.05135,0.07655750000000001,2.7,0.34999999999999987,0.124,0.34999999999999987,0.108
0.0514,0.08034500000000001,2.8499999999999996,0.34999999999999987,0.124,0.34999999999999987,0.106
0.05145,0.08386750000000003,3.0,0.34999999999999987,0.124,0.34999999999999987,0.10500000000000001
0.051500000000000004,0.08715500000000002,3.1499999999999995,0.34999999999999987,0.124,0.34999999999999987,0.104
0.051550000000000006,0.09017500000000002,3.3,0.34999999999999987,0.124,0.34999999999999987,0.103
0.0516,0.09300750000000002,3.4000000000000004,0.34999999999999987,0.12300000000000001,0.34999999999999987,0.103
0.05165,0.09538750000000003,3.5500000000000007,0.34999999999999987,0.122,0.34999999999999987,0.102
0.0517,0.09733750000000002,3.700000000000001,0.34999999999999987,0.121,0.34999999999999987,0.101
0.051750000000000004,0.09899250000000002,3.8500000000000005,0.34999999999999987,0.12000000000000001,0.34999999999999987,0.1
0.051800000000000006,0.10050250000000002,4.000000000000001,0.34999999999999987,0.11900000000000001,0.34999999999999987,0.09899999999999999
0.05185,0.10179250000000002,4.1000000000000005,0.34999999999999987,0.118,0.34999999999999987,0.09899999999999999
0.0519,0.10276500000000002,4.250000000000001,0.34999999999999987,0.116,0.34999999999999987,0.098
0.05195,0.10339500000000003,4.4,0.34999999999999987,0.115,0.34999999999999987,0.097
0.052000000000000005,0.10383250000000002,4.550000000000001,0.34999999999999987,0.11299999999999999,0.34999999999999987,0.097
0.05205,0.10435500000000003,4.7,0.34999999999999987,0.112,0.34999999999999987,0.096
0.0521,0.10511750000000003,4.8,0.34999999999999987,0.111,0.34999999999999987,0.095
0.05215,0.10557250000000003,4.95,0.34999999999999987,0.10900000000000001,0.34999999999999987,0.095
0.0522,0.10569750000000003,5.05,0.34999999999999987,0.108,0.34999999999999987,0.095
0.052250000000000005,0.10549750000000002,5.1499999999999995,0.34999999999999987,0.107,0.34999999999999987,0.094
0.0523,0.10486750000000003,5.299999999999999,0.34999999999999987,0.106,0.34999999999999987,0.094
0.05235,0.10395500000000002,5.449999999999999,0.34999999999999987,0.10500000000000001,0.34999999999999987,0.094
0.0524,0.10639000000000003,5.7,0.2999999999999998,0.104,0.2999999999999998,0.096
0.052450000000000004,0.10079250000000002,5.650000000000001,0.2999999999999998,0.103,0.2999999999999998,0.093
0.052500000000000005,0.09840000000000003,5.800000000000001,0.2999999999999998,0.102,0.2999999999999998,0.093
0.05255,0.09498750000000003,5.9,0.2999999999999998,0.102,0.2999999999999998,0.092
0.0526,0.09204500000000003,6.0,0.2999999999999998,0.101,0.2999999999999998,0.092
0.05265,0.08915000000000002,6.050000000000001,0.2999999999999998,0.1,0.2999999999999998,0.092
0.052700000000000004,0.08618250000000002,6.1000000000000005,0.2999999999999998,0.1,0.2999999999999998,0.092
0.052750000000000005,0.08296250000000002,6.1,0.2999999999999998,0.09899999999999999,0.2999999999999998,0.091
0.0528,0.07992500000000002,6.0,0.2999999999999998,0.09899999999999999,0.2999999999999998,0.091
0.05285,0.07724750000000002,5.800000000000001,0.2999999999999998,0.098,0.2999999999999998,0.091
0.0529,0.07502250000000002,5.55,0.2999999999999998,0.098,0.2999999999999998,0.091
0.052950000000000004,0.07306500000000002,5.35,0.2999999999999998,0.097,0.2999999999999998,0.09000000000000001
0.053000000000000005,0.07129750000000001,5.199999999999999,0.2999999999999998,0.097,0.2999999999999998,0.09000000000000001
0.05305,0.06971500000000001,5.1,0.2999999999999998,0.097,0.2999999999999998,0.09000000000000001
0.0531,0.06827750000000002,4.949999999999999,0.2999999999999998,0.096,0.2999999999999998,0.09000000000000001
0.05315,0.06700000000000002,4.85,0.2999999999999998,0.096,0.2999999999999998,0.09000000000000001
0.053200000000000004,0.06574750000000001,4.8,0.2999999999999998,0.096,0.2999999999999998,0.089
0.053250000000000006,0.06466000000000002,4.699999999999999,0.2999999999999998,0.095,0.2999999999999998,0.089
0.0533,0.06360000000000002,4.65,0.2999999999999998,0.095,0.2999999999999998,0.089
0.05335,0.06265250000000001,4.549999999999999,0.2999999999999998,0.095,0.2999999999999998,0.089
0.0534,0.061737500000000015,4.5,0.2999999999999998,0.095,0.2999999999999998,0.089
0.053450000000000004,0.060885000000000015,4.45,0.2999999999999998,0.094,0.2999999999999998,0.089
0.053500000000000006,0.06004000000000002,4.3999999999999995,0.2999999999999998,0.094,0.2999999999999998,0.088
0.05355,0.05926500000000001,4.3500000000000005,0.2999999999999998,0.094,0.2999999999999998,0.088
0.0536,0.05852250000000001,4.3,0.2999999999999998,0.094,0.2999999999999998,0.088
0.05365,0.057805000000000016,4.25,0.2999999999999998,0.093,0.2999999999999998,0.088
0.053700000000000005,0.05703000000000001,4.25,0.2999999999999998,0.093,0.2999999999999998,0.088
0.05375,0.056202500000000016,4.199999999999999,0.2999999999999998,0.093,0.2999999999999998,0.088
0.0538,0.05530250000000001,4.15,0.2999999999999998,0.093,0.2999999999999998,0.087
0.05385,0.05429750000000001,4.15,0.2999999999999998,0.092,0.2999999999999998,0.08
0.0539,0.052677500000000016,3.9,0.3999999999999999,0.092,0.3999999999999999,0.087
0.053950000000000005,0.05056250000000001,3.7,0.3999999999999999,0.092,0.3999999999999999,0.091
0.054,0.04854250000000001,3.55,0.3999999999999999,0.091,0.3999999999999999,0.091
0.05405,0.04691500000000001,3.35,0.3999999999999999,0.091,0.3999999999999999,0.091
0.0541,0.04780000000000001,3.2,0.3999999999999999,0.09899999999999999,0.3999999999999999,0.09899999999999999
0.054150000000000004,0.04469500000000001,3.0,0.3999999999999999,0.09899999999999999,0.3999999999999999,0.09899999999999999
0.054200000000000005,0.04425750000000001,2.85,0.3999999999999999,0.103,0.3999999999999999,0.103
0.05425,0.04426500000000001,2.6,0.3999999999999999,0.107,0.3999999999999999,0.107
0.0543,0.04543750000000001,2.4499999999999997,0.3500000000000001,0.111,0.3500000000000001,0.11
0.05435,0.04750500000000001,2.25,0.3500000000000001,0.11299999999999999,0.3500000000000001,0.112
0.054400000000000004,0.050705000000000014,2.1,0.3500000000000001,0.116,0.3500000000000001,0.112
0.054450000000000005,0.05446500000000001,2.0,0.3500000000000001,0.118,0.3500000000000001,0.112
0.0545,0.058650000000000015,2.15,0.3500000000000001,0.12000000000000001,0.3500000000000001,0.112
0.05455,0.06293000000000001,2.25,0.3500000000000001,0.121,0.3500000000000001,0.111
0.0546,0.06723750000000002,2.4,0.3500000000000001,0.122,0.3500000000000001,0.11
0.054650000000000004,0.07144000000000002,2.5,0.3500000000000001,0.12300000000000001,0.3500000000000001,0.10900000000000001
0.054700000000000006,0.07555250000000002,2.65,0.3500000000000001,0.124,0.3500000000000001,0.108
0.05475,0.07938000000000002,2.8,0.3500000000000001,0.124,0.3500000000000001,0.107
0.0548,0.08304250000000002,2.9499999999999997,0.3500000000000001,0.124,0.3500000000000001,0.106
0.05485,0.08646000000000002,3.1,0.3500000000000001,0.124,0.3500000000000001,0.10500000000000001
0.054900000000000004,0.08960750000000002,3.25,0.3500000000000001,0.124,0.3500000000000001,0.104
0.054950000000000006,0.09262750000000003,3.35,0.3500000000000001,0.124,0.3500000000000001,0.103
0.055,0.09524250000000002,3.5000000000000004,0.3500000000000001,0.12300000000000001,0.3500000000000001,0.102
0.05505,0.09747000000000003,3.6500000000000004,0.3500000000000001,0.122,0.3500000000000001,0.101
0.0551,0.09921250000000002,3.8000000000000003,0.3500000000000001,0.121,0.3500000000000001,0.1
0.055150000000000005,0.10068750000000003,3.95,0.3500000000000001,0.12000000000000001,0.3500000000000001,0.1
0.055200000000000006,0.10217250000000003,4.1000000000000005,0.3500000000000001,0.11900000000000001,0.3500000000000001,0.09899999999999999
0.05525,0.10329000000000002,4.2,0.3500000000000001,0.117,0.3500000000000001,0.098
0.0553,0.10408000000000002,4.3500000000000005,0.3500000000000001,0.116,0.3500000000000001,0.098
0.05535,0.10456000000000003,4.5,0.3500000000000001,0.114,0.3500000000000001,0.097
0.055400000000000005,0.10484750000000002,4.65,0.3500000000000001,0.11299999999999999,0.3500000000000001,0.096
0.05545,0.10550500000000003,4.749999999999999,0.3500000000000001,0.112,0.3500000000000001,0.096
0.0555,0.10619000000000002,4.8999999999999995,0.3500000000000001,0.11,0.3500000000000001,0.095
0.05555,0.11031000000000003,5.1499999999999995,0.3500000000000001,0.10900000000000001,0.3500000000000001,0.098
0.055600000000000004,0.10642500000000003,5.1,0.3500000000000001,0.108,0.3500000000000001,0.095
0.055650000000000005,0.10598500000000002,5.25,0.3500000000000001,0.107,0.3500000000000001,0.094
0.0557,0.10522250000000002,5.3999999999999995,0.3500000000000001,0.106,0.3500000000000001,0.094
0.05575,0.10409750000000002,5.5,0.3500000000000001,0.10500000000000001,0.3500000000000001,0.094
0.0558,0.10642000000000003,5.8,0.30000000000000004,0.104,0.30000000000000004,0.096
0.055850000000000004,0.10051250000000002,5.75,0.30000000000000004,0.103,0.30000000000000004,0.093
0.055900000000000005,0.09775250000000002,5.8500000000000005,0.30000000000000004,0.102,0.30000000000000004,0.093
0.05595,0.09426250000000003,5.949999999999999,0.30000000000000004,0.102,0.30000000000000004,0.092
0.056,0.09142250000000002,6.05,0.30000000000000004,0.101,0.30000000000000004,0.092
0.05605,0.08849250000000002,6.1,0.30000000000000004,0.1,0.30000000000000004,0.092
0.056100000000000004,0.08540000000000002,6.1499999999999995,0.30000000000000004,0.1,0.30000000000000004,0.092
0.056150000000000005,0.08215750000000002,6.1,0.30000000000000004,0.09899999999999999,0.30000000000000004,0.091
0.0562,0.07931000000000002,5.950000000000001,0.30000000000000004,0.09899999999999999,0.30000000000000004,0.091
0.05625,0.07685500000000002,5.7,0.30000000000000004,0.098,0.30000000000000004,0.091
0.0563,0.07469250000000002,5.5,0.30000000000000004,0.098,0.30000000000000004,0.091
0.056350000000000004,0.07283250000000002,5.300000000000001,0.30000000000000004,0.098,0.30000000000000004,0.09000000000000001
0.056400000000000006,0.07116750000000002,5.15,0.30000000000000004,0.097,0.30000000000000004,0.09000000000000001
0.05645,0.06963000000000001,5.05,0.30000000000000004,0.097,0.30000000000000004,0.09000000000000001
0.0565,0.06822000000000002,4.949999999999999,0.30000000000000004,0.096,0.30000000000000004,0.09000000000000001
0.05655,0.06698250000000001,4.849999999999999,0.30000000000000004,0.096,0.30000000000000004,0.09000000000000001
0.056600000000000004,0.06581250000000001,4.75,0.30000000000000004,0.096,0.30000000000000004,0.089
0.056650000000000006,0.06470250000000001,4.699999999999999,0.30000000000000004,0.096,0.30000000000000004,0.089
0.0567,0.06367500000000001,4.6499999999999995,0.30000000000000004,0.095,0.30000000000000004,0.089
0.05675,0.06275500000000002,4.55,0.30000000000000004,0.095,0.30000000000000004,0.089
0.0568,0.061882500000000014,4.5,0.30000000000000004,0.095,0.30000000000000004,0.089
0.056850000000000005,0.06100000000000001,4.450000000000001,0.30000000000000004,0.094,0.30000000000000004,0.089
0.056900000000000006,0.060185000000000016,4.3999999999999995,0.30000000000000004,0.094,0.30000000000000004,0.088
0.05695,0.059415000000000016,4.350000000000001,0.30000000000000004,0.094,0.30000000000000004,0.088
0.057,0.062002500000000016,4.45,0.30000000000000004,0.094,0.30000000000000004,0.09000000000000001
0.057050000000000003,0.057900000000000014,4.300000000000001,0.30000000000000004,0.093,0.30000000000000004,0.088
0.057100000000000005,0.05710000000000001,4.249999999999999,0.30000000000000004,0.093,0.30000000000000004,0.088
0.05715,0.05621250000000001,4.200000000000001,0.30000000000000004,0.093,0.30000000000000004,0.088
0.0572,0.055307500000000016,4.1499999999999995,0.30000000000000004,0.093,0.0,0.0
0.05725,0.055910000000000015,4.049999999999998,0.40000000000000013,0.092,0.40000000000000013,0.088
0.057300000000000004,0.051830000000000015,3.8,0.40000000000000013,0.092,0.40000000000000013,0.09000000000000001
0.057350000000000005,0.04973000000000001,3.6499999999999995,0.40000000000000013,0.092,0.40000000000000013,0.092
0.0574,0.04793500000000001,3.45,0.40000000000000013,0.091,0.40000000000000013,0.091
0.05745,0.04636000000000001,3.249999999999999,0.40000000000000013,0.091,0.40000000000000013,0.091
0.0575,0.04783500000000001,3.0999999999999996,0.40000000000000013,0.102,0.40000000000000013,0.102
0.057550000000000004,0.04478500000000001,2.8999999999999995,0.40000000000000013,0.102,0.40000000000000013,0.102
0.057600000000000005,0.04460750000000001,2.700000000000001,0.40000000000000013,0.106,0.40000000000000013,0.106
0.05765,0.04518500000000001,2.5500000000000007,0.40000000000000013,0.11,0.40000000000000013,0.10900000000000001
0.0577,0.047027500000000014,2.3500000000000005,0.3500000000000001,0.11299999999999999,0.3500000000000001,0.111
0.05775,0.04964750000000001,2.200000000000001,0.3500000000000001,0.115,0.3500000000000001,0.112
0.057800000000000004,0.053295000000000016,2.0,0.3500000000000001,0.117,0.3500000000000001,0.11299999999999999
0.057850000000000006,0.057395000000000015,2.1000000000000005,0.3500000000000001,0.11900000000000001,0.3500000000000001,0.112
0.0579,0.061647500000000015,2.200000000000001,0.3500000000000001,0.121,0.3500000000000001,0.112
0.05795,0.06594000000000001,2.3500000000000005,0.3500000000000001,0.122,0.3500000000000001,0.111
0.058,0.07024250000000001,2.4499999999999993,0.3500000000000001,0.12300000000000001,0.3500000000000001,0.11
0.058050000000000004,0.07438250000000002,2.5999999999999996,0.3500000000000001,0.124,0.3500000000000001,0.10900000000000001
0.058100000000000006,0.07837250000000003,2.75,0.3500000000000001,0.124,0.3500000000000001,0.108
0.05815,0.08213250000000002,2.8999999999999995,0.3500000000000001,0.124,0.3500000000000001,0.107
0.0582,0.08564750000000002,3.0500000000000007,0.3500000000000001,0.124,0.3500000000000001,0.10500000000000001
0.05825,0.08895750000000002,3.2,0.3500000000000001,0.124,0.3500000000000001,0.10500000000000001
0.058300000000000005,0.09198750000000003,3.3500000000000005,0.3500000000000001,0.124,0.3500000000000001,0.104
0.058350000000000006,0.09481750000000003,3.450000000000001,0.3500000000000001,0.12300000000000001,0.3500000000000001,0.103
0.0584,0.09726000000000003,3.6000000000000014,0.3500000000000001,0.12300000000000001,0.3500000000000001,0.102
0.05845,0.09920750000000003,3.750000000000001,0.3500000000000001,0.122,0.3500000000000001,0.101
0.0585,0.10086750000000003,3.9000000000000012,0.3500000000000001,0.121,0.3500000000000001,0.1
0.058550000000000005,0.10231250000000003,4.050000000000002,0.3500000000000001,0.12000000000000001,0.3500000000000001,0.09899999999999999
0.058600000000000006,0.10358750000000003,4.15,0.3500000000000001,0.118,0.3500000000000001,0.09899999999999999
0.05865,0.10450750000000003,4.300000000000001,0.3500000000000001,0.117,0.3500000000000001,0.098
0.0587,0.10929000000000003,4.6000000000000005,0.3500000000000001,0.115,0.3500000000000001,0.101
0.058750000000000004,0.10554000000000002,4.6000000000000005,0.3500000000000001,0.114,0.3500000000000001,0.097
0.058800000000000005,0.10573750000000003,4.699999999999999,0.3500000000000001,0.112,0.3500000000000001,0.096
0.05885,0.10654500000000003,4.85,0.3500000000000001,0.111,0.3500000000000001,0.096
0.0589,0.10692250000000003,4.999999999999999,0.3500000000000001,0.11,0.3500000000000001,0.095
0.05895,0.11103250000000003,5.25,0.3500000000000001,0.10900000000000001,0.3500000000000001,0.098
0.059000000000000004,0.10687750000000003,5.199999999999999,0.3500000000000001,0.107,0.3500000000000001,0.094
0.059050000000000005,0.10621250000000003,5.349999999999999,0.3500000000000001,0.106,0.3500000000000001,0.094
0.0591,0.10537000000000003,5.45,0.3500000000000001,0.10500000000000001,0.3500000000000001,0.094
0.05915,0.10402500000000002,5.6,0.30000000000000004,0.10500000000000001,0.30000000000000004,0.093
0.0592,0.10607000000000003,5.850000000000001,0.30000000000000004,0.104,0.30000000000000004,0.096
0.059250000000000004,0.09986250000000002,5.850000000000001,0.30000000000000004,0.103,0.30000000000000004,0.093
0.059300000000000005,0.09658500000000002,5.95,0.30000000000000004,0.102,0.30000000000000004,0.093
0.05935,0.09344250000000003,6.049999999999999,0.30000000000000004,0.101,0.30000000000000004,0.092
0.0594,0.09052750000000002,6.1,0.30000000000000004,0.101,0.30000000000000004,0.092
0.05945,0.08755750000000002,6.15,0.30000000000000004,0.1,0.30000000000000004,0.092
0.059500000000000004,0.08436250000000002,6.15,0.30000000000000004,0.09899999999999999,0.30000000000000004,0.092
0.059550000000000006,0.08121250000000002,6.050000000000001,0.30000000000000004,0.09899999999999999,0.30000000000000004,0.091
0.0596,0.07853250000000002,5.8500000000000005,0.30000000000000004,0.09899999999999999,0.30000000000000004,0.091
0.05965,0.07622250000000001,5.6,0.30000000000000004,0.098,0.30000000000000004,0.091
0.0597,0.07426750000000001,5.4,0.30000000000000004,0.098,0.30000000000000004,0.091
0.059750000000000004,0.07249250000000002,5.25,0.30000000000000004,0.097,0.30000000000000004,0.09000000000000001
0.059800000000000006,0.07085500000000002,5.1499999999999995,0.30000000000000004,0.097,0.30000000000000004,0.09000000000000001
0.05985,0.06944500000000002,5.0,0.30000000000000004,0.097,0.30000000000000004,0.09000000000000001
0.0599,0.06806500000000001,4.9,0.30000000000000004,0.096,0.30000000000000004,0.09000000000000001
0.05995,0.06687250000000002,4.85,0.30000000000000004,0.096,0.30000000000000004,0.09000000000000001
0.060000000000000005,0.06571500000000002,4.75,0.30000000000000004,0.096,0.30000000000000004,0.089
0.060050000000000006,0.06464250000000002,4.7,0.30000000000000004,0.096,0.30000000000000004,0.089
0.0601,0.06366500000000001,4.6,0.30000000000000004,0.095,0.30000000000000004,0.089
0.06015,0.06625750000000001,4.7,0.30000000000000004,0.095,0.30000000000000004,0.091
0.060200000000000004,0.06189250000000002,4.5,0.30000000000000004,0.095,0.30000000000000004,0.089
0.060250000000000005,0.06103250000000002,4.45,0.30000000000000004,0.094,0.30000000000000004,0.089
0.0603,0.06020250000000001,4.4,0.30000000000000004,0.094,0.30000000000000004,0.089
0.06035,0.059455000000000015,4.35,0.30000000000000004,0.094,0.30000000000000004,0.088
0.0604,0.06199250000000001,4.45,0.30000000000000004,0.094,0.30000000000000004,0.09000000000000001
0.060450000000000004,0.05788250000000002,4.25,0.30000000000000004,0.094,0.30000000000000004,0.088
0.060500000000000005,0.05701500000000002,4.25,0.30000000000000004,0.093,0.30000000000000004,0.088
0.06055,0.05610250000000001,4.2,0.30000000000000004,0.093,0.0,0.0
0.0606,0.05493500000000001,4.1000000000000005,0.34999999999999987,0.093,0.34999999999999987,0.083
0.06065,0.05492250000000001,3.9,0.3999999999999999,0.092,0.3999999999999999,0.09000000000000001
0.060700000000000004,0.05085000000000001,3.7,0.3999999999999999,0.092,0.3999999999999999,0.092
0.060750000000000005,0.04889250000000001,3.55,0.3999999999999999,0.092,0.3999999999999999,0.092
0.0608,0.04726250000000001,3.35,0.3999999999999999,0.091,0.3999999999999999,0.091
0.06085,0.04602000000000001,3.2,0.3999999999999999,0.095,0.3999999999999999,0.095
0.0609,0.04799000000000001,3.0,0.3999999999999999,0.10500000000000001,0.3999999999999999,0.10500000000000001
0.060950000000000004,0.04501000000000001,2.8,0.3999999999999999,0.10500000000000001,0.3999999999999999,0.10500000000000001
0.061000000000000006,0.045175000000000014,2.6,0.3999999999999999,0.10900000000000001,0.3999999999999999,0.10900000000000001
0.06105,0.04658250000000001,2.4499999999999997,0.3999999999999999,0.112,0.3999999999999999,0.111
0.0611,0.04878000000000001,2.25,0.34999999999999987,0.114,0.34999999999999987,0.112
0.06115,0.05229000000000001,2.1,0.34999999999999987,0.117,0.34999999999999987,0.11299999999999999
0.061200000000000004,0.05611500000000001,2.05,0.34999999999999987,0.11900000000000001,0.34999999999999987,0.112
0.061250000000000006,0.06037500000000001,2.1999999999999997,0.34999999999999987,0.12000000000000001,0.34999999999999987,0.112
0.0613,0.06462000000000001,2.3,0.34999999999999987,0.122,0.34999999999999987,0.111
0.06135,0.06897750000000001,2.4,0.34999999999999987,0.12300000000000001,0.34999999999999987,0.11
0.0614,0.07319750000000001,2.5500000000000003,0.34999999999999987,0.124,0.34999999999999987,0.10900000000000001
0.061450000000000005,0.07728000000000002,2.7,0.34999999999999987,0.124,0.34999999999999987,0.108
0.061500000000000006,0.08110750000000003,2.85,0.34999999999999987,0.125,0.34999999999999987,0.107
0.06155,0.08473000000000003,3.0,0.34999999999999987,0.125,0.34999999999999987,0.106
0.0616,0.08818500000000003,3.15,0.34999999999999987,0.125,0.34999999999999987,0.10500000000000001
0.06165,0.09129250000000003,3.3,0.34999999999999987,0.124,0.34999999999999987,0.104
0.061700000000000005,0.09428250000000002,3.4,0.34999999999999987,0.124,0.34999999999999987,0.103
0.061750000000000006,0.09688500000000003,3.5500000000000003,0.34999999999999987,0.12300000000000001,0.34999999999999987,0.102
0.0618,0.09911500000000002,3.7,0.34999999999999987,0.122,0.34999999999999987,0.101
0.06185,0.10514750000000003,4.0,0.34999999999999987,0.121,0.34999999999999987,0.104
0.061900000000000004,0.10232000000000002,4.0,0.34999999999999987,0.12000000000000001,0.34999999999999987,0.1
0.061950000000000005,0.10379750000000003,4.1000000000000005,0.34999999999999987,0.11900000000000001,0.34999999999999987,0.09899999999999999
0.062,0.10481500000000003,4.25,0.34999999999999987,0.118,0.34999999999999987,0.098
0.06205,0.10560750000000002,4.4,0.34999999999999987,0.116,0.34999999999999987,0.098
0.0621,0.11015500000000003,4.7,0.34999999999999987,0.115,0.34999999999999987,0.1
0.062150000000000004,0.10627500000000002,4.7,0.34999999999999987,0.11299999999999999,0.34999999999999987,0.097
0.062200000000000005,0.10671500000000003,4.8,0.34999999999999987,0.112,0.34999999999999987,0.096
0.06225,0.10731750000000002,4.95,0.34999999999999987,0.11,0.34999999999999987,0.095
0.0623,0.10753750000000002,5.1,0.34999999999999987,0.10900000000000001,0.34999999999999987,0.095
0.06235,0.11152250000000002,5.3,0.34999999999999987,0.108,0.34999999999999987,0.098
0.062400000000000004,0.10712750000000003,5.3,0.34999999999999987,0.107,0.34999999999999987,0.094
0.062450000000000006,0.10634750000000003,5.449999999999999,0.34999999999999987,0.106,0.34999999999999987,0.094
0.0625,0.10906000000000003,5.7,0.34999999999999987,0.10500000000000001,0.34999999999999987,0.096
0.06255000000000001,0.10366250000000003,5.7,0.30000000000000004,0.104,0.30000000000000004,0.093
0.0626,0.10161500000000002,5.800000000000001,0.30000000000000004,0.103,0.30000000000000004,0.093
0.06265,0.09884250000000003,5.9,0.30000000000000004,0.103,0.30000000000000004,0.093
0.0627,0.09538250000000002,6.0,0.30000000000000004,0.102,0.30000000000000004,0.093
0.06275,0.09613250000000002,6.25,0.30000000000000004,0.101,0.30000000000000004,0.095
0.06280000000000001,0.08946250000000003,6.15,0.30000000000000004,0.101,0.30000000000000004,0.092
0.06285,0.08636750000000003,6.15,0.30000000000000004,0.1,0.30000000000000004,0.092
0.0629,0.08316000000000003,6.1,0.30000000000000004,0.09899999999999999,0.30000000000000004,0.091
0.06295,0.08021500000000002,5.95,0.30000000000000004,0.09899999999999999,0.30000000000000004,0.091
0.063,0.08137500000000002,5.9,0.30000000000000004,0.09899999999999999,0.30000000000000004,0.094
0.06305000000000001,0.07562000000000002,5.5,0.30000000000000004,0.098,0.30000000000000004,0.091
0.0631,0.07373750000000003,5.35,0.30000000000000004,0.098,0.30000000000000004,0.091
0.06315,0.07206000000000001,5.199999999999999,0.30000000000000004,0.097,0.30000000000000004,0.09000000000000001
0.0632,0.07049500000000002,5.1000000000000005,0.30000000000000004,0.097,0.30000000000000004,0.09000000000000001
0.06325,0.07271000000000002,5.15,0.30000000000000004,0.097,0.30000000000000004,0.093
0.06330000000000001,0.06780750000000002,4.900000000000001,0.30000000000000004,0.096,0.30000000000000004,0.09000000000000001
0.06335,0.06667250000000002,4.799999999999999,0.30000000000000004,0.096,0.30000000000000004,0.09000000000000001
0.0634,0.06555250000000001,4.75,0.30000000000000004,0.096,0.30000000000000004,0.089
0.06345,0.06453000000000002,4.65,0.30000000000000004,0.096,0.30000000000000004,0.089
0.0635,0.06706250000000001,4.749999999999999,0.30000000000000004,0.095,0.30000000000000004,0.092
0.06355000000000001,0.06264750000000002,4.549999999999999,0.30000000000000004,0.095,0.30000000000000004,0.089
0.0636,0.06180500000000001,4.5,0.30000000000000004,0.095,0.30000000000000004,0.089
0.06365,0.06097750000000002,4.45,0.30000000000000004,0.094,0.30000000000000004,0.089
0.0637,0.06013000000000002,4.4,0.30000000000000004,0.094,0.30000000000000004,0.089
0.06375,0.06276750000000002,4.500000000000001,0.30000000000000004,0.094,0.30000000000000004,0.091
0.06380000000000001,0.05859250000000001,4.300000000000001,0.30000000000000004,0.094,0.30000000000000004,0.088
0.06385,0.05775750000000002,4.25,0.30000000000000004,0.094,0.30000000000000004,0.088
0.0639,0.05683000000000001,4.25,0.30000000000000004,0.093,0.30000000000000004,0.088
0.06395,0.05578000000000002,4.199999999999998,0.30000000000000004,0.093,0.30000000000000004,0.08
0.064,0.056097500000000015,3.9499999999999993,0.40000000000000036,0.093,0.40000000000000036,0.09000000000000001
0.06405000000000001,0.05196000000000001,3.8,0.40000000000000036,0.092,0.40000000000000036,0.091
0.0641,0.04984250000000001,3.5999999999999996,0.40000000000000036,0.092,0.40000000000000036,0.092
0.06415,0.05021000000000001,3.45,0.40000000000000036,0.093,0.40000000000000036,0.093
0.06420000000000001,0.04665000000000001,3.249999999999999,0.40000000000000036,0.093,0.40000000000000036,0.093
0.06425,0.048410000000000016,3.0999999999999996,0.40000000000000036,0.104,0.40000000000000036,0.104
0.06430000000000001,0.04538750000000001,2.8999999999999995,0.40000000000000036,0.104,0.40000000000000036,0.104
0.06435,0.04530500000000001,2.700000000000001,0.40000000000000036,0.107,0.40000000000000036,0.107
0.0644,0.049352500000000014,2.5,0.40000000000000036,0.114,0.40000000000000036,0.114
0.06445000000000001,0.04810750000000001,2.3500000000000005,0.3500000000000003,0.114,0.3500000000000003,0.112
0.0645,0.055277500000000014,2.1500000000000004,0.3500000000000003,0.118,0.3500000000000003,0.116
0.06455,0.05486000000000001,2.0500000000000007,0.3500000000000003,0.118,0.3500000000000003,0.11299999999999999
0.0646,0.05905500000000002,2.1500000000000004,0.3500000000000003,0.12000000000000001,0.3500000000000003,0.112
0.06465,0.06824500000000001,2.4000000000000012,0.3500000000000003,0.12300000000000001,0.3500000000000003,0.115
0.06470000000000001,0.06767250000000001,2.4000000000000012,0.3500000000000003,0.12300000000000001,0.3500000000000003,0.111
0.06475,0.07679500000000002,2.6500000000000004,0.3500000000000003,0.124,0.3500000000000003,0.11299999999999999
0.0648,0.07607750000000002,2.6500000000000004,0.3500000000000003,0.124,0.3500000000000003,0.10900000000000001
0.06485,0.08004000000000001,2.8,0.3500000000000003,0.125,0.3500000000000003,0.107
0.0649,0.08843750000000002,3.1000000000000005,0.3500000000000003,0.125,0.3500000000000003,0.11
0.06495000000000001,0.08723000000000002,3.1000000000000005,0.3500000000000003,0.125,0.3500000000000003,0.10500000000000001
0.065,0.09506750000000003,3.4000000000000004,0.3500000000000003,0.125,0.3500000000000003,0.108
0.06505,0.09357750000000002,3.3500000000000014,0.3500000000000003,0.124,0.3500000000000003,0.104
0.0651,0.09635750000000003,3.500000000000001,0.3500000000000003,0.124,0.3500000000000003,0.103
0.06515,0.10313500000000003,3.8000000000000007,0.3500000000000003,0.12300000000000001,0.3500000000000003,0.10500000000000001
0.06520000000000001,0.10069500000000002,3.8000000000000007,0.3500000000000003,0.122,0.3500000000000003,0.101
0.06525,0.10662750000000003,4.1000000000000005,0.3500000000000003,0.121,0.3500000000000003,0.103
0.0653,0.10377500000000002,4.1000000000000005,0.3500000000000003,0.12000000000000001,0.3500000000000003,0.09899999999999999
0.06535,0.10500250000000003,4.2,0.3500000000000003,0.118,0.3500000000000003,0.09899999999999999
0.0654,0.11007000000000003,4.5,0.3500000000000003,0.117,0.3500000000000003,0.101
0.06545000000000001,0.10640500000000003,4.5,0.3500000000000003,0.115,0.3500000000000003,0.097
0.0655,0.11083250000000003,4.8,0.3500000000000003,0.114,0.3500000000000003,0.1
0.06555,0.10680000000000002,4.749999999999999,0.3500000000000003,0.112,0.3500000000000003,0.096
0.0656,0.10760250000000003,4.8999999999999995,0.3500000000000003,0.111,0.3500000000000003,0.096
0.06565,0.11193500000000003,5.2,0.3500000000000003,0.11,0.3500000000000003,0.098
0.06570000000000001,0.10807500000000003,5.1499999999999995,0.3500000000000003,0.10900000000000001,0.3500000000000003,0.095
0.06575,0.11165000000000003,5.399999999999999,0.3500000000000003,0.108,0.3500000000000003,0.097
0.0658,0.10716750000000003,5.399999999999999,0.3500000000000003,0.107,0.3500000000000003,0.094
0.06585,0.10620000000000003,5.5,0.3500000000000003,0.106,0.3500000000000003,0.094
0.0659,0.10871750000000002,5.8,0.3500000000000003,0.10500000000000001,0.3500000000000003,0.096
0.06595000000000001,0.10302000000000003,5.750000000000001,0.30000000000000027,0.104,0.30000000000000027,0.093
0.066,0.10063000000000002,5.900000000000001,0.30000000000000027,0.103,0.30000000000000027,0.093
0.06605,0.09737250000000003,6.0,0.30000000000000027,0.102,0.30000000000000027,0.093
0.0661,0.09414250000000002,6.049999999999999,0.30000000000000027,0.102,0.30000000000000027,0.092
0.06615,0.09494500000000003,6.3,0.30000000000000027,0.101,0.30000000000000027,0.095
0.06620000000000001,0.08816250000000002,6.2,0.30000000000000027,0.1,0.30000000000000027,0.092
0.06625,0.08498000000000003,6.149999999999999,0.30000000000000027,0.1,0.30000000000000027,0.092
0.0663,0.08184500000000001,6.049999999999999,0.30000000000000027,0.09899999999999999,0.30000000000000027,0.091
0.06635,0.07921250000000002,5.85,0.30000000000000027,0.09899999999999999,0.30000000000000027,0.091
0.0664,0.08055750000000002,5.750000000000002,0.30000000000000027,0.098,0.30000000000000027,0.094
0.06645000000000001,0.07492750000000002,5.450000000000001,0.30000000000000027,0.098,0.30000000000000027,0.091
0.0665,0.07312250000000002,5.3,0.30000000000000027,0.098,0.30000000000000027,0.091
0.06655,0.07154000000000002,5.15,0.30000000000000027,0.097,0.30000000000000027,0.09000000000000001
0.0666,0.07009500000000002,5.05,0.30000000000000027,0.097,0.30000000000000027,0.09000000000000001
0.06665,0.07234000000000002,5.1,0.30000000000000027,0.097,0.30000000000000027,0.092
0.06670000000000001,0.06749750000000002,4.8500000000000005,0.30000000000000027,0.096,0.30000000000000027,0.09000000000000001
0.06675,0.06636000000000002,4.75,0.30000000000000027,0.096,0.30000000000000027,0.09000000000000001
0.0668,0.06531000000000002,4.700000000000001,0.30000000000000027,0.096,0.30000000000000027,0.089
0.06685,0.06429250000000002,4.6499999999999995,0.30000000000000027,0.096,0.30000000000000027,0.089
0.0669,0.06685250000000002,4.75,0.30000000000000027,0.095,0.30000000000000027,0.092
0.06695000000000001,0.06246250000000002,4.5,0.30000000000000027,0.095,0.30000000000000027,0.089
0.067,0.06163000000000002,4.45,0.30000000000000027,0.095,0.30000000000000027,0.089
0.06705,0.06084750000000001,4.3999999999999995,0.30000000000000027,0.094,0.30000000000000027,0.089
0.0671,0.060037500000000014,4.3999999999999995,0.30000000000000027,0.094,0.30000000000000027,0.088
0.06715,0.06256750000000001,4.5,0.30000000000000027,0.094,0.30000000000000027,0.091
0.06720000000000001,0.058392500000000014,4.3,0.30000000000000027,0.094,0.30000000000000027,0.088
0.06725,0.05748750000000002,4.25,0.30000000000000027,0.093,0.30000000000000027,0.088
0.0673,0.059100000000000014,4.300000000000001,0.3500000000000001,0.093,0.0,0.0
0.06735000000000001,0.05508250000000001,4.1000000000000005,0.3500000000000001,0.093,0.3500000000000001,0.08600000000000001
0.0674,0.054902500000000014,3.85,0.3999999999999999,0.093,0.3999999999999999,0.091
0.06745000000000001,0.05085500000000001,3.7,0.3999999999999999,0.092,0.3999999999999999,0.092
0.0675,0.04893250000000001,3.5,0.3999999999999999,0.092,0.3999999999999999,0.092
0.06755,0.049637500000000015,3.35,0.3999999999999999,0.097,0.3999999999999999,0.097
0.06760000000000001,0.04634500000000001,3.1500000000000004,0.3999999999999999,0.097,0.3999999999999999,0.097
0.06765,0.04851500000000001,2.95,0.3999999999999999,0.106,0.3999999999999999,0.106
0.06770000000000001,0.04555500000000001,2.75,0.3999999999999999,0.106,0.3999999999999999,0.106
0.06775,0.045932500000000015,2.6,0.3999999999999999,0.11,0.3999999999999999,0.11
0.0678,0.05111750000000001,2.4,0.3999999999999999,0.115,0.3999999999999999,0.115
0.06785000000000001,0.050067500000000015,2.25,0.34999999999999987,0.115,0.34999999999999987,0.11299999999999999
0.0679,0.058240000000000014,2.1,0.34999999999999987,0.12000000000000001,0.34999999999999987,0.116
0.06795,0.057742500000000016,2.1,0.34999999999999987,0.12000000000000001,0.34999999999999987,0.11299999999999999
0.068,0.06199250000000001,2.1999999999999997,0.34999999999999987,0.121,0.34999999999999987,0.112
0.06805,0.07124750000000002,2.4999999999999996,0.34999999999999987,0.12300000000000001,0.34999999999999987,0.114
0.06810000000000001,0.07067250000000001,2.4499999999999997,0.34999999999999987,0.12300000000000001,0.34999999999999987,0.11
0.06815,0.07967250000000002,2.75,0.34999999999999987,0.125,0.34999999999999987,0.112
0.0682,0.07889750000000002,2.75,0.34999999999999987,0.125,0.34999999999999987,0.108
0.06825,0.08268750000000002,2.9,0.34999999999999987,0.125,0.34999999999999987,0.107
0.0683,0.09096000000000003,3.2,0.34999999999999987,0.125,0.34999999999999987,0.10900000000000001
0.06835000000000001,0.08969500000000002,3.2,0.34999999999999987,0.125,0.34999999999999987,0.10500000000000001
0.0684,0.09732250000000002,3.5,0.34999999999999987,0.124,0.34999999999999987,0.107
0.06845,0.09574000000000002,3.45,0.34999999999999987,0.124,0.34999999999999987,0.103
0.0685,0.09828500000000003,3.6,0.34999999999999987,0.12300000000000001,0.34999999999999987,0.102
0.06855,0.10488250000000003,3.9000000000000004,0.34999999999999987,0.122,0.34999999999999987,0.10500000000000001
0.06860000000000001,0.10213500000000003,3.9000000000000004,0.34999999999999987,0.121,0.34999999999999987,0.101
0.06865,0.10797250000000003,4.2,0.34999999999999987,0.12000000000000001,0.34999999999999987,0.103
0.0687,0.10502750000000002,4.15,0.34999999999999987,0.11900000000000001,0.34999999999999987,0.09899999999999999
0.06875,0.10602500000000002,4.300000000000001,0.34999999999999987,0.118,0.34999999999999987,0.098
0.0688,0.11087750000000003,4.6000000000000005,0.34999999999999987,0.116,0.34999999999999987,0.101
0.06885000000000001,0.10709250000000002,4.6000000000000005,0.34999999999999987,0.115,0.34999999999999987,0.097
0.0689,0.11136750000000002,4.85,0.34999999999999987,0.11299999999999999,0.34999999999999987,0.1
0.06895,0.10768750000000003,4.85,0.34999999999999987,0.112,0.34999999999999987,0.096
0.069,0.10822000000000002,5.0,0.34999999999999987,0.111,0.34999999999999987,0.095
0.06905,0.11240000000000003,5.25,0.34999999999999987,0.10900000000000001,0.34999999999999987,0.098
0.06910000000000001,0.10836250000000003,5.2,0.34999999999999987,0.108,0.34999999999999987,0.095
0.06915,0.11173000000000002,5.5,0.34999999999999987,0.107,0.34999999999999987,0.097
0.0692,0.10702500000000002,5.45,0.34999999999999987,0.106,0.34999999999999987,0.094
0.06925,0.10581750000000002,5.6000000000000005,0.34999999999999987,0.10500000000000001,0.34999999999999987,0.094
0.0693,0.10809000000000003,5.8500000000000005,0.34999999999999987,0.104,0.34999999999999987,0.096
0.06935000000000001,0.10215750000000003,5.8500000000000005,0.2999999999999998,0.104,0.2999999999999998,0.093
0.0694,0.09933000000000003,5.95,0.2999999999999998,0.103,0.2999999999999998,0.093
0.06945,0.09585750000000003,6.05,0.2999999999999998,0.102,0.2999999999999998,0.093
0.0695,0.09280750000000003,6.1499999999999995,0.2999999999999998,0.101,0.2999999999999998,0.092
0.06955,0.09358750000000002,6.35,0.2999999999999998,0.101,0.2999999999999998,0.095
0.06960000000000001,0.08674750000000002,6.199999999999999,0.2999999999999998,0.1,0.2999999999999998,0.092
0.06965,0.08353500000000003,6.1,0.2999999999999998,0.1,0.2999999999999998,0.092
0.0697,0.08061000000000001,5.95,0.2999999999999998,0.09899999999999999,0.2999999999999998,0.091
0.06975,0.07818000000000001,5.699999999999999,0.2999999999999998,0.09899999999999999,0.2999999999999998,0.091
0.0698,0.07972000000000003,5.6499999999999995,0.2999999999999998,0.098,0.2999999999999998,0.093
0.06985000000000001,0.07421750000000002,5.35,0.2999999999999998,0.098,0.2999999999999998,0.091
0.0699,0.07252250000000002,5.199999999999999,0.2999999999999998,0.098,0.2999999999999998,0.091
0.06995,0.07101500000000002,5.1,0.2999999999999998,0.097,0.2999999999999998,0.09000000000000001
0.07,0.06960000000000002,5.0,0.2999999999999998,0.097,0.2999999999999998,0.09000000000000001
0.07005,0.07192750000000002,5.050000000000001,0.2999999999999998,0.097,0.2999999999999998,0.092
0.07010000000000001,0.06715250000000002,4.800000000000001,0.2999999999999998,0.096,0.2999999999999998,0.09000000000000001
0.07015,0.06602250000000001,4.750000000000001,0.2999999999999998,0.096,0.2999999999999998,0.09000000000000001
0.0702,0.06498500000000001,4.699999999999999,0.2999999999999998,0.096,0.2999999999999998,0.089
0.07025,0.06404750000000002,4.6,0.2999999999999998,0.095,0.2999999999999998,0.089
0.0703,0.06660250000000002,4.7,0.2999999999999998,0.095,0.2999999999999998,0.091
0.07035000000000001,0.062252500000000016,4.500000000000001,0.2999999999999998,0.095,0.2999999999999998,0.089
0.0704,0.061432500000000015,4.449999999999998,0.2999999999999998,0.095,0.2999999999999998,0.089
0.07045,0.06407000000000002,4.55,0.2999999999999998,0.094,0.2999999999999998,0.091
0.07050000000000001,0.05983500000000001,4.35,0.2999999999999998,0.094,0.2999999999999998,0.088
0.07055,0.062285000000000014,4.5,0.2999999999999998,0.094,0.2999999999999998,0.091
0.07060000000000001,0.058115000000000014,4.300000000000001,0.2999999999999998,0.094,0.2999999999999998,0.088
0.07065,0.05712750000000001,4.250000000000001,0.2999999999999998,0.093,0.0,0.0
0.0707,0.05810750000000001,4.149999999999999,0.3999999999999999,0.093,0.3999999999999999,0.087
0.07075000000000001,0.05402750000000001,3.9499999999999993,0.3999999999999999,0.093,0.3999999999999999,0.089
0.0708,0.05372000000000001,3.75,0.3999999999999999,0.093,0.3999999999999999,0.092
0.07085000000000001,0.049770000000000016,3.549999999999999,0.3999999999999999,0.092,0.3999999999999999,0.092
0.0709,0.04812750000000001,3.3999999999999995,0.3999999999999999,0.092,0.3999999999999999,0.092
0.07095,0.049235000000000015,3.2,0.3999999999999999,0.101,0.3999999999999999,0.101
0.07100000000000001,0.04604500000000001,3.05,0.3999999999999999,0.101,0.3999999999999999,0.101
0.07105,0.048715000000000015,2.8000000000000007,0.3999999999999999,0.10900000000000001,0.3999999999999999,0.10900000000000001
0.0711,0.045882500000000014,2.6500000000000004,0.3999999999999999,0.10900000000000001,0.3999999999999999,0.10900000000000001
0.07115,0.04703250000000001,2.450000000000001,0.3999999999999999,0.112,0.3999999999999999,0.111
0.0712,0.05314500000000001,2.3000000000000007,0.3500000000000001,0.117,0.3500000000000001,0.116
0.07125000000000001,0.05257750000000001,2.1500000000000004,0.3500000000000001,0.117,0.3500000000000001,0.11299999999999999
0.0713,0.06123500000000002,2.200000000000001,0.3500000000000001,0.121,0.3500000000000001,0.116
0.07135,0.060647500000000014,2.200000000000001,0.3500000000000001,0.121,0.3500000000000001,0.112
0.0714,0.06493500000000002,2.3000000000000007,0.3500000000000001,0.122,0.3500000000000001,0.111
0.07145,0.07424750000000002,2.55,0.3500000000000001,0.124,0.3500000000000001,0.114
0.07150000000000001,0.07353750000000002,2.55,0.3500000000000001,0.124,0.3500000000000001,0.10900000000000001
0.07155,0.08250750000000003,2.8499999999999996,0.3500000000000001,0.125,0.3500000000000001,0.112
0.0716,0.08158000000000001,2.8499999999999996,0.3500000000000001,0.125,0.3500000000000001,0.107
0.07165,0.08521250000000002,3.0,0.3500000000000001,0.125,0.3500000000000001,0.106
0.0717,0.09335250000000002,3.3,0.3500000000000001,0.125,0.3500000000000001,0.10900000000000001
0.07175000000000001,0.09193500000000002,3.3,0.3500000000000001,0.125,0.3500000000000001,0.104
0.0718,0.09947000000000003,3.5500000000000007,0.3500000000000001,0.124,0.3500000000000001,0.107
0.07185,0.09768750000000002,3.5500000000000007,0.3500000000000001,0.124,0.3500000000000001,0.103
0.0719,0.10005250000000003,3.700000000000001,0.3500000000000001,0.12300000000000001,0.3500000000000001,0.102
0.07195,0.10626250000000002,4.000000000000001,0.3500000000000001,0.122,0.3500000000000001,0.104
0.07200000000000001,0.10344750000000003,4.000000000000001,0.3500000000000001,0.121,0.3500000000000001,0.1
0.07205,0.10921500000000003,4.300000000000002,0.3500000000000001,0.12000000000000001,0.3500000000000001,0.103
0.0721,0.10604750000000003,4.250000000000001,0.3500000000000001,0.118,0.3500000000000001,0.09899999999999999
0.07215,0.10687500000000003,4.4,0.3500000000000001,0.117,0.3500000000000001,0.098
0.0722,0.11151750000000003,4.7,0.3500000000000001,0.115,0.3500000000000001,0.101
0.07225000000000001,0.10765000000000002,4.7,0.3500000000000001,0.114,0.3500000000000001,0.097
0.0723,0.11172250000000003,4.95,0.3500000000000001,0.112,0.3500000000000001,0.09899999999999999
0.07235,0.10837750000000003,4.95,0.3500000000000001,0.111,0.3500000000000001,0.096
0.0724,0.10865750000000003,5.1,0.3500000000000001,0.11,0.3500000000000001,0.095
0.07245,0.11274250000000002,5.299999999999999,0.3500000000000001,0.10900000000000001,0.3500000000000001,0.098
0.07250000000000001,0.10837500000000003,5.299999999999999,0.3500000000000001,0.108,0.3500000000000001,0.095
0.07255,0.10774000000000003,5.449999999999999,0.3500000000000001,0.107,0.3500000000000001,0.094
0.0726,0.10666750000000003,5.55,0.3500000000000001,0.106,0.3500000000000001,0.094
0.07265,0.10528250000000003,5.7,0.3500000000000001,0.10500000000000001,0.3500000000000001,0.094
0.0727,0.10723250000000002,5.950000000000001,0.30000000000000004,0.104,0.30000000000000004,0.096
0.07275000000000001,0.10090750000000002,5.9,0.30000000000000004,0.103,0.30000000000000004,0.093
0.0728,0.09756750000000003,6.0,0.30000000000000004,0.102,0.30000000000000004,0.093
0.07285,0.09435250000000002,6.1,0.30000000000000004,0.102,0.30000000000000004,0.092
0.0729,0.09142000000000003,6.1499999999999995,0.30000000000000004,0.101,0.30000000000000004,0.092
0.07295,0.09207250000000003,6.350000000000001,0.30000000000000004,0.1,0.30000000000000004,0.095
0.07300000000000001,0.08515250000000002,6.15,0.30000000000000004,0.1,0.30000000000000004,0.092
0.07305,0.08207250000000002,6.050000000000001,0.30000000000000004,0.09899999999999999,0.30000000000000004,0.092
0.0731,0.07943750000000002,5.8500000000000005,0.30000000000000004,0.09899999999999999,0.30000000000000004,0.091
0.07315,0.07720750000000003,5.599999999999998,0.30000000000000004,0.09899999999999999,0.30000000000000004,0.091
0.0732,0.07888500000000002,5.6,0.30000000000000004,0.098,0.30000000000000004,0.093
0.07325000000000001,0.07345250000000002,5.300000000000001,0.30000000000000004,0.098,0.30000000000000004,0.091
0.0733,0.07185500000000002,5.15,0.30000000000000004,0.097,0.30000000000000004,0.09000000000000001
0.07335,0.07045000000000001,5.05,0.30000000000000004,0.097,0.30000000000000004,0.09000000000000001
0.0734,0.06909500000000002,4.95,0.30000000000000004,0.097,0.30000000000000004,0.09000000000000001
0.07345,0.07146000000000002,5.0,0.30000000000000004,0.097,0.30000000000000004,0.092
0.07350000000000001,0.06671750000000001,4.8,0.30000000000000004,0.096,0.30000000000000004,0.09000000000000001
0.07355,0.06566000000000001,4.699999999999999,0.30000000000000004,0.096,0.30000000000000004,0.09000000000000001
0.0736,0.06819250000000002,4.800000000000001,0.30000000000000004,0.096,0.30000000000000004,0.092
0.07365000000000001,0.06373250000000001,4.6,0.30000000000000004,0.095,0.30000000000000004,0.089
0.0737,0.06633000000000001,4.7,0.30000000000000004,0.095,0.30000000000000004,0.091
0.07375000000000001,0.06202000000000001,4.5,0.30000000000000004,0.095,0.30000000000000004,0.089
0.0738,0.06116000000000001,4.45,0.30000000000000004,0.095,0.30000000000000004,0.089
0.07385,0.06374000000000002,4.550000000000001,0.30000000000000004,0.094,0.30000000000000004,0.091
0.07390000000000001,0.059572500000000014,4.35,0.30000000000000004,0.094,0.30000000000000004,0.088
0.07395,0.061885000000000016,4.45,0.30000000000000004,0.094,0.30000000000000004,0.09000000000000001
0.07400000000000001,0.057742500000000016,4.25,0.30000000000000004,0.094,0.30000000000000004,0.088
0.07405,0.05667750000000001,4.250000000000001,0.30000000000000004,0.093,0.30000000000000004,0.08
0.0741,0.056972500000000016,4.0,0.40000000000000013,0.093,0.40000000000000013,0.09000000000000001
0.07415000000000001,0.052775000000000016,3.8000000000000003,0.40000000000000013,0.093,0.40000000000000013,0.091
0.0742,0.05259750000000001,3.6500000000000004,0.40000000000000013,0.092,0.40000000000000013,0.092
0.07425000000000001,0.04884250000000001,3.45,0.40000000000000013,0.092,0.40000000000000013,0.092
0.0743,0.047347500000000015,3.3000000000000003,0.40000000000000013,0.094,0.40000000000000013,0.094
0.07435,0.04910000000000001,3.1,0.40000000000000013,0.104,0.40000000000000013,0.104
0.07440000000000001,0.04608250000000001,2.95,0.40000000000000013,0.104,0.40000000000000013,0.104
0.07445,0.04891750000000001,2.6999999999999997,0.40000000000000013,0.111,0.40000000000000013,0.111
0.0745,0.046577500000000015,2.55,0.40000000000000013,0.111,0.40000000000000013,0.11
0.07455,0.04850250000000001,2.3499999999999996,0.40000000000000013,0.114,0.40000000000000013,0.112
0.0746,0.055550000000000016,2.1999999999999997,0.3500000000000001,0.118,0.3500000000000001,0.116
0.07465000000000001,0.055155000000000017,2.05,0.3500000000000001,0.118,0.3500000000000001,0.11299999999999999
0.0747,0.06420500000000001,2.25,0.3500000000000001,0.122,0.3500000000000001,0.116
0.07475,0.06357750000000002,2.25,0.3500000000000001,0.122,0.3500000000000001,0.112
0.0748,0.06795750000000002,2.4,0.3500000000000001,0.12300000000000001,0.3500000000000001,0.111
0.07485,0.07712000000000002,2.65,0.3500000000000001,0.124,0.3500000000000001,0.11299999999999999
0.07490000000000001,0.07640750000000002,2.65,0.3500000000000001,0.124,0.3500000000000001,0.10900000000000001
0.07495,0.08517500000000001,2.9499999999999997,0.3500000000000001,0.125,0.3500000000000001,0.111
0.075,0.08417250000000003,2.9499999999999997,0.3500000000000001,0.125,0.3500000000000001,0.107
0.07505,0.08772750000000003,3.1,0.3500000000000001,0.125,0.3500000000000001,0.106
0.0751,0.09563250000000002,3.4,0.3500000000000001,0.125,0.3500000000000001,0.108
0.07515000000000001,0.09414750000000002,3.35,0.3500000000000001,0.125,0.3500000000000001,0.104
0.0752,0.10151250000000002,3.6500000000000004,0.3500000000000001,0.124,0.3500000000000001,0.106
0.07525,0.09955250000000003,3.6500000000000004,0.3500000000000001,0.12300000000000001,0.3500000000000001,0.102
0.0753,0.10166500000000002,3.8000000000000003,0.3500000000000001,0.122,0.3500000000000001,0.101
0.07535,0.10753500000000003,4.1000000000000005,0.3500000000000001,0.121,0.3500000000000001,0.104
0.07540000000000001,0.10472250000000002,4.1000000000000005,0.3500000000000001,0.12000000000000001,0.3500000000000001,0.1
0.07545,0.11025250000000003,4.3500000000000005,0.3500000000000001,0.11900000000000001,0.3500000000000001,0.102
0.0755,0.10693250000000003,4.3500000000000005,0.3500000000000001,0.117,0.3500000000000001,0.098
0.07555,0.10750500000000003,4.5,0.3500000000000001,0.116,0.3500000000000001,0.098
0.0756,0.11199250000000002,4.8,0.3500000000000001,0.114,0.3500000000000001,0.1
0.07565000000000001,0.10800250000000003,4.749999999999999,0.3500000000000001,0.11299999999999999,0.3500000000000001,0.097
0.0757,0.11245750000000003,5.05,0.3500000000000001,0.112,0.3500000000000001,0.09899999999999999
0.07575,0.10883250000000003,5.05,0.3500000000000001,0.11,0.3500000000000001,0.095
0.0758,0.10902000000000003,5.199999999999999,0.3500000000000001,0.10900000000000001,0.3500000000000001,0.095
0.07585,0.11279500000000003,5.3999999999999995,0.3500000000000001,0.108,0.3500000000000001,0.098
0.07590000000000001,0.10827000000000003,5.3999999999999995,0.3500000000000001,0.107,0.3500000000000001,0.094
0.07595,0.10740500000000003,5.5,0.3500000000000001,0.106,0.3500000000000001,0.094
0.076,0.10613750000000002,5.6499999999999995,0.3500000000000001,0.10500000000000001,0.3500000000000001,0.094
0.07605,0.10448750000000002,5.75,0.3500000000000001,0.104,0.3500000000000001,0.093
0.0761,0.10608000000000002,6.05,0.2999999999999998,0.104,0.2999999999999998,0.096
0.07615000000000001,0.09934750000000002,6.0,0.2999999999999998,0.103,0.2999999999999998,0.093
0.0762,0.09588250000000002,6.1,0.2999999999999998,0.102,0.2999999999999998,0.093
0.07625,0.09285750000000002,6.1499999999999995,0.2999999999999998,0.101,0.2999999999999998,0.092
0.0763,0.08985000000000003,6.2,0.2999999999999998,0.101,0.2999999999999998,0.092
0.07635,0.09042000000000003,6.3500000000000005,0.2999999999999998,0.1,0.2999999999999998,0.095
0.07640000000000001,0.08350000000000002,6.1000000000000005,0.2999999999999998,0.1,0.2999999999999998,0.092
0.07645,0.08069250000000001,5.9,0.2999999999999998,0.09899999999999999,0.2999999999999998,0.091
0.0765,0.07827750000000001,5.7,0.2999999999999998,0.09899999999999999,0.2999999999999998,0.091
0.07655,0.07622250000000001,5.5,0.2999999999999998,0.098,0.2999999999999998,0.091
0.0766,0.07802750000000001,5.5,0.2999999999999998,0.098,0.2999999999999998,0.093
0.07665000000000001,0.07271500000000002,5.199999999999999,0.2999999999999998,0.098,0.2999999999999998,0.091
0.0767,0.07122250000000002,5.1,0.2999999999999998,0.097,0.2999999999999998,0.09000000000000001
0.07675,0.07343750000000002,5.15,0.2999999999999998,0.097,0.2999999999999998,0.093
0.07680000000000001,0.06853500000000001,4.9,0.2999999999999998,0.097,0.2999999999999998,0.09000000000000001
0.07685,0.07094750000000002,4.949999999999999,0.2999999999999998,0.096,0.2999999999999998,0.092
0.07690000000000001,0.06628000000000002,4.75,0.2999999999999998,0.096,0.2999999999999998,0.09000000000000001
0.07695,0.06527250000000001,4.7,0.2999999999999998,0.096,0.2999999999999998,0.09000000000000001
0.077,0.06783000000000002,4.750000000000001,0.2999999999999998,0.096,0.2999999999999998,0.092
0.07705000000000001,0.06339250000000002,4.550000000000001,0.2999999999999998,0.095,0.2999999999999998,0.089
0.0771,0.06599750000000001,4.650000000000001,0.2999999999999998,0.095,0.2999999999999998,0.091
0.07715000000000001,0.06166500000000002,4.450000000000002,0.2999999999999998,0.095,0.2999999999999998,0.089
0.0772,0.06086000000000002,4.3999999999999995,0.2999999999999998,0.095,0.2999999999999998,0.089
0.07725,0.06336750000000002,4.499999999999999,0.2999999999999998,0.094,0.2999999999999998,0.091
0.07730000000000001,0.059212500000000015,4.349999999999999,0.2999999999999998,0.094,0.2999999999999998,0.088
0.07735,0.06140750000000002,4.45,0.2999999999999998,0.094,0.2999999999999998,0.09000000000000001
0.07740000000000001,0.05732250000000001,4.249999999999999,0.2999999999999998,0.094,0.0,0.0
0.07745,0.05581750000000001,4.149999999999999,0.34999999999999964,0.093,0.34999999999999964,0.08600000000000001
0.0775,0.05560000000000001,3.8999999999999995,0.39999999999999947,0.093,0.39999999999999947,0.092
0.07755000000000001,0.051565000000000014,3.6999999999999993,0.39999999999999947,0.093,0.39999999999999947,0.092
0.0776,0.051587500000000015,3.549999999999999,0.39999999999999947,0.092,0.39999999999999947,0.092
0.07765,0.04798000000000001,3.3499999999999996,0.39999999999999947,0.092,0.39999999999999947,0.092
0.0777,0.04692750000000001,3.2,0.39999999999999947,0.097,0.39999999999999947,0.097
0.07775,0.04908500000000001,2.999999999999999,0.39999999999999947,0.106,0.39999999999999947,0.106
0.07780000000000001,0.04615000000000001,2.8000000000000007,0.39999999999999947,0.106,0.39999999999999947,0.106
0.07785,0.04954250000000001,2.6000000000000005,0.39999999999999947,0.11299999999999999,0.39999999999999947,0.11299999999999999
0.0779,0.047965000000000015,2.450000000000001,0.39999999999999947,0.11299999999999999,0.39999999999999947,0.112
0.07795,0.05033500000000001,2.250000000000001,0.34999999999999964,0.116,0.34999999999999964,0.11299999999999999
0.078,0.058420000000000014,2.1000000000000005,0.34999999999999964,0.12000000000000001,0.34999999999999964,0.116
0.07805000000000001,0.05791250000000001,2.1000000000000005,0.34999999999999964,0.12000000000000001,0.34999999999999964,0.11299999999999999
0.0781,0.06713500000000001,2.3500000000000005,0.34999999999999964,0.12300000000000001,0.34999999999999964,0.115
0.07815,0.06653250000000002,2.3500000000000005,0.34999999999999964,0.12300000000000001,0.34999999999999964,0.111
0.0782,0.07090250000000002,2.4499999999999993,0.34999999999999964,0.124,0.34999999999999964,0.11
0.07825,0.07998750000000002,2.75,0.34999999999999964,0.125,0.34999999999999964,0.11299999999999999
0.07830000000000001,0.07921000000000002,2.75,0.34999999999999964,0.125,0.34999999999999964,0.108
0.07835,0.08779250000000002,3.0500000000000007,0.34999999999999964,0.125,0.34999999999999964,0.111
0.0784,0.08665750000000003,3.0500000000000007,0.34999999999999964,0.125,0.34999999999999964,0.106
0.07845,0.09008500000000003,3.2,0.34999999999999964,0.125,0.34999999999999964,0.10500000000000001
0.0785,0.09780500000000003,3.5,0.34999999999999964,0.125,0.34999999999999964,0.108
0.07855000000000001,0.09626000000000003,3.450000000000001,0.34999999999999964,0.124,0.34999999999999964,0.103
0.0786,0.10330250000000002,3.750000000000001,0.34999999999999964,0.124,0.34999999999999964,0.106
0.07865,0.10117250000000003,3.750000000000001,0.34999999999999964,0.12300000000000001,0.34999999999999964,0.102
0.0787,0.10294000000000003,3.9000000000000012,0.34999999999999964,0.122,0.34999999999999964,0.101
0.07875,0.10874500000000002,4.200000000000001,0.34999999999999964,0.121,0.34999999999999964,0.103
0.07880000000000001,0.10586250000000003,4.15,0.34999999999999964,0.11900000000000001,0.34999999999999964,0.09899999999999999
0.07885,0.11113000000000003,4.45,0.34999999999999964,0.118,0.34999999999999964,0.102
0.0789,0.10761750000000003,4.45,0.34999999999999964,0.117,0.34999999999999964,0.098
0.07895,0.10810500000000002,4.6000000000000005,0.34999999999999964,0.115,0.34999999999999964,0.097
0.079,0.11238250000000002,4.9,0.34999999999999964,0.114,0.34999999999999964,0.1
0.07905000000000001,0.10831000000000003,4.85,0.34999999999999964,0.112,0.34999999999999964,0.096
0.0791,0.10892750000000002,4.999999999999999,0.34999999999999964,0.111,0.34999999999999964,0.096
0.07915,0.10917500000000002,5.1499999999999995,0.34999999999999964,0.11,0.34999999999999964,0.095
0.0792,0.10921500000000003,5.249999999999999,0.34999999999999964,0.10900000000000001,0.34999999999999964,0.095
0.07925,0.11266000000000002,5.499999999999999,0.34999999999999964,0.108,0.34999999999999964,0.097
0.07930000000000001,0.10806000000000003,5.499999999999999,0.34999999999999964,0.107,0.34999999999999964,0.094
0.07935,0.10692250000000003,5.6,0.34999999999999964,0.106,0.34999999999999964,0.094
0.0794,0.10543500000000003,5.75,0.34999999999999964,0.10500000000000001,0.34999999999999964,0.094
0.07945,0.10341000000000003,5.850000000000001,0.2999999999999998,0.104,0.2999999999999998,0.093
0.0795,0.10463000000000003,6.1,0.2999999999999998,0.103,0.2999999999999998,0.096
0.07955000000000001,0.09737000000000003,6.049999999999999,0.2999999999999998,0.102,0.2999999999999998,0.093
0.0796,0.09424250000000002,6.149999999999999,0.2999999999999998,0.102,0.2999999999999998,0.092
0.07965,0.09503500000000002,6.35,0.2999999999999998,0.101,0.2999999999999998,0.095
0.07970000000000001,0.08816750000000002,6.199999999999999,0.2999999999999998,0.1,0.2999999999999998,0.092
0.07975,0.08864750000000002,6.3,0.2999999999999998,0.1,0.2999999999999998,0.094
0.07980000000000001,0.08195750000000002,6.000000000000001,0.2999999999999998,0.09899999999999999,0.2999999999999998,0.092
0.07985,0.07939750000000002,5.799999999999999,0.2999999999999998,0.09899999999999999,0.2999999999999998,0.091
0.0799,0.08087250000000001,5.75,0.2999999999999998,0.09899999999999999,0.2999999999999998,0.094
0.07995000000000001,0.07526250000000002,5.4,0.2999999999999998,0.098,0.2999999999999998,0.091
0.08,0.07718250000000001,5.4,0.2999999999999998,0.098,0.2999999999999998,0.093
0.08005000000000001,0.07196250000000001,5.15,0.2999999999999998,0.098,0.2999999999999998,0.09000000000000001
0.0801,0.07053000000000002,5.049999999999999,0.2999999999999998,0.097,0.2999999999999998,0.09000000000000001
0.08015,0.07283250000000002,5.1,0.2999999999999998,0.097,0.2999999999999998,0.093
0.08020000000000001,0.06801000000000001,4.85,0.2999999999999998,0.097,0.2999999999999998,0.09000000000000001
0.08025,0.07043750000000001,4.95,0.2999999999999998,0.096,0.2999999999999998,0.092
0.08030000000000001,0.06582750000000001,4.7,0.2999999999999998,0.096,0.2999999999999998,0.09000000000000001
0.08035,0.06482000000000002,4.65,0.2999999999999998,0.096,0.2999999999999998,0.089
0.0804,0.06743250000000002,4.75,0.2999999999999998,0.095,0.2999999999999998,0.092
0.08045000000000001,0.06303500000000002,4.550000000000001,0.2999999999999998,0.095,0.2999999999999998,0.089
0.0805,0.06565250000000002,4.65,0.2999999999999998,0.095,0.2999999999999998,0.091
0.08055000000000001,0.06136000000000002,4.45,0.2999999999999998,0.095,0.2999999999999998,0.089
0.0806,0.060572500000000015,4.3999999999999995,0.2999999999999998,0.094,0.2999999999999998,0.089
0.08065,0.06296000000000002,4.5,0.2999999999999998,0.094,0.2999999999999998,0.091
0.08070000000000001,0.05880000000000001,4.300000000000001,0.2999999999999998,0.094,0.2999999999999998,0.088
0.08075,0.06061000000000002,4.4,0.3500000000000001,0.094,0.0,0.0
0.08080000000000001,0.05656500000000001,4.2,0.3500000000000001,0.093,0.3500000000000001,0.08399999999999999
0.08085,0.05467250000000001,3.95,0.40000000000000036,0.093,0.40000000000000036,0.09000000000000001
0.0809,0.054320000000000014,3.8000000000000003,0.40000000000000036,0.093,0.40000000000000036,0.092
0.08095000000000001,0.050380000000000015,3.6,0.40000000000000036,0.092,0.40000000000000036,0.092
0.081,0.05080750000000001,3.4,0.40000000000000036,0.096,0.40000000000000036,0.096
0.08105,0.04730000000000001,3.25,0.40000000000000036,0.096,0.40000000000000036,0.096
0.0811,0.04654000000000001,3.05,0.40000000000000036,0.101,0.40000000000000036,0.101
0.08115,0.04917750000000001,2.8499999999999996,0.40000000000000036,0.10900000000000001,0.40000000000000036,0.10900000000000001
0.08120000000000001,0.04635000000000001,2.65,0.40000000000000036,0.10900000000000001,0.40000000000000036,0.10900000000000001
0.08125,0.05068000000000001,2.4999999999999996,0.40000000000000036,0.115,0.40000000000000036,0.114
0.0813,0.049470000000000014,2.3499999999999996,0.3500000000000001,0.115,0.3500000000000001,0.11299999999999999
0.08135,0.05275500000000001,2.15,0.3500000000000001,0.117,0.3500000000000001,0.11299999999999999
0.0814,0.06140750000000002,2.1999999999999997,0.3500000000000001,0.121,0.3500000000000001,0.116
0.08145000000000001,0.06082500000000002,2.1999999999999997,0.3500000000000001,0.121,0.3500000000000001,0.112
0.0815,0.07003750000000002,2.4499999999999997,0.3500000000000001,0.12300000000000001,0.3500000000000001,0.115
0.08155,0.06950750000000001,2.4,0.3500000000000001,0.12300000000000001,0.3500000000000001,0.111
0.0816,0.07378000000000001,2.5500000000000003,0.3500000000000001,0.124,0.3500000000000001,0.11
0.08165,0.08278500000000003,2.85,0.3500000000000001,0.125,0.3500000000000001,0.112
0.08170000000000001,0.08184500000000001,2.85,0.3500000000000001,0.125,0.3500000000000001,0.108
0.08175,0.09025000000000002,3.15,0.3500000000000001,0.125,0.3500000000000001,0.11
0.0818,0.08905250000000002,3.15,0.3500000000000001,0.125,0.3500000000000001,0.10500000000000001
0.08185,0.09231250000000002,3.3,0.3500000000000001,0.125,0.3500000000000001,0.10500000000000001
0.0819,0.09993500000000002,3.5500000000000003,0.3500000000000001,0.125,0.3500000000000001,0.107
0.08195000000000001,0.09816750000000002,3.5500000000000003,0.3500000000000001,0.124,0.3500000000000001,0.103
0.082,0.10505250000000002,3.85,0.3500000000000001,0.12300000000000001,0.3500000000000001,0.10500000000000001
0.08205,0.10264000000000002,3.85,0.3500000000000001,0.122,0.3500000000000001,0.101
0.0821,0.10413000000000003,4.0,0.3500000000000001,0.121,0.3500000000000001,0.1
0.08215,0.10990750000000003,4.3,0.3500000000000001,0.12000000000000001,0.3500000000000001,0.103
0.08220000000000001,0.10679250000000003,4.25,0.3500000000000001,0.11900000000000001,0.3500000000000001,0.09899999999999999
0.08225,0.11190750000000003,4.55,0.3500000000000001,0.117,0.3500000000000001,0.101
0.0823,0.10821000000000003,4.55,0.3500000000000001,0.116,0.3500000000000001,0.098
0.08235,0.10847250000000003,4.7,0.3500000000000001,0.114,0.3500000000000001,0.097
0.0824,0.11254750000000002,4.95,0.3500000000000001,0.11299999999999999,0.3500000000000001,0.1
0.08245000000000001,0.10895000000000003,4.95,0.3500000000000001,0.112,0.3500000000000001,0.096
0.0825,0.10930250000000002,5.1,0.3500000000000001,0.11,0.3500000000000001,0.095
0.08255,0.10941750000000003,5.2,0.3500000000000001,0.10900000000000001,0.3500000000000001,0.095
0.0826,0.10912250000000003,5.3,0.3500000000000001,0.108,0.3500000000000001,0.095
0.08265,0.11238750000000003,5.6,0.3500000000000001,0.107,0.3500000000000001,0.097
0.08270000000000001,0.10753500000000003,5.55,0.3500000000000001,0.106,0.3500000000000001,0.094
0.08275,0.10624000000000003,5.7,0.3500000000000001,0.10500000000000001,0.3500000000000001,0.094
0.0828,0.10824250000000003,5.95,0.3500000000000001,0.104,0.3500000000000001,0.096
0.08285000000000001,0.10208250000000002,5.9,0.30000000000000027,0.104,0.30000000000000027,0.093
0.0829,0.10281000000000003,6.15,0.30000000000000027,0.103,0.30000000000000027,0.096
0.08295000000000001,0.09560000000000002,6.1000000000000005,0.30000000000000027,0.102,0.30000000000000027,0.093
0.083,0.09255750000000003,6.2,0.30000000000000027,0.101,0.30000000000000027,0.092
0.08305,0.09332250000000002,6.35,0.30000000000000027,0.101,0.30000000000000027,0.095
0.08310000000000001,0.08632750000000002,6.2,0.30000000000000027,0.1,0.30000000000000027,0.092
0.08315,0.08691750000000002,6.25,0.30000000000000027,0.1,0.30000000000000027,0.094
0.08320000000000001,0.08051000000000003,5.9,0.30000000000000027,0.09899999999999999,0.30000000000000027,0.091
0.08325,0.07814500000000002,5.65,0.30000000000000027,0.09899999999999999,0.30000000000000027,0.091
0.0833,0.07978500000000002,5.65,0.30000000000000027,0.098,0.30000000000000027,0.094
0.08335000000000001,0.07434000000000002,5.35,0.30000000000000027,0.098,0.30000000000000027,0.091
0.0834,0.07634000000000002,5.3500000000000005,0.30000000000000027,0.098,0.30000000000000027,0.093
0.08345000000000001,0.07125500000000001,5.100000000000001,0.30000000000000027,0.097,0.30000000000000027,0.09000000000000001
0.0835,0.06988250000000001,5.000000000000001,0.30000000000000027,0.097,0.30000000000000027,0.09000000000000001
0.08355,0.07219000000000002,5.050000000000001,0.30000000000000027,0.097,0.30000000000000027,0.093
0.08360000000000001,0.06746000000000002,4.8,0.30000000000000027,0.096,0.30000000000000027,0.09000000000000001
0.08365,0.06992500000000001,4.9,0.30000000000000027,0.096,0.30000000000000027,0.092
0.08370000000000001,0.06536500000000002,4.7,0.30000000000000027,0.096,0.30000000000000027,0.09000000000000001
0.08375,0.06437750000000002,4.6,0.30000000000000027,0.096,0.30000000000000027,0.089
0.0838,0.06698250000000001,4.7,0.30000000000000027,0.095,0.30000000000000027,0.092
0.08385000000000001,0.06261750000000002,4.5,0.30000000000000027,0.095,0.30000000000000027,0.089
0.0839,0.06523500000000002,4.599999999999999,0.30000000000000027,0.095,0.30000000000000027,0.091
0.08395000000000001,0.06096250000000002,4.399999999999999,0.30000000000000027,0.095,0.30000000000000027,0.089
0.084,0.06013000000000002,4.400000000000001,0.30000000000000027,0.094,0.30000000000000027,0.088
0.08405,0.06245750000000001,4.5,0.30000000000000027,0.094,0.30000000000000027,0.091
0.08410000000000001,0.058325000000000016,4.3,0.30000000000000027,0.094,0.30000000000000027,0.088
0.08415,0.059560000000000016,4.249999999999999,0.3999999999999999,0.094,0.3999999999999999,0.08399999999999999
0.08420000000000001,0.05553750000000002,4.05,0.3999999999999999,0.093,0.3999999999999999,0.088
0.08425,0.05332500000000001,3.8499999999999996,0.3999999999999999,0.093,0.3999999999999999,0.092
0.0843,0.05309750000000001,3.6499999999999995,0.3999999999999999,0.093,0.3999999999999999,0.093
0.08435000000000001,0.04929250000000001,3.5,0.3999999999999999,0.092,0.3999999999999999,0.092
0.0844,0.05009250000000001,3.3,0.3999999999999999,0.09899999999999999,0.3999999999999999,0.09899999999999999
0.08445,0.04691250000000001,3.1500000000000004,0.3999999999999999,0.09899999999999999,0.3999999999999999,0.09899999999999999
0.0845,0.046480000000000014,2.9499999999999993,0.3999999999999999,0.104,0.3999999999999999,0.104
0.08455,0.04931250000000001,2.750000000000001,0.3999999999999999,0.111,0.3999999999999999,0.111
0.08460000000000001,0.046952500000000015,2.5500000000000007,0.3999999999999999,0.111,0.3999999999999999,0.111
0.08465,0.052432500000000014,2.4000000000000012,0.3999999999999999,0.116,0.3999999999999999,0.115
0.0847,0.05152750000000001,2.200000000000001,0.3500000000000001,0.116,0.3500000000000001,0.11299999999999999
0.08475,0.05531750000000001,2.0500000000000007,0.3500000000000001,0.11900000000000001,0.3500000000000001,0.11299999999999999
0.0848,0.06436250000000002,2.250000000000001,0.3500000000000001,0.122,0.3500000000000001,0.116
0.08485000000000001,0.06372250000000002,2.250000000000001,0.3500000000000001,0.122,0.3500000000000001,0.112
0.0849,0.07304500000000001,2.5500000000000007,0.3500000000000001,0.124,0.3500000000000001,0.114
0.08495,0.07242500000000002,2.5,0.3500000000000001,0.124,0.3500000000000001,0.11
0.085,0.07661750000000002,2.6500000000000004,0.3500000000000001,0.125,0.3500000000000001,0.10900000000000001
0.08505,0.08539000000000002,2.95,0.3500000000000001,0.125,0.3500000000000001,0.111
0.08510000000000001,0.08441500000000002,2.95,0.3500000000000001,0.125,0.3500000000000001,0.107
0.08515,0.09268500000000002,3.25,0.3500000000000001,0.125,0.3500000000000001,0.10900000000000001
0.0852,0.09139250000000003,3.25,0.3500000000000001,0.125,0.3500000000000001,0.10500000000000001
0.08525,0.09446250000000002,3.4000000000000004,0.3500000000000001,0.125,0.3500000000000001,0.104
0.0853,0.10191000000000003,3.6500000000000012,0.3500000000000001,0.124,0.3500000000000001,0.106
0.08535000000000001,0.09996000000000002,3.6500000000000012,0.3500000000000001,0.12300000000000001,0.3500000000000001,0.102
0.0854,0.10660000000000003,3.950000000000001,0.3500000000000001,0.12300000000000001,0.3500000000000001,0.10500000000000001
0.08545,0.10378500000000003,3.950000000000001,0.3500000000000001,0.122,0.3500000000000001,0.101
0.0855,0.10530250000000002,4.1000000000000005,0.3500000000000001,0.12000000000000001,0.3500000000000001,0.1
0.08555,0.11091000000000002,4.3500000000000005,0.3500000000000001,0.11900000000000001,0.3500000000000001,0.102
0.08560000000000001,0.10757250000000003,4.3500000000000005,0.3500000000000001,0.118,0.3500000000000001,0.098
0.08565,0.11239250000000003,4.65,0.3500000000000001,0.116,0.3500000000000001,0.101
0.0857,0.10855500000000003,4.65,0.3500000000000001,0.115,0.3500000000000001,0.097
0.08575,0.10869750000000003,4.749999999999999,0.3500000000000001,0.11299999999999999,0.3500000000000001,0.097
0.0858,0.11295000000000002,5.05,0.3500000000000001,0.112,0.3500000000000001,0.09899999999999999
0.08585000000000001,0.10937750000000003,5.05,0.3500000000000001,0.111,0.3500000000000001,0.096
0.0859,0.10956000000000003,5.2,0.3500000000000001,0.11,0.3500000000000001,0.095
0.08595,0.11340500000000003,5.399999999999999,0.3500000000000001,0.108,0.3500000000000001,0.098
0.08600000000000001,0.10896250000000003,5.399999999999999,0.3500000000000001,0.107,0.3500000000000001,0.095
0.08605,0.11206250000000002,5.6499999999999995,0.3500000000000001,0.107,0.3500000000000001,0.097
0.08610000000000001,0.10694500000000003,5.6499999999999995,0.3500000000000001,0.106,0.3500000000000001,0.094
0.08615,0.10530750000000003,5.750000000000001,0.3500000000000001,0.10500000000000001,0.3500000000000001,0.094
0.0862,0.10707500000000003,6.050000000000001,0.2999999999999998,0.104,0.2999999999999998,0.096
0.08625000000000001,0.10041250000000003,6.0,0.2999999999999998,0.103,0.2999999999999998,0.093
0.0863,0.10074000000000002,6.25,0.2999999999999998,0.102,0.2999999999999998,0.095
0.08635000000000001,0.09388000000000002,6.15,0.2999999999999998,0.102,0.2999999999999998,0.092
0.0864,0.09085000000000003,6.2,0.2999999999999998,0.101,0.2999999999999998,0.092
0.08645,0.09144000000000002,6.35,0.2999999999999998,0.1,0.2999999999999998,0.095
0.08650000000000001,0.08448750000000002,6.15,0.2999999999999998,0.1,0.2999999999999998,0.092
0.08655,0.08532250000000002,6.1,0.2999999999999998,0.09899999999999999,0.2999999999999998,0.094
0.08660000000000001,0.07916000000000002,5.75,0.2999999999999998,0.09899999999999999,0.2999999999999998,0.091
0.08665,0.07701250000000003,5.550000000000001,0.2999999999999998,0.09899999999999999,0.2999999999999998,0.091
0.0867,0.07879250000000002,5.550000000000001,0.2999999999999998,0.098,0.2999999999999998,0.093
0.08675000000000001,0.07344000000000002,5.25,0.2999999999999998,0.098,0.2999999999999998,0.091
0.0868,0.07551250000000002,5.300000000000001,0.2999999999999998,0.098,0.2999999999999998,0.093
0.08685000000000001,0.07050000000000002,5.049999999999999,0.2999999999999998,0.097,0.2999999999999998,0.09000000000000001
0.0869,0.06920250000000001,4.949999999999999,0.2999999999999998,0.097,0.2999999999999998,0.09000000000000001
0.08695,0.07160500000000002,5.0,0.2999999999999998,0.097,0.2999999999999998,0.092
0.08700000000000001,0.06689000000000002,4.800000000000001,0.2999999999999998,0.096,0.2999999999999998,0.09000000000000001
0.08705,0.06938750000000002,4.85,0.2999999999999998,0.096,0.2999999999999998,0.092
0.08710000000000001,0.06486750000000002,4.65,0.2999999999999998,0.096,0.2999999999999998,0.089
0.08715,0.06393000000000001,4.6,0.2999999999999998,0.095,0.2999999999999998,0.089
0.0872,0.06654000000000002,4.699999999999999,0.2999999999999998,0.095,0.2999999999999998,0.092
0.08725000000000001,0.062217500000000016,4.5,0.2999999999999998,0.095,0.2999999999999998,0.089
0.0873,0.06482250000000002,4.6000000000000005,0.2999999999999998,0.095,0.2999999999999998,0.091
0.08735000000000001,0.06059500000000002,4.4,0.2999999999999998,0.094,0.2999999999999998,0.089
0.0874,0.05967500000000001,4.35,0.2999999999999998,0.094,0.2999999999999998,0.088
0.08745,0.06190250000000001,4.449999999999999,0.2999999999999998,0.094,0.2999999999999998,0.09000000000000001
0.08750000000000001,0.057790000000000015,4.3,0.2999999999999998,0.094,0.0,0.0
0.08755,0.058317500000000015,4.15,0.3999999999999999,0.093,0.3999999999999999,0.089
0.0876,0.05420000000000001,3.9,0.3999999999999999,0.093,0.3999999999999999,0.091
0.08765,0.05196000000000001,3.75,0.3999999999999999,0.093,0.3999999999999999,0.093
0.0877,0.05201250000000001,3.55,0.3999999999999999,0.092,0.3999999999999999,0.092
0.08775000000000001,0.04835000000000001,3.4,0.3999999999999999,0.092,0.3999999999999999,0.092
0.0878,0.04973250000000001,3.2,0.3999999999999999,0.102,0.3999999999999999,0.102
0.08785,0.04663000000000001,3.0,0.3999999999999999,0.102,0.3999999999999999,0.102
0.0879,0.046487500000000015,2.8,0.3999999999999999,0.106,0.3999999999999999,0.106
0.08795,0.049837500000000014,2.65,0.3999999999999999,0.11299999999999999,0.3999999999999999,0.11299999999999999
0.08800000000000001,0.04816750000000001,2.4499999999999997,0.3999999999999999,0.11299999999999999,0.3999999999999999,0.112
0.08805,0.05450500000000001,2.3,0.3500000000000001,0.118,0.3500000000000001,0.116
0.0881,0.05411000000000001,2.1,0.3500000000000001,0.118,0.3500000000000001,0.11299999999999999
0.08815,0.05803000000000001,2.1,0.3500000000000001,0.12000000000000001,0.3500000000000001,0.11299999999999999
0.0882,0.06727250000000001,2.3499999999999996,0.3500000000000001,0.12300000000000001,0.3500000000000001,0.115
0.08825000000000001,0.06666500000000002,2.3499999999999996,0.3500000000000001,0.12300000000000001,0.3500000000000001,0.111
0.0883,0.07598000000000002,2.6,0.3500000000000001,0.124,0.3500000000000001,0.114
0.08835,0.07527750000000002,2.6,0.3500000000000001,0.124,0.3500000000000001,0.10900000000000001
0.0884,0.07934750000000002,2.75,0.3500000000000001,0.125,0.3500000000000001,0.108
0.08845,0.08800750000000002,3.0500000000000003,0.3500000000000001,0.125,0.3500000000000001,0.111
0.08850000000000001,0.08687750000000002,3.0500000000000003,0.3500000000000001,0.125,0.3500000000000001,0.106
0.08855,0.09497000000000003,3.35,0.3500000000000001,0.125,0.3500000000000001,0.10900000000000001
0.0886,0.09353500000000002,3.35,0.3500000000000001,0.125,0.3500000000000001,0.104
0.08865,0.09656000000000002,3.45,0.3500000000000001,0.124,0.3500000000000001,0.103
0.0887,0.10374000000000003,3.75,0.3500000000000001,0.124,0.3500000000000001,0.106
0.08875000000000001,0.10161000000000002,3.75,0.3500000000000001,0.12300000000000001,0.3500000000000001,0.102
0.0888,0.10776000000000002,4.050000000000001,0.3500000000000001,0.122,0.3500000000000001,0.104
0.08885,0.10489250000000003,4.050000000000001,0.3500000000000001,0.121,0.3500000000000001,0.1
0.0889,0.10636750000000003,4.15,0.3500000000000001,0.12000000000000001,0.3500000000000001,0.09899999999999999
0.08895,0.11165750000000003,4.45,0.3500000000000001,0.118,0.3500000000000001,0.102
0.08900000000000001,0.10821750000000002,4.45,0.3500000000000001,0.117,0.3500000000000001,0.098
0.08905,0.10865250000000003,4.6000000000000005,0.3500000000000001,0.115,0.3500000000000001,0.097
0.0891,0.11296250000000004,4.9,0.3500000000000001,0.114,0.3500000000000001,0.1
0.08915000000000001,0.10877000000000003,4.85,0.3500000000000001,0.11299999999999999,0.3500000000000001,0.096
0.0892,0.11345500000000003,5.1499999999999995,0.3500000000000001,0.111,0.3500000000000001,0.09899999999999999
0.08925000000000001,0.10968500000000003,5.1499999999999995,0.3500000000000001,0.11,0.3500000000000001,0.095
0.0893,0.10970250000000002,5.25,0.3500000000000001,0.10900000000000001,0.3500000000000001,0.095
0.08935,0.11327750000000003,5.5,0.3500000000000001,0.108,0.3500000000000001,0.098
0.08940000000000001,0.10862750000000003,5.5,0.3500000000000001,0.107,0.3500000000000001,0.094
0.08945,0.11143750000000002,5.75,0.3500000000000001,0.106,0.3500000000000001,0.097
0.08950000000000001,0.10610500000000003,5.75,0.3500000000000001,0.10500000000000001,0.3500000000000001,0.094
0.08955,0.10419250000000002,5.8500000000000005,0.3500000000000001,0.104,0.3500000000000001,0.093
0.0896,0.10553750000000002,6.1000000000000005,0.30000000000000027,0.103,0.30000000000000027,0.096
0.08965000000000001,0.09837500000000002,6.05,0.30000000000000027,0.103,0.30000000000000027,0.093
0.0897,0.09889500000000002,6.3,0.30000000000000027,0.102,0.30000000000000027,0.095
0.08975000000000001,0.09207750000000002,6.2,0.30000000000000027,0.101,0.30000000000000027,0.092
0.0898,0.08900500000000003,6.249999999999999,0.30000000000000027,0.101,0.30000000000000027,0.092
0.08985,0.08951500000000003,6.3500000000000005,0.30000000000000027,0.1,0.30000000000000027,0.095
0.08990000000000001,0.08276500000000002,6.050000000000001,0.30000000000000027,0.1,0.30000000000000027,0.092
0.08995,0.08385250000000002,6.0,0.30000000000000027,0.09899999999999999,0.30000000000000027,0.094
0.09000000000000001,0.07789000000000001,5.65,0.30000000000000027,0.09899999999999999,0.30000000000000027,0.091
0.09005,0.07590750000000002,5.449999999999999,0.30000000000000027,0.098,0.30000000000000027,0.091
0.0901,0.07780750000000002,5.45,0.30000000000000027,0.098,0.30000000000000027,0.093
0.09015000000000001,0.07256750000000002,5.2,0.30000000000000027,0.098,0.30000000000000027,0.091
0.0902,0.07472250000000003,5.199999999999999,0.30000000000000027,0.097,0.30000000000000027,0.093
0.09025000000000001,0.06978000000000002,4.95,0.30000000000000027,0.097,0.30000000000000027,0.09000000000000001
0.0903,0.06856500000000001,4.9,0.30000000000000027,0.097,0.30000000000000027,0.09000000000000001
0.09035,0.07099750000000002,4.949999999999999,0.30000000000000027,0.096,0.30000000000000027,0.092
0.09040000000000001,0.06632500000000002,4.749999999999999,0.30000000000000027,0.096,0.30000000000000027,0.09000000000000001
0.09045,0.06887750000000002,4.8,0.30000000000000027,0.096,0.30000000000000027,0.092
0.09050000000000001,0.06436750000000002,4.6,0.30000000000000027,0.096,0.30000000000000027,0.089
0.09055,0.06349250000000002,4.550000000000001,0.30000000000000027,0.095,0.30000000000000027,0.089
0.0906,0.06608250000000002,4.6499999999999995,0.30000000000000027,0.095,0.30000000000000027,0.091
0.09065000000000001,0.06177500000000002,4.449999999999999,0.30000000000000027,0.095,0.30000000000000027,0.089
0.0907,0.06432000000000002,4.55,0.30000000000000027,0.095,0.30000000000000027,0.091
0.09075000000000001,0.06010500000000001,4.4,0.30000000000000027,0.094,0.30000000000000027,0.088
0.0908,0.05920750000000002,4.3500000000000005,0.30000000000000027,0.094,0.30000000000000027,0.088
0.09085,0.061057500000000015,4.399999999999999,0.3500000000000001,0.094,0.0,0.0
0.09090000000000001,0.05696250000000001,4.199999999999998,0.3500000000000001,0.094,0.3500000000000001,0.08399999999999999
0.09095,0.05694750000000001,3.999999999999999,0.40000000000000036,0.093,0.40000000000000036,0.091
0.091,0.052787500000000015,3.8,0.40000000000000036,0.093,0.40000000000000036,0.092
0.09105,0.050685000000000015,3.5999999999999996,0.40000000000000036,0.092,0.40000000000000036,0.092
0.0911,0.051115000000000015,3.45,0.40000000000000036,0.096,0.40000000000000036,0.096
0.09115000000000001,0.04761250000000001,3.249999999999999,0.40000000000000036,0.096,0.40000000000000036,0.096
0.0912,0.049532500000000014,3.0999999999999996,0.40000000000000036,0.10500000000000001,0.40000000000000036,0.10500000000000001
0.09125,0.046625000000000014,2.8500000000000005,0.40000000000000036,0.10500000000000001,0.40000000000000036,0.10500000000000001
0.0913,0.04663000000000001,2.700000000000001,0.40000000000000036,0.10900000000000001,0.40000000000000036,0.10900000000000001
0.09135,0.050892500000000014,2.5,0.40000000000000036,0.115,0.40000000000000036,0.115
0.09140000000000001,0.04961500000000001,2.3500000000000005,0.40000000000000036,0.115,0.40000000000000036,0.11299999999999999
0.09145,0.05712750000000001,2.1500000000000004,0.3500000000000001,0.11900000000000001,0.3500000000000001,0.116
0.0915,0.056687500000000016,2.0500000000000007,0.3500000000000001,0.11900000000000001,0.3500000000000001,0.11299999999999999
0.09155,0.060920000000000016,2.200000000000001,0.3500000000000001,0.121,0.3500000000000001,0.112
0.0916,0.07015250000000002,2.450000000000001,0.3500000000000001,0.12300000000000001,0.3500000000000001,0.115
0.09165000000000001,0.06963750000000002,2.4000000000000004,0.3500000000000001,0.12300000000000001,0.3500000000000001,0.111
0.0917,0.07880500000000001,2.7,0.3500000000000001,0.125,0.3500000000000001,0.11299999999999999
0.09175,0.07807500000000002,2.7,0.3500000000000001,0.125,0.3500000000000001,0.10900000000000001
0.0918,0.08203000000000002,2.8499999999999996,0.3500000000000001,0.125,0.3500000000000001,0.108
0.09185,0.09044250000000002,3.1499999999999995,0.3500000000000001,0.125,0.3500000000000001,0.11
0.09190000000000001,0.08929250000000002,3.1499999999999995,0.3500000000000001,0.125,0.3500000000000001,0.106
0.09195,0.09717000000000002,3.4499999999999993,0.3500000000000001,0.125,0.3500000000000001,0.108
0.092,0.09566500000000003,3.4000000000000004,0.3500000000000001,0.125,0.3500000000000001,0.104
0.09205,0.09844750000000002,3.5500000000000007,0.3500000000000001,0.124,0.3500000000000001,0.103
0.0921,0.10536750000000003,3.8500000000000005,0.3500000000000001,0.12300000000000001,0.3500000000000001,0.10500000000000001
0.09215000000000001,0.10303750000000003,3.8500000000000005,0.3500000000000001,0.122,0.3500000000000001,0.101
0.0922,0.10884000000000003,4.150000000000001,0.3500000000000001,0.121,0.3500000000000001,0.104
0.09225,0.11034750000000003,4.300000000000002,0.3500000000000001,0.12000000000000001,0.3500000000000001,0.103
0.09230000000000001,0.10720250000000002,4.250000000000001,0.3500000000000001,0.11900000000000001,0.3500000000000001,0.09899999999999999
0.09235,0.11237000000000003,4.550000000000001,0.3500000000000001,0.117,0.3500000000000001,0.102
0.09240000000000001,0.10863250000000002,4.550000000000001,0.3500000000000001,0.116,0.3500000000000001,0.098
0.09245,0.10897750000000003,4.7,0.3500000000000001,0.114,0.3500000000000001,0.097
0.0925,0.11311000000000003,4.95,0.3500000000000001,0.11299999999999999,0.3500000000000001,0.1
0.09255000000000001,0.10932000000000003,4.95,0.3500000000000001,0.112,0.3500000000000001,0.096
0.0926,0.11369250000000003,5.25,0.3500000000000001,0.111,0.3500000000000001,0.09899999999999999
0.09265000000000001,0.10987000000000002,5.199999999999999,0.3500000000000001,0.10900000000000001,0.3500000000000001,0.095
0.0927,0.10959000000000002,5.299999999999999,0.3500000000000001,0.108,0.3500000000000001,0.095
0.09275,0.11290750000000002,5.599999999999999,0.3500000000000001,0.107,0.3500000000000001,0.097
0.09280000000000001,0.10810500000000002,5.55,0.3500000000000001,0.106,0.3500000000000001,0.094
0.09285,0.11069750000000003,5.85,0.3500000000000001,0.10500000000000001,0.3500000000000001,0.097
0.09290000000000001,0.10506000000000003,5.800000000000001,0.3500000000000001,0.10500000000000001,0.3500000000000001,0.094
0.09295,0.10281000000000003,5.9,0.2999999999999998,0.104,0.2999999999999998,0.093
0.093,0.10362500000000002,6.200000000000001,0.2999999999999998,0.103,0.2999999999999998,0.096
0.09305000000000001,0.09635500000000002,6.1,0.2999999999999998,0.102,0.2999999999999998,0.093
0.0931,0.09709500000000003,6.35,0.2999999999999998,0.102,0.2999999999999998,0.095
0.09315000000000001,0.09026250000000002,6.25,0.2999999999999998,0.101,0.2999999999999998,0.092
0.0932,0.08708500000000002,6.199999999999999,0.2999999999999998,0.1,0.2999999999999998,0.092
0.09325,0.08762750000000002,6.249999999999999,0.2999999999999998,0.1,0.2999999999999998,0.094
0.09330000000000001,0.08118250000000002,5.8999999999999995,0.2999999999999998,0.09899999999999999,0.2999999999999998,0.092
0.09335,0.08245750000000002,5.85,0.2999999999999998,0.09899999999999999,0.2999999999999998,0.094
0.09340000000000001,0.07673750000000001,5.5,0.2999999999999998,0.09899999999999999,0.2999999999999998,0.091
0.09345,0.07489500000000002,5.35,0.2999999999999998,0.098,0.2999999999999998,0.091
0.0935,0.07685000000000002,5.35,0.2999999999999998,0.098,0.2999999999999998,0.093
0.09355000000000001,0.07171750000000002,5.1,0.2999999999999998,0.098,0.2999999999999998,0.09000000000000001
0.0936,0.07394000000000002,5.15,0.2999999999999998,0.097,0.2999999999999998,0.093
0.09365000000000001,0.06908250000000002,4.9,0.2999999999999998,0.097,0.2999999999999998,0.09000000000000001
0.0937,0.06788500000000001,4.85,0.2999999999999998,0.097,0.2999999999999998,0.09000000000000001
0.09375,0.07036250000000002,4.9,0.2999999999999998,0.096,0.2999999999999998,0.092
0.09380000000000001,0.06577250000000001,4.699999999999999,0.2999999999999998,0.096,0.2999999999999998,0.09000000000000001
0.09385,0.06831750000000002,4.8,0.2999999999999998,0.096,0.2999999999999998,0.092
0.09390000000000001,0.06389250000000002,4.6,0.2999999999999998,0.095,0.2999999999999998,0.089
0.09395,0.06301750000000002,4.55,0.2999999999999998,0.095,0.2999999999999998,0.089
0.094,0.06564000000000002,4.65,0.2999999999999998,0.095,0.2999999999999998,0.091
0.09405000000000001,0.06136000000000002,4.449999999999999,0.2999999999999998,0.095,0.2999999999999998,0.089
0.0941,0.06382500000000002,4.55,0.2999999999999998,0.094,0.2999999999999998,0.091
0.09415,0.05960250000000002,4.35,0.2999999999999998,0.094,0.2999999999999998,0.088
0.0942,0.058642500000000014,4.3,0.2999999999999998,0.094,0.2999999999999998,0.088
0.09425,0.05989000000000001,4.300000000000001,0.39999999999999947,0.094,0.39999999999999947,0.085
0.09430000000000001,0.05583750000000001,4.1000000000000005,0.39999999999999947,0.093,0.39999999999999947,0.088
0.09435,0.05551000000000001,3.85,0.39999999999999947,0.093,0.39999999999999947,0.092
0.0944,0.05145000000000001,3.7,0.39999999999999947,0.093,0.39999999999999947,0.093
0.09445,0.049595000000000014,3.5,0.39999999999999947,0.092,0.39999999999999947,0.092
0.0945,0.050372500000000014,3.35,0.39999999999999947,0.09899999999999999,0.39999999999999947,0.09899999999999999
0.09455000000000001,0.047167500000000015,3.1500000000000004,0.39999999999999947,0.09899999999999999,0.39999999999999947,0.09899999999999999
0.0946,0.049555000000000016,3.0,0.39999999999999947,0.108,0.39999999999999947,0.108
0.09465,0.046612500000000015,2.75,0.39999999999999947,0.108,0.39999999999999947,0.108
0.0947,0.04716500000000001,2.6,0.39999999999999947,0.111,0.39999999999999947,0.111
0.09475,0.05260500000000001,2.4,0.39999999999999947,0.116,0.39999999999999947,0.116
0.09480000000000001,0.051650000000000015,2.25,0.34999999999999964,0.116,0.34999999999999964,0.11299999999999999
0.09485,0.060065000000000014,2.15,0.34999999999999964,0.12000000000000001,0.34999999999999964,0.116
0.0949,0.059532500000000016,2.15,0.34999999999999964,0.12000000000000001,0.34999999999999964,0.11299999999999999
0.09495,0.06379750000000002,2.25,0.34999999999999964,0.122,0.34999999999999964,0.112
0.095,0.07316250000000002,2.55,0.34999999999999964,0.124,0.34999999999999964,0.114
0.09505000000000001,0.07256000000000001,2.5,0.34999999999999964,0.124,0.34999999999999964,0.11
0.0951,0.08159500000000001,2.8,0.34999999999999964,0.125,0.34999999999999964,0.112
0.09515,0.08075000000000002,2.8,0.34999999999999964,0.125,0.34999999999999964,0.108
0.0952,0.08456500000000002,2.9499999999999997,0.34999999999999964,0.125,0.34999999999999964,0.107
0.09525,0.09285500000000002,3.25,0.34999999999999964,0.125,0.34999999999999964,0.10900000000000001
0.09530000000000001,0.09156250000000002,3.25,0.34999999999999964,0.125,0.34999999999999964,0.10500000000000001
0.09535,0.09924250000000003,3.5500000000000003,0.34999999999999964,0.125,0.34999999999999964,0.107
0.0954,0.10214000000000002,3.6500000000000004,0.34999999999999964,0.124,0.34999999999999964,0.107
0.09545000000000001,0.10020750000000002,3.6500000000000004,0.34999999999999964,0.124,0.34999999999999964,0.102
0.0955,0.10689500000000003,3.95,0.34999999999999964,0.12300000000000001,0.34999999999999964,0.10500000000000001
0.09555000000000001,0.10415750000000003,3.95,0.34999999999999964,0.122,0.34999999999999964,0.101
0.0956,0.10563000000000003,4.1000000000000005,0.34999999999999964,0.121,0.34999999999999964,0.1
0.09565,0.11130500000000003,4.3500000000000005,0.34999999999999964,0.11900000000000001,0.34999999999999964,0.103
0.09570000000000001,0.10797000000000002,4.3500000000000005,0.34999999999999964,0.118,0.34999999999999964,0.09899999999999999
0.09575,0.11281250000000002,4.65,0.34999999999999964,0.116,0.34999999999999964,0.101
0.09580000000000001,0.10902000000000003,4.65,0.34999999999999964,0.115,0.34999999999999964,0.097
0.09585,0.10912750000000003,4.749999999999999,0.34999999999999964,0.114,0.34999999999999964,0.097
0.0959,0.11327750000000003,5.05,0.34999999999999964,0.112,0.34999999999999964,0.09899999999999999
0.09595000000000001,0.10970750000000003,5.05,0.34999999999999964,0.111,0.34999999999999964,0.096
0.096,0.11396500000000002,5.35,0.34999999999999964,0.11,0.34999999999999964,0.098
0.09605000000000001,0.10984750000000003,5.3,0.34999999999999964,0.10900000000000001,0.34999999999999964,0.095
0.0961,0.10937000000000002,5.3999999999999995,0.34999999999999964,0.108,0.34999999999999964,0.095
0.09615,0.11251000000000003,5.6499999999999995,0.34999999999999964,0.107,0.34999999999999964,0.097
0.09620000000000001,0.10738250000000003,5.6499999999999995,0.34999999999999964,0.106,0.34999999999999964,0.094
0.09625,0.10972750000000003,5.9,0.34999999999999964,0.10500000000000001,0.34999999999999964,0.096
0.09630000000000001,0.10377750000000002,5.9,0.34999999999999964,0.104,0.34999999999999964,0.093
0.09635,0.10110500000000003,6.0,0.2999999999999998,0.103,0.2999999999999998,0.093
0.0964,0.10143000000000002,6.249999999999999,0.2999999999999998,0.103,0.2999999999999998,0.096
0.09645000000000001,0.09449250000000002,6.1499999999999995,0.2999999999999998,0.102,0.2999999999999998,0.093
0.0965,0.09524000000000002,6.35,0.2999999999999998,0.101,0.2999999999999998,0.095
0.09655000000000001,0.08837250000000002,6.249999999999999,0.2999999999999998,0.101,0.2999999999999998,0.092
0.0966,0.08511500000000002,6.15,0.2999999999999998,0.1,0.2999999999999998,0.092
0.09665,0.08591000000000003,6.15,0.2999999999999998,0.1,0.2999999999999998,0.094
0.09670000000000001,0.07966750000000002,5.800000000000001,0.2999999999999998,0.09899999999999999,0.2999999999999998,0.091
0.09675,0.08119500000000002,5.75,0.2999999999999998,0.09899999999999999,0.2999999999999998,0.094
0.09680000000000001,0.07558750000000002,5.4,0.2999999999999998,0.098,0.2999999999999998,0.091
0.09685,0.07393000000000002,5.25,0.2999999999999998,0.098,0.2999999999999998,0.091
0.0969,0.07596750000000002,5.299999999999999,0.2999999999999998,0.098,0.2999999999999998,0.093
0.09695000000000001,0.07091250000000002,5.049999999999999,0.2999999999999998,0.097,0.2999999999999998,0.09000000000000001
0.097,0.07317750000000002,5.1,0.2999999999999998,0.097,0.2999999999999998,0.093
0.09705000000000001,0.06838250000000001,4.85,0.2999999999999998,0.097,0.2999999999999998,0.09000000000000001
0.0971,0.06727750000000002,4.8,0.2999999999999998,0.096,0.2999999999999998,0.09000000000000001
0.09715,0.06975750000000001,4.9,0.2999999999999998,0.096,0.2999999999999998,0.092
0.09720000000000001,0.06522000000000001,4.65,0.2999999999999998,0.096,0.2999999999999998,0.09000000000000001
0.09725,0.06784000000000001,4.749999999999999,0.2999999999999998,0.096,0.2999999999999998,0.092
0.09730000000000001,0.06340250000000001,4.55,0.2999999999999998,0.095,0.2999999999999998,0.089
0.09735,0.06253750000000001,4.500000000000001,0.2999999999999998,0.095,0.2999999999999998,0.089
0.0974,0.06513500000000001,4.6000000000000005,0.2999999999999998,0.095,0.2999999999999998,0.091
0.09745000000000001,0.06089500000000002,4.4,0.2999999999999998,0.095,0.2999999999999998,0.089
0.0975,0.06323000000000002,4.500000000000001,0.2999999999999998,0.094,0.2999999999999998,0.091
0.09755,0.059052500000000015,4.350000000000001,0.2999999999999998,0.094,0.2999999999999998,0.088
0.0976,0.05810750000000001,4.3,0.2999999999999998,0.094,0.0,0.0
0.09765,0.058607500000000014,4.149999999999999,0.40000000000000036,0.094,0.40000000000000036,0.089
0.09770000000000001,0.05445750000000001,3.9499999999999993,0.40000000000000036,0.093,0.40000000000000036,0.091
0.09775,0.054127500000000016,3.75,0.40000000000000036,0.093,0.40000000000000036,0.093
0.0978,0.050192500000000015,3.549999999999999,0.40000000000000036,0.092,0.40000000000000036,0.092
0.09785,0.048602500000000014,3.3999999999999995,0.40000000000000036,0.092,0.40000000000000036,0.092
0.0979,0.04995500000000001,3.2,0.40000000000000036,0.102,0.40000000000000036,0.102
0.09795000000000001,0.04683250000000001,3.05,0.40000000000000036,0.102,0.40000000000000036,0.102
0.098,0.04969000000000001,2.8000000000000007,0.40000000000000036,0.11,0.40000000000000036,0.11
0.09805,0.04695750000000001,2.6500000000000004,0.40000000000000036,0.11,0.40000000000000036,0.11
0.0981,0.04829250000000001,2.450000000000001,0.40000000000000036,0.11299999999999999,0.40000000000000036,0.112
0.09815,0.05460000000000002,2.3000000000000007,0.3500000000000001,0.118,0.3500000000000001,0.116
0.09820000000000001,0.05420500000000002,2.1000000000000005,0.3500000000000001,0.118,0.3500000000000001,0.11299999999999999
0.09825,0.06297750000000002,2.200000000000001,0.3500000000000001,0.121,0.3500000000000001,0.116
0.0983,0.062390000000000015,2.200000000000001,0.3500000000000001,0.121,0.3500000000000001,0.112
0.09835,0.06674500000000001,2.3500000000000005,0.3500000000000001,0.12300000000000001,0.3500000000000001,0.111
0.0984,0.07604500000000002,2.5999999999999996,0.3500000000000001,0.125,0.3500000000000001,0.114
0.09845000000000001,0.07536250000000001,2.5999999999999996,0.3500000000000001,0.125,0.3500000000000001,0.10900000000000001
0.0985,0.08430750000000002,2.8999999999999995,0.3500000000000001,0.125,0.3500000000000001,0.112
0.09855,0.08813250000000002,3.0500000000000007,0.3500000000000001,0.125,0.3500000000000001,0.111
0.09860000000000001,0.08700250000000002,3.0500000000000007,0.3500000000000001,0.125,0.3500000000000001,0.106
0.09865,0.09515000000000003,3.3500000000000005,0.3500000000000001,0.125,0.3500000000000001,0.10900000000000001
0.09870000000000001,0.09369250000000003,3.3500000000000005,0.3500000000000001,0.125,0.3500000000000001,0.104
0.09875,0.10125500000000003,3.6000000000000014,0.3500000000000001,0.125,0.3500000000000001,0.107
0.0988,0.10395750000000002,3.750000000000001,0.3500000000000001,0.124,0.3500000000000001,0.106
0.09885000000000001,0.10184500000000002,3.750000000000001,0.3500000000000001,0.12300000000000001,0.3500000000000001,0.102
0.0989,0.10812250000000002,4.050000000000002,0.3500000000000001,0.122,0.3500000000000001,0.104
0.09895000000000001,0.10524500000000003,4.050000000000002,0.3500000000000001,0.121,0.3500000000000001,0.1
0.099,0.10669750000000003,4.15,0.3500000000000001,0.12000000000000001,0.3500000000000001,0.1
0.09905,0.11202000000000002,4.45,0.3500000000000001,0.118,0.3500000000000001,0.102
0.09910000000000001,0.10856250000000003,4.45,0.3500000000000001,0.117,0.3500000000000001,0.098
0.09915,0.11320000000000002,4.75,0.3500000000000001,0.116,0.3500000000000001,0.101
0.09920000000000001,0.10922750000000003,4.75,0.3500000000000001,0.114,0.3500000000000001,0.097
0.09925,0.10913750000000003,4.85,0.3500000000000001,0.11299999999999999,0.3500000000000001,0.096
0.0993,0.11371000000000003,5.1499999999999995,0.3500000000000001,0.111,0.3500000000000001,0.09899999999999999
0.09935000000000001,0.10996750000000002,5.1499999999999995,0.3500000000000001,0.11,0.3500000000000001,0.095
0.0994,0.11398750000000003,5.349999999999999,0.3500000000000001,0.10900000000000001,0.3500000000000001,0.098
0.09945000000000001,0.10965750000000003,5.349999999999999,0.3500000000000001,0.108,0.3500000000000001,0.095
0.0995,0.10898250000000002,5.499999999999999,0.3500000000000001,0.107,0.3500000000000001,0.094
0.09955,0.11184000000000002,5.75,0.3500000000000001,0.106,0.3500000000000001,0.097
0.09960000000000001,0.10653000000000003,5.75,0.3500000000000001,0.10500000000000001,0.3500000000000001,0.094
0.09965,0.10851500000000003,6.000000000000001,0.3500000000000001,0.104,0.3500000000000001,0.096
0.09970000000000001,0.10225000000000002,5.95,0.30000000000000027,0.104,0.30000000000000027,0.093
0.09975,0.09902250000000003,6.049999999999999,0.30000000000000027,0.103,0.30000000000000027,0.093
0.0998,0.09943500000000002,6.299999999999999,0.30000000000000027,0.102,0.30000000000000027,0.095
0.09985000000000001,0.09263000000000002,6.199999999999999,0.30000000000000027,0.102,0.30000000000000027,0.092
0.0999,0.09332500000000002,6.400000000000002,0.30000000000000027,0.101,0.30000000000000027,0.095
0.09995000000000001,0.08633250000000002,6.200000000000001,0.30000000000000027,0.1,0.30000000000000027,0.092
0.1,0.08331500000000001,6.05,0.30000000000000027,0.1,0.30000000000000027,0.092
0.10005,0.08427500000000002,6.0,0.30000000000000027,0.09899999999999999,0.30000000000000027,0.094
0.10010000000000001,0.07835500000000002,5.649999999999999,0.30000000000000027,0.09899999999999999,0.30000000000000027,0.091
0.10015,0.07995000000000002,5.6,0.30000000000000027,0.09899999999999999,0.30000000000000027,0.094
0.10020000000000001,0.07458500000000001,5.3,0.30000000000000027,0.098,0.30000000000000027,0.091
0.10025,0.07300000000000002,5.199999999999999,0.30000000000000027,0.098,0.30000000000000027,0.091
0.1003,0.07505000000000002,5.25,0.30000000000000027,0.097,0.30000000000000027,0.093
0.10035000000000001,0.07018500000000001,5.0,0.30000000000000027,0.097,0.30000000000000027,0.09000000000000001
0.1004,0.07244000000000002,5.05,0.30000000000000027,0.097,0.30000000000000027,0.093
0.10045000000000001,0.06776750000000002,4.8,0.30000000000000027,0.097,0.30000000000000027,0.09000000000000001
0.1005,0.06670750000000002,4.75,0.30000000000000027,0.096,0.30000000000000027,0.09000000000000001
0.10055,0.06911250000000002,4.8500000000000005,0.30000000000000027,0.096,0.30000000000000027,0.092
0.10060000000000001,0.06468500000000002,4.6499999999999995,0.30000000000000027,0.096,0.30000000000000027,0.089
0.10065,0.06720750000000002,4.7,0.30000000000000027,0.095,0.30000000000000027,0.092
0.10070000000000001,0.06294500000000001,4.5,0.30000000000000027,0.095,0.30000000000000027,0.089
0.10075,0.06209000000000001,4.5,0.30000000000000027,0.095,0.30000000000000027,0.089
0.1008,0.06456500000000001,4.6000000000000005,0.30000000000000027,0.095,0.30000000000000027,0.091
0.10085000000000001,0.06043750000000001,4.3999999999999995,0.30000000000000027,0.094,0.30000000000000027,0.089
0.1009,0.06257250000000002,4.5,0.30000000000000027,0.094,0.30000000000000027,0.091
0.10095,0.05848750000000001,4.3,0.30000000000000027,0.094,0.0,0.0
0.101,0.05724000000000001,4.250000000000001,0.3500000000000001,0.094,0.3500000000000001,0.08399999999999999
0.10105,0.05714000000000002,4.0,0.3999999999999999,0.093,0.3999999999999999,0.091
0.10110000000000001,0.05309000000000001,3.8000000000000003,0.3999999999999999,0.093,0.3999999999999999,0.092
0.10115,0.05286750000000001,3.6500000000000004,0.3999999999999999,0.093,0.3999999999999999,0.093
0.1012,0.04923250000000001,3.45,0.3999999999999999,0.092,0.3999999999999999,0.092
0.10125,0.04783750000000001,3.3000000000000003,0.3999999999999999,0.096,0.3999999999999999,0.096
0.1013,0.049672500000000015,3.1,0.3999999999999999,0.10500000000000001,0.3999999999999999,0.10500000000000001
0.10135000000000001,0.04681500000000001,2.8499999999999996,0.3999999999999999,0.10500000000000001,0.3999999999999999,0.10500000000000001
0.1014,0.049810000000000014,2.6999999999999997,0.3999999999999999,0.112,0.3999999999999999,0.112
0.10145,0.04774750000000001,2.4999999999999996,0.3999999999999999,0.112,0.3999999999999999,0.111
0.1015,0.04972250000000001,2.3499999999999996,0.3999999999999999,0.115,0.3999999999999999,0.11299999999999999
0.10155,0.05717000000000001,2.1999999999999997,0.3500000000000001,0.11900000000000001,0.3500000000000001,0.116
0.10160000000000001,0.05674500000000002,2.05,0.3500000000000001,0.11900000000000001,0.3500000000000001,0.11299999999999999
0.10165,0.06591000000000001,2.3,0.3500000000000001,0.122,0.3500000000000001,0.116
0.1017,0.07022750000000001,2.4499999999999997,0.3500000000000001,0.12300000000000001,0.3500000000000001,0.115
0.10175000000000001,0.06972500000000002,2.4,0.3500000000000001,0.12300000000000001,0.3500000000000001,0.111
0.1018,0.07887750000000002,2.7,0.3500000000000001,0.125,0.3500000000000001,0.11299999999999999
0.10185000000000001,0.07815500000000002,2.7,0.3500000000000001,0.125,0.3500000000000001,0.10900000000000001
0.1019,0.08689500000000003,3.0,0.3500000000000001,0.125,0.3500000000000001,0.111
0.10195,0.09055250000000002,3.15,0.3500000000000001,0.125,0.3500000000000001,0.11
0.10200000000000001,0.08941000000000002,3.15,0.3500000000000001,0.125,0.3500000000000001,0.106
0.10205,0.09729500000000002,3.4499999999999997,0.3500000000000001,0.125,0.3500000000000001,0.108
0.10210000000000001,0.09580750000000002,3.4,0.3500000000000001,0.125,0.3500000000000001,0.104
0.10215,0.10308750000000003,3.7,0.3500000000000001,0.124,0.3500000000000001,0.106
0.1022,0.10551500000000003,3.85,0.3500000000000001,0.12300000000000001,0.3500000000000001,0.10500000000000001
0.10225000000000001,0.10328250000000003,3.85,0.3500000000000001,0.122,0.3500000000000001,0.101
0.1023,0.10906500000000002,4.15,0.3500000000000001,0.121,0.3500000000000001,0.104
0.10235000000000001,0.10631750000000002,4.15,0.3500000000000001,0.12000000000000001,0.3500000000000001,0.1
0.1024,0.10755250000000002,4.25,0.3500000000000001,0.11900000000000001,0.3500000000000001,0.09899999999999999
0.10245,0.10844500000000003,4.4,0.3500000000000001,0.117,0.3500000000000001,0.098
0.10250000000000001,0.10900000000000003,4.55,0.3500000000000001,0.116,0.3500000000000001,0.098
0.10255,0.10932250000000003,4.7,0.3500000000000001,0.115,0.3500000000000001,0.097
0.10260000000000001,0.10936750000000003,4.8,0.3500000000000001,0.11299999999999999,0.3500000000000001,0.097
0.10265,0.10957250000000003,4.95,0.3500000000000001,0.112,0.3500000000000001,0.096
0.1027,0.10995000000000003,5.1,0.3500000000000001,0.111,0.3500000000000001,0.096
0.10275000000000001,0.11015500000000003,5.2,0.3500000000000001,0.11,0.3500000000000001,0.095
0.1028,0.10983750000000003,5.35,0.3500000000000001,0.108,0.3500000000000001,0.095
0.10285000000000001,0.10937250000000003,5.449999999999999,0.3500000000000001,0.107,0.3500000000000001,0.095
0.1029,0.10846750000000002,5.55,0.3500000000000001,0.106,0.3500000000000001,0.094
0.10295,0.10721000000000003,5.7,0.3500000000000001,0.106,0.3500000000000001,0.094
0.10300000000000001,0.10549000000000003,5.800000000000001,0.3500000000000001,0.10500000000000001,0.3500000000000001,0.094
0.10305,0.10330250000000002,5.9,0.3500000000000001,0.104,0.3500000000000001,0.093
0.10310000000000001,0.10035250000000003,6.050000000000001,0.2999999999999998,0.103,0.2999999999999998,0.093
0.10315,0.09691000000000002,6.1000000000000005,0.2999999999999998,0.102,0.2999999999999998,0.093
0.1032,0.09382250000000002,6.2,0.2999999999999998,0.102,0.2999999999999998,0.093
0.10325000000000001,0.09077750000000002,6.250000000000001,0.2999999999999998,0.101,0.2999999999999998,0.092
0.1033,0.08762250000000002,6.25,0.2999999999999998,0.101,0.2999999999999998,0.092
0.10335000000000001,0.08443500000000002,6.15,0.2999999999999998,0.1,0.2999999999999998,0.092
0.1034,0.08160000000000002,5.949999999999999,0.2999999999999998,0.09899999999999999,0.2999999999999998,0.092
0.10345,0.07923250000000003,5.75,0.2999999999999998,0.09899999999999999,0.2999999999999998,0.091
0.10350000000000001,0.07712750000000002,5.549999999999999,0.2999999999999998,0.09899999999999999,0.2999999999999998,0.091
0.10355,0.07527500000000002,5.4,0.2999999999999998,0.098,0.2999999999999998,0.091
0.10360000000000001,0.07361500000000001,5.25,0.2999999999999998,0.098,0.2999999999999998,0.091
0.10365,0.07206500000000002,5.15,0.2999999999999998,0.098,0.2999999999999998,0.091
0.1037,0.07068250000000002,5.000000000000001,0.2999999999999998,0.097,0.2999999999999998,0.09000000000000001
0.10375000000000001,0.06940250000000002,4.949999999999999,0.2999999999999998,0.097,0.2999999999999998,0.09000000000000001
0.1038,0.06820000000000001,4.85,0.2999999999999998,0.097,0.2999999999999998,0.09000000000000001
0.10385000000000001,0.06711000000000002,4.800000000000001,0.2999999999999998,0.096,0.2999999999999998,0.09000000000000001
0.1039,0.06605000000000001,4.7,0.2999999999999998,0.096,0.2999999999999998,0.09000000000000001
0.10395,0.06511500000000002,4.6499999999999995,0.2999999999999998,0.096,0.2999999999999998,0.09000000000000001
0.10400000000000001,0.06420000000000002,4.6,0.2999999999999998,0.096,0.2999999999999998,0.089
0.10405,0.06331750000000001,4.55,0.2999999999999998,0.095,0.2999999999999998,0.089
0.1041,0.06245500000000002,4.500000000000001,0.2999999999999998,0.095,0.2999999999999998,0.089
0.10415,0.061592500000000015,4.449999999999998,0.2999999999999998,0.095,0.2999999999999998,0.089
0.1042,0.06076500000000001,4.400000000000001,0.2999999999999998,0.095,0.2999999999999998,0.089
0.10425000000000001,0.059870000000000013,4.35,0.2999999999999998,0.094,0.2999999999999998,0.088
0.1043,0.05890500000000001,4.3500000000000005,0.2999999999999998,0.094,0.2999999999999998,0.088
0.10435,0.05781500000000001,4.299999999999998,0.2999999999999998,0.094,0.2999999999999998,0.081
0.1044,0.05609250000000002,4.099999999999999,0.3999999999999999,0.094,0.3999999999999999,0.088
0.10445,0.053882500000000014,3.8999999999999995,0.3999999999999999,0.093,0.3999999999999999,0.092
0.10450000000000001,0.051690000000000014,3.6999999999999993,0.3999999999999999,0.093,0.3999999999999999,0.093
0.10455,0.04978750000000001,3.5,0.3999999999999999,0.092,0.3999999999999999,0.092
0.1046,0.048250000000000015,3.3499999999999996,0.3999999999999999,0.094,0.3999999999999999,0.094
0.10465,0.04737000000000001,3.1500000000000004,0.3999999999999999,0.09899999999999999,0.3999999999999999,0.09899999999999999
0.1047,0.046890000000000015,2.999999999999999,0.3999999999999999,0.104,0.3999999999999999,0.104
0.10475000000000001,0.04679750000000001,2.750000000000001,0.3999999999999999,0.108,0.3999999999999999,0.108
0.1048,0.04731500000000001,2.6000000000000005,0.3999999999999999,0.111,0.3999999999999999,0.111
0.10485,0.052675000000000013,2.4000000000000012,0.3999999999999999,0.116,0.3999999999999999,0.116
0.10490000000000001,0.05170750000000001,2.250000000000001,0.3500000000000001,0.116,0.3500000000000001,0.11299999999999999
0.10495,0.05543500000000001,2.0500000000000007,0.3500000000000001,0.11900000000000001,0.3500000000000001,0.11299999999999999
0.10500000000000001,0.05958250000000002,2.1500000000000004,0.3500000000000001,0.12000000000000001,0.3500000000000001,0.11299999999999999
0.10505,0.06386000000000001,2.250000000000001,0.3500000000000001,0.122,0.3500000000000001,0.112
0.1051,0.07322000000000002,2.5500000000000007,0.3500000000000001,0.124,0.3500000000000001,0.114
0.10515000000000001,0.07262750000000001,2.5,0.3500000000000001,0.124,0.3500000000000001,0.11
0.1052,0.07679750000000002,2.6500000000000004,0.3500000000000001,0.125,0.3500000000000001,0.10900000000000001
0.10525000000000001,0.08083500000000002,2.8,0.3500000000000001,0.125,0.3500000000000001,0.108
0.1053,0.08468000000000002,2.95,0.3500000000000001,0.125,0.3500000000000001,0.107
0.10535,0.08826750000000003,3.1000000000000005,0.3500000000000001,0.125,0.3500000000000001,0.106
0.10540000000000001,0.09165500000000003,3.25,0.3500000000000001,0.125,0.3500000000000001,0.10500000000000001
0.10545,0.09482500000000002,3.4000000000000004,0.3500000000000001,0.125,0.3500000000000001,0.104
0.10550000000000001,0.09778500000000002,3.500000000000001,0.3500000000000001,0.124,0.3500000000000001,0.103
0.10555,0.10040250000000002,3.6500000000000012,0.3500000000000001,0.124,0.3500000000000001,0.102
0.1056,0.10265750000000003,3.8000000000000007,0.3500000000000001,0.12300000000000001,0.3500000000000001,0.102
0.10565000000000001,0.10441250000000003,3.950000000000001,0.3500000000000001,0.122,0.3500000000000001,0.101
0.1057,0.10591000000000003,4.1000000000000005,0.3500000000000001,0.121,0.3500000000000001,0.1
0.10575000000000001,0.10726750000000003,4.2,0.3500000000000001,0.11900000000000001,0.3500000000000001,0.09899999999999999
0.1058,0.10827500000000002,4.3500000000000005,0.3500000000000001,0.118,0.3500000000000001,0.09899999999999999
0.10585,0.10890500000000003,4.5,0.3500000000000001,0.117,0.3500000000000001,0.098
0.10590000000000001,0.10930750000000003,4.65,0.3500000000000001,0.115,0.3500000000000001,0.097
0.10595,0.10941000000000002,4.749999999999999,0.3500000000000001,0.114,0.3500000000000001,0.097
0.10600000000000001,0.10938500000000002,4.8999999999999995,0.3500000000000001,0.112,0.3500000000000001,0.096
0.10605,0.10992750000000003,5.05,0.3500000000000001,0.111,0.3500000000000001,0.096
0.1061,0.11022250000000003,5.2,0.3500000000000001,0.11,0.3500000000000001,0.095
0.10615000000000001,0.11009750000000003,5.299999999999999,0.3500000000000001,0.10900000000000001,0.3500000000000001,0.095
0.1062,0.10967250000000003,5.399999999999999,0.3500000000000001,0.108,0.3500000000000001,0.095
0.10625000000000001,0.10889750000000002,5.5,0.3500000000000001,0.107,0.3500000000000001,0.094
0.1063,0.10770250000000002,5.6499999999999995,0.3500000000000001,0.106,0.3500000000000001,0.094
0.10635,0.10617750000000002,5.750000000000001,0.3500000000000001,0.10500000000000001,0.3500000000000001,0.094
0.10640000000000001,0.10422500000000003,5.900000000000001,0.3500000000000001,0.104,0.3500000000000001,0.093
0.10645,0.10158250000000002,6.0,0.30000000000000027,0.103,0.30000000000000027,0.093
0.10650000000000001,0.09811250000000002,6.1,0.30000000000000027,0.103,0.30000000000000027,0.093
0.10655,0.09490750000000002,6.15,0.30000000000000027,0.102,0.30000000000000027,0.093
0.1066,0.09190500000000003,6.2,0.30000000000000027,0.101,0.30000000000000027,0.092
0.10665000000000001,0.08878500000000002,6.249999999999998,0.30000000000000027,0.101,0.30000000000000027,0.092
0.1067,0.08554000000000002,6.199999999999999,0.30000000000000027,0.1,0.30000000000000027,0.092
0.10675000000000001,0.08258250000000002,6.0,0.30000000000000027,0.1,0.30000000000000027,0.092
0.1068,0.08008000000000003,5.800000000000001,0.30000000000000027,0.09899999999999999,0.30000000000000027,0.091
0.10685,0.07790000000000002,5.600000000000001,0.30000000000000027,0.09899999999999999,0.30000000000000027,0.091
0.10690000000000001,0.07594000000000002,5.45,0.30000000000000027,0.098,0.30000000000000027,0.091
0.10695,0.07421750000000002,5.300000000000001,0.30000000000000027,0.098,0.30000000000000027,0.091
0.10700000000000001,0.07263500000000002,5.15,0.30000000000000027,0.098,0.30000000000000027,0.091
0.10705,0.07121000000000002,5.049999999999999,0.30000000000000027,0.097,0.30000000000000027,0.09000000000000001
0.1071,0.06990500000000002,4.949999999999999,0.30000000000000027,0.097,0.30000000000000027,0.09000000000000001
0.10715000000000001,0.06866250000000002,4.9,0.30000000000000027,0.097,0.30000000000000027,0.09000000000000001
0.1072,0.06755750000000002,4.800000000000001,0.30000000000000027,0.097,0.30000000000000027,0.09000000000000001
0.10725000000000001,0.06648250000000001,4.75,0.30000000000000027,0.096,0.30000000000000027,0.09000000000000001
0.1073,0.06546000000000002,4.65,0.30000000000000027,0.096,0.30000000000000027,0.09000000000000001
0.10735,0.06449000000000002,4.6,0.30000000000000027,0.096,0.30000000000000027,0.089
0.10740000000000001,0.06363500000000001,4.55,0.30000000000000027,0.095,0.30000000000000027,0.089
0.10745,0.06279750000000002,4.5,0.30000000000000027,0.095,0.30000000000000027,0.089
0.1075,0.06193000000000001,4.45,0.30000000000000027,0.095,0.30000000000000027,0.089
0.10755,0.06112250000000002,4.4,0.30000000000000027,0.095,0.30000000000000027,0.089
0.1076,0.06025000000000001,4.3999999999999995,0.30000000000000027,0.094,0.30000000000000027,0.088
0.10765000000000001,0.059290000000000016,4.3500000000000005,0.30000000000000027,0.094,0.30000000000000027,0.088
0.1077,0.05830000000000001,4.3,0.30000000000000027,0.094,0.0,0.0
0.10775,0.05673750000000002,4.15,0.3500000000000001,0.094,0.3500000000000001,0.08600000000000001
0.1078,0.054655000000000016,3.95,0.40000000000000036,0.093,0.40000000000000036,0.091
0.10785,0.052420000000000015,3.75,0.40000000000000036,0.093,0.40000000000000036,0.093
0.10790000000000001,0.05040250000000001,3.6,0.40000000000000036,0.092,0.40000000000000036,0.092
0.10795,0.04879500000000001,3.4,0.40000000000000036,0.092,0.40000000000000036,0.092
0.108,0.05005000000000001,3.2,0.40000000000000036,0.102,0.40000000000000036,0.102
0.10805000000000001,0.04696000000000001,3.05,0.40000000000000036,0.102,0.40000000000000036,0.102
0.1081,0.04687250000000001,2.8,0.40000000000000036,0.106,0.40000000000000036,0.106
0.10815000000000001,0.04708500000000001,2.65,0.40000000000000036,0.11,0.40000000000000036,0.11
0.1082,0.048375000000000015,2.4499999999999997,0.40000000000000036,0.11299999999999999,0.40000000000000036,0.112
0.10825,0.05466500000000001,2.3,0.40000000000000036,0.118,0.40000000000000036,0.116
0.10830000000000001,0.054265000000000015,2.15,0.3500000000000001,0.118,0.3500000000000001,0.11299999999999999
0.10835,0.05817000000000001,2.1,0.3500000000000001,0.12000000000000001,0.3500000000000001,0.11299999999999999
0.10840000000000001,0.06242250000000001,2.1999999999999997,0.3500000000000001,0.121,0.3500000000000001,0.112
0.10845,0.06678750000000001,2.3499999999999996,0.3500000000000001,0.12300000000000001,0.3500000000000001,0.111
0.1085,0.07609500000000002,2.6,0.3500000000000001,0.125,0.3500000000000001,0.114
0.10855000000000001,0.07542500000000002,2.6,0.3500000000000001,0.125,0.3500000000000001,0.10900000000000001
0.1086,0.07956500000000002,2.75,0.3500000000000001,0.125,0.3500000000000001,0.108
0.10865000000000001,0.08344750000000002,2.9,0.3500000000000001,0.125,0.3500000000000001,0.107
0.1087,0.08708500000000002,3.0500000000000003,0.3500000000000001,0.125,0.3500000000000001,0.106
0.10875,0.09060250000000002,3.2,0.3500000000000001,0.125,0.3500000000000001,0.10500000000000001
0.10880000000000001,0.09382750000000002,3.35,0.3500000000000001,0.125,0.3500000000000001,0.104
0.10885,0.09685500000000002,3.45,0.3500000000000001,0.125,0.3500000000000001,0.104
0.10890000000000001,0.09962500000000002,3.6,0.3500000000000001,0.124,0.3500000000000001,0.103
0.10895,0.10203250000000003,3.75,0.3500000000000001,0.12300000000000001,0.3500000000000001,0.102
0.109,0.10397000000000002,3.9000000000000004,0.3500000000000001,0.122,0.3500000000000001,0.101
0.10905000000000001,0.10546000000000003,4.050000000000001,0.3500000000000001,0.121,0.3500000000000001,0.1
0.1091,0.10691000000000003,4.15,0.3500000000000001,0.12000000000000001,0.3500000000000001,0.1
0.10915000000000001,0.10801750000000003,4.300000000000001,0.3500000000000001,0.118,0.3500000000000001,0.09899999999999999
0.1092,0.10882000000000003,4.45,0.3500000000000001,0.117,0.3500000000000001,0.098
0.10925,0.10930500000000003,4.6000000000000005,0.3500000000000001,0.116,0.3500000000000001,0.098
0.10930000000000001,0.10948500000000003,4.750000000000001,0.3500000000000001,0.114,0.3500000000000001,0.097
0.10935,0.10941750000000003,4.85,0.3500000000000001,0.11299999999999999,0.3500000000000001,0.096
0.10940000000000001,0.10982000000000003,5.0,0.3500000000000001,0.112,0.3500000000000001,0.096
0.10945,0.11016250000000002,5.1499999999999995,0.3500000000000001,0.11,0.3500000000000001,0.095
0.1095,0.11023250000000002,5.25,0.3500000000000001,0.10900000000000001,0.3500000000000001,0.095
0.10955000000000001,0.10990750000000003,5.35,0.3500000000000001,0.108,0.3500000000000001,0.095
0.1096,0.10927250000000002,5.5,0.3500000000000001,0.107,0.3500000000000001,0.094
0.10965000000000001,0.10822250000000003,5.6000000000000005,0.3500000000000001,0.106,0.3500000000000001,0.094
0.1097,0.10685000000000003,5.75,0.3500000000000001,0.10500000000000001,0.3500000000000001,0.094
0.10975,0.10500250000000003,5.8500000000000005,0.3500000000000001,0.10500000000000001,0.3500000000000001,0.094
0.10980000000000001,0.10261750000000003,5.95,0.2999999999999998,0.104,0.2999999999999998,0.093
0.10985,0.09944250000000003,6.05,0.2999999999999998,0.103,0.2999999999999998,0.093
0.10990000000000001,0.09610750000000003,6.1499999999999995,0.2999999999999998,0.102,0.2999999999999998,0.093
0.10995,0.09303500000000002,6.2,0.2999999999999998,0.102,0.2999999999999998,0.092
0.11,0.08995750000000002,6.249999999999999,0.2999999999999998,0.101,0.2999999999999998,0.092
0.11005000000000001,0.08674500000000002,6.2,0.2999999999999998,0.1,0.2999999999999998,0.092
0.1101,0.08363500000000001,6.1,0.2999999999999998,0.1,0.2999999999999998,0.092
0.11015000000000001,0.08097000000000001,5.8999999999999995,0.2999999999999998,0.09899999999999999,0.2999999999999998,0.092
0.1102,0.07864750000000002,5.65,0.2999999999999998,0.09899999999999999,0.2999999999999998,0.091
0.11025,0.07663750000000003,5.5,0.2999999999999998,0.09899999999999999,0.2999999999999998,0.091
0.11030000000000001,0.07485500000000002,5.35,0.2999999999999998,0.098,0.2999999999999998,0.091
0.11035,0.07320000000000002,5.2,0.2999999999999998,0.098,0.2999999999999998,0.091
0.11040000000000001,0.07173750000000002,5.1,0.2999999999999998,0.098,0.2999999999999998,0.091
0.11045,0.07037250000000002,5.0,0.2999999999999998,0.097,0.2999999999999998,0.09000000000000001
0.1105,0.06913000000000001,4.9,0.2999999999999998,0.097,0.2999999999999998,0.09000000000000001
0.11055000000000001,0.06797250000000002,4.8500000000000005,0.2999999999999998,0.097,0.2999999999999998,0.09000000000000001
0.1106,0.06689750000000001,4.749999999999999,0.2999999999999998,0.096,0.2999999999999998,0.09000000000000001
0.11065000000000001,0.06583000000000001,4.699999999999999,0.2999999999999998,0.096,0.2999999999999998,0.09000000000000001
0.1107,0.06491750000000002,4.65,0.2999999999999998,0.096,0.2999999999999998,0.089
0.11075,0.06400500000000002,4.6000000000000005,0.2999999999999998,0.096,0.2999999999999998,0.089
0.11080000000000001,0.06312750000000002,4.549999999999999,0.2999999999999998,0.095,0.2999999999999998,0.089
0.11085,0.06227500000000002,4.499999999999999,0.2999999999999998,0.095,0.2999999999999998,0.089
0.1109,0.06475500000000002,4.6,0.2999999999999998,0.095,0.2999999999999998,0.091
0.11095000000000001,0.06057750000000001,4.4,0.2999999999999998,0.095,0.2999999999999998,0.089
0.111,0.05964750000000001,4.3500000000000005,0.2999999999999998,0.094,0.2999999999999998,0.088
0.11105000000000001,0.05864000000000001,4.300000000000001,0.2999999999999998,0.094,0.0,0.0
0.1111,0.05739750000000001,4.249999999999999,0.34999999999999964,0.094,0.34999999999999964,0.08399999999999999
0.11115,0.05728750000000001,3.999999999999999,0.39999999999999947,0.093,0.39999999999999947,0.091
0.11120000000000001,0.05320000000000001,3.8,0.39999999999999947,0.093,0.39999999999999947,0.092
0.11125,0.051072500000000014,3.6499999999999995,0.39999999999999947,0.093,0.39999999999999947,0.093
0.11130000000000001,0.04934750000000001,3.45,0.39999999999999947,0.092,0.39999999999999947,0.092
0.11135,0.04795000000000001,3.3,0.39999999999999947,0.096,0.39999999999999947,0.096
0.1114,0.04980250000000001,3.0999999999999996,0.39999999999999947,0.10500000000000001,0.39999999999999947,0.10500000000000001
0.11145000000000001,0.04691250000000001,2.9000000000000004,0.39999999999999947,0.10500000000000001,0.39999999999999947,0.10500000000000001
0.1115,0.04693250000000001,2.700000000000001,0.39999999999999947,0.10900000000000001,0.39999999999999947,0.10900000000000001
0.11155000000000001,0.04780750000000001,2.5500000000000007,0.39999999999999947,0.112,0.39999999999999947,0.111
0.1116,0.04978500000000001,2.3500000000000005,0.39999999999999947,0.115,0.39999999999999947,0.11299999999999999
0.11165,0.057215000000000016,2.200000000000001,0.34999999999999964,0.11900000000000001,0.34999999999999964,0.116
0.11170000000000001,0.056782500000000014,2.0500000000000007,0.34999999999999964,0.11900000000000001,0.34999999999999964,0.11299999999999999
0.11175,0.06104000000000002,2.200000000000001,0.34999999999999964,0.121,0.34999999999999964,0.11299999999999999
0.11180000000000001,0.06532250000000002,2.3000000000000007,0.34999999999999964,0.122,0.34999999999999964,0.112
0.11185,0.06977500000000002,2.450000000000001,0.34999999999999964,0.12300000000000001,0.34999999999999964,0.111
0.1119,0.07892250000000002,2.7,0.34999999999999964,0.125,0.34999999999999964,0.11299999999999999
0.11195000000000001,0.07823000000000002,2.7,0.34999999999999964,0.125,0.34999999999999964,0.10900000000000001
0.112,0.08218750000000002,2.8499999999999996,0.34999999999999964,0.125,0.34999999999999964,0.108
0.11205000000000001,0.08590500000000002,3.0,0.34999999999999964,0.125,0.34999999999999964,0.107
0.1121,0.08947250000000002,3.1499999999999995,0.34999999999999964,0.125,0.34999999999999964,0.106
0.11215,0.09280250000000002,3.3,0.34999999999999964,0.125,0.34999999999999964,0.10500000000000001
0.11220000000000001,0.09591500000000003,3.4000000000000004,0.34999999999999964,0.125,0.34999999999999964,0.104
0.11225,0.09875500000000002,3.5500000000000007,0.34999999999999964,0.124,0.34999999999999964,0.103
0.11230000000000001,0.10126250000000002,3.700000000000001,0.34999999999999964,0.12300000000000001,0.34999999999999964,0.102
0.11235,0.10342250000000003,3.8500000000000005,0.34999999999999964,0.12300000000000001,0.34999999999999964,0.101
0.1124,0.10496250000000003,4.000000000000001,0.34999999999999964,0.121,0.34999999999999964,0.101
0.11245000000000001,0.10647250000000003,4.150000000000001,0.34999999999999964,0.12000000000000001,0.34999999999999964,0.1
0.1125,0.10773750000000003,4.250000000000001,0.34999999999999964,0.11900000000000001,0.34999999999999964,0.09899999999999999
0.11255000000000001,0.10863250000000002,4.4,0.34999999999999964,0.118,0.34999999999999964,0.098
0.1126,0.10921000000000003,4.550000000000001,0.34999999999999964,0.116,0.34999999999999964,0.098
0.11265,0.10949500000000002,4.7,0.34999999999999964,0.115,0.34999999999999964,0.097
0.11270000000000001,0.10954750000000003,4.8,0.34999999999999964,0.11299999999999999,0.34999999999999964,0.097
0.11275,0.10969500000000003,4.95,0.34999999999999964,0.112,0.34999999999999964,0.096
0.11280000000000001,0.11010250000000003,5.1,0.34999999999999964,0.111,0.34999999999999964,0.096
0.11285,0.11029000000000003,5.199999999999999,0.34999999999999964,0.11,0.34999999999999964,0.095
0.1129,0.11010000000000003,5.349999999999999,0.34999999999999964,0.10900000000000001,0.34999999999999964,0.095
0.11295000000000001,0.10953750000000002,5.449999999999999,0.34999999999999964,0.108,0.34999999999999964,0.095
0.113,0.10868750000000003,5.55,0.34999999999999964,0.107,0.34999999999999964,0.094
0.11305000000000001,0.10741500000000002,5.7,0.34999999999999964,0.106,0.34999999999999964,0.094
0.1131,0.10571250000000003,5.800000000000001,0.34999999999999964,0.10500000000000001,0.34999999999999964,0.094
0.11315,0.10354250000000002,5.9,0.34999999999999964,0.104,0.34999999999999964,0.093
0.11320000000000001,0.10065500000000002,6.050000000000001,0.2999999999999998,0.103,0.2999999999999998,0.093
0.11325,0.09721750000000003,6.1,0.2999999999999998,0.103,0.2999999999999998,0.093
0.11330000000000001,0.09413000000000002,6.2,0.2999999999999998,0.102,0.2999999999999998,0.093
0.11335,0.09104500000000003,6.25,0.2999999999999998,0.101,0.2999999999999998,0.092
0.1134,0.08791250000000002,6.25,0.2999999999999998,0.101,0.2999999999999998,0.092
0.11345000000000001,0.08467500000000003,6.15,0.2999999999999998,0.1,0.2999999999999998,0.092
0.1135,0.08187250000000001,5.95,0.2999999999999998,0.1,0.2999999999999998,0.092
0.11355000000000001,0.07945250000000002,5.75,0.2999999999999998,0.09899999999999999,0.2999999999999998,0.091
0.1136,0.07733500000000001,5.550000000000001,0.2999999999999998,0.09899999999999999,0.2999999999999998,0.091
0.11365,0.07547750000000002,5.3999999999999995,0.2999999999999998,0.098,0.2999999999999998,0.091
0.11370000000000001,0.07381500000000002,5.25,0.2999999999999998,0.098,0.2999999999999998,0.091
0.11375,0.07227500000000002,5.15,0.2999999999999998,0.098,0.2999999999999998,0.091
0.11380000000000001,0.07086750000000001,5.050000000000001,0.2999999999999998,0.097,0.2999999999999998,0.09000000000000001
0.11385,0.06956500000000002,4.949999999999999,0.2999999999999998,0.097,0.2999999999999998,0.09000000000000001
0.1139,0.06837250000000002,4.85,0.2999999999999998,0.097,0.2999999999999998,0.09000000000000001
0.11395000000000001,0.06731000000000002,4.800000000000001,0.2999999999999998,0.096,0.2999999999999998,0.09000000000000001
0.114,0.06623250000000001,4.699999999999999,0.2999999999999998,0.096,0.2999999999999998,0.09000000000000001
0.11405,0.06874000000000002,4.8,0.2999999999999998,0.096,0.2999999999999998,0.092
0.11410000000000001,0.06435000000000002,4.6,0.2999999999999998,0.096,0.2999999999999998,0.089
0.11415,0.06346750000000001,4.55,0.2999999999999998,0.095,0.2999999999999998,0.089
0.11420000000000001,0.06260000000000002,4.500000000000001,0.2999999999999998,0.095,0.2999999999999998,0.089
0.11425,0.06173500000000001,4.449999999999999,0.2999999999999998,0.095,0.2999999999999998,0.089
0.1143,0.06413500000000001,4.55,0.2999999999999998,0.095,0.2999999999999998,0.091
0.11435000000000001,0.06001500000000001,4.35,0.2999999999999998,0.094,0.2999999999999998,0.088
0.1144,0.05902250000000001,4.35,0.2999999999999998,0.094,0.2999999999999998,0.088
0.11445000000000001,0.057927500000000014,4.300000000000001,0.2999999999999998,0.094,0.2999999999999998,0.081
0.1145,0.05619000000000001,4.1000000000000005,0.40000000000000036,0.094,0.40000000000000036,0.088
0.11455,0.055797500000000014,3.9,0.40000000000000036,0.093,0.40000000000000036,0.092
0.11460000000000001,0.051795000000000015,3.7,0.40000000000000036,0.093,0.40000000000000036,0.093
0.11465,0.04990250000000001,3.5,0.40000000000000036,0.092,0.40000000000000036,0.092
0.11470000000000001,0.04837250000000001,3.35,0.40000000000000036,0.094,0.40000000000000036,0.094
0.11475,0.04746000000000001,3.1500000000000004,0.40000000000000036,0.09899999999999999,0.40000000000000036,0.09899999999999999
0.1148,0.04977250000000001,3.0,0.40000000000000036,0.108,0.40000000000000036,0.108
0.11485000000000001,0.046910000000000014,2.75,0.40000000000000036,0.108,0.40000000000000036,0.108
0.1149,0.04739750000000001,2.6,0.40000000000000036,0.111,0.40000000000000036,0.111
0.11495000000000001,0.04912000000000001,2.4,0.40000000000000036,0.114,0.40000000000000036,0.112
0.115,0.05176250000000001,2.25,0.3500000000000001,0.117,0.3500000000000001,0.11299999999999999
0.11505,0.060120000000000014,2.15,0.3500000000000001,0.12000000000000001,0.3500000000000001,0.116
0.11510000000000001,0.059595000000000016,2.15,0.3500000000000001,0.12000000000000001,0.3500000000000001,0.11299999999999999
0.11515,0.06389750000000001,2.25,0.3500000000000001,0.122,0.3500000000000001,0.112
0.11520000000000001,0.06828250000000002,2.4,0.3500000000000001,0.12300000000000001,0.3500000000000001,0.111
0.11525,0.07264500000000002,2.5,0.3500000000000001,0.124,0.3500000000000001,0.11
0.1153,0.07685500000000002,2.65,0.3500000000000001,0.125,0.3500000000000001,0.10900000000000001
0.11535000000000001,0.08089250000000002,2.8,0.3500000000000001,0.125,0.3500000000000001,0.108
0.1154,0.08473000000000003,2.9499999999999997,0.3500000000000001,0.125,0.3500000000000001,0.107
0.11545000000000001,0.08835250000000003,3.1,0.3500000000000001,0.126,0.3500000000000001,0.106
0.1155,0.09174500000000002,3.25,0.3500000000000001,0.125,0.3500000000000001,0.10500000000000001
0.11555,0.09489250000000002,3.4,0.3500000000000001,0.125,0.3500000000000001,0.104
0.11560000000000001,0.09785500000000003,3.5000000000000004,0.3500000000000001,0.124,0.3500000000000001,0.103
0.11565,0.10048750000000002,3.6500000000000004,0.3500000000000001,0.124,0.3500000000000001,0.102
0.11570000000000001,0.10278750000000003,3.8000000000000003,0.3500000000000001,0.12300000000000001,0.3500000000000001,0.102
0.11575,0.10453250000000003,3.95,0.3500000000000001,0.122,0.3500000000000001,0.101
0.1158,0.10605500000000002,4.1000000000000005,0.3500000000000001,0.121,0.3500000000000001,0.1
0.11585000000000001,0.10741500000000002,4.2,0.3500000000000001,0.11900000000000001,0.3500000000000001,0.09899999999999999
0.1159,0.10841750000000003,4.3500000000000005,0.3500000000000001,0.118,0.3500000000000001,0.09899999999999999
0.11595000000000001,0.10907250000000003,4.5,0.3500000000000001,0.117,0.3500000000000001,0.098
0.116,0.10947000000000003,4.65,0.3500000000000001,0.115,0.3500000000000001,0.097
0.11605,0.10956750000000003,4.749999999999999,0.3500000000000001,0.114,0.3500000000000001,0.097
0.11610000000000001,0.10949250000000003,4.8999999999999995,0.3500000000000001,0.112,0.3500000000000001,0.096
0.11615,0.11008000000000003,5.05,0.3500000000000001,0.111,0.3500000000000001,0.096
0.11620000000000001,0.11035250000000003,5.199999999999999,0.3500000000000001,0.11,0.3500000000000001,0.095
0.11625,0.11023750000000003,5.3,0.3500000000000001,0.10900000000000001,0.3500000000000001,0.095
0.1163,0.10982250000000003,5.3999999999999995,0.3500000000000001,0.108,0.3500000000000001,0.095
0.11635000000000001,0.10907750000000002,5.5,0.3500000000000001,0.107,0.3500000000000001,0.094
0.1164,0.10788000000000003,5.6499999999999995,0.3500000000000001,0.106,0.3500000000000001,0.094
0.11645000000000001,0.10639000000000003,5.75,0.3500000000000001,0.10500000000000001,0.3500000000000001,0.094
0.1165,0.10443250000000003,5.9,0.3500000000000001,0.104,0.3500000000000001,0.093
0.11655,0.10182500000000003,6.0,0.30000000000000027,0.104,0.30000000000000027,0.093
0.11660000000000001,0.09840000000000003,6.1,0.30000000000000027,0.103,0.30000000000000027,0.093
0.11665,0.09518500000000002,6.1499999999999995,0.30000000000000027,0.102,0.30000000000000027,0.093
0.11670000000000001,0.09213500000000002,6.25,0.30000000000000027,0.101,0.30000000000000027,0.092
0.11675,0.08904250000000002,6.249999999999999,0.30000000000000027,0.101,0.30000000000000027,0.092
0.1168,0.08581750000000002,6.2,0.30000000000000027,0.1,0.30000000000000027,0.092
0.11685000000000001,0.08284000000000002,6.05,0.30000000000000027,0.1,0.30000000000000027,0.092
0.1169,0.08030000000000002,5.800000000000001,0.30000000000000027,0.09899999999999999,0.30000000000000027,0.091
0.11695000000000001,0.07808250000000001,5.6000000000000005,0.30000000000000027,0.09899999999999999,0.30000000000000027,0.091
0.117,0.07613000000000002,5.45,0.30000000000000027,0.09899999999999999,0.30000000000000027,0.091
0.11705,0.07438250000000002,5.299999999999999,0.30000000000000027,0.098,0.30000000000000027,0.091
0.11710000000000001,0.07281500000000002,5.2,0.30000000000000027,0.098,0.30000000000000027,0.091
0.11715,0.07136750000000001,5.049999999999999,0.30000000000000027,0.097,0.30000000000000027,0.09000000000000001
0.11720000000000001,0.07358250000000002,5.1,0.30000000000000027,0.097,0.30000000000000027,0.093
0.11725000000000001,0.06882750000000001,4.899999999999999,0.30000000000000027,0.097,0.30000000000000027,0.09000000000000001
0.1173,0.06769000000000001,4.8,0.30000000000000027,0.097,0.30000000000000027,0.09000000000000001
0.11735000000000001,0.06664750000000001,4.75,0.30000000000000027,0.096,0.30000000000000027,0.09000000000000001
0.1174,0.06561500000000002,4.7,0.30000000000000027,0.096,0.30000000000000027,0.09000000000000001
0.11745,0.06806750000000002,4.749999999999999,0.30000000000000027,0.096,0.30000000000000027,0.092
0.11750000000000001,0.06375500000000002,4.55,0.30000000000000027,0.095,0.30000000000000027,0.089
0.11755,0.06292250000000002,4.500000000000001,0.30000000000000027,0.095,0.30000000000000027,0.089
0.11760000000000001,0.06204000000000002,4.45,0.30000000000000027,0.095,0.30000000000000027,0.089
0.11765,0.061245000000000015,4.45,0.30000000000000027,0.095,0.30000000000000027,0.089
0.1177,0.06354000000000001,4.550000000000001,0.30000000000000027,0.094,0.30000000000000027,0.091
0.11775000000000001,0.05939500000000002,4.350000000000001,0.30000000000000027,0.094,0.30000000000000027,0.088
0.1178,0.05841000000000002,4.3,0.30000000000000027,0.094,0.0,0.0
0.11785000000000001,0.056860000000000015,4.199999999999998,0.3500000000000001,0.094,0.3500000000000001,0.08600000000000001
0.1179,0.05476750000000001,3.9499999999999993,0.3999999999999999,0.093,0.3999999999999999,0.091
0.11795,0.05435250000000001,3.75,0.3999999999999999,0.093,0.3999999999999999,0.093
0.11800000000000001,0.05047250000000001,3.5999999999999996,0.3999999999999999,0.092,0.3999999999999999,0.092
0.11805,0.04889250000000001,3.3999999999999995,0.3999999999999999,0.092,0.3999999999999999,0.092
0.11810000000000001,0.04773000000000001,3.249999999999999,0.3999999999999999,0.097,0.3999999999999999,0.097
0.11815,0.04707250000000001,3.05,0.3999999999999999,0.102,0.3999999999999999,0.102
0.1182,0.049867500000000016,2.8500000000000005,0.3999999999999999,0.11,0.3999999999999999,0.11
0.11825000000000001,0.04717500000000001,2.6500000000000004,0.3999999999999999,0.11,0.3999999999999999,0.11
0.1183,0.04843500000000001,2.5,0.3999999999999999,0.11299999999999999,0.3999999999999999,0.112
0.11835000000000001,0.05068250000000001,2.3000000000000007,0.3999999999999999,0.116,0.3999999999999999,0.11299999999999999
0.1184,0.054292500000000014,2.1500000000000004,0.3500000000000001,0.118,0.3500000000000001,0.11299999999999999
0.11845,0.06304000000000001,2.200000000000001,0.3500000000000001,0.121,0.3500000000000001,0.116
0.11850000000000001,0.06245500000000002,2.200000000000001,0.3500000000000001,0.121,0.3500000000000001,0.112
0.11855,0.06682750000000001,2.3500000000000005,0.3500000000000001,0.12300000000000001,0.3500000000000001,0.111
0.11860000000000001,0.07123000000000002,2.4499999999999993,0.3500000000000001,0.124,0.3500000000000001,0.111
0.11865,0.07546500000000002,2.5999999999999996,0.3500000000000001,0.125,0.3500000000000001,0.11
0.1187,0.07961000000000001,2.75,0.3500000000000001,0.125,0.3500000000000001,0.108
0.11875000000000001,0.08351250000000002,2.8999999999999995,0.3500000000000001,0.125,0.3500000000000001,0.107
0.1188,0.08713250000000002,3.0500000000000007,0.3500000000000001,0.126,0.3500000000000001,0.106
0.11885000000000001,0.09066000000000002,3.2,0.3500000000000001,0.125,0.3500000000000001,0.10500000000000001
0.1189,0.09388750000000003,3.3500000000000005,0.3500000000000001,0.125,0.3500000000000001,0.104
0.11895,0.09692000000000002,3.450000000000001,0.3500000000000001,0.125,0.3500000000000001,0.104
0.11900000000000001,0.09970500000000003,3.6000000000000014,0.3500000000000001,0.124,0.3500000000000001,0.103
0.11905,0.10210250000000003,3.750000000000001,0.3500000000000001,0.12300000000000001,0.3500000000000001,0.102
0.11910000000000001,0.10409000000000003,3.9000000000000012,0.3500000000000001,0.122,0.3500000000000001,0.101
0.11915,0.10557250000000003,4.050000000000002,0.3500000000000001,0.121,0.3500000000000001,0.1
0.1192,0.10702250000000002,4.15,0.3500000000000001,0.12000000000000001,0.3500000000000001,0.1
0.11925000000000001,0.10813500000000002,4.300000000000001,0.3500000000000001,0.11900000000000001,0.3500000000000001,0.09899999999999999
0.1193,0.10895750000000003,4.45,0.3500000000000001,0.117,0.3500000000000001,0.098
0.11935000000000001,0.10944250000000003,4.6000000000000005,0.3500000000000001,0.116,0.3500000000000001,0.098
0.1194,0.10965250000000003,4.75,0.3500000000000001,0.114,0.3500000000000001,0.097
0.11945,0.10956000000000003,4.85,0.3500000000000001,0.11299999999999999,0.3500000000000001,0.097
0.11950000000000001,0.10988250000000002,4.999999999999999,0.3500000000000001,0.112,0.3500000000000001,0.096
0.11955,0.11023750000000003,5.1499999999999995,0.3500000000000001,0.11,0.3500000000000001,0.095
0.11960000000000001,0.11037750000000003,5.249999999999999,0.3500000000000001,0.10900000000000001,0.3500000000000001,0.095
0.11965,0.11001000000000002,5.349999999999999,0.3500000000000001,0.108,0.3500000000000001,0.095
0.1197,0.10937000000000002,5.499999999999999,0.3500000000000001,0.107,0.3500000000000001,0.094
0.11975000000000001,0.10836500000000003,5.6,0.3500000000000001,0.106,0.3500000000000001,0.094
0.1198,0.10703750000000002,5.75,0.3500000000000001,0.10500000000000001,0.3500000000000001,0.094
0.11985000000000001,0.10520500000000002,5.850000000000001,0.3500000000000001,0.10500000000000001,0.3500000000000001,0.094
0.1199,0.10282500000000003,5.95,0.3500000000000001,0.104,0.3500000000000001,0.093
0.11995,0.09965500000000002,6.049999999999999,0.2999999999999998,0.103,0.2999999999999998,0.093
0.12000000000000001,0.09628000000000002,6.149999999999999,0.2999999999999998,0.102,0.2999999999999998,0.093
0.12005,0.09327000000000002,6.199999999999999,0.2999999999999998,0.102,0.2999999999999998,0.092
0.12010000000000001,0.09014250000000003,6.250000000000002,0.2999999999999998,0.101,0.2999999999999998,0.092
0.12015,0.08697250000000002,6.200000000000001,0.2999999999999998,0.1,0.2999999999999998,0.092
0.1202,0.08383250000000002,6.1000000000000005,0.2999999999999998,0.1,0.2999999999999998,0.092
0.12025000000000001,0.08114750000000003,5.9,0.2999999999999998,0.09899999999999999,0.2999999999999998,0.092
0.1203,0.07884000000000002,5.700000000000001,0.2999999999999998,0.09899999999999999,0.2999999999999998,0.091
0.12035000000000001,0.08039500000000002,5.6499999999999995,0.2999999999999998,0.09899999999999999,0.2999999999999998,0.094
0.12040000000000001,0.07499250000000002,5.3500000000000005,0.2999999999999998,0.098,0.2999999999999998,0.091
0.12045,0.07335500000000002,5.199999999999999,0.2999999999999998,0.098,0.2999999999999998,0.091
0.12050000000000001,0.07188250000000002,5.1,0.2999999999999998,0.098,0.2999999999999998,0.091
0.12055,0.07049000000000001,5.0,0.2999999999999998,0.097,0.2999999999999998,0.09000000000000001
0.1206,0.07279000000000002,5.05,0.2999999999999998,0.097,0.2999999999999998,0.093
0.12065000000000001,0.06810250000000001,4.85,0.2999999999999998,0.097,0.2999999999999998,0.09000000000000001
0.1207,0.06701500000000002,4.75,0.2999999999999998,0.096,0.2999999999999998,0.09000000000000001
0.12075000000000001,0.06596000000000002,4.700000000000001,0.2999999999999998,0.096,0.2999999999999998,0.09000000000000001
0.1208,0.06504750000000002,4.6499999999999995,0.2999999999999998,0.096,0.2999999999999998,0.089
0.12085,0.06756250000000001,4.75,0.2999999999999998,0.096,0.2999999999999998,0.092
0.12090000000000001,0.06325250000000002,4.55,0.2999999999999998,0.095,0.2999999999999998,0.089
0.12095,0.06238500000000002,4.5,0.2999999999999998,0.095,0.2999999999999998,0.089
0.12100000000000001,0.06154000000000002,4.45,0.2999999999999998,0.095,0.2999999999999998,0.089
0.12105,0.06069500000000001,4.3999999999999995,0.2999999999999998,0.095,0.2999999999999998,0.089
0.1211,0.06280500000000001,4.5,0.2999999999999998,0.094,0.2999999999999998,0.091
0.12115000000000001,0.05874500000000001,4.3,0.2999999999999998,0.094,0.0,0.0
0.1212,0.05750250000000001,4.250000000000001,0.3500000000000001,0.094,0.3500000000000001,0.08399999999999999
0.12125000000000001,0.05553000000000002,4.0,0.3999999999999999,0.093,0.3999999999999999,0.09000000000000001
0.1213,0.053300000000000014,3.8000000000000003,0.3999999999999999,0.093,0.3999999999999999,0.092
0.12135,0.05306250000000001,3.6500000000000004,0.3999999999999999,0.093,0.3999999999999999,0.093
0.12140000000000001,0.04939750000000001,3.45,0.3999999999999999,0.092,0.3999999999999999,0.092
0.12145,0.04803000000000001,3.3000000000000003,0.3999999999999999,0.096,0.3999999999999999,0.096
0.12150000000000001,0.04724000000000001,3.1,0.3999999999999999,0.101,0.3999999999999999,0.101
0.12155,0.04699000000000001,2.9,0.3999999999999999,0.10500000000000001,0.3999999999999999,0.10500000000000001
0.1216,0.04999250000000001,2.6999999999999997,0.3999999999999999,0.112,0.3999999999999999,0.112
0.12165000000000001,0.04786250000000001,2.55,0.3999999999999999,0.112,0.3999999999999999,0.111
0.1217,0.04982000000000001,2.3499999999999996,0.3999999999999999,0.115,0.3999999999999999,0.11299999999999999
0.12175000000000001,0.05300000000000001,2.1999999999999997,0.3500000000000001,0.117,0.3500000000000001,0.11299999999999999
0.1218,0.056817500000000014,2.05,0.3500000000000001,0.11900000000000001,0.3500000000000001,0.11299999999999999
0.12185,0.06596750000000001,2.3,0.3500000000000001,0.122,0.3500000000000001,0.116
0.12190000000000001,0.06535000000000002,2.3,0.3500000000000001,0.122,0.3500000000000001,0.112
0.12195,0.06979500000000002,2.4499999999999997,0.3500000000000001,0.124,0.3500000000000001,0.111
0.12200000000000001,0.07404500000000001,2.5500000000000003,0.3500000000000001,0.124,0.3500000000000001,0.11
0.12205,0.07825000000000001,2.7,0.3500000000000001,0.125,0.3500000000000001,0.10900000000000001
0.1221,0.08221250000000002,2.85,0.3500000000000001,0.125,0.3500000000000001,0.108
0.12215000000000001,0.08592250000000003,3.0,0.3500000000000001,0.126,0.3500000000000001,0.107
0.1222,0.08954250000000002,3.15,0.3500000000000001,0.125,0.3500000000000001,0.106
0.12225000000000001,0.09285750000000002,3.3,0.3500000000000001,0.125,0.3500000000000001,0.10500000000000001
0.1223,0.09596750000000003,3.4,0.3500000000000001,0.125,0.3500000000000001,0.104
0.12235,0.09882750000000003,3.5500000000000003,0.3500000000000001,0.124,0.3500000000000001,0.103
0.12240000000000001,0.10133250000000002,3.7,0.3500000000000001,0.124,0.3500000000000001,0.102
0.12245,0.10353250000000003,3.85,0.3500000000000001,0.12300000000000001,0.3500000000000001,0.101
0.12250000000000001,0.10506750000000002,4.0,0.3500000000000001,0.122,0.3500000000000001,0.101
0.12255,0.10655250000000002,4.15,0.3500000000000001,0.12000000000000001,0.3500000000000001,0.1
0.1226,0.10785000000000003,4.25,0.3500000000000001,0.11900000000000001,0.3500000000000001,0.09899999999999999
0.12265000000000001,0.10875500000000003,4.4,0.3500000000000001,0.118,0.3500000000000001,0.098
0.1227,0.10934000000000003,4.55,0.3500000000000001,0.116,0.3500000000000001,0.098
0.12275000000000001,0.10964500000000003,4.7,0.3500000000000001,0.115,0.3500000000000001,0.097
0.1228,0.10966000000000002,4.8,0.3500000000000001,0.11299999999999999,0.3500000000000001,0.097
0.12285,0.10979500000000003,4.95,0.3500000000000001,0.112,0.3500000000000001,0.096
0.12290000000000001,0.11019750000000003,5.1,0.3500000000000001,0.111,0.3500000000000001,0.096
0.12295,0.11041500000000003,5.2,0.3500000000000001,0.11,0.3500000000000001,0.095
0.12300000000000001,0.11021250000000003,5.35,0.3500000000000001,0.10900000000000001,0.3500000000000001,0.095
0.12305,0.10965750000000003,5.449999999999999,0.3500000000000001,0.108,0.3500000000000001,0.095
0.1231,0.10882500000000003,5.55,0.3500000000000001,0.107,0.3500000000000001,0.094
0.12315000000000001,0.10754500000000003,5.7,0.3500000000000001,0.106,0.3500000000000001,0.094
0.1232,0.10582000000000003,5.800000000000001,0.3500000000000001,0.10500000000000001,0.3500000000000001,0.094
0.12325000000000001,0.10371250000000003,5.9,0.3500000000000001,0.104,0.3500000000000001,0.093
0.1233,0.10084750000000002,6.050000000000001,0.30000000000000027,0.103,0.30000000000000027,0.093
0.12335,0.09739500000000002,6.1000000000000005,0.30000000000000027,0.103,0.30000000000000027,0.093
0.12340000000000001,0.09429000000000003,6.2,0.30000000000000027,0.102,0.30000000000000027,0.093
0.12345,0.09123500000000002,6.250000000000001,0.30000000000000027,0.101,0.30000000000000027,0.092
0.12350000000000001,0.09171000000000003,6.4,0.30000000000000027,0.101,0.30000000000000027,0.095
0.12355000000000001,0.08485000000000002,6.15,0.30000000000000027,0.1,0.30000000000000027,0.092
0.1236,0.08205250000000001,5.949999999999999,0.30000000000000027,0.1,0.30000000000000027,0.092
0.12365000000000001,0.07957250000000002,5.75,0.30000000000000027,0.09899999999999999,0.30000000000000027,0.091
0.1237,0.07747750000000002,5.549999999999999,0.30000000000000027,0.09899999999999999,0.30000000000000027,0.091
0.12375000000000001,0.07915750000000002,5.550000000000001,0.30000000000000027,0.098,0.30000000000000027,0.094
0.12380000000000001,0.07396500000000002,5.25,0.30000000000000027,0.098,0.30000000000000027,0.091
0.12385,0.07239250000000001,5.15,0.30000000000000027,0.098,0.30000000000000027,0.091
0.12390000000000001,0.07100250000000002,5.050000000000001,0.30000000000000027,0.097,0.30000000000000027,0.09000000000000001
0.12395,0.06967250000000001,4.949999999999999,0.30000000000000027,0.097,0.30000000000000027,0.09000000000000001
0.124,0.07200000000000002,5.0,0.30000000000000027,0.097,0.30000000000000027,0.093
0.12405000000000001,0.06740750000000002,4.800000000000001,0.30000000000000027,0.096,0.30000000000000027,0.09000000000000001
0.1241,0.06635000000000002,4.750000000000001,0.30000000000000027,0.096,0.30000000000000027,0.09000000000000001
0.12415000000000001,0.06536250000000002,4.6499999999999995,0.30000000000000027,0.096,0.30000000000000027,0.09000000000000001
0.1242,0.06441250000000001,4.6,0.30000000000000027,0.096,0.30000000000000027,0.089
0.12425,0.06695750000000002,4.7,0.30000000000000027,0.095,0.30000000000000027,0.092
0.12430000000000001,0.06270000000000002,4.500000000000001,0.30000000000000027,0.095,0.30000000000000027,0.089
0.12435,0.06183250000000001,4.449999999999998,0.30000000000000027,0.095,0.30000000000000027,0.089
0.12440000000000001,0.060990000000000016,4.400000000000001,0.30000000000000027,0.095,0.30000000000000027,0.089
0.12445,0.06011000000000002,4.3999999999999995,0.30000000000000027,0.094,0.30000000000000027,0.088
0.1245,0.062030000000000016,4.499999999999999,0.30000000000000027,0.094,0.30000000000000027,0.09000000000000001
0.12455000000000001,0.05801500000000002,4.299999999999998,0.30000000000000027,0.094,0.30000000000000027,0.081
0.1246,0.05627250000000002,4.099999999999999,0.40000000000000036,0.094,0.40000000000000036,0.088
0.12465000000000001,0.05404000000000001,3.8999999999999995,0.40000000000000036,0.093,0.40000000000000036,0.092
0.1247,0.051865000000000015,3.6999999999999993,0.40000000000000036,0.093,0.40000000000000036,0.093
0.12475,0.05197750000000001,3.5,0.40000000000000036,0.094,0.40000000000000036,0.094
0.12480000000000001,0.04844250000000001,3.3499999999999996,0.40000000000000036,0.094,0.40000000000000036,0.094
0.12485,0.047527500000000014,3.1500000000000004,0.40000000000000036,0.09899999999999999,0.40000000000000036,0.09899999999999999
0.12490000000000001,0.047007500000000015,2.999999999999999,0.40000000000000036,0.104,0.40000000000000036,0.104
0.12495,0.04696250000000001,2.750000000000001,0.40000000000000036,0.108,0.40000000000000036,0.108
0.125,0.05062000000000001,2.6000000000000005,0.40000000000000036,0.114,0.40000000000000036,0.114
0.12505,0.052760000000000015,2.4000000000000012,0.40000000000000036,0.117,0.40000000000000036,0.116
0.12510000000000002,0.05178500000000001,2.250000000000001,0.3500000000000001,0.117,0.3500000000000001,0.11299999999999999
0.12515,0.05551000000000001,2.1000000000000005,0.3500000000000001,0.11900000000000001,0.3500000000000001,0.11299999999999999
0.1252,0.059627500000000014,2.1500000000000004,0.3500000000000001,0.12000000000000001,0.3500000000000001,0.11299999999999999
0.12525,0.06391750000000002,2.250000000000001,0.3500000000000001,0.122,0.3500000000000001,0.112
0.1253,0.07327250000000002,2.5500000000000007,0.3500000000000001,0.124,0.3500000000000001,0.114
0.12535000000000002,0.07267500000000002,2.5,0.3500000000000001,0.124,0.3500000000000001,0.11
0.1254,0.07688000000000002,2.6500000000000004,0.3500000000000001,0.125,0.3500000000000001,0.10900000000000001
0.12545,0.08092000000000002,2.8,0.3500000000000001,0.125,0.3500000000000001,0.108
0.1255,0.08476500000000002,2.95,0.3500000000000001,0.125,0.3500000000000001,0.107
0.12555,0.09306000000000002,3.25,0.3500000000000001,0.126,0.3500000000000001,0.11
0.12560000000000002,0.09178250000000002,3.25,0.3500000000000001,0.125,0.3500000000000001,0.10500000000000001
0.12565,0.09494250000000003,3.4000000000000004,0.3500000000000001,0.125,0.3500000000000001,0.104
0.1257,0.09790500000000002,3.500000000000001,0.3500000000000001,0.124,0.3500000000000001,0.103
0.12575,0.10055750000000002,3.6500000000000012,0.3500000000000001,0.124,0.3500000000000001,0.102
0.1258,0.10725500000000003,3.950000000000001,0.3500000000000001,0.12300000000000001,0.3500000000000001,0.10500000000000001
0.12585000000000002,0.10461000000000002,3.950000000000001,0.3500000000000001,0.122,0.3500000000000001,0.101
0.1259,0.10614750000000003,4.1000000000000005,0.3500000000000001,0.121,0.3500000000000001,0.1
0.12595,0.10750250000000003,4.2,0.3500000000000001,0.11900000000000001,0.3500000000000001,0.09899999999999999
0.126,0.10850250000000003,4.3500000000000005,0.3500000000000001,0.118,0.3500000000000001,0.09899999999999999
0.12605,0.11331250000000002,4.65,0.3500000000000001,0.117,0.3500000000000001,0.101
0.12610000000000002,0.10956500000000002,4.65,0.3500000000000001,0.115,0.3500000000000001,0.097
0.12615,0.10967250000000003,4.749999999999999,0.3500000000000001,0.114,0.3500000000000001,0.097
0.1262,0.10958250000000003,4.8999999999999995,0.3500000000000001,0.112,0.3500000000000001,0.096
0.12625,0.11015250000000003,5.05,0.3500000000000001,0.111,0.3500000000000001,0.096
0.1263,0.11436750000000002,5.35,0.3500000000000001,0.11,0.3500000000000001,0.098
0.12635000000000002,0.11032000000000003,5.299999999999999,0.3500000000000001,0.10900000000000001,0.3500000000000001,0.095
0.1264,0.10991500000000003,5.399999999999999,0.3500000000000001,0.108,0.3500000000000001,0.095
0.12645,0.10919500000000003,5.5,0.3500000000000001,0.107,0.3500000000000001,0.094
0.1265,0.10800750000000003,5.6499999999999995,0.3500000000000001,0.106,0.3500000000000001,0.094
0.12655,0.11032000000000003,5.900000000000001,0.3500000000000001,0.10500000000000001,0.3500000000000001,0.097
0.12660000000000002,0.10455250000000002,5.900000000000001,0.3500000000000001,0.104,0.3500000000000001,0.093
0.12665,0.10197750000000003,6.0,0.2999999999999998,0.104,0.2999999999999998,0.093
0.1267,0.09857500000000002,6.1,0.2999999999999998,0.103,0.2999999999999998,0.093
0.12675,0.09532750000000002,6.15,0.2999999999999998,0.102,0.2999999999999998,0.093
0.1268,0.09593250000000002,6.399999999999999,0.2999999999999998,0.101,0.2999999999999998,0.095
0.12685000000000002,0.08919750000000003,6.249999999999998,0.2999999999999998,0.101,0.2999999999999998,0.092
0.1269,0.08598750000000002,6.199999999999999,0.2999999999999998,0.1,0.2999999999999998,0.092
0.12695,0.08296250000000002,6.050000000000001,0.2999999999999998,0.1,0.2999999999999998,0.092
0.127,0.08041750000000002,5.800000000000001,0.2999999999999998,0.09899999999999999,0.2999999999999998,0.091
0.12705,0.08179750000000002,5.750000000000001,0.2999999999999998,0.09899999999999999,0.2999999999999998,0.094
0.12710000000000002,0.07625250000000001,5.45,0.2999999999999998,0.09899999999999999,0.2999999999999998,0.091
0.12715,0.07449000000000001,5.300000000000001,0.2999999999999998,0.098,0.2999999999999998,0.091
0.1272,0.07291000000000002,5.2,0.2999999999999998,0.098,0.2999999999999998,0.091
0.12725,0.07148250000000002,5.049999999999999,0.2999999999999998,0.098,0.2999999999999998,0.09000000000000001
0.1273,0.07367750000000002,5.15,0.2999999999999998,0.097,0.2999999999999998,0.093
0.12735000000000002,0.06895250000000001,4.9,0.2999999999999998,0.097,0.2999999999999998,0.09000000000000001
0.1274,0.06778500000000001,4.800000000000001,0.2999999999999998,0.097,0.2999999999999998,0.09000000000000001
0.12745,0.06672750000000002,4.75,0.2999999999999998,0.096,0.2999999999999998,0.09000000000000001
0.1275,0.06569500000000002,4.699999999999999,0.2999999999999998,0.096,0.2999999999999998,0.09000000000000001
0.12755,0.06817500000000001,4.8,0.2999999999999998,0.096,0.2999999999999998,0.092
0.12760000000000002,0.06385750000000001,4.55,0.2999999999999998,0.095,0.2999999999999998,0.089
0.12765,0.06298250000000001,4.5,0.2999999999999998,0.095,0.2999999999999998,0.089
0.1277,0.06213500000000002,4.5,0.2999999999999998,0.095,0.2999999999999998,0.089
0.12775,0.061330000000000016,4.45,0.2999999999999998,0.095,0.2999999999999998,0.089
0.1278,0.06362000000000001,4.55,0.2999999999999998,0.094,0.2999999999999998,0.091
0.12785000000000002,0.059455000000000015,4.3500000000000005,0.2999999999999998,0.094,0.2999999999999998,0.088
0.1279,0.05846750000000001,4.3,0.2999999999999998,0.094,0.0,0.0
0.12795,0.05694000000000001,4.2,0.34999999999999964,0.094,0.34999999999999964,0.08600000000000001
0.128,0.054820000000000015,3.95,0.3999999999999999,0.093,0.3999999999999999,0.091
0.12805,0.054425000000000015,3.75,0.3999999999999999,0.093,0.3999999999999999,0.093
0.12810000000000002,0.052517500000000016,3.6,0.3999999999999999,0.092,0.3999999999999999,0.092
0.12815000000000001,0.04896000000000001,3.4,0.3999999999999999,0.092,0.3999999999999999,0.092
0.1282,0.04777250000000001,3.25,0.3999999999999999,0.097,0.3999999999999999,0.097
0.12825,0.04714250000000001,3.05,0.3999999999999999,0.102,0.3999999999999999,0.102
0.1283,0.04991750000000001,2.8499999999999996,0.3999999999999999,0.11,0.3999999999999999,0.11
0.12835000000000002,0.05028000000000001,2.65,0.3999999999999999,0.11299999999999999,0.3999999999999999,0.11299999999999999
0.12840000000000001,0.048472500000000016,2.4999999999999996,0.3999999999999999,0.11299999999999999,0.3999999999999999,0.112
0.12845,0.05070250000000001,2.3,0.3999999999999999,0.116,0.3999999999999999,0.11299999999999999
0.1285,0.054320000000000014,2.15,0.3500000000000001,0.118,0.3500000000000001,0.11299999999999999
0.12855,0.06306750000000001,2.1999999999999997,0.3500000000000001,0.122,0.3500000000000001,0.116
0.12860000000000002,0.06745500000000001,2.3499999999999996,0.3500000000000001,0.12300000000000001,0.3500000000000001,0.116
0.12865000000000001,0.06684000000000001,2.3499999999999996,0.3500000000000001,0.12300000000000001,0.3500000000000001,0.111
0.1287,0.07124500000000002,2.4499999999999997,0.3500000000000001,0.124,0.3500000000000001,0.111
0.12875,0.07547000000000002,2.6,0.3500000000000001,0.125,0.3500000000000001,0.11
0.1288,0.08447250000000002,2.9,0.3500000000000001,0.125,0.3500000000000001,0.112
0.12885,0.08826750000000003,3.0500000000000003,0.3500000000000001,0.126,0.3500000000000001,0.111
0.12890000000000001,0.08715750000000003,3.0500000000000003,0.3500000000000001,0.126,0.3500000000000001,0.106
0.12895,0.09070750000000002,3.2,0.3500000000000001,0.125,0.3500000000000001,0.10500000000000001
0.129,0.09393750000000002,3.35,0.3500000000000001,0.125,0.3500000000000001,0.104
0.12905,0.10148500000000002,3.6,0.3500000000000001,0.125,0.3500000000000001,0.107
0.1291,0.10419500000000002,3.75,0.3500000000000001,0.124,0.3500000000000001,0.106
0.12915000000000001,0.10213750000000002,3.75,0.3500000000000001,0.12300000000000001,0.3500000000000001,0.102
0.1292,0.10416500000000002,3.9000000000000004,0.3500000000000001,0.122,0.3500000000000001,0.101
0.12925,0.10565750000000003,4.050000000000001,0.3500000000000001,0.121,0.3500000000000001,0.1
0.1293,0.11135250000000003,4.300000000000001,0.3500000000000001,0.12000000000000001,0.3500000000000001,0.103
0.12935,0.11241500000000003,4.45,0.3500000000000001,0.11900000000000001,0.3500000000000001,0.102
0.12940000000000002,0.10904250000000003,4.45,0.3500000000000001,0.117,0.3500000000000001,0.098
0.12945,0.10953000000000003,4.6000000000000005,0.3500000000000001,0.116,0.3500000000000001,0.098
0.1295,0.10974250000000003,4.750000000000001,0.3500000000000001,0.114,0.3500000000000001,0.097
0.12955,0.11371000000000003,5.0,0.3500000000000001,0.11299999999999999,0.3500000000000001,0.1
0.1296,0.11398750000000003,5.1499999999999995,0.3500000000000001,0.112,0.3500000000000001,0.09899999999999999
0.12965000000000002,0.11029750000000003,5.1499999999999995,0.3500000000000001,0.11,0.3500000000000001,0.096
0.1297,0.11045250000000002,5.25,0.3500000000000001,0.10900000000000001,0.3500000000000001,0.095
0.12975,0.11012750000000003,5.35,0.3500000000000001,0.108,0.3500000000000001,0.095
0.1298,0.11333250000000003,5.65,0.3500000000000001,0.107,0.3500000000000001,0.097
0.12985,0.11226250000000003,5.75,0.3500000000000001,0.106,0.3500000000000001,0.097
0.12990000000000002,0.10711750000000003,5.75,0.3500000000000001,0.10500000000000001,0.3500000000000001,0.094
0.12995,0.10531250000000003,5.8500000000000005,0.3500000000000001,0.10500000000000001,0.3500000000000001,0.094
0.13,0.10294750000000003,5.95,0.3500000000000001,0.104,0.3500000000000001,0.093
0.13005,0.10350000000000002,6.199999999999999,0.30000000000000027,0.103,0.30000000000000027,0.096
0.1301,0.10007500000000003,6.3,0.30000000000000027,0.102,0.30000000000000027,0.095
0.13015000000000002,0.09340250000000003,6.2,0.30000000000000027,0.102,0.30000000000000027,0.092
0.1302,0.09025250000000003,6.249999999999999,0.30000000000000027,0.101,0.30000000000000027,0.092
0.13025,0.08709000000000003,6.2,0.30000000000000027,0.1,0.30000000000000027,0.092
0.1303,0.08757500000000003,6.25,0.30000000000000027,0.1,0.30000000000000027,0.094
0.13035,0.08488250000000003,6.05,0.30000000000000027,0.09899999999999999,0.30000000000000027,0.094
0.13040000000000002,0.07895250000000002,5.7,0.30000000000000027,0.09899999999999999,0.30000000000000027,0.091
0.13045,0.07692000000000002,5.5,0.30000000000000027,0.09899999999999999,0.30000000000000027,0.091
0.1305,0.07507750000000002,5.35,0.30000000000000027,0.098,0.30000000000000027,0.091
0.13055,0.07701000000000002,5.35,0.30000000000000027,0.098,0.30000000000000027,0.093
0.1306,0.07551000000000002,5.25,0.30000000000000027,0.098,0.30000000000000027,0.093
0.13065000000000002,0.07058250000000002,5.0,0.30000000000000027,0.097,0.30000000000000027,0.09000000000000001
0.1307,0.06934250000000002,4.9,0.30000000000000027,0.097,0.30000000000000027,0.09000000000000001
0.13075,0.06814500000000001,4.8500000000000005,0.30000000000000027,0.097,0.30000000000000027,0.09000000000000001
0.1308,0.07059250000000002,4.8999999999999995,0.30000000000000027,0.096,0.30000000000000027,0.092
0.13085,0.06949750000000002,4.85,0.30000000000000027,0.096,0.30000000000000027,0.092
0.13090000000000002,0.06510000000000002,4.65,0.30000000000000027,0.096,0.30000000000000027,0.09000000000000001
0.13095,0.06419750000000002,4.6000000000000005,0.30000000000000027,0.096,0.30000000000000027,0.089
0.131,0.06331500000000001,4.549999999999999,0.30000000000000027,0.095,0.30000000000000027,0.089
0.13105,0.06583000000000001,4.6499999999999995,0.30000000000000027,0.095,0.30000000000000027,0.091
0.1311,0.06493500000000002,4.6,0.30000000000000027,0.095,0.30000000000000027,0.091
0.13115000000000002,0.060752500000000015,4.4,0.30000000000000027,0.095,0.30000000000000027,0.089
0.1312,0.05982750000000001,4.3500000000000005,0.30000000000000027,0.094,0.30000000000000027,0.088
0.13125,0.058810000000000015,4.3500000000000005,0.30000000000000027,0.094,0.0,0.0
0.1313,0.05966000000000001,4.249999999999999,0.3999999999999999,0.094,0.3999999999999999,0.087
0.13135,0.05742500000000002,3.999999999999999,0.3999999999999999,0.093,0.3999999999999999,0.091
0.13140000000000002,0.05336500000000002,3.8,0.3999999999999999,0.093,0.3999999999999999,0.092
0.13145,0.051227500000000016,3.6499999999999995,0.3999999999999999,0.093,0.3999999999999999,0.093
0.1315,0.04942750000000001,3.45,0.3999999999999999,0.092,0.3999999999999999,0.092
0.13155,0.050407500000000015,3.3,0.3999999999999999,0.101,0.3999999999999999,0.101
0.1316,0.049935000000000014,3.0999999999999996,0.3999999999999999,0.10500000000000001,0.3999999999999999,0.10500000000000001
0.13165000000000002,0.047035000000000014,2.9000000000000004,0.3999999999999999,0.10500000000000001,0.3999999999999999,0.10500000000000001
0.1317,0.04704000000000001,2.700000000000001,0.3999999999999999,0.10900000000000001,0.3999999999999999,0.10900000000000001
0.13175,0.047882500000000015,2.5500000000000007,0.3999999999999999,0.112,0.3999999999999999,0.111
0.1318,0.04984250000000001,2.3500000000000005,0.3999999999999999,0.115,0.3999999999999999,0.11299999999999999
0.13185,0.057262500000000015,2.200000000000001,0.34999999999999964,0.11900000000000001,0.34999999999999964,0.116
0.13190000000000002,0.05683000000000001,2.0500000000000007,0.34999999999999964,0.11900000000000001,0.34999999999999964,0.11299999999999999
0.13195,0.06106250000000001,2.200000000000001,0.34999999999999964,0.121,0.34999999999999964,0.11299999999999999
0.132,0.06536250000000002,2.3000000000000007,0.34999999999999964,0.122,0.34999999999999964,0.112
0.13205,0.06980500000000002,2.450000000000001,0.34999999999999964,0.124,0.34999999999999964,0.111
0.1321,0.07898750000000002,2.7,0.34999999999999964,0.125,0.34999999999999964,0.11299999999999999
0.13215000000000002,0.07828500000000002,2.7,0.34999999999999964,0.125,0.34999999999999964,0.10900000000000001
0.1322,0.08223250000000001,2.8499999999999996,0.34999999999999964,0.125,0.34999999999999964,0.108
0.13225,0.08594500000000002,3.0,0.34999999999999964,0.126,0.34999999999999964,0.107
0.1323,0.08955750000000003,3.1499999999999995,0.34999999999999964,0.126,0.34999999999999964,0.106
0.13235,0.09744250000000003,3.4499999999999993,0.34999999999999964,0.125,0.34999999999999964,0.108
0.13240000000000002,0.09599500000000002,3.4000000000000004,0.34999999999999964,0.125,0.34999999999999964,0.104
0.13245,0.09888250000000003,3.5500000000000007,0.34999999999999964,0.124,0.34999999999999964,0.103
0.1325,0.10138500000000003,3.700000000000001,0.34999999999999964,0.124,0.34999999999999964,0.102
0.13255,0.10357250000000003,3.8500000000000005,0.34999999999999964,0.12300000000000001,0.34999999999999964,0.101
0.1326,0.10939000000000003,4.150000000000001,0.34999999999999964,0.122,0.34999999999999964,0.104
0.13265000000000002,0.10662250000000002,4.150000000000001,0.34999999999999964,0.12000000000000001,0.34999999999999964,0.1
0.1327,0.10790500000000003,4.250000000000001,0.34999999999999964,0.11900000000000001,0.34999999999999964,0.09899999999999999
0.13275,0.10885000000000003,4.4,0.34999999999999964,0.118,0.34999999999999964,0.09899999999999999
0.1328,0.10938250000000002,4.550000000000001,0.34999999999999964,0.116,0.34999999999999964,0.098
0.13285,0.11381750000000003,4.8500000000000005,0.34999999999999964,0.115,0.34999999999999964,0.1
0.13290000000000002,0.10972500000000003,4.8,0.34999999999999964,0.11299999999999999,0.34999999999999964,0.097
0.13295,0.10984500000000003,4.95,0.34999999999999964,0.112,0.34999999999999964,0.096
0.133,0.11026250000000003,5.1,0.34999999999999964,0.111,0.34999999999999964,0.096
0.13305,0.11048250000000003,5.199999999999999,0.34999999999999964,0.11,0.34999999999999964,0.095
0.1331,0.11420000000000002,5.449999999999999,0.34999999999999964,0.10900000000000001,0.34999999999999964,0.098
0.13315000000000002,0.10975000000000003,5.449999999999999,0.34999999999999964,0.108,0.34999999999999964,0.095
0.1332,0.10888750000000003,5.55,0.34999999999999964,0.107,0.34999999999999964,0.094
0.13325,0.10763000000000003,5.7,0.34999999999999964,0.106,0.34999999999999964,0.094
0.1333,0.10591250000000002,5.800000000000001,0.34999999999999964,0.10500000000000001,0.34999999999999964,0.094
0.13335,0.10753000000000003,6.050000000000001,0.34999999999999964,0.104,0.34999999999999964,0.096
0.13340000000000002,0.10094250000000003,6.050000000000001,0.2999999999999998,0.103,0.2999999999999998,0.093
0.13345,0.09752000000000002,6.1,0.2999999999999998,0.103,0.2999999999999998,0.093
0.1335,0.09440000000000003,6.2,0.2999999999999998,0.102,0.2999999999999998,0.093
0.13355,0.09133500000000003,6.25,0.2999999999999998,0.101,0.2999999999999998,0.092
0.1336,0.09182500000000002,6.4,0.2999999999999998,0.101,0.2999999999999998,0.095
0.13365000000000002,0.08497500000000002,6.15,0.2999999999999998,0.1,0.2999999999999998,0.092
0.1337,0.08214250000000002,5.95,0.2999999999999998,0.1,0.2999999999999998,0.092
0.13375,0.07968500000000002,5.75,0.2999999999999998,0.09899999999999999,0.2999999999999998,0.091
0.1338,0.07756750000000003,5.550000000000001,0.2999999999999998,0.09899999999999999,0.2999999999999998,0.091
0.13385,0.07923250000000003,5.549999999999999,0.2999999999999998,0.098,0.2999999999999998,0.094
0.13390000000000002,0.07403750000000002,5.25,0.2999999999999998,0.098,0.2999999999999998,0.091
0.13395,0.07247500000000001,5.15,0.2999999999999998,0.098,0.2999999999999998,0.091
0.134,0.07108500000000002,5.050000000000001,0.2999999999999998,0.097,0.2999999999999998,0.09000000000000001
0.13405,0.06975750000000001,4.949999999999999,0.2999999999999998,0.097,0.2999999999999998,0.09000000000000001
0.1341,0.07208000000000002,5.0,0.2999999999999998,0.097,0.2999999999999998,0.093
0.13415000000000002,0.06746000000000002,4.800000000000001,0.2999999999999998,0.096,0.2999999999999998,0.09000000000000001
0.1342,0.06642000000000002,4.75,0.2999999999999998,0.096,0.2999999999999998,0.09000000000000001
0.13425,0.06541000000000001,4.65,0.2999999999999998,0.096,0.2999999999999998,0.09000000000000001
0.1343,0.06446000000000002,4.6,0.2999999999999998,0.096,0.2999999999999998,0.089
0.13435,0.06701750000000002,4.7,0.2999999999999998,0.095,0.2999999999999998,0.092
0.13440000000000002,0.06613500000000001,4.65,0.2999999999999998,0.095,0.2999999999999998,0.091
0.13445000000000001,0.06189250000000002,4.449999999999999,0.2999999999999998,0.095,0.2999999999999998,0.089
0.1345,0.06104750000000002,4.4,0.2999999999999998,0.095,0.2999999999999998,0.089
0.13455,0.060162500000000015,4.3999999999999995,0.2999999999999998,0.094,0.2999999999999998,0.088
0.1346,0.06208750000000002,4.5,0.2999999999999998,0.094,0.2999999999999998,0.09000000000000001
0.13465000000000002,0.06034750000000001,4.300000000000001,0.40000000000000036,0.094,0.40000000000000036,0.085
0.13470000000000001,0.056320000000000016,4.05,0.40000000000000036,0.094,0.40000000000000036,0.088
0.13475,0.05408750000000001,3.9,0.40000000000000036,0.093,0.40000000000000036,0.092
0.1348,0.05191500000000001,3.7,0.40000000000000036,0.093,0.40000000000000036,0.093
0.13485,0.05202000000000001,3.55,0.40000000000000036,0.094,0.40000000000000036,0.094
0.13490000000000002,0.050732500000000014,3.35,0.40000000000000036,0.09899999999999999,0.40000000000000036,0.09899999999999999
0.13495000000000001,0.047570000000000015,3.1500000000000004,0.40000000000000036,0.09899999999999999,0.40000000000000036,0.09899999999999999
0.135,0.04704500000000001,3.0,0.40000000000000036,0.104,0.40000000000000036,0.104
0.13505,0.047000000000000014,2.75,0.40000000000000036,0.108,0.40000000000000036,0.108
0.1351,0.05065500000000001,2.6,0.40000000000000036,0.114,0.40000000000000036,0.114
0.13515000000000002,0.05277000000000001,2.4,0.40000000000000036,0.117,0.40000000000000036,0.116
0.13520000000000001,0.05179750000000001,2.25,0.35000000000000053,0.117,0.35000000000000053,0.11299999999999999
0.13525,0.055527500000000014,2.1,0.35000000000000053,0.11900000000000001,0.35000000000000053,0.11299999999999999
0.1353,0.05963750000000002,2.15,0.35000000000000053,0.12000000000000001,0.35000000000000053,0.11299999999999999
0.13535,0.06889250000000002,2.4,0.35000000000000053,0.12300000000000001,0.35000000000000053,0.115
0.13540000000000002,0.07329000000000002,2.55,0.35000000000000053,0.124,0.35000000000000053,0.115
0.13545000000000001,0.07269250000000002,2.5,0.35000000000000053,0.124,0.35000000000000053,0.11
0.1355,0.07689000000000001,2.65,0.35000000000000053,0.125,0.35000000000000053,0.10900000000000001
0.13555,0.08095250000000002,2.8,0.35000000000000053,0.125,0.35000000000000053,0.108
0.1356,0.08953500000000002,3.1,0.35000000000000053,0.126,0.35000000000000053,0.111
0.13565,0.09307000000000003,3.25,0.35000000000000053,0.126,0.35000000000000053,0.11
0.13570000000000002,0.09180250000000002,3.25,0.35000000000000053,0.125,0.35000000000000053,0.10500000000000001
0.13575,0.09499500000000002,3.4,0.35000000000000053,0.125,0.35000000000000053,0.104
0.1358,0.09795250000000003,3.5000000000000004,0.35000000000000053,0.125,0.35000000000000053,0.103
0.13585,0.10502250000000003,3.8000000000000003,0.35000000000000053,0.124,0.35000000000000053,0.106
0.1359,0.10729500000000003,3.95,0.35000000000000053,0.12300000000000001,0.35000000000000053,0.10500000000000001
0.13595000000000002,0.10466000000000003,3.95,0.35000000000000053,0.122,0.35000000000000053,0.101
0.136,0.10619500000000003,4.1000000000000005,0.35000000000000053,0.121,0.35000000000000053,0.1
0.13605,0.10755750000000003,4.2,0.35000000000000053,0.12000000000000001,0.35000000000000053,0.09899999999999999
0.1361,0.11277000000000002,4.5,0.35000000000000053,0.118,0.35000000000000053,0.102
0.13615,0.11338250000000002,4.65,0.35000000000000053,0.117,0.35000000000000053,0.101
0.13620000000000002,0.10964750000000002,4.65,0.35000000000000053,0.115,0.35000000000000053,0.097
0.13625,0.10978750000000002,4.749999999999999,0.35000000000000053,0.114,0.35000000000000053,0.097
0.1363,0.10964250000000003,4.8999999999999995,0.35000000000000053,0.11299999999999999,0.35000000000000053,0.096
0.13635,0.11420500000000003,5.199999999999999,0.35000000000000053,0.111,0.35000000000000053,0.09899999999999999
0.1364,0.11441000000000003,5.35,0.35000000000000053,0.11,0.35000000000000053,0.098
0.13645000000000002,0.11036250000000003,5.3,0.35000000000000053,0.10900000000000001,0.35000000000000053,0.095
0.1365,0.10995000000000003,5.3999999999999995,0.35000000000000053,0.108,0.35000000000000053,0.095
0.13655,0.10925000000000003,5.5,0.35000000000000053,0.107,0.35000000000000053,0.094
0.1366,0.11188250000000002,5.8,0.35000000000000053,0.106,0.35000000000000053,0.097
0.13665,0.11038750000000003,5.9,0.35000000000000053,0.10500000000000001,0.35000000000000053,0.097
0.13670000000000002,0.10463000000000003,5.9,0.35000000000000053,0.104,0.35000000000000053,0.093
0.13675,0.10207500000000003,6.0,0.30000000000000027,0.104,0.30000000000000027,0.093
0.1368,0.09867250000000002,6.1,0.30000000000000027,0.103,0.30000000000000027,0.093
0.13685,0.09906500000000003,6.35,0.30000000000000027,0.102,0.30000000000000027,0.095
0.1369,0.09602000000000002,6.3999999999999995,0.30000000000000027,0.101,0.30000000000000027,0.095
0.13695000000000002,0.08930000000000002,6.249999999999999,0.30000000000000027,0.101,0.30000000000000027,0.092
0.137,0.08606250000000003,6.2,0.30000000000000027,0.1,0.30000000000000027,0.092
0.13705,0.08306500000000003,6.05,0.30000000000000027,0.1,0.30000000000000027,0.092
0.1371,0.08410500000000003,6.000000000000001,0.30000000000000027,0.09899999999999999,0.30000000000000027,0.094
0.13715,0.08188250000000002,5.75,0.30000000000000027,0.09899999999999999,0.30000000000000027,0.094
0.13720000000000002,0.07632750000000002,5.45,0.30000000000000027,0.09899999999999999,0.30000000000000027,0.091
0.13725,0.07457500000000002,5.299999999999999,0.30000000000000027,0.098,0.30000000000000027,0.091
0.1373,0.07300250000000001,5.2,0.30000000000000027,0.098,0.30000000000000027,0.091
0.13735,0.07507250000000001,5.25,0.30000000000000027,0.098,0.30000000000000027,0.093
0.1374,0.07374250000000002,5.1499999999999995,0.30000000000000027,0.097,0.30000000000000027,0.093
0.13745000000000002,0.06900000000000002,4.899999999999999,0.30000000000000027,0.097,0.30000000000000027,0.09000000000000001
0.1375,0.06784750000000002,4.8,0.30000000000000027,0.097,0.30000000000000027,0.09000000000000001
0.13755,0.06678000000000002,4.75,0.30000000000000027,0.096,0.30000000000000027,0.09000000000000001
0.1376,0.06921500000000001,4.8500000000000005,0.30000000000000027,0.096,0.30000000000000027,0.092
0.13765,0.06824750000000002,4.799999999999999,0.30000000000000027,0.096,0.30000000000000027,0.092
0.13770000000000002,0.06391500000000001,4.55,0.30000000000000027,0.096,0.30000000000000027,0.089
0.13775,0.06303750000000001,4.500000000000001,0.30000000000000027,0.095,0.30000000000000027,0.089
0.1378,0.062187500000000014,4.5,0.30000000000000027,0.095,0.30000000000000027,0.089
0.13785,0.06462000000000001,4.599999999999999,0.30000000000000027,0.095,0.30000000000000027,0.091
0.1379,0.06366750000000002,4.550000000000001,0.30000000000000027,0.094,0.30000000000000027,0.091
0.13795000000000002,0.05950000000000002,4.350000000000001,0.30000000000000027,0.094,0.30000000000000027,0.088
0.138,0.058512500000000016,4.3,0.30000000000000027,0.094,0.0,0.0
0.13805,0.056970000000000014,4.199999999999998,0.3500000000000001,0.094,0.3500000000000001,0.08600000000000001
0.1381,0.056680000000000015,3.9499999999999993,0.3999999999999999,0.093,0.3999999999999999,0.092
0.13815,0.05446250000000001,3.75,0.3999999999999999,0.093,0.3999999999999999,0.093
0.13820000000000002,0.05057000000000001,3.5999999999999996,0.3999999999999999,0.093,0.3999999999999999,0.093
0.13825,0.04899750000000001,3.3999999999999995,0.3999999999999999,0.092,0.3999999999999999,0.092
0.1383,0.04779500000000001,3.249999999999999,0.3999999999999999,0.097,0.3999999999999999,0.097
0.13835,0.04990250000000001,3.05,0.3999999999999999,0.107,0.3999999999999999,0.107
0.1384,0.049942500000000015,2.8500000000000005,0.3999999999999999,0.11,0.3999999999999999,0.11
0.13845000000000002,0.04726000000000001,2.6500000000000004,0.3999999999999999,0.11,0.3999999999999999,0.11
0.1385,0.04849750000000001,2.5,0.3999999999999999,0.11299999999999999,0.3999999999999999,0.112
0.13855,0.05071500000000001,2.3000000000000007,0.3999999999999999,0.116,0.3999999999999999,0.11299999999999999
0.1386,0.05432500000000001,2.1500000000000004,0.3500000000000001,0.118,0.3500000000000001,0.11299999999999999
0.13865,0.06308000000000001,2.250000000000001,0.3500000000000001,0.122,0.3500000000000001,0.116
0.13870000000000002,0.06250250000000002,2.250000000000001,0.3500000000000001,0.122,0.3500000000000001,0.112
0.13875,0.06685000000000002,2.3500000000000005,0.3500000000000001,0.12300000000000001,0.3500000000000001,0.112
0.1388,0.07126500000000002,2.4499999999999993,0.3500000000000001,0.124,0.3500000000000001,0.111
0.13885,0.07549750000000002,2.5999999999999996,0.3500000000000001,0.125,0.3500000000000001,0.11
0.1389,0.08448500000000002,2.8999999999999995,0.3500000000000001,0.125,0.3500000000000001,0.112
0.13895000000000002,0.08355250000000002,2.8999999999999995,0.3500000000000001,0.125,0.3500000000000001,0.107
0.139,0.08717750000000002,3.0500000000000007,0.3500000000000001,0.126,0.3500000000000001,0.106
0.13905,0.09073000000000002,3.2,0.3500000000000001,0.125,0.3500000000000001,0.10500000000000001
0.1391,0.09397250000000003,3.3500000000000005,0.3500000000000001,0.125,0.3500000000000001,0.10500000000000001
0.13915,0.10151750000000002,3.6000000000000014,0.3500000000000001,0.125,0.3500000000000001,0.107
0.13920000000000002,0.09976750000000002,3.6000000000000014,0.3500000000000001,0.124,0.3500000000000001,0.103
0.13925,0.10217500000000003,3.750000000000001,0.3500000000000001,0.12300000000000001,0.3500000000000001,0.102
0.1393,0.10419250000000002,3.9000000000000012,0.3500000000000001,0.122,0.3500000000000001,0.101
0.13935,0.10569250000000002,4.050000000000002,0.3500000000000001,0.121,0.3500000000000001,0.1
0.1394,0.11140000000000003,4.300000000000001,0.3500000000000001,0.12000000000000001,0.3500000000000001,0.103
0.13945000000000002,0.10826000000000002,4.300000000000001,0.3500000000000001,0.11900000000000001,0.3500000000000001,0.09899999999999999
0.1395,0.10908750000000003,4.45,0.3500000000000001,0.117,0.3500000000000001,0.098
0.13955,0.10957500000000003,4.6000000000000005,0.3500000000000001,0.116,0.3500000000000001,0.098
0.1396,0.10982500000000003,4.75,0.3500000000000001,0.114,0.3500000000000001,0.097
0.13965,0.11375750000000003,4.999999999999999,0.3500000000000001,0.11299999999999999,0.3500000000000001,0.1
0.13970000000000002,0.10998000000000002,4.999999999999999,0.3500000000000001,0.112,0.3500000000000001,0.096
0.13975,0.11035000000000003,5.1499999999999995,0.3500000000000001,0.11,0.3500000000000001,0.096
0.1398,0.11049000000000003,5.249999999999999,0.3500000000000001,0.10900000000000001,0.3500000000000001,0.095
0.13985,0.11018250000000003,5.399999999999999,0.3500000000000001,0.108,0.3500000000000001,0.095
0.1399,0.11337500000000003,5.649999999999999,0.3500000000000001,0.107,0.3500000000000001,0.097
0.13995000000000002,0.10854000000000003,5.6,0.3500000000000001,0.106,0.3500000000000001,0.094
0.14,0.10717750000000002,5.75,0.3500000000000001,0.10500000000000001,0.3500000000000001,0.094
0.14005,0.10538250000000003,5.850000000000001,0.3500000000000001,0.10500000000000001,0.3500000000000001,0.094
0.1401,0.10299750000000002,5.95,0.3500000000000001,0.104,0.3500000000000001,0.093
0.14015,0.10360000000000003,6.199999999999999,0.2999999999999998,0.103,0.2999999999999998,0.096
0.14020000000000002,0.09649250000000002,6.149999999999999,0.2999999999999998,0.102,0.2999999999999998,0.093
0.14025,0.09348500000000003,6.199999999999999,0.2999999999999998,0.102,0.2999999999999998,0.093
0.1403,0.09032750000000002,6.250000000000002,0.2999999999999998,0.101,0.2999999999999998,0.092
0.14035,0.08719000000000002,6.200000000000001,0.2999999999999998,0.1,0.2999999999999998,0.092
0.1404,0.08765500000000002,6.25,0.2999999999999998,0.1,0.2999999999999998,0.094
0.14045000000000002,0.08134500000000001,5.9,0.2999999999999998,0.09899999999999999,0.2999999999999998,0.092
0.1405,0.07899500000000002,5.700000000000001,0.2999999999999998,0.09899999999999999,0.2999999999999998,0.091
0.14055,0.07698750000000001,5.5,0.2999999999999998,0.09899999999999999,0.2999999999999998,0.091
0.1406,0.07513500000000002,5.3500000000000005,0.2999999999999998,0.098,0.2999999999999998,0.091
0.14065,0.07708000000000002,5.35,0.2999999999999998,0.098,0.2999999999999998,0.093
0.14070000000000002,0.07556250000000002,5.25,0.2999999999999998,0.098,0.2999999999999998,0.093
0.14075000000000001,0.07065500000000002,5.0,0.2999999999999998,0.097,0.2999999999999998,0.09000000000000001
0.1408,0.06939250000000002,4.950000000000001,0.2999999999999998,0.097,0.2999999999999998,0.09000000000000001
0.14085,0.06820000000000001,4.85,0.2999999999999998,0.097,0.2999999999999998,0.09000000000000001
0.1409,0.07062500000000002,4.9,0.2999999999999998,0.096,0.2999999999999998,0.092
0.14095000000000002,0.06954000000000002,4.8500000000000005,0.2999999999999998,0.096,0.2999999999999998,0.092
0.14100000000000001,0.06514250000000002,4.6499999999999995,0.2999999999999998,0.096,0.2999999999999998,0.09000000000000001
0.14105,0.06424000000000002,4.6000000000000005,0.2999999999999998,0.096,0.2999999999999998,0.089
0.1411,0.06337000000000001,4.55,0.2999999999999998,0.095,0.2999999999999998,0.089
0.14115,0.06587250000000001,4.6499999999999995,0.2999999999999998,0.095,0.2999999999999998,0.091
0.14120000000000002,0.06496000000000002,4.6000000000000005,0.2999999999999998,0.095,0.2999999999999998,0.091
0.14125000000000001,0.060795000000000016,4.3999999999999995,0.2999999999999998,0.095,0.2999999999999998,0.089
0.1413,0.05985250000000002,4.3500000000000005,0.2999999999999998,0.094,0.2999999999999998,0.088
0.14135,0.05884250000000001,4.35,0.2999999999999998,0.094,0.0,0.0
0.1414,0.05970250000000001,4.250000000000001,0.39999999999999947,0.094,0.39999999999999947,0.087
0.14145000000000002,0.057470000000000014,4.0,0.39999999999999947,0.093,0.39999999999999947,0.091
0.14150000000000001,0.053397500000000014,3.8000000000000003,0.39999999999999947,0.093,0.39999999999999947,0.092
0.14155,0.05127000000000001,3.6500000000000004,0.39999999999999947,0.093,0.39999999999999947,0.093
0.1416,0.04946500000000001,3.45,0.39999999999999947,0.092,0.39999999999999947,0.092
0.14165,0.05044000000000001,3.3000000000000003,0.39999999999999947,0.101,0.39999999999999947,0.101
0.14170000000000002,0.04996750000000001,3.1,0.39999999999999947,0.10500000000000001,0.39999999999999947,0.10500000000000001
0.14175000000000001,0.04705750000000001,2.9,0.39999999999999947,0.10500000000000001,0.39999999999999947,0.10500000000000001
0.1418,0.04708750000000001,2.6999999999999997,0.39999999999999947,0.10900000000000001,0.39999999999999947,0.10900000000000001
0.14185,0.04790000000000001,2.55,0.39999999999999947,0.112,0.39999999999999947,0.111
0.1419,0.053710000000000015,2.3499999999999996,0.39999999999999947,0.117,0.39999999999999947,0.116
0.14195000000000002,0.057270000000000015,2.1999999999999997,0.34999999999999964,0.11900000000000001,0.34999999999999964,0.116
0.14200000000000002,0.056840000000000016,2.05,0.34999999999999964,0.11900000000000001,0.34999999999999964,0.11299999999999999
0.14205,0.061080000000000016,2.1999999999999997,0.34999999999999964,0.121,0.34999999999999964,0.11299999999999999
0.1421,0.06537000000000001,2.3,0.34999999999999964,0.122,0.34999999999999964,0.112
0.14215,0.07475250000000001,2.6,0.34999999999999964,0.124,0.34999999999999964,0.114
0.1422,0.07899500000000002,2.7,0.34999999999999964,0.125,0.34999999999999964,0.11299999999999999
0.14225000000000002,0.07829250000000001,2.7,0.34999999999999964,0.125,0.34999999999999964,0.10900000000000001
0.1423,0.08223500000000002,2.85,0.34999999999999964,0.125,0.34999999999999964,0.108
0.14235,0.08596250000000003,3.0,0.34999999999999964,0.126,0.34999999999999964,0.107
0.1424,0.09422000000000003,3.3,0.34999999999999964,0.126,0.34999999999999964,0.10900000000000001
0.14245,0.09745750000000003,3.4499999999999997,0.34999999999999964,0.125,0.34999999999999964,0.108
0.14250000000000002,0.09601500000000003,3.4,0.34999999999999964,0.125,0.34999999999999964,0.104
0.14255,0.09891000000000003,3.5500000000000003,0.34999999999999964,0.124,0.34999999999999964,0.103
0.1426,0.10141750000000002,3.7,0.34999999999999964,0.124,0.34999999999999964,0.102
0.14265,0.10799250000000003,4.0,0.34999999999999964,0.12300000000000001,0.34999999999999964,0.10500000000000001
0.1427,0.10944000000000002,4.15,0.34999999999999964,0.122,0.34999999999999964,0.104
0.14275000000000002,0.10666250000000002,4.15,0.34999999999999964,0.12000000000000001,0.34999999999999964,0.1
0.1428,0.10795000000000003,4.25,0.34999999999999964,0.11900000000000001,0.34999999999999964,0.09899999999999999
0.14285,0.10888500000000002,4.4,0.34999999999999964,0.118,0.34999999999999964,0.09899999999999999
0.1429,0.11356750000000003,4.7,0.34999999999999964,0.116,0.34999999999999964,0.101
0.14295,0.11386000000000003,4.8500000000000005,0.34999999999999964,0.115,0.34999999999999964,0.1
0.14300000000000002,0.10980000000000002,4.8,0.34999999999999964,0.11299999999999999,0.34999999999999964,0.097
0.14305,0.10987250000000003,4.95,0.34999999999999964,0.112,0.34999999999999964,0.096
0.1431,0.11030000000000002,5.1,0.34999999999999964,0.111,0.34999999999999964,0.096
0.14315,0.11445750000000003,5.35,0.34999999999999964,0.11,0.34999999999999964,0.098
0.1432,0.11423000000000003,5.449999999999999,0.34999999999999964,0.10900000000000001,0.34999999999999964,0.098
0.14325000000000002,0.10979750000000003,5.449999999999999,0.34999999999999964,0.108,0.34999999999999964,0.095
0.1433,0.10893750000000002,5.55,0.34999999999999964,0.107,0.34999999999999964,0.094
0.14335,0.10769250000000002,5.7,0.34999999999999964,0.106,0.34999999999999964,0.094
0.1434,0.10976500000000003,5.95,0.34999999999999964,0.10500000000000001,0.34999999999999964,0.096
0.14345,0.10758750000000003,6.050000000000001,0.34999999999999964,0.104,0.34999999999999964,0.096
0.14350000000000002,0.10104500000000002,6.050000000000001,0.2999999999999998,0.103,0.2999999999999998,0.093
0.14355,0.09760750000000003,6.1000000000000005,0.2999999999999998,0.103,0.2999999999999998,0.093
0.1436,0.09446500000000002,6.2,0.2999999999999998,0.102,0.2999999999999998,0.093
0.14365,0.09505000000000002,6.4,0.2999999999999998,0.101,0.2999999999999998,0.095
0.1437,0.09188250000000002,6.4,0.2999999999999998,0.101,0.2999999999999998,0.095
0.14375000000000002,0.08504000000000002,6.15,0.2999999999999998,0.1,0.2999999999999998,0.092
0.1438,0.08220750000000002,5.949999999999999,0.2999999999999998,0.1,0.2999999999999998,0.092
0.14385,0.07974000000000002,5.75,0.2999999999999998,0.09899999999999999,0.2999999999999998,0.091
0.1439,0.08120000000000002,5.699999999999999,0.2999999999999998,0.09899999999999999,0.2999999999999998,0.094
0.14395,0.07930000000000002,5.550000000000001,0.2999999999999998,0.098,0.2999999999999998,0.094
0.14400000000000002,0.07407750000000002,5.25,0.2999999999999998,0.098,0.2999999999999998,0.091
0.14405,0.07252250000000002,5.15,0.2999999999999998,0.098,0.2999999999999998,0.091
0.1441,0.07112250000000002,5.050000000000001,0.2999999999999998,0.097,0.2999999999999998,0.09000000000000001
0.14415,0.07332000000000002,5.1,0.2999999999999998,0.097,0.2999999999999998,0.093
0.1442,0.07214250000000001,5.0,0.2999999999999998,0.097,0.2999999999999998,0.093
0.14425000000000002,0.06751500000000002,4.800000000000001,0.2999999999999998,0.097,0.2999999999999998,0.09000000000000001
0.1443,0.06646250000000002,4.750000000000001,0.2999999999999998,0.096,0.2999999999999998,0.09000000000000001
0.14435,0.06545250000000001,4.6499999999999995,0.2999999999999998,0.096,0.2999999999999998,0.09000000000000001
0.1444,0.06795750000000002,4.75,0.2999999999999998,0.096,0.2999999999999998,0.092
0.14445,0.06705250000000001,4.7,0.2999999999999998,0.095,0.2999999999999998,0.092
0.14450000000000002,0.06280500000000001,4.500000000000001,0.2999999999999998,0.095,0.2999999999999998,0.089
0.14455,0.06192750000000002,4.449999999999998,0.2999999999999998,0.095,0.2999999999999998,0.089
0.1446,0.061085000000000014,4.400000000000001,0.2999999999999998,0.095,0.2999999999999998,0.089
0.14465,0.06334250000000001,4.55,0.2999999999999998,0.094,0.2999999999999998,0.091
0.1447,0.06213500000000002,4.499999999999999,0.2999999999999998,0.094,0.2999999999999998,0.09000000000000001
0.14475000000000002,0.058110000000000016,4.299999999999998,0.2999999999999998,0.094,0.2999999999999998,0.081
0.1448,0.056360000000000014,4.099999999999999,0.40000000000000036,0.094,0.40000000000000036,0.088
0.14485,0.05412500000000001,3.8999999999999995,0.40000000000000036,0.093,0.40000000000000036,0.092
0.1449,0.053815000000000016,3.6999999999999993,0.40000000000000036,0.093,0.40000000000000036,0.093
0.14495,0.052037500000000014,3.5,0.40000000000000036,0.094,0.40000000000000036,0.094
0.14500000000000002,0.04850250000000001,3.3499999999999996,0.40000000000000036,0.094,0.40000000000000036,0.094
0.14505,0.04760250000000001,3.1500000000000004,0.40000000000000036,0.09899999999999999,0.40000000000000036,0.09899999999999999
0.1451,0.04707250000000001,2.999999999999999,0.40000000000000036,0.104,0.40000000000000036,0.104
0.14515,0.047027500000000014,2.750000000000001,0.40000000000000036,0.108,0.40000000000000036,0.108
0.1452,0.050670000000000014,2.6000000000000005,0.40000000000000036,0.114,0.40000000000000036,0.114
0.14525000000000002,0.049172500000000015,2.4000000000000012,0.40000000000000036,0.114,0.40000000000000036,0.112
0.1453,0.051810000000000016,2.250000000000001,0.34999999999999964,0.117,0.34999999999999964,0.11299999999999999
0.14535,0.055535000000000015,2.1000000000000005,0.34999999999999964,0.11900000000000001,0.34999999999999964,0.11299999999999999
0.1454,0.05964500000000002,2.1500000000000004,0.34999999999999964,0.12000000000000001,0.34999999999999964,0.11299999999999999
0.14545,0.06892000000000002,2.4000000000000012,0.34999999999999964,0.12300000000000001,0.34999999999999964,0.115
0.14550000000000002,0.06836500000000002,2.4000000000000012,0.34999999999999964,0.12300000000000001,0.34999999999999964,0.111
0.14555,0.07269750000000001,2.5,0.34999999999999964,0.124,0.34999999999999964,0.11
0.1456,0.07689750000000002,2.6500000000000004,0.34999999999999964,0.125,0.34999999999999964,0.10900000000000001
0.14565,0.08096000000000002,2.8,0.34999999999999964,0.125,0.34999999999999964,0.108
0.1457,0.08955500000000002,3.1000000000000005,0.34999999999999964,0.126,0.34999999999999964,0.111
0.14575000000000002,0.08841250000000002,3.1000000000000005,0.34999999999999964,0.126,0.34999999999999964,0.106
0.1458,0.09182750000000002,3.25,0.34999999999999964,0.125,0.34999999999999964,0.10500000000000001
0.14585,0.09501750000000002,3.4000000000000004,0.34999999999999964,0.125,0.34999999999999964,0.104
0.1459,0.09797750000000002,3.500000000000001,0.34999999999999964,0.125,0.34999999999999964,0.103
0.14595,0.10505750000000003,3.8000000000000007,0.34999999999999964,0.124,0.34999999999999964,0.106
0.14600000000000002,0.10293250000000002,3.8000000000000007,0.34999999999999964,0.12300000000000001,0.34999999999999964,0.102
0.14605,0.10470000000000003,3.950000000000001,0.34999999999999964,0.122,0.34999999999999964,0.101
0.1461,0.10622750000000003,4.1000000000000005,0.34999999999999964,0.121,0.34999999999999964,0.1
0.14615,0.10758750000000003,4.2,0.34999999999999964,0.12000000000000001,0.34999999999999964,0.09899999999999999
0.1462,0.11281000000000004,4.5,0.34999999999999964,0.118,0.34999999999999964,0.102
0.14625000000000002,0.10927750000000003,4.5,0.34999999999999964,0.117,0.34999999999999964,0.098
0.1463,0.10969000000000002,4.65,0.34999999999999964,0.115,0.34999999999999964,0.097
0.14635,0.10980500000000003,4.749999999999999,0.34999999999999964,0.114,0.34999999999999964,0.097
0.1464,0.10969250000000003,4.8999999999999995,0.34999999999999964,0.11299999999999999,0.34999999999999964,0.096
0.14645,0.11424000000000002,5.2,0.34999999999999964,0.111,0.34999999999999964,0.09899999999999999
0.14650000000000002,0.11050250000000003,5.2,0.34999999999999964,0.11,0.34999999999999964,0.095
0.14655,0.11040250000000003,5.299999999999999,0.34999999999999964,0.10900000000000001,0.34999999999999964,0.095
0.1466,0.10998250000000002,5.399999999999999,0.34999999999999964,0.108,0.34999999999999964,0.095
0.14665,0.10930250000000002,5.5,0.34999999999999964,0.107,0.34999999999999964,0.094
0.1467,0.11195750000000003,5.8,0.34999999999999964,0.106,0.34999999999999964,0.097
0.14675000000000002,0.10665000000000002,5.750000000000001,0.34999999999999964,0.10500000000000001,0.34999999999999964,0.094
0.1468,0.10466000000000003,5.900000000000001,0.34999999999999964,0.104,0.34999999999999964,0.093
0.14685,0.10213500000000003,6.0,0.2999999999999998,0.104,0.2999999999999998,0.093
0.1469,0.09874250000000002,6.1,0.2999999999999998,0.103,0.2999999999999998,0.093
0.14695,0.09912000000000003,6.349999999999999,0.2999999999999998,0.102,0.2999999999999998,0.095
0.14700000000000002,0.09610250000000002,6.399999999999999,0.2999999999999998,0.102,0.2999999999999998,0.095
0.14705000000000001,0.08935750000000002,6.249999999999998,0.2999999999999998,0.101,0.2999999999999998,0.092
0.1471,0.08613750000000002,6.199999999999999,0.2999999999999998,0.1,0.2999999999999998,0.092
0.14715,0.08313500000000001,6.050000000000001,0.2999999999999998,0.1,0.2999999999999998,0.092
0.1472,0.08415250000000002,6.0,0.2999999999999998,0.09899999999999999,0.2999999999999998,0.094
0.14725000000000002,0.08192750000000001,5.750000000000001,0.2999999999999998,0.09899999999999999,0.2999999999999998,0.094
0.14730000000000001,0.07639250000000002,5.45,0.2999999999999998,0.09899999999999999,0.2999999999999998,0.091
0.14735,0.07462000000000002,5.300000000000001,0.2999999999999998,0.098,0.2999999999999998,0.091
0.1474,0.07303500000000002,5.2,0.2999999999999998,0.098,0.2999999999999998,0.091
0.14745,0.07511250000000001,5.249999999999999,0.2999999999999998,0.098,0.2999999999999998,0.093
0.14750000000000002,0.07379500000000001,5.15,0.2999999999999998,0.097,0.2999999999999998,0.093
0.14755000000000001,0.06903250000000001,4.9,0.2999999999999998,0.097,0.2999999999999998,0.09000000000000001
0.1476,0.06787000000000001,4.800000000000001,0.2999999999999998,0.097,0.2999999999999998,0.09000000000000001
0.14765,0.06682000000000002,4.75,0.2999999999999998,0.096,0.2999999999999998,0.09000000000000001
0.1477,0.06925500000000001,4.85,0.2999999999999998,0.096,0.2999999999999998,0.092
0.14775000000000002,0.06829000000000002,4.8,0.2999999999999998,0.096,0.2999999999999998,0.092
0.14780000000000001,0.06395500000000001,4.55,0.2999999999999998,0.096,0.2999999999999998,0.089
0.14785,0.06308500000000002,4.55,0.2999999999999998,0.095,0.2999999999999998,0.089
0.1479,0.06223250000000002,4.5,0.2999999999999998,0.095,0.2999999999999998,0.089
0.14795,0.06465750000000002,4.6,0.2999999999999998,0.095,0.2999999999999998,0.091
0.14800000000000002,0.06368750000000002,4.55,0.2999999999999998,0.095,0.2999999999999998,0.091
0.14805000000000001,0.05953000000000001,4.3500000000000005,0.2999999999999998,0.094,0.2999999999999998,0.088
0.1481,0.058545000000000014,4.3,0.2999999999999998,0.094,0.0,0.0
0.14815,0.05699500000000001,4.2,0.34999999999999964,0.094,0.34999999999999964,0.08600000000000001
0.1482,0.05670250000000002,3.95,0.39999999999999947,0.093,0.39999999999999947,0.092
0.14825000000000002,0.05449250000000001,3.75,0.39999999999999947,0.093,0.39999999999999947,0.093
0.14830000000000002,0.05060500000000001,3.6,0.39999999999999947,0.093,0.39999999999999947,0.093
0.14835,0.04901000000000001,3.4,0.39999999999999947,0.092,0.39999999999999947,0.092
0.1484,0.04782250000000001,3.25,0.39999999999999947,0.097,0.39999999999999947,0.097
0.14845,0.04992000000000001,3.05,0.39999999999999947,0.107,0.39999999999999947,0.107
0.14850000000000002,0.049962500000000014,2.8499999999999996,0.39999999999999947,0.11,0.39999999999999947,0.11
0.14855000000000002,0.04728000000000001,2.65,0.39999999999999947,0.11,0.39999999999999947,0.11
0.1486,0.048512500000000014,2.4999999999999996,0.39999999999999947,0.11299999999999999,0.39999999999999947,0.112
0.14865,0.05072500000000001,2.3,0.39999999999999947,0.116,0.39999999999999947,0.11299999999999999
0.1487,0.05871000000000001,2.15,0.34999999999999964,0.12000000000000001,0.34999999999999964,0.116
0.14875,0.06308250000000001,2.25,0.34999999999999964,0.122,0.34999999999999964,0.116
0.14880000000000002,0.06250750000000002,2.25,0.34999999999999964,0.122,0.34999999999999964,0.112
0.14885,0.06685000000000002,2.3499999999999996,0.34999999999999964,0.12300000000000001,0.34999999999999964,0.112
0.1489,0.07127750000000002,2.4499999999999997,0.34999999999999964,0.124,0.34999999999999964,0.111
0.14895,0.08040000000000003,2.75,0.34999999999999964,0.125,0.34999999999999964,0.11299999999999999
0.149,0.08449000000000002,2.9,0.34999999999999964,0.125,0.34999999999999964,0.112
0.14905000000000002,0.08355750000000002,2.9,0.34999999999999964,0.125,0.34999999999999964,0.107
0.1491,0.08719500000000002,3.0500000000000003,0.34999999999999964,0.126,0.34999999999999964,0.106
0.14915,0.09074000000000003,3.2,0.34999999999999964,0.125,0.34999999999999964,0.10500000000000001
0.1492,0.09852250000000003,3.5,0.34999999999999964,0.125,0.34999999999999964,0.108
0.14925,0.10153000000000002,3.6,0.34999999999999964,0.125,0.34999999999999964,0.107
0.14930000000000002,0.09978250000000002,3.6,0.34999999999999964,0.124,0.34999999999999964,0.103
0.14935,0.10219500000000002,3.75,0.34999999999999964,0.12300000000000001,0.34999999999999964,0.102
0.1494,0.10420750000000002,3.9000000000000004,0.34999999999999964,0.122,0.34999999999999964,0.101
0.14945,0.10999750000000003,4.2,0.34999999999999964,0.121,0.34999999999999964,0.104
0.1495,0.11143750000000002,4.300000000000001,0.34999999999999964,0.12000000000000001,0.34999999999999964,0.103
0.14955000000000002,0.10827500000000002,4.300000000000001,0.34999999999999964,0.11900000000000001,0.34999999999999964,0.09899999999999999
0.1496,0.10911750000000003,4.45,0.34999999999999964,0.117,0.34999999999999964,0.098
0.14965,0.10959250000000002,4.6000000000000005,0.34999999999999964,0.116,0.34999999999999964,0.098
0.1497,0.11393250000000003,4.9,0.34999999999999964,0.114,0.34999999999999964,0.1
0.14975,0.11380250000000003,5.0,0.34999999999999964,0.11299999999999999,0.34999999999999964,0.1
0.14980000000000002,0.11000250000000003,5.0,0.34999999999999964,0.112,0.34999999999999964,0.096
0.14985,0.11036750000000002,5.1499999999999995,0.34999999999999964,0.11,0.34999999999999964,0.096
0.1499,0.11053000000000003,5.25,0.34999999999999964,0.10900000000000001,0.34999999999999964,0.095
0.14995,0.11413000000000002,5.5,0.34999999999999964,0.108,0.34999999999999964,0.098
0.15,0.11340000000000003,5.65,0.34999999999999964,0.107,0.34999999999999964,0.097
0.15005000000000002,0.10858000000000002,5.6000000000000005,0.34999999999999964,0.106,0.34999999999999964,0.094
0.1501,0.10722750000000003,5.75,0.34999999999999964,0.10500000000000001,0.34999999999999964,0.094
0.15015,0.10543500000000003,5.8500000000000005,0.34999999999999964,0.10500000000000001,0.34999999999999964,0.094
0.1502,0.10678750000000002,6.1000000000000005,0.34999999999999964,0.104,0.34999999999999964,0.096
0.15025,0.10366000000000003,6.199999999999999,0.2999999999999998,0.103,0.2999999999999998,0.096
0.15030000000000002,0.09654000000000003,6.1499999999999995,0.2999999999999998,0.102,0.2999999999999998,0.093
0.15035,0.09353000000000003,6.2,0.2999999999999998,0.102,0.2999999999999998,0.093
0.1504,0.09039000000000003,6.249999999999999,0.2999999999999998,0.101,0.2999999999999998,0.092
0.15045,0.09085000000000003,6.3500000000000005,0.2999999999999998,0.1,0.2999999999999998,0.095
0.1505,0.08771000000000002,6.25,0.2999999999999998,0.1,0.2999999999999998,0.094
0.15055000000000002,0.08137000000000003,5.8999999999999995,0.2999999999999998,0.09899999999999999,0.2999999999999998,0.092
0.1506,0.07904750000000002,5.7,0.2999999999999998,0.09899999999999999,0.2999999999999998,0.091
0.15065,0.07703500000000002,5.5,0.2999999999999998,0.09899999999999999,0.2999999999999998,0.091
0.1507,0.07874500000000002,5.5,0.2999999999999998,0.098,0.2999999999999998,0.094
0.15075,0.07711750000000002,5.35,0.2999999999999998,0.098,0.2999999999999998,0.093
0.15080000000000002,0.07208750000000001,5.1,0.2999999999999998,0.098,0.2999999999999998,0.091
0.15085,0.07068000000000002,5.0,0.2999999999999998,0.097,0.2999999999999998,0.09000000000000001
0.1509,0.06942000000000002,4.950000000000001,0.2999999999999998,0.097,0.2999999999999998,0.09000000000000001
0.15095,0.07174250000000001,4.999999999999999,0.2999999999999998,0.097,0.2999999999999998,0.093
0.151,0.07065500000000002,4.8999999999999995,0.2999999999999998,0.096,0.2999999999999998,0.092
0.15105000000000002,0.06612000000000001,4.699999999999999,0.2999999999999998,0.096,0.2999999999999998,0.09000000000000001
0.1511,0.06518500000000002,4.65,0.2999999999999998,0.096,0.2999999999999998,0.09000000000000001
0.15115,0.06427500000000001,4.6000000000000005,0.2999999999999998,0.096,0.2999999999999998,0.089
0.1512,0.06678750000000001,4.699999999999999,0.2999999999999998,0.095,0.2999999999999998,0.092
0.15125,0.06590750000000002,4.6499999999999995,0.2999999999999998,0.095,0.2999999999999998,0.091
0.15130000000000002,0.06165750000000002,4.449999999999999,0.2999999999999998,0.095,0.2999999999999998,0.089
0.15135,0.06082500000000002,4.4,0.2999999999999998,0.095,0.2999999999999998,0.089
0.1514,0.05987500000000002,4.3500000000000005,0.2999999999999998,0.094,0.2999999999999998,0.088
0.15145,0.06164500000000001,4.449999999999998,0.34999999999999964,0.094,0.0,0.0
0.1515,0.059747500000000016,4.249999999999999,0.39999999999999947,0.094,0.39999999999999947,0.087
0.15155000000000002,0.055652500000000014,3.999999999999999,0.39999999999999947,0.094,0.39999999999999947,0.09000000000000001
0.1516,0.05341000000000001,3.8499999999999996,0.39999999999999947,0.093,0.39999999999999947,0.092
0.15165,0.051287500000000014,3.6499999999999995,0.39999999999999947,0.093,0.39999999999999947,0.093
0.1517,0.04948750000000001,3.45,0.39999999999999947,0.092,0.39999999999999947,0.092
0.15175,0.050455000000000014,3.3,0.39999999999999947,0.101,0.39999999999999947,0.101
0.15180000000000002,0.047320000000000015,3.0999999999999996,0.39999999999999947,0.101,0.39999999999999947,0.101
0.15185,0.04706750000000001,2.9000000000000004,0.39999999999999947,0.10500000000000001,0.39999999999999947,0.10500000000000001
0.1519,0.047105000000000015,2.700000000000001,0.39999999999999947,0.10900000000000001,0.39999999999999947,0.10900000000000001
0.15195,0.04790500000000001,2.5500000000000007,0.39999999999999947,0.112,0.39999999999999947,0.111
0.152,0.05372000000000001,2.3500000000000005,0.39999999999999947,0.117,0.39999999999999947,0.116
0.15205000000000002,0.05303250000000001,2.200000000000001,0.34999999999999964,0.117,0.34999999999999964,0.11299999999999999
0.1521,0.05684250000000001,2.0500000000000007,0.34999999999999964,0.11900000000000001,0.34999999999999964,0.11299999999999999
0.15215,0.061085000000000014,2.200000000000001,0.34999999999999964,0.121,0.34999999999999964,0.11299999999999999
0.1522,0.06538000000000002,2.3000000000000007,0.34999999999999964,0.122,0.34999999999999964,0.112
0.15225,0.07475500000000002,2.6000000000000005,0.34999999999999964,0.124,0.34999999999999964,0.114
0.15230000000000002,0.07408250000000002,2.55,0.34999999999999964,0.124,0.34999999999999964,0.11
0.15235,0.07830000000000002,2.7,0.34999999999999964,0.125,0.34999999999999964,0.10900000000000001
0.1524,0.08224250000000002,2.8499999999999996,0.34999999999999964,0.125,0.34999999999999964,0.108
0.15245,0.08597000000000002,3.0,0.34999999999999964,0.126,0.34999999999999964,0.107
0.1525,0.09423500000000003,3.3,0.34999999999999964,0.126,0.34999999999999964,0.10900000000000001
0.15255000000000002,0.09292500000000002,3.3,0.34999999999999964,0.125,0.34999999999999964,0.10500000000000001
0.1526,0.09602500000000003,3.4000000000000004,0.34999999999999964,0.125,0.34999999999999964,0.104
0.15265,0.09892750000000003,3.5500000000000007,0.34999999999999964,0.124,0.34999999999999964,0.103
0.1527,0.10143500000000003,3.700000000000001,0.34999999999999964,0.124,0.34999999999999964,0.102
0.15275,0.10802000000000003,4.000000000000001,0.34999999999999964,0.12300000000000001,0.34999999999999964,0.10500000000000001
0.15280000000000002,0.10520500000000002,4.000000000000001,0.34999999999999964,0.122,0.34999999999999964,0.101
0.15285,0.10668500000000003,4.150000000000001,0.34999999999999964,0.12000000000000001,0.34999999999999964,0.1
0.1529,0.10798500000000003,4.250000000000001,0.34999999999999964,0.11900000000000001,0.34999999999999964,0.09899999999999999
0.15295,0.10891500000000003,4.4,0.34999999999999964,0.118,0.34999999999999964,0.09899999999999999
0.153,0.11360500000000003,4.7,0.34999999999999964,0.116,0.34999999999999964,0.101
0.15305000000000002,0.10978500000000002,4.7,0.34999999999999964,0.115,0.34999999999999964,0.097
0.1531,0.10982500000000003,4.8,0.34999999999999964,0.11299999999999999,0.34999999999999964,0.097
0.15315,0.10989250000000003,4.95,0.34999999999999964,0.112,0.34999999999999964,0.096
0.1532,0.11031750000000003,5.1,0.34999999999999964,0.111,0.34999999999999964,0.096
0.15325,0.11448250000000003,5.349999999999999,0.34999999999999964,0.11,0.34999999999999964,0.098
0.15330000000000002,0.11425750000000003,5.449999999999999,0.34999999999999964,0.10900000000000001,0.34999999999999964,0.098
0.15335000000000001,0.10982000000000003,5.449999999999999,0.34999999999999964,0.108,0.34999999999999964,0.095
0.1534,0.10896250000000003,5.55,0.34999999999999964,0.107,0.34999999999999964,0.094
0.15345,0.10771500000000003,5.7,0.34999999999999964,0.106,0.34999999999999964,0.094
0.1535,0.10979500000000003,5.950000000000001,0.34999999999999964,0.10500000000000001,0.34999999999999964,0.096
0.15355000000000002,0.10763500000000002,6.050000000000001,0.34999999999999964,0.104,0.34999999999999964,0.096
0.15360000000000001,0.10109250000000003,6.050000000000001,0.2999999999999998,0.103,0.2999999999999998,0.093
0.15365,0.09765500000000002,6.1,0.2999999999999998,0.103,0.2999999999999998,0.093
0.1537,0.09450750000000002,6.2,0.2999999999999998,0.102,0.2999999999999998,0.093
0.15375,0.09511500000000002,6.4,0.2999999999999998,0.101,0.2999999999999998,0.095
0.15380000000000002,0.09191750000000003,6.4,0.2999999999999998,0.101,0.2999999999999998,0.095
0.15385000000000001,0.08510500000000003,6.15,0.2999999999999998,0.1,0.2999999999999998,0.092
0.1539,0.08225500000000002,5.999999999999999,0.2999999999999998,0.1,0.2999999999999998,0.092
0.15395,0.07979250000000002,5.75,0.2999999999999998,0.09899999999999999,0.2999999999999998,0.091
0.154,0.08124750000000001,5.7,0.2999999999999998,0.09899999999999999,0.2999999999999998,0.094
0.15405000000000002,0.07931500000000002,5.549999999999999,0.2999999999999998,0.098,0.2999999999999998,0.094
0.15410000000000001,0.07411000000000002,5.25,0.2999999999999998,0.098,0.2999999999999998,0.091
0.15415,0.07255250000000002,5.15,0.2999999999999998,0.098,0.2999999999999998,0.091
0.1542,0.07116000000000001,5.050000000000001,0.2999999999999998,0.097,0.2999999999999998,0.09000000000000001
0.15425,0.07335000000000001,5.1,0.2999999999999998,0.097,0.2999999999999998,0.093
0.15430000000000002,0.07217000000000001,5.0,0.2999999999999998,0.097,0.2999999999999998,0.093
0.15435000000000001,0.06754000000000002,4.800000000000001,0.2999999999999998,0.097,0.2999999999999998,0.09000000000000001
0.1544,0.06650500000000002,4.75,0.2999999999999998,0.096,0.2999999999999998,0.09000000000000001
0.15445,0.06547000000000001,4.65,0.2999999999999998,0.096,0.2999999999999998,0.09000000000000001
0.1545,0.06797500000000002,4.75,0.2999999999999998,0.096,0.2999999999999998,0.092
0.15455000000000002,0.06707750000000001,4.7,0.2999999999999998,0.095,0.2999999999999998,0.092
0.15460000000000002,0.06283000000000001,4.500000000000001,0.2999999999999998,0.095,0.2999999999999998,0.089
0.15465,0.06195000000000002,4.449999999999999,0.2999999999999998,0.095,0.2999999999999998,0.089
0.1547,0.061127500000000015,4.4,0.2999999999999998,0.095,0.2999999999999998,0.089
0.15475,0.06336250000000002,4.55,0.2999999999999998,0.094,0.2999999999999998,0.091
0.15480000000000002,0.06215750000000002,4.5,0.2999999999999998,0.094,0.2999999999999998,0.09000000000000001
0.15485000000000002,0.058130000000000015,4.300000000000001,0.2999999999999998,0.094,0.2999999999999998,0.081
0.1549,0.05637750000000001,4.1000000000000005,0.40000000000000036,0.094,0.40000000000000036,0.088
0.15495,0.05414500000000001,3.9,0.40000000000000036,0.093,0.40000000000000036,0.092
0.155,0.05383000000000002,3.7,0.40000000000000036,0.093,0.40000000000000036,0.093
0.15505000000000002,0.052052500000000015,3.55,0.40000000000000036,0.094,0.40000000000000036,0.094
0.15510000000000002,0.048512500000000014,3.35,0.40000000000000036,0.094,0.40000000000000036,0.094
0.15515,0.04761250000000001,3.1500000000000004,0.40000000000000036,0.09899999999999999,0.40000000000000036,0.09899999999999999
0.1552,0.04708250000000001,3.0,0.40000000000000036,0.104,0.40000000000000036,0.104
0.15525,0.049970000000000014,2.75,0.40000000000000036,0.111,0.40000000000000036,0.111
0.1553,0.050677500000000014,2.6,0.40000000000000036,0.114,0.40000000000000036,0.114
0.15535000000000002,0.049180000000000015,2.4,0.40000000000000036,0.114,0.40000000000000036,0.112
0.1554,0.051822500000000014,2.25,0.34999999999999964,0.117,0.34999999999999964,0.11299999999999999
0.15545,0.055547500000000014,2.1,0.34999999999999964,0.11900000000000001,0.34999999999999964,0.11299999999999999
0.1555,0.06458250000000001,2.25,0.34999999999999964,0.122,0.34999999999999964,0.116
0.15555,0.06893000000000002,2.4,0.34999999999999964,0.12300000000000001,0.34999999999999964,0.115
0.15560000000000002,0.06837000000000001,2.4,0.34999999999999964,0.12300000000000001,0.34999999999999964,0.111
0.15565,0.07270250000000002,2.5,0.34999999999999964,0.124,0.34999999999999964,0.11
0.1557,0.07690250000000001,2.65,0.34999999999999964,0.125,0.34999999999999964,0.10900000000000001
0.15575,0.08576750000000002,2.9499999999999997,0.34999999999999964,0.126,0.34999999999999964,0.112
0.1558,0.08956000000000003,3.1,0.34999999999999964,0.126,0.34999999999999964,0.111
0.15585000000000002,0.08842500000000002,3.1,0.34999999999999964,0.126,0.34999999999999964,0.106
0.1559,0.09183750000000002,3.25,0.34999999999999964,0.125,0.34999999999999964,0.10500000000000001
0.15595,0.09502750000000003,3.4,0.34999999999999964,0.125,0.34999999999999964,0.104
0.156,0.10247000000000002,3.6500000000000004,0.34999999999999964,0.125,0.34999999999999964,0.107
0.15605,0.10508000000000002,3.8000000000000003,0.34999999999999964,0.124,0.34999999999999964,0.106
0.15610000000000002,0.10295000000000003,3.8000000000000003,0.34999999999999964,0.12300000000000001,0.34999999999999964,0.102
0.15615,0.10471500000000003,3.95,0.34999999999999964,0.122,0.34999999999999964,0.101
0.1562,0.10623250000000002,4.1000000000000005,0.34999999999999964,0.121,0.34999999999999964,0.1
0.15625,0.11185750000000003,4.3500000000000005,0.34999999999999964,0.12000000000000001,0.34999999999999964,0.103
0.1563,0.11282750000000002,4.5,0.34999999999999964,0.118,0.34999999999999964,0.102
0.15635000000000002,0.10930250000000002,4.5,0.34999999999999964,0.117,0.34999999999999964,0.098
0.1564,0.10971750000000002,4.65,0.34999999999999964,0.115,0.34999999999999964,0.097
0.15645,0.10983750000000003,4.749999999999999,0.34999999999999964,0.114,0.34999999999999964,0.097
0.1565,0.11374500000000003,5.05,0.34999999999999964,0.11299999999999999,0.34999999999999964,0.1
0.15655,0.11426000000000003,5.199999999999999,0.34999999999999964,0.111,0.34999999999999964,0.09899999999999999
0.15660000000000002,0.11052750000000003,5.199999999999999,0.34999999999999964,0.11,0.34999999999999964,0.095
0.15665,0.11043000000000003,5.3,0.34999999999999964,0.10900000000000001,0.34999999999999964,0.095
0.1567,0.11001500000000003,5.3999999999999995,0.34999999999999964,0.108,0.34999999999999964,0.095
0.15675,0.11314250000000003,5.6499999999999995,0.34999999999999964,0.107,0.34999999999999964,0.097
0.1568,0.11199750000000003,5.8,0.34999999999999964,0.106,0.34999999999999964,0.097
0.15685000000000002,0.10668750000000003,5.75,0.34999999999999964,0.10500000000000001,0.34999999999999964,0.094
0.1569,0.10470750000000002,5.9,0.34999999999999964,0.104,0.34999999999999964,0.093
0.15695,0.10218000000000002,6.0,0.2999999999999998,0.104,0.2999999999999998,0.093
0.157,0.10247000000000002,6.249999999999999,0.2999999999999998,0.103,0.2999999999999998,0.096
0.15705,0.09917250000000002,6.3,0.2999999999999998,0.102,0.2999999999999998,0.095
0.15710000000000002,0.09254750000000002,6.25,0.2999999999999998,0.102,0.2999999999999998,0.092
0.15715,0.08939250000000003,6.249999999999999,0.2999999999999998,0.101,0.2999999999999998,0.092
0.1572,0.08617250000000003,6.2,0.2999999999999998,0.1,0.2999999999999998,0.092
0.15725,0.08674250000000003,6.2,0.2999999999999998,0.1,0.2999999999999998,0.094
0.1573,0.08418750000000003,5.950000000000001,0.2999999999999998,0.09899999999999999,0.2999999999999998,0.094
0.15735000000000002,0.07834750000000001,5.6000000000000005,0.2999999999999998,0.09899999999999999,0.2999999999999998,0.091
0.1574,0.07642000000000002,5.45,0.2999999999999998,0.09899999999999999,0.2999999999999998,0.091
0.15745,0.07465000000000002,5.299999999999999,0.2999999999999998,0.098,0.2999999999999998,0.091
0.1575,0.07663750000000003,5.349999999999999,0.2999999999999998,0.098,0.2999999999999998,0.093
0.15755,0.07514000000000001,5.25,0.2999999999999998,0.098,0.2999999999999998,0.093
0.15760000000000002,0.07029000000000002,5.000000000000001,0.2999999999999998,0.097,0.2999999999999998,0.09000000000000001
0.15765,0.06905500000000002,4.899999999999999,0.2999999999999998,0.097,0.2999999999999998,0.09000000000000001
0.1577,0.06789750000000001,4.8,0.2999999999999998,0.097,0.2999999999999998,0.09000000000000001
0.15775,0.07032250000000002,4.9,0.2999999999999998,0.096,0.2999999999999998,0.092
0.1578,0.06927250000000001,4.8500000000000005,0.2999999999999998,0.096,0.2999999999999998,0.092
0.15785000000000002,0.06487750000000002,4.65,0.2999999999999998,0.096,0.2999999999999998,0.089
0.1579,0.06399750000000001,4.6,0.2999999999999998,0.096,0.2999999999999998,0.089
0.15795,0.06311000000000001,4.550000000000002,0.2999999999999998,0.095,0.2999999999999998,0.089
0.158,0.06563000000000002,4.65,0.2999999999999998,0.095,0.2999999999999998,0.091
0.15805,0.06467500000000001,4.599999999999999,0.2999999999999998,0.095,0.2999999999999998,0.091
0.15810000000000002,0.06049750000000002,4.399999999999999,0.2999999999999998,0.095,0.2999999999999998,0.089
0.15815,0.05954750000000002,4.350000000000001,0.2999999999999998,0.094,0.2999999999999998,0.088
0.1582,0.05855500000000002,4.3,0.2999999999999998,0.094,0.0,0.0
0.15825,0.05701500000000002,4.199999999999998,0.34999999999999964,0.094,0.34999999999999964,0.08600000000000001
0.1583,0.05671750000000001,3.9499999999999993,0.40000000000000036,0.093,0.40000000000000036,0.092
0.15835000000000002,0.052662500000000015,3.75,0.40000000000000036,0.093,0.40000000000000036,0.093
0.1584,0.05062000000000001,3.5999999999999996,0.40000000000000036,0.093,0.40000000000000036,0.093
0.15845,0.049020000000000015,3.3999999999999995,0.40000000000000036,0.092,0.40000000000000036,0.092
0.1585,0.04783750000000001,3.249999999999999,0.40000000000000036,0.097,0.40000000000000036,0.097
0.15855,0.04992000000000001,3.05,0.40000000000000036,0.107,0.40000000000000036,0.107
0.15860000000000002,0.047055000000000013,2.8500000000000005,0.40000000000000036,0.107,0.40000000000000036,0.107
0.15865,0.04729000000000001,2.6500000000000004,0.40000000000000036,0.11,0.40000000000000036,0.11
0.1587,0.04852250000000001,2.5,0.40000000000000036,0.11299999999999999,0.40000000000000036,0.112
0.15875,0.05073750000000001,2.3000000000000007,0.40000000000000036,0.116,0.40000000000000036,0.11299999999999999
0.1588,0.058712500000000015,2.1500000000000004,0.35000000000000053,0.12000000000000001,0.35000000000000053,0.116
0.15885000000000002,0.058227500000000015,2.1000000000000005,0.35000000000000053,0.12000000000000001,0.35000000000000053,0.11299999999999999
0.1589,0.06251500000000002,2.250000000000001,0.35000000000000053,0.122,0.35000000000000053,0.112
0.15895,0.06685250000000002,2.3500000000000005,0.35000000000000053,0.12300000000000001,0.35000000000000053,0.112
0.159,0.07128500000000002,2.4499999999999993,0.35000000000000053,0.124,0.35000000000000053,0.111
0.15905,0.08040250000000002,2.75,0.35000000000000053,0.125,0.35000000000000053,0.11299999999999999
0.15910000000000002,0.07966500000000001,2.75,0.35000000000000053,0.125,0.35000000000000053,0.10900000000000001
0.15915,0.08357000000000002,2.8999999999999995,0.35000000000000053,0.125,0.35000000000000053,0.107
0.1592,0.08720500000000002,3.0500000000000007,0.35000000000000053,0.126,0.35000000000000053,0.106
0.15925,0.09074750000000002,3.2,0.35000000000000053,0.125,0.35000000000000053,0.10500000000000001
0.1593,0.09853250000000002,3.5,0.35000000000000053,0.125,0.35000000000000053,0.108
0.15935000000000002,0.10154500000000002,3.6000000000000014,0.35000000000000053,0.125,0.35000000000000053,0.107
0.15940000000000001,0.09979250000000002,3.6000000000000014,0.35000000000000053,0.124,0.35000000000000053,0.103
0.15945,0.10220500000000003,3.750000000000001,0.35000000000000053,0.12300000000000001,0.35000000000000053,0.102
0.1595,0.10423250000000002,3.9000000000000012,0.35000000000000053,0.122,0.35000000000000053,0.101
0.15955,0.11001000000000002,4.200000000000001,0.35000000000000053,0.121,0.35000000000000053,0.104
0.15960000000000002,0.11145500000000003,4.300000000000001,0.35000000000000053,0.12000000000000001,0.35000000000000053,0.103
0.15965000000000001,0.10829250000000003,4.300000000000001,0.35000000000000053,0.11900000000000001,0.35000000000000053,0.09899999999999999
0.1597,0.10913750000000003,4.45,0.35000000000000053,0.117,0.35000000000000053,0.098
0.15975,0.10961750000000003,4.6000000000000005,0.35000000000000053,0.116,0.35000000000000053,0.098
0.1598,0.11395500000000003,4.9,0.35000000000000053,0.114,0.35000000000000053,0.1
0.15985000000000002,0.11382250000000003,4.999999999999999,0.35000000000000053,0.11299999999999999,0.35000000000000053,0.1
0.15990000000000001,0.11002250000000002,4.999999999999999,0.35000000000000053,0.112,0.35000000000000053,0.096
0.15995,0.11038000000000003,5.1499999999999995,0.35000000000000053,0.111,0.35000000000000053,0.096
0.16,0.11054750000000003,5.249999999999999,0.35000000000000053,0.10900000000000001,0.35000000000000053,0.095
0.16005,0.11414750000000003,5.499999999999999,0.35000000000000053,0.108,0.35000000000000053,0.098
0.16010000000000002,0.11342250000000002,5.649999999999999,0.35000000000000053,0.107,0.35000000000000053,0.097
0.16015000000000001,0.10860250000000003,5.6,0.35000000000000053,0.106,0.35000000000000053,0.094
0.1602,0.10724500000000002,5.75,0.35000000000000053,0.10500000000000001,0.35000000000000053,0.094
0.16025,0.10546000000000003,5.850000000000001,0.35000000000000053,0.10500000000000001,0.35000000000000053,0.094
0.1603,0.10681500000000002,6.1,0.35000000000000053,0.104,0.35000000000000053,0.096
0.16035000000000002,0.10370250000000003,6.199999999999999,0.3000000000000007,0.103,0.3000000000000007,0.096
0.16040000000000001,0.09657250000000002,6.149999999999999,0.3000000000000007,0.102,0.3000000000000007,0.093
0.16045,0.09357000000000003,6.199999999999999,0.3000000000000007,0.102,0.3000000000000007,0.093
0.1605,0.09042500000000002,6.250000000000002,0.3000000000000007,0.101,0.3000000000000007,0.092
0.16055,0.09088000000000002,6.3500000000000005,0.3000000000000007,0.101,0.3000000000000007,0.095
0.16060000000000002,0.08772750000000003,6.25,0.3000000000000007,0.1,0.3000000000000007,0.094
0.16065000000000002,0.08139500000000002,5.9,0.3000000000000007,0.09899999999999999,0.3000000000000007,0.092
0.1607,0.07906500000000002,5.700000000000001,0.3000000000000007,0.09899999999999999,0.3000000000000007,0.091
0.16075,0.07705000000000002,5.5,0.3000000000000007,0.09899999999999999,0.3000000000000007,0.091
0.1608,0.07876500000000002,5.5,0.3000000000000007,0.098,0.3000000000000007,0.094
0.16085000000000002,0.07714000000000001,5.35,0.3000000000000007,0.098,0.3000000000000007,0.093
0.16090000000000002,0.07210000000000001,5.1,0.3000000000000007,0.098,0.3000000000000007,0.091
0.16095,0.07070500000000002,5.0,0.3000000000000007,0.097,0.3000000000000007,0.09000000000000001
0.161,0.06943750000000001,4.950000000000001,0.3000000000000007,0.097,0.3000000000000007,0.09000000000000001
0.16105,0.07175750000000002,5.0,0.3000000000000007,0.097,0.3000000000000007,0.093
0.16110000000000002,0.07068500000000001,4.9,0.3000000000000007,0.096,0.3000000000000007,0.092
0.16115000000000002,0.06613500000000001,4.700000000000001,0.3000000000000007,0.096,0.3000000000000007,0.09000000000000001
0.1612,0.06520250000000001,4.6499999999999995,0.3000000000000007,0.096,0.3000000000000007,0.09000000000000001
0.16125,0.06430000000000001,4.6000000000000005,0.3000000000000007,0.096,0.3000000000000007,0.089
0.1613,0.06680750000000002,4.7,0.3000000000000007,0.095,0.3000000000000007,0.092
0.16135000000000002,0.06592000000000002,4.6499999999999995,0.3000000000000007,0.095,0.3000000000000007,0.091
0.16140000000000002,0.061690000000000016,4.45,0.3000000000000007,0.095,0.3000000000000007,0.089
0.16145,0.06084000000000001,4.3999999999999995,0.3000000000000007,0.095,0.3000000000000007,0.089
0.1615,0.05991500000000002,4.3500000000000005,0.3000000000000007,0.094,0.3000000000000007,0.088
0.16155,0.06166000000000001,4.45,0.34999999999999964,0.094,0.0,0.0
0.16160000000000002,0.05975750000000001,4.250000000000001,0.40000000000000036,0.094,0.40000000000000036,0.087
0.16165000000000002,0.05566250000000001,4.0,0.40000000000000036,0.094,0.40000000000000036,0.09000000000000001
0.1617,0.05342750000000002,3.85,0.40000000000000036,0.093,0.40000000000000036,0.092
0.16175,0.05129750000000001,3.6500000000000004,0.40000000000000036,0.093,0.40000000000000036,0.093
0.1618,0.051580000000000015,3.45,0.40000000000000036,0.096,0.40000000000000036,0.096
0.16185000000000002,0.050462500000000014,3.3000000000000003,0.40000000000000036,0.101,0.40000000000000036,0.101
0.16190000000000002,0.04734250000000001,3.1,0.40000000000000036,0.101,0.40000000000000036,0.101
0.16195,0.047077500000000015,2.9,0.40000000000000036,0.10500000000000001,0.40000000000000036,0.10500000000000001
0.162,0.04711250000000001,2.6999999999999997,0.40000000000000036,0.10900000000000001,0.40000000000000036,0.10900000000000001
0.16205,0.05120000000000001,2.55,0.40000000000000036,0.115,0.40000000000000036,0.115
0.1621,0.05372750000000001,2.3499999999999996,0.40000000000000036,0.117,0.40000000000000036,0.116
0.16215000000000002,0.053037500000000015,2.1999999999999997,0.35000000000000053,0.117,0.35000000000000053,0.11299999999999999
0.1622,0.056852500000000014,2.05,0.35000000000000053,0.11900000000000001,0.35000000000000053,0.11299999999999999
0.16225,0.061085000000000014,2.1999999999999997,0.35000000000000053,0.121,0.35000000000000053,0.11299999999999999
0.1623,0.07035500000000001,2.4499999999999997,0.35000000000000053,0.124,0.35000000000000053,0.115
0.16235,0.07476000000000002,2.6,0.35000000000000053,0.124,0.35000000000000053,0.114
0.16240000000000002,0.07408750000000001,2.5500000000000003,0.35000000000000053,0.124,0.35000000000000053,0.11
0.16245,0.07830000000000002,2.7,0.35000000000000053,0.125,0.35000000000000053,0.10900000000000001
0.1625,0.08224500000000003,2.85,0.35000000000000053,0.125,0.35000000000000053,0.108
0.16255,0.09073750000000003,3.15,0.35000000000000053,0.126,0.35000000000000053,0.11
0.1626,0.09425250000000002,3.3,0.35000000000000053,0.126,0.35000000000000053,0.10900000000000001
0.16265000000000002,0.09293500000000002,3.3,0.35000000000000053,0.125,0.35000000000000053,0.10500000000000001
0.1627,0.09603250000000002,3.4,0.35000000000000053,0.125,0.35000000000000053,0.104
0.16275,0.09894000000000003,3.5500000000000003,0.35000000000000053,0.124,0.35000000000000053,0.103
0.1628,0.10584750000000002,3.85,0.35000000000000053,0.124,0.35000000000000053,0.106
0.16285,0.10803500000000003,4.0,0.35000000000000053,0.12300000000000001,0.35000000000000053,0.10500000000000001
0.16290000000000002,0.10521750000000003,4.0,0.35000000000000053,0.122,0.35000000000000053,0.101
0.16295,0.10670500000000002,4.15,0.35000000000000053,0.12000000000000001,0.35000000000000053,0.1
0.163,0.10801250000000003,4.25,0.35000000000000053,0.11900000000000001,0.35000000000000053,0.09899999999999999
0.16305,0.11311750000000002,4.55,0.35000000000000053,0.118,0.35000000000000053,0.102
0.1631,0.11363750000000003,4.7,0.35000000000000053,0.116,0.35000000000000053,0.101
0.16315000000000002,0.10980500000000003,4.7,0.35000000000000053,0.115,0.35000000000000053,0.097
0.1632,0.10984250000000002,4.8,0.35000000000000053,0.11299999999999999,0.35000000000000053,0.097
0.16325,0.10991250000000002,4.95,0.35000000000000053,0.112,0.35000000000000053,0.096
0.1633,0.11436000000000003,5.25,0.35000000000000053,0.111,0.35000000000000053,0.09899999999999999
0.16335,0.11450000000000003,5.35,0.35000000000000053,0.11,0.35000000000000053,0.098
0.16340000000000002,0.11033750000000003,5.35,0.35000000000000053,0.10900000000000001,0.35000000000000053,0.095
0.16345,0.10983500000000003,5.449999999999999,0.35000000000000053,0.108,0.35000000000000053,0.095
0.1635,0.10898750000000003,5.55,0.35000000000000053,0.107,0.35000000000000053,0.094
0.16355,0.11154500000000003,5.8500000000000005,0.35000000000000053,0.106,0.35000000000000053,0.097
0.1636,0.10984250000000002,5.95,0.35000000000000053,0.10500000000000001,0.35000000000000053,0.097
0.16365000000000002,0.10392000000000003,5.9,0.35000000000000053,0.104,0.35000000000000053,0.093
0.1637,0.10113000000000003,6.050000000000001,0.3000000000000007,0.103,0.3000000000000007,0.093
0.16375,0.09768000000000003,6.1000000000000005,0.3000000000000007,0.103,0.3000000000000007,0.093
0.1638,0.09818500000000002,6.3500000000000005,0.3000000000000007,0.102,0.3000000000000007,0.095
0.16385,0.09513000000000002,6.4,0.3000000000000007,0.101,0.3000000000000007,0.095
0.16390000000000002,0.08832500000000003,6.25,0.3000000000000007,0.101,0.3000000000000007,0.092
0.16395,0.08513500000000002,6.15,0.3000000000000007,0.1,0.3000000000000007,0.092
0.164,0.08227500000000001,6.0,0.3000000000000007,0.1,0.3000000000000007,0.092
0.16405,0.08341250000000001,5.8999999999999995,0.3000000000000007,0.09899999999999999,0.3000000000000007,0.094
0.1641,0.08127000000000002,5.699999999999999,0.3000000000000007,0.09899999999999999,0.3000000000000007,0.094
0.16415000000000002,0.07579000000000002,5.4,0.3000000000000007,0.098,0.3000000000000007,0.091
0.1642,0.07412250000000002,5.25,0.3000000000000007,0.098,0.3000000000000007,0.091
0.16425,0.07256750000000002,5.15,0.3000000000000007,0.098,0.3000000000000007,0.091
0.1643,0.07470000000000002,5.199999999999999,0.3000000000000007,0.097,0.3000000000000007,0.093
0.16435,0.07336250000000002,5.1,0.3000000000000007,0.097,0.3000000000000007,0.093
0.16440000000000002,0.06865500000000002,4.85,0.3000000000000007,0.097,0.3000000000000007,0.09000000000000001
0.16445,0.06755750000000002,4.800000000000001,0.3000000000000007,0.097,0.3000000000000007,0.09000000000000001
0.1645,0.06651250000000002,4.750000000000001,0.3000000000000007,0.096,0.3000000000000007,0.09000000000000001
0.16455,0.06896500000000001,4.8,0.3000000000000007,0.096,0.3000000000000007,0.092
0.1646,0.06798250000000002,4.75,0.3000000000000007,0.096,0.3000000000000007,0.092
0.16465000000000002,0.06368250000000002,4.55,0.3000000000000007,0.095,0.3000000000000007,0.089
0.1647,0.06284500000000001,4.500000000000001,0.3000000000000007,0.095,0.3000000000000007,0.089
0.16475,0.06195500000000002,4.449999999999998,0.3000000000000007,0.095,0.3000000000000007,0.089
0.1648,0.06114500000000002,4.400000000000001,0.3000000000000007,0.095,0.3000000000000007,0.089
0.16485,0.06337500000000001,4.55,0.3000000000000007,0.094,0.3000000000000007,0.091
0.16490000000000002,0.05924250000000002,4.3500000000000005,0.3000000000000007,0.094,0.3000000000000007,0.088
0.16495,0.05814000000000002,4.299999999999998,0.3000000000000007,0.094,0.3000000000000007,0.081
0.165,0.05639250000000001,4.099999999999999,0.40000000000000036,0.094,0.40000000000000036,0.088
0.16505,0.05415250000000001,3.8999999999999995,0.40000000000000036,0.093,0.40000000000000036,0.092
0.1651,0.053850000000000016,3.6999999999999993,0.40000000000000036,0.093,0.40000000000000036,0.093
0.16515000000000002,0.05005500000000001,3.549999999999999,0.40000000000000036,0.092,0.40000000000000036,0.092
0.1652,0.04853250000000001,3.3499999999999996,0.40000000000000036,0.094,0.40000000000000036,0.094
0.16525,0.047625000000000015,3.1500000000000004,0.40000000000000036,0.09899999999999999,0.40000000000000036,0.09899999999999999
0.1653,0.04709500000000001,2.999999999999999,0.40000000000000036,0.104,0.40000000000000036,0.104
0.16535,0.04998000000000001,2.750000000000001,0.40000000000000036,0.111,0.40000000000000036,0.111
0.16540000000000002,0.047520000000000014,2.6000000000000005,0.40000000000000036,0.111,0.40000000000000036,0.111
0.16545,0.04918500000000001,2.450000000000001,0.40000000000000036,0.114,0.40000000000000036,0.112
0.1655,0.05182750000000001,2.250000000000001,0.34999999999999964,0.117,0.34999999999999964,0.11299999999999999
0.16555,0.05555250000000001,2.1000000000000005,0.34999999999999964,0.11900000000000001,0.34999999999999964,0.11299999999999999
0.1656,0.06458250000000001,2.250000000000001,0.34999999999999964,0.122,0.34999999999999964,0.116
0.16565000000000002,0.06893750000000001,2.4000000000000012,0.34999999999999964,0.12300000000000001,0.34999999999999964,0.115
0.16570000000000001,0.06837500000000002,2.4000000000000012,0.34999999999999964,0.12300000000000001,0.34999999999999964,0.111
0.16575,0.07270500000000002,2.5,0.34999999999999964,0.124,0.34999999999999964,0.11
0.1658,0.07691000000000002,2.6500000000000004,0.34999999999999964,0.125,0.34999999999999964,0.10900000000000001
0.16585,0.08577250000000002,2.95,0.34999999999999964,0.126,0.34999999999999964,0.112
0.16590000000000002,0.08956500000000002,3.1000000000000005,0.34999999999999964,0.126,0.34999999999999964,0.111
0.16595000000000001,0.08843000000000002,3.1000000000000005,0.34999999999999964,0.126,0.34999999999999964,0.106
0.166,0.09184000000000002,3.25,0.34999999999999964,0.125,0.34999999999999964,0.10500000000000001
0.16605,0.09503250000000002,3.4000000000000004,0.34999999999999964,0.125,0.34999999999999964,0.104
0.1661,0.10248000000000003,3.6500000000000012,0.34999999999999964,0.125,0.34999999999999964,0.107
0.16615000000000002,0.10510000000000003,3.8000000000000007,0.34999999999999964,0.124,0.34999999999999964,0.106
0.16620000000000001,0.10296750000000003,3.8000000000000007,0.34999999999999964,0.12300000000000001,0.34999999999999964,0.102
0.16625,0.10472250000000002,3.950000000000001,0.34999999999999964,0.122,0.34999999999999964,0.101
0.1663,0.10625500000000003,4.1000000000000005,0.34999999999999964,0.121,0.34999999999999964,0.1
0.16635,0.11188500000000003,4.3500000000000005,0.34999999999999964,0.12000000000000001,0.34999999999999964,0.103
0.16640000000000002,0.11283000000000003,4.5,0.34999999999999964,0.118,0.34999999999999964,0.102
0.16645000000000001,0.10931000000000003,4.5,0.34999999999999964,0.117,0.34999999999999964,0.098
0.1665,0.10974000000000003,4.65,0.34999999999999964,0.115,0.34999999999999964,0.098
0.16655,0.10985000000000003,4.749999999999999,0.34999999999999964,0.114,0.34999999999999964,0.097
0.1666,0.11376750000000004,5.05,0.34999999999999964,0.11299999999999999,0.34999999999999964,0.1
0.16665000000000002,0.11427250000000003,5.2,0.34999999999999964,0.111,0.34999999999999964,0.09899999999999999
0.16670000000000001,0.11054000000000003,5.2,0.34999999999999964,0.11,0.34999999999999964,0.095
0.16675,0.11043250000000003,5.299999999999999,0.34999999999999964,0.10900000000000001,0.34999999999999964,0.095
0.1668,0.11004000000000003,5.399999999999999,0.34999999999999964,0.108,0.34999999999999964,0.095
0.16685,0.11316500000000003,5.6499999999999995,0.34999999999999964,0.107,0.34999999999999964,0.097
0.16690000000000002,0.11200250000000003,5.8,0.34999999999999964,0.106,0.34999999999999964,0.097
0.16695000000000002,0.10670250000000003,5.750000000000001,0.34999999999999964,0.10500000000000001,0.34999999999999964,0.094
0.167,0.10473000000000003,5.900000000000001,0.34999999999999964,0.104,0.34999999999999964,0.093
0.16705,0.10221250000000003,6.0,0.2999999999999998,0.104,0.2999999999999998,0.093
0.1671,0.10250500000000003,6.25,0.2999999999999998,0.103,0.2999999999999998,0.096
0.16715000000000002,0.09921500000000003,6.3,0.2999999999999998,0.102,0.2999999999999998,0.095
0.16720000000000002,0.09257000000000003,6.249999999999999,0.2999999999999998,0.102,0.2999999999999998,0.092
0.16725,0.08940500000000003,6.249999999999998,0.2999999999999998,0.101,0.2999999999999998,0.092
0.1673,0.08619500000000002,6.199999999999999,0.2999999999999998,0.1,0.2999999999999998,0.092
0.16735,0.08678250000000003,6.200000000000001,0.2999999999999998,0.1,0.2999999999999998,0.094
0.16740000000000002,0.08420750000000002,6.0,0.2999999999999998,0.09899999999999999,0.2999999999999998,0.094
0.16745000000000002,0.07837750000000002,5.600000000000001,0.2999999999999998,0.09899999999999999,0.2999999999999998,0.091
0.1675,0.07643750000000002,5.45,0.2999999999999998,0.09899999999999999,0.2999999999999998,0.091
0.16755,0.07466750000000003,5.300000000000001,0.2999999999999998,0.098,0.2999999999999998,0.091
0.1676,0.07664500000000002,5.35,0.2999999999999998,0.098,0.2999999999999998,0.093
0.16765000000000002,0.07516750000000001,5.249999999999999,0.2999999999999998,0.098,0.2999999999999998,0.093
0.16770000000000002,0.07030000000000002,5.0,0.2999999999999998,0.097,0.2999999999999998,0.09000000000000001
0.16775,0.06907500000000001,4.9,0.2999999999999998,0.097,0.2999999999999998,0.09000000000000001
0.1678,0.06791250000000001,4.800000000000001,0.2999999999999998,0.097,0.2999999999999998,0.09000000000000001
0.16785,0.07034000000000001,4.9,0.2999999999999998,0.096,0.2999999999999998,0.092
0.16790000000000002,0.06928500000000001,4.85,0.2999999999999998,0.096,0.2999999999999998,0.092
0.16795000000000002,0.06489250000000002,4.6499999999999995,0.2999999999999998,0.096,0.2999999999999998,0.089
0.168,0.06401000000000001,4.6000000000000005,0.2999999999999998,0.096,0.2999999999999998,0.089
0.16805,0.06312250000000001,4.55,0.2999999999999998,0.095,0.2999999999999998,0.089
0.1681,0.06564500000000002,4.65,0.2999999999999998,0.095,0.2999999999999998,0.091
0.16815000000000002,0.06469250000000001,4.6,0.2999999999999998,0.095,0.2999999999999998,0.091
0.16820000000000002,0.060510000000000015,4.3999999999999995,0.2999999999999998,0.095,0.2999999999999998,0.089
0.16825,0.05955750000000001,4.3500000000000005,0.2999999999999998,0.094,0.2999999999999998,0.088
0.1683,0.05857000000000002,4.3,0.2999999999999998,0.094,0.0,0.0
0.16835,0.05903500000000002,4.2,0.40000000000000036,0.094,0.40000000000000036,0.089
0.16840000000000002,0.056730000000000017,3.95,0.40000000000000036,0.093,0.40000000000000036,0.092
0.16845000000000002,0.05268000000000001,3.75,0.40000000000000036,0.093,0.40000000000000036,0.093
0.1685,0.05063250000000001,3.6,0.40000000000000036,0.093,0.40000000000000036,0.093
0.16855,0.049027500000000016,3.4,0.40000000000000036,0.092,0.40000000000000036,0.092
0.1686,0.050275000000000014,3.25,0.40000000000000036,0.102,0.40000000000000036,0.102
0.16865,0.04993250000000001,3.05,0.40000000000000036,0.107,0.40000000000000036,0.107
0.16870000000000002,0.04705750000000001,2.8499999999999996,0.40000000000000036,0.107,0.40000000000000036,0.107
0.16875,0.04729500000000001,2.65,0.40000000000000036,0.11,0.40000000000000036,0.11
0.1688,0.04853000000000001,2.4999999999999996,0.40000000000000036,0.11299999999999999,0.40000000000000036,0.112
0.16885,0.05476250000000001,2.3,0.40000000000000036,0.118,0.40000000000000036,0.116
0.1689,0.058720000000000015,2.15,0.35000000000000053,0.12000000000000001,0.35000000000000053,0.116
0.16895000000000002,0.058235000000000016,2.1,0.35000000000000053,0.12000000000000001,0.35000000000000053,0.11299999999999999
0.169,0.06252000000000002,2.25,0.35000000000000053,0.122,0.35000000000000053,0.112
0.16905,0.06685500000000001,2.3499999999999996,0.35000000000000053,0.12300000000000001,0.35000000000000053,0.112
0.1691,0.07620250000000002,2.6,0.35000000000000053,0.125,0.35000000000000053,0.114
0.16915,0.08040750000000002,2.75,0.35000000000000053,0.125,0.35000000000000053,0.11299999999999999
0.16920000000000002,0.07966750000000002,2.75,0.35000000000000053,0.125,0.35000000000000053,0.10900000000000001
0.16925,0.08357500000000002,2.9,0.35000000000000053,0.125,0.35000000000000053,0.107
0.1693,0.08721000000000002,3.0500000000000003,0.35000000000000053,0.126,0.35000000000000053,0.106
0.16935,0.09538000000000002,3.35,0.35000000000000053,0.125,0.35000000000000053,0.10900000000000001
0.1694,0.09854250000000002,3.5,0.35000000000000053,0.125,0.35000000000000053,0.108
0.16945000000000002,0.09707250000000002,3.45,0.35000000000000053,0.125,0.35000000000000053,0.104
0.1695,0.09980500000000002,3.6,0.35000000000000053,0.124,0.35000000000000053,0.103
0.16955,0.10221750000000003,3.75,0.35000000000000053,0.12300000000000001,0.35000000000000053,0.102
0.1696,0.10861000000000003,4.050000000000001,0.35000000000000053,0.122,0.35000000000000053,0.104
0.16965,0.11002750000000003,4.2,0.35000000000000053,0.121,0.35000000000000053,0.104
0.16970000000000002,0.10720750000000002,4.15,0.35000000000000053,0.12000000000000001,0.35000000000000053,0.1
0.16975,0.10829750000000003,4.300000000000001,0.35000000000000053,0.11900000000000001,0.35000000000000053,0.09899999999999999
0.1698,0.10914750000000002,4.45,0.35000000000000053,0.117,0.35000000000000053,0.098
0.16985,0.11376250000000003,4.750000000000001,0.35000000000000053,0.116,0.35000000000000053,0.101
0.1699,0.11397500000000003,4.9,0.35000000000000053,0.114,0.35000000000000053,0.1
0.16995000000000002,0.10981500000000002,4.85,0.35000000000000053,0.11299999999999999,0.35000000000000053,0.097
0.17,0.11003000000000003,5.0,0.35000000000000053,0.112,0.35000000000000053,0.096
0.17005,0.11039000000000003,5.1499999999999995,0.35000000000000053,0.111,0.35000000000000053,0.096
0.1701,0.11451000000000003,5.3999999999999995,0.35000000000000053,0.10900000000000001,0.35000000000000053,0.098
0.17015,0.11415000000000003,5.5,0.35000000000000053,0.108,0.35000000000000053,0.098
0.17020000000000002,0.10959000000000002,5.5,0.35000000000000053,0.107,0.35000000000000053,0.094
0.17025,0.10862250000000002,5.6000000000000005,0.35000000000000053,0.106,0.35000000000000053,0.094
0.1703,0.10726500000000003,5.75,0.35000000000000053,0.10500000000000001,0.35000000000000053,0.094
0.17035,0.10925000000000003,6.0,0.35000000000000053,0.10500000000000001,0.35000000000000053,0.096
0.1704,0.10683250000000002,6.1000000000000005,0.35000000000000053,0.104,0.35000000000000053,0.096
0.17045000000000002,0.10006000000000002,6.05,0.2999999999999998,0.103,0.2999999999999998,0.093
0.1705,0.09660250000000002,6.1499999999999995,0.2999999999999998,0.102,0.2999999999999998,0.093
0.17055,0.09358750000000002,6.2,0.2999999999999998,0.102,0.2999999999999998,0.093
0.1706,0.09409000000000002,6.3999999999999995,0.2999999999999998,0.101,0.2999999999999998,0.095
0.17065,0.09089750000000002,6.3500000000000005,0.2999999999999998,0.1,0.2999999999999998,0.095
0.17070000000000002,0.08415000000000002,6.1,0.2999999999999998,0.1,0.2999999999999998,0.092
0.17075,0.08140750000000002,5.8999999999999995,0.2999999999999998,0.09899999999999999,0.2999999999999998,0.092
0.1708,0.07908250000000001,5.7,0.2999999999999998,0.09899999999999999,0.2999999999999998,0.091
0.17085,0.08065750000000002,5.65,0.2999999999999998,0.09899999999999999,0.2999999999999998,0.094
0.1709,0.07878000000000002,5.5,0.2999999999999998,0.098,0.2999999999999998,0.094
0.17095000000000002,0.07360250000000002,5.2,0.2999999999999998,0.098,0.2999999999999998,0.091
0.171,0.07212000000000002,5.1,0.2999999999999998,0.098,0.2999999999999998,0.091
0.17105,0.07071500000000001,5.0,0.2999999999999998,0.097,0.2999999999999998,0.09000000000000001
0.1711,0.07298750000000002,5.100000000000001,0.2999999999999998,0.097,0.2999999999999998,0.093
0.17115,0.07176750000000001,4.999999999999999,0.2999999999999998,0.097,0.2999999999999998,0.093
0.17120000000000002,0.06721750000000001,4.749999999999999,0.2999999999999998,0.096,0.2999999999999998,0.09000000000000001
0.17125,0.06616000000000001,4.699999999999999,0.2999999999999998,0.096,0.2999999999999998,0.09000000000000001
0.1713,0.06521750000000001,4.65,0.2999999999999998,0.096,0.2999999999999998,0.09000000000000001
0.17135,0.06774500000000001,4.749999999999999,0.2999999999999998,0.096,0.2999999999999998,0.092
0.1714,0.06681250000000001,4.699999999999999,0.2999999999999998,0.095,0.2999999999999998,0.092
0.17145000000000002,0.06255250000000001,4.499999999999999,0.2999999999999998,0.095,0.2999999999999998,0.089
0.1715,0.061697500000000016,4.449999999999999,0.2999999999999998,0.095,0.2999999999999998,0.089
0.17155,0.060842500000000015,4.4,0.2999999999999998,0.095,0.2999999999999998,0.089
0.1716,0.059927500000000015,4.3500000000000005,0.2999999999999998,0.094,0.2999999999999998,0.088
0.17165,0.06166500000000002,4.449999999999998,0.34999999999999964,0.094,0.0,0.0
0.17170000000000002,0.05764250000000001,4.249999999999999,0.34999999999999964,0.094,0.34999999999999964,0.08399999999999999
0.17175,0.05567000000000001,3.999999999999999,0.39999999999999947,0.094,0.39999999999999947,0.09000000000000001
0.1718,0.05343500000000001,3.8499999999999996,0.39999999999999947,0.093,0.39999999999999947,0.092
0.17185,0.05130000000000001,3.6499999999999995,0.39999999999999947,0.093,0.39999999999999947,0.093
0.1719,0.05158250000000001,3.45,0.39999999999999947,0.096,0.39999999999999947,0.096
0.17195000000000002,0.05048000000000001,3.3,0.39999999999999947,0.101,0.39999999999999947,0.101
0.17200000000000001,0.04734500000000001,3.0999999999999996,0.39999999999999947,0.101,0.39999999999999947,0.101
0.17205,0.04708000000000001,2.9000000000000004,0.39999999999999947,0.10500000000000001,0.39999999999999947,0.10500000000000001
0.1721,0.047117500000000014,2.700000000000001,0.39999999999999947,0.10900000000000001,0.39999999999999947,0.10900000000000001
0.17215,0.05120000000000001,2.5500000000000007,0.39999999999999947,0.115,0.39999999999999947,0.115
0.17220000000000002,0.053732500000000016,2.3500000000000005,0.39999999999999947,0.117,0.39999999999999947,0.116
0.17225000000000001,0.05304000000000001,2.200000000000001,0.35000000000000053,0.117,0.35000000000000053,0.11299999999999999
0.1723,0.056852500000000014,2.0500000000000007,0.35000000000000053,0.11900000000000001,0.35000000000000053,0.11299999999999999
0.17235,0.061092500000000015,2.200000000000001,0.35000000000000053,0.121,0.35000000000000053,0.11299999999999999
0.1724,0.07035750000000002,2.450000000000001,0.35000000000000053,0.124,0.35000000000000053,0.115
0.17245000000000002,0.07476250000000002,2.6000000000000005,0.35000000000000053,0.124,0.35000000000000053,0.114
0.17250000000000001,0.07408750000000001,2.55,0.35000000000000053,0.124,0.35000000000000053,0.11
0.17255,0.07830000000000002,2.7,0.35000000000000053,0.125,0.35000000000000053,0.10900000000000001
0.1726,0.08225000000000002,2.8499999999999996,0.35000000000000053,0.125,0.35000000000000053,0.108
0.17265,0.09074500000000002,3.1499999999999995,0.35000000000000053,0.126,0.35000000000000053,0.11
0.17270000000000002,0.09425750000000002,3.3,0.35000000000000053,0.126,0.35000000000000053,0.10900000000000001
0.17275000000000001,0.09295000000000002,3.3,0.35000000000000053,0.125,0.35000000000000053,0.10500000000000001
0.1728,0.09604250000000003,3.4000000000000004,0.35000000000000053,0.125,0.35000000000000053,0.104
0.17285,0.09895000000000002,3.5500000000000007,0.35000000000000053,0.124,0.35000000000000053,0.103
0.1729,0.10585500000000003,3.8500000000000005,0.35000000000000053,0.124,0.35000000000000053,0.106
0.17295000000000002,0.10804000000000002,4.000000000000001,0.35000000000000053,0.12300000000000001,0.35000000000000053,0.10500000000000001
0.17300000000000001,0.10522250000000002,4.000000000000001,0.35000000000000053,0.122,0.35000000000000053,0.101
0.17305,0.10671250000000003,4.150000000000001,0.35000000000000053,0.12000000000000001,0.35000000000000053,0.1
0.1731,0.10802250000000002,4.250000000000001,0.35000000000000053,0.11900000000000001,0.35000000000000053,0.09899999999999999
0.17315,0.11312500000000003,4.550000000000001,0.35000000000000053,0.118,0.35000000000000053,0.102
0.17320000000000002,0.11364000000000003,4.7,0.35000000000000053,0.116,0.35000000000000053,0.101
0.17325000000000002,0.10982500000000003,4.7,0.35000000000000053,0.115,0.35000000000000053,0.097
0.1733,0.10986000000000003,4.8,0.35000000000000053,0.11299999999999999,0.35000000000000053,0.097
0.17335,0.10991750000000003,4.95,0.35000000000000053,0.112,0.35000000000000053,0.096
0.1734,0.11436750000000002,5.25,0.35000000000000053,0.111,0.35000000000000053,0.09899999999999999
0.17345000000000002,0.11451750000000002,5.349999999999999,0.35000000000000053,0.11,0.35000000000000053,0.098
0.17350000000000002,0.11035000000000003,5.349999999999999,0.35000000000000053,0.10900000000000001,0.35000000000000053,0.095
0.17355,0.10985500000000002,5.449999999999999,0.35000000000000053,0.108,0.35000000000000053,0.095
0.1736,0.10899750000000002,5.55,0.35000000000000053,0.107,0.35000000000000053,0.094
0.17365,0.11156000000000003,5.85,0.35000000000000053,0.106,0.35000000000000053,0.097
0.17370000000000002,0.10985000000000003,5.950000000000001,0.35000000000000053,0.10500000000000001,0.35000000000000053,0.097
0.17375000000000002,0.10394000000000003,5.9,0.35000000000000053,0.104,0.35000000000000053,0.093
0.1738,0.10115500000000002,6.050000000000001,0.2999999999999998,0.103,0.2999999999999998,0.093
0.17385,0.09771250000000002,6.1,0.2999999999999998,0.103,0.2999999999999998,0.093
0.1739,0.09820750000000003,6.35,0.2999999999999998,0.102,0.2999999999999998,0.095
0.17395000000000002,0.09515250000000003,6.4,0.2999999999999998,0.101,0.2999999999999998,0.095
0.17400000000000002,0.08836000000000002,6.25,0.2999999999999998,0.101,0.2999999999999998,0.092
0.17405,0.08515000000000002,6.15,0.2999999999999998,0.1,0.2999999999999998,0.092
0.1741,0.08228750000000003,5.999999999999999,0.2999999999999998,0.1,0.2999999999999998,0.092
0.17415,0.08343750000000003,5.9,0.2999999999999998,0.09899999999999999,0.2999999999999998,0.094
0.17420000000000002,0.08129000000000002,5.7,0.2999999999999998,0.09899999999999999,0.2999999999999998,0.094
0.17425000000000002,0.07581000000000002,5.3999999999999995,0.2999999999999998,0.098,0.2999999999999998,0.091
0.1743,0.07413500000000002,5.25,0.2999999999999998,0.098,0.2999999999999998,0.091
0.17435,0.07257750000000002,5.15,0.2999999999999998,0.098,0.2999999999999998,0.091
0.1744,0.07471000000000001,5.200000000000001,0.2999999999999998,0.097,0.2999999999999998,0.093
0.17445000000000002,0.07336750000000002,5.1,0.2999999999999998,0.097,0.2999999999999998,0.093
0.17450000000000002,0.06867000000000002,4.85,0.2999999999999998,0.097,0.2999999999999998,0.09000000000000001
0.17455,0.06757250000000002,4.800000000000001,0.2999999999999998,0.097,0.2999999999999998,0.09000000000000001
0.1746,0.06652000000000002,4.75,0.2999999999999998,0.096,0.2999999999999998,0.09000000000000001
0.17465,0.06897750000000001,4.8,0.2999999999999998,0.096,0.2999999999999998,0.092
0.17470000000000002,0.06799250000000001,4.75,0.2999999999999998,0.096,0.2999999999999998,0.092
0.17475000000000002,0.06369750000000002,4.55,0.2999999999999998,0.095,0.2999999999999998,0.089
0.1748,0.06285000000000002,4.500000000000001,0.2999999999999998,0.095,0.2999999999999998,0.089
0.17485,0.06197000000000002,4.449999999999999,0.2999999999999998,0.095,0.2999999999999998,0.089
0.1749,0.06435500000000001,4.55,0.2999999999999998,0.095,0.2999999999999998,0.091
0.17495000000000002,0.06338000000000002,4.55,0.2999999999999998,0.094,0.2999999999999998,0.091
0.17500000000000002,0.059255000000000016,4.35,0.2999999999999998,0.094,0.2999999999999998,0.088
0.17505,0.05814000000000002,4.300000000000001,0.2999999999999998,0.094,0.2999999999999998,0.081
0.1751,0.056395000000000015,4.1000000000000005,0.39999999999999947,0.094,0.39999999999999947,0.088
0.17515,0.055972500000000015,3.9,0.39999999999999947,0.093,0.39999999999999947,0.092
0.1752,0.05386000000000001,3.7,0.39999999999999947,0.093,0.39999999999999947,0.093
0.17525000000000002,0.05005750000000001,3.55,0.39999999999999947,0.092,0.39999999999999947,0.092
0.1753,0.04854500000000001,3.35,0.39999999999999947,0.094,0.39999999999999947,0.094
0.17535,0.04762750000000001,3.2,0.39999999999999947,0.09899999999999999,0.39999999999999947,0.09899999999999999
0.1754,0.049915000000000015,3.0,0.39999999999999947,0.108,0.39999999999999947,0.108
0.17545,0.04998750000000001,2.75,0.39999999999999947,0.111,0.39999999999999947,0.111
0.17550000000000002,0.047527500000000014,2.6,0.39999999999999947,0.111,0.39999999999999947,0.111
0.17555,0.04918750000000001,2.4499999999999997,0.39999999999999947,0.114,0.39999999999999947,0.112
0.1756,0.05183250000000001,2.25,0.34999999999999964,0.117,0.34999999999999964,0.11299999999999999
0.17565,0.060162500000000015,2.15,0.34999999999999964,0.12000000000000001,0.34999999999999964,0.116
0.1757,0.06458500000000002,2.25,0.34999999999999964,0.122,0.34999999999999964,0.116
0.17575000000000002,0.06396250000000002,2.25,0.34999999999999964,0.122,0.34999999999999964,0.112
0.1758,0.06838000000000002,2.4,0.34999999999999964,0.12300000000000001,0.34999999999999964,0.111
0.17585,0.07270750000000002,2.5,0.34999999999999964,0.124,0.34999999999999964,0.11
0.1759,0.08178500000000002,2.8,0.34999999999999964,0.125,0.34999999999999964,0.11299999999999999
0.17595,0.08577500000000002,2.9499999999999997,0.34999999999999964,0.126,0.34999999999999964,0.112
0.17600000000000002,0.08480750000000002,2.9499999999999997,0.34999999999999964,0.126,0.34999999999999964,0.107
0.17605,0.08843750000000002,3.1,0.34999999999999964,0.126,0.34999999999999964,0.106
0.1761,0.09185250000000002,3.25,0.34999999999999964,0.125,0.34999999999999964,0.10500000000000001
0.17615,0.09959250000000003,3.5500000000000003,0.34999999999999964,0.125,0.34999999999999964,0.108
0.1762,0.10248500000000002,3.6500000000000004,0.34999999999999964,0.125,0.34999999999999964,0.107
0.17625000000000002,0.10067250000000003,3.6500000000000004,0.34999999999999964,0.124,0.34999999999999964,0.102
0.1763,0.10297250000000002,3.8000000000000003,0.34999999999999964,0.12300000000000001,0.34999999999999964,0.102
0.17635,0.10473250000000002,3.95,0.34999999999999964,0.122,0.34999999999999964,0.101
0.1764,0.11057500000000003,4.25,0.34999999999999964,0.121,0.34999999999999964,0.103
0.17645,0.11189750000000002,4.3500000000000005,0.34999999999999964,0.12000000000000001,0.34999999999999964,0.103
0.17650000000000002,0.10866500000000003,4.3500000000000005,0.34999999999999964,0.118,0.34999999999999964,0.09899999999999999
0.17655,0.10932500000000003,4.5,0.34999999999999964,0.117,0.34999999999999964,0.098
0.1766,0.10974500000000002,4.65,0.34999999999999964,0.115,0.34999999999999964,0.098
0.17665,0.11392500000000003,4.8999999999999995,0.34999999999999964,0.114,0.34999999999999964,0.1
0.1767,0.11378500000000003,5.05,0.34999999999999964,0.11299999999999999,0.34999999999999964,0.1
0.17675000000000002,0.11026250000000003,5.05,0.34999999999999964,0.111,0.34999999999999964,0.096
0.1768,0.11054750000000003,5.199999999999999,0.34999999999999964,0.11,0.34999999999999964,0.095
0.17685,0.11043750000000002,5.3,0.34999999999999964,0.10900000000000001,0.34999999999999964,0.095
0.1769,0.11393000000000003,5.55,0.34999999999999964,0.108,0.34999999999999964,0.098
0.17695,0.11317500000000003,5.6499999999999995,0.34999999999999964,0.107,0.34999999999999964,0.097
0.17700000000000002,0.10820250000000002,5.6499999999999995,0.34999999999999964,0.106,0.34999999999999964,0.094
0.17705,0.10672000000000002,5.75,0.34999999999999964,0.10500000000000001,0.34999999999999964,0.094
0.1771,0.10474250000000003,5.9,0.34999999999999964,0.104,0.34999999999999964,0.093
0.17715,0.10593000000000002,6.15,0.2999999999999998,0.104,0.2999999999999998,0.096
0.1772,0.10251750000000003,6.249999999999999,0.2999999999999998,0.103,0.2999999999999998,0.096
0.17725000000000002,0.09560250000000002,6.1499999999999995,0.2999999999999998,0.102,0.2999999999999998,0.093
0.1773,0.09259250000000002,6.25,0.2999999999999998,0.102,0.2999999999999998,0.092
0.17735,0.08941250000000002,6.249999999999999,0.2999999999999998,0.101,0.2999999999999998,0.092
0.1774,0.08981250000000002,6.35,0.2999999999999998,0.1,0.2999999999999998,0.095
0.17745,0.08680250000000002,6.2,0.2999999999999998,0.1,0.2999999999999998,0.094
0.17750000000000002,0.08066000000000002,5.8500000000000005,0.2999999999999998,0.09899999999999999,0.2999999999999998,0.092
0.17755,0.07838750000000003,5.65,0.2999999999999998,0.09899999999999999,0.2999999999999998,0.091
0.1776,0.07644750000000002,5.45,0.2999999999999998,0.09899999999999999,0.2999999999999998,0.091
0.17765,0.07822750000000002,5.449999999999999,0.2999999999999998,0.098,0.2999999999999998,0.093
0.1777,0.07667000000000002,5.349999999999999,0.2999999999999998,0.098,0.2999999999999998,0.093
0.17775000000000002,0.07165250000000002,5.099999999999998,0.2999999999999998,0.098,0.2999999999999998,0.091
0.1778,0.07030500000000002,5.000000000000001,0.2999999999999998,0.097,0.2999999999999998,0.09000000000000001
0.17785,0.06908500000000002,4.899999999999999,0.2999999999999998,0.097,0.2999999999999998,0.09000000000000001
0.1779,0.07144000000000002,5.0,0.2999999999999998,0.097,0.2999999999999998,0.092
0.17795,0.07034500000000002,4.9,0.2999999999999998,0.096,0.2999999999999998,0.092
0.17800000000000002,0.06581750000000001,4.7,0.2999999999999998,0.096,0.2999999999999998,0.09000000000000001
0.17805,0.06490250000000002,4.65,0.2999999999999998,0.096,0.2999999999999998,0.089
0.1781,0.06401250000000001,4.6,0.2999999999999998,0.096,0.2999999999999998,0.089
0.17815,0.06313750000000001,4.550000000000002,0.2999999999999998,0.095,0.2999999999999998,0.089
0.1782,0.06566500000000002,4.65,0.2999999999999998,0.095,0.2999999999999998,0.091
0.17825000000000002,0.06469750000000002,4.599999999999999,0.2999999999999998,0.095,0.2999999999999998,0.091
0.17830000000000001,0.06051500000000001,4.399999999999999,0.2999999999999998,0.095,0.2999999999999998,0.089
0.17835,0.059565000000000014,4.350000000000001,0.2999999999999998,0.094,0.2999999999999998,0.088
0.1784,0.058575000000000016,4.3,0.2999999999999998,0.094,0.0,0.0
0.17845,0.05904250000000001,4.199999999999998,0.40000000000000036,0.094,0.40000000000000036,0.089
0.17850000000000002,0.05673250000000001,3.9499999999999993,0.40000000000000036,0.093,0.40000000000000036,0.092
0.17855000000000001,0.05268750000000001,3.75,0.40000000000000036,0.093,0.40000000000000036,0.093
0.1786,0.05064000000000001,3.5999999999999996,0.40000000000000036,0.093,0.40000000000000036,0.093
0.17865,0.049032500000000014,3.3999999999999995,0.40000000000000036,0.092,0.40000000000000036,0.092
0.1787,0.05028000000000001,3.249999999999999,0.40000000000000036,0.102,0.40000000000000036,0.102
0.17875000000000002,0.049942500000000015,3.05,0.40000000000000036,0.107,0.40000000000000036,0.107
0.17880000000000001,0.04706000000000001,2.8500000000000005,0.40000000000000036,0.107,0.40000000000000036,0.107
0.17885,0.04730750000000001,2.6500000000000004,0.40000000000000036,0.11,0.40000000000000036,0.11
0.1789,0.04853000000000001,2.5,0.40000000000000036,0.11299999999999999,0.40000000000000036,0.112
0.17895,0.05476250000000001,2.3000000000000007,0.40000000000000036,0.118,0.40000000000000036,0.116
0.17900000000000002,0.05872250000000002,2.1500000000000004,0.34999999999999964,0.12000000000000001,0.34999999999999964,0.116
0.17905000000000001,0.058235000000000016,2.1000000000000005,0.34999999999999964,0.12000000000000001,0.34999999999999964,0.11299999999999999
0.1791,0.06252250000000002,2.250000000000001,0.34999999999999964,0.122,0.34999999999999964,0.112
0.17915,0.06685750000000001,2.3500000000000005,0.34999999999999964,0.12300000000000001,0.34999999999999964,0.112
0.1792,0.07620750000000003,2.5999999999999996,0.34999999999999964,0.125,0.34999999999999964,0.114
0.17925000000000002,0.08041500000000001,2.75,0.34999999999999964,0.125,0.34999999999999964,0.11299999999999999
0.17930000000000001,0.07967000000000002,2.75,0.34999999999999964,0.125,0.34999999999999964,0.10900000000000001
0.17935,0.08357500000000002,2.8999999999999995,0.34999999999999964,0.125,0.34999999999999964,0.107
0.1794,0.08721250000000003,3.0500000000000007,0.34999999999999964,0.126,0.34999999999999964,0.106
0.17945,0.09538750000000003,3.3500000000000005,0.34999999999999964,0.125,0.34999999999999964,0.10900000000000001
0.17950000000000002,0.09854500000000002,3.5,0.34999999999999964,0.125,0.34999999999999964,0.108
0.17955000000000002,0.09707500000000002,3.450000000000001,0.34999999999999964,0.125,0.34999999999999964,0.104
0.1796,0.09981000000000002,3.6000000000000014,0.34999999999999964,0.124,0.34999999999999964,0.103
0.17965,0.10222000000000002,3.750000000000001,0.34999999999999964,0.12300000000000001,0.34999999999999964,0.102
0.1797,0.10861750000000003,4.050000000000002,0.34999999999999964,0.122,0.34999999999999964,0.104
0.17975000000000002,0.11003500000000002,4.200000000000001,0.34999999999999964,0.121,0.34999999999999964,0.104
0.17980000000000002,0.10722000000000002,4.15,0.34999999999999964,0.12000000000000001,0.34999999999999964,0.1
0.17985,0.10830250000000002,4.300000000000001,0.34999999999999964,0.11900000000000001,0.34999999999999964,0.09899999999999999
0.1799,0.10915000000000002,4.45,0.34999999999999964,0.117,0.34999999999999964,0.098
0.17995,0.11377000000000002,4.75,0.34999999999999964,0.116,0.34999999999999964,0.101
0.18000000000000002,0.11397500000000003,4.9,0.34999999999999964,0.114,0.34999999999999964,0.1
0.18005000000000002,0.10983000000000002,4.85,0.34999999999999964,0.11299999999999999,0.34999999999999964,0.097
0.1801,0.11003250000000003,4.999999999999999,0.34999999999999964,0.112,0.34999999999999964,0.096
0.18015,0.11040250000000003,5.1499999999999995,0.34999999999999964,0.111,0.34999999999999964,0.096
0.1802,0.11451750000000002,5.399999999999999,0.34999999999999964,0.10900000000000001,0.34999999999999964,0.098
0.18025000000000002,0.11415750000000002,5.499999999999999,0.34999999999999964,0.108,0.34999999999999964,0.098
0.18030000000000002,0.10960250000000003,5.499999999999999,0.34999999999999964,0.107,0.34999999999999964,0.095
0.18035,0.10862750000000003,5.6,0.34999999999999964,0.106,0.34999999999999964,0.094
0.1804,0.10727750000000003,5.75,0.34999999999999964,0.106,0.34999999999999964,0.094
0.18045,0.10925750000000002,6.000000000000001,0.34999999999999964,0.10500000000000001,0.34999999999999964,0.096
0.18050000000000002,0.10684000000000003,6.1,0.34999999999999964,0.104,0.34999999999999964,0.096
0.18055000000000002,0.10007000000000002,6.049999999999999,0.2999999999999998,0.103,0.2999999999999998,0.093
0.1806,0.09661500000000002,6.149999999999999,0.2999999999999998,0.102,0.2999999999999998,0.093
0.18065,0.09360250000000002,6.199999999999999,0.2999999999999998,0.102,0.2999999999999998,0.093
0.1807,0.09411000000000003,6.400000000000002,0.2999999999999998,0.101,0.2999999999999998,0.095
0.18075000000000002,0.09091250000000002,6.3500000000000005,0.2999999999999998,0.101,0.2999999999999998,0.095
0.18080000000000002,0.08416500000000002,6.1000000000000005,0.2999999999999998,0.1,0.2999999999999998,0.092
0.18085,0.08141500000000002,5.9,0.2999999999999998,0.09899999999999999,0.2999999999999998,0.092
0.1809,0.07909500000000003,5.700000000000001,0.2999999999999998,0.09899999999999999,0.2999999999999998,0.091
0.18095,0.08067250000000002,5.6499999999999995,0.2999999999999998,0.09899999999999999,0.2999999999999998,0.094
0.18100000000000002,0.07879250000000002,5.5,0.2999999999999998,0.098,0.2999999999999998,0.094
0.18105000000000002,0.07360750000000002,5.199999999999999,0.2999999999999998,0.098,0.2999999999999998,0.091
0.1811,0.07213250000000002,5.1,0.2999999999999998,0.098,0.2999999999999998,0.091
0.18115,0.07073250000000002,5.0,0.2999999999999998,0.097,0.2999999999999998,0.09000000000000001
0.1812,0.07299500000000002,5.1000000000000005,0.2999999999999998,0.097,0.2999999999999998,0.093
0.18125000000000002,0.07177250000000002,5.0,0.2999999999999998,0.097,0.2999999999999998,0.093
0.18130000000000002,0.06722250000000002,4.75,0.2999999999999998,0.096,0.2999999999999998,0.09000000000000001
0.18135,0.06617000000000002,4.700000000000001,0.2999999999999998,0.096,0.2999999999999998,0.09000000000000001
0.1814,0.06522500000000002,4.6499999999999995,0.2999999999999998,0.096,0.2999999999999998,0.09000000000000001
0.18145,0.06774750000000002,4.75,0.2999999999999998,0.096,0.2999999999999998,0.092
0.18150000000000002,0.06682250000000002,4.7,0.2999999999999998,0.095,0.2999999999999998,0.092
0.18155000000000002,0.06256250000000002,4.5,0.2999999999999998,0.095,0.2999999999999998,0.089
0.1816,0.061710000000000015,4.45,0.2999999999999998,0.095,0.2999999999999998,0.089
0.18165,0.06085250000000002,4.3999999999999995,0.2999999999999998,0.095,0.2999999999999998,0.089
0.1817,0.06298750000000002,4.5,0.2999999999999998,0.094,0.2999999999999998,0.091
0.18175,0.06167750000000002,4.45,0.34999999999999964,0.094,0.0,0.0
0.18180000000000002,0.057652500000000016,4.250000000000001,0.34999999999999964,0.094,0.34999999999999964,0.08399999999999999
0.18185,0.055672500000000014,4.0,0.39999999999999947,0.094,0.39999999999999947,0.09000000000000001
0.1819,0.05343750000000001,3.85,0.39999999999999947,0.093,0.39999999999999947,0.092
0.18195,0.053225000000000015,3.6500000000000004,0.39999999999999947,0.093,0.39999999999999947,0.093
0.182,0.05158500000000001,3.45,0.39999999999999947,0.096,0.39999999999999947,0.096
0.18205000000000002,0.04816250000000001,3.3000000000000003,0.39999999999999947,0.096,0.39999999999999947,0.096
0.1821,0.04735000000000001,3.1,0.39999999999999947,0.101,0.39999999999999947,0.101
0.18215,0.04708000000000001,2.9,0.39999999999999947,0.10500000000000001,0.39999999999999947,0.10500000000000001
0.1822,0.050082500000000016,2.6999999999999997,0.39999999999999947,0.112,0.39999999999999947,0.112
0.18225,0.051205000000000014,2.55,0.39999999999999947,0.115,0.39999999999999947,0.115
0.18230000000000002,0.04988250000000001,2.3499999999999996,0.39999999999999947,0.115,0.39999999999999947,0.11299999999999999
0.18235,0.05304250000000001,2.1999999999999997,0.34999999999999964,0.117,0.34999999999999964,0.11299999999999999
0.1824,0.056852500000000014,2.05,0.34999999999999964,0.11900000000000001,0.34999999999999964,0.11299999999999999
0.18245,0.06600750000000001,2.3,0.34999999999999964,0.122,0.34999999999999964,0.116
0.1825,0.07035750000000002,2.4499999999999997,0.34999999999999964,0.124,0.34999999999999964,0.115
0.18255000000000002,0.06983750000000001,2.4499999999999997,0.34999999999999964,0.124,0.34999999999999964,0.111
0.1826,0.07409250000000002,2.5500000000000003,0.34999999999999964,0.124,0.34999999999999964,0.11
0.18265,0.07830750000000002,2.7,0.34999999999999964,0.125,0.34999999999999964,0.10900000000000001
0.1827,0.08705750000000002,3.0,0.34999999999999964,0.126,0.34999999999999964,0.111
0.18275,0.09074500000000002,3.15,0.34999999999999964,0.126,0.34999999999999964,0.11
0.18280000000000002,0.08960250000000003,3.15,0.34999999999999964,0.126,0.34999999999999964,0.106
0.18285,0.09295250000000002,3.3,0.34999999999999964,0.125,0.34999999999999964,0.10500000000000001
0.1829,0.09604250000000003,3.4,0.34999999999999964,0.125,0.34999999999999964,0.104
0.18295,0.10340500000000002,3.7,0.34999999999999964,0.124,0.34999999999999964,0.106
0.183,0.10586500000000003,3.85,0.34999999999999964,0.124,0.34999999999999964,0.106
0.18305000000000002,0.10365500000000002,3.85,0.34999999999999964,0.12300000000000001,0.34999999999999964,0.101
0.1831,0.10522750000000003,4.0,0.34999999999999964,0.122,0.34999999999999964,0.101
0.18315,0.10672000000000002,4.15,0.34999999999999964,0.12000000000000001,0.34999999999999964,0.1
0.1832,0.11222500000000003,4.4,0.34999999999999964,0.11900000000000001,0.34999999999999964,0.102
0.18325,0.11313250000000002,4.55,0.34999999999999964,0.118,0.34999999999999964,0.102
0.18330000000000002,0.10950000000000003,4.55,0.34999999999999964,0.116,0.34999999999999964,0.098
0.18335,0.10983250000000003,4.7,0.34999999999999964,0.115,0.34999999999999964,0.097
0.1834,0.10987000000000002,4.8,0.34999999999999964,0.11299999999999999,0.34999999999999964,0.097
0.18345,0.11396750000000003,5.1,0.34999999999999964,0.112,0.34999999999999964,0.09899999999999999
0.1835,0.11437000000000003,5.25,0.34999999999999964,0.111,0.34999999999999964,0.09899999999999999
0.18355000000000002,0.11060000000000003,5.2,0.34999999999999964,0.11,0.34999999999999964,0.095
0.1836,0.11035750000000003,5.35,0.34999999999999964,0.10900000000000001,0.34999999999999964,0.095
0.18365,0.10986250000000003,5.449999999999999,0.34999999999999964,0.108,0.34999999999999964,0.095
0.1837,0.11281500000000003,5.7,0.34999999999999964,0.107,0.34999999999999964,0.097
0.18375,0.11156750000000003,5.8500000000000005,0.34999999999999964,0.106,0.34999999999999964,0.097
0.18380000000000002,0.10607500000000003,5.800000000000001,0.34999999999999964,0.10500000000000001,0.34999999999999964,0.094
0.18385,0.10395250000000003,5.95,0.34999999999999964,0.104,0.34999999999999964,0.093
0.1839,0.10116250000000003,6.050000000000001,0.2999999999999998,0.103,0.2999999999999998,0.093
0.18395,0.10139750000000003,6.25,0.2999999999999998,0.103,0.2999999999999998,0.096
0.184,0.09821250000000002,6.3500000000000005,0.2999999999999998,0.102,0.2999999999999998,0.095
0.18405000000000002,0.09152750000000003,6.250000000000001,0.2999999999999998,0.101,0.2999999999999998,0.092
0.1841,0.08837500000000002,6.25,0.2999999999999998,0.101,0.2999999999999998,0.092
0.18415,0.08516500000000002,6.15,0.2999999999999998,0.1,0.2999999999999998,0.092
0.1842,0.08589750000000002,6.15,0.2999999999999998,0.1,0.2999999999999998,0.094
0.18425,0.08344250000000002,5.8999999999999995,0.2999999999999998,0.09899999999999999,0.2999999999999998,0.094
0.18430000000000002,0.07774000000000002,5.549999999999999,0.2999999999999998,0.09899999999999999,0.2999999999999998,0.091
0.18435,0.07582250000000001,5.4,0.2999999999999998,0.098,0.2999999999999998,0.091
0.1844,0.07413500000000002,5.25,0.2999999999999998,0.098,0.2999999999999998,0.091
0.18445,0.07614250000000002,5.300000000000001,0.2999999999999998,0.098,0.2999999999999998,0.093
0.1845,0.07471750000000002,5.199999999999999,0.2999999999999998,0.097,0.2999999999999998,0.093
0.18455000000000002,0.07338000000000001,5.1,0.2999999999999998,0.097,0.2999999999999998,0.093
0.18460000000000001,0.06867250000000001,4.85,0.2999999999999998,0.097,0.2999999999999998,0.09000000000000001
0.18465,0.06757750000000001,4.800000000000001,0.2999999999999998,0.097,0.2999999999999998,0.09000000000000001
0.1847,0.06653250000000002,4.750000000000001,0.2999999999999998,0.096,0.2999999999999998,0.09000000000000001
0.18475,0.06898750000000002,4.8,0.2999999999999998,0.096,0.2999999999999998,0.092
0.18480000000000002,0.06799750000000002,4.75,0.2999999999999998,0.096,0.2999999999999998,0.092
0.18485000000000001,0.06370500000000001,4.55,0.2999999999999998,0.095,0.2999999999999998,0.089
0.1849,0.06285500000000002,4.500000000000001,0.2999999999999998,0.095,0.2999999999999998,0.089
0.18495,0.061975000000000016,4.449999999999998,0.2999999999999998,0.095,0.2999999999999998,0.089
0.185,0.06437000000000001,4.55,0.2999999999999998,0.095,0.2999999999999998,0.091
0.18505000000000002,0.06338250000000002,4.55,0.2999999999999998,0.094,0.2999999999999998,0.091
0.18510000000000001,0.05926250000000002,4.3500000000000005,0.2999999999999998,0.094,0.2999999999999998,0.088
0.18515,0.05814750000000001,4.299999999999998,0.2999999999999998,0.094,0.2999999999999998,0.081
0.1852,0.05640000000000001,4.099999999999999,0.39999999999999947,0.094,0.39999999999999947,0.088
0.18525,0.05597750000000001,3.8999999999999995,0.39999999999999947,0.093,0.39999999999999947,0.092
0.18530000000000002,0.05386500000000001,3.6999999999999993,0.39999999999999947,0.093,0.39999999999999947,0.093
0.18535000000000001,0.05005750000000001,3.549999999999999,0.39999999999999947,0.092,0.39999999999999947,0.092
0.1854,0.04855000000000001,3.3499999999999996,0.39999999999999947,0.094,0.39999999999999947,0.094
0.18545,0.04762750000000001,3.2,0.39999999999999947,0.09899999999999999,0.39999999999999947,0.09899999999999999
0.1855,0.04992000000000001,2.999999999999999,0.39999999999999947,0.108,0.39999999999999947,0.108
0.18555000000000002,0.04998750000000001,2.750000000000001,0.39999999999999947,0.111,0.39999999999999947,0.111
0.18560000000000001,0.04753250000000001,2.6000000000000005,0.39999999999999947,0.111,0.39999999999999947,0.111
0.18565,0.04918750000000001,2.450000000000001,0.39999999999999947,0.114,0.39999999999999947,0.112
0.1857,0.05183500000000001,2.250000000000001,0.34999999999999964,0.117,0.34999999999999964,0.11299999999999999
0.18575,0.06016750000000001,2.1500000000000004,0.34999999999999964,0.12000000000000001,0.34999999999999964,0.116
0.18580000000000002,0.06458500000000002,2.250000000000001,0.34999999999999964,0.122,0.34999999999999964,0.116
0.18585000000000002,0.06396750000000001,2.250000000000001,0.34999999999999964,0.122,0.34999999999999964,0.112
0.1859,0.06838250000000001,2.4000000000000012,0.34999999999999964,0.12300000000000001,0.34999999999999964,0.111
0.18595,0.07271000000000002,2.5,0.34999999999999964,0.124,0.34999999999999964,0.11
0.186,0.08178500000000002,2.8,0.34999999999999964,0.125,0.34999999999999964,0.11299999999999999
0.18605000000000002,0.08577500000000002,2.95,0.34999999999999964,0.126,0.34999999999999964,0.112
0.18610000000000002,0.08480750000000002,2.95,0.34999999999999964,0.126,0.34999999999999964,0.107
0.18615,0.08843750000000002,3.1000000000000005,0.34999999999999964,0.126,0.34999999999999964,0.106
0.1862,0.09185500000000002,3.25,0.34999999999999964,0.125,0.34999999999999964,0.10500000000000001
0.18625,0.09959250000000003,3.55,0.34999999999999964,0.125,0.34999999999999964,0.108
0.18630000000000002,0.10248750000000002,3.6500000000000012,0.34999999999999964,0.125,0.34999999999999964,0.107
0.18635000000000002,0.10067500000000003,3.6500000000000012,0.34999999999999964,0.124,0.34999999999999964,0.102
0.1864,0.10298250000000003,3.8000000000000007,0.34999999999999964,0.12300000000000001,0.34999999999999964,0.102
0.18645,0.10473500000000002,3.950000000000001,0.34999999999999964,0.122,0.34999999999999964,0.101
0.1865,0.11058000000000003,4.250000000000001,0.34999999999999964,0.121,0.34999999999999964,0.103
0.18655000000000002,0.11191000000000002,4.3500000000000005,0.34999999999999964,0.12000000000000001,0.34999999999999964,0.103
0.18660000000000002,0.10868000000000003,4.3500000000000005,0.34999999999999964,0.118,0.34999999999999964,0.09899999999999999
0.18665,0.10933000000000002,4.5,0.34999999999999964,0.117,0.34999999999999964,0.098
0.1867,0.10975500000000003,4.65,0.34999999999999964,0.115,0.34999999999999964,0.098
0.18675,0.11393250000000003,4.8999999999999995,0.34999999999999964,0.114,0.34999999999999964,0.1
0.18680000000000002,0.11379000000000003,5.05,0.34999999999999964,0.11299999999999999,0.34999999999999964,0.1
0.18685000000000002,0.11026500000000003,5.05,0.34999999999999964,0.111,0.34999999999999964,0.096
0.1869,0.11055250000000003,5.2,0.34999999999999964,0.11,0.34999999999999964,0.095
0.18695,0.11044250000000003,5.299999999999999,0.34999999999999964,0.10900000000000001,0.34999999999999964,0.095
0.187,0.11393000000000003,5.549999999999999,0.34999999999999964,0.108,0.34999999999999964,0.098
0.18705000000000002,0.11318500000000002,5.6499999999999995,0.34999999999999964,0.107,0.34999999999999964,0.097
0.18710000000000002,0.10820750000000003,5.6499999999999995,0.34999999999999964,0.106,0.34999999999999964,0.094
0.18715,0.10672250000000003,5.750000000000001,0.34999999999999964,0.10500000000000001,0.34999999999999964,0.094
0.1872,0.10475000000000002,5.900000000000001,0.34999999999999964,0.104,0.34999999999999964,0.093
0.18725,0.10593750000000003,6.15,0.2999999999999998,0.104,0.2999999999999998,0.096
0.18730000000000002,0.10253250000000003,6.25,0.2999999999999998,0.103,0.2999999999999998,0.096
0.18735000000000002,0.09561000000000003,6.15,0.2999999999999998,0.102,0.2999999999999998,0.093
0.1874,0.09260000000000003,6.249999999999999,0.2999999999999998,0.102,0.2999999999999998,0.092
0.18745,0.08942000000000003,6.249999999999998,0.2999999999999998,0.101,0.2999999999999998,0.092
0.1875,0.08983000000000002,6.35,0.2999999999999998,0.1,0.2999999999999998,0.095
0.18755000000000002,0.08680750000000002,6.200000000000001,0.2999999999999998,0.1,0.2999999999999998,0.094
0.18760000000000002,0.08066500000000001,5.85,0.2999999999999998,0.09899999999999999,0.2999999999999998,0.092
0.18765,0.07839250000000002,5.65,0.2999999999999998,0.09899999999999999,0.2999999999999998,0.091
0.1877,0.07645750000000003,5.45,0.2999999999999998,0.09899999999999999,0.2999999999999998,0.091
0.18775,0.07823500000000001,5.45,0.2999999999999998,0.098,0.2999999999999998,0.093
0.18780000000000002,0.07667250000000002,5.35,0.2999999999999998,0.098,0.2999999999999998,0.093
0.18785000000000002,0.07166000000000002,5.1,0.2999999999999998,0.098,0.2999999999999998,0.091
0.1879,0.07031500000000002,5.0,0.2999999999999998,0.097,0.2999999999999998,0.09000000000000001
0.18795,0.06909000000000001,4.9,0.2999999999999998,0.097,0.2999999999999998,0.09000000000000001
0.188,0.07145250000000002,5.0,0.2999999999999998,0.097,0.2999999999999998,0.092
0.18805000000000002,0.07036000000000002,4.9,0.2999999999999998,0.096,0.2999999999999998,0.092
0.18810000000000002,0.06582000000000002,4.699999999999999,0.2999999999999998,0.096,0.2999999999999998,0.09000000000000001
0.18815,0.06490750000000002,4.6499999999999995,0.2999999999999998,0.096,0.2999999999999998,0.089
0.1882,0.06401750000000002,4.6000000000000005,0.2999999999999998,0.096,0.2999999999999998,0.089
0.18825,0.06650250000000002,4.7,0.2999999999999998,0.095,0.2999999999999998,0.092
0.1883,0.06566750000000002,4.65,0.2999999999999998,0.095,0.2999999999999998,0.091
0.18835000000000002,0.06146500000000001,4.45,0.2999999999999998,0.095,0.2999999999999998,0.089
0.1884,0.06052000000000002,4.3999999999999995,0.2999999999999998,0.095,0.2999999999999998,0.089
0.18845,0.059567500000000016,4.3500000000000005,0.2999999999999998,0.094,0.2999999999999998,0.088
0.1885,0.061037500000000015,4.3500000000000005,0.35000000000000053,0.094,0.0,0.0
0.18855,0.059045000000000014,4.2,0.40000000000000036,0.094,0.40000000000000036,0.089
0.18860000000000002,0.054937500000000014,3.95,0.40000000000000036,0.093,0.40000000000000036,0.091
0.18865,0.052690000000000015,3.75,0.40000000000000036,0.093,0.40000000000000036,0.093
0.1887,0.05064750000000001,3.6,0.40000000000000036,0.093,0.40000000000000036,0.093
0.18875,0.051170000000000014,3.4,0.40000000000000036,0.097,0.40000000000000036,0.097
0.1888,0.050282500000000015,3.25,0.40000000000000036,0.102,0.40000000000000036,0.102
0.18885000000000002,0.047230000000000015,3.05,0.40000000000000036,0.102,0.40000000000000036,0.102
0.1889,0.04706500000000001,2.8499999999999996,0.40000000000000036,0.107,0.40000000000000036,0.107
0.18895,0.04731000000000001,2.65,0.40000000000000036,0.11,0.40000000000000036,0.11
0.189,0.05191000000000001,2.4999999999999996,0.40000000000000036,0.116,0.40000000000000036,0.115
0.18905,0.05476250000000001,2.3,0.40000000000000036,0.118,0.40000000000000036,0.116
0.18910000000000002,0.05433750000000001,2.15,0.34999999999999964,0.118,0.34999999999999964,0.11299999999999999
0.18915,0.058235000000000016,2.1,0.34999999999999964,0.12000000000000001,0.34999999999999964,0.11299999999999999
0.1892,0.06252250000000002,2.25,0.34999999999999964,0.122,0.34999999999999964,0.112
0.18925,0.07184000000000001,2.4999999999999996,0.34999999999999964,0.124,0.34999999999999964,0.115
0.1893,0.07621000000000001,2.6,0.34999999999999964,0.125,0.34999999999999964,0.114
0.18935000000000002,0.07551500000000001,2.6,0.34999999999999964,0.125,0.34999999999999964,0.11
0.1894,0.07967000000000002,2.75,0.34999999999999964,0.125,0.34999999999999964,0.10900000000000001
0.18945,0.08357750000000003,2.9,0.34999999999999964,0.125,0.34999999999999964,0.107
0.1895,0.09195750000000003,3.2,0.34999999999999964,0.126,0.34999999999999964,0.11
0.18955,0.09539000000000003,3.35,0.34999999999999964,0.125,0.34999999999999964,0.10900000000000001
0.18960000000000002,0.09400500000000002,3.35,0.34999999999999964,0.125,0.34999999999999964,0.10500000000000001
0.18965,0.09708000000000003,3.45,0.34999999999999964,0.125,0.34999999999999964,0.104
0.1897,0.09981750000000003,3.6,0.34999999999999964,0.124,0.34999999999999964,0.103
0.18975,0.10664500000000003,3.9000000000000004,0.34999999999999964,0.12300000000000001,0.34999999999999964,0.10500000000000001
0.1898,0.10862250000000002,4.050000000000001,0.34999999999999964,0.122,0.34999999999999964,0.104
0.18985000000000002,0.10574750000000002,4.050000000000001,0.34999999999999964,0.121,0.34999999999999964,0.1
0.1899,0.10723000000000003,4.15,0.34999999999999964,0.12000000000000001,0.34999999999999964,0.1
0.18995,0.10830500000000003,4.300000000000001,0.34999999999999964,0.11900000000000001,0.34999999999999964,0.09899999999999999
0.19,0.11334250000000003,4.6000000000000005,0.34999999999999964,0.117,0.34999999999999964,0.102
0.19005,0.11377500000000003,4.750000000000001,0.34999999999999964,0.116,0.34999999999999964,0.101
0.19010000000000002,0.10992250000000003,4.750000000000001,0.34999999999999964,0.114,0.34999999999999964,0.097
0.19015,0.10984000000000002,4.85,0.34999999999999964,0.11299999999999999,0.34999999999999964,0.097
0.1902,0.11004250000000003,5.0,0.34999999999999964,0.112,0.34999999999999964,0.096
0.19025,0.11440000000000003,5.3,0.34999999999999964,0.111,0.34999999999999964,0.09899999999999999
0.1903,0.11452500000000003,5.3999999999999995,0.34999999999999964,0.10900000000000001,0.34999999999999964,0.098
0.19035000000000002,0.11023250000000002,5.3999999999999995,0.34999999999999964,0.108,0.34999999999999964,0.095
0.1904,0.10961000000000003,5.5,0.34999999999999964,0.107,0.34999999999999964,0.095
0.19045,0.10863000000000003,5.6000000000000005,0.34999999999999964,0.106,0.34999999999999964,0.094
0.1905,0.11109750000000003,5.9,0.34999999999999964,0.106,0.34999999999999964,0.097
0.19055,0.10926500000000003,6.0,0.34999999999999964,0.10500000000000001,0.34999999999999964,0.096
0.19060000000000002,0.10684750000000003,6.1000000000000005,0.34999999999999964,0.104,0.34999999999999964,0.096
0.19065000000000001,0.10007250000000002,6.05,0.2999999999999998,0.103,0.2999999999999998,0.093
0.1907,0.09662250000000003,6.1499999999999995,0.2999999999999998,0.102,0.2999999999999998,0.093
0.19075,0.09722750000000002,6.35,0.2999999999999998,0.102,0.2999999999999998,0.095
0.1908,0.09412750000000002,6.3999999999999995,0.2999999999999998,0.101,0.2999999999999998,0.095
0.19085000000000002,0.09092250000000002,6.3500000000000005,0.2999999999999998,0.101,0.2999999999999998,0.095
0.19090000000000001,0.08417000000000002,6.1,0.2999999999999998,0.1,0.2999999999999998,0.092
0.19095,0.08141750000000002,5.8999999999999995,0.2999999999999998,0.09899999999999999,0.2999999999999998,0.092
0.191,0.08272250000000002,5.85,0.2999999999999998,0.09899999999999999,0.2999999999999998,0.094
0.19105,0.08067500000000002,5.65,0.2999999999999998,0.09899999999999999,0.2999999999999998,0.094
0.19110000000000002,0.07880000000000002,5.5,0.2999999999999998,0.098,0.2999999999999998,0.094
0.19115000000000001,0.07361000000000002,5.2,0.2999999999999998,0.098,0.2999999999999998,0.091
0.1912,0.07213750000000002,5.1,0.2999999999999998,0.098,0.2999999999999998,0.091
0.19125,0.07073750000000002,5.0,0.2999999999999998,0.097,0.2999999999999998,0.09000000000000001
0.1913,0.07300000000000002,5.100000000000001,0.2999999999999998,0.097,0.2999999999999998,0.093
0.19135000000000002,0.07178000000000002,4.999999999999999,0.2999999999999998,0.097,0.2999999999999998,0.093
0.19140000000000001,0.06722750000000002,4.749999999999999,0.2999999999999998,0.096,0.2999999999999998,0.09000000000000001
0.19145,0.06617250000000002,4.699999999999999,0.2999999999999998,0.096,0.2999999999999998,0.09000000000000001
0.1915,0.06523250000000001,4.65,0.2999999999999998,0.096,0.2999999999999998,0.09000000000000001
0.19155,0.06775500000000002,4.749999999999999,0.2999999999999998,0.096,0.2999999999999998,0.092
0.19160000000000002,0.06682750000000001,4.699999999999999,0.2999999999999998,0.095,0.2999999999999998,0.092
0.19165000000000001,0.06256500000000001,4.499999999999999,0.2999999999999998,0.095,0.2999999999999998,0.089
0.1917,0.06171250000000002,4.449999999999999,0.2999999999999998,0.095,0.2999999999999998,0.089
0.19175,0.06085500000000001,4.4,0.2999999999999998,0.095,0.2999999999999998,0.089
0.1918,0.06299250000000002,4.500000000000001,0.2999999999999998,0.094,0.2999999999999998,0.091
0.19185000000000002,0.06167750000000002,4.449999999999998,0.34999999999999964,0.094,0.0,0.0
0.19190000000000002,0.05766000000000002,4.249999999999999,0.34999999999999964,0.094,0.34999999999999964,0.08399999999999999
0.19195,0.055675000000000016,3.999999999999999,0.40000000000000036,0.094,0.40000000000000036,0.09000000000000001
0.192,0.053440000000000015,3.8499999999999996,0.40000000000000036,0.093,0.40000000000000036,0.092
0.19205,0.05323500000000001,3.6499999999999995,0.40000000000000036,0.093,0.40000000000000036,0.093
0.19210000000000002,0.05159000000000001,3.45,0.40000000000000036,0.096,0.40000000000000036,0.096
0.19215000000000002,0.04816500000000001,3.3,0.40000000000000036,0.096,0.40000000000000036,0.096
0.1922,0.047355000000000015,3.0999999999999996,0.40000000000000036,0.101,0.40000000000000036,0.101
0.19225,0.04708250000000001,2.9000000000000004,0.40000000000000036,0.10500000000000001,0.40000000000000036,0.10500000000000001
0.1923,0.05009000000000001,2.700000000000001,0.40000000000000036,0.112,0.40000000000000036,0.112
0.19235000000000002,0.05120750000000001,2.5500000000000007,0.40000000000000036,0.115,0.40000000000000036,0.115
0.19240000000000002,0.04988500000000001,2.3500000000000005,0.40000000000000036,0.115,0.40000000000000036,0.11299999999999999
0.19245,0.053045000000000016,2.200000000000001,0.35000000000000053,0.117,0.35000000000000053,0.11299999999999999
0.1925,0.056852500000000014,2.0500000000000007,0.35000000000000053,0.11900000000000001,0.35000000000000053,0.11299999999999999
0.19255,0.06601000000000001,2.3000000000000007,0.35000000000000053,0.122,0.35000000000000053,0.116
0.19260000000000002,0.07035750000000002,2.450000000000001,0.35000000000000053,0.124,0.35000000000000053,0.115
0.19265000000000002,0.06983750000000001,2.450000000000001,0.35000000000000053,0.124,0.35000000000000053,0.111
0.1927,0.07409250000000002,2.55,0.35000000000000053,0.124,0.35000000000000053,0.11
0.19275,0.07831250000000002,2.7,0.35000000000000053,0.125,0.35000000000000053,0.10900000000000001
0.1928,0.08705750000000002,3.0,0.35000000000000053,0.126,0.35000000000000053,0.111
0.19285000000000002,0.09074750000000002,3.1499999999999995,0.35000000000000053,0.126,0.35000000000000053,0.11
0.19290000000000002,0.08960250000000003,3.1499999999999995,0.35000000000000053,0.126,0.35000000000000053,0.106
0.19295,0.09295750000000003,3.3,0.35000000000000053,0.125,0.35000000000000053,0.10500000000000001
0.193,0.09604500000000002,3.4000000000000004,0.35000000000000053,0.125,0.35000000000000053,0.104
0.19305,0.10341250000000003,3.700000000000001,0.35000000000000053,0.124,0.35000000000000053,0.106
0.19310000000000002,0.10586500000000003,3.8500000000000005,0.35000000000000053,0.124,0.35000000000000053,0.106
0.19315000000000002,0.10365750000000003,3.8500000000000005,0.35000000000000053,0.12300000000000001,0.35000000000000053,0.101
0.1932,0.10523000000000003,4.000000000000001,0.35000000000000053,0.122,0.35000000000000053,0.101
0.19325,0.10672750000000003,4.150000000000001,0.35000000000000053,0.12000000000000001,0.35000000000000053,0.1
0.1933,0.11223750000000003,4.4,0.35000000000000053,0.11900000000000001,0.35000000000000053,0.102
0.19335000000000002,0.11315000000000003,4.550000000000001,0.35000000000000053,0.118,0.35000000000000053,0.102
0.19340000000000002,0.10950750000000002,4.550000000000001,0.35000000000000053,0.116,0.35000000000000053,0.098
0.19345,0.10983750000000003,4.7,0.35000000000000053,0.115,0.35000000000000053,0.097
0.1935,0.10987250000000003,4.8,0.35000000000000053,0.11299999999999999,0.35000000000000053,0.097
0.19355,0.11398250000000003,5.1,0.35000000000000053,0.112,0.35000000000000053,0.09899999999999999
0.19360000000000002,0.11437500000000003,5.25,0.35000000000000053,0.111,0.35000000000000053,0.09899999999999999
0.19365000000000002,0.11060250000000003,5.199999999999999,0.35000000000000053,0.11,0.35000000000000053,0.095
0.1937,0.11036000000000003,5.349999999999999,0.35000000000000053,0.10900000000000001,0.35000000000000053,0.095
0.19375,0.10986250000000003,5.449999999999999,0.35000000000000053,0.108,0.35000000000000053,0.095
0.1938,0.11282000000000003,5.7,0.35000000000000053,0.107,0.35000000000000053,0.097
0.19385000000000002,0.11157750000000002,5.85,0.35000000000000053,0.106,0.35000000000000053,0.097
0.19390000000000002,0.10609250000000002,5.800000000000001,0.35000000000000053,0.10500000000000001,0.35000000000000053,0.094
0.19395,0.10395750000000002,5.950000000000001,0.35000000000000053,0.104,0.35000000000000053,0.093
0.194,0.10117500000000003,6.050000000000001,0.3000000000000007,0.103,0.3000000000000007,0.093
0.19405,0.10140750000000003,6.249999999999999,0.3000000000000007,0.103,0.3000000000000007,0.096
0.19410000000000002,0.09822500000000002,6.35,0.3000000000000007,0.102,0.3000000000000007,0.095
0.19415000000000002,0.09153250000000002,6.25,0.3000000000000007,0.101,0.3000000000000007,0.092
0.1942,0.08838000000000003,6.25,0.3000000000000007,0.101,0.3000000000000007,0.092
0.19425,0.08517250000000003,6.15,0.3000000000000007,0.1,0.3000000000000007,0.092
0.1943,0.08590000000000002,6.149999999999999,0.3000000000000007,0.1,0.3000000000000007,0.094
0.19435000000000002,0.08345750000000002,5.9,0.3000000000000007,0.09899999999999999,0.3000000000000007,0.094
0.19440000000000002,0.07775250000000002,5.550000000000001,0.3000000000000007,0.09899999999999999,0.3000000000000007,0.091
0.19445,0.07583000000000002,5.3999999999999995,0.3000000000000007,0.098,0.3000000000000007,0.091
0.1945,0.07414500000000002,5.25,0.3000000000000007,0.098,0.3000000000000007,0.091
0.19455,0.07615500000000001,5.300000000000001,0.3000000000000007,0.098,0.3000000000000007,0.093
0.19460000000000002,0.07472250000000003,5.200000000000001,0.3000000000000007,0.097,0.3000000000000007,0.093
0.19465000000000002,0.06988750000000002,4.949999999999999,0.3000000000000007,0.097,0.3000000000000007,0.09000000000000001
0.1947,0.06867750000000002,4.9,0.3000000000000007,0.097,0.3000000000000007,0.09000000000000001
0.19475,0.06758500000000002,4.800000000000001,0.3000000000000007,0.097,0.3000000000000007,0.09000000000000001
0.1948,0.07001250000000002,4.9,0.3000000000000007,0.096,0.3000000000000007,0.092
0.19485000000000002,0.06899250000000001,4.8,0.3000000000000007,0.096,0.3000000000000007,0.092
0.19490000000000002,0.06456000000000002,4.6,0.3000000000000007,0.096,0.3000000000000007,0.089
0.19495,0.06371000000000002,4.55,0.3000000000000007,0.095,0.3000000000000007,0.089
0.195,0.06285750000000001,4.500000000000001,0.3000000000000007,0.095,0.3000000000000007,0.089
0.19505,0.06533250000000002,4.6,0.3000000000000007,0.095,0.3000000000000007,0.091
0.1951,0.06437250000000001,4.55,0.3000000000000007,0.095,0.3000000000000007,0.091
0.19515000000000002,0.06024250000000002,4.3999999999999995,0.3000000000000007,0.094,0.3000000000000007,0.088
0.1952,0.05926500000000001,4.35,0.3000000000000007,0.094,0.3000000000000007,0.088
0.19525,0.05815250000000002,4.300000000000001,0.3000000000000007,0.094,0.3000000000000007,0.081
0.1953,0.05830750000000001,4.1000000000000005,0.40000000000000036,0.094,0.40000000000000036,0.09000000000000001
0.19535,0.055987500000000016,3.9,0.40000000000000036,0.093,0.40000000000000036,0.092
0.19540000000000002,0.05200750000000001,3.7,0.40000000000000036,0.093,0.40000000000000036,0.093
0.19545,0.05005750000000001,3.55,0.40000000000000036,0.092,0.40000000000000036,0.092
0.1955,0.04855000000000001,3.35,0.40000000000000036,0.094,0.40000000000000036,0.094
0.19555,0.05012500000000001,3.2,0.40000000000000036,0.104,0.40000000000000036,0.104
0.1956,0.049922500000000015,3.0,0.40000000000000036,0.108,0.40000000000000036,0.108
0.19565000000000002,0.04708000000000001,2.75,0.40000000000000036,0.108,0.40000000000000036,0.108
0.1957,0.04754000000000001,2.6,0.40000000000000036,0.111,0.40000000000000036,0.111
0.19575,0.04918750000000001,2.4499999999999997,0.40000000000000036,0.114,0.40000000000000036,0.112
0.1958,0.055945000000000016,2.25,0.35000000000000053,0.11900000000000001,0.35000000000000053,0.116
0.19585,0.06016750000000001,2.15,0.35000000000000053,0.12000000000000001,0.35000000000000053,0.116
0.19590000000000002,0.059657500000000016,2.15,0.35000000000000053,0.12000000000000001,0.35000000000000053,0.11299999999999999
0.19595,0.06396750000000001,2.25,0.35000000000000053,0.122,0.35000000000000053,0.112
0.196,0.06838250000000001,2.4,0.35000000000000053,0.12300000000000001,0.35000000000000053,0.111
0.19605,0.07763250000000002,2.65,0.35000000000000053,0.125,0.35000000000000053,0.114
0.1961,0.08178750000000003,2.8,0.35000000000000053,0.125,0.35000000000000053,0.11299999999999999
0.19615000000000002,0.08098000000000002,2.8,0.35000000000000053,0.125,0.35000000000000053,0.108
0.1962,0.08481000000000002,2.9499999999999997,0.35000000000000053,0.126,0.35000000000000053,0.107
0.19625,0.08843750000000002,3.1,0.35000000000000053,0.126,0.35000000000000053,0.106
0.1963,0.09648000000000002,3.4,0.35000000000000053,0.125,0.35000000000000053,0.10900000000000001
0.19635,0.09959750000000002,3.5500000000000003,0.35000000000000053,0.125,0.35000000000000053,0.108
0.19640000000000002,0.09803000000000002,3.5000000000000004,0.35000000000000053,0.125,0.35000000000000053,0.103
0.19645,0.10067500000000003,3.6500000000000004,0.35000000000000053,0.124,0.35000000000000053,0.102
0.1965,0.10298500000000002,3.8000000000000003,0.35000000000000053,0.12300000000000001,0.35000000000000053,0.102
0.19655,0.10903250000000003,4.1000000000000005,0.35000000000000053,0.122,0.35000000000000053,0.104
0.1966,0.11058250000000003,4.25,0.35000000000000053,0.121,0.35000000000000053,0.103
0.19665000000000002,0.10765000000000002,4.2,0.35000000000000053,0.12000000000000001,0.35000000000000053,0.09899999999999999
0.1967,0.10868500000000003,4.3500000000000005,0.35000000000000053,0.118,0.35000000000000053,0.09899999999999999
0.19675,0.10933500000000003,4.5,0.35000000000000053,0.117,0.35000000000000053,0.098
0.1968,0.11383750000000002,4.8,0.35000000000000053,0.115,0.35000000000000053,0.101
0.19685,0.11394000000000003,4.8999999999999995,0.35000000000000053,0.114,0.35000000000000053,0.1
0.19690000000000002,0.11379250000000003,5.05,0.35000000000000053,0.11299999999999999,0.35000000000000053,0.1
0.19695000000000001,0.11027250000000002,5.05,0.35000000000000053,0.111,0.35000000000000053,0.096
0.197,0.11055250000000003,5.199999999999999,0.35000000000000053,0.11,0.35000000000000053,0.095
0.19705,0.11440250000000003,5.3999999999999995,0.35000000000000053,0.10900000000000001,0.35000000000000053,0.098
0.1971,0.11393000000000003,5.55,0.35000000000000053,0.108,0.35000000000000053,0.098
0.19715000000000002,0.11318750000000002,5.6499999999999995,0.35000000000000053,0.107,0.35000000000000053,0.097
0.19720000000000001,0.10821250000000003,5.6499999999999995,0.35000000000000053,0.106,0.35000000000000053,0.094
0.19725,0.10672500000000003,5.75,0.35000000000000053,0.10500000000000001,0.35000000000000053,0.094
0.1973,0.10850250000000003,6.05,0.35000000000000053,0.104,0.35000000000000053,0.096
0.19735,0.10594750000000003,6.15,0.3000000000000007,0.104,0.3000000000000007,0.096
0.19740000000000002,0.10254250000000002,6.249999999999999,0.3000000000000007,0.103,0.3000000000000007,0.096
0.19745000000000001,0.09561750000000002,6.1499999999999995,0.3000000000000007,0.102,0.3000000000000007,0.093
0.1975,0.09260250000000002,6.25,0.3000000000000007,0.102,0.3000000000000007,0.092
0.19755,0.09309250000000002,6.4,0.3000000000000007,0.101,0.3000000000000007,0.095
0.1976,0.08984250000000002,6.35,0.3000000000000007,0.1,0.3000000000000007,0.095
0.19765000000000002,0.08681750000000002,6.2,0.3000000000000007,0.1,0.3000000000000007,0.094
0.19770000000000001,0.08067250000000002,5.8500000000000005,0.3000000000000007,0.09899999999999999,0.3000000000000007,0.092
0.19775,0.07840000000000003,5.65,0.3000000000000007,0.09899999999999999,0.3000000000000007,0.091
0.1978,0.08003250000000002,5.6,0.3000000000000007,0.09899999999999999,0.3000000000000007,0.094
0.19785,0.07824250000000002,5.449999999999999,0.3000000000000007,0.098,0.3000000000000007,0.093
0.19790000000000002,0.07667500000000002,5.349999999999999,0.3000000000000007,0.098,0.3000000000000007,0.093
0.19795000000000001,0.07166000000000002,5.099999999999998,0.3000000000000007,0.098,0.3000000000000007,0.091
0.198,0.07031750000000002,5.000000000000001,0.3000000000000007,0.097,0.3000000000000007,0.09000000000000001
0.19805,0.06909500000000002,4.899999999999999,0.3000000000000007,0.097,0.3000000000000007,0.09000000000000001
0.1981,0.07146000000000002,5.0,0.3000000000000007,0.097,0.3000000000000007,0.092
0.19815000000000002,0.07036250000000002,4.9,0.3000000000000007,0.096,0.3000000000000007,0.092
0.19820000000000002,0.06582500000000002,4.7,0.3000000000000007,0.096,0.3000000000000007,0.09000000000000001
0.19825,0.06491250000000001,4.65,0.3000000000000007,0.096,0.3000000000000007,0.089
0.1983,0.06402250000000001,4.6,0.3000000000000007,0.096,0.3000000000000007,0.089
0.19835,0.06650500000000002,4.7,0.3000000000000007,0.095,0.3000000000000007,0.092
0.19840000000000002,0.06568000000000002,4.65,0.3000000000000007,0.095,0.3000000000000007,0.091
0.19845000000000002,0.061467500000000015,4.45,0.3000000000000007,0.095,0.3000000000000007,0.089
0.1985,0.060525000000000016,4.399999999999999,0.3000000000000007,0.095,0.3000000000000007,0.089
0.19855,0.05957000000000001,4.350000000000001,0.3000000000000007,0.094,0.3000000000000007,0.088
0.1986,0.06104000000000002,4.349999999999999,0.35000000000000053,0.094,0.0,0.0
0.19865000000000002,0.059045000000000014,4.199999999999998,0.40000000000000036,0.094,0.40000000000000036,0.089
0.19870000000000002,0.054937500000000014,3.9499999999999993,0.40000000000000036,0.093,0.40000000000000036,0.091
0.19875,0.05269500000000001,3.75,0.40000000000000036,0.093,0.40000000000000036,0.093
0.1988,0.05065250000000001,3.5999999999999996,0.40000000000000036,0.093,0.40000000000000036,0.093
0.19885,0.051170000000000014,3.3999999999999995,0.40000000000000036,0.097,0.40000000000000036,0.097
0.19890000000000002,0.05028500000000001,3.249999999999999,0.40000000000000036,0.102,0.40000000000000036,0.102
0.19895000000000002,0.04723250000000001,3.05,0.40000000000000036,0.102,0.40000000000000036,0.102
0.199,0.04706750000000001,2.8500000000000005,0.40000000000000036,0.107,0.40000000000000036,0.107
0.19905,0.04731000000000001,2.6500000000000004,0.40000000000000036,0.11,0.40000000000000036,0.11
0.1991,0.05191000000000001,2.5,0.40000000000000036,0.116,0.40000000000000036,0.115
0.19915000000000002,0.05476250000000001,2.3000000000000007,0.40000000000000036,0.118,0.40000000000000036,0.116
0.19920000000000002,0.05433750000000001,2.1500000000000004,0.34999999999999964,0.118,0.34999999999999964,0.11299999999999999
0.19925,0.058235000000000016,2.1000000000000005,0.34999999999999964,0.12000000000000001,0.34999999999999964,0.11299999999999999
0.1993,0.06252250000000002,2.250000000000001,0.34999999999999964,0.122,0.34999999999999964,0.112
0.19935,0.07184000000000001,2.5,0.34999999999999964,0.124,0.34999999999999964,0.115
0.19940000000000002,0.07621000000000001,2.5999999999999996,0.34999999999999964,0.125,0.34999999999999964,0.114
0.19945000000000002,0.07551500000000001,2.5999999999999996,0.34999999999999964,0.125,0.34999999999999964,0.11
0.1995,0.07967000000000002,2.75,0.34999999999999964,0.125,0.34999999999999964,0.10900000000000001
0.19955,0.08357750000000003,2.8999999999999995,0.34999999999999964,0.125,0.34999999999999964,0.107
0.1996,0.09195750000000003,3.2,0.34999999999999964,0.126,0.34999999999999964,0.11
0.19965000000000002,0.09539500000000002,3.3500000000000005,0.34999999999999964,0.125,0.34999999999999964,0.10900000000000001
0.19970000000000002,0.09401000000000002,3.3500000000000005,0.34999999999999964,0.125,0.34999999999999964,0.10500000000000001
0.19975,0.09708250000000003,3.450000000000001,0.34999999999999964,0.125,0.34999999999999964,0.104
0.1998,0.09982250000000002,3.6000000000000014,0.34999999999999964,0.124,0.34999999999999964,0.103
0.19985,0.10664750000000002,3.9000000000000012,0.34999999999999964,0.12300000000000001,0.34999999999999964,0.10500000000000001
0.19990000000000002,0.10862250000000002,4.050000000000002,0.34999999999999964,0.122,0.34999999999999964,0.104
0.19995000000000002,0.10575250000000003,4.050000000000002,0.34999999999999964,0.121,0.34999999999999964,0.1
0.2,0.10723250000000002,4.15,0.34999999999999964,0.12000000000000001,0.34999999999999964,0.1
0.20005,0.10830750000000003,4.300000000000001,0.34999999999999964,0.11900000000000001,0.34999999999999964,0.09899999999999999
0.2001,0.11334500000000003,4.6000000000000005,0.34999999999999964,0.117,0.34999999999999964,0.102
0.20015000000000002,0.11377500000000003,4.75,0.34999999999999964,0.116,0.34999999999999964,0.101
0.20020000000000002,0.10993000000000003,4.75,0.34999999999999964,0.114,0.34999999999999964,0.097
0.20025,0.10984000000000002,4.85,0.34999999999999964,0.11299999999999999,0.34999999999999964,0.097
0.2003,0.11004500000000003,4.999999999999999,0.34999999999999964,0.112,0.34999999999999964,0.096
0.20035,0.11440250000000003,5.3,0.34999999999999964,0.111,0.34999999999999964,0.09899999999999999
0.20040000000000002,0.11452500000000003,5.399999999999999,0.34999999999999964,0.10900000000000001,0.34999999999999964,0.098
0.20045000000000002,0.11023750000000003,5.399999999999999,0.34999999999999964,0.108,0.34999999999999964,0.095
0.2005,0.10962000000000002,5.499999999999999,0.34999999999999964,0.107,0.34999999999999964,0.095
0.20055,0.10863750000000003,5.6,0.34999999999999964,0.106,0.34999999999999964,0.094
0.2006,0.11109750000000003,5.9,0.34999999999999964,0.106,0.34999999999999964,0.097
0.20065000000000002,0.10926750000000003,6.000000000000001,0.34999999999999964,0.10500000000000001,0.34999999999999964,0.096
0.20070000000000002,0.10312750000000002,5.95,0.34999999999999964,0.104,0.34999999999999964,0.093
0.20075,0.10008250000000002,6.049999999999999,0.2999999999999998,0.103,0.2999999999999998,0.093
0.2008,0.09662500000000003,6.149999999999999,0.2999999999999998,0.102,0.2999999999999998,0.093
0.20085,0.09723000000000002,6.35,0.2999999999999998,0.102,0.2999999999999998,0.095
0.20090000000000002,0.09413500000000002,6.400000000000002,0.2999999999999998,0.101,0.2999999999999998,0.095
0.20095000000000002,0.08732750000000002,6.200000000000001,0.2999999999999998,0.101,0.2999999999999998,0.092
0.201,0.08417250000000003,6.1000000000000005,0.2999999999999998,0.1,0.2999999999999998,0.092
0.20105,0.08142250000000002,5.9,0.2999999999999998,0.09899999999999999,0.2999999999999998,0.092
0.2011,0.08273000000000003,5.850000000000001,0.2999999999999998,0.09899999999999999,0.2999999999999998,0.094
0.20115000000000002,0.08067750000000003,5.6499999999999995,0.2999999999999998,0.09899999999999999,0.2999999999999998,0.094
0.20120000000000002,0.07525500000000002,5.3500000000000005,0.2999999999999998,0.098,0.2999999999999998,0.091
0.20125,0.07361500000000001,5.25,0.2999999999999998,0.098,0.2999999999999998,0.091
0.2013,0.07213750000000002,5.1,0.2999999999999998,0.098,0.2999999999999998,0.091
0.20135,0.07426750000000001,5.15,0.2999999999999998,0.097,0.2999999999999998,0.093
0.20140000000000002,0.07300500000000001,5.05,0.2999999999999998,0.097,0.2999999999999998,0.093
0.20145000000000002,0.06828750000000001,4.85,0.2999999999999998,0.097,0.2999999999999998,0.09000000000000001
0.2015,0.06723250000000001,4.800000000000001,0.2999999999999998,0.096,0.2999999999999998,0.09000000000000001
0.20155,0.06617250000000002,4.700000000000001,0.2999999999999998,0.096,0.2999999999999998,0.09000000000000001
0.2016,0.06869750000000002,4.8,0.2999999999999998,0.096,0.2999999999999998,0.092
0.20165,0.06775750000000001,4.75,0.2999999999999998,0.096,0.2999999999999998,0.092
0.20170000000000002,0.06342000000000002,4.55,0.2999999999999998,0.095,0.2999999999999998,0.089
0.20175,0.06256750000000001,4.5,0.2999999999999998,0.095,0.2999999999999998,0.089
0.2018,0.06171500000000001,4.45,0.2999999999999998,0.095,0.2999999999999998,0.089
0.20185,0.06406500000000001,4.55,0.2999999999999998,0.095,0.2999999999999998,0.091
0.2019,0.06299750000000001,4.5,0.2999999999999998,0.094,0.2999999999999998,0.091
0.20195000000000002,0.05890250000000002,4.35,0.2999999999999998,0.094,0.0,0.0
0.202,0.05766250000000001,4.250000000000001,0.35000000000000053,0.094,0.35000000000000053,0.08399999999999999
0.20205,0.05567750000000001,4.0,0.40000000000000036,0.094,0.40000000000000036,0.09000000000000001
0.2021,0.055272500000000016,3.85,0.40000000000000036,0.093,0.40000000000000036,0.093
0.20215,0.05323500000000001,3.6500000000000004,0.40000000000000036,0.093,0.40000000000000036,0.093
0.20220000000000002,0.04953500000000001,3.45,0.40000000000000036,0.092,0.40000000000000036,0.092
0.20225,0.04816500000000001,3.3000000000000003,0.40000000000000036,0.096,0.40000000000000036,0.096
0.2023,0.04736000000000001,3.1,0.40000000000000036,0.101,0.40000000000000036,0.101
0.20235,0.049950000000000015,2.9,0.40000000000000036,0.10900000000000001,0.40000000000000036,0.10900000000000001
0.2024,0.05009250000000001,2.6999999999999997,0.40000000000000036,0.112,0.40000000000000036,0.112
0.20245000000000002,0.047930000000000014,2.55,0.40000000000000036,0.112,0.40000000000000036,0.111
0.2025,0.04988500000000001,2.3499999999999996,0.40000000000000036,0.115,0.40000000000000036,0.11299999999999999
0.20255,0.053045000000000016,2.1999999999999997,0.35000000000000053,0.117,0.35000000000000053,0.11299999999999999
0.2026,0.06167250000000001,2.1999999999999997,0.35000000000000053,0.121,0.35000000000000053,0.116
0.20265,0.06601000000000001,2.3,0.35000000000000053,0.122,0.35000000000000053,0.116
0.20270000000000002,0.06538750000000002,2.3,0.35000000000000053,0.122,0.35000000000000053,0.112
0.20275,0.06983750000000001,2.4499999999999997,0.35000000000000053,0.124,0.35000000000000053,0.111
0.2028,0.07409250000000002,2.5500000000000003,0.35000000000000053,0.124,0.35000000000000053,0.11
0.20285,0.08314000000000002,2.85,0.35000000000000053,0.125,0.35000000000000053,0.112
0.2029,0.08705750000000002,3.0,0.35000000000000053,0.126,0.35000000000000053,0.111
0.20295000000000002,0.08598500000000002,3.0,0.35000000000000053,0.126,0.35000000000000053,0.107
0.203,0.08960500000000002,3.15,0.35000000000000053,0.126,0.35000000000000053,0.106
0.20305,0.09296000000000003,3.3,0.35000000000000053,0.125,0.35000000000000053,0.10500000000000001
0.2031,0.10061750000000003,3.5500000000000003,0.35000000000000053,0.125,0.35000000000000053,0.107
0.20315,0.10341500000000002,3.7,0.35000000000000053,0.124,0.35000000000000053,0.106
0.20320000000000002,0.10586750000000003,3.85,0.35000000000000053,0.124,0.35000000000000053,0.106
0.20325000000000001,0.10366250000000003,3.85,0.35000000000000053,0.12300000000000001,0.35000000000000053,0.101
0.2033,0.10523250000000002,4.0,0.35000000000000053,0.122,0.35000000000000053,0.101
0.20335,0.11100500000000003,4.3,0.35000000000000053,0.12000000000000001,0.35000000000000053,0.103
0.2034,0.11224250000000002,4.4,0.35000000000000053,0.11900000000000001,0.35000000000000053,0.102
0.20345000000000002,0.11315250000000003,4.55,0.35000000000000053,0.118,0.35000000000000053,0.102
0.20350000000000001,0.10951000000000002,4.55,0.35000000000000053,0.116,0.35000000000000053,0.098
0.20355,0.10983750000000003,4.7,0.35000000000000053,0.115,0.35000000000000053,0.097
0.2036,0.11390000000000003,4.95,0.35000000000000053,0.11299999999999999,0.35000000000000053,0.1
0.20365,0.11398250000000003,5.1,0.35000000000000053,0.112,0.35000000000000053,0.09899999999999999
0.20370000000000002,0.11438250000000003,5.25,0.35000000000000053,0.111,0.35000000000000053,0.09899999999999999
0.20375000000000001,0.11061000000000003,5.2,0.35000000000000053,0.11,0.35000000000000053,0.095
0.2038,0.11036500000000003,5.35,0.35000000000000053,0.10900000000000001,0.35000000000000053,0.095
0.20385,0.11374250000000002,5.6,0.35000000000000053,0.108,0.35000000000000053,0.098
0.2039,0.11282000000000003,5.7,0.35000000000000053,0.107,0.35000000000000053,0.097
0.20395000000000002,0.11157750000000002,5.8500000000000005,0.35000000000000053,0.106,0.35000000000000053,0.097
0.20400000000000001,0.10609500000000002,5.800000000000001,0.35000000000000053,0.10500000000000001,0.35000000000000053,0.094
0.20405,0.10396250000000003,5.95,0.35000000000000053,0.104,0.35000000000000053,0.093
0.2041,0.10486250000000003,6.200000000000001,0.2999999999999998,0.103,0.2999999999999998,0.096
0.20415,0.10141000000000003,6.25,0.2999999999999998,0.103,0.2999999999999998,0.096
0.20420000000000002,0.09823250000000003,6.3500000000000005,0.2999999999999998,0.102,0.2999999999999998,0.095
0.20425000000000001,0.09153250000000002,6.250000000000001,0.2999999999999998,0.101,0.2999999999999998,0.092
0.2043,0.08838750000000002,6.25,0.2999999999999998,0.101,0.2999999999999998,0.092
0.20435,0.08876000000000002,6.3,0.2999999999999998,0.1,0.2999999999999998,0.095
0.2044,0.08590500000000002,6.1,0.2999999999999998,0.1,0.2999999999999998,0.094
0.20445000000000002,0.08346000000000002,5.8999999999999995,0.2999999999999998,0.09899999999999999,0.2999999999999998,0.094
0.20450000000000002,0.07775250000000002,5.549999999999999,0.2999999999999998,0.09899999999999999,0.2999999999999998,0.091
0.20455,0.07583750000000002,5.4,0.2999999999999998,0.098,0.2999999999999998,0.091
0.2046,0.07415250000000002,5.25,0.2999999999999998,0.098,0.2999999999999998,0.091
0.20465,0.07615500000000001,5.300000000000001,0.2999999999999998,0.098,0.2999999999999998,0.093
0.20470000000000002,0.07472750000000002,5.199999999999999,0.2999999999999998,0.097,0.2999999999999998,0.093
0.20475000000000002,0.06989250000000002,4.949999999999999,0.2999999999999998,0.097,0.2999999999999998,0.09000000000000001
0.2048,0.06868000000000002,4.9,0.2999999999999998,0.097,0.2999999999999998,0.09000000000000001
0.20485,0.06758750000000002,4.800000000000001,0.2999999999999998,0.097,0.2999999999999998,0.09000000000000001
0.2049,0.06654250000000002,4.750000000000001,0.2999999999999998,0.096,0.2999999999999998,0.09000000000000001
0.20495000000000002,0.06553250000000002,4.6499999999999995,0.2999999999999998,0.096,0.2999999999999998,0.09000000000000001
0.20500000000000002,0.06456250000000002,4.6,0.2999999999999998,0.096,0.2999999999999998,0.089
0.20505,0.06371750000000001,4.55,0.2999999999999998,0.095,0.2999999999999998,0.089
0.2051,0.06286250000000002,4.500000000000001,0.2999999999999998,0.095,0.2999999999999998,0.089
0.20515,0.061980000000000014,4.449999999999998,0.2999999999999998,0.095,0.2999999999999998,0.089
0.20520000000000002,0.06116500000000002,4.400000000000001,0.2999999999999998,0.095,0.2999999999999998,0.089
0.20525000000000002,0.060245000000000014,4.3999999999999995,0.2999999999999998,0.094,0.2999999999999998,0.088
0.2053,0.05926500000000001,4.3500000000000005,0.2999999999999998,0.094,0.2999999999999998,0.088
0.20535,0.05815250000000002,4.299999999999998,0.2999999999999998,0.094,0.2999999999999998,0.081
0.2054,0.056402500000000015,4.099999999999999,0.39999999999999947,0.094,0.39999999999999947,0.088
0.20545000000000002,0.054182500000000015,3.8999999999999995,0.39999999999999947,0.093,0.39999999999999947,0.092
0.20550000000000002,0.05200750000000001,3.6999999999999993,0.39999999999999947,0.093,0.39999999999999947,0.093
0.20555,0.05005750000000001,3.549999999999999,0.39999999999999947,0.092,0.39999999999999947,0.092
0.2056,0.04855250000000001,3.3499999999999996,0.39999999999999947,0.094,0.39999999999999947,0.094
0.20565,0.04763500000000001,3.2,0.39999999999999947,0.09899999999999999,0.39999999999999947,0.09899999999999999
0.20570000000000002,0.047117500000000014,2.999999999999999,0.39999999999999947,0.104,0.39999999999999947,0.104
0.20575000000000002,0.04708750000000001,2.8000000000000007,0.39999999999999947,0.108,0.39999999999999947,0.108
0.2058,0.04754000000000001,2.6000000000000005,0.39999999999999947,0.111,0.39999999999999947,0.111
0.20585,0.04918750000000001,2.450000000000001,0.39999999999999947,0.114,0.39999999999999947,0.112
0.2059,0.05183500000000001,2.250000000000001,0.35000000000000053,0.117,0.35000000000000053,0.11299999999999999
0.20595000000000002,0.05555750000000002,2.1000000000000005,0.35000000000000053,0.11900000000000001,0.35000000000000053,0.11299999999999999
0.20600000000000002,0.05966000000000001,2.1500000000000004,0.35000000000000053,0.12000000000000001,0.35000000000000053,0.11299999999999999
0.20605,0.06396750000000001,2.250000000000001,0.35000000000000053,0.122,0.35000000000000053,0.112
0.2061,0.06838250000000001,2.4000000000000012,0.35000000000000053,0.12300000000000001,0.35000000000000053,0.111
0.20615,0.07271000000000002,2.5,0.35000000000000053,0.124,0.35000000000000053,0.11
0.20620000000000002,0.07691500000000003,2.6500000000000004,0.35000000000000053,0.125,0.35000000000000053,0.10900000000000001
0.20625000000000002,0.08098000000000002,2.8,0.35000000000000053,0.125,0.35000000000000053,0.108
0.2063,0.08481250000000003,2.95,0.35000000000000053,0.126,0.35000000000000053,0.107
0.20635,0.08843750000000002,3.1000000000000005,0.35000000000000053,0.126,0.35000000000000053,0.106
0.2064,0.09186000000000002,3.25,0.35000000000000053,0.125,0.35000000000000053,0.10500000000000001
0.20645000000000002,0.09504500000000002,3.4000000000000004,0.35000000000000053,0.125,0.35000000000000053,0.104
0.20650000000000002,0.09803000000000002,3.500000000000001,0.35000000000000053,0.125,0.35000000000000053,0.103
0.20655,0.10068000000000002,3.6500000000000012,0.35000000000000053,0.124,0.35000000000000053,0.102
0.2066,0.10298500000000002,3.8000000000000007,0.35000000000000053,0.12300000000000001,0.35000000000000053,0.102
0.20665,0.10474250000000003,3.950000000000001,0.35000000000000053,0.122,0.35000000000000053,0.101
0.20670000000000002,0.10627750000000002,4.1000000000000005,0.35000000000000053,0.121,0.35000000000000053,0.1
0.20675000000000002,0.10765000000000002,4.2,0.35000000000000053,0.12000000000000001,0.35000000000000053,0.09899999999999999
0.2068,0.10868750000000003,4.3500000000000005,0.35000000000000053,0.118,0.35000000000000053,0.09899999999999999
0.20685,0.10933500000000003,4.5,0.35000000000000053,0.117,0.35000000000000053,0.098
0.2069,0.10976500000000003,4.65,0.35000000000000053,0.115,0.35000000000000053,0.098
0.20695000000000002,0.10986750000000002,4.749999999999999,0.35000000000000053,0.114,0.35000000000000053,0.097
0.20700000000000002,0.10976750000000003,4.8999999999999995,0.35000000000000053,0.11299999999999999,0.35000000000000053,0.096
0.20705,0.11027500000000003,5.05,0.35000000000000053,0.111,0.35000000000000053,0.096
0.2071,0.11055500000000003,5.2,0.35000000000000053,0.11,0.35000000000000053,0.095
0.20715,0.11044750000000003,5.299999999999999,0.35000000000000053,0.10900000000000001,0.35000000000000053,0.095
0.20720000000000002,0.11007250000000003,5.399999999999999,0.35000000000000053,0.108,0.35000000000000053,0.095
0.20725000000000002,0.10937500000000003,5.5,0.35000000000000053,0.107,0.35000000000000053,0.094
0.2073,0.10821750000000002,5.6499999999999995,0.35000000000000053,0.106,0.35000000000000053,0.094
0.20735,0.10673000000000003,5.750000000000001,0.35000000000000053,0.10500000000000001,0.35000000000000053,0.094
0.2074,0.10476250000000002,5.900000000000001,0.35000000000000053,0.104,0.35000000000000053,0.093
0.20745000000000002,0.10225250000000002,6.0,0.2999999999999998,0.104,0.2999999999999998,0.093
0.20750000000000002,0.09884250000000003,6.1,0.2999999999999998,0.103,0.2999999999999998,0.093
0.20755,0.09563250000000002,6.199999999999999,0.2999999999999998,0.102,0.2999999999999998,0.093
0.2076,0.09260250000000002,6.249999999999999,0.2999999999999998,0.102,0.2999999999999998,0.092
0.20765,0.08943000000000002,6.249999999999998,0.2999999999999998,0.101,0.2999999999999998,0.092
0.20770000000000002,0.08625250000000002,6.199999999999999,0.2999999999999998,0.1,0.2999999999999998,0.092
0.20775000000000002,0.08322250000000002,6.050000000000001,0.2999999999999998,0.1,0.2999999999999998,0.092
0.2078,0.08068000000000002,5.85,0.2999999999999998,0.09899999999999999,0.2999999999999998,0.092
0.20785,0.07840000000000003,5.65,0.2999999999999998,0.09899999999999999,0.2999999999999998,0.091
0.2079,0.07646750000000002,5.45,0.2999999999999998,0.09899999999999999,0.2999999999999998,0.091
0.20795000000000002,0.07469500000000003,5.300000000000001,0.2999999999999998,0.098,0.2999999999999998,0.091
0.20800000000000002,0.07310250000000001,5.2,0.2999999999999998,0.098,0.2999999999999998,0.091
0.20805,0.07166500000000002,5.1,0.2999999999999998,0.098,0.2999999999999998,0.091
0.2081,0.07031750000000002,5.0,0.2999999999999998,0.097,0.2999999999999998,0.09000000000000001
0.20815,0.06909500000000002,4.9,0.2999999999999998,0.097,0.2999999999999998,0.09000000000000001
0.2082,0.06793750000000001,4.85,0.2999999999999998,0.097,0.2999999999999998,0.09000000000000001
0.20825000000000002,0.06688250000000001,4.75,0.2999999999999998,0.096,0.2999999999999998,0.09000000000000001
0.2083,0.06582750000000001,4.699999999999999,0.2999999999999998,0.096,0.2999999999999998,0.09000000000000001
0.20835,0.06491750000000002,4.6499999999999995,0.2999999999999998,0.096,0.2999999999999998,0.089
0.2084,0.06402250000000001,4.6000000000000005,0.2999999999999998,0.096,0.2999999999999998,0.089
0.20845,0.06315500000000002,4.55,0.2999999999999998,0.095,0.2999999999999998,0.089
0.20850000000000002,0.06228250000000002,4.5,0.2999999999999998,0.095,0.2999999999999998,0.089
0.20855,0.061467500000000015,4.45,0.2999999999999998,0.095,0.2999999999999998,0.089
0.2086,0.060530000000000014,4.3999999999999995,0.2999999999999998,0.095,0.2999999999999998,0.089
0.20865,0.05957000000000001,4.3500000000000005,0.2999999999999998,0.094,0.2999999999999998,0.088
0.2087,0.058587500000000015,4.3,0.2999999999999998,0.094,0.0,0.0
0.20875000000000002,0.057055000000000015,4.2,0.34999999999999964,0.094,0.34999999999999964,0.08600000000000001
0.2088,0.05494000000000002,3.95,0.39999999999999947,0.093,0.39999999999999947,0.091
0.20885,0.05269500000000001,3.75,0.39999999999999947,0.093,0.39999999999999947,0.093
0.2089,0.05065250000000001,3.6,0.39999999999999947,0.093,0.39999999999999947,0.093
0.20895,0.04904250000000001,3.4,0.39999999999999947,0.092,0.39999999999999947,0.092
0.20900000000000002,0.04786250000000001,3.25,0.39999999999999947,0.097,0.39999999999999947,0.097
0.20905,0.04723250000000001,3.05,0.39999999999999947,0.102,0.39999999999999947,0.102
0.2091,0.04706750000000001,2.8499999999999996,0.39999999999999947,0.107,0.39999999999999947,0.107
0.20915,0.047312500000000014,2.65,0.39999999999999947,0.11,0.39999999999999947,0.11
0.2092,0.04854250000000001,2.4999999999999996,0.39999999999999947,0.11299999999999999,0.39999999999999947,0.112
0.20925000000000002,0.05074500000000001,2.3,0.39999999999999947,0.116,0.39999999999999947,0.11299999999999999
0.2093,0.05433750000000001,2.15,0.34999999999999964,0.118,0.34999999999999964,0.11299999999999999
0.20935,0.058235000000000016,2.1,0.34999999999999964,0.12000000000000001,0.34999999999999964,0.11299999999999999
0.2094,0.06252250000000002,2.25,0.34999999999999964,0.122,0.34999999999999964,0.112
0.20945,0.06686250000000002,2.3499999999999996,0.34999999999999964,0.12300000000000001,0.34999999999999964,0.112
0.20950000000000002,0.07621000000000001,2.6,0.34999999999999964,0.125,0.34999999999999964,0.114
0.20955000000000001,0.07551500000000001,2.6,0.34999999999999964,0.125,0.34999999999999964,0.11
0.2096,0.07967000000000002,2.75,0.34999999999999964,0.125,0.34999999999999964,0.10900000000000001
0.20965,0.08357750000000003,2.9,0.34999999999999964,0.125,0.34999999999999964,0.107
0.2097,0.08721500000000003,3.0500000000000003,0.34999999999999964,0.126,0.34999999999999964,0.106
0.20975000000000002,0.09539750000000002,3.35,0.34999999999999964,0.125,0.34999999999999964,0.10900000000000001
0.20980000000000001,0.09401000000000002,3.35,0.34999999999999964,0.125,0.34999999999999964,0.10500000000000001
0.20985,0.09708250000000003,3.45,0.34999999999999964,0.125,0.34999999999999964,0.104
0.2099,0.09982250000000002,3.6,0.34999999999999964,0.124,0.34999999999999964,0.103
0.20995,0.10223000000000003,3.75,0.34999999999999964,0.12300000000000001,0.34999999999999964,0.102
0.21000000000000002,0.10862750000000003,4.050000000000001,0.34999999999999964,0.122,0.34999999999999964,0.104
0.21005000000000001,0.10575500000000003,4.050000000000001,0.34999999999999964,0.121,0.34999999999999964,0.1
0.2101,0.10723500000000002,4.15,0.34999999999999964,0.12000000000000001,0.34999999999999964,0.1
0.21015,0.10831000000000003,4.300000000000001,0.34999999999999964,0.11900000000000001,0.34999999999999964,0.09899999999999999
0.2102,0.10916250000000002,4.45,0.34999999999999964,0.117,0.34999999999999964,0.098
0.21025000000000002,0.11378000000000003,4.750000000000001,0.34999999999999964,0.116,0.34999999999999964,0.101
0.21030000000000001,0.10993000000000003,4.750000000000001,0.34999999999999964,0.114,0.34999999999999964,0.097
0.21035,0.10984250000000002,4.85,0.34999999999999964,0.11299999999999999,0.34999999999999964,0.097
0.2104,0.11004500000000003,5.0,0.34999999999999964,0.112,0.34999999999999964,0.096
0.21045,0.11042000000000003,5.1499999999999995,0.34999999999999964,0.111,0.34999999999999964,0.096
0.21050000000000002,0.11452750000000003,5.3999999999999995,0.34999999999999964,0.10900000000000001,0.34999999999999964,0.098
0.21055000000000001,0.11024000000000003,5.3999999999999995,0.34999999999999964,0.108,0.34999999999999964,0.095
0.2106,0.10962500000000003,5.5,0.34999999999999964,0.107,0.34999999999999964,0.095
0.21065,0.10863750000000003,5.6000000000000005,0.34999999999999964,0.106,0.34999999999999964,0.094
0.2107,0.10728500000000003,5.75,0.34999999999999964,0.106,0.34999999999999964,0.094
0.21075000000000002,0.10548500000000002,5.8500000000000005,0.34999999999999964,0.10500000000000001,0.34999999999999964,0.094
0.21080000000000002,0.10313000000000003,5.95,0.34999999999999964,0.104,0.34999999999999964,0.093
0.21085,0.10008500000000002,6.05,0.2999999999999998,0.103,0.2999999999999998,0.093
0.2109,0.09662500000000003,6.1499999999999995,0.2999999999999998,0.102,0.2999999999999998,0.093
0.21095,0.09361500000000002,6.2,0.2999999999999998,0.102,0.2999999999999998,0.093
0.21100000000000002,0.09049000000000003,6.249999999999999,0.2999999999999998,0.101,0.2999999999999998,0.092
0.21105000000000002,0.08733000000000002,6.2,0.2999999999999998,0.101,0.2999999999999998,0.092
0.2111,0.08417500000000003,6.1,0.2999999999999998,0.1,0.2999999999999998,0.092
0.21115,0.08142250000000002,5.8999999999999995,0.2999999999999998,0.09899999999999999,0.2999999999999998,0.092
0.2112,0.07911250000000002,5.7,0.2999999999999998,0.09899999999999999,0.2999999999999998,0.091
0.21125000000000002,0.07706750000000002,5.5,0.2999999999999998,0.09899999999999999,0.2999999999999998,0.091
0.21130000000000002,0.07526500000000001,5.35,0.2999999999999998,0.098,0.2999999999999998,0.091
0.21135,0.07362000000000002,5.25,0.2999999999999998,0.098,0.2999999999999998,0.091
0.2114,0.07214000000000002,5.1,0.2999999999999998,0.098,0.2999999999999998,0.091
0.21145,0.07074500000000002,5.0,0.2999999999999998,0.097,0.2999999999999998,0.09000000000000001
0.21150000000000002,0.06947500000000002,4.950000000000001,0.2999999999999998,0.097,0.2999999999999998,0.09000000000000001
0.21155000000000002,0.06829000000000002,4.8500000000000005,0.2999999999999998,0.097,0.2999999999999998,0.09000000000000001
0.2116,0.06723500000000002,4.799999999999999,0.2999999999999998,0.096,0.2999999999999998,0.09000000000000001
0.21165,0.06617750000000001,4.699999999999999,0.2999999999999998,0.096,0.2999999999999998,0.09000000000000001
0.2117,0.06524250000000002,4.65,0.2999999999999998,0.096,0.2999999999999998,0.09000000000000001
0.21175000000000002,0.06431750000000001,4.6000000000000005,0.2999999999999998,0.096,0.2999999999999998,0.089
0.21180000000000002,0.06342250000000002,4.549999999999999,0.2999999999999998,0.095,0.2999999999999998,0.089
0.21185,0.06256750000000001,4.499999999999999,0.2999999999999998,0.095,0.2999999999999998,0.089
0.2119,0.061717500000000015,4.449999999999999,0.2999999999999998,0.095,0.2999999999999998,0.089
0.21195,0.060862500000000014,4.4,0.2999999999999998,0.095,0.2999999999999998,0.089
0.21200000000000002,0.05993750000000001,4.3500000000000005,0.2999999999999998,0.094,0.2999999999999998,0.088
0.21205000000000002,0.05890500000000001,4.3500000000000005,0.2999999999999998,0.094,0.0,0.0
0.2121,0.057665000000000015,4.249999999999999,0.35000000000000053,0.094,0.35000000000000053,0.08399999999999999
0.21215,0.05567750000000001,3.999999999999999,0.40000000000000036,0.094,0.40000000000000036,0.09000000000000001
0.2122,0.053440000000000015,3.8499999999999996,0.40000000000000036,0.093,0.40000000000000036,0.092
0.21225000000000002,0.051310000000000015,3.6499999999999995,0.40000000000000036,0.093,0.40000000000000036,0.093
0.21230000000000002,0.04953500000000001,3.45,0.40000000000000036,0.092,0.40000000000000036,0.092
0.21235,0.04816750000000001,3.3,0.40000000000000036,0.096,0.40000000000000036,0.096
0.2124,0.04736000000000001,3.0999999999999996,0.40000000000000036,0.101,0.40000000000000036,0.101
0.21245,0.04708250000000001,2.9000000000000004,0.40000000000000036,0.10500000000000001,0.40000000000000036,0.10500000000000001
0.21250000000000002,0.047132500000000015,2.700000000000001,0.40000000000000036,0.10900000000000001,0.40000000000000036,0.10900000000000001
0.21255000000000002,0.047930000000000014,2.5500000000000007,0.40000000000000036,0.112,0.40000000000000036,0.111
0.2126,0.04988500000000001,2.3500000000000005,0.40000000000000036,0.115,0.40000000000000036,0.11299999999999999
0.21265,0.05304750000000001,2.200000000000001,0.34999999999999964,0.117,0.34999999999999964,0.11299999999999999
0.2127,0.05685500000000002,2.0500000000000007,0.34999999999999964,0.11900000000000001,0.34999999999999964,0.11299999999999999
0.21275000000000002,0.06109750000000001,2.200000000000001,0.34999999999999964,0.121,0.34999999999999964,0.11299999999999999
0.21280000000000002,0.06538750000000002,2.3000000000000007,0.34999999999999964,0.122,0.34999999999999964,0.112
0.21285,0.06983750000000001,2.450000000000001,0.34999999999999964,0.124,0.34999999999999964,0.111
0.2129,0.07409250000000002,2.55,0.34999999999999964,0.124,0.34999999999999964,0.11
0.21295,0.07831250000000002,2.7,0.34999999999999964,0.125,0.34999999999999964,0.10900000000000001
0.21300000000000002,0.08225500000000002,2.8499999999999996,0.34999999999999964,0.125,0.34999999999999964,0.108
0.21305000000000002,0.08598750000000002,3.0,0.34999999999999964,0.126,0.34999999999999964,0.107
0.2131,0.08960750000000002,3.1499999999999995,0.34999999999999964,0.126,0.34999999999999964,0.106
0.21315,0.09296000000000003,3.3,0.34999999999999964,0.125,0.34999999999999964,0.10500000000000001
0.2132,0.09604750000000002,3.4000000000000004,0.34999999999999964,0.125,0.34999999999999964,0.104
0.21325000000000002,0.09895750000000003,3.5500000000000007,0.34999999999999964,0.124,0.34999999999999964,0.103
0.21330000000000002,0.10146750000000003,3.700000000000001,0.34999999999999964,0.124,0.34999999999999964,0.102
0.21335,0.10366500000000002,3.8500000000000005,0.34999999999999964,0.12300000000000001,0.34999999999999964,0.101
0.2134,0.10523250000000002,4.000000000000001,0.34999999999999964,0.122,0.34999999999999964,0.101
0.21345,0.10673250000000002,4.150000000000001,0.34999999999999964,0.12000000000000001,0.34999999999999964,0.1
0.21350000000000002,0.10804000000000002,4.250000000000001,0.34999999999999964,0.11900000000000001,0.34999999999999964,0.09899999999999999
0.21355000000000002,0.10895250000000002,4.4,0.34999999999999964,0.118,0.34999999999999964,0.09899999999999999
0.2136,0.10951250000000003,4.550000000000001,0.34999999999999964,0.116,0.34999999999999964,0.098
0.21365,0.10984500000000003,4.7,0.34999999999999964,0.115,0.34999999999999964,0.097
0.2137,0.10987750000000003,4.8,0.34999999999999964,0.11299999999999999,0.34999999999999964,0.097
0.21375000000000002,0.10993500000000003,4.95,0.34999999999999964,0.112,0.34999999999999964,0.096
0.21380000000000002,0.11036000000000003,5.1,0.34999999999999964,0.111,0.34999999999999964,0.096
0.21385,0.11061250000000003,5.199999999999999,0.34999999999999964,0.11,0.34999999999999964,0.095
0.2139,0.11036750000000002,5.349999999999999,0.34999999999999964,0.10900000000000001,0.34999999999999964,0.095
0.21395,0.10986500000000003,5.449999999999999,0.34999999999999964,0.108,0.34999999999999964,0.095
0.21400000000000002,0.10901000000000002,5.55,0.34999999999999964,0.107,0.34999999999999964,0.094
0.21405000000000002,0.10777250000000002,5.7,0.34999999999999964,0.106,0.34999999999999964,0.094
0.2141,0.10610500000000003,5.800000000000001,0.34999999999999964,0.10500000000000001,0.34999999999999964,0.094
0.21415,0.10396250000000003,5.950000000000001,0.34999999999999964,0.104,0.34999999999999964,0.093
0.2142,0.10118250000000002,6.050000000000001,0.2999999999999998,0.103,0.2999999999999998,0.093
0.21425000000000002,0.09773500000000003,6.1,0.2999999999999998,0.103,0.2999999999999998,0.093
0.21430000000000002,0.09459500000000003,6.2,0.2999999999999998,0.102,0.2999999999999998,0.093
0.21435,0.09153500000000002,6.25,0.2999999999999998,0.101,0.2999999999999998,0.092
0.2144,0.08839000000000002,6.25,0.2999999999999998,0.101,0.2999999999999998,0.092
0.21445,0.08518000000000002,6.15,0.2999999999999998,0.1,0.2999999999999998,0.092
0.21450000000000002,0.08231250000000002,5.999999999999999,0.2999999999999998,0.1,0.2999999999999998,0.092
0.21455000000000002,0.07987250000000003,5.75,0.2999999999999998,0.09899999999999999,0.2999999999999998,0.091
0.2146,0.07775750000000002,5.550000000000001,0.2999999999999998,0.09899999999999999,0.2999999999999998,0.091
0.21465,0.07584500000000002,5.3999999999999995,0.2999999999999998,0.098,0.2999999999999998,0.091
0.2147,0.07415500000000001,5.25,0.2999999999999998,0.098,0.2999999999999998,0.091
0.21475,0.07260000000000001,5.15,0.2999999999999998,0.098,0.2999999999999998,0.091
0.21480000000000002,0.07120250000000002,5.050000000000001,0.2999999999999998,0.097,0.2999999999999998,0.09000000000000001
0.21485,0.06989750000000002,4.949999999999999,0.2999999999999998,0.097,0.2999999999999998,0.09000000000000001
0.2149,0.06868250000000002,4.9,0.2999999999999998,0.097,0.2999999999999998,0.09000000000000001
0.21495,0.06759000000000001,4.800000000000001,0.2999999999999998,0.097,0.2999999999999998,0.09000000000000001
0.215,0.06654250000000002,4.75,0.2999999999999998,0.096,0.2999999999999998,0.09000000000000001
0.21505000000000002,0.06553250000000002,4.65,0.2999999999999998,0.096,0.2999999999999998,0.09000000000000001
0.2151,0.06456250000000002,4.6,0.2999999999999998,0.096,0.2999999999999998,0.089
0.21515,0.06372000000000001,4.55,0.2999999999999998,0.095,0.2999999999999998,0.089
0.2152,0.06286500000000002,4.500000000000001,0.2999999999999998,0.095,0.2999999999999998,0.089
0.21525,0.061980000000000014,4.449999999999999,0.2999999999999998,0.095,0.2999999999999998,0.089
0.21530000000000002,0.06116500000000002,4.4,0.2999999999999998,0.095,0.2999999999999998,0.089
0.21535,0.06025000000000001,4.3999999999999995,0.2999999999999998,0.094,0.2999999999999998,0.088
0.2154,0.059267500000000015,4.35,0.2999999999999998,0.094,0.2999999999999998,0.088
0.21545,0.05815250000000002,4.300000000000001,0.2999999999999998,0.094,0.2999999999999998,0.081
0.2155,0.05640500000000002,4.1000000000000005,0.40000000000000036,0.094,0.40000000000000036,0.088
0.21555000000000002,0.054182500000000015,3.9,0.40000000000000036,0.093,0.40000000000000036,0.092
0.2156,0.05200750000000001,3.7,0.40000000000000036,0.093,0.40000000000000036,0.093
0.21565,0.05005750000000001,3.55,0.40000000000000036,0.092,0.40000000000000036,0.092
0.2157,0.04855250000000001,3.35,0.40000000000000036,0.094,0.40000000000000036,0.094
0.21575,0.04763750000000001,3.2,0.40000000000000036,0.09899999999999999,0.40000000000000036,0.09899999999999999
0.21580000000000002,0.049927500000000014,3.0,0.40000000000000036,0.108,0.40000000000000036,0.108
0.21585000000000001,0.047090000000000014,2.75,0.40000000000000036,0.108,0.40000000000000036,0.108
0.2159,0.047542500000000015,2.6,0.40000000000000036,0.111,0.40000000000000036,0.111
0.21595,0.04918750000000001,2.4499999999999997,0.40000000000000036,0.114,0.40000000000000036,0.112
0.216,0.05183500000000001,2.25,0.35000000000000053,0.117,0.35000000000000053,0.11299999999999999
0.21605000000000002,0.060170000000000015,2.15,0.35000000000000053,0.12000000000000001,0.35000000000000053,0.116
0.21610000000000001,0.05966000000000001,2.15,0.35000000000000053,0.12000000000000001,0.35000000000000053,0.11299999999999999
0.21615,0.06396750000000001,2.25,0.35000000000000053,0.122,0.35000000000000053,0.112
0.2162,0.06838500000000002,2.4,0.35000000000000053,0.12300000000000001,0.35000000000000053,0.111
0.21625,0.07271000000000002,2.5,0.35000000000000053,0.124,0.35000000000000053,0.11
0.21630000000000002,0.08178750000000003,2.8,0.35000000000000053,0.125,0.35000000000000053,0.11299999999999999
0.21635000000000001,0.08098000000000002,2.8,0.35000000000000053,0.125,0.35000000000000053,0.108
0.2164,0.08481250000000003,2.9499999999999997,0.35000000000000053,0.126,0.35000000000000053,0.107
0.21645,0.08844000000000002,3.1,0.35000000000000053,0.126,0.35000000000000053,0.106
0.2165,0.09186000000000002,3.25,0.35000000000000053,0.125,0.35000000000000053,0.10500000000000001
0.21655000000000002,0.09959750000000002,3.5500000000000003,0.35000000000000053,0.125,0.35000000000000053,0.108
0.21660000000000001,0.09803000000000002,3.5000000000000004,0.35000000000000053,0.125,0.35000000000000053,0.103
0.21665,0.10068250000000002,3.6500000000000004,0.35000000000000053,0.124,0.35000000000000053,0.102
0.2167,0.10298500000000002,3.8000000000000003,0.35000000000000053,0.12300000000000001,0.35000000000000053,0.102
0.21675,0.10474750000000002,3.95,0.35000000000000053,0.122,0.35000000000000053,0.101
0.21680000000000002,0.11058250000000003,4.25,0.35000000000000053,0.121,0.35000000000000053,0.103
0.21685000000000001,0.10765250000000003,4.2,0.35000000000000053,0.12000000000000001,0.35000000000000053,0.09899999999999999
0.2169,0.10869000000000002,4.3500000000000005,0.35000000000000053,0.118,0.35000000000000053,0.09899999999999999
0.21695,0.10933500000000003,4.5,0.35000000000000053,0.117,0.35000000000000053,0.098
0.217,0.10976500000000003,4.65,0.35000000000000053,0.115,0.35000000000000053,0.098
0.21705000000000002,0.11394500000000003,4.8999999999999995,0.35000000000000053,0.114,0.35000000000000053,0.1
0.21710000000000002,0.10976750000000003,4.8999999999999995,0.35000000000000053,0.11299999999999999,0.35000000000000053,0.096
0.21715,0.11028000000000003,5.05,0.35000000000000053,0.111,0.35000000000000053,0.096
0.2172,0.11055750000000003,5.199999999999999,0.35000000000000053,0.11,0.35000000000000053,0.095
0.21725,0.11045000000000003,5.3,0.35000000000000053,0.10900000000000001,0.35000000000000053,0.095
0.21730000000000002,0.11394000000000003,5.55,0.35000000000000053,0.108,0.35000000000000053,0.098
0.21735000000000002,0.10937500000000003,5.5,0.35000000000000053,0.107,0.35000000000000053,0.094
0.2174,0.10822000000000002,5.6499999999999995,0.35000000000000053,0.106,0.35000000000000053,0.094
0.21745,0.10673250000000002,5.75,0.35000000000000053,0.10500000000000001,0.35000000000000053,0.094
0.2175,0.10476500000000002,5.9,0.35000000000000053,0.104,0.35000000000000053,0.093
0.21755000000000002,0.10226000000000003,6.0,0.3000000000000007,0.104,0.3000000000000007,0.093
0.21760000000000002,0.09884250000000003,6.1,0.3000000000000007,0.103,0.3000000000000007,0.093
0.21765,0.09563250000000002,6.199999999999999,0.3000000000000007,0.102,0.3000000000000007,0.093
0.2177,0.09260250000000002,6.25,0.3000000000000007,0.102,0.3000000000000007,0.092
0.21775,0.08943000000000002,6.249999999999999,0.3000000000000007,0.101,0.3000000000000007,0.092
0.21780000000000002,0.08625750000000003,6.2,0.3000000000000007,0.1,0.3000000000000007,0.092
0.21785000000000002,0.08322250000000002,6.05,0.3000000000000007,0.1,0.3000000000000007,0.092
0.2179,0.08068250000000002,5.8500000000000005,0.3000000000000007,0.09899999999999999,0.3000000000000007,0.092
0.21795,0.07840500000000002,5.65,0.3000000000000007,0.09899999999999999,0.3000000000000007,0.091
0.218,0.07646750000000002,5.45,0.3000000000000007,0.09899999999999999,0.3000000000000007,0.091
0.21805000000000002,0.07469750000000001,5.299999999999999,0.3000000000000007,0.098,0.3000000000000007,0.091
0.21810000000000002,0.07310500000000002,5.2,0.3000000000000007,0.098,0.3000000000000007,0.091
0.21815,0.07166500000000002,5.099999999999998,0.3000000000000007,0.098,0.3000000000000007,0.091
0.2182,0.07031750000000002,5.000000000000001,0.3000000000000007,0.097,0.3000000000000007,0.09000000000000001
0.21825,0.06909500000000002,4.899999999999999,0.3000000000000007,0.097,0.3000000000000007,0.09000000000000001
0.21830000000000002,0.06793750000000001,4.85,0.3000000000000007,0.097,0.3000000000000007,0.09000000000000001
0.21835000000000002,0.06688750000000002,4.75,0.3000000000000007,0.096,0.3000000000000007,0.09000000000000001
0.2184,0.06582750000000001,4.7,0.3000000000000007,0.096,0.3000000000000007,0.09000000000000001
0.21845,0.06492000000000002,4.65,0.3000000000000007,0.096,0.3000000000000007,0.089
0.2185,0.06402250000000001,4.6,0.3000000000000007,0.096,0.3000000000000007,0.089
0.21855000000000002,0.06315500000000002,4.550000000000002,0.3000000000000007,0.095,0.3000000000000007,0.089
0.21860000000000002,0.06228250000000002,4.5,0.3000000000000007,0.095,0.3000000000000007,0.089
0.21865,0.06147000000000002,4.45,0.3000000000000007,0.095,0.3000000000000007,0.089
0.2187,0.060530000000000014,4.399999999999999,0.3000000000000007,0.095,0.3000000000000007,0.089
0.21875,0.05957000000000001,4.350000000000001,0.3000000000000007,0.094,0.3000000000000007,0.088
0.21880000000000002,0.05859000000000002,4.3,0.3000000000000007,0.094,0.0,0.0
0.21885000000000002,0.05705750000000001,4.199999999999998,0.34999999999999964,0.094,0.34999999999999964,0.08600000000000001
0.2189,0.05494000000000002,3.9499999999999993,0.39999999999999947,0.093,0.39999999999999947,0.091
0.21895,0.052697500000000015,3.75,0.39999999999999947,0.093,0.39999999999999947,0.093
0.219,0.05065250000000001,3.5999999999999996,0.39999999999999947,0.093,0.39999999999999947,0.093
0.21905000000000002,0.04904500000000001,3.3999999999999995,0.39999999999999947,0.092,0.39999999999999947,0.092
0.21910000000000002,0.04786250000000001,3.249999999999999,0.39999999999999947,0.097,0.39999999999999947,0.097
0.21915,0.04723250000000001,3.05,0.39999999999999947,0.102,0.39999999999999947,0.102
0.2192,0.047070000000000015,2.8500000000000005,0.39999999999999947,0.107,0.39999999999999947,0.107
0.21925,0.047312500000000014,2.6500000000000004,0.39999999999999947,0.11,0.39999999999999947,0.11
0.21930000000000002,0.04854250000000001,2.5,0.39999999999999947,0.11299999999999999,0.39999999999999947,0.112
0.21935000000000002,0.05074500000000001,2.3000000000000007,0.39999999999999947,0.116,0.39999999999999947,0.11299999999999999
0.2194,0.05433750000000001,2.1500000000000004,0.34999999999999964,0.118,0.34999999999999964,0.11299999999999999
0.21945,0.058235000000000016,2.1000000000000005,0.34999999999999964,0.12000000000000001,0.34999999999999964,0.11299999999999999
0.2195,0.06252250000000002,2.250000000000001,0.34999999999999964,0.122,0.34999999999999964,0.112
0.21955000000000002,0.06686250000000002,2.3500000000000005,0.34999999999999964,0.12300000000000001,0.34999999999999964,0.112
0.21960000000000002,0.07129750000000001,2.4499999999999993,0.34999999999999964,0.124,0.34999999999999964,0.111
0.21965,0.07551500000000001,2.5999999999999996,0.34999999999999964,0.125,0.34999999999999964,0.11
0.2197,0.07967250000000002,2.75,0.34999999999999964,0.125,0.34999999999999964,0.10900000000000001
0.21975,0.08357750000000003,2.8999999999999995,0.34999999999999964,0.125,0.34999999999999964,0.107
0.21980000000000002,0.08721500000000003,3.0500000000000007,0.34999999999999964,0.126,0.34999999999999964,0.106
0.21985000000000002,0.09076500000000003,3.2,0.34999999999999964,0.125,0.34999999999999964,0.10500000000000001
0.2199,0.09401000000000002,3.3500000000000005,0.34999999999999964,0.125,0.34999999999999964,0.10500000000000001
0.21995,0.09708250000000003,3.450000000000001,0.34999999999999964,0.125,0.34999999999999964,0.104
0.22,0.09982250000000002,3.6000000000000014,0.34999999999999964,0.124,0.34999999999999964,0.103
0.22005000000000002,0.10223250000000003,3.750000000000001,0.34999999999999964,0.12300000000000001,0.34999999999999964,0.102
0.22010000000000002,0.10427750000000002,3.9000000000000012,0.34999999999999964,0.122,0.34999999999999964,0.101
0.22015,0.10575750000000003,4.050000000000002,0.34999999999999964,0.121,0.34999999999999964,0.1
0.2202,0.10723500000000002,4.15,0.34999999999999964,0.12000000000000001,0.34999999999999964,0.1
0.22025,0.10831000000000003,4.300000000000001,0.34999999999999964,0.11900000000000001,0.34999999999999964,0.09899999999999999
0.22030000000000002,0.10916250000000002,4.45,0.34999999999999964,0.117,0.34999999999999964,0.098
0.22035000000000002,0.10965250000000003,4.6000000000000005,0.34999999999999964,0.116,0.34999999999999964,0.098
0.2204,0.10993000000000003,4.75,0.34999999999999964,0.114,0.34999999999999964,0.097
0.22045,0.10984500000000003,4.85,0.34999999999999964,0.11299999999999999,0.34999999999999964,0.097
0.2205,0.11004500000000003,4.999999999999999,0.34999999999999964,0.112,0.34999999999999964,0.096
0.22055000000000002,0.11042000000000003,5.1499999999999995,0.34999999999999964,0.111,0.34999999999999964,0.096
0.22060000000000002,0.11058000000000003,5.249999999999999,0.34999999999999964,0.10900000000000001,0.34999999999999964,0.095
0.22065,0.11024500000000002,5.399999999999999,0.34999999999999964,0.108,0.34999999999999964,0.095
0.2207,0.10962750000000003,5.499999999999999,0.34999999999999964,0.107,0.34999999999999964,0.095
0.22075,0.10864000000000003,5.6,0.34999999999999964,0.106,0.34999999999999964,0.094
0.22080000000000002,0.10728750000000002,5.75,0.34999999999999964,0.106,0.34999999999999964,0.094
0.22085000000000002,0.10548500000000002,5.850000000000001,0.34999999999999964,0.10500000000000001,0.34999999999999964,0.094
0.2209,0.10313500000000003,5.95,0.34999999999999964,0.104,0.34999999999999964,0.093
0.22095,0.10009000000000003,6.049999999999999,0.2999999999999998,0.103,0.2999999999999998,0.093
0.221,0.09662500000000003,6.149999999999999,0.2999999999999998,0.102,0.2999999999999998,0.093
0.22105000000000002,0.09362250000000003,6.199999999999999,0.2999999999999998,0.102,0.2999999999999998,0.093
0.22110000000000002,0.09049250000000002,6.250000000000002,0.2999999999999998,0.101,0.2999999999999998,0.092
0.22115,0.08733000000000002,6.200000000000001,0.2999999999999998,0.101,0.2999999999999998,0.092
0.2212,0.08417750000000002,6.1000000000000005,0.2999999999999998,0.1,0.2999999999999998,0.092
0.22125,0.08142250000000002,5.9,0.2999999999999998,0.09899999999999999,0.2999999999999998,0.092
0.22130000000000002,0.07911250000000002,5.700000000000001,0.2999999999999998,0.09899999999999999,0.2999999999999998,0.091
0.22135000000000002,0.07707000000000001,5.5,0.2999999999999998,0.09899999999999999,0.2999999999999998,0.091
0.2214,0.07527250000000002,5.3500000000000005,0.2999999999999998,0.098,0.2999999999999998,0.091
0.22145,0.07362250000000002,5.25,0.2999999999999998,0.098,0.2999999999999998,0.091
0.2215,0.07214000000000002,5.1,0.2999999999999998,0.098,0.2999999999999998,0.091
0.22155,0.07074500000000002,5.0,0.2999999999999998,0.097,0.2999999999999998,0.09000000000000001
0.22160000000000002,0.06947750000000001,4.950000000000001,0.2999999999999998,0.097,0.2999999999999998,0.09000000000000001
0.22165,0.06829000000000002,4.85,0.2999999999999998,0.097,0.2999999999999998,0.09000000000000001
0.2217,0.06723750000000002,4.800000000000001,0.2999999999999998,0.096,0.2999999999999998,0.09000000000000001
0.22175,0.06617750000000001,4.700000000000001,0.2999999999999998,0.096,0.2999999999999998,0.09000000000000001
0.2218,0.06524250000000002,4.6499999999999995,0.2999999999999998,0.096,0.2999999999999998,0.09000000000000001
0.22185000000000002,0.06776000000000001,4.75,0.2999999999999998,0.096,0.2999999999999998,0.092
0.22190000000000001,0.06342500000000001,4.55,0.2999999999999998,0.095,0.2999999999999998,0.089
0.22195,0.06257000000000001,4.5,0.2999999999999998,0.095,0.2999999999999998,0.089
0.222,0.061717500000000015,4.45,0.2999999999999998,0.095,0.2999999999999998,0.089
0.22205,0.060862500000000014,4.3999999999999995,0.2999999999999998,0.095,0.2999999999999998,0.089
0.22210000000000002,0.06300000000000001,4.5,0.2999999999999998,0.094,0.2999999999999998,0.091
0.22215000000000001,0.058907500000000015,4.35,0.2999999999999998,0.094,0.0,0.0
0.2222,0.05766750000000002,4.250000000000001,0.35000000000000053,0.094,0.35000000000000053,0.08399999999999999
0.22225,0.055680000000000014,4.0,0.40000000000000036,0.094,0.40000000000000036,0.09000000000000001
0.2223,0.053440000000000015,3.85,0.40000000000000036,0.093,0.40000000000000036,0.092
0.22235000000000002,0.05323500000000001,3.6500000000000004,0.40000000000000036,0.093,0.40000000000000036,0.093
0.22240000000000001,0.04953750000000001,3.45,0.40000000000000036,0.092,0.40000000000000036,0.092
0.22245,0.04816750000000001,3.3000000000000003,0.40000000000000036,0.096,0.40000000000000036,0.096
0.2225,0.04736250000000001,3.1,0.40000000000000036,0.101,0.40000000000000036,0.101
0.22255,0.04708250000000001,2.9,0.40000000000000036,0.10500000000000001,0.40000000000000036,0.10500000000000001
0.22260000000000002,0.050095000000000015,2.6999999999999997,0.40000000000000036,0.112,0.40000000000000036,0.112
0.22265000000000001,0.047930000000000014,2.55,0.40000000000000036,0.112,0.40000000000000036,0.111
0.2227,0.049887500000000015,2.3499999999999996,0.40000000000000036,0.115,0.40000000000000036,0.11299999999999999
0.22275,0.05304750000000001,2.1999999999999997,0.34999999999999964,0.117,0.34999999999999964,0.11299999999999999
0.2228,0.05685500000000002,2.05,0.34999999999999964,0.11900000000000001,0.34999999999999964,0.11299999999999999
0.22285000000000002,0.06601000000000001,2.3,0.34999999999999964,0.122,0.34999999999999964,0.116
0.22290000000000001,0.06538750000000002,2.3,0.34999999999999964,0.122,0.34999999999999964,0.112
0.22295,0.06983750000000001,2.4499999999999997,0.34999999999999964,0.124,0.34999999999999964,0.111
0.223,0.07409250000000002,2.5500000000000003,0.34999999999999964,0.124,0.34999999999999964,0.11
0.22305,0.07831250000000002,2.7,0.34999999999999964,0.125,0.34999999999999964,0.10900000000000001
0.22310000000000002,0.08705750000000002,3.0,0.34999999999999964,0.126,0.34999999999999964,0.111
0.22315000000000002,0.08598750000000002,3.0,0.34999999999999964,0.126,0.34999999999999964,0.107
0.2232,0.08960750000000002,3.15,0.34999999999999964,0.126,0.34999999999999964,0.106
0.22325,0.09296000000000003,3.3,0.34999999999999964,0.125,0.34999999999999964,0.10500000000000001
0.2233,0.09604750000000002,3.4,0.34999999999999964,0.125,0.34999999999999964,0.104
0.22335000000000002,0.10341500000000002,3.7,0.34999999999999964,0.124,0.34999999999999964,0.106
0.22340000000000002,0.10146750000000003,3.7,0.34999999999999964,0.124,0.34999999999999964,0.102
0.22345,0.10366500000000002,3.85,0.34999999999999964,0.12300000000000001,0.34999999999999964,0.101
0.2235,0.10523250000000002,4.0,0.34999999999999964,0.122,0.34999999999999964,0.101
0.22355,0.10673250000000002,4.15,0.34999999999999964,0.12000000000000001,0.34999999999999964,0.1
0.22360000000000002,0.11224500000000003,4.4,0.34999999999999964,0.11900000000000001,0.34999999999999964,0.102
0.22365000000000002,0.10895250000000002,4.4,0.34999999999999964,0.118,0.34999999999999964,0.09899999999999999
0.2237,0.10951250000000003,4.55,0.34999999999999964,0.116,0.34999999999999964,0.098
0.22375,0.10985000000000003,4.7,0.34999999999999964,0.115,0.34999999999999964,0.097
0.2238,0.10987750000000003,4.8,0.34999999999999964,0.11299999999999999,0.34999999999999964,0.097
0.22385000000000002,0.11398250000000003,5.1,0.34999999999999964,0.112,0.34999999999999964,0.09899999999999999
0.22390000000000002,0.11036250000000003,5.1,0.34999999999999964,0.111,0.34999999999999964,0.096
0.22395,0.11061250000000003,5.2,0.34999999999999964,0.11,0.34999999999999964,0.095
0.224,0.11036750000000002,5.35,0.34999999999999964,0.10900000000000001,0.34999999999999964,0.095
0.22405,0.10986750000000002,5.449999999999999,0.34999999999999964,0.108,0.34999999999999964,0.095
0.22410000000000002,0.10901000000000002,5.55,0.34999999999999964,0.107,0.34999999999999964,0.094
0.22415000000000002,0.10777250000000002,5.7,0.34999999999999964,0.106,0.34999999999999964,0.094
0.2242,0.10610500000000003,5.800000000000001,0.34999999999999964,0.10500000000000001,0.34999999999999964,0.094
0.22425,0.10397000000000002,5.95,0.34999999999999964,0.104,0.34999999999999964,0.093
0.2243,0.10118500000000002,6.050000000000001,0.2999999999999998,0.103,0.2999999999999998,0.093
0.22435000000000002,0.09773500000000003,6.1000000000000005,0.2999999999999998,0.103,0.2999999999999998,0.093
0.22440000000000002,0.09459750000000003,6.2,0.2999999999999998,0.102,0.2999999999999998,0.093
0.22445,0.09153500000000002,6.250000000000001,0.2999999999999998,0.101,0.2999999999999998,0.092
0.2245,0.08839500000000003,6.25,0.2999999999999998,0.101,0.2999999999999998,0.092
0.22455,0.08518250000000002,6.15,0.2999999999999998,0.1,0.2999999999999998,0.092
0.22460000000000002,0.08231750000000002,6.0,0.2999999999999998,0.1,0.2999999999999998,0.092
0.22465000000000002,0.07987750000000002,5.75,0.2999999999999998,0.09899999999999999,0.2999999999999998,0.091
0.2247,0.07775750000000002,5.549999999999999,0.2999999999999998,0.09899999999999999,0.2999999999999998,0.091
0.22475,0.07584750000000001,5.4,0.2999999999999998,0.098,0.2999999999999998,0.091
0.2248,0.07415500000000001,5.25,0.2999999999999998,0.098,0.2999999999999998,0.091
0.22485000000000002,0.07260000000000001,5.15,0.2999999999999998,0.098,0.2999999999999998,0.091
0.22490000000000002,0.07120250000000002,5.050000000000001,0.2999999999999998,0.097,0.2999999999999998,0.09000000000000001
0.22495,0.06990000000000002,4.949999999999999,0.2999999999999998,0.097,0.2999999999999998,0.09000000000000001
0.225,0.06868750000000001,4.9,0.2999999999999998,0.097,0.2999999999999998,0.09000000000000001
0.22505,0.06759250000000001,4.800000000000001,0.2999999999999998,0.097,0.2999999999999998,0.09000000000000001
0.22510000000000002,0.06654500000000002,4.750000000000001,0.2999999999999998,0.096,0.2999999999999998,0.09000000000000001
0.22515000000000002,0.06553250000000002,4.6499999999999995,0.2999999999999998,0.096,0.2999999999999998,0.09000000000000001
0.2252,0.06457000000000002,4.6,0.2999999999999998,0.096,0.2999999999999998,0.089
0.22525,0.06372250000000002,4.55,0.2999999999999998,0.095,0.2999999999999998,0.089
0.2253,0.06286750000000002,4.500000000000001,0.2999999999999998,0.095,0.2999999999999998,0.089
0.22535000000000002,0.061980000000000014,4.449999999999998,0.2999999999999998,0.095,0.2999999999999998,0.089
0.22540000000000002,0.06116500000000002,4.400000000000001,0.2999999999999998,0.095,0.2999999999999998,0.089
0.22545,0.060252500000000014,4.3999999999999995,0.2999999999999998,0.094,0.2999999999999998,0.088
0.2255,0.059267500000000015,4.3500000000000005,0.2999999999999998,0.094,0.2999999999999998,0.088
0.22555,0.05815250000000002,4.299999999999998,0.2999999999999998,0.094,0.2999999999999998,0.081
0.22560000000000002,0.056410000000000016,4.099999999999999,0.40000000000000036,0.094,0.40000000000000036,0.088
0.22565000000000002,0.05418750000000001,3.8999999999999995,0.40000000000000036,0.093,0.40000000000000036,0.092
0.2257,0.05200750000000001,3.6999999999999993,0.40000000000000036,0.093,0.40000000000000036,0.093
0.22575,0.05005750000000001,3.549999999999999,0.40000000000000036,0.092,0.40000000000000036,0.092
0.2258,0.048555000000000015,3.3499999999999996,0.40000000000000036,0.094,0.40000000000000036,0.094
0.22585000000000002,0.04763750000000001,3.2,0.40000000000000036,0.09899999999999999,0.40000000000000036,0.09899999999999999
0.22590000000000002,0.047117500000000014,2.999999999999999,0.40000000000000036,0.104,0.40000000000000036,0.104
0.22595,0.047090000000000014,2.8000000000000007,0.40000000000000036,0.108,0.40000000000000036,0.108
0.226,0.047542500000000015,2.6000000000000005,0.40000000000000036,0.111,0.40000000000000036,0.111
0.22605,0.04918750000000001,2.450000000000001,0.40000000000000036,0.114,0.40000000000000036,0.112
0.22610000000000002,0.05183500000000001,2.250000000000001,0.35000000000000053,0.117,0.35000000000000053,0.11299999999999999
0.22615000000000002,0.05555750000000002,2.1000000000000005,0.35000000000000053,0.11900000000000001,0.35000000000000053,0.11299999999999999
0.2262,0.05966000000000001,2.1500000000000004,0.35000000000000053,0.12000000000000001,0.35000000000000053,0.11299999999999999
0.22625,0.06397000000000001,2.250000000000001,0.35000000000000053,0.122,0.35000000000000053,0.112
0.2263,0.06838500000000002,2.4000000000000012,0.35000000000000053,0.12300000000000001,0.35000000000000053,0.111
0.22635000000000002,0.07271000000000002,2.5,0.35000000000000053,0.124,0.35000000000000053,0.11
0.22640000000000002,0.07691500000000003,2.6500000000000004,0.35000000000000053,0.125,0.35000000000000053,0.10900000000000001
0.22645,0.08098250000000003,2.8,0.35000000000000053,0.125,0.35000000000000053,0.108
0.2265,0.08481500000000002,2.95,0.35000000000000053,0.126,0.35000000000000053,0.107
0.22655,0.08844000000000002,3.1000000000000005,0.35000000000000053,0.126,0.35000000000000053,0.106
0.22660000000000002,0.09186000000000002,3.25,0.35000000000000053,0.125,0.35000000000000053,0.10500000000000001
0.22665000000000002,0.09504500000000002,3.4000000000000004,0.35000000000000053,0.125,0.35000000000000053,0.104
0.2267,0.09803000000000002,3.500000000000001,0.35000000000000053,0.125,0.35000000000000053,0.103
0.22675,0.10068250000000002,3.6500000000000012,0.35000000000000053,0.124,0.35000000000000053,0.102
0.2268,0.10298500000000002,3.8000000000000007,0.35000000000000053,0.12300000000000001,0.35000000000000053,0.102
0.22685000000000002,0.10475000000000002,3.950000000000001,0.35000000000000053,0.122,0.35000000000000053,0.101
0.22690000000000002,0.10628500000000003,4.1000000000000005,0.35000000000000053,0.121,0.35000000000000053,0.1
0.22695,0.10765250000000003,4.2,0.35000000000000053,0.12000000000000001,0.35000000000000053,0.09899999999999999
0.227,0.10869000000000002,4.3500000000000005,0.35000000000000053,0.118,0.35000000000000053,0.09899999999999999
0.22705,0.10933500000000003,4.5,0.35000000000000053,0.117,0.35000000000000053,0.098
0.22710000000000002,0.10976500000000003,4.65,0.35000000000000053,0.115,0.35000000000000053,0.098
0.22715000000000002,0.10986750000000002,4.749999999999999,0.35000000000000053,0.114,0.35000000000000053,0.097
0.2272,0.10977000000000003,4.8999999999999995,0.35000000000000053,0.11299999999999999,0.35000000000000053,0.096
0.22725,0.11028000000000003,5.05,0.35000000000000053,0.111,0.35000000000000053,0.096
0.2273,0.11055750000000003,5.2,0.35000000000000053,0.11,0.35000000000000053,0.095
0.22735000000000002,0.11045250000000002,5.299999999999999,0.35000000000000053,0.10900000000000001,0.35000000000000053,0.095
0.22740000000000002,0.11007250000000003,5.399999999999999,0.35000000000000053,0.108,0.35000000000000053,0.095
0.22745,0.10937750000000003,5.5,0.35000000000000053,0.107,0.35000000000000053,0.094
0.2275,0.10822000000000002,5.6499999999999995,0.35000000000000053,0.106,0.35000000000000053,0.094
0.22755,0.10673250000000002,5.750000000000001,0.35000000000000053,0.10500000000000001,0.35000000000000053,0.094
0.22760000000000002,0.10476750000000003,5.900000000000001,0.35000000000000053,0.104,0.35000000000000053,0.093
0.22765000000000002,0.10226000000000003,6.0,0.2999999999999998,0.104,0.2999999999999998,0.093
0.2277,0.09884750000000002,6.1,0.2999999999999998,0.103,0.2999999999999998,0.093
0.22775,0.09563750000000003,6.199999999999999,0.2999999999999998,0.102,0.2999999999999998,0.093
0.2278,0.09260750000000002,6.249999999999999,0.2999999999999998,0.102,0.2999999999999998,0.092
0.22785000000000002,0.08943250000000003,6.249999999999998,0.2999999999999998,0.101,0.2999999999999998,0.092
0.22790000000000002,0.08625750000000003,6.199999999999999,0.2999999999999998,0.1,0.2999999999999998,0.092
0.22795,0.08322750000000002,6.050000000000001,0.2999999999999998,0.1,0.2999999999999998,0.092
0.228,0.08068250000000002,5.85,0.2999999999999998,0.09899999999999999,0.2999999999999998,0.092
0.22805,0.07840500000000002,5.65,0.2999999999999998,0.09899999999999999,0.2999999999999998,0.091
0.2281,0.07646750000000002,5.45,0.2999999999999998,0.09899999999999999,0.2999999999999998,0.091
0.22815000000000002,0.07824750000000003,5.45,0.2999999999999998,0.098,0.2999999999999998,0.093
0.22820000000000001,0.07310500000000002,5.2,0.2999999999999998,0.098,0.2999999999999998,0.091
0.22825,0.07166750000000002,5.1,0.2999999999999998,0.098,0.2999999999999998,0.091
0.2283,0.07032000000000002,5.0,0.2999999999999998,0.097,0.2999999999999998,0.09000000000000001
0.22835,0.06909750000000002,4.9,0.2999999999999998,0.097,0.2999999999999998,0.09000000000000001
0.22840000000000002,0.07146250000000001,5.0,0.2999999999999998,0.097,0.2999999999999998,0.092
0.22845000000000001,0.06688750000000002,4.75,0.2999999999999998,0.096,0.2999999999999998,0.09000000000000001
0.2285,0.06583250000000002,4.699999999999999,0.2999999999999998,0.096,0.2999999999999998,0.09000000000000001
0.22855,0.06492000000000002,4.6499999999999995,0.2999999999999998,0.096,0.2999999999999998,0.089
0.2286,0.06402500000000001,4.6000000000000005,0.2999999999999998,0.096,0.2999999999999998,0.089
0.22865000000000002,0.06651250000000002,4.7,0.2999999999999998,0.095,0.2999999999999998,0.092
0.22870000000000001,0.06228250000000002,4.5,0.2999999999999998,0.095,0.2999999999999998,0.089
0.22875,0.06147000000000002,4.45,0.2999999999999998,0.095,0.2999999999999998,0.089
0.2288,0.060530000000000014,4.3999999999999995,0.2999999999999998,0.095,0.2999999999999998,0.089
0.22885,0.05957000000000001,4.3500000000000005,0.2999999999999998,0.094,0.2999999999999998,0.088
0.22890000000000002,0.06104250000000001,4.3500000000000005,0.34999999999999876,0.094,0.0,0.0
0.22895000000000001,0.05705750000000001,4.2,0.34999999999999876,0.094,0.34999999999999876,0.08600000000000001
0.229,0.05494000000000002,3.95,0.3999999999999986,0.093,0.3999999999999986,0.091
0.22905,0.052697500000000015,3.75,0.3999999999999986,0.093,0.3999999999999986,0.093
0.2291,0.05065250000000001,3.6,0.3999999999999986,0.093,0.3999999999999986,0.093
0.22915000000000002,0.05118000000000001,3.4,0.3999999999999986,0.097,0.3999999999999986,0.097
0.22920000000000001,0.04786500000000001,3.25,0.3999999999999986,0.097,0.3999999999999986,0.097
0.22925,0.04723250000000001,3.05,0.3999999999999986,0.102,0.3999999999999986,0.102
0.2293,0.047070000000000015,2.8499999999999996,0.3999999999999986,0.107,0.3999999999999986,0.107
0.22935,0.047312500000000014,2.65,0.3999999999999986,0.11,0.3999999999999986,0.11
0.22940000000000002,0.05191750000000001,2.4999999999999996,0.3999999999999986,0.116,0.3999999999999986,0.115
0.22945000000000002,0.050747500000000015,2.3,0.3999999999999986,0.116,0.3999999999999986,0.11299999999999999
0.2295,0.05433750000000001,2.15,0.34999999999999964,0.118,0.34999999999999964,0.11299999999999999
0.22955,0.058235000000000016,2.1,0.34999999999999964,0.12000000000000001,0.34999999999999964,0.11299999999999999
0.2296,0.06252250000000002,2.25,0.34999999999999964,0.122,0.34999999999999964,0.112
0.22965000000000002,0.07184250000000002,2.4999999999999996,0.34999999999999964,0.124,0.34999999999999964,0.115
0.22970000000000002,0.07129750000000001,2.4499999999999997,0.34999999999999964,0.124,0.34999999999999964,0.111
0.22975,0.07551500000000001,2.6,0.34999999999999964,0.125,0.34999999999999964,0.11
0.2298,0.07967250000000002,2.75,0.34999999999999964,0.125,0.34999999999999964,0.10900000000000001
0.22985,0.08357750000000003,2.9,0.34999999999999964,0.125,0.34999999999999964,0.107
0.22990000000000002,0.09195750000000003,3.2,0.34999999999999964,0.126,0.34999999999999964,0.11
0.22995000000000002,0.09076500000000003,3.2,0.34999999999999964,0.125,0.34999999999999964,0.10500000000000001
0.23,0.09401250000000003,3.35,0.34999999999999964,0.125,0.34999999999999964,0.10500000000000001
0.23005,0.09708250000000003,3.45,0.34999999999999964,0.125,0.34999999999999964,0.104
0.2301,0.09982250000000002,3.6,0.34999999999999964,0.124,0.34999999999999964,0.103
0.23015000000000002,0.10665500000000003,3.9000000000000004,0.34999999999999964,0.12300000000000001,0.34999999999999964,0.10500000000000001
0.23020000000000002,0.10427750000000002,3.9000000000000004,0.34999999999999964,0.122,0.34999999999999964,0.101
0.23025,0.10575750000000003,4.050000000000001,0.34999999999999964,0.121,0.34999999999999964,0.1
0.2303,0.10723500000000002,4.15,0.34999999999999964,0.12000000000000001,0.34999999999999964,0.1
0.23035,0.10831000000000003,4.300000000000001,0.34999999999999964,0.11900000000000001,0.34999999999999964,0.09899999999999999
0.23040000000000002,0.11335250000000002,4.6000000000000005,0.34999999999999964,0.117,0.34999999999999964,0.102
0.23045000000000002,0.10965250000000003,4.6000000000000005,0.34999999999999964,0.116,0.34999999999999964,0.098
0.2305,0.10993000000000003,4.750000000000001,0.34999999999999964,0.114,0.34999999999999964,0.097
0.23055,0.10984500000000003,4.85,0.34999999999999964,0.11299999999999999,0.34999999999999964,0.097
0.2306,0.11004500000000003,5.0,0.34999999999999964,0.112,0.34999999999999964,0.096
0.23065000000000002,0.11042000000000003,5.1499999999999995,0.34999999999999964,0.111,0.34999999999999964,0.096
0.23070000000000002,0.11058000000000003,5.25,0.34999999999999964,0.10900000000000001,0.34999999999999964,0.095
0.23075,0.11024500000000002,5.3999999999999995,0.34999999999999964,0.108,0.34999999999999964,0.095
0.2308,0.10962750000000003,5.5,0.34999999999999964,0.107,0.34999999999999964,0.095
0.23085,0.10864000000000003,5.6000000000000005,0.34999999999999964,0.106,0.34999999999999964,0.094
0.23090000000000002,0.10729000000000002,5.75,0.34999999999999964,0.106,0.34999999999999964,0.094
0.23095000000000002,0.10549000000000003,5.8500000000000005,0.34999999999999964,0.10500000000000001,0.34999999999999964,0.094
0.231,0.10313500000000003,5.95,0.34999999999999964,0.104,0.34999999999999964,0.093
0.23105,0.10009250000000003,6.05,0.2999999999999998,0.103,0.2999999999999998,0.093
0.2311,0.09662500000000003,6.1499999999999995,0.2999999999999998,0.102,0.2999999999999998,0.093
0.23115000000000002,0.09362250000000003,6.2,0.2999999999999998,0.102,0.2999999999999998,0.093
0.23120000000000002,0.09049500000000002,6.249999999999999,0.2999999999999998,0.101,0.2999999999999998,0.092
0.23125,0.08733250000000002,6.25,0.2999999999999998,0.101,0.2999999999999998,0.092
0.2313,0.08418000000000002,6.1,0.2999999999999998,0.1,0.2999999999999998,0.092
0.23135,0.08142250000000002,5.8999999999999995,0.2999999999999998,0.09899999999999999,0.2999999999999998,0.092
0.23140000000000002,0.07911250000000002,5.7,0.2999999999999998,0.09899999999999999,0.2999999999999998,0.091
0.23145000000000002,0.07707000000000001,5.5,0.2999999999999998,0.09899999999999999,0.2999999999999998,0.091
0.2315,0.07527250000000002,5.35,0.2999999999999998,0.098,0.2999999999999998,0.091
0.23155,0.07362750000000001,5.25,0.2999999999999998,0.098,0.2999999999999998,0.091
0.2316,0.07214000000000002,5.1,0.2999999999999998,0.098,0.2999999999999998,0.091
0.23165000000000002,0.07074500000000002,5.0,0.2999999999999998,0.097,0.2999999999999998,0.09000000000000001
0.23170000000000002,0.06947750000000001,4.950000000000001,0.2999999999999998,0.097,0.2999999999999998,0.09000000000000001
0.23175,0.06829000000000002,4.8500000000000005,0.2999999999999998,0.097,0.2999999999999998,0.09000000000000001
0.2318,0.06723750000000002,4.799999999999999,0.2999999999999998,0.096,0.2999999999999998,0.09000000000000001
0.23185,0.06617750000000001,4.699999999999999,0.2999999999999998,0.096,0.2999999999999998,0.09000000000000001
0.23190000000000002,0.06524500000000001,4.65,0.2999999999999998,0.096,0.2999999999999998,0.09000000000000001
0.23195000000000002,0.06431750000000001,4.6000000000000005,0.2999999999999998,0.096,0.2999999999999998,0.089
0.232,0.06342500000000001,4.549999999999999,0.2999999999999998,0.095,0.2999999999999998,0.089
0.23205,0.06257000000000001,4.499999999999999,0.2999999999999998,0.095,0.2999999999999998,0.089
0.2321,0.061717500000000015,4.449999999999999,0.2999999999999998,0.095,0.2999999999999998,0.089
0.23215000000000002,0.060865000000000016,4.4,0.2999999999999998,0.095,0.2999999999999998,0.089
0.23220000000000002,0.05993750000000001,4.3500000000000005,0.2999999999999998,0.094,0.2999999999999998,0.088
0.23225,0.05891250000000001,4.3500000000000005,0.2999999999999998,0.094,0.0,0.0
0.2323,0.05767000000000001,4.249999999999999,0.35000000000000053,0.094,0.35000000000000053,0.08399999999999999
0.23235,0.05568250000000002,3.999999999999999,0.40000000000000036,0.094,0.40000000000000036,0.09000000000000001
0.23240000000000002,0.053440000000000015,3.8499999999999996,0.40000000000000036,0.093,0.40000000000000036,0.092
0.23245000000000002,0.05131250000000001,3.6499999999999995,0.40000000000000036,0.093,0.40000000000000036,0.093
0.2325,0.04953750000000001,3.45,0.40000000000000036,0.092,0.40000000000000036,0.092
0.23255,0.04816750000000001,3.3,0.40000000000000036,0.096,0.40000000000000036,0.096
0.2326,0.04736250000000001,3.0999999999999996,0.40000000000000036,0.101,0.40000000000000036,0.101
0.23265000000000002,0.04708250000000001,2.9000000000000004,0.40000000000000036,0.10500000000000001,0.40000000000000036,0.10500000000000001
0.23270000000000002,0.047132500000000015,2.700000000000001,0.40000000000000036,0.10900000000000001,0.40000000000000036,0.10900000000000001
0.23275,0.04793250000000001,2.5500000000000007,0.40000000000000036,0.112,0.40000000000000036,0.111
0.2328,0.049887500000000015,2.3500000000000005,0.40000000000000036,0.115,0.40000000000000036,0.11299999999999999
0.23285,0.05304750000000001,2.200000000000001,0.34999999999999964,0.117,0.34999999999999964,0.11299999999999999
0.23290000000000002,0.05685500000000002,2.0500000000000007,0.34999999999999964,0.11900000000000001,0.34999999999999964,0.11299999999999999
0.23295000000000002,0.06109750000000001,2.200000000000001,0.34999999999999964,0.121,0.34999999999999964,0.11299999999999999
0.233,0.06538750000000002,2.3000000000000007,0.34999999999999964,0.122,0.34999999999999964,0.112
0.23305,0.06983750000000001,2.450000000000001,0.34999999999999964,0.124,0.34999999999999964,0.111
0.2331,0.07409500000000002,2.55,0.34999999999999964,0.124,0.34999999999999964,0.11
0.23315000000000002,0.07831250000000002,2.7,0.34999999999999964,0.125,0.34999999999999964,0.10900000000000001
0.23320000000000002,0.08225500000000002,2.8499999999999996,0.34999999999999964,0.125,0.34999999999999964,0.108
0.23325,0.08598750000000002,3.0,0.34999999999999964,0.126,0.34999999999999964,0.107
0.2333,0.08960750000000002,3.1499999999999995,0.34999999999999964,0.126,0.34999999999999964,0.106
0.23335,0.09296250000000002,3.3,0.34999999999999964,0.125,0.34999999999999964,0.10500000000000001
0.23340000000000002,0.09604750000000002,3.4000000000000004,0.34999999999999964,0.125,0.34999999999999964,0.104
0.23345000000000002,0.09895750000000003,3.5500000000000007,0.34999999999999964,0.124,0.34999999999999964,0.103
0.2335,0.10146750000000003,3.700000000000001,0.34999999999999964,0.124,0.34999999999999964,0.102
0.23355,0.10366500000000002,3.8500000000000005,0.34999999999999964,0.12300000000000001,0.34999999999999964,0.101
0.2336,0.10523250000000002,4.000000000000001,0.34999999999999964,0.122,0.34999999999999964,0.101
0.23365000000000002,0.10673250000000002,4.150000000000001,0.34999999999999964,0.12000000000000001,0.34999999999999964,0.1
0.23370000000000002,0.10804250000000003,4.250000000000001,0.34999999999999964,0.11900000000000001,0.34999999999999964,0.09899999999999999
0.23375,0.10895250000000002,4.4,0.34999999999999964,0.118,0.34999999999999964,0.09899999999999999
0.2338,0.10951250000000003,4.550000000000001,0.34999999999999964,0.116,0.34999999999999964,0.098
0.23385,0.10985000000000003,4.7,0.34999999999999964,0.115,0.34999999999999964,0.097
0.23390000000000002,0.10987750000000003,4.8,0.34999999999999964,0.11299999999999999,0.34999999999999964,0.097
0.23395000000000002,0.10993500000000003,4.95,0.34999999999999964,0.112,0.34999999999999964,0.096
0.234,0.11036250000000003,5.1,0.34999999999999964,0.111,0.34999999999999964,0.096
0.23405,0.11061250000000003,5.199999999999999,0.34999999999999964,0.11,0.34999999999999964,0.095
0.2341,0.11036750000000002,5.349999999999999,0.34999999999999964,0.10900000000000001,0.34999999999999964,0.095
0.23415000000000002,0.10986750000000002,5.449999999999999,0.34999999999999964,0.108,0.34999999999999964,0.095
0.23420000000000002,0.10901000000000002,5.55,0.34999999999999964,0.107,0.34999999999999964,0.094
0.23425,0.10777250000000002,5.7,0.34999999999999964,0.106,0.34999999999999964,0.094
0.2343,0.10610500000000003,5.800000000000001,0.34999999999999964,0.10500000000000001,0.34999999999999964,0.094
0.23435,0.10397000000000002,5.950000000000001,0.34999999999999964,0.104,0.34999999999999964,0.093
0.23440000000000003,0.10118500000000002,6.050000000000001,0.2999999999999998,0.103,0.2999999999999998,0.093
0.23445000000000002,0.10142000000000002,6.249999999999999,0.2999999999999998,0.103,0.2999999999999998,0.096
0.23450000000000001,0.09460000000000002,6.2,0.2999999999999998,0.102,0.2999999999999998,0.093
0.23455,0.09153500000000002,6.25,0.2999999999999998,0.101,0.2999999999999998,0.092
0.2346,0.08839500000000003,6.25,0.2999999999999998,0.101,0.2999999999999998,0.092
0.23465,0.08518500000000002,6.15,0.2999999999999998,0.1,0.2999999999999998,0.092
0.23470000000000002,0.08591250000000002,6.149999999999999,0.2999999999999998,0.1,0.2999999999999998,0.094
0.23475000000000001,0.07987750000000002,5.75,0.2999999999999998,0.09899999999999999,0.2999999999999998,0.091
0.2348,0.07776000000000002,5.550000000000001,0.2999999999999998,0.09899999999999999,0.2999999999999998,0.091
0.23485,0.07584750000000001,5.3999999999999995,0.2999999999999998,0.098,0.2999999999999998,0.091
0.2349,0.07416000000000002,5.25,0.2999999999999998,0.098,0.2999999999999998,0.091
0.23495000000000002,0.07615750000000002,5.300000000000001,0.2999999999999998,0.098,0.2999999999999998,0.093
0.23500000000000001,0.07120250000000002,5.050000000000001,0.2999999999999998,0.097,0.2999999999999998,0.09000000000000001
0.23505,0.06990250000000002,4.949999999999999,0.2999999999999998,0.097,0.2999999999999998,0.09000000000000001
0.2351,0.06869000000000001,4.9,0.2999999999999998,0.097,0.2999999999999998,0.09000000000000001
0.23515,0.06759500000000002,4.800000000000001,0.2999999999999998,0.097,0.2999999999999998,0.09000000000000001
0.23520000000000002,0.07001500000000002,4.9,0.2999999999999998,0.096,0.2999999999999998,0.092
0.23525000000000001,0.06553500000000001,4.65,0.2999999999999998,0.096,0.2999999999999998,0.09000000000000001
0.2353,0.06457000000000002,4.6,0.2999999999999998,0.096,0.2999999999999998,0.089
0.23535,0.06372250000000002,4.55,0.2999999999999998,0.095,0.2999999999999998,0.089
0.2354,0.06286750000000002,4.500000000000001,0.2999999999999998,0.095,0.2999999999999998,0.089
0.23545000000000002,0.06534500000000001,4.6,0.2999999999999998,0.095,0.2999999999999998,0.091
0.23550000000000001,0.06116500000000002,4.4,0.2999999999999998,0.095,0.2999999999999998,0.089
0.23555,0.060252500000000014,4.3999999999999995,0.2999999999999998,0.094,0.2999999999999998,0.088
0.2356,0.05927000000000002,4.35,0.2999999999999998,0.094,0.2999999999999998,0.088
0.23565,0.05815500000000001,4.300000000000001,0.2999999999999998,0.094,0.2999999999999998,0.081
0.23570000000000002,0.058310000000000015,4.1000000000000005,0.40000000000000036,0.094,0.40000000000000036,0.09000000000000001
0.23575000000000002,0.05418750000000001,3.9,0.40000000000000036,0.093,0.40000000000000036,0.092
0.2358,0.05200750000000001,3.7,0.40000000000000036,0.093,0.40000000000000036,0.093
0.23585,0.05005750000000001,3.55,0.40000000000000036,0.092,0.40000000000000036,0.092
0.2359,0.048555000000000015,3.35,0.40000000000000036,0.094,0.40000000000000036,0.094
0.23595000000000002,0.050130000000000015,3.2,0.40000000000000036,0.104,0.40000000000000036,0.104
0.23600000000000002,0.047117500000000014,3.0,0.40000000000000036,0.104,0.40000000000000036,0.104
0.23605,0.04709250000000001,2.8,0.40000000000000036,0.108,0.40000000000000036,0.108
0.2361,0.04754500000000001,2.6,0.40000000000000036,0.111,0.40000000000000036,0.111
0.23615,0.04919000000000001,2.4499999999999997,0.40000000000000036,0.114,0.40000000000000036,0.112
0.23620000000000002,0.05594750000000001,2.25,0.35000000000000053,0.11900000000000001,0.35000000000000053,0.116
0.23625000000000002,0.05555750000000002,2.1,0.35000000000000053,0.11900000000000001,0.35000000000000053,0.11299999999999999
0.2363,0.05966000000000001,2.15,0.35000000000000053,0.12000000000000001,0.35000000000000053,0.11299999999999999
0.23635,0.06397000000000001,2.25,0.35000000000000053,0.122,0.35000000000000053,0.112
0.2364,0.06838500000000002,2.4,0.35000000000000053,0.12300000000000001,0.35000000000000053,0.111
0.23645000000000002,0.07763250000000002,2.65,0.35000000000000053,0.125,0.35000000000000053,0.114
0.23650000000000002,0.07691750000000001,2.65,0.35000000000000053,0.125,0.35000000000000053,0.10900000000000001
0.23655,0.08098250000000003,2.8,0.35000000000000053,0.125,0.35000000000000053,0.108
0.2366,0.08481500000000002,2.9499999999999997,0.35000000000000053,0.126,0.35000000000000053,0.107
0.23665,0.08844500000000002,3.1,0.35000000000000053,0.126,0.35000000000000053,0.106
0.23670000000000002,0.09648250000000003,3.4,0.35000000000000053,0.125,0.35000000000000053,0.10900000000000001
0.23675000000000002,0.09504500000000002,3.4,0.35000000000000053,0.125,0.35000000000000053,0.104
0.2368,0.09803000000000002,3.5000000000000004,0.35000000000000053,0.125,0.35000000000000053,0.103
0.23685,0.10068250000000002,3.6500000000000004,0.35000000000000053,0.124,0.35000000000000053,0.102
0.2369,0.10298750000000002,3.8000000000000003,0.35000000000000053,0.12300000000000001,0.35000000000000053,0.102
0.23695000000000002,0.10904000000000003,4.1000000000000005,0.35000000000000053,0.122,0.35000000000000053,0.104
0.23700000000000002,0.10628500000000003,4.1000000000000005,0.35000000000000053,0.121,0.35000000000000053,0.1
0.23705,0.10765250000000003,4.2,0.35000000000000053,0.12000000000000001,0.35000000000000053,0.09899999999999999
0.2371,0.10869000000000002,4.3500000000000005,0.35000000000000053,0.118,0.35000000000000053,0.09899999999999999
0.23715,0.10933500000000003,4.5,0.35000000000000053,0.117,0.35000000000000053,0.098
0.23720000000000002,0.10976750000000003,4.65,0.35000000000000053,0.115,0.35000000000000053,0.098
0.23725000000000002,0.10986750000000002,4.749999999999999,0.35000000000000053,0.114,0.35000000000000053,0.097
0.2373,0.10977250000000002,4.8999999999999995,0.35000000000000053,0.11299999999999999,0.35000000000000053,0.096
0.23735,0.11028000000000003,5.05,0.35000000000000053,0.111,0.35000000000000053,0.096
0.2374,0.11056000000000003,5.199999999999999,0.35000000000000053,0.11,0.35000000000000053,0.095
0.23745000000000002,0.11045250000000002,5.3,0.35000000000000053,0.10900000000000001,0.35000000000000053,0.095
0.23750000000000002,0.11007250000000003,5.3999999999999995,0.35000000000000053,0.108,0.35000000000000053,0.095
0.23755,0.10938250000000002,5.5,0.35000000000000053,0.107,0.35000000000000053,0.094
0.2376,0.10822000000000002,5.6499999999999995,0.35000000000000053,0.106,0.35000000000000053,0.094
0.23765,0.10673500000000002,5.75,0.35000000000000053,0.10500000000000001,0.35000000000000053,0.094
0.23770000000000002,0.10476750000000003,5.9,0.35000000000000053,0.104,0.35000000000000053,0.093
0.23775000000000002,0.10226250000000002,6.0,0.2999999999999998,0.104,0.2999999999999998,0.093
0.2378,0.09884750000000002,6.1,0.2999999999999998,0.103,0.2999999999999998,0.093
0.23785,0.09563750000000003,6.199999999999999,0.2999999999999998,0.102,0.2999999999999998,0.093
0.2379,0.09260750000000002,6.25,0.2999999999999998,0.102,0.2999999999999998,0.092
0.23795000000000002,0.08943250000000003,6.249999999999999,0.2999999999999998,0.101,0.2999999999999998,0.092
0.23800000000000002,0.08625750000000003,6.2,0.2999999999999998,0.1,0.2999999999999998,0.092
0.23805,0.08322750000000002,6.05,0.2999999999999998,0.1,0.2999999999999998,0.092
0.2381,0.08068250000000002,5.8500000000000005,0.2999999999999998,0.09899999999999999,0.2999999999999998,0.092
0.23815,0.07840500000000002,5.65,0.2999999999999998,0.09899999999999999,0.2999999999999998,0.091
0.23820000000000002,0.07646750000000002,5.45,0.2999999999999998,0.09899999999999999,0.2999999999999998,0.091
0.23825000000000002,0.07469750000000001,5.299999999999999,0.2999999999999998,0.098,0.2999999999999998,0.091
0.2383,0.07310500000000002,5.2,0.2999999999999998,0.098,0.2999999999999998,0.091
0.23835,0.07166750000000002,5.099999999999998,0.2999999999999998,0.098,0.2999999999999998,0.091
0.2384,0.07032250000000002,5.000000000000001,0.2999999999999998,0.097,0.2999999999999998,0.09000000000000001
0.23845000000000002,0.06909750000000002,4.899999999999999,0.2999999999999998,0.097,0.2999999999999998,0.09000000000000001
0.23850000000000002,0.06793750000000001,4.85,0.2999999999999998,0.097,0.2999999999999998,0.09000000000000001
0.23855,0.06689250000000002,4.75,0.2999999999999998,0.096,0.2999999999999998,0.09000000000000001
0.2386,0.06583500000000002,4.7,0.2999999999999998,0.096,0.2999999999999998,0.09000000000000001
0.23865,0.06492000000000002,4.65,0.2999999999999998,0.096,0.2999999999999998,0.089
0.23870000000000002,0.06402500000000001,4.6,0.2999999999999998,0.096,0.2999999999999998,0.089
0.23875000000000002,0.06315500000000002,4.550000000000002,0.2999999999999998,0.095,0.2999999999999998,0.089
0.2388,0.06228250000000002,4.5,0.2999999999999998,0.095,0.2999999999999998,0.089
0.23885,0.06147000000000002,4.45,0.2999999999999998,0.095,0.2999999999999998,0.089
0.2389,0.060530000000000014,4.399999999999999,0.2999999999999998,0.095,0.2999999999999998,0.089
0.23895000000000002,0.05957000000000001,4.350000000000001,0.2999999999999998,0.094,0.2999999999999998,0.088
0.23900000000000002,0.05859000000000002,4.3,0.2999999999999998,0.094,0.0,0.0
0.23905,0.05705750000000001,4.199999999999998,0.34999999999999964,0.094,0.34999999999999964,0.08600000000000001
0.2391,0.05494250000000001,3.9499999999999993,0.39999999999999947,0.093,0.39999999999999947,0.091
0.23915,0.052697500000000015,3.75,0.39999999999999947,0.093,0.39999999999999947,0.093
0.23920000000000002,0.05065250000000001,3.5999999999999996,0.39999999999999947,0.093,0.39999999999999947,0.093
0.23925000000000002,0.049047500000000015,3.3999999999999995,0.39999999999999947,0.092,0.39999999999999947,0.092
0.2393,0.04786500000000001,3.249999999999999,0.39999999999999947,0.097,0.39999999999999947,0.097
0.23935,0.04723250000000001,3.05,0.39999999999999947,0.102,0.39999999999999947,0.102
0.2394,0.047070000000000015,2.8500000000000005,0.39999999999999947,0.107,0.39999999999999947,0.107
0.23945000000000002,0.04731500000000001,2.6500000000000004,0.39999999999999947,0.11,0.39999999999999947,0.11
0.23950000000000002,0.04854500000000001,2.5,0.39999999999999947,0.11299999999999999,0.39999999999999947,0.112
0.23955,0.050747500000000015,2.3000000000000007,0.39999999999999947,0.116,0.39999999999999947,0.11299999999999999
0.2396,0.05433750000000001,2.1500000000000004,0.35000000000000053,0.118,0.35000000000000053,0.11299999999999999
0.23965,0.058235000000000016,2.1000000000000005,0.35000000000000053,0.12000000000000001,0.35000000000000053,0.11299999999999999
0.23970000000000002,0.06252250000000002,2.250000000000001,0.35000000000000053,0.122,0.35000000000000053,0.112
0.23975000000000002,0.06686250000000002,2.3500000000000005,0.35000000000000053,0.12300000000000001,0.35000000000000053,0.112
0.2398,0.07129750000000001,2.4499999999999993,0.35000000000000053,0.124,0.35000000000000053,0.111
0.23985,0.07551500000000001,2.5999999999999996,0.35000000000000053,0.125,0.35000000000000053,0.11
0.2399,0.07967250000000002,2.75,0.35000000000000053,0.125,0.35000000000000053,0.10900000000000001
0.23995000000000002,0.08357750000000003,2.8999999999999995,0.35000000000000053,0.125,0.35000000000000053,0.107
0.24000000000000002,0.08721750000000002,3.0500000000000007,0.35000000000000053,0.126,0.35000000000000053,0.106
0.24005,0.09076500000000003,3.2,0.35000000000000053,0.125,0.35000000000000053,0.10500000000000001
0.2401,0.09401250000000003,3.3500000000000005,0.35000000000000053,0.125,0.35000000000000053,0.10500000000000001
0.24015,0.09708250000000003,3.450000000000001,0.35000000000000053,0.125,0.35000000000000053,0.104
0.24020000000000002,0.09982250000000002,3.6000000000000014,0.35000000000000053,0.124,0.35000000000000053,0.103
0.24025000000000002,0.10223250000000003,3.750000000000001,0.35000000000000053,0.12300000000000001,0.35000000000000053,0.102
0.2403,0.10427750000000002,3.9000000000000012,0.35000000000000053,0.122,0.35000000000000053,0.101
0.24035,0.10575750000000003,4.050000000000002,0.35000000000000053,0.121,0.35000000000000053,0.1
0.2404,0.10723500000000002,4.15,0.35000000000000053,0.12000000000000001,0.35000000000000053,0.1
0.24045000000000002,0.10831250000000003,4.300000000000001,0.35000000000000053,0.11900000000000001,0.35000000000000053,0.09899999999999999
0.24050000000000002,0.10916250000000002,4.45,0.35000000000000053,0.117,0.35000000000000053,0.098
0.24055,0.10965250000000003,4.6000000000000005,0.35000000000000053,0.116,0.35000000000000053,0.098
0.2406,0.10993000000000003,4.75,0.35000000000000053,0.114,0.35000000000000053,0.097
0.24065,0.10984500000000003,4.85,0.35000000000000053,0.11299999999999999,0.35000000000000053,0.097
0.24070000000000003,0.11004500000000003,4.999999999999999,0.35000000000000053,0.112,0.35000000000000053,0.096
0.24075000000000002,0.11440250000000003,5.3,0.35000000000000053,0.111,0.35000000000000053,0.09899999999999999
0.24080000000000001,0.11058000000000003,5.249999999999999,0.35000000000000053,0.10900000000000001,0.35000000000000053,0.095
0.24085,0.11024750000000003,5.399999999999999,0.35000000000000053,0.108,0.35000000000000053,0.095
0.2409,0.10962750000000003,5.499999999999999,0.35000000000000053,0.107,0.35000000000000053,0.095
0.24095000000000003,0.10864000000000003,5.6,0.35000000000000053,0.106,0.35000000000000053,0.094
0.24100000000000002,0.11109750000000003,5.9,0.35000000000000053,0.106,0.35000000000000053,0.097
0.24105000000000001,0.10549000000000003,5.850000000000001,0.35000000000000053,0.10500000000000001,0.35000000000000053,0.094
0.2411,0.10313500000000003,5.95,0.35000000000000053,0.104,0.35000000000000053,0.093
0.24115,0.10009500000000003,6.049999999999999,0.3000000000000007,0.103,0.3000000000000007,0.093
0.2412,0.09662500000000003,6.149999999999999,0.3000000000000007,0.102,0.3000000000000007,0.093
0.24125000000000002,0.09725500000000002,6.35,0.3000000000000007,0.102,0.3000000000000007,0.095
0.24130000000000001,0.09049500000000002,6.250000000000002,0.3000000000000007,0.101,0.3000000000000007,0.092
0.24135,0.08733750000000003,6.25,0.3000000000000007,0.101,0.3000000000000007,0.092
0.2414,0.08418000000000002,6.1000000000000005,0.3000000000000007,0.1,0.3000000000000007,0.092
0.24145,0.08142250000000002,5.9,0.3000000000000007,0.09899999999999999,0.3000000000000007,0.092
0.24150000000000002,0.08273750000000002,5.850000000000001,0.3000000000000007,0.09899999999999999,0.3000000000000007,0.094
0.24155000000000001,0.07707000000000001,5.5,0.3000000000000007,0.09899999999999999,0.3000000000000007,0.091
0.2416,0.07527250000000002,5.3500000000000005,0.3000000000000007,0.098,0.3000000000000007,0.091
0.24165,0.07362750000000001,5.25,0.3000000000000007,0.098,0.3000000000000007,0.091
0.2417,0.07214000000000002,5.1,0.3000000000000007,0.098,0.3000000000000007,0.091
0.24175000000000002,0.07427750000000002,5.15,0.3000000000000007,0.097,0.3000000000000007,0.093
0.24180000000000001,0.06947750000000001,4.950000000000001,0.3000000000000007,0.097,0.3000000000000007,0.09000000000000001
0.24185,0.06829000000000002,4.85,0.3000000000000007,0.097,0.3000000000000007,0.09000000000000001
0.2419,0.06723750000000002,4.800000000000001,0.3000000000000007,0.096,0.3000000000000007,0.09000000000000001
0.24195,0.06617750000000001,4.700000000000001,0.3000000000000007,0.096,0.3000000000000007,0.09000000000000001
0.24200000000000002,0.06870250000000001,4.8,0.3000000000000007,0.096,0.3000000000000007,0.092
0.24205000000000002,0.06431750000000001,4.6000000000000005,0.3000000000000007,0.096,0.3000000000000007,0.089
0.2421,0.06342500000000001,4.55,0.3000000000000007,0.095,0.3000000000000007,0.089
0.24215,0.06257000000000001,4.5,0.3000000000000007,0.095,0.3000000000000007,0.089
0.2422,0.061717500000000015,4.45,0.3000000000000007,0.095,0.3000000000000007,0.089
0.24225000000000002,0.06406750000000001,4.55,0.3000000000000007,0.095,0.3000000000000007,0.091
0.24230000000000002,0.05993750000000001,4.3500000000000005,0.3000000000000007,0.094,0.3000000000000007,0.088
0.24235,0.05891250000000001,4.35,0.3000000000000007,0.094,0.0,0.0
0.2424,0.05767000000000001,4.250000000000001,0.35000000000000053,0.094,0.35000000000000053,0.08399999999999999
0.24245,0.05568250000000002,4.0,0.40000000000000036,0.094,0.40000000000000036,0.09000000000000001
0.24250000000000002,0.055272500000000016,3.85,0.40000000000000036,0.093,0.40000000000000036,0.093
0.24255000000000002,0.05131250000000001,3.6500000000000004,0.40000000000000036,0.093,0.40000000000000036,0.093
0.2426,0.04953750000000001,3.45,0.40000000000000036,0.092,0.40000000000000036,0.092
0.24265,0.04816750000000001,3.3000000000000003,0.40000000000000036,0.096,0.40000000000000036,0.096
0.2427,0.04736250000000001,3.1,0.40000000000000036,0.101,0.40000000000000036,0.101
0.24275000000000002,0.04995250000000001,2.9,0.40000000000000036,0.10900000000000001,0.40000000000000036,0.10900000000000001
0.24280000000000002,0.047132500000000015,2.6999999999999997,0.40000000000000036,0.10900000000000001,0.40000000000000036,0.10900000000000001
0.24285,0.04793250000000001,2.55,0.40000000000000036,0.112,0.40000000000000036,0.111
0.2429,0.049887500000000015,2.3499999999999996,0.40000000000000036,0.115,0.40000000000000036,0.11299999999999999
0.24295,0.05304750000000001,2.1999999999999997,0.34999999999999964,0.117,0.34999999999999964,0.11299999999999999
0.24300000000000002,0.06167250000000001,2.1999999999999997,0.34999999999999964,0.121,0.34999999999999964,0.116
0.24305000000000002,0.06109750000000001,2.1999999999999997,0.34999999999999964,0.121,0.34999999999999964,0.11299999999999999
0.2431,0.06538750000000002,2.3,0.34999999999999964,0.122,0.34999999999999964,0.112
0.24315,0.06983750000000001,2.4499999999999997,0.34999999999999964,0.124,0.34999999999999964,0.111
0.2432,0.07409500000000002,2.5500000000000003,0.34999999999999964,0.124,0.34999999999999964,0.11
0.24325000000000002,0.08314250000000002,2.85,0.34999999999999964,0.125,0.34999999999999964,0.112
0.24330000000000002,0.08225500000000002,2.85,0.34999999999999964,0.125,0.34999999999999964,0.108
0.24335,0.08598750000000002,3.0,0.34999999999999964,0.126,0.34999999999999964,0.107
0.2434,0.08960750000000002,3.15,0.34999999999999964,0.126,0.34999999999999964,0.106
0.24345,0.09296250000000002,3.3,0.34999999999999964,0.125,0.34999999999999964,0.10500000000000001
0.24350000000000002,0.10062250000000003,3.5500000000000003,0.34999999999999964,0.125,0.34999999999999964,0.107
0.24355000000000002,0.09895750000000003,3.5500000000000003,0.34999999999999964,0.124,0.34999999999999964,0.103
0.2436,0.10146750000000003,3.7,0.34999999999999964,0.124,0.34999999999999964,0.102
0.24365,0.10366500000000002,3.85,0.34999999999999964,0.12300000000000001,0.34999999999999964,0.101
0.2437,0.10523750000000003,4.0,0.34999999999999964,0.122,0.34999999999999964,0.101
0.24375000000000002,0.11100750000000002,4.3,0.34999999999999964,0.12000000000000001,0.34999999999999964,0.103
0.24380000000000002,0.10804250000000003,4.25,0.34999999999999964,0.11900000000000001,0.34999999999999964,0.09899999999999999
0.24385,0.10895250000000002,4.4,0.34999999999999964,0.118,0.34999999999999964,0.09899999999999999
0.2439,0.10951750000000003,4.55,0.34999999999999964,0.116,0.34999999999999964,0.098
0.24395,0.10985250000000003,4.7,0.34999999999999964,0.115,0.34999999999999964,0.097
0.24400000000000002,0.10988000000000003,4.8,0.34999999999999964,0.11299999999999999,0.34999999999999964,0.097
0.24405000000000002,0.10993500000000003,4.95,0.34999999999999964,0.112,0.34999999999999964,0.096
0.2441,0.11036250000000003,5.1,0.34999999999999964,0.111,0.34999999999999964,0.096
0.24415,0.11061250000000003,5.2,0.34999999999999964,0.11,0.34999999999999964,0.095
0.2442,0.11036750000000002,5.35,0.34999999999999964,0.10900000000000001,0.34999999999999964,0.095
0.24425000000000002,0.10986750000000002,5.449999999999999,0.34999999999999964,0.108,0.34999999999999964,0.095
0.24430000000000002,0.10901000000000002,5.55,0.34999999999999964,0.107,0.34999999999999964,0.094
0.24435,0.10777500000000002,5.7,0.34999999999999964,0.106,0.34999999999999964,0.094
0.2444,0.10610750000000002,5.800000000000001,0.34999999999999964,0.10500000000000001,0.34999999999999964,0.094
0.24445,0.10397250000000002,5.95,0.34999999999999964,0.104,0.34999999999999964,0.093
0.24450000000000002,0.10118500000000002,6.050000000000001,0.2999999999999998,0.103,0.2999999999999998,0.093
0.24455000000000002,0.09773750000000002,6.1000000000000005,0.2999999999999998,0.103,0.2999999999999998,0.093
0.2446,0.09460000000000002,6.2,0.2999999999999998,0.102,0.2999999999999998,0.093
0.24465,0.09153500000000002,6.250000000000001,0.2999999999999998,0.101,0.2999999999999998,0.092
0.2447,0.08839500000000003,6.25,0.2999999999999998,0.101,0.2999999999999998,0.092
0.24475000000000002,0.08518500000000002,6.15,0.2999999999999998,0.1,0.2999999999999998,0.092
0.24480000000000002,0.08232000000000002,6.0,0.2999999999999998,0.1,0.2999999999999998,0.092
0.24485,0.07987750000000002,5.75,0.2999999999999998,0.09899999999999999,0.2999999999999998,0.091
0.2449,0.07776250000000003,5.549999999999999,0.2999999999999998,0.09899999999999999,0.2999999999999998,0.091
0.24495,0.07585250000000002,5.4,0.2999999999999998,0.098,0.2999999999999998,0.091
0.24500000000000002,0.07416250000000002,5.25,0.2999999999999998,0.098,0.2999999999999998,0.091
0.24505000000000002,0.07260000000000001,5.15,0.2999999999999998,0.098,0.2999999999999998,0.091
0.2451,0.07120250000000002,5.050000000000001,0.2999999999999998,0.097,0.2999999999999998,0.09000000000000001
0.24515,0.06990750000000001,4.949999999999999,0.2999999999999998,0.097,0.2999999999999998,0.09000000000000001
0.2452,0.06869250000000002,4.9,0.2999999999999998,0.097,0.2999999999999998,0.09000000000000001
0.24525000000000002,0.06759500000000002,4.800000000000001,0.2999999999999998,0.097,0.2999999999999998,0.09000000000000001
0.24530000000000002,0.06654500000000002,4.750000000000001,0.2999999999999998,0.096,0.2999999999999998,0.09000000000000001
0.24535,0.06553750000000001,4.6499999999999995,0.2999999999999998,0.096,0.2999999999999998,0.09000000000000001
0.2454,0.06457250000000002,4.6,0.2999999999999998,0.096,0.2999999999999998,0.089
0.24545,0.06372250000000002,4.55,0.2999999999999998,0.095,0.2999999999999998,0.089
0.24550000000000002,0.06286750000000002,4.500000000000001,0.2999999999999998,0.095,0.2999999999999998,0.089
0.24555000000000002,0.061980000000000014,4.449999999999998,0.2999999999999998,0.095,0.2999999999999998,0.089
0.2456,0.061167500000000014,4.400000000000001,0.2999999999999998,0.095,0.2999999999999998,0.089
0.24565,0.060252500000000014,4.3999999999999995,0.2999999999999998,0.094,0.2999999999999998,0.088
0.2457,0.05927000000000002,4.3500000000000005,0.2999999999999998,0.094,0.2999999999999998,0.088
0.24575000000000002,0.05815500000000001,4.299999999999998,0.2999999999999998,0.094,0.2999999999999998,0.081
0.24580000000000002,0.056415000000000014,4.099999999999999,0.40000000000000036,0.094,0.40000000000000036,0.088
0.24585,0.05418750000000001,3.8999999999999995,0.40000000000000036,0.093,0.40000000000000036,0.092
0.2459,0.052010000000000015,3.6999999999999993,0.40000000000000036,0.093,0.40000000000000036,0.093
0.24595,0.05005750000000001,3.549999999999999,0.40000000000000036,0.092,0.40000000000000036,0.092
0.24600000000000002,0.048555000000000015,3.3499999999999996,0.40000000000000036,0.094,0.40000000000000036,0.094
0.24605000000000002,0.04763750000000001,3.2,0.40000000000000036,0.09899999999999999,0.40000000000000036,0.09899999999999999
0.2461,0.047117500000000014,2.999999999999999,0.40000000000000036,0.104,0.40000000000000036,0.104
0.24615,0.04709250000000001,2.8000000000000007,0.40000000000000036,0.108,0.40000000000000036,0.108
0.2462,0.04754500000000001,2.6000000000000005,0.40000000000000036,0.111,0.40000000000000036,0.111
0.24625000000000002,0.04919000000000001,2.450000000000001,0.40000000000000036,0.114,0.40000000000000036,0.112
0.24630000000000002,0.05183500000000001,2.250000000000001,0.34999999999999964,0.117,0.34999999999999964,0.11299999999999999
0.24635,0.05555750000000002,2.1000000000000005,0.34999999999999964,0.11900000000000001,0.34999999999999964,0.11299999999999999
0.2464,0.05966000000000001,2.1500000000000004,0.34999999999999964,0.12000000000000001,0.34999999999999964,0.11299999999999999
0.24645,0.06397000000000001,2.250000000000001,0.34999999999999964,0.122,0.34999999999999964,0.112
0.24650000000000002,0.06838500000000002,2.4000000000000012,0.34999999999999964,0.12300000000000001,0.34999999999999964,0.111
0.24655000000000002,0.07271000000000002,2.5,0.34999999999999964,0.124,0.34999999999999964,0.11
0.2466,0.07692000000000002,2.6500000000000004,0.34999999999999964,0.125,0.34999999999999964,0.10900000000000001
0.24665,0.08098250000000003,2.8,0.34999999999999964,0.125,0.34999999999999964,0.108
0.2467,0.08481500000000002,2.95,0.34999999999999964,0.126,0.34999999999999964,0.107
0.24675000000000002,0.08844500000000002,3.1000000000000005,0.34999999999999964,0.126,0.34999999999999964,0.106
0.24680000000000002,0.09186000000000002,3.25,0.34999999999999964,0.125,0.34999999999999964,0.10500000000000001
0.24685,0.09504500000000002,3.4000000000000004,0.34999999999999964,0.125,0.34999999999999964,0.104
0.2469,0.09803000000000002,3.500000000000001,0.34999999999999964,0.125,0.34999999999999964,0.103
0.24695,0.10068250000000002,3.6500000000000012,0.34999999999999964,0.124,0.34999999999999964,0.102
0.24700000000000003,0.10298750000000002,3.8000000000000007,0.34999999999999964,0.12300000000000001,0.34999999999999964,0.102
0.24705000000000002,0.10904000000000003,4.1000000000000005,0.34999999999999964,0.122,0.34999999999999964,0.104
0.24710000000000001,0.10628500000000003,4.1000000000000005,0.34999999999999964,0.121,0.34999999999999964,0.1
0.24715,0.10765250000000003,4.2,0.34999999999999964,0.12000000000000001,0.34999999999999964,0.09899999999999999
0.2472,0.10869250000000003,4.3500000000000005,0.34999999999999964,0.118,0.34999999999999964,0.09899999999999999
0.24725000000000003,0.10933750000000003,4.5,0.34999999999999964,0.117,0.34999999999999964,0.098
0.24730000000000002,0.11384500000000003,4.8,0.34999999999999964,0.115,0.34999999999999964,0.101
0.24735000000000001,0.10986750000000002,4.749999999999999,0.34999999999999964,0.114,0.34999999999999964,0.097
0.2474,0.10977250000000002,4.8999999999999995,0.34999999999999964,0.11299999999999999,0.34999999999999964,0.096
0.24745,0.11028000000000003,5.05,0.34999999999999964,0.111,0.34999999999999964,0.096
0.24750000000000003,0.11056000000000003,5.2,0.34999999999999964,0.11,0.34999999999999964,0.095
0.24755000000000002,0.11441250000000003,5.399999999999999,0.34999999999999964,0.10900000000000001,0.34999999999999964,0.098
0.24760000000000001,0.11007250000000003,5.399999999999999,0.34999999999999964,0.108,0.34999999999999964,0.095
0.24765,0.10938250000000002,5.5,0.34999999999999964,0.107,0.34999999999999964,0.094
0.2477,0.10822000000000002,5.6499999999999995,0.34999999999999964,0.106,0.34999999999999964,0.094
0.24775,0.10673750000000003,5.750000000000001,0.34999999999999964,0.10500000000000001,0.34999999999999964,0.094
0.24780000000000002,0.10851000000000002,6.050000000000001,0.34999999999999964,0.104,0.34999999999999964,0.096
0.24785000000000001,0.10226250000000002,6.0,0.2999999999999998,0.104,0.2999999999999998,0.093
0.2479,0.09884750000000002,6.1,0.2999999999999998,0.103,0.2999999999999998,0.093
0.24795,0.09564000000000003,6.199999999999999,0.2999999999999998,0.102,0.2999999999999998,0.093
0.248,0.09260750000000002,6.249999999999999,0.2999999999999998,0.102,0.2999999999999998,0.092
0.24805000000000002,0.09310000000000003,6.399999999999999,0.2999999999999998,0.101,0.2999999999999998,0.095
0.24810000000000001,0.08625750000000003,6.199999999999999,0.2999999999999998,0.1,0.2999999999999998,0.092
0.24815,0.08323000000000003,6.050000000000001,0.2999999999999998,0.1,0.2999999999999998,0.092
0.2482,0.08068250000000002,5.85,0.2999999999999998,0.09899999999999999,0.2999999999999998,0.092
0.24825,0.07840750000000002,5.65,0.2999999999999998,0.09899999999999999,0.2999999999999998,0.091
0.24830000000000002,0.08004500000000002,5.6,0.2999999999999998,0.09899999999999999,0.2999999999999998,0.094
0.24835000000000002,0.07469750000000001,5.300000000000001,0.2999999999999998,0.098,0.2999999999999998,0.091
0.2484,0.07310500000000002,5.2,0.2999999999999998,0.098,0.2999999999999998,0.091
0.24845,0.07166750000000002,5.1,0.2999999999999998,0.098,0.2999999999999998,0.091
0.2485,0.07032250000000002,5.0,0.2999999999999998,0.097,0.2999999999999998,0.09000000000000001
0.24855000000000002,0.07263250000000002,5.050000000000001,0.2999999999999998,0.097,0.2999999999999998,0.093
0.24860000000000002,0.06793750000000001,4.800000000000001,0.2999999999999998,0.097,0.2999999999999998,0.09000000000000001
0.24865,0.06689250000000002,4.75,0.2999999999999998,0.096,0.2999999999999998,0.09000000000000001
0.2487,0.06583750000000002,4.699999999999999,0.2999999999999998,0.096,0.2999999999999998,0.09000000000000001
0.24875,0.06492000000000002,4.6499999999999995,0.2999999999999998,0.096,0.2999999999999998,0.089
0.24880000000000002,0.06745500000000001,4.75,0.2999999999999998,0.096,0.2999999999999998,0.092
0.24885000000000002,0.06315500000000002,4.5,0.2999999999999998,0.095,0.2999999999999998,0.089
0.2489,0.06228250000000002,4.5,0.2999999999999998,0.095,0.2999999999999998,0.089
0.24895,0.06147000000000002,4.45,0.2999999999999998,0.095,0.2999999999999998,0.089
0.249,0.060530000000000014,4.3999999999999995,0.2999999999999998,0.095,0.2999999999999998,0.089
0.24905000000000002,0.06264000000000002,4.5,0.2999999999999998,0.094,0.2999999999999998,0.091
0.24910000000000002,0.05859000000000002,4.3,0.2999999999999998,0.094,0.0,0.0
0.24915,0.05705750000000001,4.2,0.34999999999999964,0.094,0.34999999999999964,0.08600000000000001
0.2492,0.05494250000000001,3.95,0.40000000000000036,0.093,0.40000000000000036,0.091
0.24925,0.052697500000000015,3.75,0.40000000000000036,0.093,0.40000000000000036,0.093
0.24930000000000002,0.052600000000000015,3.6,0.40000000000000036,0.093,0.40000000000000036,0.093
0.24935000000000002,0.049047500000000015,3.4,0.40000000000000036,0.092,0.40000000000000036,0.092
0.2494,0.04786500000000001,3.25,0.40000000000000036,0.097,0.40000000000000036,0.097
0.24945,0.04723250000000001,3.05,0.40000000000000036,0.102,0.40000000000000036,0.102
0.2495,0.047070000000000015,2.8499999999999996,0.40000000000000036,0.107,0.40000000000000036,0.107
0.24955000000000002,0.05036750000000001,2.65,0.40000000000000036,0.11299999999999999,0.40000000000000036,0.11299999999999999
0.24960000000000002,0.04854500000000001,2.4999999999999996,0.40000000000000036,0.11299999999999999,0.40000000000000036,0.112
0.24965,0.050747500000000015,2.3,0.40000000000000036,0.116,0.40000000000000036,0.11299999999999999
0.2497,0.05433750000000001,2.15,0.35000000000000053,0.118,0.35000000000000053,0.11299999999999999
0.24975,0.058235000000000016,2.1,0.35000000000000053,0.12000000000000001,0.35000000000000053,0.11299999999999999
0.24980000000000002,0.06747750000000002,2.3499999999999996,0.35000000000000053,0.12300000000000001,0.35000000000000053,0.116
0.24985000000000002,0.06686250000000002,2.3499999999999996,0.35000000000000053,0.12300000000000001,0.35000000000000053,0.112
0.2499,0.07129750000000001,2.4499999999999997,0.35000000000000053,0.124,0.35000000000000053,0.111
0.24995,0.07551500000000001,2.6,0.35000000000000053,0.125,0.35000000000000053,0.11
0.25,0.07967250000000002,2.75,0.35000000000000053,0.125,0.35000000000000053,0.10900000000000001
0.25005,0.08831500000000002,3.0500000000000003,0.35000000000000053,0.126,0.35000000000000053,0.111
0.2501,0.09195750000000003,3.2,0.35000000000000053,0.126,0.35000000000000053,0.11
0.25015000000000004,0.09540000000000003,3.35,0.35000000000000053,0.125,0.35000000000000053,0.10900000000000001
0.25020000000000003,0.09855250000000003,3.5,0.35000000000000053,0.125,0.35000000000000053,0.108
0.25025000000000003,0.09708250000000003,3.45,0.35000000000000053,0.125,0.35000000000000053,0.104
0.2503,0.09982750000000003,3.6,0.35000000000000053,0.124,0.35000000000000053,0.103
0.25035,0.10223250000000003,3.75,0.35000000000000053,0.12300000000000001,0.35000000000000053,0.102
0.2504,0.10427750000000002,3.9000000000000004,0.35000000000000053,0.122,0.35000000000000053,0.101
0.25045,0.10575750000000003,4.050000000000001,0.35000000000000053,0.121,0.35000000000000053,0.1
0.2505,0.10723500000000002,4.15,0.35000000000000053,0.12000000000000001,0.35000000000000053,0.1
0.25055,0.10831250000000003,4.300000000000001,0.35000000000000053,0.11900000000000001,0.35000000000000053,0.09899999999999999
0.2506,0.11336000000000003,4.6000000000000005,0.35000000000000053,0.117,0.35000000000000053,0.102
0.25065000000000004,0.11378750000000003,4.750000000000001,0.35000000000000053,0.116,0.35000000000000053,0.101
0.25070000000000003,0.11398750000000003,4.9,0.35000000000000053,0.114,0.35000000000000053,0.1
0.25075000000000003,0.10984750000000003,4.85,0.35000000000000053,0.11299999999999999,0.35000000000000053,0.097
0.2508,0.11004500000000003,5.0,0.35000000000000053,0.112,0.35000000000000053,0.096
0.25085,0.11042250000000003,5.1499999999999995,0.35000000000000053,0.111,0.35000000000000053,0.096
0.2509,0.11058000000000003,5.25,0.35000000000000053,0.10900000000000001,0.35000000000000053,0.095
0.25095,0.11024750000000003,5.3999999999999995,0.35000000000000053,0.108,0.35000000000000053,0.095
0.251,0.10962750000000003,5.5,0.35000000000000053,0.107,0.35000000000000053,0.095
0.25105,0.10864000000000003,5.6000000000000005,0.35000000000000053,0.106,0.35000000000000053,0.094
0.2511,0.11109750000000003,5.9,0.35000000000000053,0.106,0.35000000000000053,0.097
0.25115,0.10927500000000002,6.0,0.35000000000000053,0.10500000000000001,0.35000000000000053,0.096
0.25120000000000003,0.10685750000000002,6.1000000000000005,0.35000000000000053,0.104,0.35000000000000053,0.096
0.25125000000000003,0.10009500000000003,6.05,0.3000000000000007,0.103,0.3000000000000007,0.093
0.2513,0.09662750000000002,6.1499999999999995,0.3000000000000007,0.102,0.3000000000000007,0.093
0.25135,0.09362500000000003,6.2,0.3000000000000007,0.102,0.3000000000000007,0.093
0.2514,0.09049500000000002,6.249999999999999,0.3000000000000007,0.101,0.3000000000000007,0.092
0.25145,0.08733750000000003,6.25,0.3000000000000007,0.101,0.3000000000000007,0.092
0.2515,0.08418000000000002,6.1,0.3000000000000007,0.1,0.3000000000000007,0.092
0.25155,0.08142250000000002,5.8999999999999995,0.3000000000000007,0.09899999999999999,0.3000000000000007,0.092
0.2516,0.08273750000000002,5.85,0.3000000000000007,0.09899999999999999,0.3000000000000007,0.094
0.25165,0.08069750000000002,5.65,0.3000000000000007,0.09899999999999999,0.3000000000000007,0.094
0.25170000000000003,0.07880750000000002,5.5,0.3000000000000007,0.098,0.3000000000000007,0.094
0.25175000000000003,0.07362750000000001,5.2,0.3000000000000007,0.098,0.3000000000000007,0.091
0.2518,0.07214000000000002,5.1,0.3000000000000007,0.098,0.3000000000000007,0.091
0.25185,0.07074500000000002,5.0,0.3000000000000007,0.097,0.3000000000000007,0.09000000000000001
0.2519,0.06947750000000001,4.950000000000001,0.3000000000000007,0.097,0.3000000000000007,0.09000000000000001
0.25195,0.06829000000000002,4.8500000000000005,0.3000000000000007,0.097,0.3000000000000007,0.09000000000000001
0.252,0.06724000000000002,4.799999999999999,0.3000000000000007,0.096,0.3000000000000007,0.09000000000000001
0.25205,0.06617750000000001,4.699999999999999,0.3000000000000007,0.096,0.3000000000000007,0.09000000000000001
0.2521,0.06870250000000001,4.800000000000001,0.3000000000000007,0.096,0.3000000000000007,0.092
0.25215,0.06776500000000002,4.749999999999999,0.3000000000000007,0.096,0.3000000000000007,0.092
0.25220000000000004,0.06683500000000002,4.699999999999999,0.3000000000000007,0.095,0.3000000000000007,0.092
0.25225000000000003,0.06257000000000001,4.499999999999999,0.3000000000000007,0.095,0.3000000000000007,0.089
0.2523,0.061717500000000015,4.449999999999999,0.3000000000000007,0.095,0.3000000000000007,0.089
0.25235,0.06086750000000001,4.4,0.3000000000000007,0.095,0.3000000000000007,0.089
0.2524,0.059940000000000014,4.3500000000000005,0.3000000000000007,0.094,0.3000000000000007,0.088
0.25245,0.05891250000000001,4.3500000000000005,0.3000000000000007,0.094,0.0,0.0
0.2525,0.05767000000000001,4.249999999999999,0.34999999999999964,0.094,0.34999999999999964,0.08399999999999999
0.25255,0.05568250000000002,3.999999999999999,0.39999999999999947,0.094,0.39999999999999947,0.09000000000000001
0.2526,0.055272500000000016,3.8499999999999996,0.39999999999999947,0.093,0.39999999999999947,0.093
0.25265,0.05323500000000001,3.6499999999999995,0.39999999999999947,0.093,0.39999999999999947,0.093
0.25270000000000004,0.05159250000000001,3.45,0.39999999999999947,0.096,0.39999999999999947,0.096
0.25275000000000003,0.04816750000000001,3.3,0.39999999999999947,0.096,0.39999999999999947,0.096
0.2528,0.04736250000000001,3.0999999999999996,0.39999999999999947,0.101,0.39999999999999947,0.101
0.25285,0.04708250000000001,2.9000000000000004,0.39999999999999947,0.10500000000000001,0.39999999999999947,0.10500000000000001
0.2529,0.047132500000000015,2.700000000000001,0.39999999999999947,0.10900000000000001,0.39999999999999947,0.10900000000000001
0.25295,0.04793250000000001,2.5500000000000007,0.39999999999999947,0.112,0.39999999999999947,0.111
0.253,0.049887500000000015,2.3500000000000005,0.39999999999999947,0.115,0.39999999999999947,0.11299999999999999
0.25305,0.05304750000000001,2.200000000000001,0.34999999999999964,0.117,0.34999999999999964,0.11299999999999999
0.2531,0.06167250000000001,2.200000000000001,0.34999999999999964,0.121,0.34999999999999964,0.116
0.25315,0.06601000000000001,2.3000000000000007,0.34999999999999964,0.122,0.34999999999999964,0.116
0.25320000000000004,0.07035750000000002,2.450000000000001,0.34999999999999964,0.124,0.34999999999999964,0.115
0.25325000000000003,0.06983750000000001,2.450000000000001,0.34999999999999964,0.124,0.34999999999999964,0.111
0.2533,0.07409500000000002,2.55,0.34999999999999964,0.124,0.34999999999999964,0.11
0.25335,0.07831250000000002,2.7,0.34999999999999964,0.125,0.34999999999999964,0.10900000000000001
0.2534,0.08225500000000002,2.8499999999999996,0.34999999999999964,0.125,0.34999999999999964,0.108
0.25345,0.08598750000000002,3.0,0.34999999999999964,0.126,0.34999999999999964,0.107
0.2535,0.08960750000000002,3.1499999999999995,0.34999999999999964,0.126,0.34999999999999964,0.106
0.25355,0.09296250000000002,3.3,0.34999999999999964,0.125,0.34999999999999964,0.10500000000000001
0.2536,0.10062250000000003,3.5500000000000007,0.34999999999999964,0.125,0.34999999999999964,0.107
0.25365,0.10341500000000002,3.700000000000001,0.34999999999999964,0.124,0.34999999999999964,0.106
0.25370000000000004,0.10587250000000002,3.8500000000000005,0.34999999999999964,0.124,0.34999999999999964,0.106
0.25375000000000003,0.10366500000000002,3.8500000000000005,0.34999999999999964,0.12300000000000001,0.34999999999999964,0.101
0.2538,0.10523750000000003,4.000000000000001,0.34999999999999964,0.122,0.34999999999999964,0.101
0.25385,0.10673500000000002,4.150000000000001,0.34999999999999964,0.12000000000000001,0.34999999999999964,0.1
0.2539,0.10804250000000003,4.250000000000001,0.34999999999999964,0.11900000000000001,0.34999999999999964,0.09899999999999999
0.25395,0.10895250000000002,4.4,0.34999999999999964,0.118,0.34999999999999964,0.09899999999999999
0.254,0.10951750000000003,4.550000000000001,0.34999999999999964,0.116,0.34999999999999964,0.098
0.25405,0.10985250000000003,4.7,0.34999999999999964,0.115,0.34999999999999964,0.097
0.2541,0.11391000000000003,4.95,0.34999999999999964,0.11299999999999999,0.34999999999999964,0.1
0.25415,0.11398500000000003,5.1,0.34999999999999964,0.112,0.34999999999999964,0.09899999999999999
0.25420000000000004,0.11438250000000003,5.25,0.34999999999999964,0.111,0.34999999999999964,0.09899999999999999
0.25425000000000003,0.11061250000000003,5.199999999999999,0.34999999999999964,0.11,0.34999999999999964,0.095
0.2543,0.11036750000000002,5.349999999999999,0.34999999999999964,0.10900000000000001,0.34999999999999964,0.095
0.25435,0.10986750000000002,5.449999999999999,0.34999999999999964,0.108,0.34999999999999964,0.095
0.2544,0.10901000000000002,5.55,0.34999999999999964,0.107,0.34999999999999964,0.094
0.25445,0.10777500000000002,5.7,0.34999999999999964,0.106,0.34999999999999964,0.094
0.2545,0.10610750000000002,5.800000000000001,0.34999999999999964,0.10500000000000001,0.34999999999999964,0.094
0.25455,0.10397500000000003,5.950000000000001,0.34999999999999964,0.104,0.34999999999999964,0.093
0.2546,0.10487000000000003,6.200000000000001,0.2999999999999998,0.103,0.2999999999999998,0.096
0.25465,0.10142500000000003,6.249999999999999,0.2999999999999998,0.103,0.2999999999999998,0.096
0.25470000000000004,0.09823750000000002,6.35,0.2999999999999998,0.102,0.2999999999999998,0.095
0.25475000000000003,0.09153500000000002,6.25,0.2999999999999998,0.101,0.2999999999999998,0.092
0.2548,0.08839500000000003,6.25,0.2999999999999998,0.101,0.2999999999999998,0.092
0.25485,0.08518500000000002,6.15,0.2999999999999998,0.1,0.2999999999999998,0.092
0.2549,0.08232000000000002,5.999999999999999,0.2999999999999998,0.1,0.2999999999999998,0.092
0.25495,0.07987750000000002,5.75,0.2999999999999998,0.09899999999999999,0.2999999999999998,0.091
0.255,0.07776250000000003,5.550000000000001,0.2999999999999998,0.09899999999999999,0.2999999999999998,0.091
0.25505,0.07585500000000002,5.3999999999999995,0.2999999999999998,0.098,0.2999999999999998,0.091
0.2551,0.07773750000000001,5.3999999999999995,0.2999999999999998,0.098,0.2999999999999998,0.093
0.25515,0.07615750000000002,5.300000000000001,0.2999999999999998,0.098,0.2999999999999998,0.093
0.25520000000000004,0.07474000000000001,5.200000000000001,0.2999999999999998,0.097,0.2999999999999998,0.093
0.25525000000000003,0.06990750000000001,4.949999999999999,0.2999999999999998,0.097,0.2999999999999998,0.09000000000000001
0.2553,0.06869250000000002,4.9,0.2999999999999998,0.097,0.2999999999999998,0.09000000000000001
0.25535,0.06759500000000002,4.800000000000001,0.2999999999999998,0.097,0.2999999999999998,0.09000000000000001
0.2554,0.06654500000000002,4.75,0.2999999999999998,0.096,0.2999999999999998,0.09000000000000001
0.25545,0.06553750000000001,4.65,0.2999999999999998,0.096,0.2999999999999998,0.09000000000000001
0.2555,0.06457250000000002,4.6,0.2999999999999998,0.096,0.2999999999999998,0.089
0.25555,0.06372250000000002,4.55,0.2999999999999998,0.095,0.2999999999999998,0.089
0.2556,0.06623750000000002,4.65,0.2999999999999998,0.095,0.2999999999999998,0.091
0.25565,0.06534500000000001,4.6,0.2999999999999998,0.095,0.2999999999999998,0.091
0.25570000000000004,0.06437250000000001,4.55,0.2999999999999998,0.095,0.2999999999999998,0.091
0.25575000000000003,0.060252500000000014,4.3999999999999995,0.2999999999999998,0.094,0.2999999999999998,0.088
0.2558,0.05927000000000002,4.35,0.2999999999999998,0.094,0.2999999999999998,0.088
0.25585,0.05815500000000001,4.300000000000001,0.2999999999999998,0.094,0.2999999999999998,0.081
0.2559,0.056415000000000014,4.1000000000000005,0.40000000000000036,0.094,0.40000000000000036,0.088
0.25595,0.05418750000000001,3.9,0.40000000000000036,0.093,0.40000000000000036,0.092
0.256,0.052010000000000015,3.7,0.40000000000000036,0.093,0.40000000000000036,0.093
0.25605,0.05005750000000001,3.55,0.40000000000000036,0.092,0.40000000000000036,0.092
0.2561,0.05081250000000001,3.35,0.40000000000000036,0.09899999999999999,0.40000000000000036,0.09899999999999999
0.25615,0.050130000000000015,3.1500000000000004,0.40000000000000036,0.104,0.40000000000000036,0.104
0.25620000000000004,0.04993000000000001,3.0,0.40000000000000036,0.108,0.40000000000000036,0.108
0.25625000000000003,0.05000000000000001,2.75,0.40000000000000036,0.111,0.40000000000000036,0.111
0.25630000000000003,0.04754750000000001,2.6,0.40000000000000036,0.111,0.40000000000000036,0.111
0.25635,0.04919000000000001,2.4499999999999997,0.40000000000000036,0.114,0.40000000000000036,0.112
0.2564,0.05183500000000001,2.25,0.34999999999999964,0.117,0.34999999999999964,0.11299999999999999
0.25645,0.05555750000000002,2.1,0.34999999999999964,0.11900000000000001,0.34999999999999964,0.11299999999999999
0.2565,0.05966000000000001,2.15,0.34999999999999964,0.12000000000000001,0.34999999999999964,0.11299999999999999
0.25655,0.06397000000000001,2.25,0.34999999999999964,0.122,0.34999999999999964,0.112
0.2566,0.07331500000000002,2.55,0.34999999999999964,0.124,0.34999999999999964,0.115
0.25665,0.07763250000000002,2.65,0.34999999999999964,0.125,0.34999999999999964,0.114
0.25670000000000004,0.08179000000000002,2.8,0.34999999999999964,0.125,0.34999999999999964,0.11299999999999999
0.25675000000000003,0.08578000000000002,2.9499999999999997,0.34999999999999964,0.126,0.34999999999999964,0.112
0.25680000000000003,0.08481500000000002,2.9499999999999997,0.34999999999999964,0.126,0.34999999999999964,0.107
0.25685,0.08844500000000002,3.1,0.34999999999999964,0.126,0.34999999999999964,0.106
0.2569,0.09186000000000002,3.25,0.34999999999999964,0.125,0.34999999999999964,0.10500000000000001
0.25695,0.09504500000000002,3.4,0.34999999999999964,0.125,0.34999999999999964,0.104
0.257,0.09803250000000002,3.5000000000000004,0.34999999999999964,0.125,0.34999999999999964,0.103
0.25705,0.10068250000000002,3.6500000000000004,0.34999999999999964,0.124,0.34999999999999964,0.102
0.2571,0.10298750000000002,3.8000000000000003,0.34999999999999964,0.12300000000000001,0.34999999999999964,0.102
0.25715,0.10904250000000003,4.1000000000000005,0.34999999999999964,0.122,0.34999999999999964,0.104
0.25720000000000004,0.11058500000000003,4.25,0.34999999999999964,0.121,0.34999999999999964,0.103
0.25725000000000003,0.11192250000000002,4.3500000000000005,0.34999999999999964,0.12000000000000001,0.34999999999999964,0.103
0.25730000000000003,0.10869250000000003,4.3500000000000005,0.34999999999999964,0.118,0.34999999999999964,0.09899999999999999
0.25735,0.10933750000000003,4.5,0.34999999999999964,0.117,0.34999999999999964,0.098
0.2574,0.10976750000000003,4.65,0.34999999999999964,0.115,0.34999999999999964,0.098
0.25745,0.10986750000000002,4.749999999999999,0.34999999999999964,0.114,0.34999999999999964,0.097
0.2575,0.10977250000000002,4.8999999999999995,0.34999999999999964,0.11299999999999999,0.34999999999999964,0.096
0.25755,0.11028000000000003,5.05,0.34999999999999964,0.111,0.34999999999999964,0.096
0.2576,0.11056000000000003,5.199999999999999,0.34999999999999964,0.11,0.34999999999999964,0.095
0.25765,0.11441500000000003,5.3999999999999995,0.34999999999999964,0.10900000000000001,0.34999999999999964,0.098
0.2577,0.11394750000000003,5.55,0.34999999999999964,0.108,0.34999999999999964,0.098
0.25775000000000003,0.11320000000000002,5.6499999999999995,0.34999999999999964,0.107,0.34999999999999964,0.097
0.25780000000000003,0.10822000000000002,5.6499999999999995,0.34999999999999964,0.106,0.34999999999999964,0.094
0.25785,0.10673750000000003,5.75,0.34999999999999964,0.10500000000000001,0.34999999999999964,0.094
0.2579,0.10477000000000003,5.9,0.34999999999999964,0.104,0.34999999999999964,0.093
0.25795,0.10226250000000002,6.0,0.2999999999999998,0.104,0.2999999999999998,0.093
0.258,0.09884750000000002,6.1,0.2999999999999998,0.103,0.2999999999999998,0.093
0.25805,0.09564500000000002,6.199999999999999,0.2999999999999998,0.102,0.2999999999999998,0.093
0.2581,0.09260750000000002,6.25,0.2999999999999998,0.102,0.2999999999999998,0.092
0.25815,0.09310250000000002,6.4,0.2999999999999998,0.101,0.2999999999999998,0.095
0.2582,0.08985250000000002,6.35,0.2999999999999998,0.1,0.2999999999999998,0.095
0.25825000000000004,0.08683000000000002,6.2,0.2999999999999998,0.1,0.2999999999999998,0.094
0.25830000000000003,0.08068250000000002,5.8500000000000005,0.2999999999999998,0.09899999999999999,0.2999999999999998,0.092
0.25835,0.07841000000000002,5.65,0.2999999999999998,0.09899999999999999,0.2999999999999998,0.091
0.2584,0.07647000000000002,5.45,0.2999999999999998,0.09899999999999999,0.2999999999999998,0.091
0.25845,0.07469750000000001,5.299999999999999,0.2999999999999998,0.098,0.2999999999999998,0.091
0.2585,0.07310500000000002,5.2,0.2999999999999998,0.098,0.2999999999999998,0.091
0.25855,0.07166750000000002,5.099999999999998,0.2999999999999998,0.098,0.2999999999999998,0.091
0.2586,0.07032250000000002,5.000000000000001,0.2999999999999998,0.097,0.2999999999999998,0.09000000000000001
0.25865,0.07263500000000002,5.049999999999999,0.2999999999999998,0.097,0.2999999999999998,0.093
0.2587,0.07146250000000001,4.95,0.2999999999999998,0.097,0.2999999999999998,0.092
0.25875000000000004,0.07037000000000002,4.9,0.2999999999999998,0.096,0.2999999999999998,0.092
0.25880000000000003,0.06583750000000002,4.7,0.2999999999999998,0.096,0.2999999999999998,0.09000000000000001
0.25885,0.06492000000000002,4.65,0.2999999999999998,0.096,0.2999999999999998,0.089
0.2589,0.06402750000000001,4.6,0.2999999999999998,0.096,0.2999999999999998,0.089
0.25895,0.06315500000000002,4.550000000000002,0.2999999999999998,0.095,0.2999999999999998,0.089
0.259,0.06228250000000002,4.5,0.2999999999999998,0.095,0.2999999999999998,0.089
0.25905,0.06147000000000002,4.45,0.2999999999999998,0.095,0.2999999999999998,0.089
0.2591,0.060530000000000014,4.399999999999999,0.2999999999999998,0.095,0.2999999999999998,0.089
0.25915,0.06264000000000002,4.5,0.2999999999999998,0.094,0.2999999999999998,0.091
0.2592,0.06104250000000001,4.349999999999999,0.34999999999999964,0.094,0.0,0.0
0.25925000000000004,0.05905000000000001,4.199999999999998,0.39999999999999947,0.094,0.39999999999999947,0.089
0.25930000000000003,0.05494250000000001,3.9499999999999993,0.39999999999999947,0.093,0.39999999999999947,0.091
0.25935,0.052697500000000015,3.75,0.39999999999999947,0.093,0.39999999999999947,0.093
0.2594,0.05065500000000001,3.5999999999999996,0.39999999999999947,0.093,0.39999999999999947,0.093
0.25945,0.049047500000000015,3.3999999999999995,0.39999999999999947,0.092,0.39999999999999947,0.092
0.2595,0.04786500000000001,3.249999999999999,0.39999999999999947,0.097,0.39999999999999947,0.097
0.25955,0.04723250000000001,3.05,0.39999999999999947,0.102,0.39999999999999947,0.102
0.2596,0.047070000000000015,2.8500000000000005,0.39999999999999947,0.107,0.39999999999999947,0.107
0.25965,0.05036750000000001,2.6500000000000004,0.39999999999999947,0.11299999999999999,0.39999999999999947,0.11299999999999999
0.2597,0.05191750000000001,2.5,0.39999999999999947,0.116,0.39999999999999947,0.115
0.25975000000000004,0.054765000000000015,2.3000000000000007,0.39999999999999947,0.118,0.39999999999999947,0.116
0.25980000000000003,0.05433750000000001,2.1500000000000004,0.34999999999999964,0.118,0.34999999999999964,0.11299999999999999
0.25985,0.058235000000000016,2.1000000000000005,0.34999999999999964,0.12000000000000001,0.34999999999999964,0.11299999999999999
0.2599,0.06252250000000002,2.250000000000001,0.34999999999999964,0.122,0.34999999999999964,0.112
0.25995,0.06686250000000002,2.3500000000000005,0.34999999999999964,0.12300000000000001,0.34999999999999964,0.112
0.26,0.07129750000000001,2.4499999999999993,0.34999999999999964,0.124,0.34999999999999964,0.111
0.26005,0.07551500000000001,2.5999999999999996,0.34999999999999964,0.125,0.34999999999999964,0.11
0.2601,0.07967250000000002,2.75,0.34999999999999964,0.125,0.34999999999999964,0.10900000000000001
0.26015,0.08831500000000002,3.0500000000000007,0.34999999999999964,0.126,0.34999999999999964,0.111
0.2602,0.09195750000000003,3.2,0.34999999999999964,0.126,0.34999999999999964,0.11
0.26025000000000004,0.09540000000000003,3.3500000000000005,0.34999999999999964,0.125,0.34999999999999964,0.10900000000000001
0.26030000000000003,0.09401250000000003,3.3500000000000005,0.34999999999999964,0.125,0.34999999999999964,0.10500000000000001
0.26035,0.09708250000000003,3.450000000000001,0.34999999999999964,0.125,0.34999999999999964,0.104
0.2604,0.09982750000000003,3.6000000000000014,0.34999999999999964,0.124,0.34999999999999964,0.103
0.26045,0.10223250000000003,3.750000000000001,0.34999999999999964,0.12300000000000001,0.34999999999999964,0.102
0.2605,0.10427750000000002,3.9000000000000012,0.34999999999999964,0.122,0.34999999999999964,0.101
0.26055,0.10576000000000002,4.050000000000002,0.34999999999999964,0.121,0.34999999999999964,0.1
0.2606,0.10723500000000002,4.15,0.34999999999999964,0.12000000000000001,0.34999999999999964,0.1
0.26065,0.11254500000000003,4.45,0.34999999999999964,0.11900000000000001,0.34999999999999964,0.102
0.2607,0.11336000000000003,4.6000000000000005,0.34999999999999964,0.117,0.34999999999999964,0.102
0.26075000000000004,0.11378750000000003,4.75,0.34999999999999964,0.116,0.34999999999999964,0.101
0.26080000000000003,0.10993000000000003,4.75,0.34999999999999964,0.114,0.34999999999999964,0.097
0.26085,0.10984750000000003,4.85,0.34999999999999964,0.11299999999999999,0.34999999999999964,0.097
0.2609,0.11004750000000003,4.999999999999999,0.34999999999999964,0.112,0.34999999999999964,0.096
0.26095,0.11042250000000003,5.1499999999999995,0.34999999999999964,0.111,0.34999999999999964,0.096
0.261,0.11058000000000003,5.249999999999999,0.34999999999999964,0.10900000000000001,0.34999999999999964,0.095
0.26105,0.11024750000000003,5.399999999999999,0.34999999999999964,0.108,0.34999999999999964,0.095
0.2611,0.10962750000000003,5.499999999999999,0.34999999999999964,0.107,0.34999999999999964,0.095
0.26115,0.11244750000000003,5.75,0.34999999999999964,0.106,0.34999999999999964,0.097
0.2612,0.11109750000000003,5.9,0.34999999999999964,0.10500000000000001,0.34999999999999964,0.097
0.26125000000000004,0.10927500000000002,6.000000000000001,0.34999999999999964,0.10500000000000001,0.34999999999999964,0.096
0.26130000000000003,0.10313750000000002,5.95,0.34999999999999964,0.104,0.34999999999999964,0.093
0.26135,0.10009750000000002,6.049999999999999,0.29999999999999893,0.103,0.29999999999999893,0.093
0.2614,0.09663000000000002,6.149999999999999,0.29999999999999893,0.102,0.29999999999999893,0.093
0.26145,0.09362500000000003,6.199999999999999,0.29999999999999893,0.102,0.29999999999999893,0.093
0.2615,0.09049500000000002,6.250000000000002,0.29999999999999893,0.101,0.29999999999999893,0.092
0.26155,0.08733750000000003,6.25,0.29999999999999893,0.101,0.29999999999999893,0.092
0.2616,0.08418000000000002,6.1000000000000005,0.29999999999999893,0.1,0.29999999999999893,0.092
0.26165,0.08505000000000001,6.050000000000001,0.29999999999999893,0.09899999999999999,0.29999999999999893,0.094
0.2617,0.08273750000000002,5.850000000000001,0.29999999999999893,0.09899999999999999,0.29999999999999893,0.094
0.26175000000000004,0.08069750000000002,5.6499999999999995,0.29999999999999893,0.09899999999999999,0.29999999999999893,0.094
0.26180000000000003,0.07527250000000002,5.3500000000000005,0.29999999999999893,0.098,0.29999999999999893,0.091
0.26185,0.07363000000000001,5.25,0.29999999999999893,0.098,0.29999999999999893,0.091
0.2619,0.07214000000000002,5.1,0.29999999999999893,0.098,0.29999999999999893,0.091
0.26195,0.07074500000000002,5.0,0.29999999999999893,0.097,0.29999999999999893,0.09000000000000001
0.262,0.06947750000000001,4.950000000000001,0.29999999999999893,0.097,0.29999999999999893,0.09000000000000001
0.26205,0.06829000000000002,4.85,0.29999999999999893,0.097,0.29999999999999893,0.09000000000000001
0.2621,0.06724000000000002,4.800000000000001,0.29999999999999893,0.096,0.29999999999999893,0.09000000000000001
0.26215,0.06963500000000002,4.8500000000000005,0.29999999999999893,0.096,0.29999999999999893,0.092
0.2622,0.06870500000000002,4.8,0.29999999999999893,0.096,0.29999999999999893,0.092
0.26225000000000004,0.06776500000000002,4.75,0.29999999999999893,0.096,0.29999999999999893,0.092
0.26230000000000003,0.06342750000000001,4.55,0.29999999999999893,0.095,0.29999999999999893,0.089
0.26235,0.06257000000000001,4.5,0.29999999999999893,0.095,0.29999999999999893,0.089
0.2624,0.061717500000000015,4.45,0.29999999999999893,0.095,0.29999999999999893,0.089
0.26245,0.06086750000000001,4.3999999999999995,0.29999999999999893,0.095,0.29999999999999893,0.089
0.2625,0.05994250000000002,4.3500000000000005,0.29999999999999893,0.094,0.29999999999999893,0.088
0.26255,0.05891250000000001,4.35,0.29999999999999893,0.094,0.0,0.0
0.2626,0.05767000000000001,4.250000000000001,0.34999999999999964,0.094,0.34999999999999964,0.08399999999999999
0.26265,0.05753750000000001,4.0,0.39999999999999947,0.094,0.39999999999999947,0.091
0.2627,0.055272500000000016,3.85,0.39999999999999947,0.093,0.39999999999999947,0.093
0.26275000000000004,0.05323500000000001,3.6500000000000004,0.39999999999999947,0.093,0.39999999999999947,0.093
0.26280000000000003,0.05159250000000001,3.45,0.39999999999999947,0.096,0.39999999999999947,0.096
0.26285000000000003,0.04816750000000001,3.3000000000000003,0.39999999999999947,0.096,0.39999999999999947,0.096
0.2629,0.04736250000000001,3.1,0.39999999999999947,0.101,0.39999999999999947,0.101
0.26295,0.04708250000000001,2.9,0.39999999999999947,0.10500000000000001,0.39999999999999947,0.10500000000000001
0.263,0.047132500000000015,2.6999999999999997,0.39999999999999947,0.10900000000000001,0.39999999999999947,0.10900000000000001
0.26305,0.04793250000000001,2.55,0.39999999999999947,0.112,0.39999999999999947,0.111
0.2631,0.049887500000000015,2.3499999999999996,0.39999999999999947,0.115,0.39999999999999947,0.11299999999999999
0.26315,0.057282500000000014,2.1999999999999997,0.35000000000000053,0.11900000000000001,0.35000000000000053,0.116
0.2632,0.06167250000000001,2.1999999999999997,0.35000000000000053,0.121,0.35000000000000053,0.116
0.26325000000000004,0.06601250000000002,2.3,0.35000000000000053,0.122,0.35000000000000053,0.116
0.26330000000000003,0.07035750000000002,2.4499999999999997,0.35000000000000053,0.124,0.35000000000000053,0.115
0.26335000000000003,0.06983750000000001,2.4499999999999997,0.35000000000000053,0.124,0.35000000000000053,0.111
0.2634,0.07409500000000002,2.5500000000000003,0.35000000000000053,0.124,0.35000000000000053,0.11
0.26345,0.07831250000000002,2.7,0.35000000000000053,0.125,0.35000000000000053,0.10900000000000001
0.2635,0.08225500000000002,2.85,0.35000000000000053,0.125,0.35000000000000053,0.108
0.26355,0.08598750000000002,3.0,0.35000000000000053,0.126,0.35000000000000053,0.107
0.2636,0.08960750000000002,3.15,0.35000000000000053,0.126,0.35000000000000053,0.106
0.26365,0.09296250000000002,3.3,0.35000000000000053,0.125,0.35000000000000053,0.10500000000000001
0.2637,0.10062250000000003,3.5500000000000003,0.35000000000000053,0.125,0.35000000000000053,0.107
0.26375000000000004,0.10341500000000002,3.7,0.35000000000000053,0.124,0.35000000000000053,0.106
0.26380000000000003,0.10587250000000002,3.85,0.35000000000000053,0.124,0.35000000000000053,0.106
0.26385000000000003,0.10366500000000002,3.85,0.35000000000000053,0.12300000000000001,0.35000000000000053,0.101
0.2639,0.10523750000000003,4.0,0.35000000000000053,0.122,0.35000000000000053,0.101
0.26395,0.10673500000000002,4.15,0.35000000000000053,0.12000000000000001,0.35000000000000053,0.1
0.264,0.10804500000000003,4.25,0.35000000000000053,0.11900000000000001,0.35000000000000053,0.09899999999999999
0.26405,0.10895250000000002,4.4,0.35000000000000053,0.118,0.35000000000000053,0.09899999999999999
0.2641,0.10952000000000003,4.55,0.35000000000000053,0.116,0.35000000000000053,0.098
0.26415,0.10985250000000003,4.7,0.35000000000000053,0.115,0.35000000000000053,0.097
0.2642,0.11391000000000003,4.95,0.35000000000000053,0.11299999999999999,0.35000000000000053,0.1
0.26425000000000004,0.11398500000000003,5.1,0.35000000000000053,0.112,0.35000000000000053,0.09899999999999999
0.26430000000000003,0.11438250000000003,5.25,0.35000000000000053,0.111,0.35000000000000053,0.09899999999999999
0.26435000000000003,0.11061250000000003,5.2,0.35000000000000053,0.11,0.35000000000000053,0.095
0.2644,0.11036750000000002,5.35,0.35000000000000053,0.10900000000000001,0.35000000000000053,0.095
0.26445,0.10986750000000002,5.449999999999999,0.35000000000000053,0.108,0.35000000000000053,0.095
0.2645,0.10901000000000002,5.55,0.35000000000000053,0.107,0.35000000000000053,0.094
0.26455,0.10777500000000002,5.7,0.35000000000000053,0.106,0.35000000000000053,0.094
0.2646,0.10610750000000002,5.800000000000001,0.35000000000000053,0.10500000000000001,0.35000000000000053,0.094
0.26465,0.10397500000000003,5.95,0.35000000000000053,0.104,0.35000000000000053,0.093
0.2647,0.10487000000000003,6.200000000000001,0.3000000000000007,0.103,0.3000000000000007,0.096
0.26475,0.10142500000000003,6.25,0.3000000000000007,0.103,0.3000000000000007,0.096
0.26480000000000004,0.09823750000000002,6.3500000000000005,0.3000000000000007,0.102,0.3000000000000007,0.095
0.26485000000000003,0.09153500000000002,6.250000000000001,0.3000000000000007,0.101,0.3000000000000007,0.092
0.2649,0.08839500000000003,6.25,0.3000000000000007,0.101,0.3000000000000007,0.092
0.26495,0.08518500000000002,6.15,0.3000000000000007,0.1,0.3000000000000007,0.092
0.265,0.08232000000000002,6.0,0.3000000000000007,0.1,0.3000000000000007,0.092
0.26505,0.07988250000000002,5.75,0.3000000000000007,0.09899999999999999,0.3000000000000007,0.091
0.2651,0.07776250000000003,5.549999999999999,0.3000000000000007,0.09899999999999999,0.3000000000000007,0.091
0.26515,0.07585500000000002,5.4,0.3000000000000007,0.098,0.3000000000000007,0.091
0.2652,0.07773750000000001,5.4,0.3000000000000007,0.098,0.3000000000000007,0.093
0.26525,0.07615750000000002,5.300000000000001,0.3000000000000007,0.098,0.3000000000000007,0.093
0.26530000000000004,0.07474000000000001,5.199999999999999,0.3000000000000007,0.097,0.3000000000000007,0.093
0.26535000000000003,0.06990750000000001,4.949999999999999,0.3000000000000007,0.097,0.3000000000000007,0.09000000000000001
0.2654,0.06869250000000002,4.9,0.3000000000000007,0.097,0.3000000000000007,0.09000000000000001
0.26545,0.06759500000000002,4.800000000000001,0.3000000000000007,0.097,0.3000000000000007,0.09000000000000001
0.2655,0.06654500000000002,4.750000000000001,0.3000000000000007,0.096,0.3000000000000007,0.09000000000000001
0.26555,0.06553750000000001,4.6499999999999995,0.3000000000000007,0.096,0.3000000000000007,0.09000000000000001
0.2656,0.06457250000000002,4.6,0.3000000000000007,0.096,0.3000000000000007,0.089
0.26565,0.06372500000000002,4.55,0.3000000000000007,0.095,0.3000000000000007,0.089
0.2657,0.06623750000000002,4.6499999999999995,0.3000000000000007,0.095,0.3000000000000007,0.091
0.26575,0.06534500000000001,4.6000000000000005,0.3000000000000007,0.095,0.3000000000000007,0.091
0.26580000000000004,0.06437250000000001,4.55,0.3000000000000007,0.095,0.3000000000000007,0.091
0.26585000000000003,0.060252500000000014,4.3999999999999995,0.3000000000000007,0.094,0.3000000000000007,0.088
0.2659,0.05927000000000002,4.3500000000000005,0.3000000000000007,0.094,0.3000000000000007,0.088
0.26595,0.05815500000000001,4.299999999999998,0.3000000000000007,0.094,0.3000000000000007,0.081
0.266,0.056415000000000014,4.099999999999999,0.40000000000000124,0.094,0.40000000000000124,0.088
0.26605,0.05418750000000001,3.8999999999999995,0.40000000000000124,0.093,0.40000000000000124,0.092
0.2661,0.052010000000000015,3.6999999999999993,0.40000000000000124,0.093,0.40000000000000124,0.093
0.26615,0.05005750000000001,3.549999999999999,0.40000000000000124,0.092,0.40000000000000124,0.092
0.2662,0.05081250000000001,3.3499999999999996,0.40000000000000124,0.09899999999999999,0.40000000000000124,0.09899999999999999
0.26625,0.050130000000000015,3.1500000000000004,0.40000000000000124,0.104,0.40000000000000124,0.104
0.26630000000000004,0.04993000000000001,2.999999999999999,0.40000000000000124,0.108,0.40000000000000124,0.108
0.26635000000000003,0.04709250000000001,2.750000000000001,0.40000000000000124,0.108,0.40000000000000124,0.108
0.2664,0.04754750000000001,2.6000000000000005,0.40000000000000124,0.111,0.40000000000000124,0.111
0.26645,0.04919000000000001,2.450000000000001,0.40000000000000124,0.114,0.40000000000000124,0.112
0.2665,0.05183500000000001,2.250000000000001,0.35000000000000053,0.117,0.35000000000000053,0.11299999999999999
0.26655,0.05555750000000002,2.1000000000000005,0.35000000000000053,0.11900000000000001,0.35000000000000053,0.11299999999999999
0.2666,0.05966000000000001,2.1500000000000004,0.35000000000000053,0.12000000000000001,0.35000000000000053,0.11299999999999999
0.26665,0.06397000000000001,2.250000000000001,0.35000000000000053,0.122,0.35000000000000053,0.112
0.2667,0.07331500000000002,2.5500000000000007,0.35000000000000053,0.124,0.35000000000000053,0.115
0.26675,0.07763250000000002,2.6500000000000004,0.35000000000000053,0.125,0.35000000000000053,0.114
0.26680000000000004,0.08179000000000002,2.8,0.35000000000000053,0.125,0.35000000000000053,0.11299999999999999
0.26685000000000003,0.08098250000000003,2.8,0.35000000000000053,0.125,0.35000000000000053,0.108
0.2669,0.08481500000000002,2.95,0.35000000000000053,0.126,0.35000000000000053,0.107
0.26695,0.08844500000000002,3.1000000000000005,0.35000000000000053,0.126,0.35000000000000053,0.106
0.267,0.09186000000000002,3.25,0.35000000000000053,0.125,0.35000000000000053,0.10500000000000001
0.26705,0.09504500000000002,3.4000000000000004,0.35000000000000053,0.125,0.35000000000000053,0.104
0.2671,0.09803250000000002,3.500000000000001,0.35000000000000053,0.125,0.35000000000000053,0.103
0.26715,0.10068250000000002,3.6500000000000012,0.35000000000000053,0.124,0.35000000000000053,0.102
0.2672,0.10737500000000003,3.950000000000001,0.35000000000000053,0.12300000000000001,0.35000000000000053,0.10500000000000001
0.26725,0.10904250000000003,4.1000000000000005,0.35000000000000053,0.122,0.35000000000000053,0.104
0.26730000000000004,0.11058500000000003,4.250000000000001,0.35000000000000053,0.121,0.35000000000000053,0.103
0.26735000000000003,0.10765250000000003,4.2,0.35000000000000053,0.12000000000000001,0.35000000000000053,0.09899999999999999
0.2674,0.10869250000000003,4.3500000000000005,0.35000000000000053,0.118,0.35000000000000053,0.09899999999999999
0.26745,0.10933750000000003,4.5,0.35000000000000053,0.117,0.35000000000000053,0.098
0.2675,0.10976750000000003,4.65,0.35000000000000053,0.115,0.35000000000000053,0.098
0.26755,0.10986750000000002,4.749999999999999,0.35000000000000053,0.114,0.35000000000000053,0.097
0.2676,0.10977250000000002,4.8999999999999995,0.35000000000000053,0.11299999999999999,0.35000000000000053,0.096
0.26765,0.11028000000000003,5.05,0.35000000000000053,0.111,0.35000000000000053,0.096
0.2677,0.11450000000000003,5.35,0.35000000000000053,0.11,0.35000000000000053,0.098
0.26775,0.11441500000000003,5.399999999999999,0.35000000000000053,0.10900000000000001,0.35000000000000053,0.098
0.26780000000000004,0.11394750000000003,5.549999999999999,0.35000000000000053,0.108,0.35000000000000053,0.098
0.26785000000000003,0.10938250000000002,5.5,0.35000000000000053,0.107,0.35000000000000053,0.094
0.2679,0.10822000000000002,5.6499999999999995,0.35000000000000053,0.106,0.35000000000000053,0.094
0.26795,0.10674000000000003,5.750000000000001,0.35000000000000053,0.10500000000000001,0.35000000000000053,0.094
0.268,0.10477000000000003,5.900000000000001,0.35000000000000053,0.104,0.35000000000000053,0.093
0.26805,0.10226250000000002,6.0,0.3000000000000007,0.104,0.3000000000000007,0.093
0.2681,0.09884750000000002,6.1,0.3000000000000007,0.103,0.3000000000000007,0.093
0.26815,0.09564500000000002,6.199999999999999,0.3000000000000007,0.102,0.3000000000000007,0.093
0.2682,0.09621250000000002,6.399999999999999,0.3000000000000007,0.102,0.3000000000000007,0.095
0.26825,0.09310250000000002,6.399999999999999,0.3000000000000007,0.101,0.3000000000000007,0.095
0.26830000000000004,0.08985500000000002,6.35,0.3000000000000007,0.1,0.3000000000000007,0.095
0.26835000000000003,0.08323250000000001,6.050000000000001,0.3000000000000007,0.1,0.3000000000000007,0.092
0.2684,0.08068250000000002,5.85,0.3000000000000007,0.09899999999999999,0.3000000000000007,0.092
0.26845,0.07841000000000002,5.65,0.3000000000000007,0.09899999999999999,0.3000000000000007,0.091
0.2685,0.07647000000000002,5.45,0.3000000000000007,0.09899999999999999,0.3000000000000007,0.091
0.26855,0.07469750000000001,5.300000000000001,0.3000000000000007,0.098,0.3000000000000007,0.091
0.2686,0.07310500000000002,5.2,0.3000000000000007,0.098,0.3000000000000007,0.091
0.26865,0.07166750000000002,5.1,0.3000000000000007,0.098,0.3000000000000007,0.091
0.2687,0.07386250000000003,5.15,0.3000000000000007,0.097,0.3000000000000007,0.093
0.26875,0.07263500000000002,5.050000000000001,0.3000000000000007,0.097,0.3000000000000007,0.093
0.26880000000000004,0.07146250000000001,4.95,0.3000000000000007,0.097,0.3000000000000007,0.092
0.26885000000000003,0.07037000000000002,4.9,0.3000000000000007,0.096,0.3000000000000007,0.092
0.26890000000000003,0.06583750000000002,4.699999999999999,0.3000000000000007,0.096,0.3000000000000007,0.09000000000000001
0.26895,0.06492000000000002,4.6499999999999995,0.3000000000000007,0.096,0.3000000000000007,0.089
0.269,0.06402750000000001,4.6000000000000005,0.3000000000000007,0.096,0.3000000000000007,0.089
0.26905,0.06315500000000002,4.55,0.3000000000000007,0.095,0.3000000000000007,0.089
0.2691,0.06228250000000002,4.5,0.3000000000000007,0.095,0.3000000000000007,0.089
0.26915,0.06147000000000002,4.45,0.3000000000000007,0.095,0.3000000000000007,0.089
0.2692,0.06373250000000001,4.55,0.3000000000000007,0.095,0.3000000000000007,0.091
0.26925,0.06264000000000002,4.5,0.3000000000000007,0.094,0.3000000000000007,0.091
0.26930000000000004,0.06104250000000001,4.3500000000000005,0.34999999999999964,0.094,0.0,0.0
0.26935000000000003,0.05905000000000001,4.2,0.3999999999999986,0.094,0.3999999999999986,0.089
0.26940000000000003,0.054945000000000015,3.95,0.3999999999999986,0.093,0.3999999999999986,0.091
0.26945,0.052697500000000015,3.75,0.3999999999999986,0.093,0.3999999999999986,0.093
0.2695,0.05065500000000001,3.6,0.3999999999999986,0.093,0.3999999999999986,0.093
0.26955,0.04905000000000001,3.4,0.3999999999999986,0.092,0.3999999999999986,0.092
0.2696,0.047867500000000014,3.25,0.3999999999999986,0.097,0.3999999999999986,0.097
0.26965,0.04723250000000001,3.05,0.3999999999999986,0.102,0.3999999999999986,0.102
0.2697,0.049990000000000014,2.8499999999999996,0.3999999999999986,0.11,0.3999999999999986,0.11
0.26975,0.05036750000000001,2.65,0.3999999999999986,0.11299999999999999,0.3999999999999986,0.11299999999999999
0.26980000000000004,0.05191750000000001,2.4999999999999996,0.3999999999999986,0.116,0.3999999999999986,0.115
0.26985000000000003,0.054765000000000015,2.3,0.3999999999999986,0.118,0.3999999999999986,0.116
0.26990000000000003,0.05433750000000001,2.15,0.34999999999999876,0.118,0.34999999999999876,0.11299999999999999
0.26995,0.058235000000000016,2.1,0.34999999999999876,0.12000000000000001,0.34999999999999876,0.11299999999999999
0.27,0.06252250000000002,2.25,0.34999999999999876,0.122,0.34999999999999876,0.112
0.27005,0.06686250000000002,2.3499999999999996,0.34999999999999876,0.12300000000000001,0.34999999999999876,0.112
0.2701,0.07129750000000001,2.4499999999999997,0.34999999999999876,0.124,0.34999999999999876,0.111
0.27015,0.07551750000000002,2.6,0.34999999999999876,0.125,0.34999999999999876,0.11
0.2702,0.07967250000000002,2.75,0.34999999999999876,0.125,0.34999999999999876,0.10900000000000001
0.27025,0.08831500000000002,3.0500000000000003,0.34999999999999876,0.126,0.34999999999999876,0.111
0.27030000000000004,0.09195750000000003,3.2,0.34999999999999876,0.126,0.34999999999999876,0.11
0.27035000000000003,0.09540000000000003,3.35,0.34999999999999876,0.125,0.34999999999999876,0.10900000000000001
0.27040000000000003,0.09401250000000003,3.35,0.34999999999999876,0.125,0.34999999999999876,0.10500000000000001
0.27045,0.09708250000000003,3.45,0.34999999999999876,0.125,0.34999999999999876,0.104
0.2705,0.09982750000000003,3.6,0.34999999999999876,0.124,0.34999999999999876,0.103
0.27055,0.10223250000000003,3.75,0.34999999999999876,0.12300000000000001,0.34999999999999876,0.102
0.2706,0.10427750000000002,3.9000000000000004,0.34999999999999876,0.122,0.34999999999999876,0.101
0.27065,0.10576000000000002,4.050000000000001,0.34999999999999876,0.121,0.34999999999999876,0.1
0.2707,0.10723750000000003,4.15,0.34999999999999876,0.12000000000000001,0.34999999999999876,0.1
0.27075,0.11254500000000003,4.45,0.34999999999999876,0.11900000000000001,0.34999999999999876,0.102
0.27080000000000004,0.11336000000000003,4.6000000000000005,0.34999999999999876,0.117,0.34999999999999876,0.102
0.27085000000000004,0.11378750000000003,4.750000000000001,0.34999999999999876,0.116,0.34999999999999876,0.101
0.27090000000000003,0.10993000000000003,4.750000000000001,0.34999999999999876,0.114,0.34999999999999876,0.097
0.27095,0.10985000000000003,4.85,0.34999999999999876,0.11299999999999999,0.34999999999999876,0.097
0.271,0.11004750000000003,5.0,0.34999999999999876,0.112,0.34999999999999876,0.096
0.27105,0.11042250000000003,5.1499999999999995,0.34999999999999876,0.111,0.34999999999999876,0.096
0.2711,0.11058000000000003,5.25,0.34999999999999876,0.10900000000000001,0.34999999999999876,0.095
0.27115,0.11024750000000003,5.3999999999999995,0.34999999999999876,0.108,0.34999999999999876,0.095
0.2712,0.10962750000000003,5.5,0.34999999999999876,0.107,0.34999999999999876,0.095
0.27125,0.11244750000000003,5.75,0.34999999999999876,0.106,0.34999999999999876,0.097
0.2713,0.11109750000000003,5.9,0.34999999999999876,0.10500000000000001,0.34999999999999876,0.097
0.27135000000000004,0.10927500000000002,6.0,0.34999999999999876,0.10500000000000001,0.34999999999999876,0.096
0.27140000000000003,0.10313750000000002,5.95,0.34999999999999876,0.104,0.34999999999999876,0.093
0.27145,0.10009750000000002,6.05,0.29999999999999893,0.103,0.29999999999999893,0.093
0.2715,0.09663000000000002,6.1499999999999995,0.29999999999999893,0.102,0.29999999999999893,0.093
0.27155,0.09362500000000003,6.2,0.29999999999999893,0.102,0.29999999999999893,0.093
0.2716,0.09049500000000002,6.249999999999999,0.29999999999999893,0.101,0.29999999999999893,0.092
0.27165,0.08733750000000003,6.25,0.29999999999999893,0.101,0.29999999999999893,0.092
0.2717,0.08418250000000002,6.1,0.29999999999999893,0.1,0.29999999999999893,0.092
0.27175,0.08505000000000001,6.05,0.29999999999999893,0.09899999999999999,0.29999999999999893,0.094
0.2718,0.08273750000000002,5.85,0.29999999999999893,0.09899999999999999,0.29999999999999893,0.094
0.27185000000000004,0.08069750000000002,5.65,0.29999999999999893,0.09899999999999999,0.29999999999999893,0.094
0.27190000000000003,0.07527250000000002,5.35,0.29999999999999893,0.098,0.29999999999999893,0.091
0.27195,0.07363000000000001,5.25,0.29999999999999893,0.098,0.29999999999999893,0.091
0.272,0.07214000000000002,5.1,0.29999999999999893,0.098,0.29999999999999893,0.091
0.27205,0.07074500000000002,5.0,0.29999999999999893,0.097,0.29999999999999893,0.09000000000000001
0.2721,0.06947750000000001,4.950000000000001,0.29999999999999893,0.097,0.29999999999999893,0.09000000000000001
0.27215,0.06829000000000002,4.8500000000000005,0.29999999999999893,0.097,0.29999999999999893,0.09000000000000001
0.2722,0.06724000000000002,4.799999999999999,0.29999999999999893,0.096,0.29999999999999893,0.09000000000000001
0.27225,0.06963500000000002,4.85,0.29999999999999893,0.096,0.29999999999999893,0.092
0.2723,0.06870500000000002,4.800000000000001,0.29999999999999893,0.096,0.29999999999999893,0.092
0.27235000000000004,0.06776500000000002,4.749999999999999,0.29999999999999893,0.096,0.29999999999999893,0.092
0.27240000000000003,0.06342750000000001,4.549999999999999,0.29999999999999893,0.095,0.29999999999999893,0.089
0.27245,0.06257000000000001,4.499999999999999,0.29999999999999893,0.095,0.29999999999999893,0.089
0.2725,0.061717500000000015,4.449999999999999,0.29999999999999893,0.095,0.29999999999999893,0.089
0.27255,0.06086750000000001,4.4,0.29999999999999893,0.095,0.29999999999999893,0.089
0.2726,0.05994250000000002,4.3500000000000005,0.29999999999999893,0.094,0.29999999999999893,0.088
0.27265,0.05891250000000001,4.3500000000000005,0.29999999999999893,0.094,0.0,0.0
0.2727,0.05767000000000001,4.249999999999999,0.3500000000000014,0.094,0.3500000000000014,0.08399999999999999
0.27275,0.05753750000000001,3.999999999999999,0.40000000000000036,0.094,0.40000000000000036,0.091
0.2728,0.055272500000000016,3.8499999999999996,0.40000000000000036,0.093,0.40000000000000036,0.093
0.27285000000000004,0.05323500000000001,3.6499999999999995,0.40000000000000036,0.093,0.40000000000000036,0.093
0.27290000000000003,0.049540000000000015,3.45,0.40000000000000036,0.092,0.40000000000000036,0.092
0.27295,0.04816750000000001,3.3,0.40000000000000036,0.096,0.40000000000000036,0.096
0.273,0.04736250000000001,3.0999999999999996,0.40000000000000036,0.101,0.40000000000000036,0.101
0.27305,0.04708250000000001,2.9000000000000004,0.40000000000000036,0.10500000000000001,0.40000000000000036,0.10500000000000001
0.2731,0.047132500000000015,2.700000000000001,0.40000000000000036,0.10900000000000001,0.40000000000000036,0.10900000000000001
0.27315,0.04793250000000001,2.5500000000000007,0.40000000000000036,0.112,0.40000000000000036,0.111
0.2732,0.049887500000000015,2.3500000000000005,0.40000000000000036,0.115,0.40000000000000036,0.11299999999999999
0.27325,0.057282500000000014,2.200000000000001,0.34999999999999964,0.11900000000000001,0.34999999999999964,0.116
0.2733,0.06167250000000001,2.200000000000001,0.34999999999999964,0.121,0.34999999999999964,0.116
0.27335000000000004,0.06601250000000002,2.3000000000000007,0.34999999999999964,0.122,0.34999999999999964,0.116
0.27340000000000003,0.06539000000000002,2.3000000000000007,0.34999999999999964,0.122,0.34999999999999964,0.112
0.27345,0.06983750000000001,2.450000000000001,0.34999999999999964,0.124,0.34999999999999964,0.111
0.2735,0.07409500000000002,2.55,0.34999999999999964,0.124,0.34999999999999964,0.11
0.27355,0.07831250000000002,2.7,0.34999999999999964,0.125,0.34999999999999964,0.10900000000000001
0.2736,0.08225500000000002,2.8499999999999996,0.34999999999999964,0.125,0.34999999999999964,0.108
0.27365,0.08599000000000002,3.0,0.34999999999999964,0.126,0.34999999999999964,0.107
0.2737,0.08960750000000002,3.1499999999999995,0.34999999999999964,0.126,0.34999999999999964,0.106
0.27375,0.09750250000000002,3.4499999999999993,0.34999999999999964,0.125,0.34999999999999964,0.108
0.2738,0.10062250000000003,3.5500000000000007,0.34999999999999964,0.125,0.34999999999999964,0.107
0.27385000000000004,0.10341500000000002,3.700000000000001,0.34999999999999964,0.124,0.34999999999999964,0.106
0.27390000000000003,0.10146750000000003,3.700000000000001,0.34999999999999964,0.124,0.34999999999999964,0.102
0.27395,0.10366500000000002,3.8500000000000005,0.34999999999999964,0.12300000000000001,0.34999999999999964,0.101
0.274,0.10523750000000003,4.000000000000001,0.34999999999999964,0.122,0.34999999999999964,0.101
0.27405,0.10673500000000002,4.150000000000001,0.34999999999999964,0.12000000000000001,0.34999999999999964,0.1
0.2741,0.10804500000000003,4.250000000000001,0.34999999999999964,0.11900000000000001,0.34999999999999964,0.09899999999999999
0.27415,0.10895500000000002,4.4,0.34999999999999964,0.118,0.34999999999999964,0.09899999999999999
0.2742,0.10952250000000002,4.550000000000001,0.34999999999999964,0.116,0.34999999999999964,0.098
0.27425,0.11393250000000003,4.8500000000000005,0.34999999999999964,0.115,0.34999999999999964,0.101
0.2743,0.11391000000000003,4.95,0.34999999999999964,0.11299999999999999,0.34999999999999964,0.1
0.27435000000000004,0.11398500000000003,5.1,0.34999999999999964,0.112,0.34999999999999964,0.09899999999999999
0.27440000000000003,0.11036250000000003,5.1,0.34999999999999964,0.111,0.34999999999999964,0.096
0.27445,0.11061250000000003,5.199999999999999,0.34999999999999964,0.11,0.34999999999999964,0.095
0.2745,0.11036750000000002,5.349999999999999,0.34999999999999964,0.10900000000000001,0.34999999999999964,0.095
0.27455,0.10986750000000002,5.449999999999999,0.34999999999999964,0.108,0.34999999999999964,0.095
0.2746,0.10901000000000002,5.55,0.34999999999999964,0.107,0.34999999999999964,0.094
0.27465,0.10777500000000002,5.7,0.34999999999999964,0.106,0.34999999999999964,0.094
0.2747,0.10610750000000002,5.800000000000001,0.34999999999999964,0.10500000000000001,0.34999999999999964,0.094
0.27475,0.10771250000000003,6.100000000000001,0.34999999999999964,0.104,0.34999999999999964,0.096
0.2748,0.10487250000000002,6.200000000000001,0.2999999999999998,0.103,0.2999999999999998,0.096
0.27485000000000004,0.10142500000000003,6.249999999999999,0.2999999999999998,0.103,0.2999999999999998,0.096
0.27490000000000003,0.09460000000000002,6.2,0.2999999999999998,0.102,0.2999999999999998,0.093
0.27495,0.09153500000000002,6.25,0.2999999999999998,0.101,0.2999999999999998,0.092
0.275,0.08839500000000003,6.25,0.2999999999999998,0.101,0.2999999999999998,0.092
0.27505,0.08518500000000002,6.15,0.2999999999999998,0.1,0.2999999999999998,0.092
0.2751,0.08232000000000002,5.999999999999999,0.2999999999999998,0.1,0.2999999999999998,0.092
0.27515,0.07988250000000002,5.75,0.2999999999999998,0.09899999999999999,0.2999999999999998,0.091
0.2752,0.07776250000000003,5.550000000000001,0.2999999999999998,0.09899999999999999,0.2999999999999998,0.091
0.27525,0.07939000000000002,5.549999999999999,0.2999999999999998,0.098,0.2999999999999998,0.094
0.2753,0.07774000000000002,5.3999999999999995,0.2999999999999998,0.098,0.2999999999999998,0.093
0.27535000000000004,0.07615750000000002,5.300000000000001,0.2999999999999998,0.098,0.2999999999999998,0.093
0.27540000000000003,0.07474250000000002,5.200000000000001,0.2999999999999998,0.097,0.2999999999999998,0.093
0.27545000000000003,0.06990750000000001,4.949999999999999,0.2999999999999998,0.097,0.2999999999999998,0.09000000000000001
0.2755,0.06869250000000002,4.9,0.2999999999999998,0.097,0.2999999999999998,0.09000000000000001
0.27555,0.06759500000000002,4.800000000000001,0.2999999999999998,0.097,0.2999999999999998,0.09000000000000001
0.2756,0.06654500000000002,4.75,0.2999999999999998,0.096,0.2999999999999998,0.09000000000000001
0.27565,0.06553750000000001,4.65,0.2999999999999998,0.096,0.2999999999999998,0.09000000000000001
0.2757,0.06457250000000002,4.6,0.2999999999999998,0.096,0.2999999999999998,0.089
0.27575,0.06712250000000002,4.7,0.2999999999999998,0.095,0.2999999999999998,0.092
0.2758,0.06623750000000002,4.65,0.2999999999999998,0.095,0.2999999999999998,0.091
0.27585000000000004,0.06534500000000001,4.6,0.2999999999999998,0.095,0.2999999999999998,0.091
0.27590000000000003,0.06437250000000001,4.55,0.2999999999999998,0.095,0.2999999999999998,0.091
0.27595000000000003,0.060252500000000014,4.3999999999999995,0.2999999999999998,0.094,0.2999999999999998,0.088
0.276,0.05927000000000002,4.35,0.2999999999999998,0.094,0.2999999999999998,0.088
0.27605,0.05815500000000001,4.300000000000001,0.2999999999999998,0.094,0.2999999999999998,0.081
0.2761,0.056415000000000014,4.1000000000000005,0.39999999999999947,0.094,0.39999999999999947,0.088
0.27615,0.054190000000000016,3.9,0.39999999999999947,0.093,0.39999999999999947,0.092
0.2762,0.052010000000000015,3.7,0.39999999999999947,0.093,0.39999999999999947,0.093
0.27625,0.052072500000000015,3.55,0.39999999999999947,0.094,0.39999999999999947,0.094
0.2763,0.05081250000000001,3.35,0.39999999999999947,0.09899999999999999,0.39999999999999947,0.09899999999999999
0.27635000000000004,0.050130000000000015,3.1500000000000004,0.39999999999999947,0.104,0.39999999999999947,0.104
0.27640000000000003,0.04993000000000001,3.0,0.39999999999999947,0.108,0.39999999999999947,0.108
0.27645000000000003,0.04709250000000001,2.75,0.39999999999999947,0.108,0.39999999999999947,0.108
0.2765,0.04754750000000001,2.6,0.39999999999999947,0.111,0.39999999999999947,0.111
0.27655,0.04919000000000001,2.4499999999999997,0.39999999999999947,0.114,0.39999999999999947,0.112
0.2766,0.05183500000000001,2.25,0.34999999999999964,0.117,0.34999999999999964,0.11299999999999999
0.27665,0.05555750000000002,2.1,0.34999999999999964,0.11900000000000001,0.34999999999999964,0.11299999999999999
0.2767,0.05966000000000001,2.15,0.34999999999999964,0.12000000000000001,0.34999999999999964,0.11299999999999999
0.27675,0.06894750000000002,2.4,0.34999999999999964,0.12300000000000001,0.34999999999999964,0.115
0.2768,0.07331500000000002,2.55,0.34999999999999964,0.124,0.34999999999999964,0.115
0.27685000000000004,0.07763250000000002,2.65,0.34999999999999964,0.125,0.34999999999999964,0.114
0.27690000000000003,0.08179000000000002,2.8,0.34999999999999964,0.125,0.34999999999999964,0.11299999999999999
0.27695000000000003,0.08098250000000003,2.8,0.34999999999999964,0.125,0.34999999999999964,0.108
0.277,0.08481500000000002,2.9499999999999997,0.34999999999999964,0.126,0.34999999999999964,0.107
0.27705,0.08844500000000002,3.1,0.34999999999999964,0.126,0.34999999999999964,0.106
0.2771,0.09186000000000002,3.25,0.34999999999999964,0.125,0.34999999999999964,0.10500000000000001
0.27715,0.09504500000000002,3.4,0.34999999999999964,0.125,0.34999999999999964,0.104
0.2772,0.09803250000000002,3.5000000000000004,0.34999999999999964,0.125,0.34999999999999964,0.103
0.27725,0.10068250000000002,3.6500000000000004,0.34999999999999964,0.124,0.34999999999999964,0.102
0.2773,0.10737500000000003,3.95,0.34999999999999964,0.12300000000000001,0.34999999999999964,0.10500000000000001
0.27735000000000004,0.10904250000000003,4.1000000000000005,0.34999999999999964,0.122,0.34999999999999964,0.104
0.27740000000000004,0.11058500000000003,4.25,0.34999999999999964,0.121,0.34999999999999964,0.103
0.27745000000000003,0.10765250000000003,4.2,0.34999999999999964,0.12000000000000001,0.34999999999999964,0.09899999999999999
0.2775,0.10869250000000003,4.3500000000000005,0.34999999999999964,0.118,0.34999999999999964,0.09899999999999999
0.27755,0.10933750000000003,4.5,0.34999999999999964,0.117,0.34999999999999964,0.098
0.2776,0.10976750000000003,4.65,0.34999999999999964,0.115,0.34999999999999964,0.098
0.27765,0.10986750000000002,4.749999999999999,0.34999999999999964,0.114,0.34999999999999964,0.097
0.2777,0.10977250000000002,4.8999999999999995,0.34999999999999964,0.11299999999999999,0.34999999999999964,0.096
0.27775,0.11028250000000003,5.05,0.34999999999999964,0.111,0.34999999999999964,0.096
0.2778,0.11450250000000003,5.35,0.34999999999999964,0.11,0.34999999999999964,0.098
0.27785,0.11441500000000003,5.3999999999999995,0.34999999999999964,0.10900000000000001,0.34999999999999964,0.098
0.27790000000000004,0.11394750000000003,5.55,0.34999999999999964,0.108,0.34999999999999964,0.098
0.27795000000000003,0.10938250000000002,5.5,0.34999999999999964,0.107,0.34999999999999964,0.094
0.278,0.10822000000000002,5.6499999999999995,0.34999999999999964,0.106,0.34999999999999964,0.094
0.27805,0.10674000000000003,5.75,0.34999999999999964,0.10500000000000001,0.34999999999999964,0.094
0.2781,0.10477000000000003,5.9,0.34999999999999964,0.104,0.34999999999999964,0.093
0.27815,0.10226250000000002,6.0,0.29999999999999893,0.104,0.29999999999999893,0.093
0.2782,0.09884750000000002,6.1,0.29999999999999893,0.103,0.29999999999999893,0.093
0.27825,0.09564500000000002,6.199999999999999,0.29999999999999893,0.102,0.29999999999999893,0.093
0.2783,0.09621250000000002,6.3999999999999995,0.29999999999999893,0.102,0.29999999999999893,0.095
0.27835,0.09310250000000002,6.4,0.29999999999999893,0.101,0.29999999999999893,0.095
0.27840000000000004,0.08985500000000002,6.35,0.29999999999999893,0.1,0.29999999999999893,0.095
0.27845000000000003,0.08323250000000001,6.05,0.29999999999999893,0.1,0.29999999999999893,0.092
0.2785,0.08068250000000002,5.8500000000000005,0.29999999999999893,0.09899999999999999,0.29999999999999893,0.092
0.27855,0.07841000000000002,5.65,0.29999999999999893,0.09899999999999999,0.29999999999999893,0.091
0.2786,0.07647000000000002,5.45,0.29999999999999893,0.09899999999999999,0.29999999999999893,0.091
0.27865,0.07469750000000001,5.299999999999999,0.29999999999999893,0.098,0.29999999999999893,0.091
0.2787,0.07310500000000002,5.2,0.29999999999999893,0.098,0.29999999999999893,0.091
0.27875,0.07166750000000002,5.099999999999998,0.29999999999999893,0.098,0.29999999999999893,0.091
0.2788,0.07386250000000003,5.1499999999999995,0.29999999999999893,0.097,0.29999999999999893,0.093
0.27885,0.07263500000000002,5.049999999999999,0.29999999999999893,0.097,0.29999999999999893,0.093
0.27890000000000004,0.07146250000000001,4.95,0.29999999999999893,0.097,0.29999999999999893,0.092
0.27895000000000003,0.06689250000000002,4.75,0.29999999999999893,0.096,0.29999999999999893,0.09000000000000001
0.279,0.06583750000000002,4.7,0.29999999999999893,0.096,0.29999999999999893,0.09000000000000001
0.27905,0.06492000000000002,4.65,0.29999999999999893,0.096,0.29999999999999893,0.089
0.2791,0.06402750000000001,4.6,0.29999999999999893,0.096,0.29999999999999893,0.089
0.27915,0.06315500000000002,4.550000000000002,0.29999999999999893,0.095,0.29999999999999893,0.089
0.2792,0.062285000000000014,4.5,0.29999999999999893,0.095,0.29999999999999893,0.089
0.27925,0.06147250000000001,4.45,0.29999999999999893,0.095,0.29999999999999893,0.089
0.2793,0.06373250000000001,4.550000000000001,0.29999999999999893,0.095,0.29999999999999893,0.091
0.27935,0.06264000000000002,4.5,0.29999999999999893,0.094,0.29999999999999893,0.091
0.27940000000000004,0.06104250000000001,4.349999999999999,0.34999999999999964,0.094,0.0,0.0
0.27945000000000003,0.057060000000000013,4.199999999999998,0.34999999999999964,0.094,0.34999999999999964,0.08600000000000001
0.2795,0.054945000000000015,3.9499999999999993,0.3999999999999986,0.093,0.3999999999999986,0.091
0.27955,0.052697500000000015,3.75,0.3999999999999986,0.093,0.3999999999999986,0.093
0.2796,0.05065500000000001,3.5999999999999996,0.3999999999999986,0.093,0.3999999999999986,0.093
0.27965,0.04905000000000001,3.3999999999999995,0.3999999999999986,0.092,0.3999999999999986,0.092
0.2797,0.047867500000000014,3.249999999999999,0.3999999999999986,0.097,0.3999999999999986,0.097
0.27975,0.04723250000000001,3.05,0.3999999999999986,0.102,0.3999999999999986,0.102
0.2798,0.049990000000000014,2.8500000000000005,0.3999999999999986,0.11,0.3999999999999986,0.11
0.27985,0.05036750000000001,2.6500000000000004,0.3999999999999986,0.11299999999999999,0.3999999999999986,0.11299999999999999
0.27990000000000004,0.05191750000000001,2.5,0.3999999999999986,0.116,0.3999999999999986,0.115
0.27995000000000003,0.050747500000000015,2.3000000000000007,0.3999999999999986,0.116,0.3999999999999986,0.11299999999999999
0.28,0.05433750000000001,2.1500000000000004,0.34999999999999964,0.118,0.34999999999999964,0.11299999999999999
0.28005,0.058235000000000016,2.1000000000000005,0.34999999999999964,0.12000000000000001,0.34999999999999964,0.11299999999999999
0.2801,0.06252250000000002,2.250000000000001,0.34999999999999964,0.122,0.34999999999999964,0.112
0.28015,0.06686250000000002,2.3500000000000005,0.34999999999999964,0.12300000000000001,0.34999999999999964,0.112
0.2802,0.07129750000000001,2.4499999999999993,0.34999999999999964,0.124,0.34999999999999964,0.111
0.28025,0.07551750000000002,2.5999999999999996,0.34999999999999964,0.125,0.34999999999999964,0.11
0.2803,0.08450250000000002,2.8999999999999995,0.34999999999999964,0.125,0.34999999999999964,0.112
0.28035,0.08831500000000002,3.0500000000000007,0.34999999999999964,0.126,0.34999999999999964,0.111
0.28040000000000004,0.09195750000000003,3.2,0.34999999999999964,0.126,0.34999999999999964,0.11
0.28045000000000003,0.09076750000000003,3.2,0.34999999999999964,0.125,0.34999999999999964,0.10500000000000001
0.2805,0.09401250000000003,3.3500000000000005,0.34999999999999964,0.125,0.34999999999999964,0.10500000000000001
0.28055,0.09708250000000003,3.450000000000001,0.34999999999999964,0.125,0.34999999999999964,0.104
0.2806,0.09982750000000003,3.6000000000000014,0.34999999999999964,0.124,0.34999999999999964,0.103
0.28065,0.10223250000000003,3.750000000000001,0.34999999999999964,0.12300000000000001,0.34999999999999964,0.102
0.2807,0.10427750000000002,3.9000000000000012,0.34999999999999964,0.122,0.34999999999999964,0.101
0.28075,0.10576000000000002,4.050000000000002,0.34999999999999964,0.121,0.34999999999999964,0.1
0.2808,0.11149000000000003,4.300000000000001,0.34999999999999964,0.12000000000000001,0.34999999999999964,0.103
0.28085,0.11254500000000003,4.45,0.34999999999999964,0.11900000000000001,0.34999999999999964,0.102
0.28090000000000004,0.11336000000000003,4.6000000000000005,0.34999999999999964,0.117,0.34999999999999964,0.102
0.28095000000000003,0.10965250000000003,4.6000000000000005,0.34999999999999964,0.116,0.34999999999999964,0.098
0.281,0.10993000000000003,4.75,0.34999999999999964,0.114,0.34999999999999964,0.097
0.28105,0.10985000000000003,4.85,0.34999999999999964,0.11299999999999999,0.34999999999999964,0.097
0.2811,0.11004750000000003,4.999999999999999,0.34999999999999964,0.112,0.34999999999999964,0.096
0.28115,0.11042250000000003,5.1499999999999995,0.34999999999999964,0.111,0.34999999999999964,0.096
0.2812,0.11058000000000003,5.249999999999999,0.34999999999999964,0.10900000000000001,0.34999999999999964,0.095
0.28125,0.11024750000000003,5.399999999999999,0.34999999999999964,0.108,0.34999999999999964,0.095
0.2813,0.11347750000000002,5.649999999999999,0.34999999999999964,0.107,0.34999999999999964,0.097
0.28135,0.11244750000000003,5.75,0.34999999999999964,0.106,0.34999999999999964,0.097
0.28140000000000004,0.11109750000000003,5.9,0.34999999999999964,0.10500000000000001,0.34999999999999964,0.097
0.28145000000000003,0.10927500000000002,6.000000000000001,0.34999999999999964,0.10500000000000001,0.34999999999999964,0.096
0.28150000000000003,0.10313750000000002,5.95,0.34999999999999964,0.104,0.34999999999999964,0.093
0.28155,0.10010000000000002,6.049999999999999,0.3000000000000007,0.103,0.3000000000000007,0.093
0.2816,0.09663000000000002,6.149999999999999,0.3000000000000007,0.102,0.3000000000000007,0.093
0.28165,0.09362500000000003,6.199999999999999,0.3000000000000007,0.102,0.3000000000000007,0.093
0.2817,0.09049500000000002,6.250000000000002,0.3000000000000007,0.101,0.3000000000000007,0.092
0.28175,0.08733750000000003,6.25,0.3000000000000007,0.101,0.3000000000000007,0.092
0.2818,0.08778250000000003,6.25,0.3000000000000007,0.1,0.3000000000000007,0.094
0.28185,0.08505000000000001,6.050000000000001,0.3000000000000007,0.09899999999999999,0.3000000000000007,0.094
0.28190000000000004,0.08273750000000002,5.850000000000001,0.3000000000000007,0.09899999999999999,0.3000000000000007,0.094
0.28195000000000003,0.08069750000000002,5.6499999999999995,0.3000000000000007,0.09899999999999999,0.3000000000000007,0.094
0.28200000000000003,0.07527250000000002,5.3500000000000005,0.3000000000000007,0.098,0.3000000000000007,0.091
0.28205,0.07363000000000001,5.25,0.3000000000000007,0.098,0.3000000000000007,0.091
0.2821,0.07214000000000002,5.1,0.3000000000000007,0.098,0.3000000000000007,0.091
0.28215,0.07074500000000002,5.0,0.3000000000000007,0.097,0.3000000000000007,0.09000000000000001
0.2822,0.06947750000000001,4.950000000000001,0.3000000000000007,0.097,0.3000000000000007,0.09000000000000001
0.28225,0.06829000000000002,4.85,0.3000000000000007,0.097,0.3000000000000007,0.09000000000000001
0.2823,0.07070500000000002,4.950000000000001,0.3000000000000007,0.096,0.3000000000000007,0.092
0.28235,0.06963750000000002,4.8500000000000005,0.3000000000000007,0.096,0.3000000000000007,0.092
0.28240000000000004,0.06870500000000002,4.8,0.3000000000000007,0.096,0.3000000000000007,0.092
0.28245000000000003,0.06776500000000002,4.75,0.3000000000000007,0.096,0.3000000000000007,0.092
0.28250000000000003,0.06342750000000001,4.55,0.3000000000000007,0.095,0.3000000000000007,0.089
0.28255,0.06257250000000002,4.5,0.3000000000000007,0.095,0.3000000000000007,0.089
0.2826,0.061717500000000015,4.45,0.3000000000000007,0.095,0.3000000000000007,0.089
0.28265,0.06086750000000001,4.3999999999999995,0.3000000000000007,0.095,0.3000000000000007,0.089
0.2827,0.05994250000000002,4.3500000000000005,0.3000000000000007,0.094,0.3000000000000007,0.088
0.28275,0.05891250000000001,4.35,0.3000000000000007,0.094,0.0,0.0
0.2828,0.059787500000000014,4.250000000000001,0.40000000000000213,0.094,0.40000000000000213,0.087
0.28285,0.05753750000000001,4.0,0.40000000000000213,0.094,0.40000000000000213,0.091
0.28290000000000004,0.055272500000000016,3.85,0.40000000000000213,0.093,0.40000000000000213,0.093
0.28295000000000003,0.05323500000000001,3.6500000000000004,0.40000000000000213,0.093,0.40000000000000213,0.093
0.28300000000000003,0.049540000000000015,3.45,0.40000000000000213,0.092,0.40000000000000213,0.092
0.28305,0.04816750000000001,3.3000000000000003,0.40000000000000213,0.096,0.40000000000000213,0.096
0.2831,0.04736250000000001,3.1,0.40000000000000213,0.101,0.40000000000000213,0.101
0.28315,0.04708250000000001,2.9,0.40000000000000213,0.10500000000000001,0.40000000000000213,0.10500000000000001
0.2832,0.047132500000000015,2.6999999999999997,0.40000000000000213,0.10900000000000001,0.40000000000000213,0.10900000000000001
0.28325,0.04793250000000001,2.55,0.40000000000000213,0.112,0.40000000000000213,0.111
0.2833,0.053745000000000015,2.3499999999999996,0.40000000000000213,0.117,0.40000000000000213,0.116
0.28335,0.057282500000000014,2.1999999999999997,0.34999999999999964,0.11900000000000001,0.34999999999999964,0.116
0.28340000000000004,0.06167250000000001,2.1999999999999997,0.34999999999999964,0.121,0.34999999999999964,0.116
0.28345000000000004,0.06601250000000002,2.3,0.34999999999999964,0.122,0.34999999999999964,0.116
0.28350000000000003,0.06539000000000002,2.3,0.34999999999999964,0.122,0.34999999999999964,0.112
0.28355,0.06983750000000001,2.4499999999999997,0.34999999999999964,0.124,0.34999999999999964,0.111
0.2836,0.07409500000000002,2.5500000000000003,0.34999999999999964,0.124,0.34999999999999964,0.11
0.28365,0.07831250000000002,2.7,0.34999999999999964,0.125,0.34999999999999964,0.10900000000000001
0.2837,0.08225500000000002,2.85,0.34999999999999964,0.125,0.34999999999999964,0.108
0.28375,0.08599000000000002,3.0,0.34999999999999964,0.126,0.34999999999999964,0.107
0.2838,0.08960750000000002,3.15,0.34999999999999964,0.126,0.34999999999999964,0.106
0.28385,0.09750250000000002,3.4499999999999997,0.34999999999999964,0.125,0.34999999999999964,0.108
0.28390000000000004,0.10062250000000003,3.5500000000000003,0.34999999999999964,0.125,0.34999999999999964,0.107
0.28395000000000004,0.10341750000000002,3.7,0.34999999999999964,0.124,0.34999999999999964,0.106
0.28400000000000003,0.10146750000000003,3.7,0.34999999999999964,0.124,0.34999999999999964,0.102
0.28405,0.10366500000000002,3.85,0.34999999999999964,0.12300000000000001,0.34999999999999964,0.101
0.2841,0.10523750000000003,4.0,0.34999999999999964,0.122,0.34999999999999964,0.101
0.28415,0.10673500000000002,4.15,0.34999999999999964,0.12000000000000001,0.34999999999999964,0.1
0.2842,0.10804500000000003,4.25,0.34999999999999964,0.11900000000000001,0.34999999999999964,0.09899999999999999
0.28425,0.10895500000000002,4.4,0.34999999999999964,0.118,0.34999999999999964,0.09899999999999999
0.2843,0.10952250000000002,4.55,0.34999999999999964,0.116,0.34999999999999964,0.098
0.28435,0.11393250000000003,4.8500000000000005,0.34999999999999964,0.115,0.34999999999999964,0.101
0.2844,0.11391000000000003,4.95,0.34999999999999964,0.11299999999999999,0.34999999999999964,0.1
0.28445000000000004,0.11398500000000003,5.1,0.34999999999999964,0.112,0.34999999999999964,0.09899999999999999
0.28450000000000003,0.11036250000000003,5.1,0.34999999999999964,0.111,0.34999999999999964,0.096
0.28455,0.11061500000000003,5.2,0.34999999999999964,0.11,0.34999999999999964,0.095
0.2846,0.11036750000000002,5.35,0.34999999999999964,0.10900000000000001,0.34999999999999964,0.095
0.28465,0.10986750000000002,5.449999999999999,0.34999999999999964,0.108,0.34999999999999964,0.095
0.2847,0.10901000000000002,5.55,0.34999999999999964,0.107,0.34999999999999964,0.094
0.28475,0.10777500000000002,5.7,0.34999999999999964,0.106,0.34999999999999964,0.094
0.2848,0.10610750000000002,5.800000000000001,0.34999999999999964,0.10500000000000001,0.34999999999999964,0.094
0.28485,0.10771250000000003,6.1000000000000005,0.34999999999999964,0.104,0.34999999999999964,0.096
0.2849,0.10487250000000002,6.200000000000001,0.3000000000000007,0.103,0.3000000000000007,0.096
0.28495000000000004,0.10142500000000003,6.25,0.3000000000000007,0.103,0.3000000000000007,0.096
0.28500000000000003,0.09460000000000002,6.2,0.3000000000000007,0.102,0.3000000000000007,0.093
0.28505,0.09153500000000002,6.250000000000001,0.3000000000000007,0.101,0.3000000000000007,0.092
0.2851,0.08839500000000003,6.25,0.3000000000000007,0.101,0.3000000000000007,0.092
0.28515,0.08518500000000002,6.15,0.3000000000000007,0.1,0.3000000000000007,0.092
0.2852,0.08232000000000002,6.0,0.3000000000000007,0.1,0.3000000000000007,0.092
0.28525,0.07988250000000002,5.75,0.3000000000000007,0.09899999999999999,0.3000000000000007,0.091
0.2853,0.07776250000000003,5.549999999999999,0.3000000000000007,0.09899999999999999,0.3000000000000007,0.091
0.28535,0.07939000000000002,5.550000000000001,0.3000000000000007,0.098,0.3000000000000007,0.094
0.2854,0.07774000000000002,5.4,0.3000000000000007,0.098,0.3000000000000007,0.093
0.28545000000000004,0.07615750000000002,5.300000000000001,0.3000000000000007,0.098,0.3000000000000007,0.093
0.28550000000000003,0.07120250000000002,5.050000000000001,0.3000000000000007,0.097,0.3000000000000007,0.09000000000000001
0.28555,0.06990750000000001,4.949999999999999,0.3000000000000007,0.097,0.3000000000000007,0.09000000000000001
0.2856,0.06869250000000002,4.9,0.3000000000000007,0.097,0.3000000000000007,0.09000000000000001
0.28565,0.06759500000000002,4.800000000000001,0.3000000000000007,0.097,0.3000000000000007,0.09000000000000001
0.2857,0.06654500000000002,4.750000000000001,0.3000000000000007,0.096,0.3000000000000007,0.09000000000000001
0.28575,0.06553750000000001,4.6499999999999995,0.3000000000000007,0.096,0.3000000000000007,0.09000000000000001
0.2858,0.06457250000000002,4.6,0.3000000000000007,0.096,0.3000000000000007,0.089
0.28585,0.06712250000000002,4.7,0.3000000000000007,0.095,0.3000000000000007,0.092
0.2859,0.06623750000000002,4.6499999999999995,0.3000000000000007,0.095,0.3000000000000007,0.091
0.28595000000000004,0.06534750000000002,4.6000000000000005,0.3000000000000007,0.095,0.3000000000000007,0.091
0.28600000000000003,0.061170000000000016,4.400000000000001,0.3000000000000007,0.095,0.3000000000000007,0.089
0.28605,0.060252500000000014,4.3999999999999995,0.3000000000000007,0.094,0.3000000000000007,0.088
0.2861,0.05927000000000002,4.3500000000000005,0.3000000000000007,0.094,0.3000000000000007,0.088
0.28615,0.05815500000000001,4.299999999999998,0.3000000000000007,0.094,0.3000000000000007,0.081
0.2862,0.056415000000000014,4.099999999999999,0.40000000000000036,0.094,0.40000000000000036,0.088
0.28625,0.054190000000000016,3.8999999999999995,0.40000000000000036,0.093,0.40000000000000036,0.092
0.2863,0.052010000000000015,3.6999999999999993,0.40000000000000036,0.093,0.40000000000000036,0.093
0.28635,0.052072500000000015,3.549999999999999,0.40000000000000036,0.094,0.40000000000000036,0.094
0.2864,0.05081250000000001,3.3499999999999996,0.40000000000000036,0.09899999999999999,0.40000000000000036,0.09899999999999999
0.28645000000000004,0.050130000000000015,3.1500000000000004,0.40000000000000036,0.104,0.40000000000000036,0.104
0.28650000000000003,0.047117500000000014,2.999999999999999,0.40000000000000036,0.104,0.40000000000000036,0.104
0.28655,0.04709250000000001,2.8000000000000007,0.40000000000000036,0.108,0.40000000000000036,0.108
0.2866,0.04754750000000001,2.6000000000000005,0.40000000000000036,0.111,0.40000000000000036,0.111
0.28665,0.04919000000000001,2.450000000000001,0.40000000000000036,0.114,0.40000000000000036,0.112
0.2867,0.05183500000000001,2.250000000000001,0.34999999999999964,0.117,0.34999999999999964,0.11299999999999999
0.28675,0.05555750000000002,2.1000000000000005,0.34999999999999964,0.11900000000000001,0.34999999999999964,0.11299999999999999
0.2868,0.05966000000000001,2.1500000000000004,0.34999999999999964,0.12000000000000001,0.34999999999999964,0.11299999999999999
0.28685,0.06894750000000002,2.4000000000000012,0.34999999999999964,0.12300000000000001,0.34999999999999964,0.115
0.2869,0.07331500000000002,2.5500000000000007,0.34999999999999964,0.124,0.34999999999999964,0.115
0.28695000000000004,0.07763250000000002,2.6500000000000004,0.34999999999999964,0.125,0.34999999999999964,0.114
0.28700000000000003,0.07692000000000002,2.6500000000000004,0.34999999999999964,0.125,0.34999999999999964,0.10900000000000001
0.28705,0.08098250000000003,2.8,0.34999999999999964,0.125,0.34999999999999964,0.108
0.2871,0.08481500000000002,2.95,0.34999999999999964,0.126,0.34999999999999964,0.107
0.28715,0.08844500000000002,3.1000000000000005,0.34999999999999964,0.126,0.34999999999999964,0.106
0.2872,0.09186000000000002,3.25,0.34999999999999964,0.125,0.34999999999999964,0.10500000000000001
0.28725,0.09504500000000002,3.4000000000000004,0.34999999999999964,0.125,0.34999999999999964,0.104
0.2873,0.09803250000000002,3.500000000000001,0.34999999999999964,0.125,0.34999999999999964,0.103
0.28735,0.10512250000000002,3.8000000000000007,0.34999999999999964,0.124,0.34999999999999964,0.106
0.2874,0.10737750000000003,3.950000000000001,0.34999999999999964,0.12300000000000001,0.34999999999999964,0.10500000000000001
0.28745000000000004,0.10904250000000003,4.1000000000000005,0.34999999999999964,0.122,0.34999999999999964,0.104
0.28750000000000003,0.11058500000000003,4.250000000000001,0.34999999999999964,0.121,0.34999999999999964,0.103
0.28755000000000003,0.10765250000000003,4.2,0.34999999999999964,0.12000000000000001,0.34999999999999964,0.09899999999999999
0.2876,0.10869250000000003,4.3500000000000005,0.34999999999999964,0.118,0.34999999999999964,0.09899999999999999
0.28765,0.10933750000000003,4.5,0.34999999999999964,0.117,0.34999999999999964,0.098
0.2877,0.10976750000000003,4.65,0.34999999999999964,0.115,0.34999999999999964,0.098
0.28775,0.10986750000000002,4.749999999999999,0.34999999999999964,0.114,0.34999999999999964,0.097
0.2878,0.10977250000000002,4.8999999999999995,0.34999999999999964,0.11299999999999999,0.34999999999999964,0.096
0.28785,0.11428750000000003,5.2,0.34999999999999964,0.111,0.34999999999999964,0.09899999999999999
0.2879,0.11450250000000003,5.35,0.34999999999999964,0.11,0.34999999999999964,0.098
0.28795000000000004,0.11441500000000003,5.399999999999999,0.34999999999999964,0.10900000000000001,0.34999999999999964,0.098
0.28800000000000003,0.11394750000000003,5.549999999999999,0.34999999999999964,0.108,0.34999999999999964,0.098
0.28805000000000003,0.10938250000000002,5.5,0.34999999999999964,0.107,0.34999999999999964,0.094
0.2881,0.10822000000000002,5.6499999999999995,0.34999999999999964,0.106,0.34999999999999964,0.094
0.28815,0.10674250000000003,5.750000000000001,0.34999999999999964,0.10500000000000001,0.34999999999999964,0.094
0.2882,0.10477000000000003,5.900000000000001,0.34999999999999964,0.104,0.34999999999999964,0.093
0.28825,0.10226250000000002,6.0,0.3000000000000007,0.104,0.3000000000000007,0.093
0.2883,0.09884750000000002,6.1,0.3000000000000007,0.103,0.3000000000000007,0.093
0.28835,0.09927750000000002,6.349999999999999,0.3000000000000007,0.102,0.3000000000000007,0.095
0.2884,0.09621250000000002,6.399999999999999,0.3000000000000007,0.102,0.3000000000000007,0.095
0.28845000000000004,0.09310250000000002,6.399999999999999,0.3000000000000007,0.101,0.3000000000000007,0.095
0.28850000000000003,0.08985500000000002,6.35,0.3000000000000007,0.1,0.3000000000000007,0.095
0.28855000000000003,0.08323250000000001,6.050000000000001,0.3000000000000007,0.1,0.3000000000000007,0.092
0.2886,0.08068500000000002,5.85,0.3000000000000007,0.09899999999999999,0.3000000000000007,0.092
0.28865,0.07841000000000002,5.65,0.3000000000000007,0.09899999999999999,0.3000000000000007,0.091
0.2887,0.07647000000000002,5.45,0.3000000000000007,0.09899999999999999,0.3000000000000007,0.091
0.28875,0.07469750000000001,5.300000000000001,0.3000000000000007,0.098,0.3000000000000007,0.091
0.2888,0.07310500000000002,5.2,0.3000000000000007,0.098,0.3000000000000007,0.091
0.28885,0.07518750000000002,5.249999999999999,0.3000000000000007,0.098,0.3000000000000007,0.093
0.2889,0.07386250000000003,5.15,0.3000000000000007,0.097,0.3000000000000007,0.093
0.28895000000000004,0.07263500000000002,5.050000000000001,0.3000000000000007,0.097,0.3000000000000007,0.093
0.28900000000000003,0.07146250000000001,4.95,0.3000000000000007,0.097,0.3000000000000007,0.092
0.28905000000000003,0.06689250000000002,4.75,0.3000000000000007,0.096,0.3000000000000007,0.09000000000000001
0.2891,0.06583750000000002,4.699999999999999,0.3000000000000007,0.096,0.3000000000000007,0.09000000000000001
0.28915,0.06492000000000002,4.6499999999999995,0.3000000000000007,0.096,0.3000000000000007,0.089
0.2892,0.06402750000000001,4.6000000000000005,0.3000000000000007,0.096,0.3000000000000007,0.089
0.28925,0.06315500000000002,4.55,0.3000000000000007,0.095,0.3000000000000007,0.089
0.2893,0.062285000000000014,4.5,0.3000000000000007,0.095,0.3000000000000007,0.089
0.28935,0.06470500000000001,4.6,0.3000000000000007,0.095,0.3000000000000007,0.091
0.2894,0.06373250000000001,4.55,0.3000000000000007,0.095,0.3000000000000007,0.091
0.28945000000000004,0.06264000000000002,4.5,0.3000000000000007,0.094,0.3000000000000007,0.091
0.28950000000000004,0.06104250000000001,4.3500000000000005,0.34999999999999964,0.094,0.0,0.0
0.28955000000000003,0.057060000000000013,4.2,0.34999999999999964,0.094,0.34999999999999964,0.08600000000000001
0.2896,0.054945000000000015,3.95,0.40000000000000036,0.093,0.40000000000000036,0.091
0.28965,0.05270000000000001,3.75,0.40000000000000036,0.093,0.40000000000000036,0.093
0.2897,0.05065500000000001,3.6,0.40000000000000036,0.093,0.40000000000000036,0.093
0.28975,0.04905000000000001,3.4,0.40000000000000036,0.092,0.40000000000000036,0.092
0.2898,0.047867500000000014,3.25,0.40000000000000036,0.097,0.40000000000000036,0.097
0.28985,0.049957500000000016,3.05,0.40000000000000036,0.107,0.40000000000000036,0.107
0.2899,0.049990000000000014,2.8499999999999996,0.40000000000000036,0.11,0.40000000000000036,0.11
0.28995000000000004,0.05036750000000001,2.65,0.40000000000000036,0.11299999999999999,0.40000000000000036,0.11299999999999999
0.29000000000000004,0.05191750000000001,2.4999999999999996,0.40000000000000036,0.116,0.40000000000000036,0.115
0.29005000000000003,0.050747500000000015,2.3,0.40000000000000036,0.116,0.40000000000000036,0.11299999999999999
0.2901,0.05433750000000001,2.15,0.34999999999999964,0.118,0.34999999999999964,0.11299999999999999
0.29015,0.058235000000000016,2.1,0.34999999999999964,0.12000000000000001,0.34999999999999964,0.11299999999999999
0.2902,0.06252250000000002,2.25,0.34999999999999964,0.122,0.34999999999999964,0.112
0.29025,0.06686250000000002,2.3499999999999996,0.34999999999999964,0.12300000000000001,0.34999999999999964,0.112
0.2903,0.07129750000000001,2.4499999999999997,0.34999999999999964,0.124,0.34999999999999964,0.111
0.29035,0.07551750000000002,2.6,0.34999999999999964,0.125,0.34999999999999964,0.11
0.2904,0.08450250000000002,2.9,0.34999999999999964,0.125,0.34999999999999964,0.112
0.29045000000000004,0.08831500000000002,3.0500000000000003,0.34999999999999964,0.126,0.34999999999999964,0.111
0.29050000000000004,0.09195750000000003,3.2,0.34999999999999964,0.126,0.34999999999999964,0.11
0.29055000000000003,0.09076750000000003,3.2,0.34999999999999964,0.125,0.34999999999999964,0.10500000000000001
0.2906,0.09401250000000003,3.35,0.34999999999999964,0.125,0.34999999999999964,0.10500000000000001
0.29065,0.09708250000000003,3.45,0.34999999999999964,0.125,0.34999999999999964,0.104
0.2907,0.09982750000000003,3.6,0.34999999999999964,0.124,0.34999999999999964,0.103
0.29075,0.10223250000000003,3.75,0.34999999999999964,0.12300000000000001,0.34999999999999964,0.102
0.2908,0.10427750000000002,3.9000000000000004,0.34999999999999964,0.122,0.34999999999999964,0.101
0.29085,0.10576000000000002,4.050000000000001,0.34999999999999964,0.121,0.34999999999999964,0.1
0.2909,0.11149000000000003,4.300000000000001,0.34999999999999964,0.12000000000000001,0.34999999999999964,0.103
0.29095,0.11254500000000003,4.45,0.34999999999999964,0.11900000000000001,0.34999999999999964,0.102
0.29100000000000004,0.11336000000000003,4.6000000000000005,0.34999999999999964,0.117,0.34999999999999964,0.102
0.29105000000000003,0.10965250000000003,4.6000000000000005,0.34999999999999964,0.116,0.34999999999999964,0.098
0.2911,0.10993000000000003,4.750000000000001,0.34999999999999964,0.114,0.34999999999999964,0.097
0.29115,0.10985000000000003,4.85,0.34999999999999964,0.11299999999999999,0.34999999999999964,0.097
0.2912,0.11004750000000003,5.0,0.34999999999999964,0.112,0.34999999999999964,0.096
0.29125,0.11042250000000003,5.1499999999999995,0.34999999999999964,0.111,0.34999999999999964,0.096
0.2913,0.11058000000000003,5.25,0.34999999999999964,0.10900000000000001,0.34999999999999964,0.095
0.29135,0.11024750000000003,5.3999999999999995,0.34999999999999964,0.108,0.34999999999999964,0.095
0.2914,0.11348000000000003,5.65,0.34999999999999964,0.107,0.34999999999999964,0.097
0.29145,0.11244750000000003,5.75,0.34999999999999964,0.106,0.34999999999999964,0.097
0.29150000000000004,0.11109750000000003,5.9,0.34999999999999964,0.10500000000000001,0.34999999999999964,0.097
0.29155000000000003,0.10549250000000003,5.8500000000000005,0.34999999999999964,0.10500000000000001,0.34999999999999964,0.094
0.2916,0.10313750000000002,5.95,0.34999999999999964,0.104,0.34999999999999964,0.093
0.29165,0.10010000000000002,6.05,0.3000000000000007,0.103,0.3000000000000007,0.093
0.2917,0.09663000000000002,6.1499999999999995,0.3000000000000007,0.102,0.3000000000000007,0.093
0.29175,0.09362500000000003,6.2,0.3000000000000007,0.102,0.3000000000000007,0.093
0.2918,0.09049500000000002,6.249999999999999,0.3000000000000007,0.101,0.3000000000000007,0.092
0.29185,0.08733750000000003,6.25,0.3000000000000007,0.101,0.3000000000000007,0.092
0.2919,0.08778500000000002,6.25,0.3000000000000007,0.1,0.3000000000000007,0.094
0.29195,0.08505000000000001,6.05,0.3000000000000007,0.09899999999999999,0.3000000000000007,0.094
0.29200000000000004,0.08273750000000002,5.85,0.3000000000000007,0.09899999999999999,0.3000000000000007,0.094
0.29205000000000003,0.07707000000000001,5.5,0.3000000000000007,0.09899999999999999,0.3000000000000007,0.091
0.2921,0.07527250000000002,5.35,0.3000000000000007,0.098,0.3000000000000007,0.091
0.29215,0.07363000000000001,5.25,0.3000000000000007,0.098,0.3000000000000007,0.091
0.2922,0.07214000000000002,5.1,0.3000000000000007,0.098,0.3000000000000007,0.091
0.29225,0.07074500000000002,5.0,0.3000000000000007,0.097,0.3000000000000007,0.09000000000000001
0.2923,0.06947750000000001,4.950000000000001,0.3000000000000007,0.097,0.3000000000000007,0.09000000000000001
0.29235,0.06829000000000002,4.8500000000000005,0.3000000000000007,0.097,0.3000000000000007,0.09000000000000001
0.2924,0.07070500000000002,4.949999999999999,0.3000000000000007,0.096,0.3000000000000007,0.092
0.29245,0.06963750000000002,4.85,0.3000000000000007,0.096,0.3000000000000007,0.092
0.29250000000000004,0.06870500000000002,4.800000000000001,0.3000000000000007,0.096,0.3000000000000007,0.092
0.29255000000000003,0.06431750000000001,4.6000000000000005,0.3000000000000007,0.096,0.3000000000000007,0.089
0.2926,0.06342750000000001,4.549999999999999,0.3000000000000007,0.095,0.3000000000000007,0.089
0.29265,0.06257250000000002,4.499999999999999,0.3000000000000007,0.095,0.3000000000000007,0.089
0.2927,0.061717500000000015,4.449999999999999,0.3000000000000007,0.095,0.3000000000000007,0.089
0.29275,0.06086750000000001,4.4,0.3000000000000007,0.095,0.3000000000000007,0.089
0.2928,0.05994250000000002,4.3500000000000005,0.3000000000000007,0.094,0.3000000000000007,0.088
0.29285,0.05891250000000001,4.3500000000000005,0.3000000000000007,0.094,0.0,0.0
0.2929,0.059787500000000014,4.249999999999999,0.40000000000000036,0.094,0.40000000000000036,0.087
0.29295,0.05753750000000001,3.999999999999999,0.40000000000000036,0.094,0.40000000000000036,0.091
0.29300000000000004,0.055272500000000016,3.8499999999999996,0.40000000000000036,0.093,0.40000000000000036,0.093
0.29305000000000003,0.05131250000000001,3.6499999999999995,0.40000000000000036,0.093,0.40000000000000036,0.093
0.2931,0.049540000000000015,3.45,0.40000000000000036,0.092,0.40000000000000036,0.092
0.29315,0.04816750000000001,3.3,0.40000000000000036,0.096,0.40000000000000036,0.096
0.2932,0.04736250000000001,3.0999999999999996,0.40000000000000036,0.101,0.40000000000000036,0.101
0.29325,0.04708250000000001,2.9000000000000004,0.40000000000000036,0.10500000000000001,0.40000000000000036,0.10500000000000001
0.2933,0.04713500000000001,2.700000000000001,0.40000000000000036,0.10900000000000001,0.40000000000000036,0.10900000000000001
0.29335,0.04793250000000001,2.5500000000000007,0.40000000000000036,0.112,0.40000000000000036,0.111
0.2934,0.053745000000000015,2.3500000000000005,0.40000000000000036,0.117,0.40000000000000036,0.116
0.29345,0.057282500000000014,2.200000000000001,0.34999999999999964,0.11900000000000001,0.34999999999999964,0.116
0.29350000000000004,0.06167250000000001,2.200000000000001,0.34999999999999964,0.121,0.34999999999999964,0.116
0.29355000000000003,0.06109750000000001,2.200000000000001,0.34999999999999964,0.121,0.34999999999999964,0.11299999999999999
0.2936,0.06539000000000002,2.3000000000000007,0.34999999999999964,0.122,0.34999999999999964,0.112
0.29365,0.06983750000000001,2.450000000000001,0.34999999999999964,0.124,0.34999999999999964,0.111
0.2937,0.07409500000000002,2.55,0.34999999999999964,0.124,0.34999999999999964,0.11
0.29375,0.07831250000000002,2.7,0.34999999999999964,0.125,0.34999999999999964,0.10900000000000001
0.2938,0.08225500000000002,2.8499999999999996,0.34999999999999964,0.125,0.34999999999999964,0.108
0.29385,0.08599000000000002,3.0,0.34999999999999964,0.126,0.34999999999999964,0.107
0.2939,0.09426500000000003,3.3,0.34999999999999964,0.126,0.34999999999999964,0.10900000000000001
0.29395,0.09750250000000002,3.4499999999999993,0.34999999999999964,0.125,0.34999999999999964,0.108
0.29400000000000004,0.10062250000000003,3.5500000000000007,0.34999999999999964,0.125,0.34999999999999964,0.107
0.29405000000000003,0.10341750000000002,3.700000000000001,0.34999999999999964,0.124,0.34999999999999964,0.106
0.29410000000000003,0.10146750000000003,3.700000000000001,0.34999999999999964,0.124,0.34999999999999964,0.102
0.29415,0.10366500000000002,3.8500000000000005,0.34999999999999964,0.12300000000000001,0.34999999999999964,0.101
0.2942,0.10523750000000003,4.000000000000001,0.34999999999999964,0.122,0.34999999999999964,0.101
0.29425,0.10673500000000002,4.150000000000001,0.34999999999999964,0.12000000000000001,0.34999999999999964,0.1
0.2943,0.10804500000000003,4.250000000000001,0.34999999999999964,0.11900000000000001,0.34999999999999964,0.09899999999999999
0.29435,0.10895500000000002,4.4,0.34999999999999964,0.118,0.34999999999999964,0.09899999999999999
0.2944,0.11366500000000003,4.7,0.34999999999999964,0.116,0.34999999999999964,0.101
0.29445,0.11393250000000003,4.8500000000000005,0.34999999999999964,0.115,0.34999999999999964,0.101
0.29450000000000004,0.11391000000000003,4.95,0.34999999999999964,0.11299999999999999,0.34999999999999964,0.1
0.29455000000000003,0.11398500000000003,5.1,0.34999999999999964,0.112,0.34999999999999964,0.09899999999999999
0.29460000000000003,0.11036250000000003,5.1,0.34999999999999964,0.111,0.34999999999999964,0.096
0.29465,0.11061500000000003,5.199999999999999,0.34999999999999964,0.11,0.34999999999999964,0.095
0.2947,0.11036750000000002,5.349999999999999,0.34999999999999964,0.10900000000000001,0.34999999999999964,0.095
0.29475,0.10986750000000002,5.449999999999999,0.34999999999999964,0.108,0.34999999999999964,0.095
0.2948,0.10901000000000002,5.55,0.34999999999999964,0.107,0.34999999999999964,0.094
0.29485,0.10777500000000002,5.7,0.34999999999999964,0.106,0.34999999999999964,0.094
0.2949,0.10988250000000002,5.950000000000001,0.34999999999999964,0.10500000000000001,0.34999999999999964,0.097
0.29495,0.10771250000000003,6.050000000000001,0.34999999999999964,0.104,0.34999999999999964,0.096
0.29500000000000004,0.10487250000000002,6.200000000000001,0.29999999999999893,0.103,0.29999999999999893,0.096
0.29505000000000003,0.10142500000000003,6.249999999999999,0.29999999999999893,0.103,0.29999999999999893,0.096
0.29510000000000003,0.09460000000000002,6.2,0.29999999999999893,0.102,0.29999999999999893,0.093
0.29515,0.09153500000000002,6.25,0.29999999999999893,0.101,0.29999999999999893,0.092
0.2952,0.08839500000000003,6.25,0.29999999999999893,0.101,0.29999999999999893,0.092
0.29525,0.08518750000000003,6.15,0.29999999999999893,0.1,0.29999999999999893,0.092
0.2953,0.08232000000000002,5.999999999999999,0.29999999999999893,0.1,0.29999999999999893,0.092
0.29535,0.07988250000000002,5.75,0.29999999999999893,0.09899999999999999,0.29999999999999893,0.091
0.2954,0.08131750000000001,5.7,0.29999999999999893,0.09899999999999999,0.29999999999999893,0.094
0.29545,0.07939000000000002,5.549999999999999,0.29999999999999893,0.098,0.29999999999999893,0.094
0.29550000000000004,0.07774000000000002,5.3999999999999995,0.29999999999999893,0.098,0.29999999999999893,0.093
0.29555000000000003,0.07615750000000002,5.300000000000001,0.29999999999999893,0.098,0.29999999999999893,0.093
0.29560000000000003,0.07120250000000002,5.050000000000001,0.29999999999999893,0.097,0.29999999999999893,0.09000000000000001
0.29565,0.06990750000000001,4.949999999999999,0.29999999999999893,0.097,0.29999999999999893,0.09000000000000001
0.2957,0.06869250000000002,4.9,0.29999999999999893,0.097,0.29999999999999893,0.09000000000000001
0.29575,0.06759500000000002,4.800000000000001,0.29999999999999893,0.097,0.29999999999999893,0.09000000000000001
0.2958,0.06654500000000002,4.75,0.29999999999999893,0.096,0.29999999999999893,0.09000000000000001
0.29585,0.06553750000000001,4.65,0.29999999999999893,0.096,0.29999999999999893,0.09000000000000001
0.2959,0.06800250000000002,4.75,0.29999999999999893,0.096,0.29999999999999893,0.092
0.29595,0.06712250000000002,4.7,0.29999999999999893,0.095,0.29999999999999893,0.092
0.29600000000000004,0.06623750000000002,4.65,0.29999999999999893,0.095,0.29999999999999893,0.091
0.29605000000000004,0.06534750000000002,4.6,0.29999999999999893,0.095,0.29999999999999893,0.091
0.29610000000000003,0.061170000000000016,4.4,0.29999999999999893,0.095,0.29999999999999893,0.089
0.29615,0.060252500000000014,4.3999999999999995,0.29999999999999893,0.094,0.29999999999999893,0.088
0.2962,0.05927000000000002,4.35,0.29999999999999893,0.094,0.29999999999999893,0.088
0.29625,0.05815500000000001,4.300000000000001,0.29999999999999893,0.094,0.29999999999999893,0.081
0.2963,0.056415000000000014,4.1000000000000005,0.3999999999999986,0.094,0.3999999999999986,0.088
0.29635,0.054190000000000016,3.9,0.3999999999999986,0.093,0.3999999999999986,0.092
0.2964,0.053870000000000015,3.7,0.3999999999999986,0.093,0.3999999999999986,0.093
0.29645,0.052072500000000015,3.55,0.3999999999999986,0.094,0.3999999999999986,0.094
0.29650000000000004,0.05081250000000001,3.35,0.3999999999999986,0.09899999999999999,0.3999999999999986,0.09899999999999999
0.29655000000000004,0.050130000000000015,3.1500000000000004,0.3999999999999986,0.104,0.3999999999999986,0.104
0.29660000000000003,0.047117500000000014,3.0,0.3999999999999986,0.104,0.3999999999999986,0.104
0.29665,0.04709250000000001,2.8,0.3999999999999986,0.108,0.3999999999999986,0.108
0.2967,0.04754750000000001,2.6,0.3999999999999986,0.111,0.3999999999999986,0.111
0.29675,0.04919000000000001,2.4499999999999997,0.3999999999999986,0.114,0.3999999999999986,0.112
0.2968,0.05183500000000001,2.25,0.34999999999999964,0.117,0.34999999999999964,0.11299999999999999
0.29685,0.05555750000000002,2.1,0.34999999999999964,0.11900000000000001,0.34999999999999964,0.11299999999999999
0.2969,0.05966000000000001,2.15,0.34999999999999964,0.12000000000000001,0.34999999999999964,0.11299999999999999
0.29695,0.06894750000000002,2.4,0.34999999999999964,0.12300000000000001,0.34999999999999964,0.115
0.29700000000000004,0.07331500000000002,2.55,0.34999999999999964,0.124,0.34999999999999964,0.115
0.29705000000000004,0.07763250000000002,2.65,0.34999999999999964,0.125,0.34999999999999964,0.114
0.29710000000000003,0.07692000000000002,2.65,0.34999999999999964,0.125,0.34999999999999964,0.10900000000000001
0.29715,0.08098250000000003,2.8,0.34999999999999964,0.125,0.34999999999999964,0.108
0.2972,0.08481500000000002,2.9499999999999997,0.34999999999999964,0.126,0.34999999999999964,0.107
0.29725,0.08844500000000002,3.1,0.34999999999999964,0.126,0.34999999999999964,0.106
0.2973,0.09186000000000002,3.25,0.34999999999999964,0.125,0.34999999999999964,0.10500000000000001
0.29735,0.09504500000000002,3.4,0.34999999999999964,0.125,0.34999999999999964,0.104
0.2974,0.09803250000000002,3.5000000000000004,0.34999999999999964,0.125,0.34999999999999964,0.103
0.29745,0.10512250000000002,3.8000000000000003,0.34999999999999964,0.124,0.34999999999999964,0.106
0.2975,0.10737750000000003,3.95,0.34999999999999964,0.12300000000000001,0.34999999999999964,0.10500000000000001
0.29755000000000004,0.10904250000000003,4.1000000000000005,0.34999999999999964,0.122,0.34999999999999964,0.104
0.29760000000000003,0.10628500000000003,4.1000000000000005,0.34999999999999964,0.121,0.34999999999999964,0.1
0.29765,0.10765250000000003,4.2,0.34999999999999964,0.12000000000000001,0.34999999999999964,0.09899999999999999
0.2977,0.10869250000000003,4.3500000000000005,0.34999999999999964,0.118,0.34999999999999964,0.09899999999999999
0.29775,0.10933750000000003,4.5,0.34999999999999964,0.117,0.34999999999999964,0.098
0.2978,0.10976750000000003,4.65,0.34999999999999964,0.115,0.34999999999999964,0.098
0.29785,0.10986750000000002,4.749999999999999,0.34999999999999964,0.114,0.34999999999999964,0.097
0.2979,0.10977250000000002,4.8999999999999995,0.34999999999999964,0.11299999999999999,0.34999999999999964,0.096
0.29795,0.11428750000000003,5.199999999999999,0.34999999999999964,0.111,0.34999999999999964,0.09899999999999999
0.298,0.11450250000000003,5.35,0.34999999999999964,0.11,0.34999999999999964,0.098
0.29805000000000004,0.11441500000000003,5.3999999999999995,0.34999999999999964,0.10900000000000001,0.34999999999999964,0.098
0.29810000000000003,0.11007250000000003,5.3999999999999995,0.34999999999999964,0.108,0.34999999999999964,0.095
0.29815,0.10938250000000002,5.5,0.34999999999999964,0.107,0.34999999999999964,0.094
0.2982,0.10822000000000002,5.6499999999999995,0.34999999999999964,0.106,0.34999999999999964,0.094
0.29825,0.10674250000000003,5.75,0.34999999999999964,0.10500000000000001,0.34999999999999964,0.094
0.2983,0.10477000000000003,5.9,0.34999999999999964,0.104,0.34999999999999964,0.093
0.29835,0.10226250000000002,6.0,0.29999999999999893,0.104,0.29999999999999893,0.093
0.2984,0.09884750000000002,6.1,0.29999999999999893,0.103,0.29999999999999893,0.093
0.29845,0.09928000000000002,6.35,0.29999999999999893,0.102,0.29999999999999893,0.095
0.2985,0.09621250000000002,6.3999999999999995,0.29999999999999893,0.102,0.29999999999999893,0.095
0.29855000000000004,0.09310250000000002,6.4,0.29999999999999893,0.101,0.29999999999999893,0.095
0.29860000000000003,0.08625750000000003,6.2,0.29999999999999893,0.1,0.29999999999999893,0.092
0.29865,0.08323250000000001,6.05,0.29999999999999893,0.1,0.29999999999999893,0.092
0.2987,0.08068500000000002,5.8500000000000005,0.29999999999999893,0.09899999999999999,0.29999999999999893,0.092
0.29875,0.07841000000000002,5.65,0.29999999999999893,0.09899999999999999,0.29999999999999893,0.091
0.2988,0.07647250000000001,5.45,0.29999999999999893,0.09899999999999999,0.29999999999999893,0.091
0.29885,0.07469750000000001,5.299999999999999,0.29999999999999893,0.098,0.29999999999999893,0.091
0.2989,0.07310500000000002,5.2,0.29999999999999893,0.098,0.29999999999999893,0.091
0.29895,0.07518750000000002,5.25,0.29999999999999893,0.098,0.29999999999999893,0.093
0.299,0.07386250000000003,5.1499999999999995,0.29999999999999893,0.097,0.29999999999999893,0.093
0.29905000000000004,0.07263500000000002,5.049999999999999,0.29999999999999893,0.097,0.29999999999999893,0.093
0.29910000000000003,0.06794250000000002,4.8,0.29999999999999893,0.097,0.29999999999999893,0.09000000000000001
0.29915,0.06689250000000002,4.75,0.29999999999999893,0.096,0.29999999999999893,0.09000000000000001
0.2992,0.06583750000000002,4.7,0.29999999999999893,0.096,0.29999999999999893,0.09000000000000001
0.29925,0.06492000000000002,4.65,0.29999999999999893,0.096,0.29999999999999893,0.089
0.2993,0.06402750000000001,4.6,0.29999999999999893,0.096,0.29999999999999893,0.089
0.29935,0.06315500000000002,4.550000000000002,0.29999999999999893,0.095,0.29999999999999893,0.089
0.2994,0.062285000000000014,4.5,0.29999999999999893,0.095,0.29999999999999893,0.089
0.29945,0.06470500000000001,4.599999999999999,0.29999999999999893,0.095,0.29999999999999893,0.091
0.2995,0.06373250000000001,4.550000000000001,0.29999999999999893,0.095,0.29999999999999893,0.091
0.29955000000000004,0.06264000000000002,4.5,0.29999999999999893,0.094,0.29999999999999893,0.091
0.29960000000000003,0.05859250000000001,4.3,0.29999999999999893,0.094,0.0,0.0
0.29965,0.057060000000000013,4.199999999999998,0.34999999999999964,0.094,0.34999999999999964,0.08600000000000001
0.2997,0.054945000000000015,3.9499999999999993,0.40000000000000036,0.093,0.40000000000000036,0.091
0.29975,0.05270000000000001,3.75,0.40000000000000036,0.093,0.40000000000000036,0.093
0.2998,0.05065500000000001,3.5999999999999996,0.40000000000000036,0.093,0.40000000000000036,0.093
0.29985,0.04905000000000001,3.3999999999999995,0.40000000000000036,0.092,0.40000000000000036,0.092
0.2999,0.047867500000000014,3.249999999999999,0.40000000000000036,0.097,0.40000000000000036,0.097
0.29995,0.049957500000000016,3.05,0.40000000000000036,0.107,0.40000000000000036,0.107
0.3,0.049990000000000014,2.8500000000000005,0.40000000000000036,0.11,0.40000000000000036,0.11
0.30005000000000004,0.05037000000000001,2.6500000000000004,0.40000000000000036,0.11299999999999999,0.40000000000000036,0.11299999999999999
0.30010000000000003,0.05191750000000001,2.5,0.40000000000000036,0.116,0.40000000000000036,0.115
0.30015000000000003,0.050747500000000015,2.3000000000000007,0.40000000000000036,0.116,0.40000000000000036,0.11299999999999999
0.3002,0.05433750000000001,2.1500000000000004,0.3500000000000014,0.118,0.3500000000000014,0.11299999999999999
0.30025,0.058235000000000016,2.1000000000000005,0.3500000000000014,0.12000000000000001,0.3500000000000014,0.11299999999999999
0.3003,0.06252250000000002,2.250000000000001,0.3500000000000014,0.122,0.3500000000000014,0.112
0.30035,0.06686250000000002,2.3500000000000005,0.3500000000000014,0.12300000000000001,0.3500000000000014,0.112
0.3004,0.07129750000000001,2.4499999999999993,0.3500000000000014,0.124,0.3500000000000014,0.111
0.30045,0.08041750000000002,2.75,0.3500000000000014,0.125,0.3500000000000014,0.11299999999999999
0.3005,0.08450250000000002,2.8999999999999995,0.3500000000000014,0.125,0.3500000000000014,0.112
0.30055000000000004,0.08831500000000002,3.0500000000000007,0.3500000000000014,0.126,0.3500000000000014,0.111
0.30060000000000003,0.09195750000000003,3.2,0.3500000000000014,0.126,0.3500000000000014,0.11
0.30065000000000003,0.09076750000000003,3.2,0.3500000000000014,0.125,0.3500000000000014,0.10500000000000001
0.3007,0.09401250000000003,3.3500000000000005,0.3500000000000014,0.125,0.3500000000000014,0.10500000000000001
0.30075,0.09708250000000003,3.450000000000001,0.3500000000000014,0.125,0.3500000000000014,0.104
0.3008,0.09982750000000003,3.6000000000000014,0.3500000000000014,0.124,0.3500000000000014,0.103
0.30085,0.10223250000000003,3.750000000000001,0.3500000000000014,0.12300000000000001,0.3500000000000014,0.102
0.3009,0.10427750000000002,3.9000000000000012,0.3500000000000014,0.122,0.3500000000000014,0.101
0.30095,0.11005500000000003,4.200000000000001,0.3500000000000014,0.121,0.3500000000000014,0.104
0.301,0.11149250000000002,4.300000000000001,0.3500000000000014,0.12000000000000001,0.3500000000000014,0.103
0.30105000000000004,0.11254500000000003,4.45,0.3500000000000014,0.11900000000000001,0.3500000000000014,0.102
0.30110000000000003,0.11336000000000003,4.6000000000000005,0.3500000000000014,0.117,0.3500000000000014,0.102
0.30115000000000003,0.10965250000000003,4.6000000000000005,0.3500000000000014,0.116,0.3500000000000014,0.098
0.3012,0.10993000000000003,4.75,0.3500000000000014,0.114,0.3500000000000014,0.097
0.30125,0.10985000000000003,4.85,0.3500000000000014,0.11299999999999999,0.3500000000000014,0.097
0.3013,0.11004750000000003,4.999999999999999,0.3500000000000014,0.112,0.3500000000000014,0.096
0.30135,0.11042250000000003,5.1499999999999995,0.3500000000000014,0.111,0.3500000000000014,0.096
0.3014,0.11058000000000003,5.249999999999999,0.3500000000000014,0.10900000000000001,0.3500000000000014,0.095
0.30145,0.11416750000000003,5.499999999999999,0.3500000000000014,0.108,0.3500000000000014,0.098
0.3015,0.11348000000000003,5.649999999999999,0.3500000000000014,0.107,0.3500000000000014,0.097
0.30155000000000004,0.11244750000000003,5.75,0.3500000000000014,0.106,0.3500000000000014,0.097
0.30160000000000003,0.11109750000000003,5.9,0.3500000000000014,0.10500000000000001,0.3500000000000014,0.097
0.30165000000000003,0.10549250000000003,5.850000000000001,0.3500000000000014,0.10500000000000001,0.3500000000000014,0.094
0.3017,0.10313750000000002,5.95,0.3500000000000014,0.104,0.3500000000000014,0.093
0.30175,0.10010250000000002,6.049999999999999,0.3000000000000007,0.103,0.3000000000000007,0.093
0.3018,0.09663000000000002,6.149999999999999,0.3000000000000007,0.102,0.3000000000000007,0.093
0.30185,0.09362500000000003,6.199999999999999,0.3000000000000007,0.102,0.3000000000000007,0.093
0.3019,0.09049500000000002,6.250000000000002,0.3000000000000007,0.101,0.3000000000000007,0.092
0.30195,0.09094750000000003,6.3999999999999995,0.3000000000000007,0.101,0.3000000000000007,0.095
0.302,0.08778500000000002,6.25,0.3000000000000007,0.1,0.3000000000000007,0.094
0.30205000000000004,0.08505000000000001,6.050000000000001,0.3000000000000007,0.09899999999999999,0.3000000000000007,0.094
0.30210000000000004,0.08273750000000002,5.850000000000001,0.3000000000000007,0.09899999999999999,0.3000000000000007,0.094
0.30215000000000003,0.07707000000000001,5.5,0.3000000000000007,0.09899999999999999,0.3000000000000007,0.091
0.3022,0.07527250000000002,5.3500000000000005,0.3000000000000007,0.098,0.3000000000000007,0.091
0.30225,0.07363000000000001,5.25,0.3000000000000007,0.098,0.3000000000000007,0.091
0.3023,0.07214000000000002,5.1,0.3000000000000007,0.098,0.3000000000000007,0.091
0.30235,0.07074500000000002,5.0,0.3000000000000007,0.097,0.3000000000000007,0.09000000000000001
0.3024,0.06947750000000001,4.950000000000001,0.3000000000000007,0.097,0.3000000000000007,0.09000000000000001
0.30245,0.07179500000000001,5.0,0.3000000000000007,0.097,0.3000000000000007,0.093
0.3025,0.07070500000000002,4.9,0.3000000000000007,0.096,0.3000000000000007,0.092
0.30255000000000004,0.06963750000000002,4.8500000000000005,0.3000000000000007,0.096,0.3000000000000007,0.092
0.30260000000000004,0.06870500000000002,4.8,0.3000000000000007,0.096,0.3000000000000007,0.092
0.30265000000000003,0.06431750000000001,4.6000000000000005,0.3000000000000007,0.096,0.3000000000000007,0.089
0.3027,0.06342750000000001,4.55,0.3000000000000007,0.095,0.3000000000000007,0.089
0.30275,0.06257250000000002,4.5,0.3000000000000007,0.095,0.3000000000000007,0.089
0.3028,0.061717500000000015,4.45,0.3000000000000007,0.095,0.3000000000000007,0.089
0.30285,0.06086750000000001,4.3999999999999995,0.3000000000000007,0.095,0.3000000000000007,0.089
0.3029,0.05994250000000002,4.3500000000000005,0.3000000000000007,0.094,0.3000000000000007,0.088
0.30295,0.06168500000000002,4.45,0.34999999999999964,0.094,0.0,0.0
0.303,0.059787500000000014,4.250000000000001,0.40000000000000036,0.094,0.40000000000000036,0.087
0.30305000000000004,0.05753750000000001,4.0,0.40000000000000036,0.094,0.40000000000000036,0.091
0.30310000000000004,0.055272500000000016,3.85,0.40000000000000036,0.093,0.40000000000000036,0.093
0.30315000000000003,0.05131250000000001,3.6500000000000004,0.40000000000000036,0.093,0.40000000000000036,0.093
0.3032,0.049540000000000015,3.45,0.40000000000000036,0.092,0.40000000000000036,0.092
0.30325,0.04816750000000001,3.3000000000000003,0.40000000000000036,0.096,0.40000000000000036,0.096
0.3033,0.04736250000000001,3.1,0.40000000000000036,0.101,0.40000000000000036,0.101
0.30335,0.04708250000000001,2.9,0.40000000000000036,0.10500000000000001,0.40000000000000036,0.10500000000000001
0.3034,0.04713500000000001,2.6999999999999997,0.40000000000000036,0.10900000000000001,0.40000000000000036,0.10900000000000001
0.30345,0.04793250000000001,2.55,0.40000000000000036,0.112,0.40000000000000036,0.111
0.3035,0.053745000000000015,2.3499999999999996,0.40000000000000036,0.117,0.40000000000000036,0.116
0.30355000000000004,0.057282500000000014,2.1999999999999997,0.34999999999999964,0.11900000000000001,0.34999999999999964,0.116
0.30360000000000004,0.06167250000000001,2.1999999999999997,0.34999999999999964,0.121,0.34999999999999964,0.116
0.30365000000000003,0.06109750000000001,2.1999999999999997,0.34999999999999964,0.121,0.34999999999999964,0.11299999999999999
0.3037,0.06539000000000002,2.3,0.34999999999999964,0.122,0.34999999999999964,0.112
0.30375,0.06983750000000001,2.4499999999999997,0.34999999999999964,0.124,0.34999999999999964,0.111
0.3038,0.07409500000000002,2.5500000000000003,0.34999999999999964,0.124,0.34999999999999964,0.11
0.30385,0.07831250000000002,2.7,0.34999999999999964,0.125,0.34999999999999964,0.10900000000000001
0.3039,0.08225500000000002,2.85,0.34999999999999964,0.125,0.34999999999999964,0.108
0.30395,0.08599000000000002,3.0,0.34999999999999964,0.126,0.34999999999999964,0.107
0.304,0.09426500000000003,3.3,0.34999999999999964,0.126,0.34999999999999964,0.10900000000000001
0.30405,0.09750250000000002,3.4499999999999997,0.34999999999999964,0.125,0.34999999999999964,0.108
0.30410000000000004,0.10062250000000003,3.5500000000000003,0.34999999999999964,0.125,0.34999999999999964,0.107
0.30415000000000003,0.09895750000000003,3.5500000000000003,0.34999999999999964,0.124,0.34999999999999964,0.103
0.3042,0.10146750000000003,3.7,0.34999999999999964,0.124,0.34999999999999964,0.102
0.30425,0.10366500000000002,3.85,0.34999999999999964,0.12300000000000001,0.34999999999999964,0.101
0.3043,0.10523750000000003,4.0,0.34999999999999964,0.122,0.34999999999999964,0.101
0.30435,0.10673500000000002,4.15,0.34999999999999964,0.12000000000000001,0.34999999999999964,0.1
0.3044,0.10804500000000003,4.25,0.34999999999999964,0.11900000000000001,0.34999999999999964,0.09899999999999999
0.30445,0.10895500000000002,4.4,0.34999999999999964,0.118,0.34999999999999964,0.09899999999999999
0.3045,0.11366500000000003,4.7,0.34999999999999964,0.116,0.34999999999999964,0.101
0.30455,0.11393250000000003,4.8500000000000005,0.34999999999999964,0.115,0.34999999999999964,0.101
0.30460000000000004,0.11391000000000003,4.95,0.34999999999999964,0.11299999999999999,0.34999999999999964,0.1
0.30465000000000003,0.10993500000000003,4.95,0.34999999999999964,0.112,0.34999999999999964,0.096
0.3047,0.11036250000000003,5.1,0.34999999999999964,0.111,0.34999999999999964,0.096
0.30475,0.11061500000000003,5.2,0.34999999999999964,0.11,0.34999999999999964,0.095
0.3048,0.11037000000000002,5.35,0.34999999999999964,0.10900000000000001,0.34999999999999964,0.095
0.30485,0.10986750000000002,5.449999999999999,0.34999999999999964,0.108,0.34999999999999964,0.095
0.3049,0.10901000000000002,5.55,0.34999999999999964,0.107,0.34999999999999964,0.094
0.30495,0.10777500000000002,5.7,0.34999999999999964,0.106,0.34999999999999964,0.094
0.305,0.10988250000000002,5.95,0.34999999999999964,0.10500000000000001,0.34999999999999964,0.097
0.30505,0.10771250000000003,6.050000000000001,0.34999999999999964,0.104,0.34999999999999964,0.096
0.30510000000000004,0.10487250000000002,6.200000000000001,0.3000000000000007,0.103,0.3000000000000007,0.096
0.30515000000000003,0.09774000000000002,6.1000000000000005,0.3000000000000007,0.103,0.3000000000000007,0.093
0.3052,0.09460000000000002,6.2,0.3000000000000007,0.102,0.3000000000000007,0.093
0.30525,0.09153500000000002,6.250000000000001,0.3000000000000007,0.101,0.3000000000000007,0.092
0.3053,0.08839500000000003,6.25,0.3000000000000007,0.101,0.3000000000000007,0.092
0.30535,0.08518750000000003,6.15,0.3000000000000007,0.1,0.3000000000000007,0.092
0.3054,0.08232000000000002,6.0,0.3000000000000007,0.1,0.3000000000000007,0.092
0.30545,0.07988250000000002,5.75,0.3000000000000007,0.09899999999999999,0.3000000000000007,0.091
0.3055,0.08131750000000001,5.699999999999999,0.3000000000000007,0.09899999999999999,0.3000000000000007,0.094
0.30555,0.07939000000000002,5.550000000000001,0.3000000000000007,0.098,0.3000000000000007,0.094
0.30560000000000004,0.07774000000000002,5.4,0.3000000000000007,0.098,0.3000000000000007,0.093
0.30565000000000003,0.07260500000000002,5.15,0.3000000000000007,0.098,0.3000000000000007,0.091
0.3057,0.07120250000000002,5.050000000000001,0.3000000000000007,0.097,0.3000000000000007,0.09000000000000001
0.30575,0.06990750000000001,4.949999999999999,0.3000000000000007,0.097,0.3000000000000007,0.09000000000000001
0.3058,0.06869250000000002,4.9,0.3000000000000007,0.097,0.3000000000000007,0.09000000000000001
0.30585,0.06759500000000002,4.800000000000001,0.3000000000000007,0.097,0.3000000000000007,0.09000000000000001
0.3059,0.06654500000000002,4.750000000000001,0.3000000000000007,0.096,0.3000000000000007,0.09000000000000001
0.30595,0.06553750000000001,4.6499999999999995,0.3000000000000007,0.096,0.3000000000000007,0.09000000000000001
0.306,0.06800250000000002,4.75,0.3000000000000007,0.096,0.3000000000000007,0.092
0.30605,0.06712250000000002,4.7,0.3000000000000007,0.095,0.3000000000000007,0.092
0.30610000000000004,0.06623750000000002,4.6499999999999995,0.3000000000000007,0.095,0.3000000000000007,0.091
0.30615000000000003,0.061980000000000014,4.449999999999998,0.3000000000000007,0.095,0.3000000000000007,0.089
0.3062,0.06117250000000002,4.400000000000001,0.3000000000000007,0.095,0.3000000000000007,0.089
0.30625,0.060252500000000014,4.3999999999999995,0.3000000000000007,0.094,0.3000000000000007,0.088
0.3063,0.05927000000000002,4.3500000000000005,0.3000000000000007,0.094,0.3000000000000007,0.088
0.30635,0.05815500000000001,4.299999999999998,0.3000000000000007,0.094,0.3000000000000007,0.081
0.3064,0.056415000000000014,4.099999999999999,0.40000000000000036,0.094,0.40000000000000036,0.088
0.30645,0.054190000000000016,3.8999999999999995,0.40000000000000036,0.093,0.40000000000000036,0.092
0.3065,0.053870000000000015,3.6999999999999993,0.40000000000000036,0.093,0.40000000000000036,0.093
0.30655,0.052072500000000015,3.549999999999999,0.40000000000000036,0.094,0.40000000000000036,0.094
0.30660000000000004,0.05081250000000001,3.3499999999999996,0.40000000000000036,0.09899999999999999,0.40000000000000036,0.09899999999999999
0.30665000000000003,0.050130000000000015,3.1500000000000004,0.40000000000000036,0.104,0.40000000000000036,0.104
0.30670000000000003,0.047117500000000014,2.999999999999999,0.40000000000000036,0.104,0.40000000000000036,0.104
0.30675,0.04709250000000001,2.8000000000000007,0.40000000000000036,0.108,0.40000000000000036,0.108
0.3068,0.04754750000000001,2.6000000000000005,0.40000000000000036,0.111,0.40000000000000036,0.111
0.30685,0.04919000000000001,2.450000000000001,0.40000000000000036,0.114,0.40000000000000036,0.112
0.3069,0.05183500000000001,2.250000000000001,0.34999999999999964,0.117,0.34999999999999964,0.11299999999999999
0.30695,0.05555750000000002,2.1000000000000005,0.34999999999999964,0.11900000000000001,0.34999999999999964,0.11299999999999999
0.307,0.06458750000000002,2.250000000000001,0.34999999999999964,0.122,0.34999999999999964,0.116
0.30705,0.06894750000000002,2.4000000000000012,0.34999999999999964,0.12300000000000001,0.34999999999999964,0.115
0.30710000000000004,0.07331500000000002,2.5500000000000007,0.34999999999999964,0.124,0.34999999999999964,0.115
0.30715000000000003,0.07763250000000002,2.6500000000000004,0.34999999999999964,0.125,0.34999999999999964,0.114
0.30720000000000003,0.07692000000000002,2.6500000000000004,0.34999999999999964,0.125,0.34999999999999964,0.10900000000000001
0.30725,0.08098250000000003,2.8,0.34999999999999964,0.125,0.34999999999999964,0.108
0.3073,0.08481500000000002,2.95,0.34999999999999964,0.126,0.34999999999999964,0.107
0.30735,0.08844500000000002,3.1000000000000005,0.34999999999999964,0.126,0.34999999999999964,0.106
0.3074,0.09186000000000002,3.25,0.34999999999999964,0.125,0.34999999999999964,0.10500000000000001
0.30745,0.09504500000000002,3.4000000000000004,0.34999999999999964,0.125,0.34999999999999964,0.104
0.3075,0.10249750000000002,3.6500000000000012,0.34999999999999964,0.125,0.34999999999999964,0.107
0.30755,0.10512250000000002,3.8000000000000007,0.34999999999999964,0.124,0.34999999999999964,0.106
0.30760000000000004,0.10737750000000003,3.950000000000001,0.34999999999999964,0.12300000000000001,0.34999999999999964,0.10500000000000001
0.30765000000000003,0.10904250000000003,4.1000000000000005,0.34999999999999964,0.122,0.34999999999999964,0.104
0.30770000000000003,0.10628500000000003,4.1000000000000005,0.34999999999999964,0.121,0.34999999999999964,0.1
0.30775,0.10765250000000003,4.2,0.34999999999999964,0.12000000000000001,0.34999999999999964,0.09899999999999999
0.3078,0.10869250000000003,4.3500000000000005,0.34999999999999964,0.118,0.34999999999999964,0.09899999999999999
0.30785,0.10933750000000003,4.5,0.34999999999999964,0.117,0.34999999999999964,0.098
0.3079,0.10976750000000003,4.65,0.34999999999999964,0.115,0.34999999999999964,0.098
0.30795,0.10986750000000002,4.749999999999999,0.34999999999999964,0.114,0.34999999999999964,0.097
0.308,0.11379750000000002,5.05,0.34999999999999964,0.11299999999999999,0.34999999999999964,0.1
0.30805,0.11428750000000003,5.2,0.34999999999999964,0.111,0.34999999999999964,0.09899999999999999
0.30810000000000004,0.11450250000000003,5.35,0.34999999999999964,0.11,0.34999999999999964,0.098
0.30815000000000003,0.11441500000000003,5.399999999999999,0.34999999999999964,0.10900000000000001,0.34999999999999964,0.098
0.30820000000000003,0.11007250000000003,5.399999999999999,0.34999999999999964,0.108,0.34999999999999964,0.095
0.30825,0.10938250000000002,5.5,0.34999999999999964,0.107,0.34999999999999964,0.094
0.3083,0.10822000000000002,5.6499999999999995,0.34999999999999964,0.106,0.34999999999999964,0.094
0.30835,0.10674250000000003,5.750000000000001,0.34999999999999964,0.10500000000000001,0.34999999999999964,0.094
0.3084,0.10477000000000003,5.900000000000001,0.34999999999999964,0.104,0.34999999999999964,0.093
0.30845,0.10226250000000002,6.0,0.3000000000000007,0.104,0.3000000000000007,0.093
0.3085,0.10255500000000002,6.25,0.3000000000000007,0.103,0.3000000000000007,0.096
0.30855,0.09928000000000002,6.3,0.3000000000000007,0.102,0.3000000000000007,0.095
0.30860000000000004,0.09621250000000002,6.399999999999999,0.3000000000000007,0.102,0.3000000000000007,0.095
0.30865000000000004,0.09310250000000002,6.399999999999999,0.3000000000000007,0.101,0.3000000000000007,0.095
0.30870000000000003,0.08625750000000003,6.199999999999999,0.3000000000000007,0.1,0.3000000000000007,0.092
0.30875,0.08323250000000001,6.050000000000001,0.3000000000000007,0.1,0.3000000000000007,0.092
0.3088,0.08068500000000002,5.85,0.3000000000000007,0.09899999999999999,0.3000000000000007,0.092
0.30885,0.07841000000000002,5.65,0.3000000000000007,0.09899999999999999,0.3000000000000007,0.091
0.3089,0.07647250000000001,5.45,0.3000000000000007,0.09899999999999999,0.3000000000000007,0.091
0.30895,0.07469750000000001,5.300000000000001,0.3000000000000007,0.098,0.3000000000000007,0.091
0.309,0.07668000000000003,5.35,0.3000000000000007,0.098,0.3000000000000007,0.093
0.30905,0.07518750000000002,5.249999999999999,0.3000000000000007,0.098,0.3000000000000007,0.093
0.30910000000000004,0.07386250000000003,5.15,0.3000000000000007,0.097,0.3000000000000007,0.093
0.30915000000000004,0.07263500000000002,5.050000000000001,0.3000000000000007,0.097,0.3000000000000007,0.093
0.30920000000000003,0.06794250000000002,4.800000000000001,0.3000000000000007,0.097,0.3000000000000007,0.09000000000000001
0.30925,0.06689250000000002,4.75,0.3000000000000007,0.096,0.3000000000000007,0.09000000000000001
0.3093,0.06583750000000002,4.699999999999999,0.3000000000000007,0.096,0.3000000000000007,0.09000000000000001
0.30935,0.06492000000000002,4.6499999999999995,0.3000000000000007,0.096,0.3000000000000007,0.089
0.3094,0.06402750000000001,4.6000000000000005,0.3000000000000007,0.096,0.3000000000000007,0.089
0.30945,0.06315500000000002,4.55,0.3000000000000007,0.095,0.3000000000000007,0.089
0.3095,0.06568000000000002,4.65,0.3000000000000007,0.095,0.3000000000000007,0.091
0.30955,0.06470500000000001,4.6,0.3000000000000007,0.095,0.3000000000000007,0.091
0.30960000000000004,0.06373250000000001,4.55,0.3000000000000007,0.095,0.3000000000000007,0.091
0.30965000000000004,0.06264000000000002,4.5,0.3000000000000007,0.094,0.3000000000000007,0.091
0.30970000000000003,0.05859250000000001,4.3,0.3000000000000007,0.094,0.0,0.0
0.30975,0.057060000000000013,4.2,0.34999999999999964,0.094,0.34999999999999964,0.08600000000000001
0.3098,0.054945000000000015,3.95,0.40000000000000213,0.093,0.40000000000000213,0.091
0.30985,0.05270000000000001,3.75,0.40000000000000213,0.093,0.40000000000000213,0.093
0.3099,0.05065500000000001,3.6,0.40000000000000213,0.093,0.40000000000000213,0.093
0.30995,0.04905000000000001,3.4,0.40000000000000213,0.092,0.40000000000000213,0.092
0.31,0.047867500000000014,3.25,0.40000000000000213,0.097,0.40000000000000213,0.097
0.31005,0.049957500000000016,3.05,0.40000000000000213,0.107,0.40000000000000213,0.107
0.31010000000000004,0.04999250000000001,2.8499999999999996,0.40000000000000213,0.11,0.40000000000000213,0.11
0.31015000000000004,0.05037000000000001,2.65,0.40000000000000213,0.11299999999999999,0.40000000000000213,0.11299999999999999
0.31020000000000003,0.04854500000000001,2.4999999999999996,0.40000000000000213,0.11299999999999999,0.40000000000000213,0.112
0.31025,0.050747500000000015,2.3,0.40000000000000213,0.116,0.40000000000000213,0.11299999999999999
0.3103,0.05433750000000001,2.15,0.3500000000000014,0.118,0.3500000000000014,0.11299999999999999
0.31035,0.058235000000000016,2.1,0.3500000000000014,0.12000000000000001,0.3500000000000014,0.11299999999999999
0.3104,0.06252250000000002,2.25,0.3500000000000014,0.122,0.3500000000000014,0.112
0.31045,0.06686250000000002,2.3499999999999996,0.3500000000000014,0.12300000000000001,0.3500000000000014,0.112
0.3105,0.07129750000000001,2.4499999999999997,0.3500000000000014,0.124,0.3500000000000014,0.111
0.31055,0.08041750000000002,2.75,0.3500000000000014,0.125,0.3500000000000014,0.11299999999999999
0.3106,0.08450250000000002,2.9,0.3500000000000014,0.125,0.3500000000000014,0.112
0.31065000000000004,0.08831750000000002,3.0500000000000003,0.3500000000000014,0.126,0.3500000000000014,0.111
0.31070000000000003,0.08721750000000002,3.0500000000000003,0.3500000000000014,0.126,0.3500000000000014,0.106
0.31075,0.09076750000000003,3.2,0.3500000000000014,0.125,0.3500000000000014,0.10500000000000001
0.3108,0.09401250000000003,3.35,0.3500000000000014,0.125,0.3500000000000014,0.10500000000000001
0.31085,0.09708250000000003,3.45,0.3500000000000014,0.125,0.3500000000000014,0.104
0.3109,0.09982750000000003,3.6,0.3500000000000014,0.124,0.3500000000000014,0.103
0.31095,0.10223250000000003,3.75,0.3500000000000014,0.12300000000000001,0.3500000000000014,0.102
0.311,0.10427750000000002,3.9000000000000004,0.3500000000000014,0.122,0.3500000000000014,0.101
0.31105,0.11005500000000003,4.2,0.3500000000000014,0.121,0.3500000000000014,0.104
0.3111,0.11149250000000002,4.300000000000001,0.3500000000000014,0.12000000000000001,0.3500000000000014,0.103
0.31115000000000004,0.11254500000000003,4.45,0.3500000000000014,0.11900000000000001,0.3500000000000014,0.102
0.31120000000000003,0.10916500000000003,4.45,0.3500000000000014,0.117,0.3500000000000014,0.098
0.31125,0.10965250000000003,4.6000000000000005,0.3500000000000014,0.116,0.3500000000000014,0.098
0.3113,0.10993000000000003,4.750000000000001,0.3500000000000014,0.114,0.3500000000000014,0.097
0.31135,0.10985000000000003,4.85,0.3500000000000014,0.11299999999999999,0.3500000000000014,0.097
0.3114,0.11004750000000003,5.0,0.3500000000000014,0.112,0.3500000000000014,0.096
0.31145,0.11042250000000003,5.1499999999999995,0.3500000000000014,0.111,0.3500000000000014,0.096
0.3115,0.11058000000000003,5.25,0.3500000000000014,0.10900000000000001,0.3500000000000014,0.095
0.31155,0.11416750000000003,5.5,0.3500000000000014,0.108,0.3500000000000014,0.098
0.3116,0.11348000000000003,5.65,0.3500000000000014,0.107,0.3500000000000014,0.097
0.31165000000000004,0.11244750000000003,5.75,0.3500000000000014,0.106,0.3500000000000014,0.097
0.31170000000000003,0.10729000000000002,5.75,0.3500000000000014,0.10500000000000001,0.3500000000000014,0.094
0.31175,0.10549250000000003,5.8500000000000005,0.3500000000000014,0.10500000000000001,0.3500000000000014,0.094
0.3118,0.10313750000000002,5.95,0.3500000000000014,0.104,0.3500000000000014,0.093
0.31185,0.10010250000000002,6.05,0.3000000000000007,0.103,0.3000000000000007,0.093
0.3119,0.09663000000000002,6.1499999999999995,0.3000000000000007,0.102,0.3000000000000007,0.093
0.31195,0.09362500000000003,6.2,0.3000000000000007,0.102,0.3000000000000007,0.093
0.312,0.09049500000000002,6.249999999999999,0.3000000000000007,0.101,0.3000000000000007,0.092
0.31205,0.09094750000000003,6.4,0.3000000000000007,0.101,0.3000000000000007,0.095
0.3121,0.08778500000000002,6.25,0.3000000000000007,0.1,0.3000000000000007,0.094
0.31215000000000004,0.08505000000000001,6.05,0.3000000000000007,0.09899999999999999,0.3000000000000007,0.094
0.31220000000000003,0.07911250000000002,5.7,0.3000000000000007,0.09899999999999999,0.3000000000000007,0.091
0.31225,0.07707000000000001,5.5,0.3000000000000007,0.09899999999999999,0.3000000000000007,0.091
0.3123,0.07527250000000002,5.35,0.3000000000000007,0.098,0.3000000000000007,0.091
0.31235,0.07363000000000001,5.25,0.3000000000000007,0.098,0.3000000000000007,0.091
0.3124,0.07214000000000002,5.1,0.3000000000000007,0.098,0.3000000000000007,0.091
0.31245,0.07074500000000002,5.0,0.3000000000000007,0.097,0.3000000000000007,0.09000000000000001
0.3125,0.06947750000000001,4.950000000000001,0.3000000000000007,0.097,0.3000000000000007,0.09000000000000001
0.31255,0.07179500000000001,4.999999999999999,0.3000000000000007,0.097,0.3000000000000007,0.093
0.3126,0.07070500000000002,4.8999999999999995,0.3000000000000007,0.096,0.3000000000000007,0.092
0.31265000000000004,0.06963750000000002,4.85,0.3000000000000007,0.096,0.3000000000000007,0.092
0.31270000000000003,0.06870500000000002,4.800000000000001,0.3000000000000007,0.096,0.3000000000000007,0.092
0.31275000000000003,0.06431750000000001,4.6000000000000005,0.3000000000000007,0.096,0.3000000000000007,0.089
0.3128,0.06342750000000001,4.549999999999999,0.3000000000000007,0.095,0.3000000000000007,0.089
0.31285,0.06257250000000002,4.499999999999999,0.3000000000000007,0.095,0.3000000000000007,0.089
0.3129,0.061717500000000015,4.449999999999999,0.3000000000000007,0.095,0.3000000000000007,0.089
0.31295,0.06086750000000001,4.4,0.3000000000000007,0.095,0.3000000000000007,0.089
0.313,0.05994250000000002,4.3500000000000005,0.3000000000000007,0.094,0.3000000000000007,0.088
0.31305,0.06168500000000002,4.449999999999998,0.34999999999999964,0.094,0.0,0.0
0.3131,0.059787500000000014,4.249999999999999,0.3999999999999986,0.094,0.3999999999999986,0.087
0.31315000000000004,0.05753750000000001,3.999999999999999,0.3999999999999986,0.094,0.3999999999999986,0.091
0.31320000000000003,0.055272500000000016,3.8499999999999996,0.3999999999999986,0.093,0.3999999999999986,0.093
0.31325000000000003,0.05131500000000001,3.6499999999999995,0.3999999999999986,0.093,0.3999999999999986,0.093
0.3133,0.049540000000000015,3.45,0.3999999999999986,0.092,0.3999999999999986,0.092
0.31335,0.04816750000000001,3.3,0.3999999999999986,0.096,0.3999999999999986,0.096
0.3134,0.04736250000000001,3.0999999999999996,0.3999999999999986,0.101,0.3999999999999986,0.101
0.31345,0.04708250000000001,2.9000000000000004,0.3999999999999986,0.10500000000000001,0.3999999999999986,0.10500000000000001
0.3135,0.04713500000000001,2.700000000000001,0.3999999999999986,0.10900000000000001,0.3999999999999986,0.10900000000000001
0.31355,0.051212500000000015,2.5500000000000007,0.3999999999999986,0.115,0.3999999999999986,0.115
0.3136,0.053745000000000015,2.3500000000000005,0.3999999999999986,0.117,0.3999999999999986,0.116
0.31365000000000004,0.057282500000000014,2.200000000000001,0.34999999999999964,0.11900000000000001,0.34999999999999964,0.116
0.31370000000000003,0.06167250000000001,2.200000000000001,0.34999999999999964,0.121,0.34999999999999964,0.116
0.31375000000000003,0.06109750000000001,2.200000000000001,0.34999999999999964,0.121,0.34999999999999964,0.11299999999999999
0.3138,0.06539000000000002,2.3000000000000007,0.34999999999999964,0.122,0.34999999999999964,0.112
0.31385,0.06983750000000001,2.450000000000001,0.34999999999999964,0.124,0.34999999999999964,0.111
0.3139,0.07409500000000002,2.55,0.34999999999999964,0.124,0.34999999999999964,0.11
0.31395,0.07831250000000002,2.7,0.34999999999999964,0.125,0.34999999999999964,0.10900000000000001
0.314,0.08225500000000002,2.8499999999999996,0.34999999999999964,0.125,0.34999999999999964,0.108
0.31405,0.09075250000000003,3.1499999999999995,0.34999999999999964,0.126,0.34999999999999964,0.11
0.3141,0.09426500000000003,3.3,0.34999999999999964,0.126,0.34999999999999964,0.10900000000000001
0.31415000000000004,0.09750250000000002,3.4499999999999993,0.34999999999999964,0.125,0.34999999999999964,0.108
0.31420000000000003,0.10062250000000003,3.5500000000000007,0.34999999999999964,0.125,0.34999999999999964,0.107
0.31425000000000003,0.09895750000000003,3.5500000000000007,0.34999999999999964,0.124,0.34999999999999964,0.103
0.3143,0.10146750000000003,3.700000000000001,0.34999999999999964,0.124,0.34999999999999964,0.102
0.31435,0.10366500000000002,3.8500000000000005,0.34999999999999964,0.12300000000000001,0.34999999999999964,0.101
0.3144,0.10523750000000003,4.000000000000001,0.34999999999999964,0.122,0.34999999999999964,0.101
0.31445,0.10673500000000002,4.150000000000001,0.34999999999999964,0.12000000000000001,0.34999999999999964,0.1
0.3145,0.10804500000000003,4.250000000000001,0.34999999999999964,0.11900000000000001,0.34999999999999964,0.09899999999999999
0.31455,0.11315750000000002,4.550000000000001,0.34999999999999964,0.118,0.34999999999999964,0.102
0.3146,0.11366500000000003,4.7,0.34999999999999964,0.116,0.34999999999999964,0.101
0.31465000000000004,0.11393250000000003,4.8500000000000005,0.34999999999999964,0.115,0.34999999999999964,0.101
0.31470000000000004,0.11391000000000003,4.95,0.34999999999999964,0.11299999999999999,0.34999999999999964,0.1
0.31475000000000003,0.10993500000000003,4.95,0.34999999999999964,0.112,0.34999999999999964,0.096
0.3148,0.11036250000000003,5.1,0.34999999999999964,0.111,0.34999999999999964,0.096
0.31485,0.11061500000000003,5.199999999999999,0.34999999999999964,0.11,0.34999999999999964,0.095
0.3149,0.11037000000000002,5.349999999999999,0.34999999999999964,0.10900000000000001,0.34999999999999964,0.095
0.31495,0.10986750000000002,5.449999999999999,0.34999999999999964,0.108,0.34999999999999964,0.095
0.315,0.10901000000000002,5.55,0.34999999999999964,0.107,0.34999999999999964,0.094
0.31505,0.11158750000000003,5.85,0.34999999999999964,0.106,0.34999999999999964,0.097
0.3151,0.10988250000000002,5.950000000000001,0.34999999999999964,0.10500000000000001,0.34999999999999964,0.097
0.31515000000000004,0.10771250000000003,6.050000000000001,0.34999999999999964,0.104,0.34999999999999964,0.096
0.31520000000000004,0.10487250000000002,6.200000000000001,0.29999999999999893,0.103,0.29999999999999893,0.096
0.31525000000000003,0.09774000000000002,6.1,0.29999999999999893,0.103,0.29999999999999893,0.093
0.3153,0.09460000000000002,6.2,0.29999999999999893,0.102,0.29999999999999893,0.093
0.31535,0.09153500000000002,6.25,0.29999999999999893,0.101,0.29999999999999893,0.092
0.3154,0.08839500000000003,6.25,0.29999999999999893,0.101,0.29999999999999893,0.092
0.31545,0.08518750000000003,6.15,0.29999999999999893,0.1,0.29999999999999893,0.092
0.3155,0.08232000000000002,5.999999999999999,0.29999999999999893,0.1,0.29999999999999893,0.092
0.31555,0.08346500000000003,5.9,0.29999999999999893,0.09899999999999999,0.29999999999999893,0.094
0.3156,0.08131750000000001,5.7,0.29999999999999893,0.09899999999999999,0.29999999999999893,0.094
0.31565000000000004,0.07939000000000002,5.549999999999999,0.29999999999999893,0.098,0.29999999999999893,0.094
0.31570000000000004,0.07774000000000002,5.3999999999999995,0.29999999999999893,0.098,0.29999999999999893,0.093
0.31575000000000003,0.07260500000000002,5.15,0.29999999999999893,0.098,0.29999999999999893,0.091
0.3158,0.07120250000000002,5.050000000000001,0.29999999999999893,0.097,0.29999999999999893,0.09000000000000001
0.31585,0.06990750000000001,4.949999999999999,0.29999999999999893,0.097,0.29999999999999893,0.09000000000000001
0.3159,0.06869250000000002,4.9,0.29999999999999893,0.097,0.29999999999999893,0.09000000000000001
0.31595,0.06759500000000002,4.800000000000001,0.29999999999999893,0.097,0.29999999999999893,0.09000000000000001
0.316,0.06654500000000002,4.75,0.29999999999999893,0.096,0.29999999999999893,0.09000000000000001
0.31605,0.06899500000000001,4.8,0.29999999999999893,0.096,0.29999999999999893,0.092
0.3161,0.06800250000000002,4.75,0.29999999999999893,0.096,0.29999999999999893,0.092
0.31615000000000004,0.06712250000000002,4.7,0.29999999999999893,0.095,0.29999999999999893,0.092
0.31620000000000004,0.06623750000000002,4.65,0.29999999999999893,0.095,0.29999999999999893,0.091
0.31625000000000003,0.061980000000000014,4.449999999999999,0.29999999999999893,0.095,0.29999999999999893,0.089
0.3163,0.06117250000000002,4.4,0.29999999999999893,0.095,0.29999999999999893,0.089
0.31635,0.060252500000000014,4.3999999999999995,0.29999999999999893,0.094,0.29999999999999893,0.088
0.3164,0.05927000000000002,4.35,0.29999999999999893,0.094,0.29999999999999893,0.088
0.31645,0.05815500000000001,4.300000000000001,0.29999999999999893,0.094,0.29999999999999893,0.081
0.3165,0.056415000000000014,4.1000000000000005,0.3999999999999986,0.094,0.3999999999999986,0.088
0.31655,0.054190000000000016,3.9,0.3999999999999986,0.093,0.3999999999999986,0.092
0.3166,0.053870000000000015,3.7,0.3999999999999986,0.093,0.3999999999999986,0.093
0.31665000000000004,0.052072500000000015,3.55,0.3999999999999986,0.094,0.3999999999999986,0.094
0.31670000000000004,0.05081250000000001,3.35,0.3999999999999986,0.09899999999999999,0.3999999999999986,0.09899999999999999
0.31675000000000003,0.04763750000000001,3.1500000000000004,0.3999999999999986,0.09899999999999999,0.3999999999999986,0.09899999999999999
0.3168,0.047117500000000014,3.0,0.3999999999999986,0.104,0.3999999999999986,0.104
0.31685,0.04709250000000001,2.8,0.3999999999999986,0.108,0.3999999999999986,0.108
0.3169,0.04754750000000001,2.6,0.3999999999999986,0.111,0.3999999999999986,0.111
0.31695,0.04919000000000001,2.4499999999999997,0.3999999999999986,0.114,0.3999999999999986,0.112
0.317,0.05183500000000001,2.25,0.34999999999999964,0.117,0.34999999999999964,0.11299999999999999
0.31705,0.05555750000000002,2.1,0.34999999999999964,0.11900000000000001,0.34999999999999964,0.11299999999999999
0.3171,0.06458750000000002,2.25,0.34999999999999964,0.122,0.34999999999999964,0.116
0.31715,0.06894750000000002,2.4,0.34999999999999964,0.12300000000000001,0.34999999999999964,0.115
0.31720000000000004,0.07331500000000002,2.55,0.34999999999999964,0.124,0.34999999999999964,0.115
0.31725000000000003,0.07271000000000002,2.5,0.34999999999999964,0.124,0.34999999999999964,0.11
0.3173,0.07692000000000002,2.65,0.34999999999999964,0.125,0.34999999999999964,0.10900000000000001
0.31735,0.08098250000000003,2.8,0.34999999999999964,0.125,0.34999999999999964,0.108
0.3174,0.08481500000000002,2.9499999999999997,0.34999999999999964,0.126,0.34999999999999964,0.107
0.31745,0.08844500000000002,3.1,0.34999999999999964,0.126,0.34999999999999964,0.106
0.3175,0.09186000000000002,3.25,0.34999999999999964,0.125,0.34999999999999964,0.10500000000000001
0.31755,0.09504500000000002,3.4,0.34999999999999964,0.125,0.34999999999999964,0.104
0.3176,0.10249750000000002,3.6500000000000004,0.34999999999999964,0.125,0.34999999999999964,0.107
0.31765,0.10512250000000002,3.8000000000000003,0.34999999999999964,0.124,0.34999999999999964,0.106
0.31770000000000004,0.10737750000000003,3.95,0.34999999999999964,0.12300000000000001,0.34999999999999964,0.10500000000000001
0.31775000000000003,0.10475000000000002,3.95,0.34999999999999964,0.122,0.34999999999999964,0.101
0.3178,0.10628500000000003,4.1000000000000005,0.34999999999999964,0.121,0.34999999999999964,0.1
0.31785,0.10765250000000003,4.2,0.34999999999999964,0.12000000000000001,0.34999999999999964,0.09899999999999999
0.3179,0.10869250000000003,4.3500000000000005,0.34999999999999964,0.118,0.34999999999999964,0.09899999999999999
0.31795,0.10933750000000003,4.5,0.34999999999999964,0.117,0.34999999999999964,0.098
0.318,0.10976750000000003,4.65,0.34999999999999964,0.115,0.34999999999999964,0.098
0.31805,0.10986750000000002,4.749999999999999,0.34999999999999964,0.114,0.34999999999999964,0.097
0.3181,0.11379750000000002,5.05,0.34999999999999964,0.11299999999999999,0.34999999999999964,0.1
0.31815,0.11428750000000003,5.199999999999999,0.34999999999999964,0.111,0.34999999999999964,0.09899999999999999
0.31820000000000004,0.11450250000000003,5.35,0.34999999999999964,0.11,0.34999999999999964,0.098
0.31825000000000003,0.11045500000000003,5.3,0.34999999999999964,0.10900000000000001,0.34999999999999964,0.095
0.3183,0.11007250000000003,5.3999999999999995,0.34999999999999964,0.108,0.34999999999999964,0.095
0.31835,0.10938250000000002,5.5,0.34999999999999964,0.107,0.34999999999999964,0.094
0.3184,0.10822000000000002,5.6499999999999995,0.34999999999999964,0.106,0.34999999999999964,0.094
0.31845,0.10674250000000003,5.75,0.34999999999999964,0.10500000000000001,0.34999999999999964,0.094
0.3185,0.10477000000000003,5.9,0.34999999999999964,0.104,0.34999999999999964,0.093
0.31855,0.10226250000000002,6.0,0.29999999999999893,0.104,0.29999999999999893,0.093
0.3186,0.10255500000000002,6.249999999999999,0.29999999999999893,0.103,0.29999999999999893,0.096
0.31865,0.09928000000000002,6.3,0.29999999999999893,0.102,0.29999999999999893,0.095
0.31870000000000004,0.09621250000000002,6.3999999999999995,0.29999999999999893,0.102,0.29999999999999893,0.095
0.31875000000000003,0.09310250000000002,6.4,0.29999999999999893,0.101,0.29999999999999893,0.095
0.31880000000000003,0.08625750000000003,6.2,0.29999999999999893,0.1,0.29999999999999893,0.092
0.31885,0.08323250000000001,6.05,0.29999999999999893,0.1,0.29999999999999893,0.092
0.3189,0.08068500000000002,5.8500000000000005,0.29999999999999893,0.09899999999999999,0.29999999999999893,0.092
0.31895,0.07841000000000002,5.65,0.29999999999999893,0.09899999999999999,0.29999999999999893,0.091
0.319,0.07647250000000001,5.45,0.29999999999999893,0.09899999999999999,0.29999999999999893,0.091
0.31905,0.07469750000000001,5.299999999999999,0.29999999999999893,0.098,0.29999999999999893,0.091
0.3191,0.07668000000000003,5.349999999999999,0.29999999999999893,0.098,0.29999999999999893,0.093
0.31915,0.07518750000000002,5.25,0.29999999999999893,0.098,0.29999999999999893,0.093
0.31920000000000004,0.07386250000000003,5.1499999999999995,0.29999999999999893,0.097,0.29999999999999893,0.093
0.31925000000000003,0.07263500000000002,5.049999999999999,0.29999999999999893,0.097,0.29999999999999893,0.093
0.31930000000000003,0.06794250000000002,4.8,0.29999999999999893,0.097,0.29999999999999893,0.09000000000000001
0.31935,0.06689250000000002,4.75,0.29999999999999893,0.096,0.29999999999999893,0.09000000000000001
0.3194,0.06583750000000002,4.7,0.29999999999999893,0.096,0.29999999999999893,0.09000000000000001
0.31945,0.06492000000000002,4.65,0.29999999999999893,0.096,0.29999999999999893,0.089
0.3195,0.06402750000000001,4.6,0.29999999999999893,0.096,0.29999999999999893,0.089
0.31955,0.06315500000000002,4.550000000000002,0.29999999999999893,0.095,0.29999999999999893,0.089
0.3196,0.06568000000000002,4.65,0.29999999999999893,0.095,0.29999999999999893,0.091
0.31965,0.06470500000000001,4.599999999999999,0.29999999999999893,0.095,0.29999999999999893,0.091
0.31970000000000004,0.06373250000000001,4.550000000000001,0.29999999999999893,0.095,0.29999999999999893,0.091
0.31975000000000003,0.06264000000000002,4.5,0.29999999999999893,0.094,0.29999999999999893,0.091
0.31980000000000003,0.05859250000000001,4.3,0.29999999999999893,0.094,0.0,0.0
0.31985,0.057060000000000013,4.199999999999998,0.34999999999999964,0.094,0.34999999999999964,0.08600000000000001
0.3199,0.054945000000000015,3.9499999999999993,0.40000000000000036,0.093,0.40000000000000036,0.091
0.31995,0.05270000000000001,3.75,0.40000000000000036,0.093,0.40000000000000036,0.093
0.32,0.05065500000000001,3.5999999999999996,0.40000000000000036,0.093,0.40000000000000036,0.093
0.32005,0.04905000000000001,3.3999999999999995,0.40000000000000036,0.092,0.40000000000000036,0.092
0.3201,0.050290000000000015,3.249999999999999,0.40000000000000036,0.102,0.40000000000000036,0.102
0.32015,0.049957500000000016,3.05,0.40000000000000036,0.107,0.40000000000000036,0.107
0.32020000000000004,0.04999250000000001,2.8500000000000005,0.40000000000000036,0.11,0.40000000000000036,0.11
0.32025000000000003,0.05037000000000001,2.6500000000000004,0.40000000000000036,0.11299999999999999,0.40000000000000036,0.11299999999999999
0.32030000000000003,0.04854500000000001,2.5,0.40000000000000036,0.11299999999999999,0.40000000000000036,0.112
0.32035,0.050747500000000015,2.3000000000000007,0.40000000000000036,0.116,0.40000000000000036,0.11299999999999999
0.3204,0.05433750000000001,2.1500000000000004,0.3500000000000014,0.118,0.3500000000000014,0.11299999999999999
0.32045,0.058235000000000016,2.1000000000000005,0.3500000000000014,0.12000000000000001,0.3500000000000014,0.11299999999999999
0.3205,0.06252250000000002,2.250000000000001,0.3500000000000014,0.122,0.3500000000000014,0.112
0.32055,0.06686250000000002,2.3500000000000005,0.3500000000000014,0.12300000000000001,0.3500000000000014,0.112
0.3206,0.07621250000000002,2.5999999999999996,0.3500000000000014,0.125,0.3500000000000014,0.114
0.32065,0.08041750000000002,2.75,0.3500000000000014,0.125,0.3500000000000014,0.11299999999999999
0.32070000000000004,0.08450250000000002,2.8999999999999995,0.3500000000000014,0.125,0.3500000000000014,0.112
0.32075000000000004,0.08831750000000002,3.0500000000000007,0.3500000000000014,0.126,0.3500000000000014,0.111
0.32080000000000003,0.08722000000000002,3.0500000000000007,0.3500000000000014,0.126,0.3500000000000014,0.106
0.32085,0.09076750000000003,3.2,0.3500000000000014,0.125,0.3500000000000014,0.10500000000000001
0.3209,0.09401250000000003,3.3500000000000005,0.3500000000000014,0.125,0.3500000000000014,0.10500000000000001
0.32095,0.09708250000000003,3.450000000000001,0.3500000000000014,0.125,0.3500000000000014,0.104
0.321,0.09982750000000003,3.6000000000000014,0.3500000000000014,0.124,0.3500000000000014,0.103
0.32105,0.10223250000000003,3.750000000000001,0.3500000000000014,0.12300000000000001,0.3500000000000014,0.102
0.3211,0.10863000000000003,4.050000000000002,0.3500000000000014,0.122,0.3500000000000014,0.104
0.32115,0.11005500000000003,4.200000000000001,0.3500000000000014,0.121,0.3500000000000014,0.104
0.32120000000000004,0.11149250000000002,4.300000000000001,0.3500000000000014,0.12000000000000001,0.3500000000000014,0.103
0.32125000000000004,0.11254500000000003,4.45,0.3500000000000014,0.11900000000000001,0.3500000000000014,0.102
0.32130000000000003,0.10916500000000003,4.45,0.3500000000000014,0.117,0.3500000000000014,0.098
0.32135,0.10965250000000003,4.6000000000000005,0.3500000000000014,0.116,0.3500000000000014,0.098
0.3214,0.10993000000000003,4.75,0.3500000000000014,0.114,0.3500000000000014,0.097
0.32145,0.10985000000000003,4.85,0.3500000000000014,0.11299999999999999,0.3500000000000014,0.097
0.3215,0.11004750000000003,4.999999999999999,0.3500000000000014,0.112,0.3500000000000014,0.096
0.32155,0.11042250000000003,5.1499999999999995,0.3500000000000014,0.111,0.3500000000000014,0.096
0.3216,0.11453250000000002,5.399999999999999,0.3500000000000014,0.10900000000000001,0.3500000000000014,0.098
0.32165,0.11416750000000003,5.499999999999999,0.3500000000000014,0.108,0.3500000000000014,0.098
0.32170000000000004,0.11348000000000003,5.649999999999999,0.3500000000000014,0.107,0.3500000000000014,0.097
0.32175000000000004,0.11244750000000003,5.75,0.3500000000000014,0.106,0.3500000000000014,0.097
0.32180000000000003,0.10729000000000002,5.75,0.3500000000000014,0.10500000000000001,0.3500000000000014,0.094
0.32185,0.10549250000000003,5.850000000000001,0.3500000000000014,0.10500000000000001,0.3500000000000014,0.094
0.3219,0.10313750000000002,5.95,0.3500000000000014,0.104,0.3500000000000014,0.093
0.32195,0.10010250000000002,6.049999999999999,0.29999999999999893,0.103,0.29999999999999893,0.093
0.322,0.09663000000000002,6.149999999999999,0.29999999999999893,0.102,0.29999999999999893,0.093
0.32205,0.09362500000000003,6.199999999999999,0.29999999999999893,0.102,0.29999999999999893,0.093
0.3221,0.09415000000000003,6.400000000000002,0.29999999999999893,0.101,0.29999999999999893,0.095
0.32215,0.09094750000000003,6.3500000000000005,0.29999999999999893,0.101,0.29999999999999893,0.095
0.32220000000000004,0.08778500000000002,6.25,0.29999999999999893,0.1,0.29999999999999893,0.094
0.32225000000000004,0.08505000000000001,6.050000000000001,0.29999999999999893,0.09899999999999999,0.29999999999999893,0.094
0.32230000000000003,0.07911250000000002,5.700000000000001,0.29999999999999893,0.09899999999999999,0.29999999999999893,0.091
0.32235,0.07707000000000001,5.5,0.29999999999999893,0.09899999999999999,0.29999999999999893,0.091
0.3224,0.07527250000000002,5.3500000000000005,0.29999999999999893,0.098,0.29999999999999893,0.091
0.32245,0.07363000000000001,5.25,0.29999999999999893,0.098,0.29999999999999893,0.091
0.3225,0.07214000000000002,5.1,0.29999999999999893,0.098,0.29999999999999893,0.091
0.32255,0.07074500000000002,5.0,0.29999999999999893,0.097,0.29999999999999893,0.09000000000000001
0.3226,0.07301000000000002,5.1000000000000005,0.29999999999999893,0.097,0.29999999999999893,0.093
0.32265,0.07179500000000001,5.0,0.29999999999999893,0.097,0.29999999999999893,0.093
0.32270000000000004,0.07070500000000002,4.9,0.29999999999999893,0.096,0.29999999999999893,0.092
0.32275000000000004,0.06963750000000002,4.8500000000000005,0.29999999999999893,0.096,0.29999999999999893,0.092
0.32280000000000003,0.06524500000000001,4.6499999999999995,0.29999999999999893,0.096,0.29999999999999893,0.09000000000000001
0.32285,0.06431750000000001,4.6000000000000005,0.29999999999999893,0.096,0.29999999999999893,0.089
0.3229,0.06342750000000001,4.55,0.29999999999999893,0.095,0.29999999999999893,0.089
0.32295,0.06257250000000002,4.5,0.29999999999999893,0.095,0.29999999999999893,0.089
0.323,0.061717500000000015,4.45,0.29999999999999893,0.095,0.29999999999999893,0.089
0.32305,0.06086750000000001,4.3999999999999995,0.29999999999999893,0.095,0.29999999999999893,0.089
0.3231,0.05994250000000002,4.3500000000000005,0.29999999999999893,0.094,0.29999999999999893,0.088
0.32315,0.06168500000000002,4.45,0.34999999999999964,0.094,0.0,0.0
0.32320000000000004,0.059787500000000014,4.250000000000001,0.3999999999999986,0.094,0.3999999999999986,0.087
0.32325000000000004,0.05753750000000001,4.0,0.3999999999999986,0.094,0.3999999999999986,0.091
0.32330000000000003,0.05344250000000001,3.85,0.3999999999999986,0.093,0.3999999999999986,0.092
0.32335,0.05131500000000001,3.6500000000000004,0.3999999999999986,0.093,0.3999999999999986,0.093
0.3234,0.049540000000000015,3.45,0.3999999999999986,0.092,0.3999999999999986,0.092
0.32345,0.04816750000000001,3.3000000000000003,0.3999999999999986,0.096,0.3999999999999986,0.096
0.3235,0.04736250000000001,3.1,0.3999999999999986,0.101,0.3999999999999986,0.101
0.32355,0.04708250000000001,2.9,0.3999999999999986,0.10500000000000001,0.3999999999999986,0.10500000000000001
0.3236,0.04713500000000001,2.6999999999999997,0.3999999999999986,0.10900000000000001,0.3999999999999986,0.10900000000000001
0.32365,0.051212500000000015,2.55,0.3999999999999986,0.115,0.3999999999999986,0.115
0.32370000000000004,0.053745000000000015,2.3499999999999996,0.3999999999999986,0.117,0.3999999999999986,0.116
0.32375000000000004,0.057282500000000014,2.1999999999999997,0.34999999999999964,0.11900000000000001,0.34999999999999964,0.116
0.32380000000000003,0.05685500000000002,2.05,0.34999999999999964,0.11900000000000001,0.34999999999999964,0.11299999999999999
0.32385,0.06109750000000001,2.1999999999999997,0.34999999999999964,0.121,0.34999999999999964,0.11299999999999999
0.3239,0.06539000000000002,2.3,0.34999999999999964,0.122,0.34999999999999964,0.112
0.32395,0.06983750000000001,2.4499999999999997,0.34999999999999964,0.124,0.34999999999999964,0.111
0.324,0.07409500000000002,2.5500000000000003,0.34999999999999964,0.124,0.34999999999999964,0.11
0.32405,0.07831250000000002,2.7,0.34999999999999964,0.125,0.34999999999999964,0.10900000000000001
0.3241,0.08225500000000002,2.85,0.34999999999999964,0.125,0.34999999999999964,0.108
0.32415,0.09075250000000003,3.15,0.34999999999999964,0.126,0.34999999999999964,0.11
0.3242,0.09426500000000003,3.3,0.34999999999999964,0.126,0.34999999999999964,0.10900000000000001
0.32425000000000004,0.09750250000000002,3.4499999999999997,0.34999999999999964,0.125,0.34999999999999964,0.108
0.32430000000000003,0.09605000000000002,3.4,0.34999999999999964,0.125,0.34999999999999964,0.104
0.32435,0.09895750000000003,3.5500000000000003,0.34999999999999964,0.124,0.34999999999999964,0.103
0.3244,0.10146750000000003,3.7,0.34999999999999964,0.124,0.34999999999999964,0.102
0.32445,0.10366500000000002,3.85,0.34999999999999964,0.12300000000000001,0.34999999999999964,0.101
0.3245,0.10523750000000003,4.0,0.34999999999999964,0.122,0.34999999999999964,0.101
0.32455,0.10673500000000002,4.15,0.34999999999999964,0.12000000000000001,0.34999999999999964,0.1
0.3246,0.10804500000000003,4.25,0.34999999999999964,0.11900000000000001,0.34999999999999964,0.09899999999999999
0.32465,0.11315750000000002,4.55,0.34999999999999964,0.118,0.34999999999999964,0.102
0.3247,0.11366500000000003,4.7,0.34999999999999964,0.116,0.34999999999999964,0.101
0.32475000000000004,0.11393250000000003,4.8500000000000005,0.34999999999999964,0.115,0.34999999999999964,0.101
0.32480000000000003,0.10988000000000003,4.8,0.34999999999999964,0.11299999999999999,0.34999999999999964,0.097
0.32485,0.10993500000000003,4.95,0.34999999999999964,0.112,0.34999999999999964,0.096
0.3249,0.11036250000000003,5.1,0.34999999999999964,0.111,0.34999999999999964,0.096
0.32495,0.11061500000000003,5.2,0.34999999999999964,0.11,0.34999999999999964,0.095
0.325,0.11037000000000002,5.35,0.34999999999999964,0.10900000000000001,0.34999999999999964,0.095
0.32505,0.10986750000000002,5.449999999999999,0.34999999999999964,0.108,0.34999999999999964,0.095
0.3251,0.10901000000000002,5.55,0.34999999999999964,0.107,0.34999999999999964,0.094
0.32515,0.11158750000000003,5.8500000000000005,0.34999999999999964,0.106,0.34999999999999964,0.097
0.3252,0.10988250000000002,5.95,0.34999999999999964,0.10500000000000001,0.34999999999999964,0.097
0.32525000000000004,0.10771250000000003,6.050000000000001,0.34999999999999964,0.104,0.34999999999999964,0.096
0.32530000000000003,0.10487250000000002,6.200000000000001,0.3000000000000007,0.103,0.3000000000000007,0.096
0.32535000000000003,0.09774000000000002,6.1000000000000005,0.3000000000000007,0.103,0.3000000000000007,0.093
0.3254,0.09460000000000002,6.2,0.3000000000000007,0.102,0.3000000000000007,0.093
0.32545,0.09153500000000002,6.250000000000001,0.3000000000000007,0.101,0.3000000000000007,0.092
0.3255,0.08839500000000003,6.25,0.3000000000000007,0.101,0.3000000000000007,0.092
0.32555,0.08518750000000003,6.15,0.3000000000000007,0.1,0.3000000000000007,0.092
0.3256,0.08232000000000002,6.0,0.3000000000000007,0.1,0.3000000000000007,0.092
0.32565,0.08346750000000003,5.8999999999999995,0.3000000000000007,0.09899999999999999,0.3000000000000007,0.094
0.3257,0.08131750000000001,5.699999999999999,0.3000000000000007,0.09899999999999999,0.3000000000000007,0.094
0.32575000000000004,0.07939000000000002,5.550000000000001,0.3000000000000007,0.098,0.3000000000000007,0.094
0.32580000000000003,0.07774000000000002,5.4,0.3000000000000007,0.098,0.3000000000000007,0.093
0.32585000000000003,0.07260500000000002,5.15,0.3000000000000007,0.098,0.3000000000000007,0.091
0.3259,0.07120250000000002,5.050000000000001,0.3000000000000007,0.097,0.3000000000000007,0.09000000000000001
0.32595,0.06990750000000001,4.949999999999999,0.3000000000000007,0.097,0.3000000000000007,0.09000000000000001
0.326,0.06869250000000002,4.9,0.3000000000000007,0.097,0.3000000000000007,0.09000000000000001
0.32605,0.06759500000000002,4.800000000000001,0.3000000000000007,0.097,0.3000000000000007,0.09000000000000001
0.3261,0.06654500000000002,4.750000000000001,0.3000000000000007,0.096,0.3000000000000007,0.09000000000000001
0.32615,0.06899500000000001,4.8,0.3000000000000007,0.096,0.3000000000000007,0.092
0.3262,0.06800250000000002,4.75,0.3000000000000007,0.096,0.3000000000000007,0.092
0.32625000000000004,0.06712250000000002,4.7,0.3000000000000007,0.095,0.3000000000000007,0.092
0.32630000000000003,0.06623750000000002,4.6499999999999995,0.3000000000000007,0.095,0.3000000000000007,0.091
0.32635000000000003,0.061980000000000014,4.449999999999998,0.3000000000000007,0.095,0.3000000000000007,0.089
0.3264,0.06117250000000002,4.400000000000001,0.3000000000000007,0.095,0.3000000000000007,0.089
0.32645,0.060252500000000014,4.3999999999999995,0.3000000000000007,0.094,0.3000000000000007,0.088
0.3265,0.05927000000000002,4.3500000000000005,0.3000000000000007,0.094,0.3000000000000007,0.088
0.32655,0.05815500000000001,4.299999999999998,0.3000000000000007,0.094,0.3000000000000007,0.081
0.3266,0.056415000000000014,4.099999999999999,0.40000000000000036,0.094,0.40000000000000036,0.088
0.32665,0.05599750000000001,3.8999999999999995,0.40000000000000036,0.093,0.40000000000000036,0.092
0.3267,0.053870000000000015,3.6999999999999993,0.40000000000000036,0.093,0.40000000000000036,0.093
0.32675000000000004,0.052072500000000015,3.549999999999999,0.40000000000000036,0.094,0.40000000000000036,0.094
0.32680000000000003,0.05081250000000001,3.3499999999999996,0.40000000000000036,0.09899999999999999,0.40000000000000036,0.09899999999999999
0.32685000000000003,0.04763750000000001,3.1500000000000004,0.40000000000000036,0.09899999999999999,0.40000000000000036,0.09899999999999999
0.3269,0.047117500000000014,2.999999999999999,0.40000000000000036,0.104,0.40000000000000036,0.104
0.32695,0.04709250000000001,2.8000000000000007,0.40000000000000036,0.108,0.40000000000000036,0.108
0.327,0.04754750000000001,2.6000000000000005,0.40000000000000036,0.111,0.40000000000000036,0.111
0.32705,0.04919000000000001,2.450000000000001,0.40000000000000036,0.114,0.40000000000000036,0.112
0.3271,0.05183500000000001,2.250000000000001,0.34999999999999964,0.117,0.34999999999999964,0.11299999999999999
0.32715,0.060170000000000015,2.1500000000000004,0.34999999999999964,0.12000000000000001,0.34999999999999964,0.116
0.3272,0.06458750000000002,2.250000000000001,0.34999999999999964,0.122,0.34999999999999964,0.116
0.32725000000000004,0.06894750000000002,2.4000000000000012,0.34999999999999964,0.12300000000000001,0.34999999999999964,0.115
0.32730000000000004,0.07331500000000002,2.5500000000000007,0.34999999999999964,0.124,0.34999999999999964,0.115
0.32735000000000003,0.07271000000000002,2.5,0.34999999999999964,0.124,0.34999999999999964,0.11
0.3274,0.07692000000000002,2.6500000000000004,0.34999999999999964,0.125,0.34999999999999964,0.10900000000000001
0.32745,0.08098250000000003,2.8,0.34999999999999964,0.125,0.34999999999999964,0.108
0.3275,0.08481500000000002,2.95,0.34999999999999964,0.126,0.34999999999999964,0.107
0.32755,0.08844500000000002,3.1000000000000005,0.34999999999999964,0.126,0.34999999999999964,0.106
0.3276,0.09186000000000002,3.25,0.34999999999999964,0.125,0.34999999999999964,0.10500000000000001
0.32765,0.09959750000000002,3.55,0.34999999999999964,0.125,0.34999999999999964,0.108
0.3277,0.10249750000000002,3.6500000000000012,0.34999999999999964,0.125,0.34999999999999964,0.107
0.32775000000000004,0.10512250000000002,3.8000000000000007,0.34999999999999964,0.124,0.34999999999999964,0.106
0.32780000000000004,0.10737750000000003,3.950000000000001,0.34999999999999964,0.12300000000000001,0.34999999999999964,0.10500000000000001
0.32785000000000003,0.10475000000000002,3.950000000000001,0.34999999999999964,0.122,0.34999999999999964,0.101
0.3279,0.10628500000000003,4.1000000000000005,0.34999999999999964,0.121,0.34999999999999964,0.1
0.32795,0.10765250000000003,4.2,0.34999999999999964,0.12000000000000001,0.34999999999999964,0.09899999999999999
0.328,0.10869250000000003,4.3500000000000005,0.34999999999999964,0.118,0.34999999999999964,0.09899999999999999
0.32805,0.10933750000000003,4.5,0.34999999999999964,0.117,0.34999999999999964,0.098
0.3281,0.10976750000000003,4.65,0.34999999999999964,0.115,0.34999999999999964,0.098
0.32815,0.11395250000000003,4.8999999999999995,0.34999999999999964,0.114,0.34999999999999964,0.1
0.3282,0.11379750000000002,5.05,0.34999999999999964,0.11299999999999999,0.34999999999999964,0.1
0.32825000000000004,0.11428750000000003,5.2,0.34999999999999964,0.111,0.34999999999999964,0.09899999999999999
0.32830000000000004,0.11450250000000003,5.35,0.34999999999999964,0.11,0.34999999999999964,0.098
0.32835000000000003,0.11045500000000003,5.299999999999999,0.34999999999999964,0.10900000000000001,0.34999999999999964,0.095
0.3284,0.11007250000000003,5.399999999999999,0.34999999999999964,0.108,0.34999999999999964,0.095
0.32845,0.10938250000000002,5.5,0.34999999999999964,0.107,0.34999999999999964,0.094
0.3285,0.10822000000000002,5.6499999999999995,0.34999999999999964,0.106,0.34999999999999964,0.094
0.32855,0.10674250000000003,5.750000000000001,0.34999999999999964,0.10500000000000001,0.34999999999999964,0.094
0.3286,0.10477000000000003,5.900000000000001,0.34999999999999964,0.104,0.34999999999999964,0.093
0.32865,0.10595750000000002,6.15,0.3000000000000007,0.104,0.3000000000000007,0.096
0.3287,0.10255500000000002,6.25,0.3000000000000007,0.103,0.3000000000000007,0.096
0.32875000000000004,0.09928000000000002,6.3,0.3000000000000007,0.102,0.3000000000000007,0.095
0.32880000000000004,0.09621250000000002,6.399999999999999,0.3000000000000007,0.102,0.3000000000000007,0.095
0.32885000000000003,0.08943250000000003,6.249999999999998,0.3000000000000007,0.101,0.3000000000000007,0.092
0.3289,0.08625750000000003,6.199999999999999,0.3000000000000007,0.1,0.3000000000000007,0.092
0.32895,0.08323250000000001,6.050000000000001,0.3000000000000007,0.1,0.3000000000000007,0.092
0.329,0.08068500000000002,5.85,0.3000000000000007,0.09899999999999999,0.3000000000000007,0.092
0.32905,0.07841000000000002,5.65,0.3000000000000007,0.09899999999999999,0.3000000000000007,0.091
0.3291,0.07647250000000001,5.45,0.3000000000000007,0.09899999999999999,0.3000000000000007,0.091
0.32915,0.07824750000000003,5.45,0.3000000000000007,0.098,0.3000000000000007,0.093
0.3292,0.07668000000000003,5.35,0.3000000000000007,0.098,0.3000000000000007,0.093
0.32925000000000004,0.07518750000000002,5.249999999999999,0.3000000000000007,0.098,0.3000000000000007,0.093
0.32930000000000004,0.07386250000000003,5.15,0.3000000000000007,0.097,0.3000000000000007,0.093
0.32935000000000003,0.06909750000000002,4.9,0.3000000000000007,0.097,0.3000000000000007,0.09000000000000001
0.3294,0.06794250000000002,4.85,0.3000000000000007,0.097,0.3000000000000007,0.09000000000000001
0.32945,0.06689250000000002,4.75,0.3000000000000007,0.096,0.3000000000000007,0.09000000000000001
0.3295,0.06583750000000002,4.699999999999999,0.3000000000000007,0.096,0.3000000000000007,0.09000000000000001
0.32955,0.06492000000000002,4.6499999999999995,0.3000000000000007,0.096,0.3000000000000007,0.089
0.3296,0.06402750000000001,4.6000000000000005,0.3000000000000007,0.096,0.3000000000000007,0.089
0.32965,0.06315500000000002,4.55,0.3000000000000007,0.095,0.3000000000000007,0.089
0.3297,0.06568000000000002,4.65,0.3000000000000007,0.095,0.3000000000000007,0.091
0.32975000000000004,0.06470500000000001,4.6,0.3000000000000007,0.095,0.3000000000000007,0.091
0.32980000000000004,0.06373250000000001,4.55,0.3000000000000007,0.095,0.3000000000000007,0.091
0.32985000000000003,0.05957000000000001,4.3500000000000005,0.3000000000000007,0.094,0.3000000000000007,0.088
0.3299,0.05859250000000001,4.3,0.3000000000000007,0.094,0.0,0.0
0.32995,0.057060000000000013,4.2,0.3500000000000014,0.094,0.3500000000000014,0.08600000000000001
0.33,0.054945000000000015,3.95,0.40000000000000213,0.093,0.40000000000000213,0.091
0.33005,0.05270000000000001,3.75,0.40000000000000213,0.093,0.40000000000000213,0.093
0.3301,0.05065500000000001,3.6,0.40000000000000213,0.093,0.40000000000000213,0.093
0.33015,0.04905000000000001,3.4,0.40000000000000213,0.092,0.40000000000000213,0.092
0.3302,0.050290000000000015,3.25,0.40000000000000213,0.102,0.40000000000000213,0.102
0.33025000000000004,0.049957500000000016,3.05,0.40000000000000213,0.107,0.40000000000000213,0.107
0.33030000000000004,0.04999250000000001,2.8499999999999996,0.40000000000000213,0.11,0.40000000000000213,0.11
0.33035000000000003,0.04731500000000001,2.65,0.40000000000000213,0.11,0.40000000000000213,0.11
0.3304,0.04854500000000001,2.4999999999999996,0.40000000000000213,0.11299999999999999,0.40000000000000213,0.112
0.33045,0.050747500000000015,2.3,0.40000000000000213,0.116,0.40000000000000213,0.11299999999999999
0.3305,0.05433750000000001,2.15,0.3500000000000014,0.118,0.3500000000000014,0.11299999999999999
0.33055,0.058235000000000016,2.1,0.3500000000000014,0.12000000000000001,0.3500000000000014,0.11299999999999999
0.3306,0.06252250000000002,2.25,0.3500000000000014,0.122,0.3500000000000014,0.112
0.33065,0.06686250000000002,2.3499999999999996,0.3500000000000014,0.12300000000000001,0.3500000000000014,0.112
0.3307,0.07621250000000002,2.6,0.3500000000000014,0.125,0.3500000000000014,0.114
0.33075,0.08041750000000002,2.75,0.3500000000000014,0.125,0.3500000000000014,0.11299999999999999
0.33080000000000004,0.08450250000000002,2.9,0.3500000000000014,0.125,0.3500000000000014,0.112
0.33085000000000003,0.08357750000000003,2.9,0.3500000000000014,0.125,0.3500000000000014,0.107
0.3309,0.08722000000000002,3.0500000000000003,0.3500000000000014,0.126,0.3500000000000014,0.106
0.33095,0.09076750000000003,3.2,0.3500000000000014,0.125,0.3500000000000014,0.10500000000000001
0.331,0.09401250000000003,3.35,0.3500000000000014,0.125,0.3500000000000014,0.10500000000000001
0.33105,0.09708250000000003,3.45,0.3500000000000014,0.125,0.3500000000000014,0.104
0.3311,0.09982750000000003,3.6,0.3500000000000014,0.124,0.3500000000000014,0.103
0.33115,0.10223250000000003,3.75,0.3500000000000014,0.12300000000000001,0.3500000000000014,0.102
0.3312,0.10863000000000003,4.050000000000001,0.3500000000000014,0.122,0.3500000000000014,0.104
0.33125,0.11005500000000003,4.2,0.3500000000000014,0.121,0.3500000000000014,0.104
0.33130000000000004,0.11149250000000002,4.300000000000001,0.3500000000000014,0.12000000000000001,0.3500000000000014,0.103
0.33135000000000003,0.11254500000000003,4.45,0.3500000000000014,0.11900000000000001,0.3500000000000014,0.102
0.33140000000000003,0.10916500000000003,4.45,0.3500000000000014,0.117,0.3500000000000014,0.098
0.33145,0.10965250000000003,4.6000000000000005,0.3500000000000014,0.116,0.3500000000000014,0.098
0.3315,0.10993000000000003,4.750000000000001,0.3500000000000014,0.114,0.3500000000000014,0.097
0.33155,0.10985000000000003,4.85,0.3500000000000014,0.11299999999999999,0.3500000000000014,0.097
0.3316,0.11004750000000003,5.0,0.3500000000000014,0.112,0.3500000000000014,0.096
0.33165,0.11042250000000003,5.1499999999999995,0.3500000000000014,0.111,0.3500000000000014,0.096
0.3317,0.11453250000000002,5.3999999999999995,0.3500000000000014,0.10900000000000001,0.3500000000000014,0.098
0.33175,0.11416750000000003,5.5,0.3500000000000014,0.108,0.3500000000000014,0.098
0.33180000000000004,0.11348000000000003,5.65,0.3500000000000014,0.107,0.3500000000000014,0.097
0.33185000000000003,0.11244750000000003,5.75,0.3500000000000014,0.106,0.3500000000000014,0.097
0.33190000000000003,0.10729250000000003,5.75,0.3500000000000014,0.10500000000000001,0.3500000000000014,0.094
0.33195,0.10549250000000003,5.8500000000000005,0.3500000000000014,0.10500000000000001,0.3500000000000014,0.094
0.332,0.10313750000000002,5.95,0.3500000000000014,0.104,0.3500000000000014,0.093
0.33205,0.10010250000000002,6.05,0.3000000000000007,0.103,0.3000000000000007,0.093
0.3321,0.09663000000000002,6.1499999999999995,0.3000000000000007,0.102,0.3000000000000007,0.093
0.33215,0.09362500000000003,6.2,0.3000000000000007,0.102,0.3000000000000007,0.093
0.3322,0.09415000000000003,6.3999999999999995,0.3000000000000007,0.101,0.3000000000000007,0.095
0.33225,0.09094750000000003,6.3500000000000005,0.3000000000000007,0.101,0.3000000000000007,0.095
0.33230000000000004,0.08778500000000002,6.25,0.3000000000000007,0.1,0.3000000000000007,0.094
0.33235000000000003,0.08505000000000001,6.05,0.3000000000000007,0.09899999999999999,0.3000000000000007,0.094
0.33240000000000003,0.07911250000000002,5.7,0.3000000000000007,0.09899999999999999,0.3000000000000007,0.091
0.33245,0.07707000000000001,5.5,0.3000000000000007,0.09899999999999999,0.3000000000000007,0.091
0.3325,0.07527250000000002,5.35,0.3000000000000007,0.098,0.3000000000000007,0.091
0.33255,0.07363000000000001,5.25,0.3000000000000007,0.098,0.3000000000000007,0.091
0.3326,0.07214000000000002,5.1,0.3000000000000007,0.098,0.3000000000000007,0.091
0.33265,0.07074500000000002,5.0,0.3000000000000007,0.097,0.3000000000000007,0.09000000000000001
0.3327,0.07301000000000002,5.100000000000001,0.3000000000000007,0.097,0.3000000000000007,0.093
0.33275,0.07179500000000001,4.999999999999999,0.3000000000000007,0.097,0.3000000000000007,0.093
0.33280000000000004,0.07070500000000002,4.8999999999999995,0.3000000000000007,0.096,0.3000000000000007,0.092
0.33285000000000003,0.06963750000000002,4.85,0.3000000000000007,0.096,0.3000000000000007,0.092
0.33290000000000003,0.06524500000000001,4.65,0.3000000000000007,0.096,0.3000000000000007,0.09000000000000001
0.33295,0.06431750000000001,4.6000000000000005,0.3000000000000007,0.096,0.3000000000000007,0.089
0.333,0.06342750000000001,4.549999999999999,0.3000000000000007,0.095,0.3000000000000007,0.089
0.33305,0.06257250000000002,4.499999999999999,0.3000000000000007,0.095,0.3000000000000007,0.089
0.3331,0.061717500000000015,4.449999999999999,0.3000000000000007,0.095,0.3000000000000007,0.089
0.33315,0.06086750000000001,4.4,0.3000000000000007,0.095,0.3000000000000007,0.089
0.3332,0.06300250000000002,4.500000000000001,0.3000000000000007,0.094,0.3000000000000007,0.091
0.33325,0.06168500000000002,4.449999999999998,0.34999999999999964,0.094,0.0,0.0
0.33330000000000004,0.059787500000000014,4.249999999999999,0.40000000000000036,0.094,0.40000000000000036,0.087
0.33335000000000004,0.05753750000000001,3.999999999999999,0.40000000000000036,0.094,0.40000000000000036,0.091
0.33340000000000003,0.05344250000000001,3.8499999999999996,0.40000000000000036,0.093,0.40000000000000036,0.092
0.33345,0.05131500000000001,3.6499999999999995,0.40000000000000036,0.093,0.40000000000000036,0.093
0.3335,0.049540000000000015,3.45,0.40000000000000036,0.092,0.40000000000000036,0.092
0.33355,0.04816750000000001,3.3,0.40000000000000036,0.096,0.40000000000000036,0.096
0.3336,0.04736250000000001,3.0999999999999996,0.40000000000000036,0.101,0.40000000000000036,0.101
0.33365,0.04708250000000001,2.9000000000000004,0.40000000000000036,0.10500000000000001,0.40000000000000036,0.10500000000000001
0.3337,0.050095000000000015,2.700000000000001,0.40000000000000036,0.112,0.40000000000000036,0.112
0.33375,0.051212500000000015,2.5500000000000007,0.40000000000000036,0.115,0.40000000000000036,0.115
0.33380000000000004,0.053745000000000015,2.3500000000000005,0.40000000000000036,0.117,0.40000000000000036,0.116
0.33385000000000004,0.057282500000000014,2.200000000000001,0.34999999999999964,0.11900000000000001,0.34999999999999964,0.116
0.33390000000000003,0.05685500000000002,2.0500000000000007,0.34999999999999964,0.11900000000000001,0.34999999999999964,0.11299999999999999
0.33395,0.06109750000000001,2.200000000000001,0.34999999999999964,0.121,0.34999999999999964,0.11299999999999999
0.334,0.06539000000000002,2.3000000000000007,0.34999999999999964,0.122,0.34999999999999964,0.112
0.33405,0.06983750000000001,2.450000000000001,0.34999999999999964,0.124,0.34999999999999964,0.111
0.3341,0.07409500000000002,2.55,0.34999999999999964,0.124,0.34999999999999964,0.11
0.33415,0.07831250000000002,2.7,0.34999999999999964,0.125,0.34999999999999964,0.10900000000000001
0.3342,0.08706000000000003,3.0,0.34999999999999964,0.126,0.34999999999999964,0.111
0.33425,0.09075250000000003,3.1499999999999995,0.34999999999999964,0.126,0.34999999999999964,0.11
0.33430000000000004,0.09426500000000003,3.3,0.34999999999999964,0.126,0.34999999999999964,0.10900000000000001
0.33435000000000004,0.09750250000000002,3.4499999999999993,0.34999999999999964,0.125,0.34999999999999964,0.108
0.33440000000000003,0.09605000000000002,3.4000000000000004,0.34999999999999964,0.125,0.34999999999999964,0.104
0.33445,0.09895750000000003,3.5500000000000007,0.34999999999999964,0.124,0.34999999999999964,0.103
0.3345,0.10146750000000003,3.700000000000001,0.34999999999999964,0.124,0.34999999999999964,0.102
0.33455,0.10366500000000002,3.8500000000000005,0.34999999999999964,0.12300000000000001,0.34999999999999964,0.101
0.3346,0.10523750000000003,4.000000000000001,0.34999999999999964,0.122,0.34999999999999964,0.101
0.33465,0.10673500000000002,4.150000000000001,0.34999999999999964,0.12000000000000001,0.34999999999999964,0.1
0.3347,0.11225000000000003,4.4,0.34999999999999964,0.11900000000000001,0.34999999999999964,0.102
0.33475,0.11315750000000002,4.550000000000001,0.34999999999999964,0.118,0.34999999999999964,0.102
0.33480000000000004,0.11366500000000003,4.7,0.34999999999999964,0.116,0.34999999999999964,0.101
0.33485000000000004,0.11393250000000003,4.8500000000000005,0.34999999999999964,0.115,0.34999999999999964,0.101
0.33490000000000003,0.10988000000000003,4.8,0.34999999999999964,0.11299999999999999,0.34999999999999964,0.097
0.33495,0.10993500000000003,4.95,0.34999999999999964,0.112,0.34999999999999964,0.096
0.335,0.11036250000000003,5.1,0.34999999999999964,0.111,0.34999999999999964,0.096
0.33505,0.11061500000000003,5.199999999999999,0.34999999999999964,0.11,0.34999999999999964,0.095
0.3351,0.11037000000000002,5.349999999999999,0.34999999999999964,0.10900000000000001,0.34999999999999964,0.095
0.33515,0.10986750000000002,5.449999999999999,0.34999999999999964,0.108,0.34999999999999964,0.095
0.3352,0.11283250000000003,5.7,0.34999999999999964,0.107,0.34999999999999964,0.097
0.33525,0.11158750000000003,5.85,0.34999999999999964,0.106,0.34999999999999964,0.097
0.33530000000000004,0.10988250000000002,5.950000000000001,0.34999999999999964,0.10500000000000001,0.34999999999999964,0.097
0.33535000000000004,0.10771250000000003,6.050000000000001,0.34999999999999964,0.104,0.34999999999999964,0.096
0.33540000000000003,0.10118500000000002,6.050000000000001,0.3000000000000007,0.103,0.3000000000000007,0.093
0.33545,0.09774000000000002,6.1,0.3000000000000007,0.103,0.3000000000000007,0.093
0.3355,0.09460000000000002,6.2,0.3000000000000007,0.102,0.3000000000000007,0.093
0.33555,0.09153500000000002,6.25,0.3000000000000007,0.101,0.3000000000000007,0.092
0.3356,0.08839500000000003,6.25,0.3000000000000007,0.101,0.3000000000000007,0.092
0.33565,0.08518750000000003,6.15,0.3000000000000007,0.1,0.3000000000000007,0.092
0.3357,0.08591500000000002,6.149999999999999,0.3000000000000007,0.1,0.3000000000000007,0.094
0.33575,0.08346750000000003,5.9,0.3000000000000007,0.09899999999999999,0.3000000000000007,0.094
0.33580000000000004,0.08131750000000001,5.7,0.3000000000000007,0.09899999999999999,0.3000000000000007,0.094
0.33585000000000004,0.07939000000000002,5.549999999999999,0.3000000000000007,0.098,0.3000000000000007,0.094
0.33590000000000003,0.07416250000000002,5.25,0.3000000000000007,0.098,0.3000000000000007,0.091
0.33595,0.07260500000000002,5.15,0.3000000000000007,0.098,0.3000000000000007,0.091
0.336,0.07120250000000002,5.050000000000001,0.3000000000000007,0.097,0.3000000000000007,0.09000000000000001
0.33605,0.06990750000000001,4.949999999999999,0.3000000000000007,0.097,0.3000000000000007,0.09000000000000001
0.3361,0.06869250000000002,4.9,0.3000000000000007,0.097,0.3000000000000007,0.09000000000000001
0.33615,0.06759500000000002,4.800000000000001,0.3000000000000007,0.097,0.3000000000000007,0.09000000000000001
0.3362,0.07001750000000002,4.9,0.3000000000000007,0.096,0.3000000000000007,0.092
0.33625,0.06899500000000001,4.8,0.3000000000000007,0.096,0.3000000000000007,0.092
0.33630000000000004,0.06800250000000002,4.75,0.3000000000000007,0.096,0.3000000000000007,0.092
0.33635000000000004,0.06712250000000002,4.7,0.3000000000000007,0.095,0.3000000000000007,0.092
0.33640000000000003,0.06287000000000001,4.500000000000001,0.3000000000000007,0.095,0.3000000000000007,0.089
0.33645,0.061980000000000014,4.449999999999999,0.3000000000000007,0.095,0.3000000000000007,0.089
0.3365,0.06117250000000002,4.4,0.3000000000000007,0.095,0.3000000000000007,0.089
0.33655,0.060252500000000014,4.3999999999999995,0.3000000000000007,0.094,0.3000000000000007,0.088
0.3366,0.05927000000000002,4.35,0.3000000000000007,0.094,0.3000000000000007,0.088
0.33665,0.05815500000000001,4.300000000000001,0.3000000000000007,0.094,0.3000000000000007,0.081
0.3367,0.056415000000000014,4.1000000000000005,0.3999999999999986,0.094,0.3999999999999986,0.088
0.33675,0.05599750000000001,3.9,0.3999999999999986,0.093,0.3999999999999986,0.092
0.33680000000000004,0.053870000000000015,3.7,0.3999999999999986,0.093,0.3999999999999986,0.093
0.33685000000000004,0.052072500000000015,3.55,0.3999999999999986,0.094,0.3999999999999986,0.094
0.33690000000000003,0.048555000000000015,3.35,0.3999999999999986,0.094,0.3999999999999986,0.094
0.33695,0.04763750000000001,3.2,0.3999999999999986,0.09899999999999999,0.3999999999999986,0.09899999999999999
0.337,0.047117500000000014,3.0,0.3999999999999986,0.104,0.3999999999999986,0.104
0.33705,0.04709250000000001,2.8,0.3999999999999986,0.108,0.3999999999999986,0.108
0.3371,0.04754750000000001,2.6,0.3999999999999986,0.111,0.3999999999999986,0.111
0.33715,0.04919000000000001,2.4499999999999997,0.3999999999999986,0.114,0.3999999999999986,0.112
0.3372,0.05183500000000001,2.25,0.34999999999999964,0.117,0.34999999999999964,0.11299999999999999
0.33725,0.060170000000000015,2.15,0.34999999999999964,0.12000000000000001,0.34999999999999964,0.116
0.3373,0.06458750000000002,2.25,0.34999999999999964,0.122,0.34999999999999964,0.116
0.33735000000000004,0.06894750000000002,2.4,0.34999999999999964,0.12300000000000001,0.34999999999999964,0.115
0.33740000000000003,0.06838500000000002,2.4,0.34999999999999964,0.12300000000000001,0.34999999999999964,0.111
0.33745,0.07271000000000002,2.5,0.34999999999999964,0.124,0.34999999999999964,0.11
0.3375,0.07692000000000002,2.65,0.34999999999999964,0.125,0.34999999999999964,0.10900000000000001
0.33755,0.08098250000000003,2.8,0.34999999999999964,0.125,0.34999999999999964,0.108
0.3376,0.08481500000000002,2.9499999999999997,0.34999999999999964,0.126,0.34999999999999964,0.107
0.33765,0.08844500000000002,3.1,0.34999999999999964,0.126,0.34999999999999964,0.106
0.3377,0.09186000000000002,3.25,0.34999999999999964,0.125,0.34999999999999964,0.10500000000000001
0.33775,0.09959750000000002,3.5500000000000003,0.34999999999999964,0.125,0.34999999999999964,0.108
0.3378,0.10249750000000002,3.6500000000000004,0.34999999999999964,0.125,0.34999999999999964,0.107
0.33785000000000004,0.10512250000000002,3.8000000000000003,0.34999999999999964,0.124,0.34999999999999964,0.106
0.33790000000000003,0.10737750000000003,3.95,0.34999999999999964,0.12300000000000001,0.34999999999999964,0.10500000000000001
0.33795000000000003,0.10475000000000002,3.95,0.34999999999999964,0.122,0.34999999999999964,0.101
0.338,0.10628500000000003,4.1000000000000005,0.34999999999999964,0.121,0.34999999999999964,0.1
0.33805,0.10765250000000003,4.2,0.34999999999999964,0.12000000000000001,0.34999999999999964,0.09899999999999999
0.3381,0.10869250000000003,4.3500000000000005,0.34999999999999964,0.118,0.34999999999999964,0.09899999999999999
0.33815,0.10933750000000003,4.5,0.34999999999999964,0.117,0.34999999999999964,0.098
0.3382,0.10976750000000003,4.65,0.34999999999999964,0.115,0.34999999999999964,0.098
0.33825,0.11395250000000003,4.8999999999999995,0.34999999999999964,0.114,0.34999999999999964,0.1
0.3383,0.11379750000000002,5.05,0.34999999999999964,0.11299999999999999,0.34999999999999964,0.1
0.33835000000000004,0.11428750000000003,5.199999999999999,0.34999999999999964,0.111,0.34999999999999964,0.09899999999999999
0.33840000000000003,0.11450250000000003,5.35,0.34999999999999964,0.11,0.34999999999999964,0.098
0.33845000000000003,0.11045500000000003,5.3,0.34999999999999964,0.10900000000000001,0.34999999999999964,0.095
0.3385,0.11007250000000003,5.3999999999999995,0.34999999999999964,0.108,0.34999999999999964,0.095
0.33855,0.10938250000000002,5.5,0.34999999999999964,0.107,0.34999999999999964,0.094
0.3386,0.10822000000000002,5.6499999999999995,0.34999999999999964,0.106,0.34999999999999964,0.094
0.33865,0.10674250000000003,5.75,0.34999999999999964,0.10500000000000001,0.34999999999999964,0.094
0.3387,0.10477000000000003,5.9,0.34999999999999964,0.104,0.34999999999999964,0.093
0.33875,0.10595750000000002,6.15,0.29999999999999893,0.104,0.29999999999999893,0.096
0.3388,0.10255500000000002,6.249999999999999,0.29999999999999893,0.103,0.29999999999999893,0.096
0.33885000000000004,0.09928000000000002,6.3,0.29999999999999893,0.102,0.29999999999999893,0.095
0.33890000000000003,0.09621250000000002,6.3999999999999995,0.29999999999999893,0.102,0.29999999999999893,0.095
0.33895000000000003,0.08943250000000003,6.249999999999999,0.29999999999999893,0.101,0.29999999999999893,0.092
0.339,0.08625750000000003,6.2,0.29999999999999893,0.1,0.29999999999999893,0.092
0.33905,0.08323250000000001,6.05,0.29999999999999893,0.1,0.29999999999999893,0.092
0.3391,0.08068500000000002,5.8500000000000005,0.29999999999999893,0.09899999999999999,0.29999999999999893,0.092
0.33915,0.07841000000000002,5.65,0.29999999999999893,0.09899999999999999,0.29999999999999893,0.091
0.3392,0.07647250000000001,5.45,0.29999999999999893,0.09899999999999999,0.29999999999999893,0.091
0.33925,0.07825000000000001,5.449999999999999,0.29999999999999893,0.098,0.29999999999999893,0.093
0.3393,0.07668000000000003,5.349999999999999,0.29999999999999893,0.098,0.29999999999999893,0.093
0.33935000000000004,0.07518750000000002,5.25,0.29999999999999893,0.098,0.29999999999999893,0.093
0.33940000000000003,0.07386250000000003,5.1499999999999995,0.29999999999999893,0.097,0.29999999999999893,0.093
0.33945000000000003,0.06909750000000002,4.899999999999999,0.29999999999999893,0.097,0.29999999999999893,0.09000000000000001
0.3395,0.06794250000000002,4.85,0.29999999999999893,0.097,0.29999999999999893,0.09000000000000001
0.33955,0.06689250000000002,4.75,0.29999999999999893,0.096,0.29999999999999893,0.09000000000000001
0.3396,0.06583750000000002,4.7,0.29999999999999893,0.096,0.29999999999999893,0.09000000000000001
0.33965,0.06492000000000002,4.65,0.29999999999999893,0.096,0.29999999999999893,0.089
0.3397,0.06402750000000001,4.6,0.29999999999999893,0.096,0.29999999999999893,0.089
0.33975,0.06651500000000002,4.7,0.29999999999999893,0.095,0.29999999999999893,0.092
0.3398,0.06568000000000002,4.65,0.29999999999999893,0.095,0.29999999999999893,0.091
0.33985000000000004,0.06470500000000001,4.599999999999999,0.29999999999999893,0.095,0.29999999999999893,0.091
0.33990000000000004,0.06373250000000001,4.550000000000001,0.29999999999999893,0.095,0.29999999999999893,0.091
0.33995000000000003,0.05957000000000001,4.350000000000001,0.29999999999999893,0.094,0.29999999999999893,0.088
0.34,0.05825000000000002,4.3,0.29999999999999893,0.094,0.0,0.0
0.34005,0.05547750000000001,4.1000000000000005,0.29999999999999893,0.094,0.0,0.0
0.3401,0.051955000000000015,3.9000000000000004,0.25,0.093,0.0,0.0
0.34015,0.04817500000000001,3.6500000000000004,0.25,0.093,0.0,0.0
0.3402,0.04409000000000001,3.5,0.25,0.093,0.0,0.0
0.34025,0.04002500000000001,3.3,0.25,0.092,0.0,0.0
0.3403,0.03619750000000001,3.1499999999999995,0.1999999999999993,0.091,0.0,0.0
0.34035000000000004,0.03248000000000001,2.9000000000000012,0.1999999999999993,0.09000000000000001,0.0,0.0
0.34040000000000004,0.028630000000000006,2.750000000000001,0.1999999999999993,0.088,0.0,0.0
0.34045000000000003,0.024942500000000006,2.5500000000000007,0.1999999999999993,0.087,0.0,0.0
0.3405,0.021470000000000006,2.4000000000000004,0.1999999999999993,0.08399999999999999,0.0,0.0
0.34055,0.018267500000000006,2.1500000000000004,0.15000000000000036,0.082,0.0,0.0
0.3406,0.015130000000000005,2.0,0.15000000000000036,0.078,0.0,0.0
0.34065,0.012022500000000004,1.8000000000000007,0.15000000000000036,0.074,0.0,0.0
0.3407,0.009050000000000002,1.5999999999999996,0.15000000000000036,0.06999999999999998,0.0,0.0
0.34075,0.006232500000000002,1.4000000000000004,0.15000000000000036,0.06499999999999999,0.0,0.0
0.3408,0.004097500000000001,1.1999999999999993,0.09999999999999964,0.058,0.0,0.0
0.34085000000000004,0.0025525000000000005,0.9999999999999982,0.049999999999998934,0.051,0.0,0.0
0.34090000000000004,0.0011025000000000002,0.75,0.049999999999998934,0.041,0.0,0.0
0.34095000000000003,0.0,0.5000000000000018,0.049999999999998934,0.028,0.0,0.0
0.341,0.0,0.0,0.0,0.0,0.0,0.0
0.34105,0.0,0.0,0.0,0.0,0.0,0.0
