t,volume,length,width,depth,local_width,local_depth
0.0,0.0,0.0,0.0,0.0,0.0,0.0
5e-05,0.001498,0.35,0.31,0.029,0.31,0.029
0.0001,0.0030074999999999998,0.5,0.31,0.043,0.31,0.043000000000000003
0.00015000000000000001,0.004634,0.6000000000000001,0.31,0.051,0.31,0.051
0.0002,0.006294999999999999,0.75,0.31,0.057,0.31,0.057
0.00025,0.0078955,0.9,0.31,0.060000000000000005,0.31,0.060000000000000005
0.00030000000000000003,0.00946,1.0,0.31,0.062,0.31,0.062
0.00035,0.010921,1.15,0.31,0.063,0.31,0.063
0.0004,0.012213,1.3,0.31,0.063,0.31,0.063
0.00045000000000000004,0.0133805,1.4,0.31,0.063,0.31,0.063
0.0005,0.0143805,1.55,0.31,0.063,0.31,0.063
0.00055,0.0151825,1.6500000000000001,0.31,0.063,0.31,0.063
0.0006000000000000001,0.0158025,1.8,0.31,0.063,0.31,0.063
0.0006500000000000001,0.016222,1.9000000000000004,0.31,0.063,0.31,0.063
0.0007,0.016451,2.0,0.31,0.063,0.31,0.063
0.00075,0.0165295,2.05,0.31,0.063,0.31,0.063
0.0008,0.016535499999999998,2.0999999999999996,0.31,0.063,0.31,0.063
0.0008500000000000001,0.016536,2.0999999999999996,0.31,0.063,0.31,0.063
0.0009000000000000001,0.016536,2.0999999999999996,0.31,0.063,0.31,0.063
0.00095,0.016536,2.0999999999999996,0.31,0.063,0.31,0.063
0.001,0.016536,2.0999999999999996,0.31,0.063,0.31,0.063
0.0010500000000000002,0.016537,2.0999999999999996,0.31,0.063,0.31,0.063
0.0011,0.016537,2.0999999999999996,0.31,0.063,0.31,0.063
0.00115,0.016537,2.1,0.31,0.063,0.31,0.063
0.0012000000000000001,0.016537,2.1,0.31,0.063,0.31,0.063
0.00125,0.016537,2.0999999999999996,0.31,0.063,0.31,0.063
0.0013000000000000002,0.016537,2.0999999999999996,0.31,0.063,0.31,0.063
0.00135,0.016537,2.1,0.31,0.063,0.31,0.063
0.0014,0.016537,2.0999999999999996,0.31,0.063,0.31,0.063
0.0014500000000000001,0.016537,2.1,0.31,0.063,0.31,0.063
0.0015,0.016537,2.099999999999999,0.31,0.063,0.31,0.063
0.0015500000000000002,0.016537,2.0999999999999996,0.31,0.063,0.31,0.063
0.0016,0.016537,2.099999999999999,0.31,0.063,0.31,0.063
0.00165,0.016537,2.0999999999999996,0.31,0.063,0.31,0.063
0.0017000000000000001,0.016537,2.1,0.31,0.063,0.31,0.063
0.00175,0.016537,2.0999999999999996,0.31,0.063,0.31,0.063
0.0018000000000000002,0.016537,2.1,0.31,0.063,0.31,0.063
0.00185,0.016537,2.099999999999999,0.31,0.063,0.31,0.063
0.0019,0.016537,2.0999999999999996,0.31,0.063,0.31,0.063
0.0019500000000000001,0.016537,2.1,0.31,0.063,0.31,0.063
0.002,0.016537,2.1000000000000005,0.31,0.063,0.31,0.063
0.00205,0.016537,2.0999999999999996,0.31,0.063,0.31,0.063
0.0021000000000000003,0.016537,2.1000000000000005,0.31,0.063,0.31,0.063
0.00215,0.016537,2.1000000000000005,0.31,0.063,0.31,0.063
0.0022,0.016537,2.1000000000000005,0.31,0.063,0.31,0.063
0.0022500000000000003,0.016537,2.1000000000000005,0.31,0.063,0.31,0.063
0.0023,0.016537,2.0999999999999996,0.31,0.063,0.31,0.063
0.00235,0.016537,2.0999999999999996,0.31,0.063,0.31,0.063
0.0024000000000000002,0.016537,2.0999999999999996,0.31,0.063,0.31,0.063
0.00245,0.016537,2.0999999999999996,0.31,0.063,0.31,0.063
0.0025,0.016537,2.0999999999999996,0.31,0.063,0.31,0.063
0.00255,0.016537,2.0999999999999996,0.31,0.063,0.31,0.063
0.0026000000000000003,0.016537,2.0999999999999996,0.31,0.063,0.31,0.063
0.00265,0.016537,2.1000000000000005,0.31,0.063,0.31,0.063
0.0027,0.016537,2.1000000000000005,0.31,0.063,0.31,0.063
0.0027500000000000003,0.016537,2.0999999999999996,0.31,0.063,0.31,0.063
0.0028,0.016537,2.0999999999999996,0.31,0.063,0.31,0.063
0.00285,0.016537,2.1000000000000005,0.31,0.063,0.31,0.063
0.0029000000000000002,0.016537,2.1000000000000005,0.31,0.063,0.31,0.063
0.00295,0.016537,2.0999999999999996,0.31,0.063,0.31,0.063
0.003,0.016537,2.0999999999999996,0.31,0.063,0.31,0.063
0.00305,0.016537,2.0999999999999996,0.31,0.063,0.31,0.063
0.0031000000000000003,0.016537,2.1000000000000005,0.31,0.063,0.31,0.063
0.00315,0.016537,2.0999999999999988,0.31,0.063,0.31,0.063
0.0032,0.016537,2.1000000000000014,0.31,0.063,0.31,0.063
0.0032500000000000003,0.016537,2.0999999999999996,0.31,0.063,0.31,0.063
0.0033,0.016537,2.0999999999999996,0.31,0.063,0.31,0.063
0.00335,0.0164745,2.05,0.33,0.063,1.3890382256239286,0.063
0.0034000000000000002,0.0157485,1.8999999999999997,0.36,0.063,0.36,0.063
0.0034500000000000004,0.014451499999999999,1.7499999999999993,0.37,0.063,0.37,0.063
0.0035,0.0131355,1.55,0.36,0.068,0.36,0.068
0.00355,0.0120275,1.4000000000000015,0.36,0.07200000000000001,0.36,0.07200000000000001
0.0036000000000000003,0.01113,1.250000000000001,0.35000000000000003,0.075,0.35000000000000003,0.075
0.00365,0.010551999999999999,1.1000000000000008,0.35000000000000003,0.077,0.35000000000000003,0.077
0.0037,0.010393,0.9500000000000004,0.34,0.078,0.34,0.078
0.0037500000000000003,0.0105515,0.8500000000000008,0.34,0.078,0.34,0.078
0.0038,0.010870999999999999,0.8999999999999997,0.33,0.078,0.33,0.078
0.00385,0.011094,0.9500000000000004,0.33,0.077,0.33,0.077
0.0039000000000000003,0.0111855,0.9999999999999993,0.33,0.075,0.33,0.075
0.00395,0.011153,1.05,0.33,0.07200000000000001,0.33,0.07200000000000001
0.004,0.010974999999999999,1.1000000000000008,0.33,0.06899999999999999,0.33,0.06899999999999999
0.00405,0.010674,1.1500000000000015,0.33,0.06499999999999999,0.33,0.06499999999999999
0.0041,0.0105965,1.250000000000001,0.33,0.060000000000000005,0.33,0.060000000000000005
0.00415,0.0103765,1.250000000000001,0.34,0.055,0.33999999999999997,0.055
0.004200000000000001,0.010041,1.3500000000000008,0.34,0.055,0.33999999999999997,0.055
0.00425,0.0095665,1.349999999999999,0.34,0.059,0.33999999999999997,0.059
0.0043,0.0090265,1.4500000000000004,0.33,0.063,0.32999999999999996,0.063
0.004350000000000001,0.008513999999999999,1.1999999999999986,0.33,0.06499999999999999,0.32999999999999996,0.06499999999999999
0.0044,0.008584999999999999,1.0499999999999983,0.33,0.067,0.32999999999999996,0.067
0.00445,0.0089175,0.9499999999999986,0.33,0.067,0.32999999999999996,0.067
0.0045000000000000005,0.009370999999999999,0.9500000000000022,0.33,0.067,0.32999999999999996,0.067
0.00455,0.009752499999999999,0.9999999999999993,0.33,0.066,0.32999999999999996,0.066
0.0046,0.0100725,1.05,0.33,0.06499999999999999,0.32999999999999996,0.06499999999999999
0.0046500000000000005,0.010315,1.099999999999999,0.33,0.064,0.32999999999999996,0.064
0.0047,0.01053,1.1500000000000006,0.33,0.064,0.32999999999999996,0.064
0.00475,0.0107675,1.2500000000000002,0.33,0.063,0.32999999999999996,0.063
0.0048000000000000004,0.010917999999999999,1.2500000000000002,0.33,0.062,0.32999999999999996,0.062
0.00485,0.0109845,1.3,0.32,0.062,0.32,0.062
0.0049,0.010973,1.3499999999999999,0.32,0.062,0.32,0.062
0.00495,0.0109345,1.3500000000000008,0.32,0.063,0.32,0.063
0.005,0.010914499999999999,1.3500000000000008,0.32,0.064,0.32,0.064
0.005050000000000001,0.010901,1.349999999999999,0.32,0.064,0.32,0.064
0.0051,0.01091,1.3499999999999999,0.32,0.064,0.32,0.064
0.00515,0.010961499999999999,1.3,0.32,0.063,0.32,0.063
0.005200000000000001,0.011005,1.2999999999999992,0.32,0.063,0.32,0.063
0.00525,0.011174,1.300000000000001,0.32,0.062,0.32,0.062
0.0053,0.0113435,1.3499999999999999,0.32,0.062,0.32,0.062
0.005350000000000001,0.0114395,1.3500000000000008,0.32,0.062,0.32,0.062
0.0054,0.0115195,1.4499999999999995,0.32,0.061,0.32,0.061
0.00545,0.011547499999999999,1.4500000000000004,0.32,0.062,0.32,0.062
0.0055000000000000005,0.011580499999999999,1.4499999999999995,0.32,0.063,0.32,0.063
0.00555,0.011613,1.4500000000000004,0.32,0.063,0.32,0.063
0.0056,0.0116505,1.4500000000000004,0.32,0.063,0.32,0.063
0.0056500000000000005,0.011693,1.4499999999999995,0.32,0.062,0.32,0.062
0.0057,0.011737,1.4499999999999995,0.32,0.062,0.32,0.062
0.00575,0.0117775,1.4500000000000004,0.32,0.062,0.32,0.062
0.0058000000000000005,0.01181,1.4500000000000004,0.32,0.062,0.32,0.062
0.00585,0.0117795,1.4499999999999995,0.32,0.062,0.32,0.062
0.0059,0.011703499999999999,1.4999999999999993,0.32,0.061,0.32,0.061
0.00595,0.0116045,1.5000000000000002,0.32,0.061,0.32,0.061
0.006,0.0114805,1.4499999999999995,0.32,0.061,0.32,0.061
0.006050000000000001,0.011379,1.4500000000000004,0.32,0.061,0.32,0.061
0.0061,0.0112695,1.4500000000000004,0.32,0.061,0.32,0.061
0.00615,0.011158,1.4499999999999995,0.32,0.060000000000000005,0.32,0.060000000000000005
0.006200000000000001,0.011167,1.4500000000000004,0.32,0.060000000000000005,0.32,0.060000000000000005
0.00625,0.0112105,1.4500000000000004,0.32,0.060000000000000005,0.32,0.060000000000000005
0.0063,0.0112885,1.4500000000000004,0.32,0.060000000000000005,0.32,0.060000000000000005
0.006350000000000001,0.0113765,1.4499999999999995,0.32,0.060000000000000005,0.32,0.060000000000000005
0.0064,0.011472,1.5000000000000002,0.32,0.062,0.32,0.062
0.00645,0.0115985,1.4499999999999995,0.32,0.063,0.32,0.063
0.006500000000000001,0.011741,1.4499999999999995,0.32,0.063,0.32,0.063
0.00655,0.0118855,1.4500000000000004,0.32,0.063,0.32,0.063
0.0066,0.0120225,1.4499999999999995,0.32,0.063,0.32,0.063
0.0066500000000000005,0.012178999999999999,1.5000000000000002,0.32,0.063,0.32,0.063
0.0067,0.0123625,1.5000000000000002,0.32,0.063,0.32,0.063
0.00675,0.0124975,1.4999999999999998,0.32,0.062,0.32,0.062
0.0068000000000000005,0.012572,1.5000000000000002,0.32,0.062,0.32,0.062
0.00685,0.0125825,1.5499999999999996,0.32,0.062,0.32,0.062
0.006900000000000001,0.012553,1.5999999999999999,0.32,0.062,0.32,0.062
0.0069500000000000004,0.012480999999999999,1.6000000000000003,0.32,0.062,0.32,0.062
0.007,0.0124215,1.5999999999999994,0.32,0.062,0.32,0.062
0.007050000000000001,0.012358,1.5500000000000005,0.32,0.062,0.32,0.062
0.0071,0.0122955,1.5499999999999996,0.32,0.062,0.32,0.062
0.00715,0.012234499999999999,1.5999999999999999,0.32,0.062,0.32,0.062
0.007200000000000001,0.0121815,1.5500000000000005,0.32,0.061,0.32,0.061
0.00725,0.0121335,1.55,0.32,0.061,0.32,0.061
0.0073,0.0120805,1.55,0.32,0.061,0.32,0.061
0.007350000000000001,0.012015999999999999,1.5000000000000002,0.32,0.061,0.32,0.061
0.0074,0.011967499999999999,1.55,0.32,0.061,0.32,0.061
0.00745,0.011939,1.55,0.32,0.061,0.32,0.061
0.007500000000000001,0.011887,1.5499999999999998,0.31,0.061,0.31000000000000005,0.061
0.00755,0.0118395,1.4999999999999998,0.31,0.061,0.31000000000000005,0.061
0.0076,0.011788499999999999,1.5000000000000002,0.32,0.061,0.32,0.061
0.0076500000000000005,0.011745,1.55,0.32,0.061,0.32,0.061
0.0077,0.011712499999999999,1.55,0.31,0.061,0.31000000000000005,0.061
0.00775,0.011660499999999999,1.5000000000000002,0.31,0.061,0.31000000000000005,0.061
0.0078000000000000005,0.011635,1.5,0.31,0.061,0.31000000000000005,0.061
0.007850000000000001,0.011582,1.5,0.31,0.060000000000000005,0.31000000000000005,0.060000000000000005
0.0079,0.011552,1.5500000000000003,0.31,0.060000000000000005,0.31000000000000005,0.060000000000000005
0.00795,0.011512999999999999,1.5,0.31,0.060000000000000005,0.31000000000000005,0.060000000000000005
0.008,0.0114915,1.4999999999999998,0.31,0.060000000000000005,0.31000000000000005,0.060000000000000005
0.00805,0.011451,1.5000000000000002,0.31,0.060000000000000005,0.31000000000000005,0.060000000000000005
0.0081,0.0113945,1.4500000000000004,0.31,0.060000000000000005,0.31000000000000005,0.060000000000000005
0.008150000000000001,0.011382,1.5,0.31,0.060000000000000005,0.31000000000000005,0.060000000000000005
0.0082,0.011346499999999999,1.5000000000000002,0.31,0.060000000000000005,0.31000000000000005,0.060000000000000005
0.00825,0.0113055,1.5,0.31,0.060000000000000005,0.31000000000000005,0.060000000000000005
0.0083,0.0112385,1.4500000000000002,0.31,0.060000000000000005,0.31000000000000005,0.060000000000000005
0.00835,0.0111895,1.45,0.31,0.060000000000000005,0.31000000000000005,0.060000000000000005
0.008400000000000001,0.01111,1.5,0.31,0.060000000000000005,1.25243569263525,0.060000000000000005
0.008450000000000001,0.010858999999999999,1.4000000000000001,0.36,0.059,1.277435683893059,0.059
0.0085,0.010085499999999999,1.25,0.36000000000000004,0.059,0.36,0.059
0.00855,0.0093745,1.1,0.36000000000000004,0.064,0.36,0.064
0.0086,0.0088465,1.0,0.36000000000000004,0.068,0.36,0.068
0.00865,0.0086165,0.9,0.36000000000000004,0.07100000000000001,0.36,0.07100000000000001
0.008700000000000001,0.0088065,0.8,0.35000000000000003,0.074,0.35000000000000003,0.074
0.00875,0.009330999999999999,0.75,0.3399999999999999,0.075,0.3399999999999999,0.075
0.0088,0.009923999999999999,0.8,0.3399999999999999,0.075,0.3399999999999999,0.075
0.00885,0.010440999999999999,0.9,0.33,0.075,0.33,0.075
0.0089,0.010799,0.95,0.33,0.074,0.33,0.074
0.00895,0.010997,1.0,0.32,0.07200000000000001,0.32000000000000006,0.07200000000000001
0.009000000000000001,0.011188499999999999,1.05,0.32,0.06999999999999998,0.32000000000000006,0.06999999999999999
0.00905,0.011132,1.15,0.32,0.066,0.32000000000000006,0.066
0.0091,0.011306,1.25,0.33,0.062,0.33000000000000007,0.062
0.00915,0.011434,1.3,0.33999999999999997,0.059,0.33999999999999997,0.059
0.0092,0.0114405,1.4000000000000001,0.33999999999999997,0.056,0.33999999999999997,0.056
0.009250000000000001,0.011276999999999999,1.4500000000000002,0.32999999999999996,0.060000000000000005,0.32999999999999996,0.060000000000000005
0.009300000000000001,0.011027499999999999,1.55,0.32999999999999996,0.063,0.32999999999999996,0.063
0.00935,0.0106435,1.6,0.32999999999999996,0.064,0.32999999999999996,0.064
0.0094,0.0103815,1.4,0.32999999999999996,0.06499999999999999,0.32999999999999996,0.06499999999999999
0.00945,0.010513,1.25,0.32999999999999996,0.06499999999999999,0.32999999999999996,0.06499999999999999
0.0095,0.0108095,1.2000000000000002,0.32999999999999996,0.064,0.32999999999999996,0.064
0.009550000000000001,0.011176,1.2500000000000002,0.32999999999999996,0.063,0.32999999999999996,0.063
0.009600000000000001,0.011601499999999999,1.2999999999999998,0.32999999999999996,0.062,0.32999999999999996,0.062
0.00965,0.011911,1.3499999999999999,0.32999999999999996,0.061,0.32999999999999996,0.061
0.0097,0.0121,1.4000000000000001,0.32,0.060000000000000005,0.31999999999999995,0.060000000000000005
0.00975,0.012204,1.5,0.32,0.061,0.31999999999999995,0.061
0.0098,0.012209999999999999,1.55,0.32,0.062,0.31999999999999995,0.062
0.009850000000000001,0.012136,1.55,0.32,0.063,0.31999999999999995,0.063
0.0099,0.012053999999999999,1.5499999999999998,0.32,0.063,0.31999999999999995,0.063
0.00995,0.012029999999999999,1.5000000000000002,0.32,0.063,0.31999999999999995,0.063
0.01,0.012071,1.5000000000000002,0.32,0.062,0.31999999999999995,0.062
0.01005,0.012263999999999999,1.4999999999999998,0.32,0.062,0.31999999999999995,0.062
0.010100000000000001,0.012463499999999999,1.5,0.32,0.061,0.31999999999999995,0.061
0.010150000000000001,0.012638,1.55,0.32,0.061,0.31999999999999995,0.061
0.0102,0.012751499999999999,1.55,0.32,0.061,0.31999999999999995,0.061
0.01025,0.0127925,1.5999999999999999,0.32,0.063,0.31999999999999995,0.063
0.0103,0.012783,1.6500000000000001,0.32,0.063,0.31999999999999995,0.063
0.01035,0.0128075,1.6000000000000003,0.32,0.063,0.31999999999999995,0.063
0.010400000000000001,0.012810499999999999,1.6000000000000003,0.32,0.063,0.31999999999999995,0.063
0.010450000000000001,0.01286,1.5999999999999999,0.32,0.062,0.31999999999999995,0.062
0.0105,0.012902499999999999,1.5999999999999999,0.32,0.062,0.31999999999999995,0.062
0.01055,0.0129695,1.5500000000000005,0.32,0.062,0.31999999999999995,0.062
0.0106,0.012988,1.6499999999999997,0.32,0.062,0.31999999999999995,0.062
0.01065,0.012969999999999999,1.6500000000000001,0.32,0.061,0.31999999999999995,0.061
0.010700000000000001,0.012872,1.6499999999999997,0.32,0.061,0.31999999999999995,0.061
0.010750000000000001,0.0127105,1.7000000000000004,0.32,0.061,0.31999999999999995,0.061
0.0108,0.0125805,1.6500000000000001,0.32,0.061,0.31999999999999995,0.061
0.01085,0.0125045,1.6000000000000003,0.32,0.061,0.31999999999999995,0.061
0.0109,0.012497999999999999,1.6499999999999997,0.32,0.060000000000000005,0.31999999999999995,0.060000000000000005
0.01095,0.0125025,1.6000000000000003,0.32,0.060000000000000005,0.31999999999999995,0.060000000000000005
0.011000000000000001,0.012536499999999999,1.6499999999999997,0.32,0.060000000000000005,0.31999999999999995,0.060000000000000005
0.01105,0.012582999999999999,1.599999999999999,0.32,0.061,0.31999999999999995,0.061
0.0111,0.0126555,1.5999999999999999,0.32,0.062,0.31999999999999995,0.062
0.01115,0.012738,1.5999999999999999,0.32,0.063,0.31999999999999995,0.063
0.0112,0.012842,1.5999999999999999,0.32,0.062,0.31999999999999995,0.062
0.011250000000000001,0.0129465,1.6000000000000008,0.32,0.062,0.31999999999999995,0.062
0.011300000000000001,0.013077499999999999,1.5999999999999999,0.32,0.062,0.31999999999999995,0.062
0.01135,0.013203,1.5999999999999999,0.32,0.062,0.31999999999999995,0.062
0.0114,0.0133285,1.5999999999999999,0.32,0.062,0.31999999999999995,0.062
0.01145,0.013396499999999999,1.6499999999999997,0.32,0.062,0.31999999999999995,0.062
0.0115,0.013408,1.6999999999999995,0.32,0.062,0.31999999999999995,0.062
0.011550000000000001,0.013349999999999999,1.7000000000000004,0.32,0.062,0.31999999999999995,0.062
0.011600000000000001,0.013269999999999999,1.7000000000000004,0.32,0.061,0.31999999999999995,0.061
0.01165,0.013207499999999999,1.7000000000000004,0.32,0.061,0.31999999999999995,0.061
0.0117,0.013117,1.7000000000000004,0.32,0.061,0.31999999999999995,0.061
0.01175,0.013063,1.6999999999999995,0.32,0.061,0.31999999999999995,0.061
0.0118,0.0129775,1.6499999999999997,0.32,0.061,0.31999999999999995,0.061
0.011850000000000001,0.012938,1.6999999999999995,0.32,0.061,0.31999999999999995,0.061
0.0119,0.0128525,1.6499999999999997,0.32,0.061,0.31999999999999995,0.061
0.01195,0.012796,1.6999999999999995,0.32,0.061,0.31999999999999995,0.061
0.012,0.0127215,1.6500000000000006,0.32,0.061,0.31999999999999995,0.061
0.01205,0.0126885,1.6999999999999995,0.32,0.060000000000000005,0.31999999999999995,0.060000000000000005
0.012100000000000001,0.012716,1.6500000000000015,0.32,0.060000000000000005,0.31999999999999995,0.060000000000000005
0.012150000000000001,0.0127595,1.6499999999999997,0.32,0.060000000000000005,0.31999999999999995,0.060000000000000005
0.0122,0.0128265,1.6499999999999988,0.32,0.060000000000000005,0.31999999999999995,0.060000000000000005
0.01225,0.012902,1.6499999999999997,0.32,0.061,0.31999999999999995,0.061
0.0123,0.0130015,1.6499999999999988,0.32,0.062,0.31999999999999995,0.062
0.01235,0.013104,1.6499999999999997,0.32,0.063,0.31999999999999995,0.063
0.012400000000000001,0.013226,1.6499999999999997,0.32,0.063,0.31999999999999995,0.063
0.012450000000000001,0.013346499999999999,1.6499999999999997,0.32,0.063,0.31999999999999995,0.063
0.0125,0.013488,1.6499999999999997,0.32,0.062,0.31999999999999995,0.062
0.01255,0.0136145,1.6500000000000015,0.32,0.062,0.31999999999999995,0.062
0.0126,0.0137465,1.6499999999999997,0.32,0.062,0.31999999999999995,0.062
0.01265,0.013800999999999999,1.6999999999999995,0.32,0.062,0.31999999999999995,0.062
0.012700000000000001,0.0137945,1.750000000000001,0.32,0.062,0.31999999999999995,0.062
0.012750000000000001,0.013696,1.750000000000001,0.32,0.061,0.31999999999999995,0.061
0.0128,0.013583999999999999,1.750000000000001,0.31,0.061,0.31,0.061
0.01285,0.013238,1.6499999999999997,0.37,0.061,1.3973395130995245,0.061
0.0129,0.0122875,1.500000000000001,0.36,0.061,0.36,0.061
0.012950000000000001,0.0112715,1.3500000000000008,0.36000000000000004,0.064,0.36000000000000004,0.064
0.013000000000000001,0.0103845,1.2000000000000004,0.36000000000000004,0.068,0.36000000000000004,0.068
0.01305,0.0097845,1.1000000000000008,0.35000000000000003,0.07100000000000001,0.35000000000000003,0.07100000000000001
0.0131,0.0095765,0.8999999999999997,0.35000000000000003,0.073,0.35000000000000003,0.073
0.01315,0.009923999999999999,0.8999999999999997,0.34,0.074,0.34,0.074
0.0132,0.0103515,0.8999999999999997,0.33000000000000007,0.074,0.33000000000000007,0.074
0.013250000000000001,0.010683999999999999,1.000000000000001,0.33000000000000007,0.073,0.33000000000000007,0.073
0.013300000000000001,0.0108645,1.05,0.33000000000000007,0.07100000000000001,0.33000000000000007,0.07100000000000001
0.01335,0.0109225,1.099999999999999,0.32000000000000006,0.06899999999999999,0.32000000000000006,0.06899999999999999
0.0134,0.010915,1.2000000000000004,0.33,0.066,0.33,0.066
0.01345,0.011021,1.2499999999999993,0.33,0.061,0.33,0.061
0.0135,0.010908,1.2999999999999983,0.33,0.056,0.33,0.055
0.013550000000000001,0.010713499999999999,1.3999999999999997,0.33,0.057,0.33,0.057
0.013600000000000001,0.010288,1.4999999999999993,0.33,0.061,0.33,0.061
0.01365,0.0098275,1.55,0.32000000000000006,0.064,0.32000000000000006,0.064
0.0137,0.0091965,1.6000000000000025,0.32000000000000006,0.06499999999999999,0.32000000000000006,0.06499999999999999
0.01375,0.009391,1.05,0.32000000000000006,0.066,0.32000000000000006,0.066
0.013800000000000002,0.009903499999999999,1.0499999999999992,0.32000000000000006,0.06499999999999999,0.32000000000000006,0.06499999999999999
0.013850000000000001,0.0103495,1.1000000000000008,0.32000000000000006,0.064,0.32000000000000006,0.064
0.013900000000000001,0.010761999999999999,1.2000000000000004,0.33000000000000007,0.063,0.33000000000000007,0.063
0.01395,0.011209,1.2500000000000002,0.33000000000000007,0.062,0.33000000000000007,0.062
0.014,0.011528499999999999,1.3,0.33000000000000007,0.061,0.33000000000000007,0.061
0.01405,0.011726499999999999,1.4000000000000006,0.33000000000000007,0.060000000000000005,0.33000000000000007,0.060000000000000005
0.014100000000000001,0.011824999999999999,1.4500000000000004,0.33000000000000007,0.061,0.33000000000000007,0.061
0.014150000000000001,0.011805999999999999,1.4999999999999993,0.32000000000000006,0.063,0.32000000000000006,0.063
0.0142,0.0117415,1.4999999999999993,0.32000000000000006,0.063,0.32000000000000006,0.063
0.01425,0.011647999999999999,1.4499999999999995,0.32000000000000006,0.063,0.32000000000000006,0.063
0.0143,0.011637,1.4500000000000004,0.32000000000000006,0.063,0.32000000000000006,0.063
0.01435,0.011689,1.4500000000000013,0.32000000000000006,0.062,0.32000000000000006,0.062
0.014400000000000001,0.0118915,1.4499999999999995,0.32000000000000006,0.062,0.32000000000000006,0.062
0.014450000000000001,0.012126,1.4500000000000004,0.32000000000000006,0.062,0.32000000000000006,0.062
0.0145,0.01231,1.4500000000000004,0.32000000000000006,0.061,0.32000000000000006,0.061
0.01455,0.0124465,1.55,0.32000000000000006,0.061,0.32000000000000006,0.061
0.0146,0.012513,1.55,0.32000000000000006,0.062,0.32000000000000006,0.062
0.014650000000000002,0.012518999999999999,1.5499999999999992,0.32000000000000006,0.063,0.32000000000000006,0.063
0.014700000000000001,0.0125045,1.6000000000000008,0.32000000000000006,0.063,0.32000000000000006,0.063
0.014750000000000001,0.012537,1.550000000000001,0.32000000000000006,0.063,0.32000000000000006,0.063
0.0148,0.0125665,1.55,0.32000000000000006,0.062,0.32000000000000006,0.062
0.01485,0.0126115,1.55,0.32000000000000006,0.062,0.32000000000000006,0.062
0.0149,0.012660999999999999,1.55,0.32000000000000006,0.062,0.32000000000000006,0.062
0.014950000000000001,0.012695999999999999,1.5499999999999992,0.32000000000000006,0.062,0.32000000000000006,0.062
0.015000000000000001,0.012655,1.5999999999999999,0.32000000000000006,0.061,0.32000000000000006,0.061
0.015050000000000001,0.0125525,1.5999999999999999,0.32000000000000006,0.061,0.32000000000000006,0.061
0.0151,0.0124145,1.6499999999999997,0.32000000000000006,0.061,0.32000000000000006,0.061
0.01515,0.0122855,1.6000000000000008,0.32000000000000006,0.061,0.32000000000000006,0.061
0.0152,0.0121555,1.6000000000000008,0.32000000000000006,0.060000000000000005,0.32000000000000006,0.060000000000000005
0.015250000000000001,0.012150999999999999,1.5999999999999999,0.32000000000000006,0.060000000000000005,0.32000000000000006,0.060000000000000005
0.015300000000000001,0.012159999999999999,1.6000000000000008,0.32000000000000006,0.060000000000000005,0.32000000000000006,0.060000000000000005
0.01535,0.012199999999999999,1.5999999999999999,0.32000000000000006,0.060000000000000005,0.32000000000000006,0.060000000000000005
0.0154,0.01226,1.5999999999999999,0.32000000000000006,0.061,0.32000000000000006,0.061
0.01545,0.012346,1.55,0.32000000000000006,0.062,0.32000000000000006,0.062
0.0155,0.0124405,1.5999999999999999,0.32000000000000006,0.063,0.32000000000000006,0.063
0.015550000000000001,0.0125645,1.55,0.32000000000000006,0.063,0.32000000000000006,0.063
0.015600000000000001,0.012692499999999999,1.55,0.32000000000000006,0.063,0.32000000000000006,0.063
0.01565,0.012849,1.55,0.32000000000000006,0.062,0.32000000000000006,0.062
0.015700000000000002,0.013018,1.55,0.32000000000000006,0.062,0.32000000000000006,0.062
0.01575,0.0131775,1.6000000000000003,0.32000000000000006,0.062,0.32000000000000006,0.062
0.0158,0.013304999999999999,1.6000000000000003,0.32000000000000006,0.062,0.32000000000000006,0.062
0.01585,0.013314999999999999,1.6500000000000001,0.32000000000000006,0.062,0.32000000000000006,0.062
0.0159,0.013313,1.7000000000000004,0.32000000000000006,0.062,0.32000000000000006,0.062
0.015950000000000002,0.013228499999999999,1.7,0.32000000000000006,0.062,0.32000000000000006,0.062
0.016,0.013151999999999999,1.7,0.32000000000000006,0.062,0.32000000000000006,0.062
0.016050000000000002,0.013066999999999999,1.7,0.32000000000000006,0.061,0.32000000000000006,0.061
0.0161,0.0130005,1.6499999999999997,0.32000000000000006,0.061,0.32000000000000006,0.061
0.01615,0.012921,1.7,0.32000000000000006,0.061,0.32000000000000006,0.061
0.0162,0.012853499999999999,1.6500000000000006,0.32000000000000006,0.061,0.32000000000000006,0.061
0.01625,0.012752,1.6500000000000001,0.32000000000000006,0.061,0.32000000000000006,0.061
0.016300000000000002,0.012706499999999999,1.6500000000000001,0.32000000000000006,0.061,0.32000000000000006,0.061
0.01635,0.012619,1.6500000000000001,0.32000000000000006,0.061,0.32000000000000006,0.061
0.0164,0.0125405,1.6500000000000001,0.32000000000000006,0.061,0.32000000000000006,0.061
0.01645,0.0125585,1.6500000000000001,0.32000000000000006,0.060000000000000005,0.32000000000000006,0.060000000000000005
0.0165,0.0125905,1.6500000000000001,0.32000000000000006,0.060000000000000005,0.32000000000000006,0.060000000000000005
0.016550000000000002,0.012652499999999999,1.6500000000000001,0.32000000000000006,0.060000000000000005,0.32000000000000006,0.060000000000000005
0.0166,0.0127125,1.6500000000000001,0.32000000000000006,0.061,0.32000000000000006,0.061
0.01665,0.012806,1.6500000000000001,0.32000000000000006,0.062,0.32000000000000006,0.062
0.0167,0.012891999999999999,1.6500000000000001,0.32000000000000006,0.062,0.32000000000000006,0.062
0.01675,0.0130315,1.6500000000000001,0.32000000000000006,0.063,0.32000000000000006,0.063
0.016800000000000002,0.013118,1.6,0.32000000000000006,0.063,0.32000000000000006,0.063
0.01685,0.01328,1.6500000000000001,0.32000000000000006,0.062,0.32000000000000006,0.062
0.016900000000000002,0.013386499999999999,1.6,0.32000000000000006,0.062,0.32000000000000006,0.062
0.01695,0.013535499999999999,1.6500000000000001,0.32000000000000006,0.062,0.32000000000000006,0.062
0.017,0.013613499999999999,1.65,0.32000000000000006,0.062,0.32000000000000006,0.062
0.01705,0.013654,1.7000000000000004,0.32000000000000006,0.062,0.32000000000000006,0.062
0.0171,0.013582499999999999,1.7,0.32000000000000006,0.062,0.32000000000000006,0.062
0.017150000000000002,0.01347,1.7500000000000002,0.31000000000000005,0.061,0.31000000000000005,0.061
0.0172,0.013245,1.7,0.32999999999999996,0.061,1.359038236114552,0.061
0.01725,0.012614,1.55,0.36,0.061,0.36,0.061
0.0173,0.011587499999999999,1.4,0.35,0.061,0.35,0.061
0.01735,0.0106165,1.3,0.35,0.066,0.35,0.066
0.017400000000000002,0.0098475,1.15,0.34999999999999987,0.06899999999999999,0.34999999999999987,0.06899999999999999
0.01745,0.009483,0.9500000000000001,0.34999999999999987,0.07200000000000001,0.34999999999999987,0.07200000000000001
0.0175,0.009656999999999999,0.9,0.3399999999999999,0.073,0.3399999999999999,0.073
0.01755,0.0100555,0.9,0.3399999999999999,0.074,0.3399999999999999,0.074
0.0176,0.010432,0.9500000000000001,0.3299999999999999,0.073,0.3299999999999999,0.073
0.017650000000000002,0.0106645,1.0499999999999998,0.3299999999999999,0.07100000000000001,0.3299999999999999,0.07100000000000001
0.0177,0.010825,1.05,0.3199999999999999,0.06899999999999999,0.3199999999999999,0.06899999999999999
0.017750000000000002,0.010745,1.1500000000000001,0.3199999999999999,0.066,0.3199999999999999,0.066
0.0178,0.010964,1.25,0.33000000000000007,0.063,0.33000000000000007,0.063
0.01785,0.0109675,1.3,0.33000000000000007,0.058,0.33000000000000007,0.057
0.0179,0.0108285,1.4000000000000001,0.33000000000000007,0.056,0.33000000000000007,0.056
0.01795,0.0105215,1.5,0.33000000000000007,0.060000000000000005,0.33000000000000007,0.060000000000000005
0.018000000000000002,0.010124,1.55,0.32000000000000006,0.063,0.32000000000000006,0.063
0.01805,0.0095955,1.5999999999999999,0.32000000000000006,0.06499999999999999,0.32000000000000006,0.06499999999999999
0.0181,0.009464499999999999,1.0999999999999999,0.32000000000000006,0.066,0.32000000000000006,0.066
0.01815,0.0099665,1.0500000000000003,0.32000000000000006,0.066,0.32000000000000006,0.066
0.0182,0.010458499999999999,1.0999999999999999,0.32000000000000006,0.06499999999999999,0.32000000000000006,0.06499999999999999
0.018250000000000002,0.010912999999999999,1.1500000000000001,0.33000000000000007,0.063,0.33000000000000007,0.063
0.0183,0.011387,1.25,0.33000000000000007,0.062,0.33000000000000007,0.062
0.01835,0.0117255,1.35,0.33000000000000007,0.061,0.33000000000000007,0.061
0.0184,0.011977999999999999,1.4000000000000001,0.33000000000000007,0.061,0.33000000000000007,0.061
0.01845,0.012092,1.4500000000000002,0.33000000000000007,0.061,0.33000000000000007,0.061
0.018500000000000003,0.0120965,1.4999999999999998,0.32000000000000006,0.063,0.32000000000000006,0.063
0.01855,0.0120095,1.5,0.32000000000000006,0.064,0.32000000000000006,0.064
0.018600000000000002,0.011933,1.5,0.32000000000000006,0.064,0.32000000000000006,0.064
0.01865,0.0118915,1.5,0.32000000000000006,0.063,0.32000000000000006,0.063
0.0187,0.011975999999999999,1.45,0.32000000000000006,0.063,0.32000000000000006,0.063
0.01875,0.0121845,1.4500000000000002,0.32000000000000006,0.062,0.32000000000000006,0.062
0.0188,0.012416499999999999,1.4499999999999995,0.32000000000000006,0.062,0.32000000000000006,0.062
0.018850000000000002,0.012607499999999999,1.5000000000000002,0.32000000000000006,0.061,0.32000000000000006,0.061
0.0189,0.0127435,1.55,0.32000000000000006,0.062,0.32000000000000006,0.062
0.01895,0.012776,1.55,0.32000000000000006,0.063,0.32000000000000006,0.063
0.019,0.0127855,1.6000000000000003,0.32000000000000006,0.063,0.32000000000000006,0.063
0.01905,0.012784499999999999,1.5999999999999999,0.32000000000000006,0.063,0.32000000000000006,0.063
0.019100000000000002,0.012784,1.5500000000000005,0.32000000000000006,0.063,0.32000000000000006,0.063
0.01915,0.012815,1.5999999999999999,0.32000000000000006,0.062,0.32000000000000006,0.062
0.019200000000000002,0.0128635,1.5500000000000005,0.32000000000000006,0.062,0.32000000000000006,0.062
0.01925,0.012877999999999999,1.55,0.32000000000000006,0.062,0.32000000000000006,0.062
0.0193,0.0128775,1.5999999999999994,0.32000000000000006,0.061,0.32000000000000006,0.061
0.019350000000000003,0.0128195,1.6500000000000001,0.32000000000000006,0.061,0.32000000000000006,0.061
0.0194,0.012700999999999999,1.6500000000000006,0.32000000000000006,0.061,0.32000000000000006,0.061
0.019450000000000002,0.012551999999999999,1.6000000000000003,0.32000000000000006,0.061,0.32000000000000006,0.061
0.0195,0.012391,1.6500000000000006,0.32000000000000006,0.061,0.32000000000000006,0.061
0.01955,0.012381999999999999,1.6000000000000003,0.32000000000000006,0.060000000000000005,0.32000000000000006,0.060000000000000005
0.0196,0.0123585,1.6499999999999997,0.32000000000000006,0.060000000000000005,0.32000000000000006,0.060000000000000005
0.01965,0.012379,1.6000000000000003,0.32000000000000006,0.060000000000000005,0.32000000000000006,0.060000000000000005
0.019700000000000002,0.0124125,1.6499999999999997,0.32000000000000006,0.060000000000000005,0.32000000000000006,0.060000000000000005
0.01975,0.01251,1.5999999999999999,0.32000000000000006,0.062,0.32000000000000006,0.062
0.0198,0.012584,1.5999999999999999,0.32000000000000006,0.063,0.32000000000000006,0.063
0.01985,0.0126965,1.5999999999999999,0.32000000000000006,0.063,0.32000000000000006,0.063
0.0199,0.012829,1.5999999999999999,0.32000000000000006,0.063,0.32000000000000006,0.063
0.019950000000000002,0.012962,1.6000000000000008,0.32000000000000006,0.063,0.32000000000000006,0.063
0.02,0.0131285,1.5999999999999999,0.32000000000000006,0.062,0.32000000000000006,0.062
0.020050000000000002,0.0132865,1.550000000000001,0.32000000000000006,0.062,0.32000000000000006,0.062
0.0201,0.013423,1.6500000000000006,0.32000000000000006,0.062,0.32000000000000006,0.062
0.02015,0.0134775,1.6499999999999997,0.32000000000000006,0.062,0.32000000000000006,0.062
0.020200000000000003,0.013441,1.6999999999999995,0.32000000000000006,0.062,0.32000000000000006,0.062
0.02025,0.0133835,1.6999999999999995,0.32000000000000006,0.062,0.32000000000000006,0.062
0.020300000000000002,0.013276,1.7000000000000004,0.32000000000000006,0.062,0.32000000000000006,0.062
0.02035,0.013212,1.7000000000000004,0.32000000000000006,0.061,0.32000000000000006,0.061
0.0204,0.013110499999999999,1.6500000000000006,0.32000000000000006,0.061,0.32000000000000006,0.061
0.02045,0.0130415,1.7000000000000004,0.32000000000000006,0.061,0.32000000000000006,0.061
0.0205,0.012957999999999999,1.6500000000000006,0.32000000000000006,0.061,0.32000000000000006,0.061
0.020550000000000002,0.0128715,1.6999999999999995,0.32000000000000006,0.061,0.32000000000000006,0.061
0.0206,0.012794499999999999,1.6499999999999997,0.32000000000000006,0.061,0.32000000000000006,0.061
0.02065,0.012709,1.6499999999999997,0.32000000000000006,0.061,0.32000000000000006,0.061
0.0207,0.012652499999999999,1.6499999999999997,0.32000000000000006,0.060000000000000005,0.32000000000000006,0.060000000000000005
0.02075,0.012673,1.6499999999999997,0.32000000000000006,0.060000000000000005,0.32000000000000006,0.060000000000000005
0.020800000000000003,0.012718,1.6500000000000006,0.32000000000000006,0.060000000000000005,0.32000000000000006,0.060000000000000005
0.02085,0.012772499999999999,1.6499999999999997,0.32000000000000006,0.060000000000000005,0.32000000000000006,0.060000000000000005
0.020900000000000002,0.012841,1.6500000000000006,0.32000000000000006,0.061,0.32000000000000006,0.061
0.02095,0.012931499999999999,1.6499999999999997,0.32000000000000006,0.062,0.32000000000000006,0.062
0.021,0.013038,1.6499999999999997,0.32000000000000006,0.063,0.32000000000000006,0.063
0.021050000000000003,0.013148,1.6499999999999997,0.32000000000000006,0.063,0.32000000000000006,0.063
0.0211,0.0132585,1.6499999999999997,0.32000000000000006,0.063,0.32000000000000006,0.063
0.021150000000000002,0.013391,1.6499999999999997,0.32000000000000006,0.062,0.32000000000000006,0.062
0.0212,0.013507,1.6500000000000006,0.32000000000000006,0.062,0.32000000000000006,0.062
0.02125,0.0136215,1.6500000000000015,0.32000000000000006,0.062,0.32000000000000006,0.062
0.0213,0.0136745,1.7000000000000004,0.32000000000000006,0.062,0.32000000000000006,0.062
0.02135,0.013630999999999999,1.6999999999999995,0.32000000000000006,0.061,0.32000000000000006,0.061
0.021400000000000002,0.013521,1.7499999999999993,0.32000000000000006,0.061,0.32000000000000006,0.061
0.02145,0.0133435,1.750000000000001,0.31000000000000005,0.061,1.292435678647751,0.061
0.021500000000000002,0.01287,1.599999999999999,0.36000000000000004,0.060000000000000005,0.36000000000000004,0.060000000000000005
0.02155,0.0118835,1.4999999999999993,0.36,0.060000000000000005,0.36,0.060000000000000005
0.0216,0.0108495,1.349999999999999,0.36,0.064,0.36,0.064
0.021650000000000003,0.0099765,1.1499999999999997,0.36000000000000004,0.06899999999999999,0.36000000000000004,0.06899999999999999
0.0217,0.009507999999999999,0.9999999999999993,0.36000000000000004,0.07200000000000001,0.36000000000000004,0.07200000000000001
0.021750000000000002,0.0094965,0.8999999999999997,0.35000000000000003,0.075,0.35000000000000003,0.075
0.0218,0.00992,0.849999999999999,0.34,0.076,0.34,0.076
0.02185,0.010523,0.8999999999999997,0.34,0.076,0.34,0.076
0.0219,0.011038,0.8999999999999997,0.34,0.076,0.34,0.076
0.02195,0.0115375,0.9500000000000004,0.33,0.075,0.33,0.075
0.022000000000000002,0.0119145,1.05,0.33,0.073,0.33,0.073
0.02205,0.012095,1.1000000000000008,0.32,0.07100000000000001,0.32,0.07100000000000001
0.0221,0.0120935,1.1500000000000015,0.32,0.068,0.32,0.068
0.02215,0.012124,1.2000000000000004,0.32,0.064,0.32,0.064
0.0222,0.012164,1.3000000000000018,0.33,0.062,0.33,0.062
0.022250000000000002,0.0120095,1.3500000000000008,0.33,0.060000000000000005,0.33,0.060000000000000005
0.0223,0.011779,1.4500000000000004,0.32,0.059,0.32,0.059
0.022350000000000002,0.011346,1.500000000000001,0.32,0.061,0.32,0.061
0.0224,0.010831499999999999,1.55,0.32,0.063,0.32,0.063
0.02245,0.0102895,1.4999999999999993,0.32,0.064,0.32,0.064
0.022500000000000003,0.010003,1.3,0.32,0.064,0.32,0.064
0.02255,0.00996,1.2500000000000002,0.31,0.064,0.31,0.064
0.022600000000000002,0.010033499999999999,1.1999999999999995,0.31,0.063,0.31,0.063
0.02265,0.0101405,1.2000000000000004,0.31,0.062,0.31,0.062
0.0227,0.010218,1.2499999999999993,0.31,0.061,0.31,0.061
0.02275,0.0104505,1.3,0.33,0.060000000000000005,0.33,0.060000000000000005
0.0228,0.0105825,1.3499999999999999,0.33,0.059,0.33,0.059
0.022850000000000002,0.0106555,1.4000000000000006,0.33,0.059,0.33,0.059
0.0229,0.0106585,1.3999999999999988,0.32,0.060000000000000005,0.32,0.060000000000000005
0.02295,0.010662,1.3999999999999997,0.32,0.062,0.32,0.062
0.023,0.0107195,1.4000000000000006,0.32,0.063,0.32,0.063
0.02305,0.010813999999999999,1.3499999999999999,0.32,0.064,0.32,0.064
0.023100000000000002,0.010962999999999999,1.3499999999999999,0.32,0.063,0.32,0.063
0.02315,0.011137,1.3,0.32,0.063,0.32,0.063
0.023200000000000002,0.0113595,1.3,0.32,0.063,0.32,0.063
0.02325,0.011564999999999999,1.3499999999999999,0.32,0.062,0.32,0.062
0.0233,0.011680999999999999,1.3999999999999997,0.32,0.062,0.32,0.062
0.023350000000000003,0.011729499999999999,1.4000000000000006,0.32,0.062,0.32,0.062
0.0234,0.011691,1.4499999999999995,0.32,0.061,0.32,0.061
0.023450000000000002,0.0115675,1.4500000000000004,0.32,0.061,0.32,0.061
0.0235,0.011401999999999999,1.4999999999999993,0.32,0.061,0.32,0.061
0.02355,0.011257,1.5000000000000002,0.32,0.061,0.32,0.061
0.0236,0.0111135,1.500000000000001,0.32,0.060000000000000005,0.32,0.060000000000000005
0.02365,0.0109705,1.4499999999999995,0.32,0.060000000000000005,0.32,0.060000000000000005
0.023700000000000002,0.0108475,1.4500000000000004,0.32,0.060000000000000005,0.32,0.060000000000000005
0.02375,0.010839999999999999,1.4500000000000004,0.32,0.060000000000000005,0.32,0.060000000000000005
0.0238,0.0108945,1.4499999999999995,0.32,0.059,0.32,0.059
0.02385,0.0109775,1.4499999999999995,0.32,0.059,0.32,0.059
0.0239,0.0111205,1.4500000000000004,0.32,0.060000000000000005,0.32,0.060000000000000005
0.023950000000000003,0.0112465,1.4500000000000004,0.32,0.061,0.32,0.061
0.024,0.011380999999999999,1.4500000000000004,0.32,0.062,0.32,0.062
0.024050000000000002,0.0115465,1.3999999999999997,0.32,0.063,0.32,0.063
0.0241,0.011738,1.4500000000000004,0.32,0.063,0.32,0.063
0.02415,0.011928,1.4500000000000004,0.32,0.063,0.32,0.063
0.024200000000000003,0.012119999999999999,1.4500000000000004,0.32,0.062,0.32,0.062
0.02425,0.0123085,1.4499999999999995,0.32,0.062,0.32,0.062
0.024300000000000002,0.0124475,1.4999999999999993,0.32,0.062,0.32,0.062
0.02435,0.012523999999999999,1.55,0.32,0.062,0.32,0.062
0.0244,0.0125315,1.5500000000000005,0.32,0.062,0.32,0.062
0.02445,0.0124525,1.55,0.32,0.061,0.32,0.061
0.0245,0.0123725,1.55,0.32,0.061,0.32,0.061
0.024550000000000002,0.0122735,1.6000000000000003,0.32,0.061,0.32,0.061
0.0246,0.0121695,1.6000000000000003,0.32,0.061,0.32,0.061
0.024650000000000002,0.012103,1.5500000000000005,0.32,0.061,0.32,0.061
0.0247,0.0121135,1.55,0.32,0.061,0.32,0.061
0.02475,0.0121645,1.5499999999999996,0.32,0.061,0.32,0.061
0.024800000000000003,0.0122305,1.55,0.32,0.061,0.32,0.061
0.02485,0.0123025,1.6000000000000003,0.32,0.061,0.32,0.061
0.024900000000000002,0.012421999999999999,1.55,0.32,0.062,0.32,0.062
0.02495,0.012520499999999999,1.5500000000000005,0.32,0.063,0.32,0.063
0.025,0.012628499999999999,1.5999999999999999,0.32,0.063,0.32,0.063
0.025050000000000003,0.012757,1.55,0.32,0.063,0.32,0.063
0.0251,0.012889999999999999,1.55,0.32,0.063,0.32,0.063
0.025150000000000002,0.013005,1.6000000000000003,0.32,0.063,0.32,0.063
0.0252,0.0131515,1.5999999999999999,0.32,0.062,0.32,0.062
0.02525,0.013255,1.6,0.32,0.062,0.32,0.062
0.0253,0.0133025,1.65,0.32,0.062,0.32,0.062
0.02535,0.0132895,1.65,0.32,0.062,0.32,0.062
0.025400000000000002,0.0132155,1.6500000000000001,0.32,0.062,0.32,0.062
0.02545,0.0131355,1.7000000000000002,0.32,0.062,0.32,0.062
0.025500000000000002,0.0130505,1.6499999999999997,0.32,0.062,0.32,0.062
0.02555,0.012960999999999999,1.6500000000000001,0.32,0.062,0.32,0.062
0.0256,0.013013,1.6500000000000001,0.33,0.061,0.33,0.061
0.025650000000000003,0.013053499999999999,1.6500000000000001,0.33,0.061,0.33,0.061
0.0257,0.0131125,1.6499999999999997,0.33,0.061,0.33,0.061
0.025750000000000002,0.013183499999999999,1.6500000000000001,0.33,0.061,0.33,0.061
0.0258,0.013248,1.6500000000000001,0.33,0.062,0.33,0.062
0.02585,0.013314999999999999,1.6500000000000001,0.32,0.063,0.32,0.063
0.025900000000000003,0.013368999999999999,1.7,0.33,0.063,0.33,0.063
0.02595,0.0134165,1.6500000000000001,0.32,0.063,0.32,0.063
0.026000000000000002,0.013352,1.6,0.3400000000000001,0.062,1.3890382256239238,0.062
0.02605,0.0127975,1.4500000000000002,0.35999999999999993,0.062,0.35999999999999993,0.062
0.0261,0.011911999999999999,1.35,0.37000000000000005,0.063,0.37000000000000005,0.063
0.02615,0.011061999999999999,1.25,0.3600000000000001,0.067,0.3600000000000001,0.067
0.0262,0.0104885,1.1,0.3600000000000001,0.07100000000000001,0.3600000000000001,0.07100000000000001
0.026250000000000002,0.0102215,1.0,0.3500000000000001,0.073,0.3500000000000001,0.073
0.0263,0.010369,0.9000000000000001,0.3400000000000001,0.074,0.3400000000000001,0.074
0.026350000000000002,0.010782499999999999,0.95,0.3400000000000001,0.075,0.3400000000000001,0.075
0.0264,0.011207499999999999,0.95,0.33000000000000007,0.075,0.33000000000000007,0.075
0.02645,0.0115535,1.0,0.33000000000000007,0.073,0.33000000000000007,0.073
0.026500000000000003,0.011722999999999999,1.1,0.3200000000000001,0.07100000000000001,0.3200000000000001,0.07100000000000001
0.02655,0.011665,1.2,0.3200000000000001,0.068,0.3200000000000001,0.068
0.026600000000000002,0.011673,1.2500000000000002,0.31999999999999995,0.06499999999999999,0.31999999999999995,0.06499999999999999
0.02665,0.011748,1.3499999999999999,0.32999999999999996,0.060000000000000005,0.32999999999999996,0.060000000000000005
0.0267,0.011594499999999999,1.45,0.32999999999999996,0.055,0.32999999999999996,0.053
0.026750000000000003,0.011283,1.5000000000000002,0.32999999999999996,0.058,0.32999999999999996,0.058
0.0268,0.0108545,1.5999999999999999,0.32,0.062,0.32,0.062
0.026850000000000002,0.010306,1.6500000000000004,0.32,0.06499999999999999,0.32,0.06499999999999999
0.0269,0.009724499999999999,1.4,0.32,0.066,0.32,0.066
0.02695,0.009972499999999999,1.1500000000000001,0.32,0.066,0.32,0.066
0.027,0.010511,1.1500000000000001,0.32,0.066,0.32,0.066
0.02705,0.011013,1.1999999999999997,0.32,0.06499999999999999,0.32,0.06499999999999999
0.027100000000000003,0.0114445,1.2500000000000002,0.33,0.064,0.33,0.064
0.02715,0.011890999999999999,1.3,0.33,0.063,0.33,0.063
0.027200000000000002,0.0122215,1.4000000000000001,0.33,0.062,0.33,0.062
0.02725,0.0124485,1.4500000000000002,0.33,0.061,0.33,0.061
0.0273,0.0125355,1.4999999999999998,0.33,0.061,0.33,0.061
0.027350000000000003,0.012508499999999999,1.6,0.33,0.063,0.33,0.063
0.0274,0.012432499999999999,1.6000000000000003,0.33,0.063,0.33,0.063
0.027450000000000002,0.0123445,1.5499999999999998,0.32,0.063,0.32,0.063
0.0275,0.012305,1.5,0.32,0.063,0.32,0.063
0.02755,0.012310999999999999,1.4999999999999998,0.32,0.063,0.32,0.063
0.027600000000000003,0.012452999999999999,1.4999999999999998,0.32,0.062,0.32,0.062
0.02765,0.0126355,1.5000000000000002,0.32,0.062,0.32,0.062
0.027700000000000002,0.012789,1.55,0.32,0.061,0.32,0.061
0.02775,0.012908999999999999,1.6000000000000003,0.32,0.061,0.32,0.061
0.027800000000000002,0.012947,1.6000000000000003,0.32,0.062,0.32,0.062
0.02785,0.0129505,1.6500000000000001,0.32,0.063,0.32,0.063
0.0279,0.012962999999999999,1.6499999999999997,0.32,0.063,0.32,0.063
0.027950000000000003,0.0129635,1.6000000000000003,0.32,0.063,0.32,0.063
0.028,0.0129835,1.5999999999999994,0.32,0.063,0.32,0.063
0.028050000000000002,0.013049499999999999,1.6000000000000003,0.32,0.062,0.32,0.062
0.0281,0.0131005,1.55,0.32,0.062,0.32,0.062
0.02815,0.0131545,1.6000000000000003,0.32,0.062,0.32,0.062
0.028200000000000003,0.013160499999999999,1.6500000000000001,0.32,0.062,0.32,0.062
0.02825,0.013082499999999999,1.6500000000000001,0.32,0.061,0.32,0.061
0.028300000000000002,0.0129495,1.7,0.32,0.061,0.32,0.061
0.02835,0.012827499999999999,1.6500000000000006,0.32,0.061,0.32,0.061
0.0284,0.012653,1.6500000000000001,0.32,0.061,0.32,0.061
0.028450000000000003,0.0125735,1.6499999999999997,0.32,0.061,0.32,0.061
0.0285,0.0125425,1.6499999999999997,0.32,0.060000000000000005,0.32,0.060000000000000005
0.028550000000000002,0.012577,1.6499999999999997,0.32,0.060000000000000005,0.32,0.060000000000000005
0.0286,0.012591999999999999,1.5999999999999999,0.32,0.060000000000000005,0.32,0.060000000000000005
0.028650000000000002,0.012667999999999999,1.6500000000000006,0.32,0.061,0.32,0.061
0.0287,0.012751,1.5999999999999999,0.32,0.062,0.32,0.062
0.02875,0.012822499999999999,1.5999999999999999,0.32,0.063,0.32,0.063
0.028800000000000003,0.012938499999999999,1.5999999999999999,0.32,0.063,0.32,0.063
0.02885,0.013049,1.5999999999999999,0.32,0.062,0.32,0.062
0.028900000000000002,0.0131735,1.5999999999999999,0.32,0.062,0.32,0.062
0.02895,0.013318499999999999,1.6000000000000008,0.32,0.062,0.32,0.062
0.029,0.013449,1.6499999999999997,0.32,0.062,0.32,0.062
0.029050000000000003,0.013556499999999999,1.6500000000000006,0.32,0.062,0.32,0.062
0.0291,0.0135605,1.7000000000000004,0.32,0.062,0.32,0.062
0.029150000000000002,0.0135375,1.6999999999999995,0.32,0.062,0.32,0.062
0.0292,0.01343,1.7500000000000002,0.32,0.062,0.32,0.062
0.02925,0.013359,1.6999999999999995,0.32,0.061,0.32,0.061
0.029300000000000003,0.013257999999999999,1.7000000000000004,0.32,0.061,0.32,0.061
0.02935,0.0131795,1.6999999999999995,0.32,0.061,0.32,0.061
0.029400000000000003,0.013085999999999999,1.7000000000000004,0.32,0.061,0.32,0.061
0.02945,0.013006499999999999,1.6999999999999995,0.32,0.061,0.32,0.061
0.029500000000000002,0.012912,1.6500000000000015,0.32,0.061,0.32,0.061
0.02955,0.012813,1.6999999999999995,0.32,0.060000000000000005,0.32,0.060000000000000005
0.0296,0.012728,1.6499999999999988,0.32,0.060000000000000005,0.32,0.060000000000000005
0.029650000000000003,0.012624999999999999,1.7000000000000004,0.32,0.060000000000000005,0.32,0.060000000000000005
0.0297,0.0125335,1.6499999999999988,0.32,0.060000000000000005,0.32,0.060000000000000005
0.029750000000000002,0.012548499999999999,1.6999999999999995,0.32,0.060000000000000005,0.32,0.060000000000000005
0.0298,0.012614,1.6499999999999997,0.33,0.060000000000000005,0.33,0.060000000000000005
0.02985,0.012664499999999999,1.6499999999999997,0.33,0.060000000000000005,0.33,0.060000000000000005
0.029900000000000003,0.0127525,1.6499999999999997,0.33,0.060000000000000005,0.33,0.060000000000000005
0.02995,0.012858,1.6500000000000015,0.33,0.061,0.33,0.061
0.030000000000000002,0.012978,1.6499999999999997,0.32,0.062,0.32,0.062
0.03005,0.0131065,1.6499999999999997,0.33,0.063,0.33,0.063
0.030100000000000002,0.013212,1.6000000000000025,0.32,0.063,0.32,0.063
0.03015,0.013184,1.55,0.36000000000000004,0.062,1.384038227372367,0.062
0.0302,0.0125995,1.3999999999999997,0.35999999999999993,0.062,0.35999999999999993,0.062
0.030250000000000003,0.0117355,1.3,0.36999999999999994,0.063,0.36999999999999994,0.063
0.0303,0.010994499999999999,1.1500000000000015,0.36,0.068,0.36,0.068
0.030350000000000002,0.0104605,1.1000000000000008,0.3499999999999999,0.07100000000000001,0.3499999999999999,0.07100000000000001
0.0304,0.010215499999999999,1.000000000000001,0.3499999999999999,0.073,0.3499999999999999,0.073
0.03045,0.0103765,0.9500000000000004,0.33999999999999997,0.074,0.33999999999999997,0.074
0.030500000000000003,0.010764,0.8999999999999997,0.33999999999999997,0.075,0.33999999999999997,0.075
0.03055,0.011228499999999999,0.9500000000000004,0.32999999999999996,0.074,0.32999999999999996,0.074
0.030600000000000002,0.01151,1.05,0.32999999999999996,0.073,0.32999999999999996,0.073
0.03065,0.0115855,1.1000000000000008,0.31999999999999995,0.06999999999999998,0.31999999999999995,0.06999999999999999
0.0307,0.011472,1.1499999999999997,0.31999999999999995,0.067,0.31999999999999995,0.067
0.030750000000000003,0.011601,1.2499999999999993,0.3300000000000002,0.064,0.3300000000000002,0.064
0.0308,0.0116035,1.349999999999999,0.3300000000000002,0.059,0.3300000000000002,0.058
0.030850000000000002,0.011372,1.4499999999999986,0.3300000000000002,0.054,0.3300000000000002,0.054
0.0309,0.0110715,1.4999999999999993,0.3300000000000002,0.059,0.3300000000000002,0.059
0.030950000000000002,0.0105735,1.599999999999999,0.32000000000000006,0.062,0.32000000000000006,0.062
0.031,0.0100095,1.6499999999999997,0.32000000000000006,0.06499999999999999,0.32000000000000006,0.06499999999999999
0.03105,0.009559999999999999,1.300000000000001,0.32000000000000006,0.06499999999999999,0.32000000000000006,0.06499999999999999
0.031100000000000003,0.009913,1.0999999999999999,0.32000000000000006,0.06499999999999999,0.32000000000000006,0.06499999999999999
0.03115,0.010454999999999999,1.1000000000000008,0.32000000000000006,0.06499999999999999,0.32000000000000006,0.06499999999999999
0.031200000000000002,0.010903,1.1499999999999997,0.32000000000000006,0.064,0.32000000000000006,0.064
0.03125,0.011360499999999999,1.2499999999999993,0.32999999999999996,0.063,0.32999999999999996,0.063
0.0313,0.011790499999999999,1.300000000000001,0.32999999999999996,0.062,0.32999999999999996,0.062
0.03135,0.012059499999999999,1.3499999999999999,0.32999999999999996,0.061,0.32999999999999996,0.061
0.031400000000000004,0.0122165,1.5000000000000002,0.32999999999999996,0.061,0.32999999999999996,0.061
0.03145,0.012288,1.55,0.32999999999999996,0.062,0.32999999999999996,0.062
0.0315,0.012265499999999999,1.5499999999999992,0.32999999999999996,0.063,0.32999999999999996,0.063
0.03155,0.0121915,1.55,0.31999999999999995,0.063,0.31999999999999995,0.063
0.0316,0.012144,1.5000000000000002,0.31999999999999995,0.063,0.31999999999999995,0.063
0.031650000000000005,0.012142,1.55,0.31999999999999995,0.063,0.31999999999999995,0.063
0.0317,0.012228,1.4999999999999993,0.31999999999999995,0.062,0.31999999999999995,0.062
0.03175,0.012416,1.5000000000000002,0.31999999999999995,0.062,0.31999999999999995,0.062
0.0318,0.012598499999999999,1.4999999999999993,0.31999999999999995,0.062,0.31999999999999995,0.062
0.03185,0.012778999999999999,1.550000000000001,0.31999999999999995,0.061,0.31999999999999995,0.061
0.031900000000000005,0.012879499999999999,1.5999999999999999,0.31999999999999995,0.062,0.31999999999999995,0.062
0.03195,0.012909499999999999,1.5999999999999999,0.31999999999999995,0.063,0.31999999999999995,0.063
0.032,0.0129305,1.6499999999999997,0.31999999999999995,0.063,0.31999999999999995,0.063
0.03205,0.012943999999999999,1.6000000000000008,0.31999999999999995,0.063,0.31999999999999995,0.063
0.032100000000000004,0.0129675,1.6499999999999997,0.31999999999999995,0.063,0.31999999999999995,0.063
0.032150000000000005,0.013028,1.5999999999999999,0.31999999999999995,0.063,0.31999999999999995,0.063
0.0322,0.013075999999999999,1.5999999999999999,0.31999999999999995,0.062,0.31999999999999995,0.062
0.03225,0.013125,1.599999999999999,0.31999999999999995,0.062,0.31999999999999995,0.062
0.0323,0.013165,1.6000000000000008,0.31999999999999995,0.062,0.31999999999999995,0.062
0.032350000000000004,0.0131195,1.6500000000000006,0.31999999999999995,0.062,0.31999999999999995,0.062
0.0324,0.013009999999999999,1.7000000000000004,0.31999999999999995,0.061,0.31999999999999995,0.061
0.03245,0.012858999999999999,1.6500000000000006,0.31999999999999995,0.061,0.31999999999999995,0.061
0.0325,0.012706499999999999,1.6500000000000006,0.31999999999999995,0.061,0.31999999999999995,0.061
0.03255,0.0125525,1.6499999999999997,0.31999999999999995,0.060000000000000005,0.31999999999999995,0.060000000000000005
0.032600000000000004,0.012503499999999999,1.6499999999999997,0.31999999999999995,0.060000000000000005,0.31999999999999995,0.060000000000000005
0.03265,0.0124865,1.6499999999999997,0.31999999999999995,0.060000000000000005,0.31999999999999995,0.060000000000000005
0.0327,0.012501499999999999,1.6499999999999997,0.31999999999999995,0.060000000000000005,0.31999999999999995,0.060000000000000005
0.03275,0.012536499999999999,1.5999999999999999,0.31999999999999995,0.060000000000000005,0.31999999999999995,0.060000000000000005
0.0328,0.012614,1.5999999999999999,0.31999999999999995,0.061,0.31999999999999995,0.061
0.032850000000000004,0.0126965,1.5999999999999999,0.31999999999999995,0.062,0.31999999999999995,0.062
0.0329,0.012822,1.6000000000000003,0.31999999999999995,0.063,0.31999999999999995,0.063
0.03295,0.0129515,1.6000000000000003,0.31999999999999995,0.063,0.31999999999999995,0.063
0.033,0.013084499999999999,1.6000000000000008,0.31999999999999995,0.062,0.31999999999999995,0.062
0.03305,0.013238,1.5999999999999999,0.31999999999999995,0.062,0.31999999999999995,0.062
0.033100000000000004,0.013378999999999999,1.6499999999999992,0.31999999999999995,0.062,0.31999999999999995,0.062
0.03315,0.013514,1.6500000000000001,0.31999999999999995,0.062,0.31999999999999995,0.062
0.0332,0.013554499999999999,1.7000000000000004,0.31999999999999995,0.062,0.31999999999999995,0.062
0.03325,0.0135645,1.6999999999999995,0.31999999999999995,0.062,0.31999999999999995,0.062
0.0333,0.013463,1.7,0.31999999999999995,0.061,0.31999999999999995,0.061
0.033350000000000005,0.013372499999999999,1.7000000000000008,0.31999999999999995,0.061,0.31999999999999995,0.061
0.0334,0.013285499999999999,1.7,0.31999999999999995,0.061,0.31999999999999995,0.061
0.03345,0.013181,1.7,0.31999999999999995,0.061,0.31999999999999995,0.061
0.0335,0.013083,1.7,0.31999999999999995,0.061,0.31999999999999995,0.061
0.03355,0.012993,1.7000000000000002,0.31999999999999995,0.061,0.31999999999999995,0.061
0.033600000000000005,0.0128905,1.7,0.31999999999999995,0.061,0.31999999999999995,0.061
0.03365,0.0127795,1.7000000000000002,0.31999999999999995,0.060000000000000005,0.31999999999999995,0.060000000000000005
0.0337,0.0126985,1.6500000000000001,0.31999999999999995,0.060000000000000005,0.31999999999999995,0.060000000000000005
0.03375,0.012589999999999999,1.6500000000000001,0.31999999999999995,0.060000000000000005,0.31999999999999995,0.060000000000000005
0.033800000000000004,0.012495,1.6499999999999997,0.31999999999999995,0.060000000000000005,0.31999999999999995,0.060000000000000005
0.033850000000000005,0.0124935,1.7000000000000002,0.31999999999999995,0.060000000000000005,0.31999999999999995,0.060000000000000005
0.0339,0.0125595,1.6500000000000001,0.32999999999999996,0.060000000000000005,0.32999999999999996,0.060000000000000005
0.03395,0.0126035,1.7000000000000002,0.32999999999999996,0.059,0.32999999999999996,0.059
0.034,0.0127,1.6499999999999997,0.32999999999999996,0.060000000000000005,0.32999999999999996,0.060000000000000005
0.034050000000000004,0.0127855,1.65,0.32999999999999996,0.061,0.32999999999999996,0.061
0.0341,0.012917,1.6500000000000001,0.31999999999999995,0.062,0.31999999999999995,0.062
0.03415,0.013028999999999999,1.6500000000000004,0.32999999999999996,0.063,0.32999999999999996,0.063
0.0342,0.013132,1.6500000000000001,0.31999999999999995,0.062,0.31999999999999995,0.062
0.03425,0.013106999999999999,1.55,0.36,0.062,1.379038229120801,0.062
0.034300000000000004,0.012478,1.4,0.3600000000000001,0.062,0.3600000000000001,0.062
0.03435,0.011633,1.2500000000000002,0.3700000000000001,0.063,0.3700000000000001,0.063
0.0344,0.010919,1.1500000000000001,0.3600000000000001,0.068,0.3600000000000001,0.068
0.03445,0.0103585,1.0999999999999999,0.3600000000000001,0.07100000000000001,0.3600000000000001,0.07100000000000001
0.0345,0.010071499999999999,1.0,0.3500000000000001,0.073,0.3500000000000001,0.073
0.034550000000000004,0.010136,0.9,0.3500000000000001,0.075,0.3500000000000001,0.075
0.0346,0.010594,0.9,0.33999999999999997,0.075,0.33999999999999997,0.075
0.03465,0.011025,0.9500000000000001,0.33999999999999997,0.074,0.33999999999999997,0.074
0.0347,0.011295999999999999,1.0,0.33000000000000007,0.073,0.33000000000000007,0.073
0.03475,0.0114335,1.0999999999999999,0.33000000000000007,0.07100000000000001,0.33000000000000007,0.07100000000000001
0.034800000000000005,0.011436499999999999,1.1,0.32000000000000006,0.068,0.32000000000000006,0.068
0.03485,0.0113475,1.2000000000000002,0.33000000000000007,0.06499999999999999,0.33000000000000007,0.06499999999999999
0.0349,0.0114345,1.3,0.32999999999999996,0.060000000000000005,0.32999999999999996,0.060000000000000005
0.03495,0.011301,1.35,0.32999999999999996,0.055,0.32999999999999996,0.055
0.035,0.011061,1.45,0.32999999999999996,0.057,0.32999999999999996,0.057
0.035050000000000005,0.0106705,1.5,0.32999999999999996,0.061,0.32999999999999996,0.061
0.0351,0.0101675,1.6,0.31999999999999995,0.063,0.31999999999999995,0.063
0.03515,0.0095905,1.5,0.31999999999999995,0.06499999999999999,0.31999999999999995,0.06499999999999999
0.0352,0.009608499999999999,1.1500000000000001,0.31999999999999995,0.06499999999999999,0.31999999999999995,0.06499999999999999
0.035250000000000004,0.010027,1.05,0.31999999999999995,0.06499999999999999,0.31999999999999995,0.06499999999999999
0.035300000000000005,0.0105115,1.0999999999999999,0.31999999999999995,0.064,0.31999999999999995,0.064
0.03535,0.010901,1.1500000000000004,0.31999999999999995,0.063,0.31999999999999995,0.063
0.0354,0.011316,1.25,0.32999999999999996,0.062,0.32999999999999996,0.062
0.03545,0.011674499999999999,1.3499999999999999,0.32999999999999996,0.062,0.32999999999999996,0.062
0.035500000000000004,0.011909999999999999,1.4,0.32999999999999996,0.061,0.32999999999999996,0.061
0.03555,0.012031,1.45,0.32999999999999996,0.061,0.32999999999999996,0.061
0.0356,0.0120635,1.5000000000000002,0.32999999999999996,0.062,0.32999999999999996,0.062
0.03565,0.0119945,1.5000000000000002,0.32999999999999996,0.063,0.32999999999999996,0.063
0.0357,0.0119475,1.4999999999999998,0.31999999999999995,0.063,0.31999999999999995,0.063
0.035750000000000004,0.011923,1.45,0.31999999999999995,0.063,0.31999999999999995,0.063
0.0358,0.011958499999999999,1.5000000000000002,0.31999999999999995,0.062,0.31999999999999995,0.062
0.03585,0.0120675,1.45,0.31999999999999995,0.062,0.31999999999999995,0.062
0.0359,0.012275999999999999,1.45,0.31999999999999995,0.062,0.31999999999999995,0.062
0.03595,0.012459999999999999,1.5000000000000002,0.32999999999999996,0.061,0.32999999999999996,0.061
0.036000000000000004,0.0126095,1.55,0.31999999999999995,0.061,0.31999999999999995,0.061
0.03605,0.0127015,1.5500000000000005,0.31999999999999995,0.062,0.31999999999999995,0.062
0.0361,0.012711,1.5999999999999999,0.31999999999999995,0.063,0.31999999999999995,0.063
0.03615,0.0127485,1.5999999999999999,0.31999999999999995,0.063,0.31999999999999995,0.063
0.0362,0.012772499999999999,1.6000000000000003,0.31999999999999995,0.063,0.31999999999999995,0.063
0.036250000000000004,0.012810499999999999,1.5499999999999996,0.31999999999999995,0.063,0.31999999999999995,0.063
0.0363,0.0128735,1.6000000000000003,0.31999999999999995,0.062,0.31999999999999995,0.062
0.03635,0.012940499999999999,1.55,0.31999999999999995,0.062,0.31999999999999995,0.062
0.0364,0.012969,1.5499999999999996,0.31999999999999995,0.062,0.31999999999999995,0.062
0.03645,0.012972,1.5999999999999999,0.31999999999999995,0.062,0.31999999999999995,0.062
0.036500000000000005,0.0129115,1.6500000000000001,0.31999999999999995,0.061,0.31999999999999995,0.061
0.03655,0.012778,1.6500000000000001,0.31999999999999995,0.061,0.31999999999999995,0.061
0.0366,0.012612499999999999,1.6500000000000006,0.31999999999999995,0.061,0.31999999999999995,0.061
0.03665,0.012456,1.6500000000000001,0.31999999999999995,0.060000000000000005,0.31999999999999995,0.060000000000000005
0.0367,0.012307,1.5999999999999999,0.31999999999999995,0.060000000000000005,0.31999999999999995,0.060000000000000005
0.036750000000000005,0.0122925,1.6499999999999997,0.31999999999999995,0.060000000000000005,0.31999999999999995,0.060000000000000005
0.0368,0.012282999999999999,1.6000000000000008,0.31999999999999995,0.060000000000000005,0.31999999999999995,0.060000000000000005
0.03685,0.012298499999999999,1.5999999999999999,0.31999999999999995,0.060000000000000005,0.31999999999999995,0.060000000000000005
0.0369,0.012374,1.6000000000000008,0.31999999999999995,0.061,0.31999999999999995,0.061
0.036950000000000004,0.0124575,1.5999999999999999,0.31999999999999995,0.062,0.31999999999999995,0.062
0.037000000000000005,0.012596,1.5999999999999999,0.31999999999999995,0.063,0.31999999999999995,0.063
0.03705,0.012723499999999999,1.55,0.31999999999999995,0.063,0.31999999999999995,0.063
0.0371,0.012886,1.5999999999999999,0.31999999999999995,0.063,0.31999999999999995,0.063
0.03715,0.013058499999999999,1.55,0.31999999999999995,0.063,0.31999999999999995,0.063
0.037200000000000004,0.013255,1.6000000000000008,0.31999999999999995,0.063,0.31999999999999995,0.063
0.03725,0.0134185,1.599999999999999,0.31999999999999995,0.062,0.31999999999999995,0.062
0.0373,0.0135435,1.6500000000000006,0.31999999999999995,0.062,0.31999999999999995,0.062
0.03735,0.013599499999999999,1.7000000000000004,0.31999999999999995,0.062,0.31999999999999995,0.062
0.0374,0.0135605,1.7000000000000004,0.31999999999999995,0.062,0.31999999999999995,0.062
0.037450000000000004,0.013476,1.7500000000000002,0.31999999999999995,0.062,0.31999999999999995,0.062
0.0375,0.0133755,1.7000000000000013,0.31999999999999995,0.061,0.31999999999999995,0.061
0.03755,0.01325,1.7000000000000004,0.31999999999999995,0.061,0.31999999999999995,0.061
0.0376,0.013165999999999999,1.6999999999999995,0.31999999999999995,0.061,0.31999999999999995,0.061
0.03765,0.0130385,1.6500000000000006,0.31999999999999995,0.061,0.31999999999999995,0.061
0.037700000000000004,0.0129585,1.7000000000000004,0.31999999999999995,0.061,0.31999999999999995,0.061
0.03775,0.012836499999999999,1.649999999999998,0.31999999999999995,0.061,0.31999999999999995,0.061
0.0378,0.012747,1.7000000000000013,0.31999999999999995,0.060000000000000005,0.31999999999999995,0.060000000000000005
0.03785,0.012640499999999999,1.6500000000000006,0.31999999999999995,0.060000000000000005,0.31999999999999995,0.060000000000000005
0.0379,0.012516,1.7000000000000013,0.31999999999999995,0.060000000000000005,0.31999999999999995,0.060000000000000005
0.037950000000000005,0.0124655,1.6500000000000006,0.31999999999999995,0.060000000000000005,0.31999999999999995,0.060000000000000005
0.038,0.0124955,1.6500000000000006,0.33000000000000007,0.060000000000000005,0.33000000000000007,0.060000000000000005
0.03805,0.0125545,1.6500000000000006,0.33000000000000007,0.060000000000000005,0.33000000000000007,0.060000000000000005
0.0381,0.0126185,1.6500000000000006,0.33000000000000007,0.060000000000000005,0.33000000000000007,0.060000000000000005
0.03815,0.0127195,1.6499999999999997,0.33000000000000007,0.060000000000000005,0.33000000000000007,0.060000000000000005
0.038200000000000005,0.012810499999999999,1.6499999999999988,0.33000000000000007,0.062,0.33000000000000007,0.062
0.03825,0.012919499999999999,1.6500000000000006,0.31999999999999995,0.062,0.31999999999999995,0.062
0.0383,0.013032499999999999,1.6499999999999988,0.31999999999999995,0.063,0.31999999999999995,0.063
0.03835,0.0131065,1.6000000000000008,0.33000000000000007,0.062,1.315736960878032,0.062
0.038400000000000004,0.012841,1.4999999999999993,0.37,0.062,0.37,0.062
0.038450000000000005,0.0120345,1.3,0.36,0.062,0.36,0.062
0.0385,0.011254,1.2000000000000004,0.36,0.06499999999999999,0.36,0.06499999999999999
0.03855,0.0106065,1.1499999999999997,0.36,0.06899999999999999,0.36,0.06899999999999999
0.0386,0.0101805,1.05,0.35,0.07200000000000001,0.35,0.07200000000000001
0.038650000000000004,0.010114,0.8999999999999997,0.35,0.074,0.35,0.074
0.038700000000000005,0.010503,0.8999999999999997,0.3400000000000001,0.075,0.3400000000000001,0.075
0.03875,0.010922,0.9499999999999986,0.3400000000000001,0.074,0.3400000000000001,0.074
0.0388,0.011271999999999999,0.9999999999999993,0.33000000000000007,0.073,0.33000000000000007,0.073
0.03885,0.0114445,1.099999999999999,0.33000000000000007,0.07100000000000001,0.33000000000000007,0.07100000000000001
0.038900000000000004,0.011471,1.1000000000000008,0.32000000000000006,0.06899999999999999,0.32000000000000006,0.06899999999999999
0.03895,0.0114685,1.2000000000000004,0.33000000000000007,0.066,0.33000000000000007,0.066
0.039,0.0115605,1.3,0.32999999999999974,0.061,0.32999999999999974,0.061
0.03905,0.011431,1.3500000000000008,0.32999999999999974,0.056,0.32999999999999974,0.055
0.0391,0.0111875,1.4499999999999986,0.32999999999999974,0.057,0.32999999999999974,0.057
0.039150000000000004,0.0107645,1.5000000000000002,0.32999999999999974,0.061,0.32999999999999974,0.061
0.0392,0.010284999999999999,1.6000000000000008,0.31999999999999984,0.064,0.31999999999999984,0.064
0.03925,0.009665,1.599999999999999,0.31999999999999984,0.06499999999999999,0.31999999999999984,0.06499999999999999
0.0393,0.009630999999999999,1.1500000000000006,0.31999999999999984,0.06499999999999999,0.31999999999999984,0.06499999999999999
0.03935,0.010112999999999999,1.099999999999999,0.31999999999999984,0.06499999999999999,0.31999999999999984,0.06499999999999999
0.039400000000000004,0.0105905,1.1500000000000006,0.31999999999999984,0.064,0.31999999999999984,0.064
0.03945,0.0110075,1.2000000000000004,0.31999999999999984,0.063,0.31999999999999984,0.063
0.0395,0.0114375,1.3,0.33000000000000007,0.062,0.33000000000000007,0.062
0.03955,0.0117875,1.349999999999999,0.33000000000000007,0.061,0.33000000000000007,0.061
0.0396,0.0120035,1.4000000000000006,0.33000000000000007,0.061,0.33000000000000007,0.061
0.039650000000000005,0.0121015,1.4500000000000004,0.33000000000000007,0.061,0.33000000000000007,0.061
0.0397,0.012081999999999999,1.550000000000001,0.33000000000000007,0.062,0.33000000000000007,0.062
0.03975,0.0120275,1.550000000000001,0.33000000000000007,0.063,0.33000000000000007,0.063
0.0398,0.0119855,1.500000000000001,0.33000000000000007,0.063,0.33000000000000007,0.063
0.039850000000000003,0.011981499999999999,1.5000000000000002,0.32000000000000006,0.063,0.32000000000000006,0.063
0.039900000000000005,0.012025,1.4499999999999995,0.32000000000000006,0.062,0.32000000000000006,0.062
0.03995,0.0122075,1.5000000000000002,0.33000000000000007,0.062,0.33000000000000007,0.062
0.04,0.012426999999999999,1.4999999999999993,0.33000000000000007,0.062,0.33000000000000007,0.062
0.04005,0.012593499999999999,1.5000000000000002,0.32000000000000006,0.061,0.32000000000000006,0.061
0.040100000000000004,0.012714,1.6000000000000008,0.32000000000000006,0.061,0.32000000000000006,0.061
0.040150000000000005,0.0127925,1.5999999999999999,0.32000000000000006,0.062,0.32000000000000006,0.062
0.0402,0.0128215,1.5999999999999999,0.32000000000000006,0.063,0.32000000000000006,0.063
0.04025,0.012815,1.6000000000000008,0.32000000000000006,0.063,0.32000000000000006,0.063
0.0403,0.012874499999999999,1.5999999999999999,0.32000000000000006,0.063,0.32000000000000006,0.063
0.040350000000000004,0.012902499999999999,1.550000000000001,0.32000000000000006,0.063,0.32000000000000006,0.063
0.040400000000000005,0.012938,1.5999999999999999,0.32000000000000006,0.062,0.32000000000000006,0.062
0.04045,0.0130055,1.599999999999999,0.32000000000000006,0.062,0.32000000000000006,0.062
0.0405,0.0130425,1.6000000000000008,0.32000000000000006,0.062,0.32000000000000006,0.062
0.04055,0.012974999999999999,1.6499999999999997,0.32000000000000006,0.061,0.32000000000000006,0.061
0.040600000000000004,0.0128775,1.6499999999999997,0.32000000000000006,0.061,0.32000000000000006,0.061
0.04065,0.012712,1.6500000000000006,0.32000000000000006,0.061,0.32000000000000006,0.061
0.0407,0.012516,1.6500000000000006,0.32000000000000006,0.060000000000000005,0.32000000000000006,0.060000000000000005
0.04075,0.0123725,1.6499999999999997,0.32000000000000006,0.060000000000000005,0.32000000000000006,0.060000000000000005
0.0408,0.012308,1.6000000000000008,0.32000000000000006,0.060000000000000005,0.32000000000000006,0.060000000000000005
0.040850000000000004,0.012300499999999999,1.6499999999999997,0.32000000000000006,0.060000000000000005,0.32000000000000006,0.060000000000000005
0.0409,0.012312499999999999,1.5999999999999999,0.32000000000000006,0.060000000000000005,0.32000000000000006,0.060000000000000005
0.04095,0.012362,1.6000000000000003,0.32000000000000006,0.060000000000000005,0.32000000000000006,0.060000000000000005
0.041,0.01245,1.5999999999999999,0.32000000000000006,0.062,0.32000000000000006,0.062
0.04105,0.012556999999999999,1.6000000000000003,0.32000000000000006,0.063,0.32000000000000006,0.063
0.041100000000000005,0.0127295,1.6000000000000003,0.32000000000000006,0.063,0.32000000000000006,0.063
0.04115,0.012867,1.5500000000000005,0.32000000000000006,0.063,0.32000000000000006,0.063
0.0412,0.013058499999999999,1.6000000000000008,0.32000000000000006,0.063,0.32000000000000006,0.063
0.04125,0.013233499999999999,1.55,0.32000000000000006,0.063,0.32000000000000006,0.063
0.0413,0.013444,1.5999999999999994,0.32000000000000006,0.062,0.32000000000000006,0.062
0.041350000000000005,0.013568499999999999,1.6500000000000001,0.32000000000000006,0.062,0.32000000000000006,0.062
0.0414,0.013620499999999999,1.7000000000000004,0.32000000000000006,0.062,0.32000000000000006,0.062
0.04145,0.013613499999999999,1.6999999999999995,0.32000000000000006,0.062,0.32000000000000006,0.062
0.0415,0.013528499999999999,1.7,0.32000000000000006,0.062,0.32000000000000006,0.062
0.041550000000000004,0.013424,1.7500000000000007,0.32000000000000006,0.062,0.32000000000000006,0.062
0.041600000000000005,0.013323499999999999,1.7,0.32000000000000006,0.061,0.32000000000000006,0.061
0.04165,0.013201,1.7,0.32000000000000006,0.061,0.32000000000000006,0.061
0.0417,0.013103499999999999,1.7,0.32000000000000006,0.061,0.32000000000000006,0.061
0.04175,0.012986,1.7000000000000002,0.32000000000000006,0.061,0.32000000000000006,0.061
0.041800000000000004,0.012889,1.7,0.32000000000000006,0.061,0.32000000000000006,0.061
0.041850000000000005,0.012756499999999999,1.6500000000000001,0.32000000000000006,0.061,0.32000000000000006,0.061
0.0419,0.012667999999999999,1.6500000000000001,0.32000000000000006,0.060000000000000005,0.32000000000000006,0.060000000000000005
0.04195,0.012565,1.6500000000000001,0.32000000000000006,0.060000000000000005,0.32000000000000006,0.060000000000000005
0.042,0.0125315,1.6499999999999997,0.32000000000000006,0.060000000000000005,0.32000000000000006,0.060000000000000005
0.042050000000000004,0.0125615,1.6500000000000001,0.33000000000000007,0.060000000000000005,0.33000000000000007,0.060000000000000005
0.042100000000000005,0.0126295,1.6500000000000001,0.33000000000000007,0.060000000000000005,0.33000000000000007,0.060000000000000005
0.04215,0.012686,1.6500000000000001,0.33000000000000007,0.060000000000000005,0.33000000000000007,0.060000000000000005
0.0422,0.0127955,1.6499999999999997,0.33000000000000007,0.061,0.33000000000000007,0.061
0.04225,0.0128785,1.5999999999999999,0.33000000000000007,0.062,0.33000000000000007,0.062
0.042300000000000004,0.01299,1.6500000000000001,0.32000000000000006,0.062,0.32000000000000006,0.062
0.04235,0.013087,1.6000000000000003,0.32000000000000006,0.063,0.32000000000000006,0.063
0.0424,0.013073999999999999,1.5999999999999999,0.3400000000000001,0.062,1.3640382343661166,0.062
0.04245,0.012539,1.4000000000000001,0.3600000000000001,0.062,0.3600000000000001,0.062
0.0425,0.011722,1.3,0.3600000000000001,0.062,0.3600000000000001,0.062
0.042550000000000004,0.010962999999999999,1.2000000000000002,0.3500000000000002,0.067,0.3500000000000002,0.067
0.0426,0.0103755,1.1,0.36,0.07100000000000001,0.36,0.07100000000000001
0.04265,0.010055,0.95,0.34999999999999987,0.073,0.34999999999999987,0.073
0.0427,0.010189,0.9000000000000001,0.34999999999999987,0.074,0.34999999999999987,0.074
0.04275,0.0106035,0.9000000000000001,0.33999999999999986,0.074,0.33999999999999986,0.074
0.042800000000000005,0.010974999999999999,1.0,0.33999999999999986,0.074,0.33999999999999986,0.074
0.04285,0.0112045,1.05,0.32999999999999985,0.07200000000000001,0.32999999999999985,0.07200000000000001
0.0429,0.011337,1.05,0.32999999999999985,0.06999999999999998,0.32999999999999985,0.06999999999999999
0.04295,0.0112795,1.15,0.31999999999999995,0.067,0.31999999999999995,0.067
0.043000000000000003,0.011419,1.25,0.33999999999999997,0.064,0.33999999999999997,0.064
0.043050000000000005,0.011389,1.3,0.32999999999999996,0.059,0.32999999999999996,0.059
0.0431,0.011223499999999999,1.4000000000000001,0.32999999999999996,0.055,0.32999999999999996,0.055
0.04315,0.0108925,1.5000000000000002,0.32999999999999996,0.059,0.32999999999999996,0.059
0.0432,0.010432499999999999,1.55,0.31999999999999995,0.063,0.31999999999999995,0.063
0.043250000000000004,0.0098545,1.6,0.31999999999999995,0.064,0.31999999999999995,0.064
0.043300000000000005,0.0094165,1.3,0.31999999999999995,0.06499999999999999,0.31999999999999995,0.06499999999999999
0.04335,0.009759499999999999,1.0999999999999999,0.31999999999999995,0.06499999999999999,0.31999999999999995,0.06499999999999999
0.0434,0.0102545,1.05,0.31999999999999995,0.064,0.31999999999999995,0.064
0.04345,0.010678,1.1500000000000001,0.31999999999999995,0.063,0.31999999999999995,0.063
0.043500000000000004,0.011164499999999999,1.25,0.32999999999999996,0.062,0.32999999999999996,0.062
0.043550000000000005,0.0115365,1.3,0.32999999999999996,0.062,0.32999999999999996,0.062
0.0436,0.011803,1.3999999999999997,0.32999999999999996,0.061,0.32999999999999996,0.061
0.04365,0.011960499999999999,1.4500000000000004,0.32999999999999996,0.061,0.32999999999999996,0.061
0.0437,0.0119945,1.5,0.32999999999999996,0.062,0.32999999999999996,0.062
0.043750000000000004,0.011941499999999999,1.5,0.32999999999999996,0.063,0.32999999999999996,0.063
0.0438,0.011887499999999999,1.55,0.32999999999999996,0.063,0.32999999999999996,0.063
0.04385,0.011880499999999999,1.4999999999999998,0.32999999999999996,0.063,0.32999999999999996,0.063
0.0439,0.011901499999999999,1.45,0.31999999999999984,0.062,0.31999999999999984,0.062
0.04395,0.0120605,1.4500000000000004,0.32999999999999996,0.062,0.32999999999999996,0.062
0.044000000000000004,0.0122695,1.5000000000000002,0.32999999999999996,0.062,0.32999999999999996,0.062
0.04405,0.012494499999999999,1.5000000000000002,0.32999999999999996,0.061,0.32999999999999996,0.061
0.0441,0.012622,1.5499999999999996,0.31999999999999984,0.061,0.31999999999999984,0.061
0.04415,0.0127055,1.6000000000000003,0.31999999999999984,0.062,0.31999999999999984,0.062
0.0442,0.012764,1.5999999999999999,0.31999999999999984,0.063,0.31999999999999984,0.063
0.044250000000000005,0.012776,1.6000000000000003,0.31999999999999984,0.063,0.31999999999999984,0.063
0.0443,0.012789,1.5999999999999999,0.31999999999999984,0.063,0.31999999999999984,0.063
0.04435,0.012853999999999999,1.5999999999999994,0.31999999999999984,0.063,0.31999999999999984,0.063
0.0444,0.012893,1.55,0.31999999999999984,0.062,0.31999999999999984,0.062
0.04445,0.01295,1.5999999999999994,0.31999999999999984,0.062,0.31999999999999984,0.062
0.044500000000000005,0.0129915,1.6000000000000003,0.31999999999999984,0.062,0.31999999999999984,0.062
0.04455,0.012953,1.6000000000000003,0.31999999999999984,0.061,0.31999999999999984,0.061
0.0446,0.012850499999999999,1.6500000000000001,0.31999999999999984,0.061,0.31999999999999984,0.061
0.04465,0.012693999999999999,1.6499999999999997,0.31999999999999984,0.061,0.31999999999999984,0.061
0.044700000000000004,0.012529,1.6500000000000001,0.31999999999999984,0.060000000000000005,0.31999999999999984,0.060000000000000005
0.044750000000000005,0.012327999999999999,1.6499999999999997,0.31999999999999984,0.060000000000000005,0.31999999999999984,0.060000000000000005
0.0448,0.012287,1.6499999999999997,0.31999999999999984,0.060000000000000005,0.31999999999999984,0.060000000000000005
0.04485,0.0122385,1.5999999999999999,0.31999999999999984,0.060000000000000005,0.31999999999999984,0.060000000000000005
0.0449,0.012256999999999999,1.5999999999999999,0.31999999999999984,0.059,0.31999999999999984,0.059
0.044950000000000004,0.012294,1.5999999999999999,0.31999999999999984,0.060000000000000005,0.31999999999999984,0.060000000000000005
0.045000000000000005,0.0123845,1.6000000000000008,0.31999999999999984,0.062,0.31999999999999984,0.062
0.04505,0.0124985,1.5999999999999999,0.31999999999999984,0.063,0.31999999999999984,0.063
0.0451,0.012652,1.6000000000000008,0.31999999999999984,0.063,0.31999999999999984,0.063
0.04515,0.012810499999999999,1.6000000000000008,0.31999999999999984,0.063,0.31999999999999984,0.063
0.045200000000000004,0.012993999999999999,1.5499999999999992,0.31999999999999984,0.063,0.31999999999999984,0.063
0.045250000000000005,0.013189,1.5999999999999999,0.31999999999999984,0.063,0.31999999999999984,0.063
0.0453,0.01338,1.5499999999999992,0.31999999999999984,0.062,0.31999999999999984,0.062
0.04535,0.013529,1.6499999999999997,0.31999999999999984,0.062,0.31999999999999984,0.062
0.0454,0.0136035,1.6500000000000006,0.31999999999999984,0.062,0.31999999999999984,0.062
0.045450000000000004,0.013555999999999999,1.7000000000000004,0.31999999999999984,0.062,0.31999999999999984,0.062
0.0455,0.013503,1.7000000000000004,0.31999999999999984,0.062,0.31999999999999984,0.062
0.04555,0.013386499999999999,1.7500000000000002,0.31999999999999984,0.061,0.31999999999999984,0.061
0.0456,0.013290999999999999,1.6999999999999995,0.31999999999999984,0.061,0.31999999999999984,0.061
0.04565,0.013155499999999999,1.6999999999999995,0.31999999999999984,0.061,0.31999999999999984,0.061
0.045700000000000005,0.013052999999999999,1.7000000000000004,0.31999999999999984,0.061,0.31999999999999984,0.061
0.04575,0.0129225,1.7000000000000004,0.31999999999999984,0.061,0.31999999999999984,0.061
0.0458,0.0128235,1.6999999999999986,0.31999999999999984,0.061,0.31999999999999984,0.061
0.04585,0.0127175,1.6500000000000006,0.31999999999999984,0.060000000000000005,0.31999999999999984,0.060000000000000005
0.0459,0.012591,1.7000000000000004,0.31999999999999984,0.060000000000000005,0.31999999999999984,0.060000000000000005
0.045950000000000005,0.0124855,1.6500000000000006,0.31999999999999984,0.060000000000000005,0.31999999999999984,0.060000000000000005
0.046,0.0124625,1.7000000000000004,0.31999999999999984,0.060000000000000005,0.31999999999999984,0.060000000000000005
0.04605,0.012515499999999999,1.6499999999999997,0.32999999999999985,0.060000000000000005,0.32999999999999985,0.060000000000000005
0.0461,0.012563,1.6500000000000006,0.32999999999999985,0.059,0.32999999999999985,0.059
0.046150000000000004,0.0126505,1.6499999999999997,0.32999999999999985,0.060000000000000005,0.32999999999999985,0.060000000000000005
0.046200000000000005,0.0127285,1.6499999999999997,0.32999999999999985,0.061,0.32999999999999985,0.061
0.04625,0.012846999999999999,1.6500000000000006,0.31999999999999984,0.062,0.31999999999999984,0.062
0.0463,0.0129395,1.6000000000000016,0.31999999999999984,0.062,0.31999999999999984,0.062
0.04635,0.0130425,1.5999999999999999,0.31999999999999984,0.062,0.31999999999999984,0.062
0.046400000000000004,0.012931499999999999,1.5499999999999983,0.37,0.062,1.3940382238754827,0.062
0.046450000000000005,0.012237999999999999,1.349999999999999,0.36,0.062,0.36,0.062
0.0465,0.011411,1.2499999999999993,0.36,0.064,0.36,0.064
0.04655,0.010664,1.1499999999999997,0.35,0.068,0.35,0.068
0.0466,0.010137499999999999,1.05,0.35,0.07100000000000001,0.35,0.07100000000000001
0.046650000000000004,0.0100035,0.9499999999999986,0.35,0.073,0.35,0.073
0.046700000000000005,0.0102355,0.8999999999999997,0.3400000000000001,0.074,0.3400000000000001,0.074
0.04675,0.010594,0.9499999999999986,0.3400000000000001,0.074,0.3400000000000001,0.074
0.0468,0.0109125,0.9999999999999993,0.32999999999999996,0.073,0.32999999999999996,0.073
0.04685,0.0111345,1.000000000000001,0.32999999999999996,0.07200000000000001,0.32999999999999996,0.07200000000000001
0.046900000000000004,0.0111755,1.1000000000000008,0.32999999999999996,0.06899999999999999,0.32999999999999996,0.06899999999999999
0.046950000000000006,0.011131499999999999,1.2000000000000004,0.32999999999999996,0.066,0.32999999999999996,0.066
0.047,0.011250999999999999,1.2500000000000029,0.32999999999999996,0.062,0.32999999999999996,0.062
0.04705,0.0112325,1.3500000000000008,0.32999999999999996,0.057,0.32999999999999996,0.056
0.0471,0.010987,1.4000000000000015,0.32999999999999996,0.057,0.32999999999999996,0.057
0.047150000000000004,0.010613,1.4499999999999986,0.32999999999999996,0.061,0.32999999999999996,0.061
0.0472,0.0101605,1.5499999999999992,0.31999999999999995,0.064,0.31999999999999995,0.064
0.04725,0.0095725,1.5499999999999992,0.31999999999999995,0.066,0.31999999999999995,0.066
0.0473,0.0095005,1.1000000000000008,0.31999999999999995,0.066,0.31999999999999995,0.066
0.04735,0.010029,1.05,0.31999999999999995,0.066,0.31999999999999995,0.066
0.047400000000000005,0.010541499999999999,1.099999999999999,0.31999999999999995,0.06499999999999999,0.31999999999999995,0.06499999999999999
0.04745,0.010976999999999999,1.1500000000000006,0.31999999999999995,0.064,0.31999999999999995,0.064
0.0475,0.0114725,1.2500000000000002,0.32999999999999996,0.063,0.32999999999999996,0.063
0.04755,0.0118515,1.2999999999999992,0.32999999999999996,0.062,0.32999999999999996,0.062
0.0476,0.012083,1.4000000000000015,0.32999999999999996,0.062,0.32999999999999996,0.062
0.047650000000000005,0.0122375,1.5000000000000002,0.32999999999999996,0.062,0.32999999999999996,0.062
0.0477,0.012256999999999999,1.55,0.32999999999999996,0.063,0.32999999999999996,0.063
0.04775,0.012201,1.5499999999999992,0.32999999999999996,0.063,0.32999999999999996,0.063
0.0478,0.012126999999999999,1.4999999999999993,0.32999999999999996,0.063,0.32999999999999996,0.063
0.047850000000000004,0.012095499999999999,1.5000000000000002,0.32000000000000006,0.063,0.32000000000000006,0.063
0.047900000000000005,0.012119999999999999,1.5000000000000002,0.32999999999999996,0.062,0.32999999999999996,0.062
0.04795,0.012298,1.4999999999999993,0.32999999999999996,0.062,0.32999999999999996,0.062
0.048,0.012475,1.5000000000000002,0.32999999999999996,0.062,0.32999999999999996,0.062
0.04805,0.012631,1.55,0.32999999999999996,0.061,0.32999999999999996,0.061
0.048100000000000004,0.0127575,1.5499999999999992,0.32999999999999996,0.062,0.32999999999999996,0.062
0.048150000000000005,0.012797999999999999,1.5999999999999999,0.32000000000000006,0.063,0.32000000000000006,0.063
0.0482,0.012799999999999999,1.6500000000000006,0.32000000000000006,0.063,0.32000000000000006,0.063
0.04825,0.0128405,1.5999999999999999,0.32000000000000006,0.063,0.32000000000000006,0.063
0.0483,0.0128655,1.599999999999999,0.32000000000000006,0.063,0.32000000000000006,0.063
0.048350000000000004,0.012891999999999999,1.55,0.32000000000000006,0.063,0.32000000000000006,0.063
0.048400000000000006,0.0129425,1.5999999999999999,0.32000000000000006,0.062,0.32000000000000006,0.062
0.04845,0.012974,1.5999999999999999,0.32000000000000006,0.062,0.32000000000000006,0.062
0.0485,0.012945499999999999,1.5999999999999999,0.32000000000000006,0.061,0.32000000000000006,0.061
0.04855,0.012905999999999999,1.6500000000000006,0.32000000000000006,0.061,0.32000000000000006,0.061
0.048600000000000004,0.0127595,1.6499999999999997,0.32000000000000006,0.061,0.32000000000000006,0.061
0.048650000000000006,0.0125855,1.6500000000000006,0.32000000000000006,0.060000000000000005,0.32000000000000006,0.060000000000000005
0.0487,0.012397499999999999,1.6499999999999997,0.32000000000000006,0.060000000000000005,0.32000000000000006,0.060000000000000005
0.04875,0.012296999999999999,1.6500000000000006,0.32000000000000006,0.060000000000000005,0.32000000000000006,0.060000000000000005
0.0488,0.012255499999999999,1.6499999999999997,0.32000000000000006,0.060000000000000005,0.32000000000000006,0.060000000000000005
0.048850000000000005,0.012263,1.599999999999999,0.32000000000000006,0.059,0.32000000000000006,0.059
0.0489,0.012265499999999999,1.6499999999999997,0.32000000000000006,0.060000000000000005,0.32000000000000006,0.060000000000000005
0.04895,0.012362999999999999,1.6000000000000003,0.32000000000000006,0.061,0.32000000000000006,0.061
0.049,0.012442,1.55,0.32000000000000006,0.062,0.32000000000000006,0.062
0.04905,0.0125915,1.6000000000000003,0.32000000000000006,0.063,0.32000000000000006,0.063
0.049100000000000005,0.0127505,1.55,0.32000000000000006,0.063,0.32000000000000006,0.063
0.04915,0.012938499999999999,1.5999999999999994,0.32000000000000006,0.063,0.32000000000000006,0.063
0.0492,0.013124,1.55,0.32000000000000006,0.063,0.32000000000000006,0.063
0.04925,0.0133095,1.5999999999999994,0.32000000000000006,0.062,0.32000000000000006,0.062
0.049300000000000004,0.0134775,1.5999999999999999,0.32000000000000006,0.062,0.32000000000000006,0.062
0.049350000000000005,0.013569,1.6500000000000001,0.32000000000000006,0.062,0.32000000000000006,0.062
0.0494,0.0135765,1.7000000000000004,0.32000000000000006,0.062,0.32000000000000006,0.062
0.04945,0.013512,1.7,0.32000000000000006,0.062,0.32000000000000006,0.062
0.0495,0.0133855,1.7500000000000002,0.32000000000000006,0.061,0.32000000000000006,0.061
0.049550000000000004,0.013301499999999999,1.7,0.32000000000000006,0.061,0.32000000000000006,0.061
0.049600000000000005,0.0131565,1.7500000000000002,0.32000000000000006,0.061,0.32000000000000006,0.061
0.04965,0.013063499999999999,1.7,0.32000000000000006,0.061,0.32000000000000006,0.061
0.0497,0.012927,1.6499999999999997,0.32000000000000006,0.061,0.32000000000000006,0.061
0.04975,0.0128255,1.7000000000000004,0.32000000000000006,0.061,0.32000000000000006,0.061
0.049800000000000004,0.012697499999999999,1.65,0.32000000000000006,0.060000000000000005,0.32000000000000006,0.060000000000000005
0.049850000000000005,0.012581499999999999,1.7,0.32000000000000006,0.060000000000000005,0.32000000000000006,0.060000000000000005
0.0499,0.012475499999999999,1.65,0.32000000000000006,0.060000000000000005,0.32000000000000006,0.060000000000000005
0.04995,0.012459,1.6500000000000001,0.32000000000000006,0.060000000000000005,0.32000000000000006,0.060000000000000005
0.05,0.0125165,1.65,0.33000000000000007,0.060000000000000005,0.33000000000000007,0.060000000000000005
0.050050000000000004,0.012563999999999999,1.6500000000000001,0.33000000000000007,0.059,0.33000000000000007,0.059
0.050100000000000006,0.0126505,1.65,0.33000000000000007,0.060000000000000005,0.33000000000000007,0.060000000000000005
0.05015,0.0127285,1.6500000000000001,0.33000000000000007,0.061,0.33000000000000007,0.061
0.0502,0.012827,1.65,0.32000000000000006,0.062,0.32000000000000006,0.062
0.05025,0.012926499999999999,1.6500000000000001,0.32000000000000006,0.062,0.32000000000000006,0.062
0.050300000000000004,0.0130365,1.6,0.32000000000000006,0.062,0.32000000000000006,0.062
0.050350000000000006,0.012855499999999999,1.5,0.3700000000000001,0.062,0.3700000000000001,0.062
0.0504,0.012095499999999999,1.35,0.36,0.062,0.36,0.062
0.05045,0.011243999999999999,1.25,0.36,0.064,0.36,0.064
0.0505,0.010522,1.0999999999999999,0.35,0.06899999999999999,0.35,0.06899999999999999
0.050550000000000005,0.010066499999999999,1.0,0.3400000000000001,0.07100000000000001,0.3400000000000001,0.07100000000000001
0.0506,0.0099285,0.9500000000000001,0.3400000000000001,0.073,0.3400000000000001,0.073
0.05065,0.0101675,0.9,0.33000000000000007,0.074,0.33000000000000007,0.074
0.0507,0.0104975,0.9500000000000001,0.33000000000000007,0.074,0.33000000000000007,0.074
0.05075,0.01082,0.9500000000000001,0.33000000000000007,0.073,0.33000000000000007,0.073
0.050800000000000005,0.010997,1.0499999999999998,0.33000000000000007,0.07100000000000001,0.33000000000000007,0.07100000000000001
0.05085,0.010981999999999999,1.0999999999999999,0.32000000000000006,0.068,0.32000000000000006,0.068
0.0509,0.0109915,1.2,0.33000000000000007,0.06499999999999999,0.33000000000000007,0.06499999999999999
0.05095,0.011112,1.25,0.33000000000000007,0.061,0.33000000000000007,0.061
0.051000000000000004,0.011033,1.35,0.33000000000000007,0.056,0.33000000000000007,0.055
0.051050000000000005,0.010732,1.4500000000000002,0.33000000000000007,0.058,0.33000000000000007,0.058
0.0511,0.010391,1.5000000000000002,0.33000000000000007,0.062,0.33000000000000007,0.062
0.05115,0.009897,1.5,0.32000000000000006,0.064,0.32000000000000006,0.064
0.0512,0.00933,1.55,0.32000000000000006,0.06499999999999999,0.32000000000000006,0.06499999999999999
0.051250000000000004,0.009476499999999999,1.0499999999999998,0.32000000000000006,0.066,0.32000000000000006,0.066
0.051300000000000005,0.010012499999999999,1.0500000000000003,0.32000000000000006,0.06499999999999999,0.32000000000000006,0.06499999999999999
0.05135,0.010499,1.0999999999999999,0.32000000000000006,0.064,0.32000000000000006,0.064
0.0514,0.010967,1.1500000000000001,0.32000000000000006,0.063,0.32000000000000006,0.063
0.05145,0.011439,1.2500000000000002,0.33000000000000007,0.062,0.33000000000000007,0.062
0.051500000000000004,0.011774,1.35,0.33000000000000007,0.062,0.33000000000000007,0.062
0.051550000000000006,0.0119885,1.4000000000000001,0.33000000000000007,0.061,0.33000000000000007,0.061
0.0516,0.012093,1.4500000000000002,0.33000000000000007,0.062,0.33000000000000007,0.062
0.05165,0.012118,1.4999999999999998,0.33000000000000007,0.063,0.33000000000000007,0.063
0.0517,0.0120485,1.5,0.33000000000000007,0.063,0.33000000000000007,0.063
0.051750000000000004,0.011984999999999999,1.4999999999999998,0.33000000000000007,0.063,0.33000000000000007,0.063
0.051800000000000006,0.0119505,1.45,0.3200000000000003,0.063,0.3200000000000003,0.063
0.05185,0.012067999999999999,1.5000000000000002,0.33000000000000007,0.062,0.33000000000000007,0.062
0.0519,0.01226,1.5000000000000002,0.33000000000000007,0.062,0.33000000000000007,0.062
0.05195,0.012426,1.5000000000000002,0.33000000000000007,0.061,0.33000000000000007,0.061
0.052000000000000005,0.012596,1.5500000000000005,0.33000000000000007,0.061,0.33000000000000007,0.061
0.05205,0.012686999999999999,1.55,0.3200000000000003,0.062,0.3200000000000003,0.062
0.0521,0.0127205,1.55,0.3200000000000003,0.063,0.3200000000000003,0.063
0.05215,0.012758,1.6000000000000003,0.3200000000000003,0.063,0.3200000000000003,0.063
0.0522,0.012789,1.5999999999999999,0.3200000000000003,0.063,0.3200000000000003,0.063
0.052250000000000005,0.012818999999999999,1.5499999999999996,0.3200000000000003,0.063,0.3200000000000003,0.063
0.0523,0.012848,1.5999999999999999,0.3200000000000003,0.062,0.3200000000000003,0.062
0.05235,0.0129015,1.5499999999999996,0.3200000000000003,0.062,0.3200000000000003,0.062
0.0524,0.012905999999999999,1.55,0.3200000000000003,0.062,0.3200000000000003,0.062
0.052450000000000004,0.0128785,1.6500000000000001,0.3200000000000003,0.061,0.3200000000000003,0.061
0.052500000000000005,0.012787,1.6500000000000001,0.3200000000000003,0.061,0.3200000000000003,0.061
0.05255,0.012626499999999999,1.6499999999999997,0.3200000000000003,0.060000000000000005,0.3200000000000003,0.060000000000000005
0.0526,0.0124315,1.6500000000000001,0.3200000000000003,0.060000000000000005,0.3200000000000003,0.060000000000000005
0.05265,0.0122965,1.6499999999999997,0.3200000000000003,0.060000000000000005,0.3200000000000003,0.060000000000000005
0.052700000000000004,0.012213499999999999,1.5999999999999999,0.3200000000000003,0.060000000000000005,0.3200000000000003,0.060000000000000005
0.052750000000000005,0.012218,1.6500000000000006,0.3200000000000003,0.059,0.3200000000000003,0.059
0.0528,0.012214,1.5999999999999999,0.3200000000000003,0.059,0.3200000000000003,0.059
0.05285,0.0122695,1.6000000000000008,0.3200000000000003,0.061,0.3200000000000003,0.061
0.0529,0.012364499999999999,1.6000000000000008,0.3200000000000003,0.062,0.3200000000000003,0.062
0.052950000000000004,0.012478,1.5999999999999999,0.3200000000000003,0.063,0.3200000000000003,0.063
0.053000000000000005,0.0126425,1.6000000000000008,0.3200000000000003,0.063,0.3200000000000003,0.063
0.05305,0.0128055,1.550000000000001,0.3200000000000003,0.063,0.3200000000000003,0.063
0.0531,0.012993999999999999,1.5999999999999999,0.3200000000000003,0.063,0.3200000000000003,0.063
0.05315,0.013181,1.55,0.3200000000000003,0.063,0.3200000000000003,0.063
0.053200000000000004,0.013380999999999999,1.599999999999999,0.3200000000000003,0.062,0.3200000000000003,0.062
0.053250000000000006,0.013509,1.6499999999999997,0.3200000000000003,0.062,0.3200000000000003,0.062
0.0533,0.0135435,1.7000000000000004,0.3200000000000003,0.062,0.3200000000000003,0.062
0.05335,0.01351,1.7000000000000004,0.3200000000000003,0.062,0.3200000000000003,0.062
0.0534,0.013415499999999999,1.7000000000000004,0.3200000000000003,0.061,0.3200000000000003,0.061
0.053450000000000004,0.013294499999999999,1.7000000000000013,0.3200000000000003,0.061,0.3200000000000003,0.061
0.053500000000000006,0.013184,1.6999999999999995,0.3200000000000003,0.061,0.3200000000000003,0.061
0.05355,0.013063499999999999,1.6999999999999995,0.3200000000000003,0.061,0.3200000000000003,0.061
0.0536,0.0129495,1.7000000000000004,0.3200000000000003,0.061,0.3200000000000003,0.061
0.05365,0.0128095,1.7000000000000004,0.3200000000000003,0.061,0.3200000000000003,0.061
0.053700000000000005,0.0127105,1.6999999999999986,0.3200000000000003,0.060000000000000005,0.3200000000000003,0.060000000000000005
0.05375,0.012591999999999999,1.6500000000000006,0.3200000000000003,0.060000000000000005,0.3200000000000003,0.060000000000000005
0.0538,0.012466999999999999,1.6500000000000006,0.3200000000000003,0.060000000000000005,0.3200000000000003,0.060000000000000005
0.05385,0.0124345,1.6500000000000006,0.3200000000000003,0.060000000000000005,0.3200000000000003,0.060000000000000005
0.0539,0.012477499999999999,1.6500000000000006,0.3300000000000003,0.060000000000000005,0.3300000000000003,0.060000000000000005
0.053950000000000005,0.0125165,1.6499999999999997,0.3300000000000003,0.059,0.3300000000000003,0.059
0.054,0.0125995,1.6500000000000006,0.3300000000000003,0.060000000000000005,0.3300000000000003,0.060000000000000005
0.05405,0.012676999999999999,1.5999999999999999,0.3300000000000003,0.061,0.3300000000000003,0.061
0.0541,0.012789,1.6499999999999997,0.3200000000000003,0.062,0.3200000000000003,0.062
0.054150000000000004,0.0128855,1.5999999999999999,0.3200000000000003,0.062,0.3200000000000003,0.062
0.054200000000000005,0.012964,1.6500000000000006,0.3200000000000003,0.062,0.3200000000000003,0.062
0.05425,0.0128595,1.5000000000000002,0.3799999999999999,0.062,1.38403822737236,0.062
0.0543,0.012128,1.3500000000000008,0.3699999999999999,0.062,0.3699999999999999,0.062
0.05435,0.0112935,1.2499999999999993,0.3599999999999999,0.064,0.3599999999999999,0.064
0.054400000000000004,0.0106395,1.1000000000000008,0.3599999999999999,0.06899999999999999,0.3599999999999999,0.06899999999999999
0.054450000000000005,0.010182,1.0500000000000018,0.3600000000000001,0.07200000000000001,0.3600000000000001,0.07200000000000001
0.0545,0.010015,0.9500000000000022,0.3600000000000001,0.075,0.3600000000000001,0.075
0.05455,0.010236499999999999,0.8500000000000008,0.3500000000000001,0.076,0.3500000000000001,0.076
0.0546,0.010706,0.849999999999999,0.3500000000000001,0.077,0.3500000000000001,0.077
0.054650000000000004,0.011294499999999999,0.8999999999999997,0.3400000000000001,0.077,0.3400000000000001,0.077
0.054700000000000006,0.011765999999999999,0.9499999999999986,0.3400000000000001,0.076,0.3400000000000001,0.076
0.05475,0.0121105,0.9999999999999993,0.33000000000000007,0.075,0.33000000000000007,0.075
0.0548,0.012291999999999999,1.099999999999999,0.33000000000000007,0.073,0.33000000000000007,0.073
0.05485,0.012341999999999999,1.099999999999999,0.33000000000000007,0.06999999999999998,0.33000000000000007,0.06999999999999999
0.054900000000000004,0.012274,1.2000000000000004,0.3200000000000003,0.067,0.3200000000000003,0.067
0.054950000000000006,0.012357499999999999,1.3,0.3300000000000003,0.064,0.3300000000000003,0.064
0.055,0.012412999999999999,1.349999999999999,0.3300000000000003,0.061,0.3300000000000003,0.061
0.05505,0.012358,1.4499999999999995,0.3300000000000003,0.058,0.3300000000000003,0.058
0.0551,0.0121405,1.5000000000000002,0.3200000000000003,0.060000000000000005,0.3200000000000003,0.060000000000000005
0.055150000000000005,0.011823499999999999,1.6000000000000008,0.3200000000000003,0.063,0.3200000000000003,0.063
0.055200000000000006,0.011397,1.6499999999999997,0.3200000000000003,0.06499999999999999,0.3200000000000003,0.06499999999999999
0.05525,0.011047999999999999,1.4999999999999993,0.3200000000000003,0.066,0.3200000000000003,0.066
0.0553,0.0110335,1.3499999999999999,0.3200000000000003,0.066,0.3200000000000003,0.066
0.05535,0.011238999999999999,1.2500000000000002,0.3200000000000003,0.06499999999999999,0.3200000000000003,0.06499999999999999
0.055400000000000005,0.0115795,1.2500000000000002,0.3200000000000003,0.064,0.3200000000000003,0.064
0.05545,0.011942,1.3,0.3200000000000003,0.064,0.3200000000000003,0.064
0.0555,0.0123205,1.3500000000000016,0.33000000000000007,0.063,0.33000000000000007,0.063
0.05555,0.0126115,1.4499999999999986,0.33000000000000007,0.062,0.33000000000000007,0.062
0.055600000000000004,0.012792,1.5000000000000002,0.33000000000000007,0.062,0.33000000000000007,0.062
0.055650000000000005,0.012849,1.55,0.33000000000000007,0.062,0.33000000000000007,0.062
0.0557,0.012813,1.5999999999999999,0.33000000000000007,0.063,0.33000000000000007,0.063
0.05575,0.0127455,1.5999999999999999,0.33000000000000007,0.064,0.33000000000000007,0.064
0.0558,0.0127245,1.5999999999999999,0.33000000000000007,0.064,0.33000000000000007,0.064
0.055850000000000004,0.012719999999999999,1.5499999999999992,0.32000000000000006,0.063,0.32000000000000006,0.063
0.055900000000000005,0.0127315,1.55,0.32000000000000006,0.063,0.32000000000000006,0.063
0.05595,0.012848499999999999,1.5499999999999992,0.33000000000000007,0.063,0.33000000000000007,0.063
0.056,0.013039,1.55,0.33000000000000007,0.062,0.33000000000000007,0.062
0.05605,0.0131875,1.550000000000001,0.33000000000000007,0.062,0.33000000000000007,0.062
0.056100000000000004,0.013301499999999999,1.6500000000000006,0.33000000000000007,0.062,0.33000000000000007,0.062
0.056150000000000005,0.013363499999999999,1.6499999999999997,0.32000000000000006,0.062,0.32000000000000006,0.062
0.0562,0.0133615,1.6499999999999997,0.32000000000000006,0.063,0.32000000000000006,0.063
0.05625,0.013345,1.6499999999999997,0.32000000000000006,0.063,0.32000000000000006,0.063
0.0563,0.0133555,1.6499999999999997,0.32000000000000006,0.063,0.32000000000000006,0.063
0.056350000000000004,0.01333,1.6500000000000006,0.32000000000000006,0.063,0.32000000000000006,0.063
0.056400000000000006,0.013360499999999999,1.6500000000000006,0.32000000000000006,0.062,0.32000000000000006,0.062
0.05645,0.0133645,1.5999999999999999,0.32000000000000006,0.062,0.32000000000000006,0.062
0.0565,0.013359999999999999,1.6500000000000006,0.32000000000000006,0.061,0.32000000000000006,0.061
0.05655,0.013314,1.6499999999999997,0.32000000000000006,0.061,0.32000000000000006,0.061
0.056600000000000004,0.013184,1.7000000000000004,0.32000000000000006,0.061,0.32000000000000006,0.061
0.056650000000000006,0.01304,1.7000000000000004,0.32000000000000006,0.061,0.32000000000000006,0.061
0.0567,0.0128575,1.6999999999999995,0.32000000000000006,0.061,0.32000000000000006,0.061
0.05675,0.012700999999999999,1.6999999999999995,0.32000000000000006,0.060000000000000005,0.32000000000000006,0.060000000000000005
0.0568,0.012561,1.6500000000000001,0.32000000000000006,0.060000000000000005,0.32000000000000006,0.060000000000000005
0.056850000000000005,0.012535,1.6499999999999997,0.32000000000000006,0.060000000000000005,0.32000000000000006,0.060000000000000005
0.056900000000000006,0.012574,1.6500000000000001,0.32000000000000006,0.060000000000000005,0.32000000000000006,0.060000000000000005
0.05695,0.012615,1.6500000000000001,0.32000000000000006,0.060000000000000005,0.32000000000000006,0.060000000000000005
0.057,0.012704,1.6500000000000001,0.32000000000000006,0.060000000000000005,0.32000000000000006,0.060000000000000005
0.057050000000000003,0.012801499999999999,1.5999999999999999,0.32000000000000006,0.062,0.32000000000000006,0.062
0.057100000000000005,0.0129205,1.6500000000000001,0.32000000000000006,0.063,0.32000000000000006,0.063
0.05715,0.013045999999999999,1.5999999999999999,0.32000000000000006,0.063,0.32000000000000006,0.063
0.0572,0.013182999999999999,1.6500000000000001,0.32000000000000006,0.063,0.32000000000000006,0.063
0.05725,0.013318499999999999,1.5999999999999999,0.32000000000000006,0.063,0.32000000000000006,0.063
0.057300000000000004,0.0134845,1.6500000000000001,0.32000000000000006,0.062,0.32000000000000006,0.062
0.057350000000000005,0.013611499999999999,1.5999999999999999,0.32000000000000006,0.062,0.32000000000000006,0.062
0.0574,0.013727,1.7,0.32000000000000006,0.062,0.32000000000000006,0.062
0.05745,0.013758,1.7,0.32000000000000006,0.062,0.32000000000000006,0.062
0.0575,0.013705,1.7499999999999998,0.32000000000000006,0.062,0.32000000000000006,0.062
0.057550000000000004,0.013581,1.7500000000000002,0.32000000000000006,0.061,0.32000000000000006,0.061
0.057600000000000005,0.013463999999999999,1.7500000000000002,0.32000000000000006,0.061,0.32000000000000006,0.061
0.05765,0.0133355,1.7,0.32000000000000006,0.061,0.32000000000000006,0.061
0.0577,0.013318,1.7499999999999998,0.32000000000000006,0.061,0.32000000000000006,0.061
0.05775,0.013340999999999999,1.7,0.33000000000000007,0.061,0.33000000000000007,0.061
0.057800000000000004,0.013373999999999999,1.7500000000000002,0.33000000000000007,0.060000000000000005,0.33000000000000007,0.060000000000000005
0.057850000000000006,0.013415499999999999,1.7,0.33000000000000007,0.061,0.33000000000000007,0.061
0.0579,0.013490499999999999,1.7,0.32000000000000006,0.062,0.32000000000000006,0.062
0.05795,0.0135345,1.7,0.32000000000000006,0.063,0.32000000000000006,0.063
0.058,0.013630499999999999,1.7,0.32000000000000006,0.063,0.32000000000000006,0.063
0.058050000000000004,0.013678,1.6500000000000001,0.32000000000000006,0.063,0.32000000000000006,0.063
0.058100000000000006,0.013654999999999999,1.6500000000000001,0.3400000000000001,0.063,1.3840382273723655,0.063
0.05815,0.013137999999999999,1.5000000000000002,0.3600000000000001,0.062,0.3600000000000001,0.062
0.0582,0.012199999999999999,1.35,0.3700000000000001,0.062,0.3700000000000001,0.062
0.05825,0.011401999999999999,1.25,0.3600000000000001,0.067,0.3600000000000001,0.067
0.058300000000000005,0.0107385,1.1500000000000001,0.3600000000000001,0.07100000000000001,0.3600000000000001,0.07100000000000001
0.058350000000000006,0.010303,1.05,0.34999999999999987,0.074,0.34999999999999987,0.074
0.0584,0.010199,0.9500000000000002,0.33999999999999986,0.076,0.33999999999999986,0.076
0.05845,0.010593499999999999,0.8500000000000001,0.34999999999999964,0.077,0.34999999999999964,0.077
0.0585,0.0111615,0.9000000000000001,0.33999999999999986,0.077,0.33999999999999986,0.077
0.058550000000000005,0.0116615,0.95,0.33999999999999986,0.077,0.33999999999999986,0.077
0.058600000000000006,0.0120795,1.0,0.33999999999999986,0.076,0.33999999999999986,0.076
0.05865,0.012281,1.1,0.32999999999999985,0.074,0.32999999999999985,0.074
0.0587,0.012445999999999999,1.1,0.32999999999999985,0.07100000000000001,0.32999999999999985,0.07100000000000001
0.058750000000000004,0.012435499999999999,1.2,0.31999999999999984,0.068,0.31999999999999984,0.068
0.058800000000000005,0.0125215,1.3000000000000003,0.32999999999999985,0.06499999999999999,0.32999999999999985,0.06499999999999999
0.05885,0.012646,1.3499999999999999,0.32999999999999985,0.062,0.32999999999999985,0.062
0.0589,0.01264,1.45,0.32999999999999985,0.060000000000000005,0.32999999999999985,0.060000000000000005
0.05895,0.012487499999999999,1.5000000000000002,0.32999999999999985,0.060000000000000005,0.32999999999999985,0.060000000000000005
0.059000000000000004,0.0122455,1.5999999999999999,0.31999999999999984,0.063,0.31999999999999984,0.063
0.059050000000000005,0.011856,1.6500000000000004,0.31999999999999984,0.06499999999999999,0.31999999999999984,0.06499999999999999
0.0591,0.011412499999999999,1.55,0.31999999999999984,0.066,0.31999999999999984,0.066
0.05915,0.011321999999999999,1.4000000000000001,0.31999999999999984,0.066,0.31999999999999984,0.066
0.0592,0.011420999999999999,1.35,0.31999999999999984,0.06499999999999999,0.31999999999999984,0.06499999999999999
0.059250000000000004,0.011667499999999999,1.2999999999999998,0.31999999999999984,0.064,0.31999999999999984,0.064
0.059300000000000005,0.012013,1.3000000000000003,0.33000000000000007,0.063,0.33000000000000007,0.063
0.05935,0.012346999999999999,1.4000000000000001,0.33000000000000007,0.062,0.33000000000000007,0.062
0.0594,0.012605,1.45,0.33000000000000007,0.062,0.33000000000000007,0.062
0.05945,0.0127285,1.5,0.33000000000000007,0.061,0.33000000000000007,0.061
0.059500000000000004,0.01278,1.55,0.33000000000000007,0.062,0.33000000000000007,0.062
0.059550000000000006,0.0127195,1.6499999999999997,0.33000000000000007,0.063,0.33000000000000007,0.063
0.0596,0.012666,1.5999999999999999,0.33000000000000007,0.064,0.33000000000000007,0.064
0.05965,0.012633,1.55,0.33000000000000007,0.064,0.33000000000000007,0.064
0.0597,0.012645,1.5500000000000005,0.32000000000000006,0.063,0.32000000000000006,0.063
0.059750000000000004,0.012705,1.5500000000000005,0.33000000000000007,0.063,0.33000000000000007,0.063
0.059800000000000006,0.0129085,1.55,0.33000000000000007,0.062,0.33000000000000007,0.062
0.05985,0.013077499999999999,1.55,0.33000000000000007,0.062,0.33000000000000007,0.062
0.0599,0.0132505,1.6000000000000003,0.33000000000000007,0.062,0.33000000000000007,0.062
0.05995,0.0133505,1.6500000000000001,0.32000000000000006,0.062,0.32000000000000006,0.062
0.060000000000000005,0.013366999999999999,1.6499999999999992,0.32000000000000006,0.063,0.32000000000000006,0.063
0.060050000000000006,0.013371,1.6499999999999997,0.32000000000000006,0.063,0.32000000000000006,0.063
0.0601,0.013389,1.6499999999999997,0.32000000000000006,0.063,0.32000000000000006,0.063
0.06015,0.013384499999999999,1.6500000000000001,0.32000000000000006,0.063,0.32000000000000006,0.063
0.060200000000000004,0.013432,1.6500000000000001,0.32000000000000006,0.063,0.32000000000000006,0.063
0.060250000000000005,0.0134405,1.5999999999999999,0.32000000000000006,0.063,0.32000000000000006,0.063
0.0603,0.013498999999999999,1.6500000000000006,0.32000000000000006,0.062,0.32000000000000006,0.062
0.06035,0.0135395,1.6500000000000001,0.32000000000000006,0.062,0.32000000000000006,0.062
0.0604,0.013493999999999999,1.6999999999999995,0.32000000000000006,0.062,0.32000000000000006,0.062
0.060450000000000004,0.0133925,1.6999999999999995,0.32000000000000006,0.062,0.32000000000000006,0.062
0.060500000000000005,0.013252499999999999,1.7000000000000004,0.32000000000000006,0.061,0.32000000000000006,0.061
0.06055,0.013118999999999999,1.7000000000000004,0.32000000000000006,0.061,0.32000000000000006,0.061
0.0606,0.012981,1.7000000000000004,0.32000000000000006,0.061,0.32000000000000006,0.061
0.06065,0.0129425,1.7000000000000004,0.32000000000000006,0.061,0.32000000000000006,0.061
0.060700000000000004,0.0129515,1.6499999999999997,0.32000000000000006,0.061,0.32000000000000006,0.061
0.060750000000000005,0.012973,1.6999999999999995,0.32000000000000006,0.061,0.32000000000000006,0.061
0.0608,0.013044,1.6499999999999997,0.32000000000000006,0.061,0.32000000000000006,0.061
0.06085,0.0130975,1.6999999999999995,0.32000000000000006,0.062,0.32000000000000006,0.062
0.0609,0.013208,1.6500000000000006,0.32000000000000006,0.063,0.32000000000000006,0.063
0.060950000000000004,0.013275499999999999,1.7000000000000004,0.32000000000000006,0.063,0.32000000000000006,0.063
0.061000000000000006,0.013399,1.6500000000000006,0.32000000000000006,0.063,0.32000000000000006,0.063
0.06105,0.013482,1.7000000000000004,0.32000000000000006,0.063,0.32000000000000006,0.063
0.0611,0.013618499999999999,1.6499999999999997,0.32000000000000006,0.062,0.32000000000000006,0.062
0.06115,0.013712,1.6499999999999997,0.32000000000000006,0.062,0.32000000000000006,0.062
0.061200000000000004,0.013816,1.6999999999999995,0.32000000000000006,0.062,0.32000000000000006,0.062
0.061250000000000006,0.0138525,1.7000000000000004,0.32000000000000006,0.062,0.32000000000000006,0.062
0.0613,0.013829999999999999,1.7499999999999993,0.32000000000000006,0.062,0.32000000000000006,0.062
0.06135,0.013696999999999999,1.7500000000000002,0.32000000000000006,0.061,0.32000000000000006,0.061
0.0614,0.01359,1.7499999999999993,0.32000000000000006,0.061,0.32000000000000006,0.061
0.061450000000000005,0.0134545,1.7000000000000004,0.32000000000000006,0.061,0.32000000000000006,0.061
0.061500000000000006,0.013431499999999999,1.7500000000000002,0.32000000000000006,0.061,0.32000000000000006,0.061
0.06155,0.013451,1.7500000000000002,0.33000000000000007,0.061,0.33000000000000007,0.061
0.0616,0.013470999999999999,1.7500000000000002,0.32000000000000006,0.060000000000000005,0.32000000000000006,0.060000000000000005
0.06165,0.013508,1.7500000000000002,0.33000000000000007,0.061,0.33000000000000007,0.061
0.061700000000000005,0.013574999999999999,1.6999999999999995,0.32000000000000006,0.062,0.32000000000000006,0.062
0.061750000000000006,0.013632499999999999,1.7000000000000004,0.32000000000000006,0.063,0.32000000000000006,0.063
0.0618,0.013710499999999999,1.6999999999999995,0.32000000000000006,0.063,0.32000000000000006,0.063
0.06185,0.013743,1.7000000000000004,0.32000000000000006,0.063,0.32000000000000006,0.063
0.061900000000000004,0.013673,1.6499999999999988,0.3500000000000001,0.063,1.3840382273723593,0.063
0.061950000000000005,0.0129835,1.4999999999999993,0.3600000000000001,0.062,0.3600000000000001,0.062
0.062,0.012083499999999999,1.3,0.3699999999999999,0.063,0.3699999999999999,0.063
0.06205,0.011302,1.2000000000000004,0.3599999999999999,0.068,0.3599999999999999,0.068
0.0621,0.0106955,1.1500000000000015,0.3599999999999999,0.07100000000000001,0.3599999999999999,0.07100000000000001
0.062150000000000004,0.01035,1.05,0.34999999999999987,0.073,0.34999999999999987,0.073
0.062200000000000005,0.0104525,0.8999999999999997,0.34999999999999987,0.075,0.34999999999999987,0.075
0.06225,0.010929999999999999,0.8999999999999997,0.3400000000000001,0.075,0.3400000000000001,0.075
0.0623,0.0113685,0.9999999999999993,0.3400000000000001,0.074,0.3400000000000001,0.074
0.06235,0.011672499999999999,1.0499999999999983,0.32999999999999985,0.073,0.32999999999999985,0.073
0.062400000000000004,0.011802499999999999,1.1000000000000008,0.32999999999999985,0.07100000000000001,0.32999999999999985,0.07100000000000001
0.062450000000000006,0.01183,1.1499999999999997,0.31999999999999984,0.068,0.31999999999999984,0.068
0.0625,0.011845,1.2500000000000002,0.32999999999999985,0.06499999999999999,0.32999999999999985,0.06499999999999999
0.06255000000000001,0.0118745,1.3500000000000008,0.32999999999999985,0.060000000000000005,0.32999999999999985,0.060000000000000005
0.0626,0.011748999999999999,1.3999999999999997,0.32999999999999985,0.055,0.32999999999999985,0.054
0.06265,0.011479,1.5000000000000002,0.32999999999999985,0.058,0.32999999999999985,0.058
0.0627,0.011077499999999999,1.55,0.32999999999999985,0.062,0.32999999999999985,0.062
0.06275,0.01056,1.6500000000000006,0.31999999999999984,0.06499999999999999,0.31999999999999984,0.06499999999999999
0.06280000000000001,0.009994,1.4500000000000004,0.31999999999999984,0.066,0.31999999999999984,0.066
0.06285,0.0100795,1.2000000000000004,0.31999999999999984,0.066,0.31999999999999984,0.066
0.0629,0.010587,1.1000000000000008,0.31999999999999984,0.066,0.31999999999999984,0.066
0.06295,0.0110875,1.1499999999999988,0.31999999999999984,0.06499999999999999,0.31999999999999984,0.06499999999999999
0.063,0.011505,1.2499999999999993,0.31999999999999984,0.064,0.31999999999999984,0.064
0.06305000000000001,0.011974499999999999,1.2999999999999992,0.32999999999999985,0.063,0.32999999999999985,0.063
0.0631,0.0123025,1.4000000000000006,0.32999999999999985,0.062,0.32999999999999985,0.062
0.06315,0.012522,1.4500000000000004,0.32999999999999985,0.061,0.32999999999999985,0.061
0.0632,0.012622999999999999,1.55,0.32999999999999985,0.062,0.32999999999999985,0.062
0.06325,0.01262,1.55,0.32999999999999985,0.063,0.32999999999999985,0.063
0.06330000000000001,0.0125375,1.55,0.32999999999999985,0.064,0.32999999999999985,0.064
0.06335,0.0124605,1.5999999999999999,0.32999999999999985,0.064,0.32999999999999985,0.064
0.0634,0.012449,1.550000000000001,0.32999999999999985,0.063,0.32999999999999985,0.063
0.06345,0.012456499999999999,1.5000000000000002,0.31999999999999984,0.063,0.31999999999999984,0.063
0.0635,0.012607,1.4999999999999993,0.32999999999999985,0.062,0.32999999999999985,0.062
0.06355000000000001,0.0127955,1.55,0.32999999999999985,0.062,0.32999999999999985,0.062
0.0636,0.012964999999999999,1.550000000000001,0.32999999999999985,0.062,0.32999999999999985,0.062
0.06365,0.013066,1.55,0.32999999999999985,0.061,0.32999999999999985,0.061
0.0637,0.013132999999999999,1.6499999999999997,0.31999999999999984,0.062,0.31999999999999984,0.062
0.06375,0.013134999999999999,1.6500000000000006,0.31999999999999984,0.063,0.31999999999999984,0.063
0.06380000000000001,0.013127499999999999,1.6499999999999997,0.31999999999999984,0.063,0.31999999999999984,0.063
0.06385,0.013158,1.6499999999999997,0.31999999999999984,0.063,0.31999999999999984,0.063
0.0639,0.0131805,1.6000000000000008,0.31999999999999984,0.063,0.31999999999999984,0.063
0.06395,0.013212499999999999,1.6499999999999997,0.31999999999999984,0.062,0.31999999999999984,0.062
0.064,0.013283,1.6000000000000008,0.31999999999999984,0.062,0.31999999999999984,0.062
0.06405000000000001,0.0133215,1.6000000000000008,0.31999999999999984,0.062,0.31999999999999984,0.062
0.0641,0.0132985,1.6499999999999997,0.31999999999999984,0.062,0.31999999999999984,0.062
0.06415,0.0132255,1.6499999999999997,0.31999999999999984,0.061,0.31999999999999984,0.061
0.06420000000000001,0.013061,1.6499999999999997,0.31999999999999984,0.061,0.31999999999999984,0.061
0.06425,0.0129395,1.7000000000000004,0.31999999999999984,0.061,0.31999999999999984,0.061
0.06430000000000001,0.012777499999999999,1.6499999999999997,0.31999999999999984,0.061,0.31999999999999984,0.061
0.06435,0.012692499999999999,1.7000000000000004,0.31999999999999984,0.061,0.31999999999999984,0.061
0.0644,0.0126945,1.6499999999999997,0.31999999999999984,0.061,0.31999999999999984,0.061
0.06445000000000001,0.012698,1.6500000000000001,0.31999999999999984,0.060000000000000005,0.31999999999999984,0.060000000000000005
0.0645,0.012761,1.6500000000000001,0.31999999999999984,0.060000000000000005,0.31999999999999984,0.060000000000000005
0.06455,0.012813999999999999,1.5999999999999994,0.31999999999999984,0.061,0.31999999999999984,0.061
0.0646,0.012908999999999999,1.6499999999999997,0.31999999999999984,0.062,0.31999999999999984,0.062
0.06465,0.012999499999999999,1.5999999999999994,0.31999999999999984,0.063,0.31999999999999984,0.063
0.06470000000000001,0.013125999999999999,1.6500000000000001,0.31999999999999984,0.063,0.31999999999999984,0.063
0.06475,0.0132235,1.6000000000000003,0.31999999999999984,0.063,0.31999999999999984,0.063
0.0648,0.013361999999999999,1.6499999999999997,0.31999999999999984,0.062,0.31999999999999984,0.062
0.06485,0.013470999999999999,1.6000000000000003,0.31999999999999984,0.062,0.31999999999999984,0.062
0.0649,0.013607999999999999,1.6500000000000001,0.31999999999999984,0.062,0.31999999999999984,0.062
0.06495000000000001,0.0136595,1.6500000000000001,0.31999999999999984,0.062,0.31999999999999984,0.062
0.065,0.0136495,1.7499999999999998,0.31999999999999984,0.062,0.31999999999999984,0.062
0.06505,0.013571,1.7499999999999998,0.31999999999999984,0.061,0.31999999999999984,0.061
0.0651,0.0134495,1.75,0.31999999999999984,0.061,0.31999999999999984,0.061
0.06515,0.0133265,1.7500000000000002,0.31999999999999984,0.061,0.31999999999999984,0.061
0.06520000000000001,0.013266499999999999,1.75,0.31999999999999984,0.061,0.31999999999999984,0.061
0.06525,0.013285499999999999,1.7,0.31999999999999984,0.061,0.31999999999999984,0.061
0.0653,0.013297499999999999,1.75,0.32999999999999985,0.060000000000000005,0.32999999999999985,0.060000000000000005
0.06535,0.013361,1.7,0.31999999999999984,0.060000000000000005,0.31999999999999984,0.060000000000000005
0.0654,0.0134115,1.7000000000000002,0.31999999999999984,0.061,0.31999999999999984,0.061
0.06545000000000001,0.0134785,1.7,0.31999999999999984,0.062,0.31999999999999984,0.062
0.0655,0.0135515,1.7000000000000002,0.31999999999999984,0.063,0.31999999999999984,0.063
0.06555,0.0136165,1.6499999999999997,0.31999999999999984,0.063,0.31999999999999984,0.063
0.0656,0.013562,1.6500000000000001,0.3400000000000001,0.063,1.3740382308692434,0.063
0.06565,0.012955,1.4500000000000002,0.3599999999999999,0.062,0.3599999999999999,0.062
0.06570000000000001,0.012105,1.35,0.3599999999999999,0.062,0.3599999999999999,0.062
0.06575,0.011285499999999999,1.25,0.3600000000000001,0.067,0.3600000000000001,0.067
0.0658,0.0106375,1.15,0.3600000000000001,0.07100000000000001,0.3600000000000001,0.07100000000000001
0.06585,0.010232999999999999,1.0,0.3500000000000001,0.073,0.3500000000000001,0.073
0.0659,0.010334,0.9,0.3500000000000001,0.074,0.3500000000000001,0.074
0.06595000000000001,0.010764,0.9,0.3400000000000001,0.075,0.3400000000000001,0.075
0.066,0.0111805,0.9500000000000001,0.3400000000000001,0.074,0.3400000000000001,0.074
0.06605,0.011463,1.05,0.33000000000000007,0.073,0.33000000000000007,0.073
0.0661,0.011653,1.0499999999999998,0.33000000000000007,0.07100000000000001,0.33000000000000007,0.07100000000000001
0.06615,0.011675999999999999,1.1500000000000001,0.32000000000000006,0.068,0.32000000000000006,0.068
0.06620000000000001,0.011649,1.2500000000000002,0.33000000000000007,0.06499999999999999,0.33000000000000007,0.06499999999999999
0.06625,0.011691499999999999,1.3500000000000003,0.33000000000000007,0.060000000000000005,0.33000000000000007,0.060000000000000005
0.0663,0.011614,1.4,0.33000000000000007,0.055,0.33000000000000007,0.055
0.06635,0.011351499999999999,1.5,0.33000000000000007,0.058,0.33000000000000007,0.058
0.0664,0.0109725,1.55,0.33000000000000007,0.062,0.33000000000000007,0.062
0.06645000000000001,0.0104675,1.6,0.31999999999999984,0.064,0.31999999999999984,0.064
0.0665,0.009897999999999999,1.5000000000000002,0.31999999999999984,0.066,0.31999999999999984,0.066
0.06655,0.009967499999999999,1.2,0.31999999999999984,0.066,0.31999999999999984,0.066
0.0666,0.010456499999999999,1.15,0.31999999999999984,0.06499999999999999,0.31999999999999984,0.06499999999999999
0.06665,0.010952,1.1500000000000001,0.31999999999999984,0.064,0.31999999999999984,0.064
0.06670000000000001,0.011408,1.2500000000000002,0.31999999999999984,0.063,0.31999999999999984,0.063
0.06675,0.011863499999999999,1.3000000000000003,0.32999999999999985,0.063,0.32999999999999985,0.063
0.0668,0.012194,1.3499999999999999,0.32999999999999985,0.062,0.32999999999999985,0.062
0.06685,0.012407,1.45,0.32999999999999985,0.061,0.32999999999999985,0.061
0.0669,0.012516,1.55,0.32999999999999985,0.062,0.32999999999999985,0.062
0.06695000000000001,0.0125065,1.55,0.32999999999999985,0.063,0.32999999999999985,0.063
0.067,0.0124365,1.5999999999999999,0.32999999999999985,0.063,0.32999999999999985,0.063
0.06705,0.012388,1.55,0.32999999999999985,0.063,0.32999999999999985,0.063
0.0671,0.012346999999999999,1.5000000000000002,0.32999999999999985,0.063,0.32999999999999985,0.063
0.06715,0.0123805,1.5500000000000005,0.32999999999999985,0.063,0.32999999999999985,0.063
0.06720000000000001,0.012555499999999999,1.5000000000000002,0.32999999999999985,0.062,0.32999999999999985,0.062
0.06725,0.012735499999999999,1.4999999999999998,0.32999999999999985,0.062,0.32999999999999985,0.062
0.0673,0.012912499999999999,1.5500000000000005,0.32999999999999985,0.061,0.32999999999999985,0.061
0.06735000000000001,0.013018499999999999,1.5999999999999999,0.31999999999999984,0.061,0.31999999999999984,0.061
0.0674,0.013054,1.5999999999999994,0.31999999999999984,0.062,0.31999999999999984,0.062
0.06745000000000001,0.013068,1.6499999999999997,0.31999999999999984,0.063,0.31999999999999984,0.063
0.0675,0.013075499999999999,1.5999999999999994,0.31999999999999984,0.063,0.31999999999999984,0.063
0.06755,0.013078,1.6500000000000001,0.31999999999999984,0.063,0.31999999999999984,0.063
0.06760000000000001,0.013127499999999999,1.6000000000000003,0.31999999999999984,0.063,0.31999999999999984,0.063
0.06765,0.013170999999999999,1.5999999999999999,0.31999999999999984,0.062,0.31999999999999984,0.062
0.06770000000000001,0.013212,1.6000000000000003,0.31999999999999984,0.062,0.31999999999999984,0.062
0.06775,0.0132645,1.5999999999999999,0.31999999999999984,0.062,0.31999999999999984,0.062
0.0678,0.013235,1.6499999999999997,0.31999999999999984,0.062,0.31999999999999984,0.062
0.06785000000000001,0.013156999999999999,1.6999999999999995,0.31999999999999984,0.061,0.31999999999999984,0.061
0.0679,0.013028999999999999,1.7000000000000004,0.31999999999999984,0.061,0.31999999999999984,0.061
0.06795,0.0128685,1.6500000000000006,0.31999999999999984,0.061,0.31999999999999984,0.061
0.068,0.0127385,1.6500000000000006,0.31999999999999984,0.061,0.31999999999999984,0.061
0.06805,0.0126955,1.6500000000000006,0.31999999999999984,0.061,0.31999999999999984,0.061
0.06810000000000001,0.012702,1.6499999999999997,0.31999999999999984,0.060000000000000005,0.31999999999999984,0.060000000000000005
0.06815,0.012735999999999999,1.6499999999999997,0.31999999999999984,0.060000000000000005,0.31999999999999984,0.060000000000000005
0.0682,0.0127745,1.6499999999999997,0.31999999999999984,0.060000000000000005,0.31999999999999984,0.060000000000000005
0.06825,0.012851,1.6499999999999997,0.31999999999999984,0.062,0.31999999999999984,0.062
0.0683,0.0129305,1.6500000000000006,0.31999999999999984,0.063,0.31999999999999984,0.063
0.06835000000000001,0.013045,1.6499999999999997,0.31999999999999984,0.063,0.31999999999999984,0.063
0.0684,0.013134499999999999,1.5999999999999999,0.31999999999999984,0.063,0.31999999999999984,0.063
0.06845,0.013278499999999999,1.6500000000000006,0.31999999999999984,0.063,0.31999999999999984,0.063
0.0685,0.013380999999999999,1.5999999999999999,0.31999999999999984,0.062,0.31999999999999984,0.062
0.06855,0.0135255,1.6499999999999997,0.31999999999999984,0.062,0.31999999999999984,0.062
0.06860000000000001,0.013611,1.6500000000000006,0.31999999999999984,0.062,0.31999999999999984,0.062
0.06865,0.013642,1.7000000000000004,0.31999999999999984,0.062,0.31999999999999984,0.062
0.0687,0.013607,1.6999999999999995,0.31999999999999984,0.061,0.31999999999999984,0.061
0.06875,0.0134925,1.7500000000000002,0.31999999999999984,0.061,0.31999999999999984,0.061
0.0688,0.013378,1.7000000000000004,0.31999999999999984,0.061,0.31999999999999984,0.061
0.06885000000000001,0.0132565,1.750000000000001,0.31999999999999984,0.061,0.31999999999999984,0.061
0.0689,0.013271999999999999,1.7000000000000013,0.31999999999999984,0.061,0.31999999999999984,0.061
0.06895,0.013275499999999999,1.7499999999999993,0.32999999999999985,0.060000000000000005,0.32999999999999985,0.060000000000000005
0.069,0.013302,1.7000000000000013,0.31999999999999984,0.060000000000000005,0.31999999999999984,0.060000000000000005
0.06905,0.013354999999999999,1.6999999999999995,0.31999999999999984,0.061,0.31999999999999984,0.061
0.06910000000000001,0.013401999999999999,1.7000000000000004,0.31999999999999984,0.062,0.31999999999999984,0.062
0.06915,0.0134705,1.6999999999999995,0.31999999999999984,0.063,0.31999999999999984,0.063
0.0692,0.0135185,1.6500000000000006,0.31999999999999984,0.063,0.31999999999999984,0.063
0.06925,0.013556499999999999,1.6999999999999986,0.32999999999999985,0.063,1.3540382378629876,0.063
0.0693,0.013162499999999999,1.5000000000000002,0.3700000000000001,0.062,0.3700000000000001,0.062
0.06935000000000001,0.0123225,1.3500000000000008,0.3600000000000001,0.062,0.3600000000000001,0.062
0.0694,0.011481,1.2500000000000002,0.3500000000000001,0.066,0.3500000000000001,0.066
0.06945,0.01079,1.1499999999999997,0.3600000000000001,0.06999999999999998,0.3600000000000001,0.06999999999999999
0.0695,0.0103495,1.05,0.3500000000000001,0.07200000000000001,0.3500000000000001,0.07200000000000001
0.06955,0.010350999999999999,0.9499999999999986,0.3500000000000001,0.074,0.3500000000000001,0.074
0.06960000000000001,0.010744,0.9499999999999986,0.3400000000000001,0.074,0.3400000000000001,0.074
0.06965,0.0111525,1.000000000000001,0.3400000000000001,0.074,0.3400000000000001,0.074
0.0697,0.0114635,1.05,0.33000000000000007,0.073,0.33000000000000007,0.073
0.06975,0.011696,1.1000000000000008,0.33000000000000007,0.07100000000000001,0.33000000000000007,0.07100000000000001
0.0698,0.0117015,1.1500000000000006,0.32000000000000006,0.06899999999999999,0.32000000000000006,0.06899999999999999
0.06985000000000001,0.011781999999999999,1.250000000000001,0.33000000000000007,0.06499999999999999,0.33000000000000007,0.06499999999999999
0.0699,0.011831,1.3,0.33000000000000007,0.061,0.33000000000000007,0.060000000000000005
0.06995,0.011750499999999999,1.4000000000000006,0.33000000000000007,0.056,0.33000000000000007,0.054
0.07,0.011456,1.4999999999999993,0.33000000000000007,0.059,0.33000000000000007,0.059
0.07005,0.011089499999999999,1.5499999999999992,0.33000000000000007,0.063,0.33000000000000007,0.063
0.07010000000000001,0.0105515,1.6000000000000008,0.3200000000000003,0.06499999999999999,0.3200000000000003,0.06499999999999999
0.07015,0.009939499999999999,1.6499999999999997,0.3200000000000003,0.066,0.3200000000000003,0.066
0.0702,0.010105,1.1000000000000008,0.3200000000000003,0.066,0.3200000000000003,0.066
0.07025,0.010646,1.0999999999999999,0.3200000000000003,0.06499999999999999,0.3200000000000003,0.06499999999999999
0.0703,0.011118,1.1500000000000015,0.3200000000000003,0.064,0.3200000000000003,0.064
0.07035000000000001,0.011599499999999999,1.2500000000000002,0.3200000000000003,0.063,0.3200000000000003,0.063
0.0704,0.012059499999999999,1.3499999999999999,0.3300000000000003,0.062,0.3300000000000003,0.062
0.07045,0.012373499999999999,1.4000000000000006,0.3300000000000003,0.062,0.3300000000000003,0.062
0.07050000000000001,0.012549999999999999,1.4500000000000004,0.3300000000000003,0.061,0.3300000000000003,0.061
0.07055,0.012615,1.4999999999999993,0.3300000000000003,0.062,0.3300000000000003,0.062
0.07060000000000001,0.0125875,1.5999999999999999,0.3300000000000003,0.063,0.3300000000000003,0.063
0.07065,0.012499999999999999,1.5999999999999999,0.3300000000000003,0.064,0.3300000000000003,0.064
0.0707,0.0124605,1.550000000000001,0.3300000000000003,0.063,0.3300000000000003,0.063
0.07075000000000001,0.0124295,1.5000000000000002,0.3200000000000003,0.063,0.3200000000000003,0.063
0.0708,0.012541,1.55,0.3300000000000003,0.062,0.3300000000000003,0.062
0.07085000000000001,0.0127295,1.55,0.3300000000000003,0.062,0.3300000000000003,0.062
0.0709,0.012909499999999999,1.550000000000001,0.3300000000000003,0.062,0.3300000000000003,0.062
0.07095,0.013056,1.5999999999999999,0.3300000000000003,0.061,0.3300000000000003,0.061
0.07100000000000001,0.0131355,1.5999999999999999,0.3200000000000003,0.062,0.3200000000000003,0.062
0.07105,0.013130999999999999,1.5999999999999999,0.3200000000000003,0.063,0.3200000000000003,0.063
0.0711,0.0131475,1.6499999999999997,0.3200000000000003,0.063,0.3200000000000003,0.063
0.07115,0.013144999999999999,1.6499999999999997,0.3200000000000003,0.063,0.3200000000000003,0.063
0.0712,0.01315,1.6000000000000008,0.3200000000000003,0.063,0.3200000000000003,0.063
0.07125000000000001,0.0132,1.5999999999999999,0.3200000000000003,0.062,0.3200000000000003,0.062
0.0713,0.0132505,1.6000000000000008,0.3200000000000003,0.062,0.3200000000000003,0.062
0.07135,0.0133005,1.6500000000000006,0.3200000000000003,0.062,0.3200000000000003,0.062
0.0714,0.013316,1.6499999999999997,0.3200000000000003,0.062,0.3200000000000003,0.062
0.07145,0.013219,1.6499999999999997,0.3200000000000003,0.061,0.3200000000000003,0.061
0.07150000000000001,0.013099,1.6999999999999995,0.3200000000000003,0.061,0.3200000000000003,0.061
0.07155,0.012955,1.7000000000000004,0.3200000000000003,0.061,0.3200000000000003,0.061
0.0716,0.012803499999999999,1.6499999999999997,0.3200000000000003,0.061,0.3200000000000003,0.061
0.07165,0.0127535,1.6500000000000006,0.3200000000000003,0.061,0.3200000000000003,0.061
0.0717,0.012735499999999999,1.6499999999999997,0.3200000000000003,0.060000000000000005,0.3200000000000003,0.060000000000000005
0.07175000000000001,0.012772499999999999,1.6500000000000001,0.3200000000000003,0.060000000000000005,0.3200000000000003,0.060000000000000005
0.0718,0.0128135,1.6500000000000001,0.3200000000000003,0.060000000000000005,0.3200000000000003,0.060000000000000005
0.07185,0.0128725,1.6499999999999997,0.3200000000000003,0.062,0.3200000000000003,0.062
0.0719,0.0129575,1.6499999999999997,0.3200000000000003,0.062,0.3200000000000003,0.062
0.07195,0.013054,1.6499999999999992,0.3200000000000003,0.063,0.3200000000000003,0.063
0.07200000000000001,0.013156999999999999,1.6000000000000003,0.3200000000000003,0.063,0.3200000000000003,0.063
0.07205,0.013279,1.6500000000000006,0.3200000000000003,0.062,0.3200000000000003,0.062
0.0721,0.013399,1.5999999999999999,0.3200000000000003,0.062,0.3200000000000003,0.062
0.07215,0.013533,1.6500000000000001,0.3200000000000003,0.062,0.3200000000000003,0.062
0.0722,0.013634499999999999,1.6500000000000001,0.3200000000000003,0.062,0.3200000000000003,0.062
0.07225000000000001,0.0136645,1.7000000000000004,0.3200000000000003,0.062,0.3200000000000003,0.062
0.0723,0.0136075,1.7,0.3200000000000003,0.061,0.3200000000000003,0.061
0.07235,0.0135115,1.7499999999999998,0.3200000000000003,0.061,0.3200000000000003,0.061
0.0724,0.013387,1.75,0.3200000000000003,0.061,0.3200000000000003,0.061
0.07245,0.013311499999999999,1.75,0.3200000000000003,0.061,0.3200000000000003,0.061
0.07250000000000001,0.013313,1.7000000000000002,0.3200000000000003,0.061,0.3200000000000003,0.061
0.07255,0.013314,1.75,0.3300000000000003,0.060000000000000005,0.3300000000000003,0.060000000000000005
0.0726,0.0133545,1.7000000000000002,0.3200000000000003,0.060000000000000005,0.3200000000000003,0.060000000000000005
0.07265,0.013403,1.6999999999999997,0.3200000000000003,0.061,0.3200000000000003,0.061
0.0727,0.0134525,1.7000000000000002,0.3200000000000003,0.062,0.3200000000000003,0.062
0.07275000000000001,0.013505999999999999,1.7000000000000002,0.3200000000000003,0.063,0.3200000000000003,0.063
0.0728,0.0135655,1.6500000000000004,0.3200000000000003,0.063,0.3200000000000003,0.063
0.07285,0.013451999999999999,1.5999999999999999,0.34999999999999987,0.062,1.3840382273723668,0.062
0.0729,0.012829,1.45,0.3599999999999999,0.062,0.3599999999999999,0.062
0.07295,0.011916,1.3500000000000003,0.3599999999999999,0.063,0.3599999999999999,0.063
0.07300000000000001,0.0110625,1.2000000000000004,0.3599999999999999,0.067,0.3599999999999999,0.067
0.07305,0.0104075,1.1,0.34999999999999987,0.07100000000000001,0.34999999999999987,0.07100000000000001
0.0731,0.010046,1.0,0.34999999999999987,0.073,0.34999999999999987,0.073
0.07315,0.0100545,0.9000000000000001,0.3500000000000001,0.074,0.3500000000000001,0.074
0.0732,0.010346,0.9000000000000001,0.3500000000000001,0.074,0.3500000000000001,0.074
0.07325000000000001,0.010652499999999999,0.9500000000000002,0.3400000000000001,0.074,0.3400000000000001,0.074
0.0733,0.010936,0.95,0.3400000000000001,0.073,0.3400000000000001,0.073
0.07335,0.011073999999999999,1.05,0.33000000000000007,0.07100000000000001,0.33000000000000007,0.07100000000000001
0.0734,0.011030499999999999,1.1000000000000003,0.33000000000000007,0.068,0.33000000000000007,0.068
0.07345,0.0107795,1.2,0.33000000000000007,0.064,0.33000000000000007,0.064
0.07350000000000001,0.010850499999999999,1.2000000000000002,0.3400000000000001,0.060000000000000005,0.3400000000000001,0.060000000000000005
0.07355,0.010699,1.2999999999999998,0.3300000000000003,0.055,0.3300000000000003,0.055
0.0736,0.0103505,1.3499999999999999,0.3300000000000003,0.055,0.3300000000000003,0.055
0.07365000000000001,0.009913,1.45,0.3300000000000003,0.060000000000000005,0.3300000000000003,0.060000000000000005
0.0737,0.009379,1.4500000000000004,0.3300000000000003,0.063,0.3300000000000003,0.063
0.07375000000000001,0.0088165,1.4,0.3200000000000003,0.066,0.3200000000000003,0.066
0.0738,0.008803499999999999,1.1,0.3200000000000003,0.067,0.3200000000000003,0.067
0.07385,0.009261,0.95,0.3200000000000003,0.067,0.3200000000000003,0.067
0.07390000000000001,0.009779999999999999,1.0,0.3200000000000003,0.066,0.3200000000000003,0.066
0.07395,0.0102265,1.05,0.3200000000000003,0.06499999999999999,0.3200000000000003,0.06499999999999999
0.07400000000000001,0.0105515,1.1500000000000001,0.3200000000000003,0.064,0.3200000000000003,0.064
0.07405,0.010926499999999999,1.2,0.3200000000000003,0.064,0.3200000000000003,0.064
0.0741,0.011262,1.2499999999999998,0.33000000000000007,0.063,0.33000000000000007,0.063
0.07415000000000001,0.011523499999999999,1.3499999999999999,0.33000000000000007,0.062,0.33000000000000007,0.062
0.0742,0.011668,1.4000000000000001,0.33000000000000007,0.062,0.33000000000000007,0.062
0.07425000000000001,0.0117,1.45,0.33000000000000007,0.063,0.33000000000000007,0.063
0.0743,0.0116735,1.4500000000000004,0.33000000000000007,0.063,0.33000000000000007,0.063
0.07435,0.011642999999999999,1.45,0.33000000000000007,0.064,0.33000000000000007,0.064
0.07440000000000001,0.011621999999999999,1.45,0.33000000000000007,0.063,0.33000000000000007,0.063
0.07445,0.011639499999999999,1.45,0.33000000000000007,0.063,0.33000000000000007,0.063
0.0745,0.011651499999999999,1.4000000000000006,0.32000000000000006,0.063,0.32000000000000006,0.063
0.07455,0.0118105,1.4000000000000001,0.33000000000000007,0.062,0.33000000000000007,0.062
0.0746,0.011965,1.45,0.33000000000000007,0.062,0.33000000000000007,0.062
0.07465000000000001,0.012116,1.5000000000000002,0.33000000000000007,0.061,0.33000000000000007,0.061
0.0747,0.012227,1.4999999999999998,0.33000000000000007,0.061,0.33000000000000007,0.061
0.07475,0.0122875,1.5499999999999996,0.32000000000000006,0.062,0.32000000000000006,0.062
0.0748,0.012312,1.5000000000000002,0.32000000000000006,0.063,0.32000000000000006,0.063
0.07485,0.0123465,1.5000000000000007,0.32000000000000006,0.063,0.32000000000000006,0.063
0.07490000000000001,0.012392,1.55,0.32000000000000006,0.063,0.32000000000000006,0.063
0.07495,0.0124555,1.5500000000000005,0.32000000000000006,0.063,0.32000000000000006,0.063
0.075,0.012511999999999999,1.5000000000000002,0.32000000000000006,0.063,0.32000000000000006,0.063
0.07505,0.012600499999999999,1.4999999999999998,0.32000000000000006,0.062,0.32000000000000006,0.062
0.0751,0.012621,1.5000000000000002,0.32000000000000006,0.062,0.32000000000000006,0.062
0.07515000000000001,0.012627999999999999,1.5999999999999999,0.32000000000000006,0.062,0.32000000000000006,0.062
0.0752,0.0125855,1.599999999999999,0.32000000000000006,0.062,0.32000000000000006,0.062
0.07525,0.0124675,1.5999999999999999,0.32000000000000006,0.061,0.32000000000000006,0.061
0.0753,0.012333,1.550000000000001,0.32000000000000006,0.061,0.32000000000000006,0.061
0.07535,0.012206,1.55,0.32000000000000006,0.061,0.32000000000000006,0.061
0.07540000000000001,0.0120865,1.6000000000000008,0.32000000000000006,0.061,0.32000000000000006,0.061
0.07545,0.012104499999999999,1.55,0.32000000000000006,0.061,0.32000000000000006,0.061
0.0755,0.012138999999999999,1.55,0.32000000000000006,0.061,0.32000000000000006,0.061
0.07555,0.0121925,1.6000000000000008,0.32000000000000006,0.060000000000000005,0.32000000000000006,0.060000000000000005
0.0756,0.012282,1.550000000000001,0.32000000000000006,0.061,0.32000000000000006,0.061
0.07565000000000001,0.0123565,1.5499999999999992,0.32000000000000006,0.062,0.32000000000000006,0.062
0.0757,0.0124675,1.55,0.32000000000000006,0.063,0.32000000000000006,0.063
0.07575,0.012595499999999999,1.5499999999999992,0.32000000000000006,0.063,0.32000000000000006,0.063
0.0758,0.0126935,1.5999999999999999,0.32000000000000006,0.063,0.32000000000000006,0.063
0.07585,0.0128265,1.550000000000001,0.32000000000000006,0.063,0.32000000000000006,0.063
0.07590000000000001,0.012961499999999999,1.55,0.32000000000000006,0.062,0.32000000000000006,0.062
0.07595,0.0130715,1.5999999999999999,0.32000000000000006,0.062,0.32000000000000006,0.062
0.076,0.013181499999999999,1.5999999999999999,0.32000000000000006,0.062,0.32000000000000006,0.062
0.07605,0.013190499999999999,1.5999999999999999,0.32000000000000006,0.062,0.32000000000000006,0.062
0.0761,0.013132,1.6999999999999995,0.32000000000000006,0.062,0.32000000000000006,0.062
0.07615000000000001,0.0130405,1.6499999999999997,0.32000000000000006,0.061,0.32000000000000006,0.061
0.0762,0.012928,1.6500000000000006,0.32000000000000006,0.061,0.32000000000000006,0.061
0.07625,0.012808499999999999,1.6999999999999995,0.32000000000000006,0.061,0.32000000000000006,0.061
0.0763,0.012836499999999999,1.6500000000000015,0.32000000000000006,0.061,0.32000000000000006,0.061
0.07635,0.0128525,1.6999999999999995,0.33000000000000007,0.061,0.33000000000000007,0.061
0.07640000000000001,0.0128985,1.6499999999999988,0.32000000000000006,0.060000000000000005,0.32000000000000006,0.060000000000000005
0.07645,0.012933,1.6499999999999997,0.32000000000000006,0.061,0.32000000000000006,0.061
0.0765,0.013009999999999999,1.6499999999999988,0.32000000000000006,0.062,0.32000000000000006,0.062
0.07655,0.0130645,1.6000000000000008,0.32000000000000006,0.062,0.32000000000000006,0.062
0.0766,0.01312,1.6499999999999997,0.32000000000000006,0.063,0.32000000000000006,0.063
0.07665000000000001,0.013151,1.6000000000000008,0.32000000000000006,0.062,1.3357325555972344,0.062
0.0767,0.0128855,1.500000000000001,0.37000000000000033,0.062,0.37000000000000033,0.062
0.07675,0.012058,1.3500000000000008,0.3600000000000003,0.062,0.3600000000000003,0.062
0.07680000000000001,0.0111865,1.250000000000001,0.3600000000000003,0.06499999999999999,0.3600000000000003,0.06499999999999999
0.07685,0.010517,1.0999999999999999,0.3500000000000001,0.06899999999999999,0.3500000000000001,0.06899999999999999
0.07690000000000001,0.0100875,0.9999999999999993,0.3400000000000001,0.07200000000000001,0.3400000000000001,0.07200000000000001
0.07695,0.010036999999999999,0.9500000000000004,0.3400000000000001,0.073,0.3400000000000001,0.073
0.077,0.010358,0.9000000000000015,0.33999999999999986,0.074,0.33999999999999986,0.074
0.07705000000000001,0.010721999999999999,0.8999999999999997,0.33999999999999986,0.074,0.33999999999999986,0.074
0.0771,0.0111095,0.9999999999999993,0.33000000000000007,0.073,0.33000000000000007,0.073
0.07715000000000001,0.0112955,1.0499999999999992,0.33000000000000007,0.07100000000000001,0.33000000000000007,0.07100000000000001
0.0772,0.0112605,1.1499999999999997,0.32000000000000006,0.068,0.32000000000000006,0.068
0.07725,0.011345,1.2000000000000004,0.3300000000000003,0.06499999999999999,0.3300000000000003,0.06499999999999999
0.07730000000000001,0.0114465,1.300000000000001,0.33000000000000007,0.061,0.33000000000000007,0.061
0.07735,0.011323999999999999,1.3999999999999997,0.33000000000000007,0.055,0.33000000000000007,0.054
0.07740000000000001,0.011037499999999999,1.4499999999999995,0.33000000000000007,0.059,0.33000000000000007,0.059
0.07745,0.0106885,1.55,0.33000000000000007,0.062,0.33000000000000007,0.062
0.0775,0.0101545,1.6000000000000008,0.32000000000000006,0.064,0.32000000000000006,0.064
0.07755000000000001,0.009568,1.349999999999999,0.32000000000000006,0.06499999999999999,0.32000000000000006,0.06499999999999999
0.0776,0.009835499999999999,1.0999999999999999,0.32000000000000006,0.06499999999999999,0.32000000000000006,0.06499999999999999
0.07765,0.010359499999999999,1.1000000000000008,0.32000000000000006,0.06499999999999999,0.32000000000000006,0.06499999999999999
0.0777,0.0108125,1.1499999999999997,0.32000000000000006,0.064,0.32000000000000006,0.064
0.07775,0.011335,1.2500000000000002,0.32000000000000006,0.063,0.32000000000000006,0.063
0.07780000000000001,0.011745499999999999,1.300000000000001,0.3300000000000003,0.062,0.3300000000000003,0.062
0.07785,0.012039,1.349999999999999,0.3300000000000003,0.061,0.3300000000000003,0.061
0.0779,0.012222,1.4499999999999995,0.3300000000000003,0.061,0.3300000000000003,0.061
0.07795,0.012282999999999999,1.55,0.3300000000000003,0.062,0.3300000000000003,0.062
0.078,0.0122585,1.55,0.3300000000000003,0.063,0.3300000000000003,0.063
0.07805000000000001,0.012187499999999999,1.5499999999999992,0.3300000000000003,0.063,0.3300000000000003,0.063
0.0781,0.0121415,1.5000000000000002,0.3300000000000003,0.063,0.3300000000000003,0.063
0.07815,0.0121385,1.5000000000000002,0.3300000000000003,0.063,0.3300000000000003,0.063
0.0782,0.012308999999999999,1.5000000000000002,0.3300000000000003,0.062,0.3300000000000003,0.062
0.07825,0.012528,1.500000000000001,0.3300000000000003,0.062,0.3300000000000003,0.062
0.07830000000000001,0.012702,1.55,0.3300000000000003,0.061,0.3300000000000003,0.061
0.07835,0.012850499999999999,1.5499999999999992,0.3300000000000003,0.061,0.3300000000000003,0.061
0.0784,0.012912999999999999,1.6000000000000008,0.3200000000000003,0.062,0.3200000000000003,0.062
0.07845,0.0129245,1.6499999999999997,0.3200000000000003,0.063,0.3200000000000003,0.063
0.0785,0.012926,1.5999999999999999,0.3200000000000003,0.063,0.3200000000000003,0.063
0.07855000000000001,0.0129395,1.5999999999999999,0.3200000000000003,0.063,0.3200000000000003,0.063
0.0786,0.012966499999999999,1.5999999999999999,0.3200000000000003,0.062,0.3200000000000003,0.062
0.07865,0.013023499999999999,1.5999999999999999,0.3200000000000003,0.062,0.3200000000000003,0.062
0.0787,0.013075499999999999,1.550000000000001,0.3200000000000003,0.062,0.3200000000000003,0.062
0.07875,0.013115,1.5999999999999999,0.3200000000000003,0.062,0.3200000000000003,0.062
0.07880000000000001,0.013094999999999999,1.6500000000000006,0.3200000000000003,0.061,0.3200000000000003,0.061
0.07885,0.013002,1.6500000000000006,0.3200000000000003,0.061,0.3200000000000003,0.061
0.0789,0.01287,1.6999999999999995,0.3200000000000003,0.061,0.3200000000000003,0.061
0.07895,0.0127145,1.6499999999999997,0.3200000000000003,0.061,0.3200000000000003,0.061
0.079,0.0126105,1.6500000000000001,0.3200000000000003,0.061,0.3200000000000003,0.061
0.07905000000000001,0.012602499999999999,1.6499999999999997,0.3200000000000003,0.060000000000000005,0.3200000000000003,0.060000000000000005
0.0791,0.012606,1.6000000000000003,0.3200000000000003,0.060000000000000005,0.3200000000000003,0.060000000000000005
0.07915,0.012659499999999999,1.6500000000000006,0.3200000000000003,0.060000000000000005,0.3200000000000003,0.060000000000000005
0.0792,0.012707,1.6000000000000003,0.3200000000000003,0.061,0.3200000000000003,0.061
0.07925,0.0127875,1.6500000000000006,0.3200000000000003,0.062,0.3200000000000003,0.062
0.07930000000000001,0.012881499999999999,1.6000000000000003,0.3200000000000003,0.063,0.3200000000000003,0.063
0.07935,0.012998,1.6499999999999997,0.3200000000000003,0.063,0.3200000000000003,0.063
0.0794,0.013106999999999999,1.6000000000000003,0.3200000000000003,0.062,0.3200000000000003,0.062
0.07945,0.0132395,1.6499999999999997,0.3200000000000003,0.062,0.3200000000000003,0.062
0.0795,0.013373999999999999,1.6000000000000003,0.3200000000000003,0.062,0.3200000000000003,0.062
0.07955000000000001,0.0134805,1.6500000000000006,0.3200000000000003,0.062,0.3200000000000003,0.062
0.0796,0.013550999999999999,1.6500000000000001,0.3200000000000003,0.062,0.3200000000000003,0.062
0.07965,0.013521499999999999,1.7000000000000004,0.3200000000000003,0.061,0.3200000000000003,0.061
0.07970000000000001,0.013431499999999999,1.7500000000000002,0.3200000000000003,0.061,0.3200000000000003,0.061
0.07975,0.013304499999999999,1.7,0.3200000000000003,0.061,0.3200000000000003,0.061
0.07980000000000001,0.013245,1.7000000000000004,0.3200000000000003,0.061,0.3200000000000003,0.061
0.07985,0.013235,1.7499999999999998,0.3200000000000003,0.061,0.3200000000000003,0.061
0.0799,0.013267,1.7,0.3200000000000003,0.060000000000000005,0.3200000000000003,0.060000000000000005
0.07995000000000001,0.013281999999999999,1.7500000000000002,0.3200000000000003,0.060000000000000005,0.3200000000000003,0.060000000000000005
0.08,0.013333999999999999,1.7000000000000004,0.3200000000000003,0.061,0.3200000000000003,0.061
0.08005000000000001,0.013382499999999999,1.7,0.3200000000000003,0.062,0.3200000000000003,0.062
0.0801,0.013424,1.7,0.3200000000000003,0.063,0.3200000000000003,0.063
0.08015,0.013450499999999999,1.7,0.3200000000000003,0.063,0.3200000000000003,0.063
0.08020000000000001,0.0133095,1.55,0.3699999999999999,0.062,1.3890382256239264,0.062
0.08025,0.012482,1.45,0.3599999999999999,0.062,0.3599999999999999,0.062
0.08030000000000001,0.011549,1.25,0.3599999999999999,0.064,0.3599999999999999,0.064
0.08035,0.010827999999999999,1.15,0.34999999999999987,0.068,0.34999999999999987,0.068
0.0804,0.0102925,1.0500000000000003,0.34999999999999987,0.07100000000000001,0.34999999999999987,0.07100000000000001
0.08045000000000001,0.0100675,1.0,0.3400000000000001,0.073,0.3400000000000001,0.073
0.0805,0.010223,0.95,0.3400000000000001,0.074,0.3400000000000001,0.074
0.08055000000000001,0.0106105,0.8999999999999999,0.32999999999999985,0.074,0.32999999999999985,0.074
0.0806,0.010968,1.0000000000000002,0.32999999999999985,0.073,0.32999999999999985,0.073
0.08065,0.011132,1.05,0.31999999999999984,0.07100000000000001,0.31999999999999984,0.07100000000000001
0.08070000000000001,0.011089499999999999,1.1500000000000001,0.31999999999999984,0.068,0.31999999999999984,0.068
0.08075,0.011191999999999999,1.2,0.32999999999999985,0.06499999999999999,0.32999999999999985,0.06499999999999999
0.08080000000000001,0.0113225,1.3,0.3400000000000001,0.061,0.3400000000000001,0.061
0.08085,0.0112115,1.3499999999999999,0.33000000000000007,0.056,0.33000000000000007,0.054
0.0809,0.010954499999999999,1.4000000000000004,0.33000000000000007,0.058,0.33000000000000007,0.058
0.08095000000000001,0.0105735,1.5,0.33000000000000007,0.062,0.33000000000000007,0.062
0.081,0.010091,1.55,0.32000000000000006,0.064,0.32000000000000006,0.064
0.08105,0.0094735,1.6,0.32000000000000006,0.06499999999999999,0.32000000000000006,0.06499999999999999
0.0811,0.009635,1.0499999999999998,0.32000000000000006,0.06499999999999999,0.32000000000000006,0.06499999999999999
0.08115,0.010156,1.05,0.32000000000000006,0.06499999999999999,0.32000000000000006,0.06499999999999999
0.08120000000000001,0.010598,1.1499999999999997,0.32000000000000006,0.063,0.32000000000000006,0.063
0.08125,0.011108,1.2,0.32000000000000006,0.062,0.32000000000000006,0.062
0.0813,0.0115225,1.3,0.32999999999999985,0.062,0.32999999999999985,0.062
0.08135,0.011822,1.4000000000000001,0.32999999999999985,0.061,0.32999999999999985,0.061
0.0814,0.0120345,1.45,0.32999999999999985,0.061,0.32999999999999985,0.061
0.08145000000000001,0.012093999999999999,1.5000000000000002,0.32000000000000006,0.062,0.32000000000000006,0.062
0.0815,0.012059499999999999,1.4999999999999998,0.32000000000000006,0.063,0.32000000000000006,0.063
0.08155,0.011981499999999999,1.5000000000000002,0.32999999999999985,0.063,0.32999999999999985,0.063
0.0816,0.0119635,1.4999999999999998,0.32999999999999985,0.063,0.32999999999999985,0.063
0.08165,0.011989,1.5000000000000002,0.32999999999999985,0.062,0.32999999999999985,0.062
0.08170000000000001,0.012166999999999999,1.45,0.32999999999999985,0.062,0.32999999999999985,0.062
0.08175,0.0123585,1.5000000000000007,0.32999999999999985,0.061,0.32999999999999985,0.061
0.0818,0.0125685,1.4999999999999998,0.32999999999999985,0.061,0.32999999999999985,0.061
0.08185,0.0127005,1.5499999999999996,0.32999999999999985,0.061,0.32999999999999985,0.061
0.0819,0.0127765,1.5999999999999999,0.32999999999999985,0.062,0.32999999999999985,0.062
0.08195000000000001,0.012809,1.6000000000000008,0.31999999999999984,0.063,0.31999999999999984,0.063
0.082,0.0128005,1.6000000000000003,0.31999999999999984,0.063,0.31999999999999984,0.063
0.08205,0.0128255,1.6000000000000003,0.31999999999999984,0.063,0.31999999999999984,0.063
0.0821,0.012863999999999999,1.6000000000000003,0.31999999999999984,0.062,0.31999999999999984,0.062
0.08215,0.0129155,1.55,0.31999999999999984,0.062,0.31999999999999984,0.062
0.08220000000000001,0.012978,1.6000000000000003,0.31999999999999984,0.062,0.31999999999999984,0.062
0.08225,0.0130365,1.5999999999999999,0.31999999999999984,0.062,0.31999999999999984,0.062
0.0823,0.012997,1.599999999999999,0.31999999999999984,0.061,0.31999999999999984,0.061
0.08235,0.0128905,1.6499999999999997,0.31999999999999984,0.061,0.31999999999999984,0.061
0.0824,0.012770499999999999,1.6499999999999997,0.31999999999999984,0.061,0.31999999999999984,0.061
0.08245000000000001,0.0126035,1.6499999999999997,0.31999999999999984,0.061,0.31999999999999984,0.061
0.0825,0.0125505,1.6500000000000006,0.31999999999999984,0.060000000000000005,0.31999999999999984,0.060000000000000005
0.08255,0.0125375,1.5999999999999999,0.31999999999999984,0.060000000000000005,0.31999999999999984,0.060000000000000005
0.0826,0.0125765,1.6500000000000006,0.31999999999999984,0.060000000000000005,0.31999999999999984,0.060000000000000005
0.08265,0.012628499999999999,1.5999999999999999,0.31999999999999984,0.060000000000000005,0.31999999999999984,0.060000000000000005
0.08270000000000001,0.012691,1.6499999999999997,0.31999999999999984,0.062,0.31999999999999984,0.062
0.08275,0.012797999999999999,1.5999999999999999,0.31999999999999984,0.063,0.31999999999999984,0.063
0.0828,0.012902,1.6000000000000008,0.31999999999999984,0.063,0.31999999999999984,0.063
0.08285000000000001,0.013039,1.5999999999999999,0.31999999999999984,0.063,0.31999999999999984,0.063
0.0829,0.013176,1.6000000000000008,0.31999999999999984,0.063,0.31999999999999984,0.063
0.08295000000000001,0.013326999999999999,1.5999999999999999,0.31999999999999984,0.063,0.31999999999999984,0.063
0.083,0.0134825,1.5999999999999999,0.31999999999999984,0.062,0.31999999999999984,0.062
0.08305,0.013616999999999999,1.6500000000000006,0.31999999999999984,0.062,0.31999999999999984,0.062
0.08310000000000001,0.013672,1.6499999999999997,0.31999999999999984,0.062,0.31999999999999984,0.062
0.08315,0.0136405,1.7500000000000002,0.31999999999999984,0.062,0.31999999999999984,0.062
0.08320000000000001,0.013531999999999999,1.7499999999999993,0.31999999999999984,0.061,0.31999999999999984,0.061
0.08325,0.0133885,1.7000000000000004,0.31999999999999984,0.061,0.31999999999999984,0.061
0.0833,0.013378999999999999,1.7499999999999993,0.31999999999999984,0.061,0.31999999999999984,0.061
0.08335000000000001,0.0133645,1.7499999999999993,0.31999999999999984,0.061,0.31999999999999984,0.061
0.0834,0.0133885,1.6999999999999995,0.31999999999999984,0.061,0.31999999999999984,0.061
0.08345000000000001,0.013394999999999999,1.7500000000000002,0.31999999999999984,0.061,0.31999999999999984,0.061
0.0835,0.013438499999999999,1.7000000000000004,0.31999999999999984,0.062,0.31999999999999984,0.062
0.08355,0.013462,1.6999999999999995,0.31999999999999984,0.063,0.31999999999999984,0.063
0.08360000000000001,0.013489,1.6999999999999995,0.31999999999999984,0.063,0.31999999999999984,0.063
0.08365,0.013457499999999999,1.6499999999999997,0.33999999999999986,0.063,1.3740382308692354,0.063
0.08370000000000001,0.012974999999999999,1.4999999999999993,0.3699999999999999,0.062,0.3699999999999999,0.062
0.08375,0.012005499999999999,1.3500000000000008,0.3599999999999999,0.062,0.3599999999999999,0.062
0.0838,0.011167,1.2000000000000004,0.3599999999999999,0.066,0.3599999999999999,0.066
0.08385000000000001,0.0104805,1.1000000000000008,0.3500000000000001,0.06999999999999998,0.3500000000000001,0.06999999999999999
0.0839,0.010051,1.05,0.3400000000000001,0.07200000000000001,0.3400000000000001,0.07200000000000001
0.08395000000000001,0.0099655,0.9500000000000004,0.3400000000000001,0.073,0.3400000000000001,0.073
0.084,0.0102925,0.8999999999999997,0.33000000000000007,0.074,0.33000000000000007,0.074
0.08405,0.010645499999999999,0.9499999999999995,0.33000000000000007,0.073,0.33000000000000007,0.073
0.08410000000000001,0.010893,0.9999999999999993,0.32000000000000006,0.07200000000000001,0.32000000000000006,0.07200000000000001
0.08415,0.010948,1.0999999999999999,0.32000000000000006,0.06999999999999998,0.32000000000000006,0.06999999999999999
0.08420000000000001,0.0108565,1.1000000000000008,0.31000000000000005,0.067,0.31000000000000005,0.067
0.08425,0.0110955,1.2000000000000013,0.33999999999999986,0.063,0.33999999999999986,0.063
0.0843,0.01108,1.3,0.3299999999999996,0.059,0.3299999999999996,0.058
0.08435000000000001,0.010901,1.3499999999999999,0.3299999999999996,0.056,0.3299999999999996,0.056
0.0844,0.0106425,1.4500000000000004,0.3299999999999996,0.061,0.3299999999999996,0.061
0.08445,0.010223,1.4999999999999993,0.3299999999999996,0.063,0.3299999999999996,0.063
0.0845,0.009691499999999999,1.55,0.3199999999999996,0.06499999999999999,0.3199999999999996,0.06499999999999999
0.08455,0.009434,1.1499999999999988,0.3199999999999996,0.066,0.3199999999999996,0.066
0.08460000000000001,0.0099455,1.050000000000001,0.3199999999999996,0.066,0.3199999999999996,0.066
0.08465,0.0104645,1.0999999999999999,0.3199999999999996,0.06499999999999999,0.3199999999999996,0.06499999999999999
0.0847,0.010955,1.1499999999999997,0.3199999999999996,0.064,0.3199999999999996,0.064
0.08475,0.011469499999999999,1.2500000000000002,0.3199999999999996,0.063,0.3199999999999996,0.063
0.0848,0.0118535,1.2999999999999992,0.3199999999999996,0.062,0.3199999999999996,0.062
0.08485000000000001,0.012111499999999999,1.3499999999999999,0.32999999999999985,0.061,0.32999999999999985,0.061
0.0849,0.0122855,1.5000000000000002,0.32999999999999985,0.062,0.32999999999999985,0.062
0.08495,0.012329999999999999,1.55,0.3199999999999996,0.063,0.3199999999999996,0.063
0.085,0.012277999999999999,1.5499999999999992,0.3199999999999996,0.063,0.3199999999999996,0.063
0.08505,0.0121885,1.55,0.3199999999999996,0.063,0.3199999999999996,0.063
0.08510000000000001,0.012125499999999999,1.5000000000000002,0.3199999999999996,0.063,0.3199999999999996,0.063
0.08515,0.012225999999999999,1.5000000000000002,0.32999999999999985,0.062,0.32999999999999985,0.062
0.0852,0.012407999999999999,1.500000000000001,0.32999999999999985,0.062,0.32999999999999985,0.062
0.08525,0.012563,1.5000000000000002,0.32999999999999985,0.061,0.32999999999999985,0.061
0.0853,0.0127105,1.5499999999999992,0.32999999999999985,0.061,0.32999999999999985,0.061
0.08535000000000001,0.0128005,1.6000000000000008,0.32999999999999985,0.062,0.32999999999999985,0.062
0.0854,0.012813999999999999,1.5999999999999999,0.31999999999999984,0.063,0.31999999999999984,0.063
0.08545,0.0128235,1.6499999999999997,0.31999999999999984,0.063,0.31999999999999984,0.063
0.0855,0.012829,1.5999999999999999,0.31999999999999984,0.063,0.31999999999999984,0.063
0.08555,0.012830999999999999,1.5499999999999992,0.31999999999999984,0.062,0.31999999999999984,0.062
0.08560000000000001,0.012881,1.5999999999999999,0.31999999999999984,0.062,0.31999999999999984,0.062
0.08565,0.0129295,1.550000000000001,0.31999999999999984,0.062,0.31999999999999984,0.062
0.0857,0.012971499999999999,1.55,0.31999999999999984,0.062,0.31999999999999984,0.062
0.08575,0.012981999999999999,1.6500000000000006,0.31999999999999984,0.061,0.31999999999999984,0.061
0.0858,0.012905499999999999,1.6500000000000006,0.31999999999999984,0.061,0.31999999999999984,0.061
0.08585000000000001,0.0127555,1.6499999999999997,0.31999999999999984,0.061,0.31999999999999984,0.061
0.0859,0.012608,1.6499999999999997,0.31999999999999984,0.061,0.31999999999999984,0.061
0.08595,0.01252,1.6500000000000001,0.31999999999999984,0.060000000000000005,0.31999999999999984,0.060000000000000005
0.08600000000000001,0.012506,1.6499999999999997,0.31999999999999984,0.060000000000000005,0.31999999999999984,0.060000000000000005
0.08605,0.012535,1.6000000000000003,0.31999999999999984,0.060000000000000005,0.31999999999999984,0.060000000000000005
0.08610000000000001,0.0125755,1.6500000000000006,0.31999999999999984,0.060000000000000005,0.31999999999999984,0.060000000000000005
0.08615,0.012648999999999999,1.6000000000000003,0.31999999999999984,0.061,0.31999999999999984,0.061
0.0862,0.0127475,1.6000000000000008,0.31999999999999984,0.063,0.31999999999999984,0.063
0.08625000000000001,0.0128565,1.6000000000000003,0.31999999999999984,0.063,0.31999999999999984,0.063
0.0863,0.012971499999999999,1.5999999999999994,0.31999999999999984,0.063,0.31999999999999984,0.063
0.08635000000000001,0.013108499999999999,1.6000000000000003,0.31999999999999984,0.063,0.31999999999999984,0.063
0.0864,0.013269,1.5999999999999999,0.31999999999999984,0.063,0.31999999999999984,0.063
0.08645,0.013411999999999999,1.6500000000000001,0.31999999999999984,0.062,0.31999999999999984,0.062
0.08650000000000001,0.013559,1.6500000000000001,0.31999999999999984,0.062,0.31999999999999984,0.062
0.08655,0.013623,1.6500000000000001,0.31999999999999984,0.062,0.31999999999999984,0.062
0.08660000000000001,0.013615499999999999,1.7000000000000004,0.31999999999999984,0.062,0.31999999999999984,0.062
0.08665,0.013516499999999999,1.7,0.31999999999999984,0.061,0.31999999999999984,0.061
0.0867,0.013377499999999999,1.7499999999999998,0.31999999999999984,0.061,0.31999999999999984,0.061
0.08675000000000001,0.013365,1.7000000000000002,0.31999999999999984,0.061,0.31999999999999984,0.061
0.0868,0.013353499999999999,1.75,0.31999999999999984,0.061,0.31999999999999984,0.061
0.08685000000000001,0.013356,1.7000000000000002,0.31999999999999984,0.060000000000000005,0.31999999999999984,0.060000000000000005
0.0869,0.013384499999999999,1.7000000000000002,0.31999999999999984,0.061,0.31999999999999984,0.061
0.08695,0.013406999999999999,1.7000000000000002,0.31999999999999984,0.062,0.31999999999999984,0.062
0.08700000000000001,0.013441999999999999,1.6999999999999997,0.31999999999999984,0.062,0.31999999999999984,0.062
0.08705,0.013463999999999999,1.65,0.31999999999999984,0.063,0.31999999999999984,0.063
0.08710000000000001,0.013384499999999999,1.6500000000000001,0.34999999999999964,0.062,1.3740382308692425,0.062
0.08715,0.012770499999999999,1.5000000000000002,0.3600000000000001,0.062,0.3600000000000001,0.062
0.0872,0.011899,1.3,0.3699999999999999,0.062,0.3699999999999999,0.062
0.08725000000000001,0.011118,1.2,0.3599999999999999,0.067,0.3599999999999999,0.067
0.0873,0.010508,1.1000000000000003,0.3599999999999999,0.07100000000000001,0.3599999999999999,0.07100000000000001
0.08735000000000001,0.0101365,1.0000000000000002,0.3600000000000001,0.074,0.3600000000000001,0.074
0.0874,0.0101785,0.8500000000000001,0.3500000000000001,0.076,0.3500000000000001,0.076
0.08745,0.010688,0.8500000000000001,0.3500000000000001,0.077,0.3500000000000001,0.077
0.08750000000000001,0.011242499999999999,0.9000000000000004,0.3500000000000001,0.077,0.3500000000000001,0.077
0.08755,0.011764499999999999,0.9500000000000002,0.3400000000000001,0.077,0.3400000000000001,0.077
0.0876,0.012123,1.0,0.3400000000000001,0.076,0.3400000000000001,0.076
0.08765,0.012412,1.05,0.32999999999999985,0.074,0.32999999999999985,0.074
0.0877,0.0126,1.0999999999999999,0.32999999999999985,0.07200000000000001,0.32999999999999985,0.07200000000000001
0.08775000000000001,0.0125505,1.2,0.32000000000000006,0.06899999999999999,0.32000000000000006,0.06899999999999999
0.0878,0.012534499999999999,1.25,0.32999999999999985,0.06499999999999999,0.32999999999999985,0.06499999999999999
0.08785,0.012692499999999999,1.35,0.32999999999999985,0.063,0.32999999999999985,0.063
0.0879,0.012706499999999999,1.4500000000000002,0.32999999999999985,0.060000000000000005,0.32999999999999985,0.060000000000000005
0.08795,0.0125595,1.4999999999999998,0.32999999999999985,0.059,0.32999999999999985,0.059
0.08800000000000001,0.012265999999999999,1.5999999999999999,0.32999999999999985,0.062,0.32999999999999985,0.062
0.08805,0.011899999999999999,1.6500000000000001,0.3199999999999996,0.06499999999999999,0.3199999999999996,0.06499999999999999
0.0881,0.011455,1.6,0.3199999999999996,0.06499999999999999,0.3199999999999996,0.06499999999999999
0.08815,0.011262,1.4500000000000002,0.3199999999999996,0.066,0.3199999999999996,0.066
0.0882,0.0113285,1.3499999999999999,0.3199999999999996,0.06499999999999999,0.3199999999999996,0.06499999999999999
0.08825000000000001,0.011582499999999999,1.2499999999999998,0.3199999999999996,0.064,0.3199999999999996,0.064
0.0883,0.011894499999999999,1.3,0.3199999999999996,0.063,0.3199999999999996,0.063
0.08835,0.0122875,1.4000000000000001,0.32999999999999985,0.063,0.32999999999999985,0.063
0.0884,0.012593,1.45,0.32999999999999985,0.062,0.32999999999999985,0.062
0.08845,0.012777,1.5000000000000002,0.32999999999999985,0.062,0.32999999999999985,0.062
0.08850000000000001,0.0128705,1.5500000000000005,0.32999999999999985,0.062,0.32999999999999985,0.062
0.08855,0.012841,1.5499999999999996,0.32999999999999985,0.063,0.32999999999999985,0.063
0.0886,0.012799,1.6000000000000003,0.32999999999999985,0.064,0.32999999999999985,0.064
0.08865,0.012756499999999999,1.5999999999999999,0.32999999999999985,0.064,0.32999999999999985,0.064
0.0887,0.0127505,1.5500000000000005,0.32000000000000006,0.064,0.32000000000000006,0.064
0.08875000000000001,0.0127525,1.4999999999999998,0.32000000000000006,0.063,0.32000000000000006,0.063
0.0888,0.012882999999999999,1.5499999999999996,0.32999999999999985,0.063,0.32999999999999985,0.063
0.08885,0.0130485,1.55,0.32999999999999985,0.062,0.32999999999999985,0.062
0.0889,0.013212499999999999,1.5999999999999994,0.32999999999999985,0.062,0.32999999999999985,0.062
0.08895,0.0133265,1.6000000000000003,0.32000000000000006,0.061,0.32000000000000006,0.061
0.08900000000000001,0.013365,1.6500000000000006,0.32000000000000006,0.062,0.32000000000000006,0.062
0.08905,0.0133525,1.7,0.32000000000000006,0.063,0.32000000000000006,0.063
0.0891,0.013320499999999999,1.6499999999999997,0.32000000000000006,0.063,0.32000000000000006,0.063
0.08915000000000001,0.013299499999999999,1.7,0.32000000000000006,0.063,0.32000000000000006,0.063
0.0892,0.013339499999999999,1.6499999999999997,0.32000000000000006,0.063,0.32000000000000006,0.063
0.08925000000000001,0.013373,1.5999999999999999,0.32000000000000006,0.063,0.32000000000000006,0.063
0.0893,0.013443499999999999,1.6500000000000006,0.32000000000000006,0.063,0.32000000000000006,0.063
0.08935,0.0135115,1.5999999999999999,0.32000000000000006,0.062,0.32000000000000006,0.062
0.08940000000000001,0.013529,1.6499999999999997,0.32000000000000006,0.062,0.32000000000000006,0.062
0.08945,0.01351,1.7000000000000004,0.32000000000000006,0.062,0.32000000000000006,0.062
0.08950000000000001,0.013398,1.7000000000000004,0.32000000000000006,0.062,0.32000000000000006,0.062
0.08955,0.0132415,1.7000000000000004,0.32000000000000006,0.062,0.32000000000000006,0.062
0.0896,0.013132,1.7000000000000013,0.32000000000000006,0.061,0.32000000000000006,0.061
0.08965000000000001,0.012973499999999999,1.6499999999999997,0.32000000000000006,0.061,0.32000000000000006,0.061
0.0897,0.0129625,1.6999999999999995,0.32000000000000006,0.061,0.32000000000000006,0.061
0.08975000000000001,0.0129305,1.6499999999999997,0.32000000000000006,0.061,0.32000000000000006,0.061
0.0898,0.012976999999999999,1.6999999999999995,0.32000000000000006,0.060000000000000005,0.32000000000000006,0.060000000000000005
0.08985,0.013009999999999999,1.6500000000000006,0.32000000000000006,0.061,0.32000000000000006,0.061
0.08990000000000001,0.0130765,1.6499999999999997,0.32000000000000006,0.062,0.32000000000000006,0.062
0.08995,0.0131445,1.6500000000000006,0.32000000000000006,0.063,0.32000000000000006,0.063
0.09000000000000001,0.0132375,1.6500000000000006,0.32000000000000006,0.063,0.32000000000000006,0.063
0.09005,0.0133435,1.6499999999999997,0.32000000000000006,0.063,0.32000000000000006,0.063
0.0901,0.013463,1.6499999999999997,0.32000000000000006,0.063,0.32000000000000006,0.063
0.09015000000000001,0.013691499999999999,1.6500000000000006,0.32000000000000006,0.062,0.32000000000000006,0.062
0.0902,0.01394,1.6500000000000006,0.32000000000000006,0.062,0.32000000000000006,0.062
0.09025000000000001,0.014138999999999999,1.649999999999998,0.32000000000000006,0.062,0.32000000000000006,0.062
0.0903,0.014298499999999999,1.750000000000001,0.32000000000000006,0.062,0.32000000000000006,0.062
0.09035,0.0143675,1.7999999999999992,0.32000000000000006,0.063,0.32000000000000006,0.063
0.09040000000000001,0.01439,1.7500000000000002,0.32000000000000006,0.063,0.32000000000000006,0.063
0.09045,0.0143415,1.8,0.32000000000000006,0.063,0.32000000000000006,0.063
0.09050000000000001,0.014291499999999999,1.7500000000000002,0.32000000000000006,0.063,0.32000000000000006,0.063
0.09055,0.013987,1.6499999999999997,0.36999999999999944,0.062,0.36999999999999944,0.062
0.0906,0.013046499999999999,1.500000000000001,0.35999999999999965,0.062,0.35999999999999965,0.062
0.09065000000000001,0.0120865,1.3500000000000008,0.35999999999999965,0.064,0.35999999999999965,0.064
0.0907,0.0112485,1.250000000000001,0.34999999999999987,0.06899999999999999,0.34999999999999987,0.06899999999999999
0.09075000000000001,0.0106235,1.1500000000000006,0.34999999999999987,0.07200000000000001,0.34999999999999987,0.07200000000000001
0.0908,0.010478,1.0000000000000002,0.3500000000000003,0.073,0.3500000000000003,0.073
0.09085,0.0107835,0.9500000000000004,0.3400000000000001,0.074,0.3400000000000001,0.074
0.09090000000000001,0.01124,1.0000000000000002,0.3400000000000001,0.074,0.3400000000000001,0.074
0.09095,0.011644,1.05,0.3400000000000001,0.073,0.3400000000000001,0.073
0.091,0.0118505,1.0999999999999999,0.32999999999999985,0.07100000000000001,0.32999999999999985,0.07100000000000001
0.09105,0.011925,1.1499999999999997,0.32999999999999985,0.06899999999999999,0.32999999999999985,0.06899999999999999
0.0911,0.011892999999999999,1.2499999999999993,0.32999999999999985,0.06499999999999999,0.32999999999999985,0.06499999999999999
0.09115000000000001,0.011980999999999999,1.349999999999999,0.3400000000000001,0.061,0.3400000000000001,0.060000000000000005
0.0912,0.011875499999999999,1.4000000000000006,0.32999999999999985,0.056,0.32999999999999985,0.054
0.09125,0.011602,1.5000000000000002,0.32999999999999985,0.058,0.32999999999999985,0.058
0.0913,0.011144999999999999,1.5499999999999992,0.32999999999999985,0.062,0.32999999999999985,0.062
0.09135,0.010617999999999999,1.6499999999999997,0.32999999999999985,0.06499999999999999,0.32999999999999985,0.06499999999999999
0.09140000000000001,0.0099575,1.6500000000000006,0.32000000000000006,0.066,0.32000000000000006,0.066
0.09145,0.010045499999999999,1.1500000000000006,0.32000000000000006,0.067,0.32000000000000006,0.067
0.0915,0.01061,1.0999999999999999,0.32000000000000006,0.066,0.32000000000000006,0.066
0.09155,0.011148,1.1500000000000006,0.32000000000000006,0.06499999999999999,0.32000000000000006,0.06499999999999999
0.0916,0.0115775,1.1999999999999995,0.32000000000000006,0.064,0.32000000000000006,0.064
0.09165000000000001,0.012045,1.3,0.32000000000000006,0.063,0.32000000000000006,0.063
0.0917,0.012425499999999999,1.3999999999999997,0.32999999999999985,0.062,0.32999999999999985,0.062
0.09175,0.012666499999999999,1.4500000000000004,0.32999999999999985,0.062,0.32999999999999985,0.062
0.0918,0.0127475,1.5000000000000002,0.32999999999999985,0.061,0.32999999999999985,0.061
0.09185,0.0127405,1.6000000000000008,0.32999999999999985,0.063,0.32999999999999985,0.063
0.09190000000000001,0.012646,1.5999999999999999,0.32999999999999985,0.063,0.32999999999999985,0.063
0.09195,0.012537,1.5999999999999999,0.32999999999999985,0.064,0.32999999999999985,0.064
0.092,0.012475499999999999,1.550000000000001,0.3199999999999996,0.063,0.3199999999999996,0.063
0.09205,0.0124345,1.4999999999999993,0.3199999999999996,0.063,0.3199999999999996,0.063
0.0921,0.0125305,1.550000000000001,0.32999999999999985,0.062,0.32999999999999985,0.062
0.09215000000000001,0.012721999999999999,1.5000000000000002,0.32999999999999985,0.062,0.32999999999999985,0.062
0.0922,0.012883499999999999,1.599999999999999,0.32999999999999985,0.061,0.32999999999999985,0.061
0.09225,0.013026,1.6000000000000008,0.32999999999999985,0.061,0.32999999999999985,0.061
0.09230000000000001,0.0130925,1.6000000000000008,0.32999999999999985,0.062,0.32999999999999985,0.062
0.09235,0.013116,1.6499999999999997,0.32999999999999985,0.063,0.32999999999999985,0.063
0.09240000000000001,0.013127,1.6500000000000006,0.3199999999999996,0.063,0.3199999999999996,0.063
0.09245,0.013162,1.6000000000000008,0.3199999999999996,0.063,0.3199999999999996,0.063
0.0925,0.0132035,1.6499999999999997,0.3199999999999996,0.063,0.3199999999999996,0.063
0.09255000000000001,0.013280499999999999,1.6000000000000008,0.3199999999999996,0.063,0.3199999999999996,0.063
0.0926,0.013328999999999999,1.5999999999999999,0.3199999999999996,0.062,0.3199999999999996,0.062
0.09265000000000001,0.0133995,1.6499999999999997,0.3199999999999996,0.062,0.3199999999999996,0.062
0.0927,0.013423,1.6499999999999997,0.3199999999999996,0.062,0.3199999999999996,0.062
0.09275,0.0133415,1.7000000000000004,0.3199999999999996,0.062,0.3199999999999996,0.062
0.09280000000000001,0.013245999999999999,1.6999999999999995,0.3199999999999996,0.061,0.3199999999999996,0.061
0.09285,0.013071,1.7,0.3199999999999996,0.061,0.3199999999999996,0.061
0.09290000000000001,0.012921,1.7000000000000008,0.3199999999999996,0.061,0.3199999999999996,0.061
0.09295,0.0127555,1.6500000000000001,0.3199999999999996,0.061,0.3199999999999996,0.061
0.093,0.0127205,1.7000000000000004,0.3199999999999996,0.060000000000000005,0.3199999999999996,0.060000000000000005
0.09305000000000001,0.012711499999999999,1.6500000000000001,0.3199999999999996,0.060000000000000005,0.3199999999999996,0.060000000000000005
0.0931,0.0127285,1.6500000000000001,0.3199999999999996,0.060000000000000005,0.3199999999999996,0.060000000000000005
0.09315000000000001,0.012780999999999999,1.6500000000000001,0.3199999999999996,0.060000000000000005,0.3199999999999996,0.060000000000000005
0.0932,0.012839,1.5999999999999999,0.3199999999999996,0.062,0.3199999999999996,0.062
0.09325,0.012945499999999999,1.6500000000000001,0.3199999999999996,0.063,0.3199999999999996,0.063
0.09330000000000001,0.013045,1.5999999999999999,0.3199999999999996,0.063,0.3199999999999996,0.063
0.09335,0.0131775,1.6500000000000001,0.3199999999999996,0.063,0.3199999999999996,0.063
0.09340000000000001,0.013274,1.5999999999999999,0.3199999999999996,0.062,0.3199999999999996,0.062
0.09345,0.01342,1.6500000000000001,0.3199999999999996,0.062,0.3199999999999996,0.062
0.0935,0.013530499999999999,1.6000000000000003,0.3199999999999996,0.062,0.3199999999999996,0.062
0.09355000000000001,0.013621999999999999,1.6499999999999997,0.3199999999999996,0.062,0.3199999999999996,0.062
0.0936,0.0136125,1.7,0.3199999999999996,0.061,0.3199999999999996,0.061
0.09365000000000001,0.0135175,1.7499999999999998,0.3199999999999996,0.061,0.3199999999999996,0.061
0.0937,0.013347,1.7500000000000002,0.3199999999999996,0.061,0.3199999999999996,0.061
0.09375,0.0131195,1.7500000000000002,0.3199999999999996,0.060000000000000005,0.3199999999999996,0.060000000000000005
0.09380000000000001,0.012886,1.7,0.30999999999999983,0.060000000000000005,0.30999999999999983,0.060000000000000005
0.09385,0.012395999999999999,1.5999999999999999,0.3600000000000001,0.060000000000000005,0.3600000000000001,0.060000000000000005
0.09390000000000001,0.01143,1.45,0.3600000000000001,0.059,0.3600000000000001,0.059
0.09395,0.010487,1.3,0.3600000000000001,0.063,0.3600000000000001,0.063
0.094,0.009772999999999999,1.1,0.34999999999999987,0.068,0.34999999999999987,0.068
0.09405000000000001,0.0095835,1.0,0.34999999999999987,0.07100000000000001,0.34999999999999987,0.07100000000000001
0.0941,0.009903,0.8999999999999999,0.3400000000000001,0.07200000000000001,0.3400000000000001,0.07200000000000001
0.09415,0.0105705,0.8999999999999999,0.3400000000000001,0.073,0.3400000000000001,0.073
0.0942,0.01124,1.0,0.32999999999999985,0.073,0.32999999999999985,0.073
0.09425,0.0117865,1.05,0.32999999999999985,0.07200000000000001,0.32999999999999985,0.07200000000000001
0.09430000000000001,0.012170499999999999,1.0999999999999999,0.32000000000000006,0.06999999999999998,0.32000000000000006,0.06999999999999999
0.09435,0.012341999999999999,1.2,0.32000000000000006,0.068,0.32000000000000006,0.068
0.0944,0.012699499999999999,1.3499999999999999,0.3400000000000001,0.064,0.3400000000000001,0.064
0.09445,0.0129375,1.4000000000000001,0.32999999999999985,0.060000000000000005,0.32999999999999985,0.059
0.0945,0.012988999999999999,1.5000000000000002,0.32999999999999985,0.057,0.32999999999999985,0.057
0.09455000000000001,0.0128495,1.5499999999999998,0.32999999999999985,0.061,0.32999999999999985,0.061
0.0946,0.012613,1.7000000000000002,0.32999999999999985,0.064,0.32999999999999985,0.064
0.09465,0.012195,1.7500000000000002,0.3199999999999996,0.066,0.3199999999999996,0.066
0.0947,0.011665,1.7499999999999998,0.3199999999999996,0.066,0.3199999999999996,0.066
0.09475,0.0116885,1.3499999999999999,0.3199999999999996,0.066,0.3199999999999996,0.066
0.09480000000000001,0.012118,1.3000000000000005,0.3199999999999996,0.06499999999999999,0.3199999999999996,0.06499999999999999
0.09485,0.0126825,1.3499999999999999,0.3199999999999996,0.064,0.3199999999999996,0.064
0.0949,0.0131525,1.4000000000000001,0.32999999999999985,0.063,0.32999999999999985,0.063
0.09495,0.0135185,1.5000000000000002,0.32999999999999985,0.062,0.32999999999999985,0.062
0.095,0.013715499999999999,1.6000000000000003,0.32999999999999985,0.061,0.32999999999999985,0.061
0.09505000000000001,0.0137935,1.7000000000000004,0.32999999999999985,0.063,0.32999999999999985,0.063
0.0951,0.013729,1.7,0.3199999999999996,0.063,0.3199999999999996,0.063
0.09515,0.013566,1.6999999999999995,0.32999999999999985,0.064,0.32999999999999985,0.064
0.0952,0.013422,1.7,0.32999999999999985,0.063,0.32999999999999985,0.063
0.09525,0.0133495,1.6499999999999997,0.32999999999999985,0.063,0.32999999999999985,0.063
0.09530000000000001,0.0134595,1.6500000000000001,0.32999999999999985,0.062,0.32999999999999985,0.062
0.09535,0.0135965,1.6000000000000008,0.32999999999999985,0.062,0.32999999999999985,0.062
0.0954,0.013769499999999999,1.6500000000000001,0.32999999999999985,0.061,0.32999999999999985,0.061
0.09545000000000001,0.0138695,1.7000000000000008,0.32999999999999985,0.062,0.32999999999999985,0.062
0.0955,0.013927,1.7499999999999998,0.32999999999999985,0.063,0.32999999999999985,0.063
0.09555000000000001,0.01389,1.7499999999999998,0.32999999999999985,0.063,0.32999999999999985,0.063
0.0956,0.013871,1.7500000000000002,0.3200000000000005,0.063,0.3200000000000005,0.063
0.09565,0.0138645,1.6999999999999995,0.3200000000000005,0.063,0.3200000000000005,0.063
0.09570000000000001,0.0139025,1.6999999999999995,0.3200000000000005,0.063,0.3200000000000005,0.063
0.09575,0.0139195,1.6500000000000006,0.3200000000000005,0.062,0.3200000000000005,0.062
0.09580000000000001,0.0139785,1.7000000000000004,0.3200000000000005,0.062,0.3200000000000005,0.062
0.09585,0.013984,1.7500000000000002,0.3200000000000005,0.062,0.3200000000000005,0.062
0.0959,0.0139195,1.7500000000000002,0.3200000000000005,0.061,0.3200000000000005,0.061
0.09595000000000001,0.013779999999999999,1.800000000000001,0.3200000000000005,0.061,0.3200000000000005,0.061
0.096,0.0136,1.7500000000000002,0.3200000000000005,0.061,0.3200000000000005,0.061
0.09605000000000001,0.0133975,1.8,0.3200000000000005,0.060000000000000005,0.3200000000000005,0.060000000000000005
0.0961,0.01332,1.7500000000000002,0.3200000000000005,0.060000000000000005,0.3200000000000005,0.060000000000000005
0.09615,0.013271499999999999,1.7499999999999993,0.3200000000000005,0.060000000000000005,0.3200000000000005,0.060000000000000005
0.09620000000000001,0.013231999999999999,1.7000000000000004,0.3200000000000005,0.060000000000000005,0.3200000000000005,0.060000000000000005
0.09625,0.013252499999999999,1.7500000000000002,0.3200000000000005,0.060000000000000005,0.3200000000000005,0.060000000000000005
0.09630000000000001,0.013288,1.7500000000000002,0.3200000000000005,0.062,0.3200000000000005,0.062
0.09635,0.013391499999999999,1.7000000000000004,0.3200000000000005,0.063,0.3200000000000005,0.063
0.0964,0.0134685,1.7000000000000013,0.3200000000000005,0.063,0.3200000000000005,0.063
0.09645000000000001,0.013590999999999999,1.6499999999999997,0.3200000000000005,0.063,0.3200000000000005,0.063
0.0965,0.013814,1.6999999999999995,0.3200000000000005,0.063,0.3200000000000005,0.063
0.09655000000000001,0.014074,1.7000000000000004,0.32999999999999985,0.062,0.32999999999999985,0.062
0.0966,0.014350499999999999,1.7000000000000004,0.3200000000000005,0.062,0.3200000000000005,0.062
0.09665,0.0145705,1.750000000000001,0.3200000000000005,0.062,0.3200000000000005,0.062
0.09670000000000001,0.0147265,1.750000000000001,0.3200000000000005,0.062,0.3200000000000005,0.062
0.09675,0.0147865,1.7999999999999992,0.3200000000000005,0.063,0.3200000000000005,0.063
0.09680000000000001,0.014739499999999999,1.8499999999999999,0.3200000000000005,0.063,0.3200000000000005,0.063
0.09685,0.014662999999999999,1.8,0.3200000000000005,0.063,1.3407369521358325,0.063
0.0969,0.014213,1.6999999999999995,0.3699999999999999,0.062,0.3699999999999999,0.062
0.09695000000000001,0.013184999999999999,1.5499999999999992,0.3600000000000001,0.062,0.3600000000000001,0.062
0.097,0.0120735,1.3999999999999997,0.3600000000000001,0.06499999999999999,0.3600000000000001,0.06499999999999999
0.09705000000000001,0.011157,1.2000000000000004,0.34999999999999987,0.06899999999999999,0.34999999999999987,0.06899999999999999
0.0971,0.010551999999999999,1.1000000000000008,0.34999999999999987,0.07200000000000001,0.34999999999999987,0.07200000000000001
0.09715,0.0102475,1.0000000000000002,0.3500000000000003,0.073,0.3500000000000003,0.073
0.09720000000000001,0.010358,0.9500000000000004,0.3500000000000003,0.074,0.3500000000000003,0.074
0.09725,0.010687499999999999,0.9500000000000004,0.3400000000000001,0.074,0.3400000000000001,0.074
0.09730000000000001,0.011052,0.9499999999999995,0.3400000000000001,0.073,0.3400000000000001,0.073
0.09735,0.0112955,1.0000000000000002,0.3400000000000001,0.07200000000000001,0.3400000000000001,0.07200000000000001
0.0974,0.011393,1.099999999999999,0.3300000000000003,0.06899999999999999,0.3300000000000003,0.06899999999999999
0.09745000000000001,0.011249,1.1499999999999997,0.3300000000000003,0.066,0.3300000000000003,0.066
0.0975,0.01119,1.2000000000000004,0.32999999999999985,0.063,0.32999999999999985,0.063
0.09755,0.0111925,1.300000000000001,0.3400000000000001,0.058,0.3400000000000001,0.058
0.0976,0.0109535,1.4000000000000006,0.3300000000000003,0.053,0.3300000000000003,0.053
0.09765,0.010647,1.4499999999999995,0.3300000000000003,0.058,0.3300000000000003,0.058
0.09770000000000001,0.010177,1.4999999999999993,0.3300000000000003,0.062,0.3300000000000003,0.062
0.09775,0.009649,1.500000000000001,0.3300000000000003,0.064,0.3300000000000003,0.064
0.0978,0.009304999999999999,1.2500000000000002,0.3300000000000003,0.066,0.3300000000000003,0.066
0.09785,0.0095465,1.05,0.32000000000000006,0.067,0.32000000000000006,0.067
0.0979,0.0100765,1.05,0.32000000000000006,0.066,0.32000000000000006,0.066
0.09795000000000001,0.010544999999999999,1.099999999999999,0.32000000000000006,0.06499999999999999,0.32000000000000006,0.06499999999999999
0.098,0.010909499999999999,1.1500000000000006,0.32000000000000006,0.064,0.32000000000000006,0.064
0.09805,0.011302999999999999,1.250000000000001,0.32000000000000006,0.063,0.32000000000000006,0.063
0.0981,0.011658,1.3,0.32000000000000006,0.063,0.32000000000000006,0.063
0.09815,0.0119035,1.3499999999999999,0.32000000000000006,0.062,0.32000000000000006,0.062
0.09820000000000001,0.012026,1.4500000000000004,0.32000000000000006,0.061,0.32000000000000006,0.061
0.09825,0.012048999999999999,1.5000000000000002,0.32000000000000006,0.062,0.32000000000000006,0.062
0.0983,0.011991499999999999,1.4999999999999993,0.32000000000000006,0.063,0.32000000000000006,0.063
0.09835,0.0119095,1.5000000000000002,0.32000000000000006,0.064,0.32000000000000006,0.064
0.0984,0.011866999999999999,1.4500000000000004,0.32000000000000006,0.064,0.32000000000000006,0.064
0.09845000000000001,0.011854,1.4499999999999995,0.32000000000000006,0.063,0.32000000000000006,0.063
0.0985,0.011871999999999999,1.4499999999999995,0.3100000000000003,0.063,0.3100000000000003,0.063
0.09855,0.012065999999999999,1.4500000000000004,0.32999999999999985,0.062,0.32999999999999985,0.062
0.09860000000000001,0.0122905,1.4499999999999995,0.32999999999999985,0.062,0.32999999999999985,0.062
0.09865,0.0124525,1.5000000000000002,0.32999999999999985,0.062,0.32999999999999985,0.062
0.09870000000000001,0.012568,1.55,0.32999999999999985,0.062,0.32999999999999985,0.062
0.09875,0.012624499999999999,1.5499999999999992,0.32999999999999985,0.062,0.32999999999999985,0.062
0.0988,0.012653999999999999,1.55,0.32999999999999985,0.063,0.32999999999999985,0.063
0.09885000000000001,0.0126915,1.6000000000000008,0.32999999999999985,0.063,0.32999999999999985,0.063
0.0989,0.012723,1.55,0.32000000000000006,0.063,0.32000000000000006,0.063
0.09895000000000001,0.01278,1.5499999999999992,0.32000000000000006,0.063,0.32000000000000006,0.063
0.099,0.012827499999999999,1.55,0.32000000000000006,0.062,0.32000000000000006,0.062
0.09905,0.012877999999999999,1.5999999999999999,0.32000000000000006,0.062,0.32000000000000006,0.062
0.09910000000000001,0.012905,1.5999999999999999,0.32000000000000006,0.062,0.32000000000000006,0.062
0.09915,0.012865,1.5999999999999999,0.32000000000000006,0.062,0.32000000000000006,0.062
0.09920000000000001,0.012765499999999999,1.6000000000000003,0.32000000000000006,0.061,0.32000000000000006,0.061
0.09925,0.012659499999999999,1.6499999999999997,0.32000000000000006,0.061,0.32000000000000006,0.061
0.0993,0.0124865,1.6000000000000003,0.32000000000000006,0.061,0.32000000000000006,0.061
0.09935000000000001,0.012338499999999999,1.5999999999999999,0.32000000000000006,0.060000000000000005,0.32000000000000006,0.060000000000000005
0.0994,0.0121855,1.5999999999999994,0.32000000000000006,0.060000000000000005,0.32000000000000006,0.060000000000000005
0.09945000000000001,0.0121815,1.5999999999999999,0.32000000000000006,0.060000000000000005,0.32000000000000006,0.060000000000000005
0.0995,0.012182499999999999,1.5999999999999994,0.32000000000000006,0.060000000000000005,0.32000000000000006,0.060000000000000005
0.09955,0.012232999999999999,1.5999999999999999,0.32000000000000006,0.060000000000000005,0.32000000000000006,0.060000000000000005
0.09960000000000001,0.012305,1.5500000000000005,0.32000000000000006,0.061,0.32000000000000006,0.061
0.09965,0.012402999999999999,1.5999999999999999,0.32000000000000006,0.062,0.32000000000000006,0.062
0.09970000000000001,0.012513,1.5500000000000005,0.32000000000000006,0.063,0.32000000000000006,0.063
0.09975,0.012647499999999999,1.5499999999999996,0.32000000000000006,0.063,0.32000000000000006,0.063
0.0998,0.012792,1.55,0.32000000000000006,0.063,0.32000000000000006,0.063
0.09985000000000001,0.0130215,1.55,0.32000000000000006,0.063,0.32000000000000006,0.063
0.0999,0.0133125,1.6000000000000003,0.32999999999999985,0.062,0.32999999999999985,0.062
0.09995000000000001,0.013580499999999999,1.5999999999999999,0.32000000000000006,0.062,0.32000000000000006,0.062
0.1,0.013833,1.6500000000000001,0.32000000000000006,0.062,0.32000000000000006,0.062
0.10005,0.013986,1.65,0.32000000000000006,0.062,0.32000000000000006,0.062
0.10010000000000001,0.0140775,1.7500000000000002,0.32000000000000006,0.063,0.32000000000000006,0.063
0.10015,0.0140865,1.7000000000000002,0.32000000000000006,0.063,0.32000000000000006,0.063
0.10020000000000001,0.014058,1.7500000000000002,0.32000000000000006,0.063,0.32000000000000006,0.063
0.10025,0.013885499999999999,1.6499999999999997,0.3400000000000001,0.063,1.3890382256239246,0.063
0.1003,0.013227,1.55,0.3699999999999999,0.062,0.3699999999999999,0.062
0.10035000000000001,0.012197,1.4000000000000001,0.35999999999999965,0.062,0.35999999999999965,0.062
0.1004,0.011252999999999999,1.2500000000000002,0.35999999999999965,0.067,0.35999999999999965,0.067
0.10045000000000001,0.010556,1.1500000000000001,0.34999999999999987,0.06999999999999998,0.34999999999999987,0.06999999999999999
0.1005,0.010097499999999999,1.05,0.34999999999999987,0.07200000000000001,0.34999999999999987,0.07200000000000001
0.10055,0.010031,0.95,0.33999999999999964,0.074,0.33999999999999964,0.074
0.10060000000000001,0.0102805,0.95,0.33999999999999964,0.074,0.33999999999999964,0.074
0.10065,0.010661,0.8999999999999999,0.3400000000000001,0.074,0.3400000000000001,0.074
0.10070000000000001,0.010964999999999999,1.0,0.3400000000000001,0.073,0.3400000000000001,0.073
0.10075,0.0110835,1.0499999999999998,0.32999999999999985,0.06999999999999998,0.32999999999999985,0.06999999999999999
0.1008,0.011016,1.1,0.3300000000000003,0.068,0.3300000000000003,0.068
0.10085000000000001,0.0108335,1.1500000000000001,0.3300000000000003,0.064,0.3300000000000003,0.064
0.1009,0.010886999999999999,1.2500000000000002,0.3300000000000003,0.060000000000000005,0.3300000000000003,0.060000000000000005
0.10095,0.0106965,1.3499999999999999,0.3400000000000001,0.055,0.3400000000000001,0.054
0.101,0.010385,1.35,0.32999999999999985,0.055,0.32999999999999985,0.055
0.10105,0.009929499999999999,1.4499999999999997,0.32999999999999985,0.059,0.32999999999999985,0.059
0.10110000000000001,0.009401999999999999,1.5000000000000002,0.32999999999999985,0.063,0.32999999999999985,0.063
0.10115,0.008791499999999999,1.3499999999999999,0.32999999999999985,0.06499999999999999,0.32999999999999985,0.06499999999999999
0.1012,0.008832999999999999,1.05,0.32000000000000006,0.066,0.32000000000000006,0.066
0.10125,0.009316,0.95,0.32000000000000006,0.066,0.32000000000000006,0.066
0.1013,0.009803,1.0000000000000002,0.32000000000000006,0.06499999999999999,0.32000000000000006,0.06499999999999999
0.10135000000000001,0.010229,1.1000000000000003,0.32000000000000006,0.064,0.32000000000000006,0.064
0.1014,0.0105195,1.1500000000000001,0.32000000000000006,0.063,0.32000000000000006,0.063
0.10145,0.010874499999999999,1.2,0.32000000000000006,0.062,0.32000000000000006,0.062
0.1015,0.0111685,1.2999999999999996,0.3300000000000003,0.062,0.3300000000000003,0.062
0.10155,0.011340999999999999,1.3499999999999999,0.3300000000000003,0.061,0.3300000000000003,0.061
0.10160000000000001,0.011415,1.4000000000000001,0.32000000000000006,0.061,0.32000000000000006,0.061
0.10165,0.011408999999999999,1.4500000000000004,0.32000000000000006,0.062,0.32000000000000006,0.062
0.1017,0.011349,1.4500000000000004,0.32000000000000006,0.063,0.32000000000000006,0.063
0.10175000000000001,0.0112955,1.45,0.32000000000000006,0.063,0.32000000000000006,0.063
0.1018,0.011293,1.4000000000000001,0.32000000000000006,0.063,0.32000000000000006,0.063
0.10185000000000001,0.0113175,1.4000000000000001,0.30999999999999983,0.062,0.30999999999999983,0.062
0.1019,0.011387999999999999,1.3999999999999997,0.32000000000000006,0.062,0.32000000000000006,0.062
0.10195,0.0116045,1.4000000000000001,0.3300000000000003,0.062,0.3300000000000003,0.062
0.10200000000000001,0.011842499999999999,1.4500000000000008,0.3300000000000003,0.061,0.3300000000000003,0.061
0.10205,0.011998,1.45,0.3300000000000003,0.061,0.3300000000000003,0.061
0.10210000000000001,0.012126999999999999,1.4999999999999998,0.3300000000000003,0.061,0.3300000000000003,0.061
0.10215,0.0121905,1.5000000000000002,0.3300000000000003,0.062,0.3300000000000003,0.062
0.1022,0.012253,1.55,0.3300000000000003,0.063,0.3300000000000003,0.063
0.10225000000000001,0.012322,1.5500000000000005,0.32000000000000006,0.063,0.32000000000000006,0.063
0.1023,0.0124105,1.5000000000000002,0.32000000000000006,0.063,0.32000000000000006,0.063
0.10235000000000001,0.012513999999999999,1.4999999999999993,0.32000000000000006,0.063,0.32000000000000006,0.063
0.1024,0.012596,1.5000000000000002,0.32000000000000006,0.063,0.32000000000000006,0.063
0.10245,0.012697,1.550000000000001,0.32000000000000006,0.062,0.32000000000000006,0.062
0.10250000000000001,0.012768999999999999,1.55,0.32000000000000006,0.062,0.32000000000000006,0.062
0.10255,0.0127465,1.55,0.32000000000000006,0.062,0.32000000000000006,0.062
0.10260000000000001,0.0126655,1.6000000000000008,0.32000000000000006,0.062,0.32000000000000006,0.062
0.10265,0.0125325,1.6499999999999997,0.32000000000000006,0.061,0.32000000000000006,0.061
0.1027,0.012388999999999999,1.5999999999999999,0.32000000000000006,0.061,0.32000000000000006,0.061
0.10275000000000001,0.012247,1.5999999999999999,0.32000000000000006,0.061,0.32000000000000006,0.061
0.1028,0.012107,1.5499999999999992,0.32000000000000006,0.061,0.32000000000000006,0.061
0.10285000000000001,0.012105,1.5999999999999999,0.32000000000000006,0.060000000000000005,0.32000000000000006,0.060000000000000005
0.1029,0.012124999999999999,1.550000000000001,0.32000000000000006,0.060000000000000005,0.32000000000000006,0.060000000000000005
0.10295,0.0121575,1.5499999999999992,0.32000000000000006,0.060000000000000005,0.32000000000000006,0.060000000000000005
0.10300000000000001,0.012234,1.6000000000000008,0.32000000000000006,0.061,0.32000000000000006,0.061
0.10305,0.012327999999999999,1.55,0.32000000000000006,0.062,0.32000000000000006,0.062
0.10310000000000001,0.01244,1.5999999999999999,0.32000000000000006,0.063,0.32000000000000006,0.063
0.10315,0.0125665,1.55,0.32000000000000006,0.063,0.32000000000000006,0.063
0.1032,0.012693,1.550000000000001,0.32000000000000006,0.063,0.32000000000000006,0.063
0.10325000000000001,0.0129165,1.55,0.32000000000000006,0.063,0.32000000000000006,0.063
0.1033,0.0131805,1.55,0.32000000000000006,0.062,0.32000000000000006,0.062
0.10335000000000001,0.0134545,1.5999999999999999,0.32000000000000006,0.062,0.32000000000000006,0.062
0.1034,0.0136715,1.6000000000000008,0.32000000000000006,0.062,0.32000000000000006,0.062
0.10345,0.0138185,1.7000000000000004,0.32000000000000006,0.062,0.32000000000000006,0.062
0.10350000000000001,0.013904,1.7000000000000013,0.32000000000000006,0.063,0.32000000000000006,0.063
0.10355,0.013878,1.7000000000000004,0.32000000000000006,0.063,0.32000000000000006,0.063
0.10360000000000001,0.0138675,1.7000000000000013,0.32000000000000006,0.063,0.32000000000000006,0.063
0.10365,0.013673,1.6499999999999997,0.3500000000000003,0.063,1.3840382273723593,0.063
0.1037,0.012924999999999999,1.4999999999999993,0.3600000000000001,0.062,0.3600000000000001,0.062
0.10375000000000001,0.0118835,1.3500000000000008,0.3600000000000001,0.063,0.3600000000000001,0.063
0.1038,0.0110215,1.2000000000000004,0.3600000000000001,0.067,0.3600000000000001,0.067
0.10385000000000001,0.0103435,1.1000000000000008,0.3500000000000003,0.06999999999999998,0.3500000000000003,0.06999999999999999
0.1039,0.009925999999999999,1.000000000000001,0.3500000000000003,0.073,0.3500000000000003,0.073
0.10395,0.0098935,0.9500000000000013,0.3400000000000001,0.074,0.3400000000000001,0.074
0.10400000000000001,0.010204,0.9000000000000006,0.34999999999999987,0.074,0.34999999999999987,0.074
0.10405,0.010579,0.9000000000000006,0.33999999999999964,0.074,0.33999999999999964,0.074
0.1041,0.0108605,0.9999999999999993,0.33999999999999964,0.07200000000000001,0.33999999999999964,0.07200000000000001
0.10415,0.010966499999999999,1.05,0.33999999999999964,0.06999999999999998,0.33999999999999964,0.06999999999999999
0.1042,0.010903,1.0499999999999992,0.32999999999999985,0.068,0.32999999999999985,0.068
0.10425000000000001,0.0107595,1.1499999999999997,0.32999999999999985,0.064,0.32999999999999985,0.064
0.1043,0.010811999999999999,1.2499999999999993,0.33999999999999964,0.060000000000000005,0.33999999999999964,0.060000000000000005
0.10435,0.0106305,1.2500000000000002,0.33999999999999964,0.054,0.33999999999999964,0.054
0.1044,0.010378,1.3499999999999999,0.32999999999999985,0.055,0.32999999999999985,0.055
0.10445,0.0099355,1.3999999999999997,0.32999999999999985,0.060000000000000005,0.32999999999999985,0.060000000000000005
0.10450000000000001,0.009436499999999999,1.5000000000000002,0.32999999999999985,0.063,0.32999999999999985,0.063
0.10455,0.008858,1.349999999999998,0.32999999999999985,0.06499999999999999,0.32999999999999985,0.06499999999999999
0.1046,0.008888,1.05,0.3199999999999996,0.066,0.3199999999999996,0.066
0.10465,0.009333,1.0000000000000002,0.3199999999999996,0.066,0.3199999999999996,0.066
0.1047,0.009804499999999999,1.05,0.3199999999999996,0.06499999999999999,0.3199999999999996,0.06499999999999999
0.10475000000000001,0.010187,1.0999999999999999,0.3199999999999996,0.064,0.3199999999999996,0.064
0.1048,0.010471999999999999,1.0999999999999999,0.3199999999999996,0.063,0.3199999999999996,0.063
0.10485,0.010842,1.2000000000000004,0.3199999999999996,0.062,0.3199999999999996,0.062
0.10490000000000001,0.011134,1.3,0.32999999999999985,0.062,0.32999999999999985,0.062
0.10495,0.011309999999999999,1.3499999999999999,0.32999999999999985,0.061,0.32999999999999985,0.061
0.10500000000000001,0.0113815,1.3999999999999997,0.32999999999999985,0.061,0.32999999999999985,0.061
0.10505,0.0113695,1.4499999999999995,0.32999999999999985,0.062,0.32999999999999985,0.062
0.1051,0.0113145,1.4500000000000004,0.3199999999999996,0.063,0.3199999999999996,0.063
0.10515000000000001,0.011274,1.4500000000000004,0.3199999999999996,0.063,0.3199999999999996,0.063
0.1052,0.0112645,1.3999999999999997,0.3199999999999996,0.063,0.3199999999999996,0.063
0.10525000000000001,0.011282499999999999,1.3999999999999997,0.30999999999999983,0.062,0.30999999999999983,0.062
0.1053,0.011399,1.4000000000000006,0.32999999999999985,0.062,0.32999999999999985,0.062
0.10535,0.0116225,1.3999999999999997,0.32999999999999985,0.061,0.32999999999999985,0.061
0.10540000000000001,0.011828,1.3999999999999997,0.32999999999999985,0.061,0.32999999999999985,0.061
0.10545,0.011992,1.5000000000000002,0.32999999999999985,0.061,0.32999999999999985,0.061
0.10550000000000001,0.012116499999999999,1.5000000000000002,0.32999999999999985,0.062,0.32999999999999985,0.062
0.10555,0.0121715,1.5000000000000002,0.32999999999999985,0.063,0.32999999999999985,0.063
0.1056,0.012246,1.5000000000000002,0.32000000000000006,0.063,0.32000000000000006,0.063
0.10565000000000001,0.0123,1.5000000000000002,0.32000000000000006,0.063,0.32000000000000006,0.063
0.1057,0.012385499999999999,1.55,0.32000000000000006,0.063,0.32000000000000006,0.063
0.10575000000000001,0.012476,1.5000000000000002,0.32000000000000006,0.063,0.32000000000000006,0.063
0.1058,0.012574499999999999,1.5000000000000002,0.32000000000000006,0.063,0.32000000000000006,0.063
0.10585,0.012657499999999999,1.4999999999999993,0.32000000000000006,0.062,0.32000000000000006,0.062
0.10590000000000001,0.012688999999999999,1.55,0.32000000000000006,0.062,0.32000000000000006,0.062
0.10595,0.01266,1.6000000000000003,0.32000000000000006,0.062,0.32000000000000006,0.062
0.10600000000000001,0.012568999999999999,1.5999999999999999,0.32000000000000006,0.061,0.32000000000000006,0.061
0.10605,0.012418,1.5999999999999999,0.32000000000000006,0.061,0.32000000000000006,0.061
0.1061,0.012253499999999999,1.5500000000000005,0.32000000000000006,0.061,0.32000000000000006,0.061
0.10615000000000001,0.012091,1.6000000000000003,0.32000000000000006,0.060000000000000005,0.32000000000000006,0.060000000000000005
0.1062,0.012041999999999999,1.5999999999999994,0.32000000000000006,0.060000000000000005,0.32000000000000006,0.060000000000000005
0.10625000000000001,0.012031499999999999,1.55,0.32000000000000006,0.060000000000000005,0.32000000000000006,0.060000000000000005
0.1063,0.012067,1.5999999999999994,0.32000000000000006,0.060000000000000005,0.32000000000000006,0.060000000000000005
0.10635,0.012128499999999999,1.55,0.32000000000000006,0.060000000000000005,0.32000000000000006,0.060000000000000005
0.10640000000000001,0.0121975,1.6000000000000003,0.32000000000000006,0.061,0.32000000000000006,0.061
0.10645,0.0123025,1.55,0.32000000000000006,0.062,0.32000000000000006,0.062
0.10650000000000001,0.012424,1.5500000000000005,0.32000000000000006,0.063,0.32000000000000006,0.063
0.10655,0.012548,1.55,0.32000000000000006,0.063,0.32000000000000006,0.063
0.1066,0.012745,1.55,0.32000000000000006,0.063,0.32000000000000006,0.063
0.10665000000000001,0.012998,1.5999999999999999,0.32999999999999985,0.062,0.32999999999999985,0.062
0.1067,0.0132815,1.55,0.32000000000000006,0.062,0.32000000000000006,0.062
0.10675000000000001,0.0135255,1.5999999999999999,0.32000000000000006,0.062,0.32000000000000006,0.062
0.1068,0.013715499999999999,1.6500000000000001,0.32000000000000006,0.062,0.32000000000000006,0.062
0.10685,0.013812999999999999,1.65,0.32000000000000006,0.063,0.32000000000000006,0.063
0.10690000000000001,0.0138395,1.7,0.32000000000000006,0.063,0.32000000000000006,0.063
0.10695,0.013823499999999999,1.7000000000000002,0.32000000000000006,0.063,0.32000000000000006,0.063
0.10700000000000001,0.0137065,1.6500000000000004,0.3400000000000001,0.063,1.3790382291208008,0.063
0.10705,0.013111,1.5499999999999998,0.36999999999999944,0.062,0.36999999999999944,0.062
0.1071,0.012111499999999999,1.3499999999999999,0.35999999999999965,0.062,0.35999999999999965,0.062
0.10715000000000001,0.011208,1.2500000000000002,0.35999999999999965,0.066,0.35999999999999965,0.066
0.1072,0.010449499999999999,1.1500000000000001,0.34999999999999987,0.06999999999999998,0.34999999999999987,0.06999999999999999
0.10725000000000001,0.00994,1.05,0.34999999999999987,0.07200000000000001,0.34999999999999987,0.07200000000000001
0.1073,0.009767,0.8999999999999999,0.3500000000000003,0.074,0.3500000000000003,0.074
0.10735,0.0100495,0.8500000000000001,0.3500000000000003,0.074,0.3500000000000003,0.074
0.10740000000000001,0.010430499999999999,0.8999999999999999,0.3400000000000001,0.074,0.3400000000000001,0.074
0.10745,0.0107075,0.9499999999999997,0.3400000000000001,0.073,0.3400000000000001,0.073
0.1075,0.01085,1.0,0.3400000000000001,0.07100000000000001,0.3400000000000001,0.07100000000000001
0.10755,0.010912999999999999,1.05,0.32999999999999985,0.06899999999999999,0.32999999999999985,0.06899999999999999
0.1076,0.01079,1.0999999999999999,0.32999999999999985,0.066,0.32999999999999985,0.066
0.10765000000000001,0.0107735,1.2,0.32999999999999985,0.062,0.32999999999999985,0.062
0.1077,0.0106985,1.2500000000000002,0.3400000000000001,0.057,0.3400000000000001,0.057
0.10775,0.010503499999999999,1.3,0.32999999999999985,0.053,0.32999999999999985,0.053
0.1078,0.010154999999999999,1.35,0.32999999999999985,0.058,0.32999999999999985,0.058
0.10785,0.009713,1.4500000000000002,0.32999999999999985,0.062,0.32999999999999985,0.062
0.10790000000000001,0.009183499999999999,1.5000000000000002,0.32999999999999985,0.064,0.32999999999999985,0.064
0.10795,0.008907,1.1500000000000001,0.32999999999999985,0.06499999999999999,0.32999999999999985,0.06499999999999999
0.108,0.0091795,1.0000000000000002,0.32000000000000006,0.066,0.32000000000000006,0.066
0.10805000000000001,0.009639499999999999,0.9999999999999998,0.32000000000000006,0.06499999999999999,0.32000000000000006,0.06499999999999999
0.1081,0.010027999999999999,1.05,0.32000000000000006,0.064,0.32000000000000006,0.064
0.10815000000000001,0.0103625,1.0999999999999999,0.32000000000000006,0.063,0.32000000000000006,0.063
0.1082,0.0107265,1.2,0.32000000000000006,0.063,0.32000000000000006,0.063
0.10825,0.0110345,1.2500000000000002,0.32999999999999985,0.062,0.32999999999999985,0.062
0.10830000000000001,0.01125,1.3500000000000003,0.32999999999999985,0.061,0.32999999999999985,0.061
0.10835,0.011356999999999999,1.3999999999999997,0.32000000000000006,0.060000000000000005,0.32000000000000006,0.060000000000000005
0.10840000000000001,0.0113685,1.4500000000000004,0.32000000000000006,0.062,0.32000000000000006,0.062
0.10845,0.011312,1.45,0.32000000000000006,0.063,0.32000000000000006,0.063
0.1085,0.011259,1.45,0.32000000000000006,0.063,0.32000000000000006,0.063
0.10855000000000001,0.0112275,1.4000000000000001,0.32000000000000006,0.063,0.32000000000000006,0.063
0.1086,0.011238999999999999,1.3999999999999997,0.30999999999999983,0.062,0.30999999999999983,0.062
0.10865000000000001,0.0113305,1.3999999999999997,0.32999999999999985,0.062,0.32999999999999985,0.062
0.1087,0.0115455,1.4000000000000001,0.32999999999999985,0.061,0.32999999999999985,0.061
0.10875,0.011767,1.4000000000000006,0.32999999999999985,0.061,0.32999999999999985,0.061
0.10880000000000001,0.011925,1.4999999999999998,0.32999999999999985,0.061,0.32999999999999985,0.061
0.10885,0.012065,1.5000000000000007,0.32999999999999985,0.061,0.32999999999999985,0.061
0.10890000000000001,0.0121335,1.5000000000000002,0.32999999999999985,0.063,0.32999999999999985,0.063
0.10895,0.012201499999999999,1.4999999999999998,0.3199999999999996,0.063,0.3199999999999996,0.063
0.109,0.0122615,1.5000000000000002,0.3199999999999996,0.063,0.3199999999999996,0.063
0.10905000000000001,0.012338,1.4999999999999993,0.3199999999999996,0.063,0.3199999999999996,0.063
0.1091,0.012433,1.4999999999999993,0.3199999999999996,0.063,0.3199999999999996,0.063
0.10915000000000001,0.012520499999999999,1.5000000000000002,0.3199999999999996,0.063,0.3199999999999996,0.063
0.1092,0.012605499999999999,1.5000000000000002,0.3199999999999996,0.062,0.3199999999999996,0.062
0.10925,0.0126375,1.55,0.3199999999999996,0.062,0.3199999999999996,0.062
0.10930000000000001,0.0126085,1.6000000000000008,0.3199999999999996,0.062,0.3199999999999996,0.062
0.10935,0.0125215,1.6000000000000008,0.3199999999999996,0.061,0.3199999999999996,0.061
0.10940000000000001,0.012374,1.5999999999999999,0.3199999999999996,0.061,0.3199999999999996,0.061
0.10945,0.012215,1.550000000000001,0.3199999999999996,0.061,0.3199999999999996,0.061
0.1095,0.012036,1.6000000000000008,0.3199999999999996,0.060000000000000005,0.3199999999999996,0.060000000000000005
0.10955000000000001,0.012022999999999999,1.599999999999999,0.3199999999999996,0.060000000000000005,0.3199999999999996,0.060000000000000005
0.1096,0.012018,1.55,0.3199999999999996,0.060000000000000005,0.3199999999999996,0.060000000000000005
0.10965000000000001,0.012053,1.5999999999999999,0.3199999999999996,0.060000000000000005,0.3199999999999996,0.060000000000000005
0.1097,0.0121145,1.55,0.3199999999999996,0.060000000000000005,0.3199999999999996,0.060000000000000005
0.10975,0.012197,1.550000000000001,0.3199999999999996,0.062,0.3199999999999996,0.062
0.10980000000000001,0.012289999999999999,1.55,0.3199999999999996,0.062,0.3199999999999996,0.062
0.10985,0.0124225,1.5499999999999992,0.3199999999999996,0.063,0.3199999999999996,0.063
0.10990000000000001,0.012539999999999999,1.5000000000000002,0.3199999999999996,0.063,0.3199999999999996,0.063
0.10995,0.012780999999999999,1.5499999999999992,0.3199999999999996,0.062,0.3199999999999996,0.062
0.11,0.013035999999999999,1.55,0.32999999999999985,0.062,0.32999999999999985,0.062
0.11005000000000001,0.01332,1.5999999999999999,0.3199999999999996,0.062,0.3199999999999996,0.062
0.1101,0.013549499999999999,1.5999999999999999,0.3199999999999996,0.062,0.3199999999999996,0.062
0.11015000000000001,0.013712499999999999,1.6499999999999997,0.3199999999999996,0.062,0.3199999999999996,0.062
0.1102,0.013797,1.6500000000000015,0.3199999999999996,0.063,0.3199999999999996,0.063
0.11025,0.0138125,1.6999999999999995,0.3199999999999996,0.063,0.3199999999999996,0.063
0.11030000000000001,0.0137825,1.6999999999999995,0.3199999999999996,0.063,0.3199999999999996,0.063
0.11035,0.013515,1.6000000000000008,0.37000000000000033,0.062,1.3923395148479634,0.062
0.11040000000000001,0.012636,1.4499999999999995,0.3600000000000001,0.062,0.3600000000000001,0.062
0.11045,0.011675999999999999,1.2999999999999992,0.3600000000000001,0.064,0.3600000000000001,0.064
0.1105,0.0108255,1.1999999999999995,0.3500000000000003,0.068,0.3500000000000003,0.068
0.11055000000000001,0.0101975,1.099999999999999,0.3500000000000003,0.07100000000000001,0.3500000000000003,0.07100000000000001
0.1106,0.009949999999999999,0.9500000000000004,0.3400000000000001,0.073,0.3400000000000001,0.073
0.11065000000000001,0.01015,0.8999999999999997,0.3400000000000001,0.074,0.3400000000000001,0.074
0.1107,0.010539999999999999,0.9500000000000004,0.3300000000000003,0.073,0.3300000000000003,0.073
0.11075,0.01085,1.0000000000000002,0.3300000000000003,0.07200000000000001,0.3300000000000003,0.07200000000000001
0.11080000000000001,0.010964,0.9999999999999993,0.32000000000000006,0.07100000000000001,0.32000000000000006,0.07100000000000001
0.11085,0.010987499999999999,1.0999999999999999,0.32000000000000006,0.068,0.32000000000000006,0.068
0.1109,0.011179999999999999,1.1999999999999995,0.3300000000000003,0.06499999999999999,0.3300000000000003,0.06499999999999999
0.11095000000000001,0.0112655,1.2999999999999992,0.3400000000000001,0.061,0.3400000000000001,0.061
0.111,0.011191,1.3500000000000008,0.32999999999999985,0.055,0.32999999999999985,0.054
0.11105000000000001,0.010980499999999999,1.4500000000000013,0.32999999999999985,0.059,0.32999999999999985,0.059
0.1111,0.0105875,1.5000000000000002,0.32999999999999985,0.062,0.32999999999999985,0.062
0.11115,0.010135499999999999,1.5999999999999999,0.32999999999999985,0.064,0.32999999999999985,0.064
0.11120000000000001,0.009564999999999999,1.599999999999999,0.32000000000000006,0.06499999999999999,0.32000000000000006,0.06499999999999999
0.11125,0.009868,1.1000000000000008,0.32000000000000006,0.06499999999999999,0.32000000000000006,0.06499999999999999
0.11130000000000001,0.010395,1.0999999999999999,0.32000000000000006,0.06499999999999999,0.32000000000000006,0.06499999999999999
0.11135,0.010856,1.1500000000000006,0.32000000000000006,0.064,0.32000000000000006,0.064
0.1114,0.0113625,1.2500000000000002,0.32000000000000006,0.062,0.32000000000000006,0.062
0.11145000000000001,0.0117705,1.2999999999999992,0.32000000000000006,0.061,0.32000000000000006,0.061
0.1115,0.012029999999999999,1.3499999999999999,0.32000000000000006,0.061,0.32000000000000006,0.061
0.11155000000000001,0.012197,1.4999999999999993,0.32000000000000006,0.061,0.32000000000000006,0.061
0.1116,0.012242,1.55,0.32000000000000006,0.063,0.32000000000000006,0.063
0.11165,0.012195,1.550000000000001,0.32000000000000006,0.064,0.32000000000000006,0.064
0.11170000000000001,0.012105999999999999,1.55,0.32000000000000006,0.064,0.32000000000000006,0.064
0.11175,0.0120675,1.4999999999999993,0.3100000000000003,0.063,0.3100000000000003,0.063
0.11180000000000001,0.0120945,1.4500000000000004,0.3100000000000003,0.063,0.3100000000000003,0.063
0.11185,0.012161,1.4999999999999993,0.3100000000000003,0.062,0.3100000000000003,0.062
0.1119,0.01227,1.4499999999999995,0.3100000000000003,0.062,0.3100000000000003,0.062
0.11195000000000001,0.012312,1.5000000000000002,0.3100000000000003,0.062,0.3100000000000003,0.062
0.112,0.0122735,1.550000000000001,0.3100000000000003,0.061,0.3100000000000003,0.061
0.11205000000000001,0.012151499999999999,1.55,0.3100000000000003,0.061,0.3100000000000003,0.061
0.1121,0.0119575,1.6000000000000008,0.3100000000000003,0.061,0.3100000000000003,0.061
0.11215,0.011763,1.6000000000000008,0.3100000000000003,0.060000000000000005,0.3100000000000003,0.060000000000000005
0.11220000000000001,0.0115695,1.55,0.3100000000000003,0.060000000000000005,0.3100000000000003,0.060000000000000005
0.11225,0.011535499999999999,1.5000000000000002,0.3200000000000005,0.060000000000000005,0.3200000000000005,0.060000000000000005
0.11230000000000001,0.0115515,1.55,0.3200000000000005,0.060000000000000005,0.3200000000000005,0.060000000000000005
0.11235,0.011618499999999999,1.5499999999999992,0.3200000000000005,0.059,0.3200000000000005,0.059
0.1124,0.011692,1.5000000000000002,0.3200000000000005,0.060000000000000005,0.3200000000000005,0.060000000000000005
0.11245000000000001,0.011803,1.5499999999999996,0.3200000000000005,0.062,0.3200000000000005,0.062
0.1125,0.0119265,1.5000000000000002,0.3200000000000005,0.063,0.3200000000000005,0.063
0.11255000000000001,0.012072999999999999,1.5000000000000007,0.3200000000000005,0.063,0.3200000000000005,0.063
0.1126,0.0122405,1.55,0.3200000000000005,0.063,0.3200000000000005,0.063
0.11265,0.012421999999999999,1.5000000000000007,0.3200000000000005,0.063,0.3200000000000005,0.063
0.11270000000000001,0.012615,1.5000000000000002,0.3200000000000005,0.062,0.3200000000000005,0.062
0.11275,0.0128095,1.5499999999999996,0.3200000000000005,0.062,0.3200000000000005,0.062
0.11280000000000001,0.012959,1.5499999999999996,0.3200000000000005,0.062,0.3200000000000005,0.062
0.11285,0.0130155,1.6000000000000003,0.3200000000000005,0.062,0.3200000000000005,0.062
0.1129,0.0129695,1.6500000000000006,0.3200000000000005,0.062,0.3200000000000005,0.062
0.11295000000000001,0.012879,1.6499999999999997,0.3200000000000005,0.061,0.3200000000000005,0.061
0.113,0.012732499999999999,1.6500000000000001,0.3200000000000005,0.061,0.3200000000000005,0.061
0.11305000000000001,0.012659499999999999,1.6500000000000001,0.3200000000000005,0.061,0.3200000000000005,0.061
0.1131,0.0126825,1.6500000000000001,0.3200000000000005,0.061,0.3200000000000005,0.061
0.11315,0.012702,1.5999999999999999,0.3300000000000003,0.060000000000000005,0.3300000000000003,0.060000000000000005
0.11320000000000001,0.012768499999999999,1.6500000000000001,0.3300000000000003,0.060000000000000005,0.3300000000000003,0.060000000000000005
0.11325,0.012825999999999999,1.6000000000000003,0.3200000000000005,0.061,0.3200000000000005,0.061
0.11330000000000001,0.012898999999999999,1.6499999999999997,0.3200000000000005,0.062,0.3200000000000005,0.062
0.11335,0.012987499999999999,1.5999999999999999,0.3200000000000005,0.063,0.3200000000000005,0.063
0.1134,0.013026999999999999,1.6000000000000003,0.3200000000000005,0.063,0.3200000000000005,0.063
0.11345000000000001,0.012950999999999999,1.5500000000000003,0.34999999999999987,0.063,1.3823395183448361,0.063
0.1135,0.012333499999999999,1.3999999999999997,0.3699999999999999,0.062,0.3699999999999999,0.062
0.11355000000000001,0.0114685,1.2499999999999998,0.3600000000000001,0.063,0.3600000000000001,0.063
0.1136,0.010657,1.1500000000000001,0.3600000000000001,0.067,0.3600000000000001,0.067
0.11365,0.0099765,1.0999999999999999,0.34999999999999987,0.06999999999999998,0.34999999999999987,0.06999999999999999
0.11370000000000001,0.009595,0.9500000000000004,0.34999999999999987,0.07200000000000001,0.34999999999999987,0.07200000000000001
0.11375,0.009571,0.9000000000000001,0.34999999999999987,0.073,0.34999999999999987,0.073
0.11380000000000001,0.009822,0.9000000000000001,0.3400000000000001,0.074,0.3400000000000001,0.074
0.11385,0.0100695,0.9000000000000001,0.3400000000000001,0.073,0.3400000000000001,0.073
0.1139,0.010247,0.9000000000000004,0.32999999999999985,0.07200000000000001,0.32999999999999985,0.07200000000000001
0.11395000000000001,0.0103505,1.0,0.32999999999999985,0.06999999999999998,0.32999999999999985,0.06999999999999999
0.114,0.0103105,1.0500000000000003,0.32000000000000006,0.067,0.32000000000000006,0.067
0.11405,0.010053,1.1,0.32000000000000006,0.064,0.32000000000000006,0.064
0.11410000000000001,0.0100135,1.1500000000000001,0.32999999999999985,0.059,0.32999999999999985,0.059
0.11415,0.009786,1.2,0.3400000000000001,0.054,0.3400000000000001,0.054
0.11420000000000001,0.009332499999999999,1.25,0.3400000000000001,0.054,0.3400000000000001,0.054
0.11425,0.0088595,1.3000000000000003,0.3300000000000003,0.059,0.3300000000000003,0.059
0.1143,0.008281499999999999,1.3,0.3300000000000003,0.063,0.3300000000000003,0.063
0.11435000000000001,0.0077015,1.2,0.3300000000000003,0.06499999999999999,0.3300000000000003,0.06499999999999999
0.1144,0.0077075,0.9000000000000001,0.3300000000000003,0.067,0.3300000000000003,0.067
0.11445000000000001,0.008137,0.7999999999999996,0.3300000000000003,0.068,0.3300000000000003,0.068
0.1145,0.0086135,0.8499999999999999,0.32000000000000006,0.068,0.32000000000000006,0.068
0.11455,0.009034499999999999,0.8999999999999997,0.32000000000000006,0.068,0.32000000000000006,0.068
0.11460000000000001,0.0093925,0.9500000000000004,0.32000000000000006,0.067,0.32000000000000006,0.067
0.11465,0.0096765,1.0000000000000002,0.32000000000000006,0.066,0.32000000000000006,0.066
0.11470000000000001,0.009868,0.9999999999999998,0.32000000000000006,0.066,0.32000000000000006,0.066
0.11475,0.010128999999999999,1.0999999999999999,0.32000000000000006,0.06499999999999999,0.32000000000000006,0.06499999999999999
0.1148,0.0104145,1.1500000000000001,0.32000000000000006,0.064,0.32000000000000006,0.064
0.11485000000000001,0.0106065,1.2000000000000004,0.32999999999999985,0.064,0.32999999999999985,0.064
0.1149,0.0107015,1.2499999999999998,0.32999999999999985,0.063,0.32999999999999985,0.063
0.11495000000000001,0.0107575,1.2500000000000007,0.32000000000000006,0.063,0.32000000000000006,0.063
0.115,0.01077,1.3000000000000005,0.32000000000000006,0.064,0.32000000000000006,0.064
0.11505,0.0107675,1.2999999999999996,0.32000000000000006,0.064,0.32000000000000006,0.064
0.11510000000000001,0.0107525,1.3000000000000005,0.32999999999999985,0.064,0.32999999999999985,0.064
0.11515,0.01074,1.2500000000000002,0.32000000000000006,0.063,0.32000000000000006,0.063
0.11520000000000001,0.0107495,1.3,0.32000000000000006,0.063,0.32000000000000006,0.063
0.11525,0.0107335,1.2999999999999996,0.32999999999999985,0.062,0.32999999999999985,0.062
0.1153,0.0108775,1.3,0.32999999999999985,0.062,0.32999999999999985,0.062
0.11535000000000001,0.011004,1.3500000000000003,0.32999999999999985,0.062,0.32999999999999985,0.062
0.1154,0.01109,1.3500000000000003,0.32999999999999985,0.061,0.32999999999999985,0.061
0.11545000000000001,0.011175,1.3999999999999997,0.32999999999999985,0.061,0.32999999999999985,0.061
0.1155,0.0112325,1.4000000000000006,0.32000000000000006,0.062,0.32000000000000006,0.062
0.11555,0.011294499999999999,1.4000000000000001,0.32000000000000006,0.063,0.32000000000000006,0.063
0.11560000000000001,0.0113675,1.3999999999999997,0.32000000000000006,0.063,0.32000000000000006,0.063
0.11565,0.011434,1.3999999999999997,0.32000000000000006,0.063,0.32000000000000006,0.063
0.11570000000000001,0.0115115,1.3999999999999997,0.32000000000000006,0.063,0.32000000000000006,0.063
0.11575,0.011578999999999999,1.3999999999999997,0.32000000000000006,0.062,0.32000000000000006,0.062
0.1158,0.011644999999999999,1.3999999999999997,0.32000000000000006,0.062,0.32000000000000006,0.062
0.11585000000000001,0.011674499999999999,1.4000000000000006,0.32000000000000006,0.062,0.32000000000000006,0.062
0.1159,0.0116695,1.4500000000000004,0.32000000000000006,0.062,0.32000000000000006,0.062
0.11595000000000001,0.0115935,1.4500000000000004,0.32000000000000006,0.062,0.32000000000000006,0.062
0.116,0.011484,1.4500000000000004,0.32000000000000006,0.061,0.32000000000000006,0.061
0.11605,0.011360499999999999,1.4499999999999995,0.32000000000000006,0.061,0.32000000000000006,0.061
0.11610000000000001,0.0112375,1.4499999999999995,0.32000000000000006,0.061,0.32000000000000006,0.061
0.11615,0.0111305,1.4500000000000004,0.32000000000000006,0.061,0.32000000000000006,0.061
0.11620000000000001,0.011124,1.4000000000000006,0.32000000000000006,0.061,0.32000000000000006,0.061
0.11625,0.0111965,1.4500000000000004,0.32000000000000006,0.060000000000000005,0.32000000000000006,0.060000000000000005
0.1163,0.0112905,1.4499999999999995,0.32000000000000006,0.060000000000000005,0.32000000000000006,0.060000000000000005
0.11635000000000001,0.011397,1.4499999999999995,0.32000000000000006,0.060000000000000005,0.32000000000000006,0.060000000000000005
0.1164,0.011509,1.4500000000000004,0.32000000000000006,0.061,0.32000000000000006,0.061
0.11645000000000001,0.0116315,1.4500000000000004,0.32000000000000006,0.062,0.32000000000000006,0.062
0.1165,0.011753999999999999,1.5000000000000002,0.32000000000000006,0.063,0.32000000000000006,0.063
0.11655,0.011894499999999999,1.4499999999999995,0.32000000000000006,0.063,0.32000000000000006,0.063
0.11660000000000001,0.0120555,1.4500000000000004,0.32000000000000006,0.063,0.32000000000000006,0.063
0.11665,0.012317499999999999,1.4500000000000004,0.32000000000000006,0.062,0.32000000000000006,0.062
0.11670000000000001,0.012595,1.5000000000000002,0.32999999999999985,0.062,0.32999999999999985,0.062
0.11675,0.0128495,1.5000000000000002,0.32000000000000006,0.062,0.32000000000000006,0.062
0.1168,0.013023499999999999,1.55,0.32000000000000006,0.062,0.32000000000000006,0.062
0.11685000000000001,0.013172999999999999,1.6000000000000008,0.32000000000000006,0.063,0.32000000000000006,0.063
0.1169,0.013224999999999999,1.599999999999999,0.32000000000000006,0.063,0.32000000000000006,0.063
0.11695000000000001,0.0132325,1.5999999999999999,0.32000000000000006,0.063,0.32000000000000006,0.063
0.117,0.013176,1.5999999999999999,0.3300000000000003,0.063,1.340736952135841,0.063
0.11705,0.012801,1.4500000000000004,0.3699999999999999,0.062,0.3699999999999999,0.062
0.11710000000000001,0.0119755,1.3499999999999999,0.3699999999999999,0.062,0.3699999999999999,0.062
0.11715,0.011116,1.2499999999999993,0.3600000000000001,0.066,0.3600000000000001,0.066
0.11720000000000001,0.010423,1.1000000000000008,0.3600000000000001,0.06999999999999998,0.3600000000000001,0.06999999999999999
0.11725000000000001,0.010043,1.000000000000001,0.35999999999999965,0.074,0.35999999999999965,0.074
0.1173,0.0100225,0.9000000000000006,0.34999999999999987,0.076,0.34999999999999987,0.076
0.11735000000000001,0.010423,0.8500000000000008,0.34999999999999987,0.077,0.34999999999999987,0.077
0.1174,0.0109765,0.9000000000000006,0.34999999999999987,0.078,0.34999999999999987,0.078
0.11745,0.0115275,0.8999999999999997,0.3400000000000001,0.077,0.3400000000000001,0.077
0.11750000000000001,0.012015999999999999,0.9500000000000004,0.3400000000000001,0.076,0.3400000000000001,0.076
0.11755,0.0123875,1.05,0.3300000000000003,0.075,0.3300000000000003,0.075
0.11760000000000001,0.012595,1.0999999999999999,0.3300000000000003,0.073,0.3300000000000003,0.073
0.11765,0.012586,1.1500000000000006,0.3300000000000003,0.06999999999999998,0.3300000000000003,0.06999999999999999
0.1177,0.012562499999999999,1.2000000000000013,0.32000000000000006,0.067,0.32000000000000006,0.067
0.11775000000000001,0.012787,1.3000000000000018,0.32999999999999985,0.064,0.32999999999999985,0.064
0.1178,0.0128375,1.4000000000000006,0.32999999999999985,0.061,0.32999999999999985,0.061
0.11785000000000001,0.012839,1.4999999999999984,0.32999999999999985,0.059,0.32999999999999985,0.059
0.1179,0.012648999999999999,1.599999999999999,0.32999999999999985,0.061,0.32999999999999985,0.061
0.11795,0.012345,1.6499999999999997,0.32999999999999985,0.064,0.32999999999999985,0.064
0.11800000000000001,0.011935,1.7000000000000004,0.32000000000000006,0.06499999999999999,0.32000000000000006,0.06499999999999999
0.11805,0.011602999999999999,1.5000000000000002,0.32000000000000006,0.066,0.32000000000000006,0.066
0.11810000000000001,0.0115935,1.4000000000000006,0.32000000000000006,0.06499999999999999,0.32000000000000006,0.06499999999999999
0.11815,0.011759499999999999,1.2999999999999992,0.32000000000000006,0.06499999999999999,0.32000000000000006,0.06499999999999999
0.1182,0.012012499999999999,1.3,0.32000000000000006,0.064,0.32000000000000006,0.064
0.11825000000000001,0.0123655,1.3999999999999997,0.3300000000000003,0.063,0.3300000000000003,0.063
0.1183,0.0126695,1.4500000000000004,0.3300000000000003,0.062,0.3300000000000003,0.062
0.11835000000000001,0.012862499999999999,1.500000000000001,0.3300000000000003,0.061,0.3300000000000003,0.061
0.1184,0.0129255,1.55,0.3300000000000003,0.061,0.3300000000000003,0.061
0.11845,0.012889999999999999,1.6499999999999997,0.3300000000000003,0.062,0.3300000000000003,0.062
0.11850000000000001,0.012784,1.6499999999999997,0.3300000000000003,0.063,0.3300000000000003,0.063
0.11855,0.0126935,1.5999999999999999,0.3300000000000003,0.064,0.3300000000000003,0.064
0.11860000000000001,0.012613,1.5499999999999992,0.3300000000000003,0.063,0.3300000000000003,0.063
0.11865,0.0126225,1.55,0.32000000000000006,0.063,0.32000000000000006,0.063
0.1187,0.012740999999999999,1.5499999999999992,0.3300000000000003,0.063,0.3300000000000003,0.063
0.11875000000000001,0.012968499999999999,1.55,0.3300000000000003,0.062,0.3300000000000003,0.062
0.1188,0.01321,1.550000000000001,0.3300000000000003,0.062,0.3300000000000003,0.062
0.11885000000000001,0.013377,1.5999999999999999,0.3300000000000003,0.062,0.3300000000000003,0.062
0.1189,0.0134495,1.6500000000000006,0.3300000000000003,0.062,0.3300000000000003,0.062
0.11895,0.0134855,1.6500000000000006,0.32000000000000006,0.063,0.32000000000000006,0.063
0.11900000000000001,0.01347,1.6999999999999995,0.32000000000000006,0.063,0.32000000000000006,0.063
0.11905,0.013483499999999999,1.6499999999999997,0.32000000000000006,0.063,0.32000000000000006,0.063
0.11910000000000001,0.013493499999999999,1.6500000000000001,0.32000000000000006,0.063,0.32000000000000006,0.063
0.11915,0.0135225,1.6499999999999997,0.32000000000000006,0.063,0.32000000000000006,0.063
0.1192,0.01356,1.6500000000000001,0.32000000000000006,0.062,0.32000000000000006,0.062
0.11925000000000001,0.0135905,1.6500000000000006,0.32000000000000006,0.062,0.32000000000000006,0.062
0.1193,0.0135775,1.6500000000000001,0.32000000000000006,0.062,0.32000000000000006,0.062
0.11935000000000001,0.0135035,1.7000000000000004,0.32000000000000006,0.061,0.32000000000000006,0.061
0.1194,0.013389999999999999,1.7500000000000007,0.32000000000000006,0.061,0.32000000000000006,0.061
0.11945,0.0132315,1.7,0.32000000000000006,0.061,0.32000000000000006,0.061
0.11950000000000001,0.013047999999999999,1.7,0.32000000000000006,0.061,0.32000000000000006,0.061
0.11955,0.012908999999999999,1.7000000000000004,0.32000000000000006,0.061,0.32000000000000006,0.061
0.11960000000000001,0.0128685,1.7,0.32000000000000006,0.060000000000000005,0.32000000000000006,0.060000000000000005
0.11965,0.012891,1.6500000000000001,0.3300000000000003,0.060000000000000005,0.3300000000000003,0.060000000000000005
0.1197,0.012935499999999999,1.7,0.3300000000000003,0.060000000000000005,0.3300000000000003,0.060000000000000005
0.11975000000000001,0.012983999999999999,1.6500000000000001,0.3300000000000003,0.060000000000000005,0.3300000000000003,0.060000000000000005
0.1198,0.0130435,1.7,0.32000000000000006,0.062,0.32000000000000006,0.062
0.11985000000000001,0.013136,1.6499999999999997,0.32000000000000006,0.063,0.32000000000000006,0.063
0.1199,0.0131965,1.6500000000000001,0.32000000000000006,0.063,0.32000000000000006,0.063
0.11995,0.013301499999999999,1.65,0.32000000000000006,0.063,0.32000000000000006,0.063
0.12000000000000001,0.0133505,1.6,0.32999999999999985,0.062,1.340736952135839,0.062
0.12005,0.013013,1.5,0.37000000000000033,0.062,0.37000000000000033,0.062
0.12010000000000001,0.0122235,1.35,0.3699999999999999,0.061,0.3699999999999999,0.061
0.12015,0.011372499999999999,1.25,0.35999999999999965,0.06499999999999999,0.35999999999999965,0.06499999999999999
0.1202,0.010773,1.1500000000000001,0.35999999999999965,0.06999999999999998,0.35999999999999965,0.06999999999999999
0.12025000000000001,0.0103835,1.05,0.34999999999999987,0.07200000000000001,0.34999999999999987,0.07200000000000001
0.1203,0.010369999999999999,0.95,0.34999999999999987,0.074,0.34999999999999987,0.074
0.12035000000000001,0.010825,0.9000000000000001,0.33999999999999964,0.075,0.33999999999999964,0.075
0.12040000000000001,0.011393499999999999,0.8999999999999999,0.33999999999999964,0.076,0.33999999999999964,0.076
0.12045,0.011975,1.0,0.32999999999999985,0.075,0.32999999999999985,0.075
0.12050000000000001,0.012372999999999999,1.0499999999999998,0.32999999999999985,0.073,0.32999999999999985,0.073
0.12055,0.012577999999999999,1.15,0.3199999999999996,0.07100000000000001,0.3199999999999996,0.07100000000000001
0.1206,0.012601,1.2,0.3199999999999996,0.068,0.3199999999999996,0.068
0.12065000000000001,0.012895499999999999,1.3,0.3300000000000003,0.06499999999999999,0.3300000000000003,0.06499999999999999
0.1207,0.0130575,1.4000000000000001,0.3300000000000003,0.061,0.3300000000000003,0.061
0.12075000000000001,0.013021,1.45,0.3300000000000003,0.058,0.3300000000000003,0.058
0.1208,0.012907499999999999,1.55,0.3300000000000003,0.061,0.3300000000000003,0.061
0.12085,0.012608,1.6,0.32000000000000006,0.064,0.32000000000000006,0.064
0.12090000000000001,0.012189499999999999,1.75,0.32000000000000006,0.06499999999999999,0.32000000000000006,0.06499999999999999
0.12095,0.011686,1.7499999999999998,0.32000000000000006,0.066,0.32000000000000006,0.066
0.12100000000000001,0.011566499999999999,1.4500000000000004,0.32000000000000006,0.066,0.32000000000000006,0.066
0.12105,0.011785499999999999,1.3,0.32000000000000006,0.06499999999999999,0.32000000000000006,0.06499999999999999
0.1211,0.0121925,1.3,0.32000000000000006,0.064,0.32000000000000006,0.064
0.12115000000000001,0.012664499999999999,1.4000000000000001,0.32999999999999985,0.063,0.32999999999999985,0.063
0.1212,0.013049999999999999,1.45,0.32999999999999985,0.062,0.32999999999999985,0.062
0.12125000000000001,0.013287,1.5000000000000007,0.32999999999999985,0.062,0.32999999999999985,0.062
0.1213,0.0134135,1.5999999999999999,0.32999999999999985,0.062,0.32999999999999985,0.062
0.12135,0.0134195,1.6499999999999992,0.32000000000000006,0.063,0.32000000000000006,0.063
0.12140000000000001,0.013304,1.6500000000000001,0.32999999999999985,0.063,0.32999999999999985,0.063
0.12145,0.013205,1.6999999999999995,0.32999999999999985,0.064,0.32999999999999985,0.064
0.12150000000000001,0.013146999999999999,1.6500000000000001,0.32000000000000006,0.063,0.32000000000000006,0.063
0.12155,0.0131255,1.6000000000000003,0.32999999999999985,0.063,0.32999999999999985,0.063
0.1216,0.013274,1.5999999999999999,0.32999999999999985,0.062,0.32999999999999985,0.062
0.12165000000000001,0.013439,1.5999999999999999,0.32999999999999985,0.062,0.32999999999999985,0.062
0.1217,0.0136035,1.6500000000000001,0.32999999999999985,0.061,0.32999999999999985,0.061
0.12175000000000001,0.013694,1.6499999999999997,0.32999999999999985,0.062,0.32999999999999985,0.062
0.1218,0.013717,1.6999999999999995,0.32999999999999985,0.063,0.32999999999999985,0.063
0.12185,0.0136925,1.7000000000000004,0.32000000000000006,0.063,0.32000000000000006,0.063
0.12190000000000001,0.013684499999999999,1.7000000000000004,0.32000000000000006,0.063,0.32000000000000006,0.063
0.12195,0.013677,1.7000000000000004,0.32000000000000006,0.063,0.32000000000000006,0.063
0.12200000000000001,0.013693499999999999,1.7000000000000004,0.32000000000000006,0.063,0.32000000000000006,0.063
0.12205,0.013717499999999999,1.6499999999999997,0.32000000000000006,0.062,0.32000000000000006,0.062
0.1221,0.013741,1.6999999999999995,0.32000000000000006,0.062,0.32000000000000006,0.062
0.12215000000000001,0.013758999999999999,1.6999999999999995,0.32000000000000006,0.062,0.32000000000000006,0.062
0.1222,0.0136695,1.7500000000000002,0.32000000000000006,0.061,0.32000000000000006,0.061
0.12225000000000001,0.0135465,1.7500000000000002,0.32000000000000006,0.061,0.32000000000000006,0.061
0.1223,0.0133425,1.6999999999999995,0.32000000000000006,0.061,0.32000000000000006,0.061
0.12235,0.013182,1.7500000000000002,0.32000000000000006,0.060000000000000005,0.32000000000000006,0.060000000000000005
0.12240000000000001,0.013002999999999999,1.7000000000000004,0.32000000000000006,0.060000000000000005,0.32000000000000006,0.060000000000000005
0.12245,0.0129835,1.6999999999999995,0.32999999999999985,0.060000000000000005,0.32999999999999985,0.060000000000000005
0.12250000000000001,0.012969999999999999,1.7500000000000002,0.32999999999999985,0.060000000000000005,0.32999999999999985,0.060000000000000005
0.12255,0.013,1.6999999999999995,0.32999999999999985,0.060000000000000005,0.32999999999999985,0.060000000000000005
0.1226,0.0130545,1.6999999999999995,0.32999999999999985,0.061,0.32999999999999985,0.061
0.12265000000000001,0.0131285,1.6499999999999997,0.32000000000000006,0.062,0.32000000000000006,0.062
0.1227,0.01324,1.7000000000000004,0.32000000000000006,0.063,0.32000000000000006,0.063
0.12275000000000001,0.013333,1.6499999999999997,0.32000000000000006,0.063,0.32000000000000006,0.063
0.1228,0.013398,1.6500000000000006,0.32000000000000006,0.063,0.32000000000000006,0.063
0.12285,0.0132655,1.55,0.36999999999999944,0.062,0.36999999999999944,0.062
0.12290000000000001,0.012456499999999999,1.4000000000000006,0.3600000000000001,0.062,0.3600000000000001,0.062
0.12295,0.01159,1.250000000000001,0.3600000000000001,0.064,0.3600000000000001,0.064
0.12300000000000001,0.010872999999999999,1.1500000000000006,0.34999999999999987,0.068,0.34999999999999987,0.068
0.12305,0.010331499999999999,1.1000000000000008,0.3600000000000001,0.07100000000000001,0.3600000000000001,0.07100000000000001
0.1231,0.0100755,1.000000000000001,0.3500000000000003,0.073,0.3500000000000003,0.073
0.12315000000000001,0.0102375,0.9000000000000015,0.3500000000000003,0.074,0.3500000000000003,0.074
0.1232,0.010711499999999999,0.8999999999999988,0.3400000000000001,0.074,0.3400000000000001,0.074
0.12325000000000001,0.011110499999999999,0.9499999999999986,0.3400000000000001,0.073,0.3400000000000001,0.073
0.1233,0.011394999999999999,1.0499999999999983,0.3400000000000001,0.07200000000000001,0.3400000000000001,0.07200000000000001
0.12335,0.01151,1.099999999999998,0.32999999999999985,0.06999999999999998,0.32999999999999985,0.06999999999999999
0.12340000000000001,0.011438499999999999,1.1499999999999997,0.32999999999999985,0.067,0.32999999999999985,0.067
0.12345,0.011351499999999999,1.2500000000000002,0.32999999999999985,0.063,0.32999999999999985,0.063
0.12350000000000001,0.011380999999999999,1.2999999999999992,0.3400000000000001,0.058,0.3400000000000001,0.058
0.12355000000000001,0.011233,1.3500000000000008,0.32999999999999985,0.054,0.32999999999999985,0.054
0.1236,0.0109565,1.4500000000000013,0.32999999999999985,0.057,0.32999999999999985,0.057
0.12365000000000001,0.0105645,1.4999999999999993,0.32999999999999985,0.061,0.32999999999999985,0.061
0.1237,0.010041,1.55,0.32999999999999985,0.064,0.32999999999999985,0.064
0.12375000000000001,0.0095915,1.3499999999999999,0.32000000000000006,0.06499999999999999,0.32000000000000006,0.06499999999999999
0.12380000000000001,0.009755999999999999,1.1499999999999997,0.32000000000000006,0.066,0.32000000000000006,0.066
0.12385,0.010256999999999999,1.0999999999999999,0.32000000000000006,0.06499999999999999,0.32000000000000006,0.06499999999999999
0.12390000000000001,0.010757,1.1500000000000006,0.32000000000000006,0.064,0.32000000000000006,0.064
0.12395,0.011170999999999999,1.2000000000000004,0.32000000000000006,0.063,0.32000000000000006,0.063
0.124,0.0116035,1.2499999999999993,0.32000000000000006,0.063,0.32000000000000006,0.063
0.12405000000000001,0.011927499999999999,1.3,0.32000000000000006,0.062,0.32000000000000006,0.062
0.1241,0.012180999999999999,1.4500000000000004,0.32000000000000006,0.061,0.32000000000000006,0.061
0.12415000000000001,0.0123095,1.4999999999999993,0.32000000000000006,0.061,0.32000000000000006,0.061
0.1242,0.012324,1.5499999999999992,0.32000000000000006,0.062,0.32000000000000006,0.062
0.12425,0.012261,1.55,0.32000000000000006,0.063,0.32000000000000006,0.063
0.12430000000000001,0.012208499999999999,1.4999999999999993,0.32000000000000006,0.063,0.32000000000000006,0.063
0.12435,0.012194499999999999,1.550000000000001,0.32000000000000006,0.063,0.32000000000000006,0.063
0.12440000000000001,0.012230999999999999,1.5000000000000002,0.32000000000000006,0.063,0.32000000000000006,0.063
0.12445,0.012334999999999999,1.4999999999999993,0.32999999999999985,0.062,0.32999999999999985,0.062
0.1245,0.012534,1.5000000000000002,0.32999999999999985,0.062,0.32999999999999985,0.062
0.12455000000000001,0.01275,1.550000000000001,0.32999999999999985,0.062,0.32999999999999985,0.062
0.1246,0.012898,1.55,0.32999999999999985,0.061,0.32999999999999985,0.061
0.12465000000000001,0.0129585,1.5999999999999999,0.32999999999999985,0.062,0.32999999999999985,0.062
0.1247,0.013011499999999999,1.6500000000000006,0.32999999999999985,0.063,0.32999999999999985,0.063
0.12475,0.013032,1.5999999999999999,0.3199999999999996,0.063,0.3199999999999996,0.063
0.12480000000000001,0.013037499999999999,1.5999999999999999,0.3199999999999996,0.063,0.3199999999999996,0.063
0.12485,0.013085,1.6000000000000003,0.3199999999999996,0.063,0.3199999999999996,0.063
0.12490000000000001,0.0131285,1.5999999999999999,0.3199999999999996,0.063,0.3199999999999996,0.063
0.12495,0.013157499999999999,1.55,0.3199999999999996,0.062,0.3199999999999996,0.062
0.125,0.0132205,1.6000000000000003,0.3199999999999996,0.062,0.3199999999999996,0.062
0.12505,0.013217999999999999,1.6000000000000003,0.3199999999999996,0.062,0.3199999999999996,0.062
0.12510000000000002,0.013137,1.6500000000000001,0.3199999999999996,0.061,0.3199999999999996,0.061
0.12515,0.0130105,1.7000000000000004,0.3199999999999996,0.061,0.3199999999999996,0.061
0.1252,0.012853499999999999,1.6500000000000001,0.3199999999999996,0.061,0.3199999999999996,0.061
0.12525,0.012650999999999999,1.7,0.3199999999999996,0.060000000000000005,0.3199999999999996,0.060000000000000005
0.1253,0.0124855,1.6500000000000001,0.3199999999999996,0.060000000000000005,0.3199999999999996,0.060000000000000005
0.12535000000000002,0.012443,1.6499999999999997,0.32999999999999985,0.060000000000000005,0.32999999999999985,0.060000000000000005
0.1254,0.0124695,1.6500000000000001,0.32999999999999985,0.060000000000000005,0.32999999999999985,0.060000000000000005
0.12545,0.012485,1.5999999999999999,0.32999999999999985,0.060000000000000005,0.32999999999999985,0.060000000000000005
0.1255,0.0125635,1.6500000000000001,0.32999999999999985,0.060000000000000005,0.32999999999999985,0.060000000000000005
0.12555,0.012646,1.5999999999999999,0.32999999999999985,0.062,0.32999999999999985,0.062
0.12560000000000002,0.012747999999999999,1.6500000000000001,0.3199999999999996,0.063,0.3199999999999996,0.063
0.12565,0.0128645,1.6000000000000003,0.3199999999999996,0.063,0.3199999999999996,0.063
0.1257,0.012964999999999999,1.55,0.3199999999999996,0.063,0.3199999999999996,0.063
0.12575,0.013004,1.5499999999999998,0.3400000000000001,0.063,1.3690382326176773,0.063
0.1258,0.012572,1.4,0.37000000000000033,0.062,0.37000000000000033,0.062
0.12585000000000002,0.0117485,1.2500000000000002,0.3600000000000001,0.062,0.3600000000000001,0.062
0.1259,0.011006,1.2,0.3600000000000001,0.066,0.3600000000000001,0.066
0.12595,0.010395999999999999,1.0999999999999999,0.3500000000000003,0.06999999999999998,0.3500000000000003,0.06999999999999999
0.126,0.009995,0.9999999999999998,0.3500000000000003,0.07200000000000001,0.3500000000000003,0.07200000000000001
0.12605,0.0099765,0.9000000000000001,0.34999999999999987,0.074,0.34999999999999987,0.074
0.12610000000000002,0.0103775,0.9000000000000001,0.34999999999999987,0.074,0.34999999999999987,0.074
0.12615,0.010808,0.95,0.3400000000000001,0.074,0.3400000000000001,0.074
0.1262,0.011127,1.0000000000000002,0.3400000000000001,0.07200000000000001,0.3400000000000001,0.07200000000000001
0.12625,0.011248,1.05,0.3400000000000001,0.07100000000000001,0.3400000000000001,0.07100000000000001
0.1263,0.011266499999999999,1.1,0.32999999999999985,0.068,0.32999999999999985,0.068
0.12635000000000002,0.011078,1.1500000000000004,0.32999999999999985,0.06499999999999999,0.32999999999999985,0.06499999999999999
0.1264,0.011127999999999999,1.25,0.3400000000000001,0.060000000000000005,0.3400000000000001,0.060000000000000005
0.12645,0.010981,1.3,0.3400000000000001,0.055,0.3400000000000001,0.055
0.1265,0.010688,1.4000000000000001,0.32999999999999985,0.055,0.32999999999999985,0.055
0.12655,0.0102475,1.4499999999999995,0.32999999999999985,0.060000000000000005,0.32999999999999985,0.060000000000000005
0.12660000000000002,0.0096975,1.55,0.32999999999999985,0.063,0.32999999999999985,0.063
0.12665,0.009092,1.55,0.32000000000000006,0.06499999999999999,0.32000000000000006,0.06499999999999999
0.1267,0.009053,1.1000000000000003,0.32000000000000006,0.066,0.32000000000000006,0.066
0.12675,0.009530499999999999,0.9999999999999998,0.32000000000000006,0.066,0.32000000000000006,0.066
0.1268,0.0100485,1.05,0.32000000000000006,0.06499999999999999,0.32000000000000006,0.06499999999999999
0.12685000000000002,0.010484499999999999,1.1000000000000003,0.32000000000000006,0.064,0.32000000000000006,0.064
0.1269,0.010810499999999999,1.2000000000000008,0.32000000000000006,0.063,0.32000000000000006,0.063
0.12695,0.011228,1.2500000000000002,0.32000000000000006,0.062,0.32000000000000006,0.062
0.127,0.0115245,1.2999999999999996,0.32000000000000006,0.062,0.32000000000000006,0.062
0.12705,0.011729499999999999,1.4000000000000001,0.32000000000000006,0.061,0.32000000000000006,0.061
0.12710000000000002,0.011822,1.45,0.32000000000000006,0.061,0.32000000000000006,0.061
0.12715,0.0118275,1.4499999999999995,0.32000000000000006,0.063,0.32000000000000006,0.063
0.1272,0.011796,1.4500000000000004,0.32000000000000006,0.064,0.32000000000000006,0.064
0.12725,0.011793999999999999,1.45,0.32000000000000006,0.064,0.32000000000000006,0.064
0.1273,0.0118155,1.45,0.32000000000000006,0.064,0.32000000000000006,0.064
0.12735000000000002,0.011870499999999999,1.45,0.32000000000000006,0.063,0.32000000000000006,0.063
0.1274,0.0120165,1.4500000000000004,0.3300000000000003,0.063,0.3300000000000003,0.063
0.12745,0.012251,1.45,0.3300000000000003,0.062,0.3300000000000003,0.062
0.1275,0.0124525,1.4499999999999995,0.3300000000000003,0.062,0.3300000000000003,0.062
0.12755,0.01262,1.55,0.3300000000000003,0.062,0.3300000000000003,0.062
0.12760000000000002,0.012699499999999999,1.5499999999999992,0.3300000000000003,0.062,0.3300000000000003,0.062
0.12765,0.012739499999999999,1.55,0.3300000000000003,0.063,0.3300000000000003,0.063
0.1277,0.012745,1.55,0.3300000000000003,0.063,0.3300000000000003,0.063
0.12775,0.012765499999999999,1.5999999999999999,0.3300000000000003,0.063,0.3300000000000003,0.063
0.1278,0.012776,1.55,0.3200000000000005,0.063,0.3200000000000005,0.063
0.12785000000000002,0.0128055,1.550000000000001,0.3200000000000005,0.062,0.3200000000000005,0.062
0.1279,0.012827,1.5999999999999999,0.3200000000000005,0.062,0.3200000000000005,0.062
0.12795,0.012844,1.5999999999999999,0.3200000000000005,0.062,0.3200000000000005,0.062
0.128,0.012836,1.5999999999999999,0.3200000000000005,0.062,0.3200000000000005,0.062
0.12805,0.012751499999999999,1.5999999999999999,0.3200000000000005,0.061,0.3200000000000005,0.061
0.12810000000000002,0.0126095,1.6499999999999997,0.3200000000000005,0.061,0.3200000000000005,0.061
0.12815000000000001,0.012454,1.6500000000000006,0.3200000000000005,0.061,0.3200000000000005,0.061
0.1282,0.012272499999999999,1.599999999999999,0.3200000000000005,0.060000000000000005,0.3200000000000005,0.060000000000000005
0.12825,0.012092,1.5999999999999999,0.3200000000000005,0.060000000000000005,0.3200000000000005,0.060000000000000005
0.1283,0.0120235,1.6000000000000008,0.3200000000000005,0.060000000000000005,0.3200000000000005,0.060000000000000005
0.12835000000000002,0.0120345,1.5999999999999999,0.3300000000000003,0.060000000000000005,0.3300000000000003,0.060000000000000005
0.12840000000000001,0.012046,1.6000000000000008,0.3300000000000003,0.059,0.3300000000000003,0.059
0.12845,0.012128499999999999,1.550000000000001,0.3300000000000003,0.059,0.3300000000000003,0.059
0.1285,0.012203499999999999,1.5499999999999992,0.3300000000000003,0.061,0.3300000000000003,0.061
0.12855,0.012307499999999999,1.55,0.3200000000000005,0.062,0.3200000000000005,0.062
0.12860000000000002,0.012433,1.55,0.3200000000000005,0.063,0.3200000000000005,0.063
0.12865000000000001,0.0125405,1.4999999999999993,0.3200000000000005,0.063,0.3200000000000005,0.063
0.1287,0.012639,1.5499999999999992,0.3200000000000005,0.062,1.3107369626264689,0.062
0.12875,0.012414999999999999,1.4499999999999986,0.3699999999999999,0.062,0.3699999999999999,0.062
0.1288,0.0116665,1.2500000000000002,0.3600000000000001,0.061,0.3600000000000001,0.061
0.12885,0.010928499999999999,1.2000000000000004,0.3600000000000001,0.06499999999999999,0.3600000000000001,0.06499999999999999
0.12890000000000001,0.0102715,1.0999999999999999,0.3600000000000001,0.06899999999999999,0.3600000000000001,0.06899999999999999
0.12895,0.009809,0.9999999999999993,0.34999999999999987,0.07100000000000001,0.34999999999999987,0.07100000000000001
0.129,0.009711,0.9000000000000006,0.34999999999999987,0.073,0.34999999999999987,0.073
0.12905,0.0100425,0.9000000000000006,0.3400000000000001,0.074,0.3400000000000001,0.074
0.1291,0.010445,0.9000000000000006,0.3400000000000001,0.073,0.3400000000000001,0.073
0.12915000000000001,0.010740999999999999,1.0000000000000002,0.32999999999999985,0.07200000000000001,0.32999999999999985,0.07200000000000001
0.1292,0.010886,1.050000000000001,0.32999999999999985,0.07100000000000001,0.32999999999999985,0.07100000000000001
0.12925,0.010916499999999999,1.05,0.32000000000000006,0.068,0.32000000000000006,0.068
0.1293,0.0107435,1.1500000000000006,0.32000000000000006,0.06499999999999999,0.32000000000000006,0.06499999999999999
0.12935,0.010711,1.2500000000000002,0.32999999999999985,0.061,0.32999999999999985,0.061
0.12940000000000002,0.0105535,1.3,0.3300000000000003,0.056,0.3300000000000003,0.056
0.12945,0.01027,1.3500000000000008,0.3300000000000003,0.054,0.3300000000000003,0.054
0.1295,0.009819999999999999,1.3999999999999997,0.3300000000000003,0.059,0.3300000000000003,0.059
0.12955,0.0092795,1.5000000000000002,0.3300000000000003,0.063,0.3300000000000003,0.063
0.1296,0.008655,1.4499999999999995,0.32000000000000006,0.06499999999999999,0.32000000000000006,0.06499999999999999
0.12965000000000002,0.008609499999999999,1.05,0.32000000000000006,0.066,0.32000000000000006,0.066
0.1297,0.0091375,0.9500000000000004,0.32000000000000006,0.067,0.32000000000000006,0.067
0.12975,0.0096885,0.9999999999999993,0.32000000000000006,0.066,0.32000000000000006,0.066
0.1298,0.0101295,1.0999999999999999,0.32000000000000006,0.06499999999999999,0.32000000000000006,0.06499999999999999
0.12985,0.010522,1.0999999999999999,0.32000000000000006,0.064,0.32000000000000006,0.064
0.12990000000000002,0.0108965,1.1499999999999988,0.32000000000000006,0.063,0.32000000000000006,0.063
0.12995,0.0112725,1.2499999999999993,0.32000000000000006,0.063,0.32000000000000006,0.063
0.13,0.011533,1.3,0.32000000000000006,0.062,0.32000000000000006,0.062
0.13005,0.011675999999999999,1.3500000000000008,0.32000000000000006,0.062,0.32000000000000006,0.062
0.1301,0.0117325,1.3999999999999997,0.32000000000000006,0.062,0.32000000000000006,0.062
0.13015000000000002,0.011727,1.5000000000000002,0.32000000000000006,0.063,0.32000000000000006,0.063
0.1302,0.0116875,1.4499999999999995,0.32000000000000006,0.064,0.32000000000000006,0.064
0.13025,0.011699,1.4499999999999995,0.32000000000000006,0.064,0.32000000000000006,0.064
0.1303,0.011726499999999999,1.4500000000000004,0.32000000000000006,0.063,0.32000000000000006,0.063
0.13035,0.011751,1.4500000000000004,0.32000000000000006,0.063,0.32000000000000006,0.063
0.13040000000000002,0.011932,1.4500000000000004,0.32999999999999985,0.062,0.32999999999999985,0.062
0.13045,0.012142,1.4500000000000004,0.32999999999999985,0.062,0.32999999999999985,0.062
0.1305,0.0122965,1.4500000000000004,0.32999999999999985,0.062,0.32999999999999985,0.062
0.13055,0.01241,1.55,0.32999999999999985,0.062,0.32999999999999985,0.062
0.1306,0.012487999999999999,1.550000000000001,0.32999999999999985,0.062,0.32999999999999985,0.062
0.13065000000000002,0.0125325,1.55,0.32999999999999985,0.063,0.32999999999999985,0.063
0.1307,0.012548,1.5499999999999992,0.3199999999999996,0.063,0.3199999999999996,0.063
0.13075,0.0125995,1.55,0.3199999999999996,0.063,0.3199999999999996,0.063
0.1308,0.01266,1.5500000000000005,0.3199999999999996,0.063,0.3199999999999996,0.063
0.13085,0.012712999999999999,1.55,0.3199999999999996,0.063,0.3199999999999996,0.063
0.13090000000000002,0.0127555,1.5000000000000002,0.3199999999999996,0.062,0.3199999999999996,0.062
0.13095,0.012785,1.5500000000000005,0.3199999999999996,0.062,0.3199999999999996,0.062
0.131,0.0127735,1.6000000000000003,0.3199999999999996,0.062,0.3199999999999996,0.062
0.13105,0.012691,1.5999999999999994,0.3199999999999996,0.062,0.3199999999999996,0.062
0.1311,0.012537999999999999,1.5999999999999999,0.3199999999999996,0.061,0.3199999999999996,0.061
0.13115000000000002,0.012369999999999999,1.6000000000000003,0.3199999999999996,0.061,0.3199999999999996,0.061
0.1312,0.012173999999999999,1.5999999999999999,0.3199999999999996,0.061,0.3199999999999996,0.061
0.13125,0.012026,1.6000000000000003,0.3199999999999996,0.060000000000000005,0.3199999999999996,0.060000000000000005
0.1313,0.012024499999999999,1.55,0.32999999999999985,0.060000000000000005,0.32999999999999985,0.060000000000000005
0.13135,0.012036999999999999,1.6000000000000003,0.32999999999999985,0.060000000000000005,0.32999999999999985,0.060000000000000005
0.13140000000000002,0.0120865,1.5499999999999996,0.32999999999999985,0.060000000000000005,0.32999999999999985,0.060000000000000005
0.13145,0.0121415,1.5500000000000005,0.32999999999999985,0.060000000000000005,0.32999999999999985,0.060000000000000005
0.1315,0.0122265,1.55,0.32999999999999985,0.062,0.32999999999999985,0.062
0.13155,0.0123365,1.55,0.3199999999999996,0.062,0.3199999999999996,0.062
0.1316,0.0124225,1.55,0.3199999999999996,0.063,0.3199999999999996,0.063
0.13165000000000002,0.012516999999999999,1.5499999999999998,0.3199999999999996,0.062,0.3199999999999996,0.062
0.1317,0.0124575,1.5000000000000002,0.34999999999999987,0.062,1.3490382396114318,0.062
0.13175,0.011909999999999999,1.3000000000000003,0.37000000000000033,0.062,0.37000000000000033,0.062
0.1318,0.011138,1.2000000000000002,0.3600000000000001,0.063,0.3600000000000001,0.063
0.13185,0.010413,1.1500000000000004,0.3600000000000001,0.067,0.3600000000000001,0.067
0.13190000000000002,0.009829,1.0499999999999998,0.3500000000000003,0.06999999999999998,0.3500000000000003,0.06999999999999999
0.13195,0.009578,0.9000000000000001,0.3500000000000003,0.07200000000000001,0.3500000000000003,0.07200000000000001
0.132,0.009748,0.8499999999999999,0.3400000000000001,0.073,0.3400000000000001,0.073
0.13205,0.0101335,0.9000000000000001,0.3400000000000001,0.074,0.3400000000000001,0.074
0.1321,0.0104745,0.95,0.33000000000000074,0.073,0.33000000000000074,0.073
0.13215000000000002,0.010687,0.9499999999999995,0.3400000000000005,0.07200000000000001,0.3400000000000005,0.07200000000000001
0.1322,0.010825,0.9999999999999998,0.3400000000000005,0.06999999999999998,0.3400000000000005,0.06999999999999999
0.13225,0.010792999999999999,1.0999999999999999,0.3300000000000003,0.067,0.3300000000000003,0.067
0.1323,0.010622,1.2,0.3200000000000005,0.063,0.3200000000000005,0.063
0.13235,0.010653,1.2,0.3400000000000001,0.059,0.3400000000000001,0.059
0.13240000000000002,0.0104735,1.3,0.32999999999999985,0.053,0.32999999999999985,0.053
0.13245,0.010107,1.3499999999999999,0.32999999999999985,0.056,0.32999999999999985,0.056
0.1325,0.009659,1.4000000000000001,0.32999999999999985,0.060000000000000005,0.32999999999999985,0.060000000000000005
0.13255,0.009139,1.45,0.32999999999999985,0.064,0.32999999999999985,0.064
0.1326,0.0086535,1.2500000000000002,0.32000000000000006,0.066,0.32000000000000006,0.066
0.13265000000000002,0.008831499999999999,0.9999999999999998,0.32000000000000006,0.067,0.32000000000000006,0.067
0.1327,0.009372499999999999,0.9500000000000004,0.32000000000000006,0.067,0.32000000000000006,0.067
0.13275,0.0098955,1.0000000000000002,0.32000000000000006,0.066,0.32000000000000006,0.066
0.1328,0.0103115,1.0999999999999999,0.32000000000000006,0.06499999999999999,0.32000000000000006,0.06499999999999999
0.13285,0.0106755,1.1500000000000001,0.32000000000000006,0.064,0.32000000000000006,0.064
0.13290000000000002,0.011084499999999999,1.2,0.32000000000000006,0.063,0.32000000000000006,0.063
0.13295,0.011406,1.2999999999999996,0.32000000000000006,0.063,0.32000000000000006,0.063
0.133,0.011632499999999999,1.3500000000000003,0.32000000000000006,0.062,0.32000000000000006,0.062
0.13305,0.011741999999999999,1.3999999999999997,0.32000000000000006,0.062,0.32000000000000006,0.062
0.1331,0.0117585,1.4499999999999995,0.32000000000000006,0.063,0.32000000000000006,0.063
0.13315000000000002,0.0117325,1.45,0.32000000000000006,0.064,0.32000000000000006,0.064
0.1332,0.0117095,1.4500000000000008,0.32000000000000006,0.064,0.32000000000000006,0.064
0.13325,0.011713999999999999,1.45,0.32000000000000006,0.063,0.32000000000000006,0.063
0.1333,0.0117325,1.3999999999999997,0.32000000000000006,0.063,0.32000000000000006,0.063
0.13335,0.011835,1.4000000000000006,0.3300000000000003,0.063,0.3300000000000003,0.063
0.13340000000000002,0.012025,1.45,0.3300000000000003,0.062,0.3300000000000003,0.062
0.13345,0.012195,1.5000000000000002,0.3300000000000003,0.062,0.3300000000000003,0.062
0.1335,0.012340499999999999,1.5000000000000002,0.3300000000000003,0.061,0.3300000000000003,0.061
0.13355,0.012414,1.4999999999999993,0.3300000000000003,0.062,0.3300000000000003,0.062
0.1336,0.0124475,1.5000000000000002,0.3300000000000003,0.063,0.3300000000000003,0.063
0.13365000000000002,0.012496499999999999,1.550000000000001,0.3300000000000003,0.063,0.3300000000000003,0.063
0.1337,0.0125385,1.55,0.32000000000000006,0.063,0.32000000000000006,0.063
0.13375,0.012572999999999999,1.55,0.32000000000000006,0.063,0.32000000000000006,0.063
0.1338,0.012619,1.5000000000000002,0.32000000000000006,0.063,0.32000000000000006,0.063
0.13385,0.012652499999999999,1.5000000000000002,0.32000000000000006,0.062,0.32000000000000006,0.062
0.13390000000000002,0.012706499999999999,1.550000000000001,0.32000000000000006,0.062,0.32000000000000006,0.062
0.13395,0.012709499999999999,1.55,0.32000000000000006,0.062,0.32000000000000006,0.062
0.134,0.012627999999999999,1.5999999999999999,0.32000000000000006,0.062,0.32000000000000006,0.062
0.13405,0.012487999999999999,1.5999999999999999,0.32000000000000006,0.061,0.32000000000000006,0.061
0.1341,0.0123045,1.6000000000000008,0.32000000000000006,0.061,0.32000000000000006,0.061
0.13415000000000002,0.012142,1.599999999999999,0.32000000000000006,0.061,0.32000000000000006,0.061
0.1342,0.011982,1.5999999999999999,0.32000000000000006,0.060000000000000005,0.32000000000000006,0.060000000000000005
0.13425,0.011961999999999999,1.550000000000001,0.3300000000000003,0.060000000000000005,0.3300000000000003,0.060000000000000005
0.1343,0.0119945,1.5999999999999999,0.3300000000000003,0.060000000000000005,0.3300000000000003,0.060000000000000005
0.13435,0.0120275,1.550000000000001,0.3300000000000003,0.059,0.3300000000000003,0.059
0.13440000000000002,0.012074999999999999,1.6000000000000008,0.3300000000000003,0.060000000000000005,0.3300000000000003,0.060000000000000005
0.13445000000000001,0.012177499999999999,1.5499999999999992,0.32000000000000006,0.061,0.32000000000000006,0.061
0.1345,0.012255499999999999,1.55,0.32000000000000006,0.062,0.32000000000000006,0.062
0.13455,0.012338,1.4999999999999993,0.32000000000000006,0.062,0.32000000000000006,0.062
0.1346,0.012431,1.55,0.32000000000000006,0.062,0.32000000000000006,0.062
0.13465000000000002,0.012317499999999999,1.4500000000000013,0.3600000000000001,0.062,1.3124356716539958,0.062
0.13470000000000001,0.011736499999999999,1.3,0.3600000000000001,0.061,0.3600000000000001,0.061
0.13475,0.010962,1.1999999999999995,0.3600000000000001,0.063,0.3600000000000001,0.063
0.1348,0.010251,1.1000000000000008,0.34999999999999987,0.068,0.34999999999999987,0.068
0.13485,0.009823,1.0000000000000002,0.34999999999999987,0.07100000000000001,0.34999999999999987,0.07100000000000001
0.13490000000000002,0.0097445,0.8999999999999997,0.3400000000000001,0.07200000000000001,0.3400000000000001,0.07200000000000001
0.13495000000000001,0.0100635,0.8999999999999997,0.3400000000000001,0.073,0.3400000000000001,0.073
0.135,0.010487999999999999,0.9500000000000004,0.32999999999999985,0.073,0.32999999999999985,0.073
0.13505,0.010797,0.9500000000000004,0.32999999999999985,0.07200000000000001,0.32999999999999985,0.07200000000000001
0.1351,0.0110175,1.050000000000001,0.32000000000000006,0.07100000000000001,0.32000000000000006,0.07100000000000001
0.13515000000000002,0.0110565,1.0999999999999999,0.32000000000000006,0.068,0.32000000000000006,0.068
0.13520000000000001,0.011201,1.2000000000000004,0.32999999999999985,0.06499999999999999,0.32999999999999985,0.06499999999999999
0.13525,0.011301499999999999,1.2500000000000002,0.3400000000000001,0.061,0.3400000000000001,0.061
0.1353,0.011236999999999999,1.349999999999999,0.3300000000000003,0.056,0.3300000000000003,0.054
0.13535,0.011007999999999999,1.4499999999999995,0.3300000000000003,0.059,0.3300000000000003,0.059
0.13540000000000002,0.0106345,1.5000000000000002,0.3300000000000003,0.062,0.3300000000000003,0.062
0.13545000000000001,0.010144499999999999,1.55,0.3300000000000003,0.064,0.3300000000000003,0.064
0.1355,0.009578999999999999,1.5999999999999999,0.32000000000000006,0.06499999999999999,0.32000000000000006,0.06499999999999999
0.13555,0.009819999999999999,1.05,0.32000000000000006,0.06499999999999999,0.32000000000000006,0.06499999999999999
0.1356,0.0103615,1.0999999999999999,0.32000000000000006,0.06499999999999999,0.32000000000000006,0.06499999999999999
0.13565,0.0108515,1.1499999999999988,0.32000000000000006,0.063,0.32000000000000006,0.063
0.13570000000000002,0.011365499999999999,1.1999999999999995,0.32000000000000006,0.062,0.32000000000000006,0.062
0.13575,0.0118135,1.3499999999999999,0.32000000000000006,0.062,0.32000000000000006,0.062
0.1358,0.012144,1.4000000000000006,0.32000000000000006,0.061,0.32000000000000006,0.061
0.13585,0.012320999999999999,1.4499999999999995,0.32000000000000006,0.061,0.32000000000000006,0.061
0.1359,0.0123705,1.5000000000000002,0.32000000000000006,0.063,0.32000000000000006,0.063
0.13595000000000002,0.012339,1.55,0.32000000000000006,0.063,0.32000000000000006,0.063
0.136,0.012277999999999999,1.550000000000001,0.32000000000000006,0.063,0.32000000000000006,0.063
0.13605,0.0122435,1.55,0.32000000000000006,0.063,0.32000000000000006,0.063
0.1361,0.0123345,1.4999999999999993,0.32999999999999985,0.063,0.32999999999999985,0.063
0.13615,0.012516,1.55,0.32999999999999985,0.062,0.32999999999999985,0.062
0.13620000000000002,0.0127365,1.5000000000000002,0.32999999999999985,0.062,0.32999999999999985,0.062
0.13625,0.0129255,1.55,0.32999999999999985,0.061,0.32999999999999985,0.061
0.1363,0.0130475,1.5999999999999999,0.32999999999999985,0.062,0.32999999999999985,0.062
0.13635,0.013106999999999999,1.5999999999999999,0.32999999999999985,0.063,0.32999999999999985,0.063
0.1364,0.0130865,1.5999999999999999,0.32999999999999985,0.063,0.32999999999999985,0.063
0.13645000000000002,0.013104,1.6499999999999997,0.32000000000000006,0.063,0.32000000000000006,0.063
0.1365,0.013127,1.6000000000000003,0.32000000000000006,0.063,0.32000000000000006,0.063
0.13655,0.013124,1.5999999999999999,0.32000000000000006,0.062,0.32000000000000006,0.062
0.1366,0.01317,1.6000000000000003,0.32000000000000006,0.062,0.32000000000000006,0.062
0.13665,0.013195,1.6000000000000003,0.32000000000000006,0.062,0.32000000000000006,0.062
0.13670000000000002,0.013176499999999999,1.6500000000000001,0.32000000000000006,0.061,0.32000000000000006,0.061
0.13675,0.013070499999999999,1.6499999999999997,0.32000000000000006,0.061,0.32000000000000006,0.061
0.1368,0.012901,1.6499999999999997,0.32000000000000006,0.061,0.32000000000000006,0.061
0.13685,0.0126935,1.7,0.32000000000000006,0.060000000000000005,0.32000000000000006,0.060000000000000005
0.1369,0.012568,1.6500000000000001,0.32000000000000006,0.060000000000000005,0.32000000000000006,0.060000000000000005
0.13695000000000002,0.012517499999999999,1.7000000000000004,0.32999999999999985,0.060000000000000005,0.32999999999999985,0.060000000000000005
0.137,0.0125115,1.6499999999999997,0.32999999999999985,0.059,0.32999999999999985,0.059
0.13705,0.012504,1.6000000000000003,0.32999999999999985,0.059,0.32999999999999985,0.059
0.1371,0.0125775,1.6500000000000001,0.32999999999999985,0.061,0.32999999999999985,0.061
0.13715,0.012631,1.5999999999999999,0.32000000000000006,0.062,0.32000000000000006,0.062
0.13720000000000002,0.012709,1.5999999999999999,0.32000000000000006,0.063,0.32000000000000006,0.063
0.13725,0.012784499999999999,1.5999999999999999,0.32000000000000006,0.063,0.32000000000000006,0.063
0.1373,0.012723499999999999,1.4999999999999998,0.3400000000000001,0.062,1.3840382273723624,0.062
0.13735,0.0121815,1.3499999999999999,0.35999999999999965,0.062,0.35999999999999965,0.062
0.1374,0.0113455,1.2499999999999998,0.36000000000000054,0.062,0.36000000000000054,0.062
0.13745000000000002,0.010525999999999999,1.1499999999999997,0.36000000000000054,0.067,0.36000000000000054,0.067
0.1375,0.0099375,1.05,0.3500000000000003,0.06999999999999998,0.3500000000000003,0.06999999999999999
0.13755,0.009596499999999999,0.95,0.3500000000000003,0.07200000000000001,0.3500000000000003,0.07200000000000001
0.1376,0.0095525,0.8999999999999997,0.3500000000000003,0.073,0.3500000000000003,0.073
0.13765,0.0097755,0.8999999999999997,0.3400000000000001,0.073,0.3400000000000001,0.073
0.13770000000000002,0.0100345,0.9000000000000001,0.3400000000000001,0.073,0.3400000000000001,0.073
0.13775,0.010232,0.9500000000000004,0.3300000000000003,0.07100000000000001,0.3300000000000003,0.07100000000000001
0.1378,0.010308,1.0000000000000002,0.3300000000000003,0.06899999999999999,0.3300000000000003,0.06899999999999999
0.13785,0.010177499999999999,1.05,0.32000000000000006,0.066,0.32000000000000006,0.066
0.1379,0.0099655,1.0999999999999999,0.32000000000000006,0.063,0.32000000000000006,0.063
0.13795000000000002,0.009887499999999999,1.1499999999999997,0.3300000000000003,0.058,0.3300000000000003,0.058
0.138,0.009576999999999999,1.2499999999999998,0.3400000000000001,0.052,0.3400000000000001,0.052
0.13805,0.0091325,1.2499999999999998,0.3400000000000001,0.055,0.3400000000000001,0.055
0.1381,0.0085515,1.3500000000000003,0.32999999999999985,0.059,0.32999999999999985,0.059
0.13815,0.007958,1.3500000000000003,0.32999999999999985,0.063,0.32999999999999985,0.063
0.13820000000000002,0.007467499999999999,1.05,0.32999999999999985,0.06499999999999999,0.32999999999999985,0.06499999999999999
0.13825,0.007685,0.8500000000000003,0.32999999999999985,0.067,0.32999999999999985,0.067
0.1383,0.0081475,0.7999999999999996,0.32000000000000006,0.068,0.32000000000000006,0.068
0.13835,0.0086185,0.8999999999999997,0.32000000000000006,0.068,0.32000000000000006,0.068
0.1384,0.009030999999999999,0.9000000000000001,0.32000000000000006,0.067,0.32000000000000006,0.067
0.13845000000000002,0.009363,0.95,0.32000000000000006,0.067,0.32000000000000006,0.067
0.1385,0.00964,1.0000000000000007,0.32000000000000006,0.066,0.32000000000000006,0.066
0.13855,0.009797,1.0500000000000005,0.32000000000000006,0.06499999999999999,0.32000000000000006,0.06499999999999999
0.1386,0.010119,1.0999999999999999,0.32000000000000006,0.064,0.32000000000000006,0.064
0.13865,0.010362999999999999,1.1499999999999997,0.32000000000000006,0.064,0.32000000000000006,0.064
0.13870000000000002,0.010534,1.2500000000000002,0.32000000000000006,0.063,0.32000000000000006,0.063
0.13875,0.010631,1.2500000000000002,0.32000000000000006,0.063,0.32000000000000006,0.063
0.1388,0.0106765,1.2499999999999998,0.32000000000000006,0.063,0.32000000000000006,0.063
0.13885,0.010694,1.3000000000000005,0.32000000000000006,0.064,0.32000000000000006,0.064
0.1389,0.010714,1.2999999999999996,0.32000000000000006,0.064,0.32000000000000006,0.064
0.13895000000000002,0.010714,1.2500000000000007,0.32000000000000006,0.063,0.32000000000000006,0.063
0.139,0.0107165,1.2500000000000002,0.32000000000000006,0.063,0.32000000000000006,0.063
0.13905,0.010746499999999999,1.3,0.32000000000000006,0.063,0.32000000000000006,0.063
0.1391,0.010815499999999999,1.3000000000000005,0.3300000000000003,0.062,0.3300000000000003,0.062
0.13915,0.010962,1.3,0.3300000000000003,0.062,0.3300000000000003,0.062
0.13920000000000002,0.011089499999999999,1.3499999999999999,0.3300000000000003,0.062,0.3300000000000003,0.062
0.13925,0.011191999999999999,1.3499999999999999,0.3300000000000003,0.061,0.3300000000000003,0.061
0.1393,0.0112675,1.3999999999999997,0.3300000000000003,0.062,0.3300000000000003,0.062
0.13935,0.0113475,1.3999999999999997,0.3300000000000003,0.063,0.3300000000000003,0.063
0.1394,0.011413,1.3999999999999997,0.32000000000000006,0.063,0.32000000000000006,0.063
0.13945000000000002,0.011489,1.4000000000000006,0.32000000000000006,0.063,0.32000000000000006,0.063
0.1395,0.0115595,1.4000000000000006,0.32000000000000006,0.063,0.32000000000000006,0.063
0.13955,0.01163,1.3999999999999997,0.32000000000000006,0.063,0.32000000000000006,0.063
0.1396,0.0116905,1.4000000000000006,0.32000000000000006,0.062,0.32000000000000006,0.062
0.13965,0.011751,1.4000000000000006,0.32000000000000006,0.062,0.32000000000000006,0.062
0.13970000000000002,0.011732999999999999,1.3999999999999997,0.32000000000000006,0.062,0.32000000000000006,0.062
0.13975,0.0116755,1.4500000000000004,0.32000000000000006,0.062,0.32000000000000006,0.062
0.1398,0.011561499999999999,1.4500000000000004,0.32000000000000006,0.061,0.32000000000000006,0.061
0.13985,0.011424,1.4499999999999995,0.32000000000000006,0.061,0.32000000000000006,0.061
0.1399,0.011262999999999999,1.4500000000000004,0.32000000000000006,0.061,0.32000000000000006,0.061
0.13995000000000002,0.0110925,1.4500000000000004,0.32000000000000006,0.060000000000000005,0.32000000000000006,0.060000000000000005
0.14,0.010957999999999999,1.4499999999999995,0.32000000000000006,0.060000000000000005,0.32000000000000006,0.060000000000000005
0.14005,0.0110005,1.4500000000000004,0.3300000000000003,0.060000000000000005,0.3300000000000003,0.060000000000000005
0.1401,0.011051,1.4500000000000004,0.3300000000000003,0.060000000000000005,0.3300000000000003,0.060000000000000005
0.14015,0.011124499999999999,1.4500000000000004,0.3300000000000003,0.059,0.3300000000000003,0.059
0.14020000000000002,0.011229,1.4500000000000004,0.3300000000000003,0.060000000000000005,0.3300000000000003,0.060000000000000005
0.14025,0.0113265,1.3999999999999997,0.32000000000000006,0.061,0.32000000000000006,0.061
0.1403,0.0114615,1.4499999999999995,0.32000000000000006,0.062,0.32000000000000006,0.062
0.14035,0.011581,1.4500000000000004,0.32000000000000006,0.062,0.32000000000000006,0.062
0.1404,0.0116925,1.4499999999999995,0.32000000000000006,0.062,0.32000000000000006,0.062
0.14045000000000002,0.011686499999999999,1.3500000000000008,0.34999999999999987,0.062,1.2491344034112217,0.062
0.1405,0.011332,1.2500000000000002,0.3699999999999999,0.061,0.3699999999999999,0.061
0.14055,0.0106695,1.2000000000000004,0.37000000000000033,0.062,0.37000000000000033,0.062
0.1406,0.0101175,1.0499999999999992,0.37000000000000033,0.067,0.37000000000000033,0.067
0.14065,0.009817,1.0000000000000002,0.36000000000000054,0.06999999999999998,0.36000000000000054,0.06999999999999999
0.14070000000000002,0.009847,0.8999999999999997,0.36000000000000054,0.07200000000000001,0.36000000000000054,0.07200000000000001
0.14075000000000001,0.010287,0.8999999999999997,0.3500000000000003,0.074,0.3500000000000003,0.074
0.1408,0.010808,0.9000000000000006,0.3500000000000003,0.074,0.3500000000000003,0.074
0.14085,0.011307,0.9500000000000004,0.3400000000000005,0.073,0.3400000000000005,0.073
0.1409,0.011689,1.05,0.3400000000000005,0.07200000000000001,0.3400000000000005,0.07200000000000001
0.14095000000000002,0.011817,1.1499999999999997,0.3300000000000003,0.06999999999999998,0.3300000000000003,0.06999999999999999
0.14100000000000001,0.0116755,1.2000000000000004,0.3300000000000003,0.067,0.3300000000000003,0.067
0.14105,0.011508,1.3,0.32999999999999896,0.063,0.32999999999999896,0.063
0.1411,0.011436499999999999,1.3499999999999999,0.32999999999999985,0.059,0.32999999999999985,0.057
0.14115,0.011082,1.4500000000000004,0.32999999999999985,0.053,0.32999999999999985,0.051
0.14120000000000002,0.0106415,1.5000000000000002,0.32999999999999985,0.056,0.32999999999999985,0.056
0.14125000000000001,0.0100295,1.5499999999999992,0.32999999999999985,0.060000000000000005,0.32999999999999985,0.060000000000000005
0.1413,0.009321,1.6499999999999997,0.32000000000000006,0.063,0.32000000000000006,0.063
0.14135,0.0087755,1.2500000000000002,0.32000000000000006,0.06499999999999999,0.32000000000000006,0.06499999999999999
0.1414,0.0092585,0.9999999999999993,0.32000000000000006,0.066,0.32000000000000006,0.066
0.14145000000000002,0.009909,1.05,0.32000000000000006,0.06499999999999999,0.32000000000000006,0.06499999999999999
0.14150000000000001,0.010510499999999999,1.1000000000000008,0.32000000000000006,0.06499999999999999,0.32000000000000006,0.06499999999999999
0.14155,0.0109695,1.1499999999999997,0.32000000000000006,0.064,0.32000000000000006,0.064
0.1416,0.011311,1.2499999999999993,0.32000000000000006,0.063,0.32000000000000006,0.063
0.14165,0.011719499999999999,1.3,0.32000000000000006,0.062,0.32000000000000006,0.062
0.14170000000000002,0.0119975,1.3500000000000008,0.32999999999999985,0.062,0.32999999999999985,0.062
0.14175000000000001,0.012164,1.4500000000000004,0.32999999999999985,0.061,0.32999999999999985,0.061
0.1418,0.012234,1.55,0.32999999999999985,0.061,0.32999999999999985,0.061
0.14185,0.012221,1.550000000000001,0.32999999999999985,0.063,0.32999999999999985,0.063
0.1419,0.01217,1.55,0.32999999999999985,0.064,0.32999999999999985,0.064
0.14195000000000002,0.012187499999999999,1.5000000000000002,0.32000000000000006,0.064,0.32000000000000006,0.064
0.14200000000000002,0.012211999999999999,1.5000000000000002,0.32999999999999985,0.063,0.32999999999999985,0.063
0.14205,0.0122475,1.4499999999999995,0.32999999999999985,0.063,0.32999999999999985,0.063
0.1421,0.0123095,1.5000000000000002,0.32999999999999985,0.062,0.32999999999999985,0.062
0.14215,0.012509,1.5000000000000002,0.32999999999999985,0.062,0.32999999999999985,0.062
0.1422,0.0126915,1.4999999999999993,0.32999999999999985,0.062,0.32999999999999985,0.062
0.14225000000000002,0.0128195,1.5999999999999999,0.32999999999999985,0.061,0.32999999999999985,0.061
0.1423,0.0129115,1.6000000000000003,0.32999999999999985,0.061,0.32999999999999985,0.061
0.14235,0.012924,1.5999999999999999,0.32999999999999985,0.062,0.32999999999999985,0.062
0.1424,0.0129205,1.6500000000000001,0.32999999999999985,0.063,0.32999999999999985,0.063
0.14245,0.01295,1.6000000000000003,0.32000000000000006,0.063,0.32000000000000006,0.063
0.14250000000000002,0.0129865,1.6000000000000003,0.32000000000000006,0.063,0.32000000000000006,0.063
0.14255,0.013026,1.6000000000000008,0.32000000000000006,0.063,0.32000000000000006,0.063
0.1426,0.013174,1.5999999999999999,0.32999999999999985,0.063,0.32999999999999985,0.063
0.14265,0.0133715,1.5499999999999996,0.32999999999999985,0.062,0.32999999999999985,0.062
0.1427,0.0135835,1.6000000000000003,0.32999999999999985,0.062,0.32999999999999985,0.062
0.14275000000000002,0.0137475,1.6500000000000001,0.32999999999999985,0.062,0.32999999999999985,0.062
0.1428,0.013811499999999999,1.6999999999999995,0.32999999999999985,0.062,0.32999999999999985,0.062
0.14285,0.013856499999999999,1.7,0.32999999999999985,0.063,0.32999999999999985,0.063
0.1429,0.013833499999999999,1.7500000000000007,0.32999999999999985,0.064,0.32999999999999985,0.064
0.14295,0.013826499999999999,1.7,0.32000000000000006,0.063,0.32000000000000006,0.063
0.14300000000000002,0.0137855,1.6500000000000001,0.32000000000000006,0.063,0.32000000000000006,0.063
0.14305,0.0136905,1.6500000000000001,0.33999999999999964,0.062,1.3840382273723657,0.062
0.1431,0.013113,1.5000000000000002,0.37000000000000033,0.062,0.37000000000000033,0.062
0.14315,0.012140999999999999,1.3499999999999999,0.36000000000000054,0.061,0.36000000000000054,0.061
0.1432,0.011308499999999999,1.2499999999999998,0.36000000000000054,0.066,0.36000000000000054,0.066
0.14325000000000002,0.0106275,1.1499999999999997,0.3500000000000003,0.06899999999999999,0.3500000000000003,0.06899999999999999
0.1433,0.0102095,1.05,0.3400000000000005,0.07200000000000001,0.3400000000000005,0.07200000000000001
0.14335,0.010258,0.95,0.3400000000000005,0.073,0.3400000000000005,0.073
0.1434,0.010709999999999999,0.95,0.3300000000000003,0.074,0.3300000000000003,0.074
0.14345,0.0111655,1.0000000000000002,0.3300000000000003,0.073,0.3300000000000003,0.073
0.14350000000000002,0.011491,1.05,0.3300000000000003,0.07100000000000001,0.3300000000000003,0.07100000000000001
0.14355,0.0115935,1.1500000000000001,0.3200000000000005,0.06899999999999999,0.3200000000000005,0.06899999999999999
0.1436,0.0115115,1.2,0.3200000000000005,0.066,0.3200000000000005,0.066
0.14365,0.011431499999999999,1.3000000000000005,0.32999999999999985,0.062,0.32999999999999985,0.062
0.1437,0.0113875,1.4000000000000001,0.33999999999999964,0.058,0.33999999999999964,0.056
0.14375000000000002,0.0111255,1.45,0.32999999999999985,0.052,0.32999999999999985,0.052
0.1438,0.010751,1.55,0.32999999999999985,0.058,0.32999999999999985,0.058
0.14385,0.0102355,1.6000000000000003,0.32999999999999985,0.062,0.32999999999999985,0.062
0.1439,0.009616999999999999,1.6500000000000001,0.32999999999999985,0.064,0.32999999999999985,0.064
0.14395,0.009398,1.2000000000000004,0.32999999999999985,0.066,0.32999999999999985,0.066
0.14400000000000002,0.009878999999999999,1.05,0.3199999999999996,0.066,0.3199999999999996,0.066
0.14405,0.010503,1.0999999999999999,0.3199999999999996,0.066,0.3199999999999996,0.066
0.1441,0.011039499999999999,1.1500000000000001,0.3199999999999996,0.06499999999999999,0.3199999999999996,0.06499999999999999
0.14415,0.011457499999999999,1.2499999999999998,0.3199999999999996,0.064,0.3199999999999996,0.064
0.1442,0.0119095,1.2999999999999996,0.3199999999999996,0.063,0.3199999999999996,0.063
0.14425000000000002,0.012246,1.3500000000000003,0.3199999999999996,0.062,0.3199999999999996,0.062
0.1443,0.0124725,1.4500000000000008,0.3199999999999996,0.061,0.3199999999999996,0.061
0.14435,0.012575,1.55,0.3199999999999996,0.061,0.3199999999999996,0.061
0.1444,0.0125615,1.6000000000000003,0.3199999999999996,0.062,0.3199999999999996,0.062
0.14445,0.012482499999999999,1.6000000000000003,0.3199999999999996,0.063,0.3199999999999996,0.063
0.14450000000000002,0.0123985,1.55,0.3199999999999996,0.063,0.3199999999999996,0.063
0.14455,0.012364499999999999,1.5000000000000002,0.3199999999999996,0.063,0.3199999999999996,0.063
0.1446,0.012362999999999999,1.55,0.3199999999999996,0.063,0.3199999999999996,0.063
0.14465,0.012416499999999999,1.4999999999999993,0.3199999999999996,0.062,0.3199999999999996,0.062
0.1447,0.012614499999999999,1.5000000000000002,0.3300000000000003,0.062,0.3300000000000003,0.062
0.14475000000000002,0.0128115,1.5499999999999992,0.3300000000000003,0.062,0.3300000000000003,0.062
0.1448,0.0129625,1.55,0.3300000000000003,0.061,0.3300000000000003,0.061
0.14485,0.013056499999999999,1.6000000000000008,0.3300000000000003,0.061,0.3300000000000003,0.061
0.1449,0.013097,1.6500000000000006,0.3300000000000003,0.063,0.3300000000000003,0.063
0.14495,0.013122,1.6499999999999997,0.3300000000000003,0.063,0.3300000000000003,0.063
0.14500000000000002,0.013125999999999999,1.6000000000000008,0.3300000000000003,0.063,0.3300000000000003,0.063
0.14505,0.0131615,1.6499999999999997,0.32000000000000006,0.063,0.32000000000000006,0.063
0.1451,0.0132055,1.5999999999999999,0.32000000000000006,0.063,0.32000000000000006,0.063
0.14515,0.0133735,1.6500000000000006,0.3300000000000003,0.062,0.3300000000000003,0.062
0.1452,0.013578499999999999,1.599999999999999,0.3300000000000003,0.062,0.3300000000000003,0.062
0.14525000000000002,0.013739999999999999,1.6500000000000006,0.3300000000000003,0.062,0.3300000000000003,0.062
0.1453,0.013868,1.7000000000000004,0.3300000000000003,0.062,0.3300000000000003,0.062
0.14535,0.013899,1.7500000000000002,0.3300000000000003,0.062,0.3300000000000003,0.062
0.1454,0.013899,1.7500000000000002,0.3300000000000003,0.063,0.3300000000000003,0.063
0.14545,0.013864,1.7000000000000013,0.32000000000000006,0.063,0.32000000000000006,0.063
0.14550000000000002,0.0138275,1.7000000000000004,0.32000000000000006,0.063,0.32000000000000006,0.063
0.14555,0.013731499999999999,1.6999999999999995,0.32999999999999896,0.062,1.3690382326176813,0.062
0.1456,0.0132365,1.55,0.3699999999999999,0.062,0.3699999999999999,0.062
0.14565,0.012277,1.3499999999999999,0.35999999999999965,0.062,0.35999999999999965,0.062
0.1457,0.0114075,1.2499999999999993,0.35999999999999965,0.066,0.35999999999999965,0.066
0.14575000000000002,0.0106625,1.1500000000000006,0.35999999999999965,0.06999999999999998,0.35999999999999965,0.06999999999999999
0.1458,0.0101505,1.05,0.35999999999999965,0.07200000000000001,0.35999999999999965,0.07200000000000001
0.14585,0.010064,0.8999999999999997,0.3499999999999994,0.074,0.3499999999999994,0.074
0.1459,0.010447,0.8999999999999997,0.3499999999999994,0.075,0.3499999999999994,0.075
0.14595,0.01094,0.9500000000000004,0.3400000000000001,0.074,0.3400000000000001,0.074
0.14600000000000002,0.0113215,1.0000000000000002,0.3400000000000001,0.074,0.3400000000000001,0.074
0.14605,0.011531999999999999,1.05,0.32999999999999985,0.07200000000000001,0.32999999999999985,0.07200000000000001
0.1461,0.0116785,1.0999999999999999,0.32999999999999985,0.06999999999999998,0.32999999999999985,0.06999999999999999
0.14615,0.011597999999999999,1.1499999999999988,0.32999999999999985,0.067,0.32999999999999985,0.067
0.1462,0.011495,1.2499999999999993,0.3300000000000003,0.063,0.3300000000000003,0.063
0.14625000000000002,0.011508,1.3,0.3400000000000001,0.058,0.3400000000000001,0.058
0.1463,0.011363999999999999,1.3999999999999997,0.3300000000000003,0.053,0.3300000000000003,0.053
0.14635,0.011051499999999999,1.4500000000000004,0.3300000000000003,0.058,0.3300000000000003,0.058
0.1464,0.010659,1.550000000000001,0.3300000000000003,0.062,0.3300000000000003,0.062
0.14645,0.010132,1.5999999999999999,0.3300000000000003,0.064,0.3300000000000003,0.064
0.14650000000000002,0.009764499999999999,1.3,0.32000000000000006,0.066,0.32000000000000006,0.066
0.14655,0.010045,1.0999999999999999,0.32000000000000006,0.066,0.32000000000000006,0.066
0.1466,0.0105895,1.1000000000000008,0.32000000000000006,0.066,0.32000000000000006,0.066
0.14665,0.011101999999999999,1.1499999999999997,0.32000000000000006,0.06499999999999999,0.32000000000000006,0.06499999999999999
0.1467,0.011512999999999999,1.1999999999999995,0.32000000000000006,0.064,0.32000000000000006,0.064
0.14675000000000002,0.011949,1.3,0.32000000000000006,0.063,0.32000000000000006,0.063
0.1468,0.0123325,1.4000000000000006,0.32000000000000006,0.062,0.32000000000000006,0.062
0.14685,0.012558,1.4499999999999995,0.32000000000000006,0.062,0.32000000000000006,0.062
0.1469,0.012679,1.5000000000000002,0.32000000000000006,0.061,0.32000000000000006,0.061
0.14695,0.0126705,1.550000000000001,0.32000000000000006,0.063,0.32000000000000006,0.063
0.14700000000000002,0.0125785,1.55,0.32000000000000006,0.063,0.32000000000000006,0.063
0.14705000000000001,0.012506,1.6000000000000008,0.32000000000000006,0.064,0.32000000000000006,0.064
0.1471,0.01247,1.55,0.32000000000000006,0.063,0.32000000000000006,0.063
0.14715,0.012454999999999999,1.55,0.32000000000000006,0.063,0.32000000000000006,0.063
0.1472,0.012515499999999999,1.5000000000000002,0.32999999999999985,0.062,0.32999999999999985,0.062
0.14725000000000002,0.012717,1.55,0.32999999999999985,0.062,0.32999999999999985,0.062
0.14730000000000001,0.0129065,1.5499999999999992,0.32999999999999985,0.062,0.32999999999999985,0.062
0.14735,0.0130225,1.5999999999999999,0.32999999999999985,0.061,0.32999999999999985,0.061
0.1474,0.013103499999999999,1.6500000000000001,0.32999999999999985,0.062,0.32999999999999985,0.062
0.14745,0.0131285,1.6499999999999997,0.32999999999999985,0.063,0.32999999999999985,0.063
0.14750000000000002,0.0131205,1.6500000000000001,0.32999999999999985,0.063,0.32999999999999985,0.063
0.14755000000000001,0.0131425,1.6500000000000006,0.32999999999999985,0.063,0.32999999999999985,0.063
0.1476,0.013181,1.6000000000000003,0.32000000000000006,0.063,0.32000000000000006,0.063
0.14765,0.0132775,1.6500000000000006,0.32999999999999985,0.063,0.32999999999999985,0.063
0.1477,0.013467,1.6000000000000003,0.32999999999999985,0.062,0.32999999999999985,0.062
0.14775000000000002,0.0136495,1.6499999999999997,0.32999999999999985,0.062,0.32999999999999985,0.062
0.14780000000000001,0.013817999999999999,1.6500000000000001,0.32999999999999985,0.062,0.32999999999999985,0.062
0.14785,0.0138975,1.7000000000000004,0.32999999999999985,0.062,0.32999999999999985,0.062
0.1479,0.013937999999999999,1.7,0.32999999999999985,0.063,0.32999999999999985,0.063
0.14795,0.013908,1.7,0.32999999999999985,0.063,0.32999999999999985,0.063
0.14800000000000002,0.013880499999999999,1.7,0.32000000000000006,0.063,0.32000000000000006,0.063
0.14805000000000001,0.0138085,1.7000000000000004,0.32000000000000006,0.063,0.32000000000000006,0.063
0.1481,0.0135045,1.5999999999999999,0.36999999999999944,0.062,0.36999999999999944,0.062
0.14815,0.0125905,1.4500000000000004,0.35999999999999965,0.062,0.35999999999999965,0.062
0.1482,0.011668,1.3000000000000005,0.35999999999999965,0.064,0.35999999999999965,0.064
0.14825000000000002,0.010831,1.2,0.35999999999999965,0.068,0.35999999999999965,0.068
0.14830000000000002,0.010222499999999999,1.1000000000000003,0.34999999999999987,0.07100000000000001,0.34999999999999987,0.07100000000000001
0.14835,0.0099845,0.95,0.34999999999999987,0.073,0.34999999999999987,0.073
0.1484,0.010241,0.9000000000000001,0.33999999999999964,0.074,0.33999999999999964,0.074
0.14845,0.0106445,0.95,0.33999999999999964,0.073,0.33999999999999964,0.073
0.14850000000000002,0.010966,0.9999999999999998,0.32999999999999985,0.073,0.32999999999999985,0.073
0.14855000000000002,0.011177999999999999,1.0000000000000002,0.32999999999999985,0.07100000000000001,0.32999999999999985,0.07100000000000001
0.1486,0.011268,1.0999999999999999,0.3199999999999996,0.06899999999999999,0.3199999999999996,0.06899999999999999
0.14865,0.0111195,1.1500000000000001,0.3199999999999996,0.06499999999999999,0.3199999999999996,0.06499999999999999
0.1487,0.0110315,1.2500000000000002,0.3300000000000003,0.061,0.3300000000000003,0.061
0.14875,0.010976,1.3000000000000005,0.3400000000000001,0.056,0.3400000000000001,0.056
0.14880000000000002,0.010712,1.4000000000000001,0.3299999999999994,0.053,0.3299999999999994,0.053
0.14885,0.0103115,1.45,0.3299999999999994,0.058,0.3299999999999994,0.058
0.1489,0.0097995,1.55,0.3299999999999994,0.062,0.3299999999999994,0.062
0.14895,0.0092105,1.5500000000000005,0.3299999999999994,0.06499999999999999,0.3299999999999994,0.06499999999999999
0.149,0.009089,1.1500000000000001,0.3299999999999994,0.066,0.3299999999999994,0.066
0.14905000000000002,0.0095725,1.0000000000000002,0.3200000000000005,0.066,0.3200000000000005,0.066
0.1491,0.010161,1.0499999999999996,0.3200000000000005,0.066,0.3200000000000005,0.066
0.14915,0.0106865,1.1000000000000003,0.3200000000000005,0.06499999999999999,0.3200000000000005,0.06499999999999999
0.1492,0.011072499999999999,1.1500000000000001,0.3200000000000005,0.064,0.3200000000000005,0.064
0.14925,0.011472,1.2499999999999998,0.3200000000000005,0.063,0.3200000000000005,0.063
0.14930000000000002,0.011831,1.3,0.3200000000000005,0.062,0.3200000000000005,0.062
0.14935,0.012065999999999999,1.3999999999999992,0.3200000000000005,0.062,0.3200000000000005,0.062
0.1494,0.012187499999999999,1.45,0.3200000000000005,0.061,0.3200000000000005,0.061
0.14945,0.0122195,1.5000000000000007,0.3200000000000005,0.063,0.3200000000000005,0.063
0.1495,0.012164,1.55,0.3200000000000005,0.064,0.3200000000000005,0.064
0.14955000000000002,0.0120995,1.4999999999999998,0.3200000000000005,0.064,0.3200000000000005,0.064
0.1496,0.012067,1.5000000000000002,0.3200000000000005,0.064,0.3200000000000005,0.064
0.14965,0.0120895,1.4499999999999995,0.3200000000000005,0.063,0.3200000000000005,0.063
0.1497,0.0121315,1.4499999999999995,0.3200000000000005,0.063,0.3200000000000005,0.063
0.14975,0.012357,1.5000000000000002,0.3300000000000003,0.062,0.3300000000000003,0.062
0.14980000000000002,0.0125845,1.5000000000000002,0.3300000000000003,0.062,0.3300000000000003,0.062
0.14985,0.012742999999999999,1.5000000000000002,0.3300000000000003,0.062,0.3300000000000003,0.062
0.1499,0.012850499999999999,1.6000000000000008,0.3300000000000003,0.062,0.3300000000000003,0.062
0.14995,0.0128855,1.6000000000000008,0.3300000000000003,0.063,0.3300000000000003,0.063
0.15,0.0128995,1.5999999999999999,0.3300000000000003,0.063,0.3300000000000003,0.063
0.15005000000000002,0.012889999999999999,1.6000000000000008,0.3300000000000003,0.063,0.3300000000000003,0.063
0.1501,0.012926499999999999,1.6000000000000008,0.3300000000000003,0.063,0.3300000000000003,0.063
0.15015,0.012952499999999999,1.599999999999999,0.3199999999999996,0.063,0.3199999999999996,0.063
0.1502,0.01311,1.5999999999999999,0.3300000000000003,0.062,0.3300000000000003,0.062
0.15025,0.013297999999999999,1.5999999999999999,0.3300000000000003,0.062,0.3300000000000003,0.062
0.15030000000000002,0.013436,1.5999999999999999,0.3300000000000003,0.062,0.3300000000000003,0.062
0.15035,0.013556499999999999,1.6500000000000006,0.3300000000000003,0.062,0.3300000000000003,0.062
0.1504,0.013627,1.6500000000000006,0.3300000000000003,0.063,0.3300000000000003,0.063
0.15045,0.013637,1.7000000000000004,0.3300000000000003,0.063,0.3300000000000003,0.063
0.1505,0.013611999999999999,1.6999999999999995,0.3199999999999996,0.063,0.3199999999999996,0.063
0.15055000000000002,0.013606,1.6499999999999997,0.3199999999999996,0.063,0.3199999999999996,0.063
0.1506,0.013413999999999999,1.5999999999999999,0.34999999999999987,0.063,1.3607369451420894,0.063
0.15065,0.012780999999999999,1.4499999999999995,0.37000000000000033,0.062,0.37000000000000033,0.062
0.1507,0.0118595,1.2999999999999992,0.35999999999999965,0.063,0.35999999999999965,0.063
0.15075,0.011005,1.1999999999999995,0.35999999999999965,0.067,0.35999999999999965,0.067
0.15080000000000002,0.0102805,1.099999999999999,0.35000000000000075,0.06999999999999998,0.35000000000000075,0.06999999999999999
0.15085,0.009941,1.0000000000000002,0.35000000000000075,0.07200000000000001,0.35000000000000075,0.07200000000000001
0.1509,0.0099925,0.8999999999999997,0.35000000000000075,0.074,0.35000000000000075,0.074
0.15095,0.0103295,0.8999999999999997,0.3400000000000001,0.074,0.3400000000000001,0.074
0.151,0.010635,0.9499999999999995,0.3400000000000001,0.073,0.3400000000000001,0.073
0.15105000000000002,0.010858999999999999,1.000000000000001,0.3300000000000003,0.07200000000000001,0.3300000000000003,0.07200000000000001
0.1511,0.01096,1.05,0.3300000000000003,0.06999999999999998,0.3300000000000003,0.06999999999999999
0.15115,0.010874,1.1500000000000006,0.3199999999999996,0.066,0.3199999999999996,0.066
0.1512,0.0106565,1.2000000000000004,0.3299999999999994,0.063,0.3299999999999994,0.063
0.15125,0.0106555,1.2500000000000002,0.3299999999999994,0.058,0.3299999999999994,0.058
0.15130000000000002,0.010384,1.3499999999999999,0.3400000000000001,0.052,0.3400000000000001,0.052
0.15135,0.009979499999999999,1.3999999999999997,0.3300000000000003,0.056,0.3300000000000003,0.056
0.1514,0.009462,1.4500000000000004,0.3300000000000003,0.061,0.3300000000000003,0.061
0.15145,0.008871,1.5000000000000002,0.3300000000000003,0.064,0.3300000000000003,0.064
0.1515,0.0084875,1.1499999999999988,0.3300000000000003,0.066,0.3300000000000003,0.066
0.15155000000000002,0.0089035,0.9499999999999995,0.3200000000000005,0.067,0.3200000000000005,0.067
0.1516,0.0095,0.9499999999999995,0.3200000000000005,0.067,0.3200000000000005,0.067
0.15165,0.010041999999999999,1.000000000000001,0.3200000000000005,0.066,0.3200000000000005,0.066
0.1517,0.0104835,1.1000000000000008,0.3200000000000005,0.06499999999999999,0.3200000000000005,0.06499999999999999
0.15175,0.010829499999999999,1.1499999999999997,0.3200000000000005,0.064,0.3200000000000005,0.064
0.15180000000000002,0.011229999999999999,1.2500000000000002,0.3200000000000005,0.063,0.3200000000000005,0.063
0.15185,0.011573499999999999,1.3,0.3200000000000005,0.063,0.3200000000000005,0.063
0.1519,0.011765999999999999,1.3499999999999999,0.3200000000000005,0.062,0.3200000000000005,0.062
0.15195,0.0118665,1.3999999999999997,0.3200000000000005,0.062,0.3200000000000005,0.062
0.152,0.011871,1.4500000000000004,0.3200000000000005,0.063,0.3200000000000005,0.063
0.15205000000000002,0.0118075,1.4500000000000004,0.3200000000000005,0.063,0.3200000000000005,0.063
0.1521,0.0117675,1.4500000000000004,0.3200000000000005,0.064,0.3200000000000005,0.064
0.15215,0.0117465,1.4500000000000004,0.3200000000000005,0.063,0.3200000000000005,0.063
0.1522,0.011744,1.4000000000000006,0.3200000000000005,0.063,0.3200000000000005,0.063
0.15225,0.011812,1.4500000000000004,0.3300000000000003,0.062,0.3300000000000003,0.062
0.15230000000000002,0.012019499999999999,1.4499999999999995,0.3300000000000003,0.062,0.3300000000000003,0.062
0.15235,0.0121955,1.4499999999999995,0.3300000000000003,0.062,0.3300000000000003,0.062
0.1524,0.0123395,1.5000000000000002,0.3300000000000003,0.061,0.3300000000000003,0.061
0.15245,0.0124155,1.5500000000000005,0.3300000000000003,0.062,0.3300000000000003,0.062
0.1525,0.012468,1.55,0.3300000000000003,0.063,0.3300000000000003,0.063
0.15255000000000002,0.0125065,1.55,0.3300000000000003,0.063,0.3300000000000003,0.063
0.1526,0.012542,1.5500000000000005,0.3300000000000003,0.063,0.3300000000000003,0.063
0.15265,0.0125905,1.5000000000000002,0.3200000000000005,0.063,0.3200000000000005,0.063
0.1527,0.012693,1.5500000000000005,0.3300000000000003,0.063,0.3300000000000003,0.063
0.15275,0.0128945,1.55,0.3300000000000003,0.063,0.3300000000000003,0.063
0.15280000000000002,0.013101999999999999,1.5999999999999994,0.3300000000000003,0.062,0.3300000000000003,0.062
0.15285,0.013304,1.5999999999999999,0.3300000000000003,0.062,0.3300000000000003,0.062
0.1529,0.013431,1.6000000000000003,0.3300000000000003,0.062,0.3300000000000003,0.062
0.15295,0.0134735,1.6499999999999997,0.3300000000000003,0.063,0.3300000000000003,0.063
0.153,0.013496,1.6500000000000001,0.3300000000000003,0.063,0.3300000000000003,0.063
0.15305000000000002,0.013476499999999999,1.6500000000000001,0.3200000000000005,0.063,0.3200000000000005,0.063
0.1531,0.013408999999999999,1.6500000000000001,0.3200000000000005,0.063,0.3200000000000005,0.063
0.15315,0.0131785,1.55,0.35999999999999965,0.062,1.3890382256239246,0.062
0.1532,0.012438999999999999,1.4000000000000001,0.36999999999999944,0.062,0.36999999999999944,0.062
0.15325,0.011505999999999999,1.3,0.36000000000000054,0.063,0.36000000000000054,0.063
0.15330000000000002,0.01064,1.2000000000000004,0.36000000000000054,0.068,0.36000000000000054,0.068
0.15335000000000001,0.0100355,1.05,0.34999999999999987,0.07100000000000001,0.34999999999999987,0.07100000000000001
0.1534,0.009731499999999999,0.9500000000000004,0.34999999999999987,0.073,0.34999999999999987,0.073
0.15345,0.009821,0.9000000000000001,0.3400000000000001,0.073,0.3400000000000001,0.073
0.1535,0.010142499999999999,0.9000000000000001,0.3400000000000001,0.074,0.3400000000000001,0.074
0.15355000000000002,0.010449499999999999,0.9000000000000001,0.3400000000000001,0.073,0.3400000000000001,0.073
0.15360000000000001,0.0106915,0.95,0.3299999999999994,0.07200000000000001,0.3299999999999994,0.07200000000000001
0.15365,0.01079,1.05,0.3299999999999994,0.06899999999999999,0.3299999999999994,0.06899999999999999
0.1537,0.010683,1.1000000000000003,0.3199999999999996,0.066,0.3199999999999996,0.066
0.15375,0.010508,1.1499999999999997,0.3299999999999994,0.063,0.3299999999999994,0.063
0.15380000000000002,0.010534,1.2499999999999998,0.3300000000000003,0.058,0.3300000000000003,0.058
0.15385000000000001,0.010286499999999999,1.2999999999999996,0.3400000000000001,0.052,0.3400000000000001,0.052
0.1539,0.009956,1.3499999999999999,0.3300000000000003,0.056,0.3300000000000003,0.056
0.15395,0.009491,1.45,0.3300000000000003,0.061,0.3300000000000003,0.061
0.154,0.008947,1.5000000000000007,0.3300000000000003,0.064,0.3300000000000003,0.064
0.15405000000000002,0.0085735,1.1500000000000001,0.3300000000000003,0.066,0.3300000000000003,0.066
0.15410000000000001,0.00891,0.95,0.3199999999999996,0.067,0.3199999999999996,0.067
0.15415,0.0094945,0.95,0.3199999999999996,0.067,0.3199999999999996,0.067
0.1542,0.010015,1.0500000000000005,0.3199999999999996,0.066,0.3199999999999996,0.066
0.15425,0.010438,1.0999999999999999,0.3199999999999996,0.06499999999999999,0.3199999999999996,0.06499999999999999
0.15430000000000002,0.010765,1.0999999999999994,0.3199999999999996,0.064,0.3199999999999996,0.064
0.15435000000000001,0.011208,1.2499999999999998,0.3199999999999996,0.063,0.3199999999999996,0.063
0.1544,0.011505,1.3000000000000005,0.3199999999999996,0.063,0.3199999999999996,0.063
0.15445,0.011708,1.4000000000000001,0.3199999999999996,0.062,0.3199999999999996,0.062
0.1545,0.0118175,1.45,0.3199999999999996,0.062,0.3199999999999996,0.062
0.15455000000000002,0.011811499999999999,1.5000000000000002,0.3199999999999996,0.063,0.3199999999999996,0.063
0.15460000000000002,0.011767,1.5000000000000002,0.3199999999999996,0.063,0.3199999999999996,0.063
0.15465,0.011701,1.4499999999999995,0.3199999999999996,0.063,0.3199999999999996,0.063
0.1547,0.011684,1.4500000000000004,0.3199999999999996,0.063,0.3199999999999996,0.063
0.15475,0.0116805,1.4499999999999995,0.3199999999999996,0.063,0.3199999999999996,0.063
0.15480000000000002,0.0117685,1.4499999999999995,0.3299999999999994,0.062,0.3299999999999994,0.062
0.15485000000000002,0.011956,1.4500000000000004,0.3299999999999994,0.062,0.3299999999999994,0.062
0.1549,0.012128499999999999,1.4500000000000004,0.3299999999999994,0.061,0.3299999999999994,0.061
0.15495,0.0122515,1.5000000000000002,0.3299999999999994,0.061,0.3299999999999994,0.061
0.155,0.012341,1.550000000000001,0.3299999999999994,0.062,0.3299999999999994,0.062
0.15505000000000002,0.0123945,1.55,0.3299999999999994,0.063,0.3299999999999994,0.063
0.15510000000000002,0.012424,1.4999999999999993,0.3299999999999994,0.063,0.3299999999999994,0.063
0.15515,0.0124625,1.55,0.3299999999999994,0.063,0.3299999999999994,0.063
0.1552,0.01251,1.550000000000001,0.3199999999999996,0.063,0.3199999999999996,0.063
0.15525,0.012681,1.4999999999999993,0.3299999999999994,0.063,0.3299999999999994,0.063
0.1553,0.012881499999999999,1.55,0.3299999999999994,0.062,0.3299999999999994,0.062
0.15535000000000002,0.0131165,1.5499999999999992,0.3299999999999994,0.062,0.3299999999999994,0.062
0.1554,0.013273,1.55,0.3299999999999994,0.062,0.3299999999999994,0.062
0.15545,0.0133575,1.6500000000000006,0.3299999999999994,0.062,0.3299999999999994,0.062
0.1555,0.0134115,1.6500000000000006,0.3299999999999994,0.063,0.3299999999999994,0.063
0.15555,0.0134005,1.6499999999999997,0.3199999999999996,0.063,0.3199999999999996,0.063
0.15560000000000002,0.0133385,1.6500000000000006,0.3199999999999996,0.063,0.3199999999999996,0.063
0.15565,0.013236999999999999,1.6000000000000008,0.3400000000000001,0.063,1.3790382291208008,0.063
0.1557,0.012686,1.4500000000000004,0.37000000000000033,0.062,0.37000000000000033,0.062
0.15575,0.011748999999999999,1.3500000000000008,0.36000000000000054,0.062,0.36000000000000054,0.062
0.1558,0.010816,1.2000000000000004,0.36000000000000054,0.066,0.36000000000000054,0.066
0.15585000000000002,0.0101535,1.0999999999999999,0.36000000000000054,0.06999999999999998,0.36000000000000054,0.06999999999999999
0.1559,0.009719,0.9999999999999993,0.34999999999999987,0.07200000000000001,0.34999999999999987,0.07200000000000001
0.15595,0.009634,0.9000000000000006,0.34999999999999987,0.073,0.34999999999999987,0.073
0.156,0.009885,0.9000000000000006,0.3400000000000001,0.074,0.3400000000000001,0.074
0.15605,0.010218,0.9000000000000006,0.3400000000000001,0.074,0.3400000000000001,0.074
0.15610000000000002,0.0105305,0.9499999999999995,0.3300000000000003,0.073,0.3300000000000003,0.073
0.15615,0.010728,1.0000000000000002,0.3300000000000003,0.07100000000000001,0.3300000000000003,0.07100000000000001
0.1562,0.0106955,1.05,0.3300000000000003,0.068,0.3300000000000003,0.068
0.15625,0.010529,1.1000000000000008,0.3200000000000005,0.06499999999999999,0.3200000000000005,0.06499999999999999
0.1563,0.0105455,1.2000000000000004,0.3300000000000003,0.061,0.3300000000000003,0.061
0.15635000000000002,0.010473,1.2500000000000002,0.3400000000000001,0.056,0.3400000000000001,0.056
0.1564,0.0102325,1.2999999999999992,0.3400000000000001,0.053,0.3400000000000001,0.053
0.15645,0.009882499999999999,1.3999999999999997,0.3299999999999994,0.058,0.3299999999999994,0.058
0.1565,0.009419,1.4500000000000004,0.3299999999999994,0.062,0.3299999999999994,0.062
0.15655,0.0088825,1.4499999999999995,0.3299999999999994,0.064,0.3299999999999994,0.064
0.15660000000000002,0.0087285,1.0999999999999999,0.3299999999999994,0.06499999999999999,0.3299999999999994,0.06499999999999999
0.15665,0.0091005,1.0000000000000002,0.3199999999999996,0.066,0.3199999999999996,0.066
0.1567,0.0095725,1.050000000000001,0.3199999999999996,0.06499999999999999,0.3199999999999996,0.06499999999999999
0.15675,0.0099945,1.05,0.3199999999999996,0.064,0.3199999999999996,0.064
0.1568,0.010322999999999999,1.0999999999999999,0.3199999999999996,0.063,0.3199999999999996,0.063
0.15685000000000002,0.010707999999999999,1.1500000000000006,0.3199999999999996,0.062,0.3199999999999996,0.062
0.1569,0.0110425,1.2500000000000002,0.3199999999999996,0.061,0.3199999999999996,0.061
0.15695,0.011248,1.2999999999999992,0.3199999999999996,0.061,0.3199999999999996,0.061
0.157,0.011363,1.3499999999999999,0.3199999999999996,0.061,0.3199999999999996,0.061
0.15705,0.011361,1.4000000000000006,0.3199999999999996,0.062,0.3199999999999996,0.062
0.15710000000000002,0.0113215,1.4000000000000006,0.3199999999999996,0.063,0.3199999999999996,0.063
0.15715,0.011293,1.4500000000000004,0.3199999999999996,0.063,0.3199999999999996,0.063
0.1572,0.01128,1.4500000000000004,0.3199999999999996,0.063,0.3199999999999996,0.063
0.15725,0.011311,1.3999999999999997,0.3199999999999996,0.062,0.3199999999999996,0.062
0.1573,0.011471499999999999,1.4000000000000006,0.3299999999999994,0.062,0.3299999999999994,0.062
0.15735000000000002,0.011698,1.3999999999999997,0.3299999999999994,0.062,0.3299999999999994,0.062
0.1574,0.01192,1.3999999999999997,0.3299999999999994,0.061,0.3299999999999994,0.061
0.15745,0.0120675,1.4500000000000004,0.3299999999999994,0.061,0.3299999999999994,0.061
0.1575,0.012171,1.4999999999999998,0.3299999999999994,0.062,0.3299999999999994,0.062
0.15755,0.012248,1.55,0.3299999999999994,0.063,0.3299999999999994,0.063
0.15760000000000002,0.012294,1.5000000000000002,0.3299999999999994,0.063,0.3299999999999994,0.063
0.15765,0.0123345,1.4999999999999998,0.3299999999999994,0.063,0.3299999999999994,0.063
0.1577,0.012372,1.5500000000000005,0.3199999999999996,0.063,0.3199999999999996,0.063
0.15775,0.0125905,1.4999999999999998,0.3299999999999994,0.063,0.3299999999999994,0.063
0.1578,0.0128135,1.5000000000000002,0.3299999999999994,0.062,0.3299999999999994,0.062
0.15785000000000002,0.013049499999999999,1.5499999999999996,0.3299999999999994,0.062,0.3299999999999994,0.062
0.1579,0.013212,1.5999999999999999,0.3299999999999994,0.062,0.3299999999999994,0.062
0.15795,0.013309999999999999,1.6000000000000003,0.3299999999999994,0.062,0.3299999999999994,0.062
0.158,0.013366,1.6499999999999997,0.3299999999999994,0.063,0.3299999999999994,0.063
0.15805,0.013335999999999999,1.6500000000000001,0.3199999999999996,0.063,0.3199999999999996,0.063
0.15810000000000002,0.013269999999999999,1.6000000000000003,0.3199999999999996,0.063,0.3199999999999996,0.063
0.15815,0.013037499999999999,1.55,0.36000000000000054,0.062,1.3840382273723624,0.062
0.1582,0.012241,1.4000000000000001,0.36000000000000054,0.062,0.36000000000000054,0.062
0.15825,0.011247499999999999,1.2499999999999998,0.35999999999999965,0.063,0.35999999999999965,0.063
0.1583,0.010454999999999999,1.1499999999999997,0.34999999999999987,0.067,0.34999999999999987,0.067
0.15835000000000002,0.0098335,1.05,0.3400000000000001,0.06999999999999998,0.3400000000000001,0.06999999999999999
0.1584,0.0094735,0.9499999999999995,0.34999999999999987,0.07200000000000001,0.34999999999999987,0.07200000000000001
0.15845,0.0094795,0.8999999999999997,0.34999999999999987,0.073,0.34999999999999987,0.073
0.1585,0.0097605,0.8499999999999999,0.3400000000000001,0.073,0.3400000000000001,0.073
0.15855,0.0100565,0.8999999999999997,0.3400000000000001,0.07200000000000001,0.3400000000000001,0.07200000000000001
0.15860000000000002,0.0101905,0.95,0.3300000000000003,0.07100000000000001,0.3300000000000003,0.07100000000000001
0.15865,0.010166,1.05,0.3300000000000003,0.068,0.3300000000000003,0.068
0.1587,0.0100345,1.05,0.3199999999999996,0.06499999999999999,0.3199999999999996,0.06499999999999999
0.15875,0.009922499999999999,1.1500000000000001,0.3300000000000003,0.061,0.3300000000000003,0.061
0.1588,0.009755,1.2,0.3299999999999994,0.056,0.3299999999999994,0.056
0.15885000000000002,0.009413,1.2499999999999998,0.3400000000000001,0.051,0.3400000000000001,0.051
0.1589,0.008957,1.3,0.3400000000000001,0.056,0.3400000000000001,0.056
0.15895,0.0083815,1.3,0.3300000000000003,0.061,0.3300000000000003,0.061
0.159,0.0077855,1.3500000000000008,0.3300000000000003,0.064,0.3300000000000003,0.064
0.15905,0.007592499999999999,0.9000000000000006,0.3300000000000003,0.066,0.3300000000000003,0.066
0.15910000000000002,0.0080535,0.8500000000000003,0.3300000000000003,0.068,0.3300000000000003,0.068
0.15915,0.008574,0.8499999999999999,0.3300000000000003,0.068,0.3300000000000003,0.068
0.1592,0.0090365,0.9000000000000001,0.3200000000000005,0.068,0.3200000000000005,0.068
0.15925,0.009434999999999999,0.95,0.3200000000000005,0.067,0.3200000000000005,0.067
0.1593,0.0097495,0.9999999999999998,0.3200000000000005,0.066,0.3200000000000005,0.066
0.15935000000000002,0.0099825,1.0499999999999996,0.3200000000000005,0.066,0.3200000000000005,0.066
0.15940000000000001,0.010288499999999999,1.1000000000000003,0.3200000000000005,0.06499999999999999,0.3200000000000005,0.06499999999999999
0.15945,0.010561,1.2,0.3200000000000005,0.064,0.3200000000000005,0.064
0.1595,0.010768999999999999,1.2499999999999993,0.3200000000000005,0.063,0.3200000000000005,0.063
0.15955,0.010907499999999999,1.2500000000000002,0.3200000000000005,0.063,0.3200000000000005,0.063
0.15960000000000002,0.0109365,1.3,0.3200000000000005,0.063,0.3200000000000005,0.063
0.15965000000000001,0.010926499999999999,1.3500000000000003,0.3200000000000005,0.063,0.3200000000000005,0.063
0.1597,0.010884999999999999,1.3499999999999999,0.3200000000000005,0.064,0.3200000000000005,0.064
0.15975,0.0108525,1.3499999999999999,0.3200000000000005,0.063,0.3200000000000005,0.063
0.1598,0.0108275,1.3,0.3200000000000005,0.063,0.3200000000000005,0.063
0.15985000000000002,0.0108135,1.3,0.3200000000000005,0.062,0.3200000000000005,0.062
0.15990000000000001,0.0108455,1.3,0.3200000000000005,0.062,0.3200000000000005,0.062
0.15995,0.0110005,1.3499999999999999,0.3300000000000003,0.062,0.3300000000000003,0.062
0.16,0.011138,1.3499999999999999,0.3300000000000003,0.061,0.3300000000000003,0.061
0.16005,0.011231,1.3499999999999999,0.3300000000000003,0.061,0.3300000000000003,0.061
0.16010000000000002,0.0113125,1.4000000000000006,0.3300000000000003,0.062,0.3300000000000003,0.062
0.16015000000000001,0.011380999999999999,1.4000000000000006,0.3300000000000003,0.063,0.3300000000000003,0.063
0.1602,0.0114545,1.3999999999999997,0.3300000000000003,0.063,0.3300000000000003,0.063
0.16025,0.011522,1.3999999999999997,0.3300000000000003,0.063,0.3300000000000003,0.063
0.1603,0.011585,1.4000000000000006,0.3199999999999996,0.063,0.3199999999999996,0.063
0.16035000000000002,0.011720999999999999,1.4500000000000004,0.3300000000000003,0.063,0.3300000000000003,0.063
0.16040000000000001,0.011968999999999999,1.4499999999999995,0.3300000000000003,0.062,0.3300000000000003,0.062
0.16045,0.012201,1.4500000000000004,0.3300000000000003,0.062,0.3300000000000003,0.062
0.1605,0.012409,1.4500000000000004,0.3300000000000003,0.062,0.3300000000000003,0.062
0.16055,0.012546999999999999,1.55,0.3300000000000003,0.062,0.3300000000000003,0.062
0.16060000000000002,0.012645499999999999,1.550000000000001,0.3300000000000003,0.063,0.3300000000000003,0.063
0.16065000000000002,0.012686999999999999,1.55,0.3300000000000003,0.063,0.3300000000000003,0.063
0.1607,0.012695999999999999,1.55,0.3199999999999996,0.063,0.3199999999999996,0.063
0.16075,0.0126605,1.550000000000001,0.3199999999999996,0.063,0.3199999999999996,0.063
0.1608,0.012464,1.4500000000000004,0.35999999999999965,0.063,1.3357369538842765,0.063
0.16085000000000002,0.011763,1.3499999999999999,0.35999999999999965,0.062,0.35999999999999965,0.062
0.16090000000000002,0.0108895,1.2000000000000004,0.35999999999999877,0.064,0.35999999999999877,0.064
0.16095,0.010132,1.1000000000000008,0.35999999999999877,0.067,0.35999999999999877,0.067
0.161,0.009542,1.0000000000000002,0.35999999999999877,0.06999999999999998,0.35999999999999877,0.06999999999999999
0.16105,0.0091895,0.9500000000000004,0.34999999999999987,0.07200000000000001,0.34999999999999987,0.07200000000000001
0.16110000000000002,0.009240499999999999,0.8,0.34999999999999987,0.074,0.34999999999999987,0.074
0.16115000000000002,0.009554499999999999,0.849999999999999,0.3400000000000001,0.074,0.3400000000000001,0.074
0.1612,0.009837,0.8999999999999997,0.3400000000000001,0.073,0.3400000000000001,0.073
0.16125,0.010003,0.9499999999999995,0.3299999999999994,0.07200000000000001,0.3299999999999994,0.07200000000000001
0.1613,0.0100435,0.9999999999999993,0.3299999999999994,0.06999999999999998,0.3299999999999994,0.06999999999999999
0.16135000000000002,0.0100035,1.0000000000000002,0.3299999999999994,0.067,0.3299999999999994,0.067
0.16140000000000002,0.009752499999999999,1.05,0.3199999999999996,0.063,0.3199999999999996,0.063
0.16145,0.009718,1.1499999999999997,0.3300000000000003,0.059,0.3300000000000003,0.059
0.1615,0.009495,1.1499999999999997,0.3400000000000001,0.053,0.3400000000000001,0.053
0.16155,0.009139,1.2500000000000002,0.3400000000000001,0.054,0.3400000000000001,0.054
0.16160000000000002,0.008669999999999999,1.2500000000000002,0.3300000000000003,0.059,0.3300000000000003,0.059
0.16165000000000002,0.008118,1.300000000000001,0.3300000000000003,0.063,0.3300000000000003,0.063
0.1617,0.007638,1.099999999999999,0.3300000000000003,0.06499999999999999,0.3300000000000003,0.06499999999999999
0.16175,0.0077335,0.8499999999999999,0.3300000000000003,0.067,0.3300000000000003,0.067
0.1618,0.008225,0.8499999999999999,0.3300000000000003,0.068,0.3300000000000003,0.068
0.16185000000000002,0.0086865,0.8500000000000008,0.3199999999999996,0.068,0.3199999999999996,0.068
0.16190000000000002,0.0091075,0.9000000000000006,0.3199999999999996,0.068,0.3199999999999996,0.068
0.16195,0.009469,0.9500000000000004,0.3199999999999996,0.067,0.3199999999999996,0.067
0.162,0.009720999999999999,0.9999999999999993,0.3199999999999996,0.066,0.3199999999999996,0.066
0.16205,0.009962,1.05,0.3199999999999996,0.06499999999999999,0.3199999999999996,0.06499999999999999
0.1621,0.010291999999999999,1.0999999999999999,0.3199999999999996,0.06499999999999999,0.3199999999999996,0.06499999999999999
0.16215000000000002,0.0105335,1.1999999999999995,0.3199999999999996,0.064,0.3199999999999996,0.064
0.1622,0.010695999999999999,1.1999999999999995,0.3199999999999996,0.063,0.3199999999999996,0.063
0.16225,0.010794,1.2500000000000002,0.3199999999999996,0.063,0.3199999999999996,0.063
0.1623,0.010816,1.300000000000001,0.3199999999999996,0.063,0.3199999999999996,0.063
0.16235,0.0107905,1.3,0.3199999999999996,0.064,0.3199999999999996,0.064
0.16240000000000002,0.010745,1.3499999999999999,0.3199999999999996,0.063,0.3199999999999996,0.063
0.16245,0.0107315,1.3,0.3199999999999996,0.063,0.3199999999999996,0.063
0.1625,0.0106985,1.3,0.3199999999999996,0.063,0.3199999999999996,0.063
0.16255,0.010667,1.3,0.3199999999999996,0.062,0.3199999999999996,0.062
0.1626,0.010792,1.3,0.3300000000000003,0.062,0.3300000000000003,0.062
0.16265000000000002,0.010943,1.3499999999999999,0.3300000000000003,0.061,0.3300000000000003,0.061
0.1627,0.011056999999999999,1.3499999999999999,0.3300000000000003,0.061,0.3300000000000003,0.061
0.16275,0.0111495,1.4000000000000006,0.3300000000000003,0.061,0.3300000000000003,0.061
0.1628,0.0112395,1.3999999999999997,0.3300000000000003,0.062,0.3300000000000003,0.062
0.16285,0.0113075,1.4000000000000001,0.3300000000000003,0.063,0.3300000000000003,0.063
0.16290000000000002,0.0113745,1.4000000000000006,0.3300000000000003,0.063,0.3300000000000003,0.063
0.16295,0.011458,1.4000000000000001,0.3200000000000005,0.063,0.3200000000000005,0.063
0.163,0.011533499999999999,1.3999999999999992,0.3200000000000005,0.063,0.3200000000000005,0.063
0.16305,0.011727,1.4000000000000001,0.3300000000000003,0.063,0.3300000000000003,0.063
0.1631,0.011970999999999999,1.4500000000000004,0.3300000000000003,0.062,0.3300000000000003,0.062
0.16315000000000002,0.012194499999999999,1.4499999999999995,0.3300000000000003,0.062,0.3300000000000003,0.062
0.1632,0.012353,1.4999999999999998,0.3300000000000003,0.061,0.3300000000000003,0.061
0.16325,0.0124655,1.5000000000000002,0.3300000000000003,0.062,0.3300000000000003,0.062
0.1633,0.012489,1.4999999999999998,0.3200000000000005,0.063,0.3200000000000005,0.063
0.16335,0.012494,1.5000000000000002,0.3200000000000005,0.063,0.3200000000000005,0.063
0.16340000000000002,0.01249,1.5500000000000005,0.3200000000000005,0.063,0.3200000000000005,0.063
0.16345,0.012326499999999999,1.4999999999999998,0.34999999999999987,0.062,1.3590382361145534,0.062
0.1635,0.0117865,1.3499999999999999,0.37000000000000033,0.062,0.37000000000000033,0.062
0.16355,0.011052,1.2,0.36000000000000054,0.062,0.36000000000000054,0.062
0.1636,0.010418499999999999,1.1000000000000003,0.36000000000000054,0.067,0.36000000000000054,0.067
0.16365000000000002,0.010005,1.05,0.34999999999999987,0.06999999999999998,0.34999999999999987,0.06999999999999999
0.1637,0.0099475,0.9000000000000001,0.34999999999999987,0.073,0.34999999999999987,0.073
0.16375,0.0104345,0.9000000000000001,0.34999999999999987,0.074,0.34999999999999987,0.074
0.1638,0.011004499999999999,0.95,0.34999999999999987,0.074,0.34999999999999987,0.074
0.16385,0.0114545,0.9999999999999998,0.3399999999999992,0.073,0.3399999999999992,0.073
0.16390000000000002,0.011743499999999999,1.0999999999999999,0.3399999999999992,0.07100000000000001,0.3399999999999992,0.07100000000000001
0.16395,0.011859999999999999,1.1500000000000001,0.3300000000000003,0.06899999999999999,0.3300000000000003,0.06899999999999999
0.164,0.011753,1.2500000000000002,0.3300000000000003,0.066,0.3300000000000003,0.066
0.16405,0.011642,1.3499999999999999,0.3300000000000003,0.062,0.3300000000000003,0.062
0.1641,0.011477,1.4000000000000006,0.3399999999999992,0.057,0.3399999999999992,0.055
0.16415000000000002,0.0111855,1.5000000000000002,0.3299999999999994,0.052,0.3299999999999994,0.052
0.1642,0.0107035,1.5999999999999999,0.3299999999999994,0.058,0.3299999999999994,0.058
0.16425,0.0100935,1.6500000000000001,0.3299999999999994,0.062,0.3299999999999994,0.062
0.1643,0.0094015,1.7,0.3299999999999994,0.06499999999999999,0.3299999999999994,0.06499999999999999
0.16435,0.009304,1.0999999999999994,0.3299999999999994,0.066,0.3299999999999994,0.066
0.16440000000000002,0.0099915,1.05,0.3199999999999996,0.067,0.3199999999999996,0.067
0.16445,0.010683999999999999,1.1000000000000008,0.3199999999999996,0.066,0.3199999999999996,0.066
0.1645,0.011269999999999999,1.1500000000000001,0.3199999999999996,0.06499999999999999,0.3199999999999996,0.06499999999999999
0.16455,0.0117155,1.2,0.3199999999999996,0.064,0.3199999999999996,0.064
0.1646,0.012135,1.3000000000000005,0.3199999999999996,0.063,0.3199999999999996,0.063
0.16465000000000002,0.0124855,1.3499999999999999,0.3300000000000003,0.062,0.3300000000000003,0.062
0.1647,0.012707,1.5000000000000002,0.3300000000000003,0.061,0.3300000000000003,0.061
0.16475,0.0128445,1.55,0.3300000000000003,0.061,0.3300000000000003,0.061
0.1648,0.0128165,1.5999999999999999,0.3199999999999996,0.062,0.3199999999999996,0.062
0.16485,0.012709499999999999,1.5999999999999999,0.3199999999999996,0.063,0.3199999999999996,0.063
0.16490000000000002,0.012574,1.5999999999999999,0.3300000000000003,0.064,0.3300000000000003,0.064
0.16495,0.012487499999999999,1.5999999999999999,0.3199999999999996,0.064,0.3199999999999996,0.064
0.165,0.0124835,1.55,0.3199999999999996,0.063,0.3199999999999996,0.063
0.16505,0.012511,1.5000000000000002,0.30999999999999983,0.063,0.30999999999999983,0.063
0.1651,0.012676,1.55,0.3300000000000003,0.062,0.3300000000000003,0.062
0.16515000000000002,0.012955,1.550000000000001,0.3300000000000003,0.062,0.3300000000000003,0.062
0.1652,0.0131615,1.55,0.3300000000000003,0.062,0.3300000000000003,0.062
0.16525,0.0132865,1.6499999999999997,0.3300000000000003,0.061,0.3300000000000003,0.061
0.1653,0.013356999999999999,1.6499999999999997,0.3300000000000003,0.063,0.3300000000000003,0.063
0.16535,0.013372,1.6500000000000006,0.3300000000000003,0.064,0.3300000000000003,0.064
0.16540000000000002,0.013366999999999999,1.6499999999999997,0.3300000000000003,0.064,0.3300000000000003,0.064
0.16545,0.013368999999999999,1.6500000000000006,0.3300000000000003,0.064,0.3300000000000003,0.064
0.1655,0.0133715,1.6000000000000008,0.3200000000000005,0.063,0.3200000000000005,0.063
0.16555,0.013328999999999999,1.5999999999999999,0.3200000000000005,0.062,1.3024356751508719,0.062
0.1656,0.013014999999999999,1.5000000000000002,0.37000000000000033,0.062,0.37000000000000033,0.062
0.16565000000000002,0.0122125,1.3499999999999999,0.35999999999999965,0.061,0.35999999999999965,0.061
0.16570000000000001,0.011345,1.2499999999999993,0.35999999999999965,0.064,0.35999999999999965,0.064
0.16575,0.0105875,1.1999999999999995,0.34999999999999987,0.068,0.34999999999999987,0.068
0.1658,0.0101335,1.05,0.34999999999999987,0.07100000000000001,0.34999999999999987,0.07100000000000001
0.16585,0.010152999999999999,0.9500000000000004,0.3400000000000001,0.073,0.3400000000000001,0.073
0.16590000000000002,0.010588,0.9500000000000004,0.3400000000000001,0.073,0.3400000000000001,0.073
0.16595000000000001,0.0110765,1.0000000000000002,0.3300000000000003,0.07200000000000001,0.3300000000000003,0.07200000000000001
0.166,0.011382,1.05,0.3300000000000003,0.07100000000000001,0.3300000000000003,0.07100000000000001
0.16605,0.011601499999999999,1.0999999999999999,0.3199999999999996,0.06899999999999999,0.3199999999999996,0.06899999999999999
0.1661,0.011582,1.2000000000000004,0.3199999999999996,0.066,0.3199999999999996,0.066
0.16615000000000002,0.0114755,1.3,0.3299999999999994,0.062,0.3299999999999994,0.062
0.16620000000000001,0.011495499999999999,1.3499999999999999,0.3400000000000001,0.058,0.3400000000000001,0.056
0.16625,0.011286,1.4500000000000004,0.3400000000000001,0.052,0.3400000000000001,0.052
0.1663,0.0109045,1.550000000000001,0.3299999999999994,0.058,0.3299999999999994,0.058
0.16635,0.010443,1.6000000000000008,0.3299999999999994,0.062,0.3299999999999994,0.062
0.16640000000000002,0.0098385,1.6499999999999997,0.3299999999999994,0.06499999999999999,0.3299999999999994,0.06499999999999999
0.16645000000000001,0.009634,1.2500000000000002,0.3299999999999994,0.066,0.3299999999999994,0.066
0.1665,0.010185999999999999,1.0999999999999999,0.3200000000000005,0.066,0.3200000000000005,0.066
0.16655,0.010851999999999999,1.1499999999999997,0.3200000000000005,0.066,0.3200000000000005,0.066
0.1666,0.011436,1.2000000000000004,0.3200000000000005,0.06499999999999999,0.3200000000000005,0.06499999999999999
0.16665000000000002,0.011896499999999999,1.250000000000001,0.3200000000000005,0.064,0.3200000000000005,0.064
0.16670000000000001,0.01239,1.3,0.3200000000000005,0.063,0.3200000000000005,0.063
0.16675,0.012758499999999999,1.3999999999999997,0.3200000000000005,0.062,0.3200000000000005,0.062
0.1668,0.013006,1.5000000000000002,0.3200000000000005,0.062,0.3200000000000005,0.062
0.16685,0.013113999999999999,1.55,0.3200000000000005,0.061,0.3200000000000005,0.061
0.16690000000000002,0.0130865,1.5999999999999999,0.3200000000000005,0.063,0.3200000000000005,0.063
0.16695000000000002,0.0129845,1.6499999999999997,0.3200000000000005,0.064,0.3200000000000005,0.064
0.167,0.012896,1.6499999999999997,0.3200000000000005,0.064,0.3200000000000005,0.064
0.16705,0.012849,1.5999999999999999,0.3200000000000005,0.063,0.3200000000000005,0.063
0.1671,0.0128115,1.5500000000000005,0.3200000000000005,0.063,0.3200000000000005,0.063
0.16715000000000002,0.0128735,1.55,0.3300000000000003,0.063,0.3300000000000003,0.063
0.16720000000000002,0.013104999999999999,1.5500000000000005,0.3300000000000003,0.062,0.3300000000000003,0.062
0.16725,0.013273499999999999,1.5999999999999999,0.3300000000000003,0.062,0.3300000000000003,0.062
0.1673,0.013405499999999999,1.6500000000000001,0.3300000000000003,0.061,0.3300000000000003,0.061
0.16735,0.013472,1.6499999999999997,0.3300000000000003,0.062,0.3300000000000003,0.062
0.16740000000000002,0.013483499999999999,1.7,0.3300000000000003,0.063,0.3300000000000003,0.063
0.16745000000000002,0.013455,1.6499999999999992,0.3300000000000003,0.063,0.3300000000000003,0.063
0.1675,0.0134275,1.6500000000000001,0.3300000000000003,0.063,0.3300000000000003,0.063
0.16755,0.013396499999999999,1.6500000000000006,0.3199999999999996,0.063,0.3199999999999996,0.063
0.1676,0.013254499999999999,1.5999999999999999,0.3300000000000003,0.062,1.350736948638962,0.062
0.16765000000000002,0.012765499999999999,1.4500000000000004,0.36000000000000054,0.062,0.36000000000000054,0.062
0.16770000000000002,0.0118605,1.3499999999999999,0.35999999999999965,0.061,0.35999999999999965,0.061
0.16775,0.011,1.2500000000000002,0.35999999999999965,0.066,0.35999999999999965,0.066
0.1678,0.0103135,1.1000000000000003,0.35000000000000075,0.06899999999999999,0.35000000000000075,0.06899999999999999
0.16785,0.0099965,1.0000000000000002,0.35000000000000075,0.07200000000000001,0.35000000000000075,0.07200000000000001
0.16790000000000002,0.010117,0.9500000000000004,0.3400000000000001,0.073,0.3400000000000001,0.073
0.16795000000000002,0.0105055,0.9500000000000004,0.3400000000000001,0.073,0.3400000000000001,0.073
0.168,0.010858,1.0000000000000002,0.3300000000000003,0.07200000000000001,0.3300000000000003,0.07200000000000001
0.16805,0.0111235,1.05,0.3300000000000003,0.06999999999999998,0.3300000000000003,0.06999999999999999
0.1681,0.011155499999999999,1.1500000000000001,0.3200000000000005,0.068,0.3200000000000005,0.068
0.16815000000000002,0.0109515,1.2,0.3200000000000005,0.06499999999999999,0.3200000000000005,0.06499999999999999
0.16820000000000002,0.0109115,1.3000000000000005,0.3300000000000003,0.061,0.3300000000000003,0.060000000000000005
0.16825,0.01078,1.3500000000000003,0.3400000000000001,0.056,0.3400000000000001,0.054
0.1683,0.010421,1.45,0.3300000000000003,0.054,0.3300000000000003,0.054
0.16835,0.0099545,1.5000000000000007,0.3300000000000003,0.059,0.3300000000000003,0.059
0.16840000000000002,0.009337,1.6000000000000003,0.3300000000000003,0.063,0.3300000000000003,0.063
0.16845000000000002,0.0086905,1.5999999999999994,0.3300000000000003,0.06499999999999999,0.3300000000000003,0.06499999999999999
0.1685,0.009141,0.9500000000000004,0.3300000000000003,0.066,0.3300000000000003,0.066
0.16855,0.0098585,0.9999999999999998,0.3199999999999996,0.066,0.3199999999999996,0.066
0.1686,0.010496,1.0499999999999996,0.3199999999999996,0.066,0.3199999999999996,0.066
0.16865,0.0110145,1.1500000000000001,0.3199999999999996,0.06499999999999999,0.3199999999999996,0.06499999999999999
0.16870000000000002,0.0114595,1.2000000000000004,0.3199999999999996,0.064,0.3199999999999996,0.064
0.16875,0.0118975,1.3,0.3199999999999996,0.063,0.3199999999999996,0.063
0.1688,0.012255,1.3999999999999997,0.3199999999999996,0.062,0.3199999999999996,0.062
0.16885,0.012489,1.4500000000000004,0.3199999999999996,0.061,0.3199999999999996,0.061
0.1689,0.0125845,1.4999999999999993,0.3199999999999996,0.062,0.3199999999999996,0.062
0.16895000000000002,0.012575999999999999,1.5499999999999992,0.3199999999999996,0.063,0.3199999999999996,0.063
0.169,0.012511999999999999,1.55,0.3199999999999996,0.064,0.3199999999999996,0.064
0.16905,0.012451499999999999,1.5499999999999992,0.3199999999999996,0.064,0.3199999999999996,0.064
0.1691,0.012461,1.55,0.3199999999999996,0.064,0.3199999999999996,0.064
0.16915,0.012497,1.500000000000001,0.3199999999999996,0.063,0.3199999999999996,0.063
0.16920000000000002,0.012631,1.5000000000000002,0.3300000000000003,0.063,0.3300000000000003,0.063
0.16925,0.0128925,1.5000000000000002,0.3300000000000003,0.063,0.3300000000000003,0.063
0.1693,0.01313,1.55,0.3300000000000003,0.062,0.3300000000000003,0.062
0.16935,0.0132695,1.550000000000001,0.3300000000000003,0.062,0.3300000000000003,0.062
0.1694,0.0133595,1.6499999999999997,0.3300000000000003,0.062,0.3300000000000003,0.062
0.16945000000000002,0.0133885,1.6499999999999997,0.3300000000000003,0.063,0.3300000000000003,0.063
0.1695,0.013368999999999999,1.6499999999999997,0.3300000000000003,0.064,0.3300000000000003,0.064
0.16955,0.0133405,1.6499999999999997,0.3300000000000003,0.064,0.3300000000000003,0.064
0.1696,0.013330999999999999,1.6500000000000006,0.3200000000000005,0.063,0.3200000000000005,0.063
0.16965,0.013188499999999999,1.55,0.3400000000000001,0.063,1.3457369503873982,0.063
0.16970000000000002,0.012665,1.4500000000000004,0.36999999999999944,0.062,0.36999999999999944,0.062
0.16975,0.0117945,1.3,0.36000000000000054,0.062,0.36000000000000054,0.062
0.1698,0.0109225,1.2000000000000004,0.36000000000000054,0.067,0.36000000000000054,0.067
0.16985,0.0102925,1.0999999999999999,0.34999999999999987,0.06999999999999998,0.34999999999999987,0.06999999999999999
0.1699,0.009903,1.0000000000000002,0.34999999999999987,0.073,0.34999999999999987,0.073
0.16995000000000002,0.0099165,0.9000000000000006,0.3400000000000001,0.074,0.3400000000000001,0.074
0.17,0.0102735,0.9000000000000006,0.3400000000000001,0.075,0.3400000000000001,0.075
0.17005,0.0107195,0.9000000000000006,0.3299999999999994,0.074,0.3299999999999994,0.074
0.1701,0.011104,0.9500000000000004,0.3299999999999994,0.073,0.3299999999999994,0.073
0.17015,0.011314999999999999,1.05,0.3200000000000005,0.07100000000000001,0.3200000000000005,0.07100000000000001
0.17020000000000002,0.011351499999999999,1.1000000000000008,0.3200000000000005,0.06899999999999999,0.3200000000000005,0.06899999999999999
0.17025,0.0111925,1.1499999999999997,0.3200000000000005,0.06499999999999999,0.3200000000000005,0.06499999999999999
0.1703,0.0112485,1.2499999999999993,0.3300000000000003,0.061,0.3300000000000003,0.061
0.17035,0.011228499999999999,1.3499999999999999,0.3400000000000001,0.056,0.3400000000000001,0.056
0.1704,0.011051,1.4000000000000006,0.3300000000000003,0.054,0.3300000000000003,0.054
0.17045000000000002,0.010778,1.5000000000000002,0.3300000000000003,0.059,0.3300000000000003,0.059
0.1705,0.0103605,1.5499999999999992,0.3300000000000003,0.063,0.3300000000000003,0.063
0.17055,0.009856,1.5999999999999999,0.3300000000000003,0.06499999999999999,0.3300000000000003,0.06499999999999999
0.1706,0.009786,1.2000000000000004,0.3300000000000003,0.066,0.3300000000000003,0.066
0.17065,0.0102215,1.0999999999999999,0.3199999999999996,0.066,0.3199999999999996,0.066
0.17070000000000002,0.010764,1.1000000000000008,0.3199999999999996,0.06499999999999999,0.3199999999999996,0.06499999999999999
0.17075,0.011250999999999999,1.2000000000000004,0.3199999999999996,0.064,0.3199999999999996,0.064
0.1708,0.0117275,1.2499999999999993,0.3199999999999996,0.063,0.3199999999999996,0.063
0.17085,0.012140999999999999,1.3,0.3199999999999996,0.062,0.3199999999999996,0.062
0.1709,0.012458499999999999,1.4500000000000004,0.3199999999999996,0.062,0.3199999999999996,0.062
0.17095000000000002,0.012657,1.5000000000000002,0.3199999999999996,0.061,0.3199999999999996,0.061
0.171,0.012728999999999999,1.5499999999999992,0.3199999999999996,0.062,0.3199999999999996,0.062
0.17105,0.0126675,1.55,0.3199999999999996,0.063,0.3199999999999996,0.063
0.1711,0.012572999999999999,1.5999999999999999,0.3199999999999996,0.063,0.3199999999999996,0.063
0.17115,0.0125115,1.55,0.3199999999999996,0.063,0.3199999999999996,0.063
0.17120000000000002,0.012477,1.55,0.3199999999999996,0.063,0.3199999999999996,0.063
0.17125,0.012516999999999999,1.4999999999999998,0.3299999999999994,0.062,0.3299999999999994,0.062
0.1713,0.012707,1.55,0.3299999999999994,0.062,0.3299999999999994,0.062
0.17135,0.0129035,1.5500000000000005,0.3299999999999994,0.062,0.3299999999999994,0.062
0.1714,0.013035999999999999,1.55,0.3299999999999994,0.061,0.3299999999999994,0.061
0.17145000000000002,0.013125,1.5999999999999994,0.3299999999999994,0.062,0.3299999999999994,0.062
0.1715,0.01317,1.6500000000000006,0.3299999999999994,0.063,0.3299999999999994,0.063
0.17155,0.0131425,1.6000000000000003,0.3299999999999994,0.064,0.3299999999999994,0.064
0.1716,0.0131455,1.6499999999999997,0.3299999999999994,0.064,0.3299999999999994,0.064
0.17165,0.0131285,1.6000000000000003,0.3200000000000005,0.063,0.3200000000000005,0.063
0.17170000000000002,0.0129965,1.5499999999999996,0.35000000000000075,0.063,1.384038227372367,0.063
0.17175,0.012418,1.4000000000000001,0.36999999999999944,0.062,0.36999999999999944,0.062
0.1718,0.011512,1.3000000000000005,0.35999999999999965,0.063,0.35999999999999965,0.063
0.17185,0.0107405,1.1500000000000001,0.35999999999999965,0.067,0.35999999999999965,0.067
0.1719,0.010117,1.1000000000000003,0.34999999999999987,0.07100000000000001,0.34999999999999987,0.07100000000000001
0.17195000000000002,0.0097325,1.0000000000000002,0.34999999999999987,0.073,0.34999999999999987,0.073
0.17200000000000001,0.0097115,0.9000000000000001,0.3399999999999992,0.074,0.3399999999999992,0.074
0.17205,0.010048,0.8500000000000003,0.3399999999999992,0.075,0.3399999999999992,0.075
0.1721,0.010485999999999999,0.9000000000000001,0.3300000000000003,0.074,0.3300000000000003,0.074
0.17215,0.010787,0.9500000000000004,0.3300000000000003,0.073,0.3300000000000003,0.073
0.17220000000000002,0.010936999999999999,1.0000000000000002,0.3199999999999996,0.07100000000000001,0.3199999999999996,0.07100000000000001
0.17225000000000001,0.0109175,1.05,0.3199999999999996,0.068,0.3199999999999996,0.068
0.1723,0.010763,1.0999999999999999,0.3199999999999996,0.06499999999999999,0.3199999999999996,0.06499999999999999
0.17235,0.010799999999999999,1.2500000000000002,0.3300000000000003,0.061,0.3300000000000003,0.061
0.1724,0.010754,1.3,0.3400000000000001,0.056,0.3400000000000001,0.056
0.17245000000000002,0.010633,1.3499999999999994,0.3299999999999994,0.054,0.3299999999999994,0.054
0.17250000000000001,0.010338,1.45,0.3299999999999994,0.059,0.3299999999999994,0.059
0.17255,0.009949999999999999,1.4999999999999998,0.3299999999999994,0.063,0.3299999999999994,0.063
0.1726,0.0095015,1.4999999999999993,0.3299999999999994,0.06499999999999999,0.3299999999999994,0.06499999999999999
0.17265,0.0095325,1.1500000000000001,0.3200000000000005,0.066,0.3200000000000005,0.066
0.17270000000000002,0.010017,1.0500000000000005,0.3200000000000005,0.066,0.3200000000000005,0.066
0.17275000000000001,0.010593,1.1000000000000003,0.3200000000000005,0.066,0.3200000000000005,0.066
0.1728,0.011087,1.1499999999999997,0.3200000000000005,0.06499999999999999,0.3200000000000005,0.06499999999999999
0.17285,0.011580499999999999,1.2000000000000004,0.3200000000000005,0.064,0.3200000000000005,0.064
0.1729,0.0120345,1.3499999999999999,0.3200000000000005,0.063,0.3200000000000005,0.063
0.17295000000000002,0.012395,1.4000000000000006,0.3200000000000005,0.062,0.3200000000000005,0.062
0.17300000000000001,0.012615999999999999,1.4499999999999995,0.3200000000000005,0.062,0.3200000000000005,0.062
0.17305,0.012707,1.4999999999999993,0.3200000000000005,0.062,0.3200000000000005,0.062
0.1731,0.0126935,1.55,0.3200000000000005,0.063,0.3200000000000005,0.063
0.17315,0.012595,1.55,0.3200000000000005,0.063,0.3200000000000005,0.063
0.17320000000000002,0.012518,1.5999999999999999,0.3200000000000005,0.063,0.3200000000000005,0.063
0.17325000000000002,0.012468,1.55,0.3200000000000005,0.063,0.3200000000000005,0.063
0.1733,0.012520499999999999,1.5000000000000002,0.3300000000000003,0.062,0.3300000000000003,0.062
0.17335,0.0126815,1.55,0.3300000000000003,0.062,0.3300000000000003,0.062
0.1734,0.012867,1.550000000000001,0.3300000000000003,0.062,0.3300000000000003,0.062
0.17345000000000002,0.0129965,1.55,0.3300000000000003,0.061,0.3300000000000003,0.061
0.17350000000000002,0.013063499999999999,1.5999999999999999,0.3300000000000003,0.062,0.3300000000000003,0.062
0.17355,0.013106,1.6499999999999997,0.3300000000000003,0.063,0.3300000000000003,0.063
0.1736,0.013104999999999999,1.6000000000000008,0.3300000000000003,0.064,0.3300000000000003,0.064
0.17365,0.013091,1.599999999999999,0.3300000000000003,0.063,0.3300000000000003,0.063
0.17370000000000002,0.013057,1.6000000000000008,0.3199999999999996,0.063,0.3199999999999996,0.063
0.17375000000000002,0.012825,1.500000000000001,0.37000000000000033,0.063,1.3740382308692398,0.063
0.1738,0.011974,1.3500000000000008,0.36000000000000054,0.062,0.36000000000000054,0.062
0.17385,0.011136499999999999,1.2000000000000004,0.35999999999999965,0.064,0.35999999999999965,0.064
0.1739,0.010397,1.0999999999999999,0.35999999999999965,0.068,0.35999999999999965,0.068
0.17395000000000002,0.009830499999999999,1.05,0.34999999999999987,0.07100000000000001,0.34999999999999987,0.07100000000000001
0.17400000000000002,0.009543,0.9499999999999995,0.34999999999999987,0.073,0.34999999999999987,0.073
0.17405,0.0097105,0.8499999999999999,0.3400000000000001,0.074,0.3400000000000001,0.074
0.1741,0.0100725,0.8999999999999997,0.3400000000000001,0.074,0.3400000000000001,0.074
0.17415,0.0104015,0.9499999999999995,0.3300000000000003,0.073,0.3300000000000003,0.073
0.17420000000000002,0.010551,1.0000000000000002,0.3300000000000003,0.07100000000000001,0.3300000000000003,0.07100000000000001
0.17425000000000002,0.0105095,1.0499999999999992,0.3199999999999996,0.068,0.3199999999999996,0.068
0.1743,0.0103575,1.0999999999999999,0.3199999999999996,0.06499999999999999,0.3199999999999996,0.06499999999999999
0.17435,0.0104145,1.1999999999999995,0.3299999999999994,0.061,0.3299999999999994,0.061
0.1744,0.0103485,1.2999999999999992,0.3400000000000001,0.056,0.3400000000000001,0.056
0.17445000000000002,0.010157,1.3499999999999999,0.3400000000000001,0.054,0.3400000000000001,0.054
0.17450000000000002,0.009774,1.4499999999999995,0.3300000000000003,0.059,0.3300000000000003,0.059
0.17455,0.009354,1.4500000000000004,0.3300000000000003,0.062,0.3300000000000003,0.062
0.1746,0.0088135,1.5000000000000002,0.3300000000000003,0.064,0.3300000000000003,0.064
0.17465,0.008919,1.05,0.3300000000000003,0.066,0.3300000000000003,0.066
0.17470000000000002,0.009476,1.0000000000000002,0.3300000000000003,0.066,0.3300000000000003,0.066
0.17475000000000002,0.0100425,1.05,0.3300000000000003,0.06499999999999999,0.3300000000000003,0.06499999999999999
0.1748,0.010503,1.0999999999999999,0.3200000000000005,0.06499999999999999,0.3200000000000005,0.06499999999999999
0.17485,0.010928499999999999,1.1999999999999995,0.3200000000000005,0.064,0.3200000000000005,0.064
0.1749,0.011397,1.2500000000000002,0.3200000000000005,0.063,0.3200000000000005,0.063
0.17495000000000002,0.011734,1.3,0.3200000000000005,0.062,0.3200000000000005,0.062
0.17500000000000002,0.011954999999999999,1.3999999999999997,0.3200000000000005,0.061,0.3200000000000005,0.061
0.17505,0.0120965,1.4500000000000004,0.3200000000000005,0.062,0.3200000000000005,0.062
0.1751,0.0121065,1.5000000000000002,0.3200000000000005,0.063,0.3200000000000005,0.063
0.17515,0.012060999999999999,1.5000000000000002,0.3200000000000005,0.064,0.3200000000000005,0.064
0.1752,0.012010499999999999,1.4999999999999993,0.3200000000000005,0.064,0.3200000000000005,0.064
0.17525000000000002,0.0119625,1.4500000000000004,0.3200000000000005,0.063,0.3200000000000005,0.063
0.1753,0.011946499999999999,1.4499999999999995,0.3200000000000005,0.063,0.3200000000000005,0.063
0.17535,0.0121525,1.4500000000000004,0.3300000000000003,0.062,0.3300000000000003,0.062
0.1754,0.0123635,1.4500000000000004,0.3300000000000003,0.062,0.3300000000000003,0.062
0.17545,0.012544,1.4999999999999998,0.3300000000000003,0.061,0.3300000000000003,0.061
0.17550000000000002,0.012660999999999999,1.5000000000000002,0.3300000000000003,0.061,0.3300000000000003,0.061
0.17555,0.012721,1.5999999999999994,0.3300000000000003,0.062,0.3300000000000003,0.062
0.1756,0.0127265,1.5999999999999999,0.3300000000000003,0.063,0.3300000000000003,0.063
0.17565,0.012699499999999999,1.5499999999999996,0.3300000000000003,0.063,0.3300000000000003,0.063
0.1757,0.012655,1.5499999999999996,0.3200000000000005,0.063,0.3200000000000005,0.063
0.17575000000000002,0.012546,1.5000000000000007,0.3400000000000001,0.062,1.3640382343661186,0.062
0.1758,0.012003,1.4000000000000001,0.35999999999999965,0.062,0.35999999999999965,0.062
0.17585,0.0111465,1.2500000000000002,0.36000000000000054,0.062,0.36000000000000054,0.062
0.1759,0.010334999999999999,1.1500000000000006,0.36000000000000054,0.066,0.36000000000000054,0.066
0.17595,0.009667,1.05,0.34999999999999987,0.06899999999999999,0.34999999999999987,0.06899999999999999
0.17600000000000002,0.009238,0.95,0.34999999999999987,0.07200000000000001,0.34999999999999987,0.07200000000000001
0.17605,0.009233,0.8499999999999999,0.3400000000000001,0.073,0.3400000000000001,0.073
0.1761,0.0095745,0.8499999999999999,0.3400000000000001,0.073,0.3400000000000001,0.073
0.17615,0.0099025,0.8999999999999997,0.3299999999999994,0.073,0.3299999999999994,0.073
0.1762,0.010099,0.95,0.3299999999999994,0.07100000000000001,0.3299999999999994,0.07100000000000001
0.17625000000000002,0.0101625,0.95,0.3199999999999996,0.06899999999999999,0.3199999999999996,0.06899999999999999
0.1763,0.010125499999999999,1.0500000000000005,0.3199999999999996,0.067,0.3199999999999996,0.067
0.17635,0.009989999999999999,1.1500000000000001,0.3199999999999996,0.063,0.3199999999999996,0.063
0.1764,0.0100285,1.2499999999999998,0.3300000000000003,0.058,0.3300000000000003,0.058
0.17645,0.009939499999999999,1.2499999999999998,0.3400000000000001,0.053,0.3400000000000001,0.053
0.17650000000000002,0.0097035,1.3500000000000003,0.3400000000000001,0.056,0.3400000000000001,0.056
0.17655,0.00934,1.3999999999999997,0.3300000000000003,0.060000000000000005,0.3300000000000003,0.060000000000000005
0.1766,0.008884999999999999,1.4499999999999995,0.3300000000000003,0.063,0.3300000000000003,0.063
0.17665,0.0085725,1.1500000000000001,0.3300000000000003,0.06499999999999999,0.3300000000000003,0.06499999999999999
0.1767,0.008999499999999999,0.95,0.3300000000000003,0.06499999999999999,0.3300000000000003,0.06499999999999999
0.17675000000000002,0.0095735,0.9999999999999993,0.3300000000000003,0.06499999999999999,0.3300000000000003,0.06499999999999999
0.1768,0.0100775,1.05,0.3199999999999996,0.06499999999999999,0.3199999999999996,0.06499999999999999
0.17685,0.010477,1.1000000000000008,0.3199999999999996,0.064,0.3199999999999996,0.064
0.1769,0.010971999999999999,1.2000000000000004,0.3199999999999996,0.063,0.3199999999999996,0.063
0.17695,0.0113825,1.2499999999999993,0.3199999999999996,0.062,0.3199999999999996,0.062
0.17700000000000002,0.0116555,1.3,0.3199999999999996,0.061,0.3199999999999996,0.061
0.17705,0.011817999999999999,1.3999999999999997,0.3199999999999996,0.061,0.3199999999999996,0.061
0.1771,0.011892,1.4499999999999995,0.3199999999999996,0.063,0.3199999999999996,0.063
0.17715,0.011875,1.4500000000000004,0.3199999999999996,0.063,0.3199999999999996,0.063
0.1772,0.011817,1.4499999999999995,0.3199999999999996,0.064,0.3199999999999996,0.064
0.17725000000000002,0.011762499999999999,1.4499999999999995,0.3199999999999996,0.063,0.3199999999999996,0.063
0.1773,0.011732,1.4000000000000006,0.3199999999999996,0.063,0.3199999999999996,0.063
0.17735,0.01192,1.4500000000000004,0.3299999999999994,0.062,0.3299999999999994,0.062
0.1774,0.0121365,1.4499999999999995,0.3299999999999994,0.062,0.3299999999999994,0.062
0.17745,0.0123155,1.4499999999999995,0.3299999999999994,0.061,0.3299999999999994,0.061
0.17750000000000002,0.0124475,1.55,0.3299999999999994,0.061,0.3299999999999994,0.061
0.17755,0.0125315,1.5499999999999992,0.3299999999999994,0.062,0.3299999999999994,0.062
0.1776,0.012527499999999999,1.55,0.3299999999999994,0.063,0.3299999999999994,0.063
0.17765,0.0125075,1.55,0.3299999999999994,0.063,0.3299999999999994,0.063
0.1777,0.012461499999999999,1.5499999999999992,0.3199999999999996,0.063,0.3199999999999996,0.063
0.17775000000000002,0.012312,1.5000000000000002,0.3400000000000001,0.062,1.3540382378629916,0.062
0.1778,0.0117545,1.3499999999999999,0.35999999999999965,0.062,0.35999999999999965,0.062
0.17785,0.010946,1.1999999999999995,0.37000000000000033,0.062,0.37000000000000033,0.062
0.1779,0.010183,1.0999999999999999,0.36000000000000054,0.066,0.36000000000000054,0.066
0.17795,0.009563,1.0499999999999992,0.36000000000000054,0.06999999999999998,0.36000000000000054,0.06999999999999999
0.17800000000000002,0.0091875,0.8999999999999997,0.34999999999999987,0.07200000000000001,0.34999999999999987,0.07200000000000001
0.17805,0.009268,0.849999999999999,0.34999999999999987,0.073,0.34999999999999987,0.073
0.1781,0.009594,0.849999999999999,0.3400000000000001,0.074,0.3400000000000001,0.074
0.17815,0.009918999999999999,0.8999999999999997,0.3400000000000001,0.073,0.3400000000000001,0.073
0.1782,0.0101505,0.9499999999999995,0.3400000000000001,0.07200000000000001,0.3400000000000001,0.07200000000000001
0.17825000000000002,0.010307,0.9500000000000004,0.3300000000000003,0.06999999999999998,0.3300000000000003,0.06999999999999999
0.17830000000000001,0.010310999999999999,1.000000000000001,0.3300000000000003,0.068,0.3300000000000003,0.068
0.17835,0.0101415,1.1000000000000008,0.3200000000000005,0.064,0.3200000000000005,0.064
0.1784,0.010258,1.1499999999999997,0.3300000000000003,0.060000000000000005,0.3300000000000003,0.060000000000000005
0.17845,0.010194,1.2000000000000004,0.3400000000000001,0.055,0.3400000000000001,0.055
0.17850000000000002,0.0099585,1.3,0.3400000000000001,0.055,0.3400000000000001,0.055
0.17855000000000001,0.0096305,1.3499999999999999,0.3299999999999994,0.059,0.3299999999999994,0.059
0.1786,0.0091895,1.4000000000000006,0.3299999999999994,0.062,0.3299999999999994,0.062
0.17865,0.008679,1.3999999999999997,0.3299999999999994,0.064,0.3299999999999994,0.064
0.1787,0.00865,1.05,0.3299999999999994,0.06499999999999999,0.3299999999999994,0.06499999999999999
0.17875000000000002,0.009041,0.9999999999999993,0.3299999999999994,0.064,0.3299999999999994,0.064
0.17880000000000001,0.0094665,1.05,0.3199999999999996,0.064,0.3199999999999996,0.064
0.17885,0.0098215,1.05,0.3199999999999996,0.063,0.3199999999999996,0.063
0.1789,0.010227499999999999,1.1499999999999997,0.3199999999999996,0.062,0.3199999999999996,0.062
0.17895,0.010581499999999999,1.2499999999999993,0.3199999999999996,0.061,0.3199999999999996,0.061
0.17900000000000002,0.010863,1.300000000000001,0.3199999999999996,0.060000000000000005,0.3199999999999996,0.060000000000000005
0.17905000000000001,0.011038,1.3499999999999999,0.3199999999999996,0.060000000000000005,0.3199999999999996,0.060000000000000005
0.1791,0.011113999999999999,1.3999999999999997,0.3199999999999996,0.062,0.3199999999999996,0.062
0.17915,0.011117,1.4500000000000004,0.3199999999999996,0.063,0.3199999999999996,0.063
0.1792,0.01112,1.3999999999999997,0.3199999999999996,0.064,0.3199999999999996,0.064
0.17925000000000002,0.0111565,1.3499999999999999,0.3199999999999996,0.064,0.3199999999999996,0.064
0.17930000000000001,0.011217,1.3499999999999999,0.3199999999999996,0.063,0.3199999999999996,0.063
0.17935,0.011458999999999999,1.3500000000000003,0.3299999999999994,0.063,0.3299999999999994,0.063
0.1794,0.011767,1.3500000000000008,0.3299999999999994,0.062,0.3299999999999994,0.062
0.17945,0.0120555,1.3999999999999997,0.3299999999999994,0.062,0.3299999999999994,0.062
0.17950000000000002,0.012244999999999999,1.45,0.3299999999999994,0.061,0.3299999999999994,0.061
0.17955000000000002,0.012365,1.4999999999999998,0.3299999999999994,0.062,0.3299999999999994,0.062
0.1796,0.012395,1.5500000000000005,0.3299999999999994,0.063,0.3299999999999994,0.063
0.17965,0.0123805,1.55,0.3299999999999994,0.063,0.3299999999999994,0.063
0.1797,0.012322999999999999,1.5499999999999996,0.3199999999999996,0.062,0.3199999999999996,0.062
0.17975000000000002,0.012162,1.4999999999999998,0.3300000000000003,0.062,1.3407326188003008,0.062
0.17980000000000002,0.011677499999999999,1.3500000000000003,0.36000000000000054,0.062,0.36000000000000054,0.062
0.17985,0.0108395,1.2499999999999998,0.36000000000000054,0.061,0.36000000000000054,0.061
0.1799,0.010024,1.1500000000000001,0.35999999999999965,0.066,0.35999999999999965,0.066
0.17995,0.009349999999999999,1.0500000000000005,0.35999999999999965,0.06899999999999999,0.35999999999999965,0.06899999999999999
0.18000000000000002,0.008992,0.9000000000000001,0.34999999999999987,0.07100000000000001,0.34999999999999987,0.07100000000000001
0.18005000000000002,0.0089965,0.8500000000000003,0.34999999999999987,0.073,0.34999999999999987,0.073
0.1801,0.0092765,0.8500000000000003,0.34999999999999987,0.073,0.34999999999999987,0.073
0.18015,0.0095775,0.8500000000000003,0.3400000000000001,0.073,0.3400000000000001,0.073
0.1802,0.0098125,0.8499999999999999,0.3400000000000001,0.07200000000000001,0.3400000000000001,0.07200000000000001
0.18025000000000002,0.009986499999999999,0.8999999999999997,0.3300000000000003,0.06999999999999998,0.3300000000000003,0.06999999999999999
0.18030000000000002,0.01,1.0000000000000002,0.3300000000000003,0.068,0.3300000000000003,0.068
0.18035,0.009845,1.05,0.3300000000000003,0.06499999999999999,0.3300000000000003,0.06499999999999999
0.1804,0.009962,1.0999999999999999,0.3399999999999992,0.061,0.3399999999999992,0.061
0.18045,0.009953499999999999,1.2000000000000004,0.3400000000000001,0.056,0.3400000000000001,0.056
0.18050000000000002,0.009744,1.2500000000000002,0.3400000000000001,0.053,0.3400000000000001,0.053
0.18055000000000002,0.009491,1.3,0.3300000000000003,0.058,0.3300000000000003,0.058
0.1806,0.009091499999999999,1.3499999999999994,0.3300000000000003,0.061,0.3300000000000003,0.061
0.18065,0.008638,1.3500000000000003,0.3300000000000003,0.063,0.3300000000000003,0.063
0.1807,0.00848,1.0999999999999999,0.3300000000000003,0.064,0.3300000000000003,0.064
0.18075000000000002,0.0087825,0.9499999999999995,0.3300000000000003,0.064,0.3300000000000003,0.064
0.18080000000000002,0.0092005,1.0000000000000002,0.3200000000000005,0.063,0.3200000000000005,0.063
0.18085,0.0095125,0.9999999999999993,0.3200000000000005,0.062,0.3200000000000005,0.062
0.1809,0.009928,1.0999999999999999,0.3200000000000005,0.061,0.3200000000000005,0.061
0.18095,0.010298,1.1499999999999997,0.3200000000000005,0.061,0.3200000000000005,0.061
0.18100000000000002,0.0105565,1.1999999999999995,0.3200000000000005,0.060000000000000005,0.3200000000000005,0.060000000000000005
0.18105000000000002,0.0107225,1.3,0.3200000000000005,0.060000000000000005,0.3200000000000005,0.060000000000000005
0.1811,0.010801999999999999,1.3499999999999999,0.3200000000000005,0.062,0.3200000000000005,0.062
0.18115,0.010822499999999999,1.3499999999999999,0.3200000000000005,0.063,0.3200000000000005,0.063
0.1812,0.0108065,1.3499999999999999,0.3200000000000005,0.063,0.3200000000000005,0.063
0.18125000000000002,0.010841,1.3500000000000008,0.3200000000000005,0.063,0.3200000000000005,0.063
0.18130000000000002,0.010895,1.3,0.3200000000000005,0.063,0.3200000000000005,0.063
0.18135,0.011155499999999999,1.3500000000000008,0.3300000000000003,0.062,0.3300000000000003,0.062
0.1814,0.0114725,1.3500000000000008,0.3300000000000003,0.062,0.3300000000000003,0.062
0.18145,0.011767999999999999,1.3999999999999997,0.3300000000000003,0.061,0.3300000000000003,0.061
0.18150000000000002,0.011965,1.4500000000000004,0.3300000000000003,0.061,0.3300000000000003,0.061
0.18155000000000002,0.0120865,1.4499999999999995,0.3300000000000003,0.062,0.3300000000000003,0.062
0.1816,0.012136,1.4999999999999993,0.3300000000000003,0.062,0.3300000000000003,0.062
0.18165,0.012107999999999999,1.55,0.3300000000000003,0.062,0.3300000000000003,0.062
0.1817,0.012065,1.5000000000000002,0.3199999999999996,0.062,0.3199999999999996,0.062
0.18175,0.011845999999999999,1.4000000000000006,0.35999999999999965,0.062,1.3024356751508728,0.062
0.18180000000000002,0.011280499999999999,1.300000000000001,0.37000000000000033,0.061,0.37000000000000033,0.061
0.18185,0.010581499999999999,1.2000000000000004,0.36999999999999944,0.063,0.36999999999999944,0.063
0.1819,0.0100165,1.05,0.36999999999999944,0.068,0.36999999999999944,0.068
0.18195,0.0098215,0.9500000000000004,0.35999999999999965,0.07200000000000001,0.35999999999999965,0.07200000000000001
0.182,0.009993499999999999,0.8499999999999999,0.34999999999999987,0.074,0.34999999999999987,0.074
0.18205000000000002,0.0106165,0.8499999999999999,0.34999999999999987,0.076,0.34999999999999987,0.076
0.1821,0.011339499999999999,0.8999999999999997,0.3399999999999992,0.077,0.3399999999999992,0.077
0.18215,0.012022,0.9499999999999995,0.34999999999999987,0.077,0.34999999999999987,0.077
0.1822,0.0126635,1.0000000000000002,0.3400000000000001,0.076,0.3400000000000001,0.076
0.18225,0.0130955,1.0999999999999999,0.3400000000000001,0.074,0.3400000000000001,0.074
0.18230000000000002,0.013330499999999999,1.2000000000000004,0.3300000000000003,0.07200000000000001,0.3300000000000003,0.07200000000000001
0.18235,0.013437999999999999,1.2000000000000004,0.3199999999999996,0.06999999999999998,0.3199999999999996,0.06999999999999999
0.1824,0.013481,1.3,0.3300000000000003,0.066,0.3300000000000003,0.066
0.18245,0.013649,1.4500000000000004,0.3400000000000001,0.062,0.3400000000000001,0.062
0.1825,0.013644499999999999,1.4999999999999993,0.3300000000000003,0.059,0.3300000000000003,0.059
0.18255000000000002,0.0135415,1.599999999999999,0.3300000000000003,0.059,0.3300000000000003,0.059
0.1826,0.0132435,1.6499999999999997,0.3300000000000003,0.063,0.3300000000000003,0.063
0.18265,0.012856,1.7500000000000002,0.3300000000000003,0.06499999999999999,0.3300000000000003,0.06499999999999999
0.1827,0.0122925,1.7500000000000002,0.3199999999999996,0.066,0.3199999999999996,0.066
0.18275,0.011941,1.550000000000001,0.3199999999999996,0.067,0.3199999999999996,0.067
0.18280000000000002,0.0120655,1.3999999999999997,0.3199999999999996,0.066,0.3199999999999996,0.066
0.18285,0.0124245,1.3,0.3199999999999996,0.06499999999999999,0.3199999999999996,0.06499999999999999
0.1829,0.012806,1.3499999999999999,0.3199999999999996,0.064,0.3199999999999996,0.064
0.18295,0.01329,1.4499999999999995,0.3300000000000003,0.063,0.3300000000000003,0.063
0.183,0.0136565,1.4999999999999993,0.34000000000000097,0.062,0.34000000000000097,0.062
0.18305000000000002,0.0138715,1.55,0.3300000000000003,0.061,0.3300000000000003,0.061
0.1831,0.013961999999999999,1.6500000000000001,0.3300000000000003,0.062,0.3300000000000003,0.062
0.18315,0.013947,1.7000000000000004,0.3300000000000003,0.064,0.3300000000000003,0.064
0.1832,0.0137945,1.7,0.3300000000000003,0.06499999999999999,0.3300000000000003,0.06499999999999999
0.18325,0.013646499999999999,1.7500000000000002,0.3300000000000003,0.06499999999999999,0.3300000000000003,0.06499999999999999
0.18330000000000002,0.0135715,1.6500000000000001,0.3300000000000003,0.06499999999999999,0.3300000000000003,0.06499999999999999
0.18335,0.0135435,1.6000000000000008,0.3300000000000003,0.064,0.3300000000000003,0.064
0.1834,0.013517,1.55,0.3200000000000005,0.063,1.3407369521358372,0.063
0.18345,0.0131635,1.4499999999999995,0.35999999999999965,0.062,0.35999999999999965,0.062
0.1835,0.012338,1.3499999999999999,0.36000000000000054,0.062,0.36000000000000054,0.062
0.18355000000000002,0.011462,1.2500000000000002,0.36000000000000054,0.06499999999999999,0.36000000000000054,0.06499999999999999
0.1836,0.010763499999999999,1.1499999999999997,0.34999999999999987,0.06899999999999999,0.34999999999999987,0.06899999999999999
0.18365,0.010305,1.0999999999999999,0.34999999999999987,0.07200000000000001,0.34999999999999987,0.07200000000000001
0.1837,0.0102385,0.9500000000000004,0.3400000000000001,0.073,0.3400000000000001,0.073
0.18375,0.010652499999999999,0.9500000000000004,0.3400000000000001,0.074,0.3400000000000001,0.074
0.18380000000000002,0.0112195,0.9500000000000004,0.3299999999999994,0.074,0.3299999999999994,0.074
0.18385,0.011646,1.05,0.3299999999999994,0.07200000000000001,0.3299999999999994,0.07200000000000001
0.1839,0.011902,1.0999999999999999,0.3299999999999994,0.06999999999999998,0.3299999999999994,0.06999999999999999
0.18395,0.011928,1.2000000000000004,0.3200000000000005,0.068,0.3200000000000005,0.068
0.184,0.0117565,1.2499999999999998,0.3200000000000005,0.064,0.3200000000000005,0.064
0.18405000000000002,0.011873499999999999,1.3499999999999994,0.3300000000000003,0.060000000000000005,0.3300000000000003,0.059
0.1841,0.011774999999999999,1.45,0.3400000000000001,0.055,0.3400000000000001,0.054
0.18415,0.011542499999999999,1.5000000000000007,0.3300000000000003,0.056,0.3300000000000003,0.056
0.1842,0.011162,1.6000000000000003,0.3300000000000003,0.061,0.3300000000000003,0.061
0.18425,0.010659499999999999,1.7000000000000008,0.3300000000000003,0.064,0.3300000000000003,0.064
0.18430000000000002,0.010147999999999999,1.4000000000000001,0.3300000000000003,0.066,0.3300000000000003,0.066
0.18435,0.010406499999999999,1.2499999999999993,0.3300000000000003,0.066,0.3300000000000003,0.066
0.1844,0.011018499999999999,1.1500000000000006,0.3300000000000003,0.066,0.3300000000000003,0.066
0.18445,0.0116375,1.2000000000000004,0.3200000000000005,0.06499999999999999,0.3200000000000005,0.06499999999999999
0.1845,0.0121675,1.2499999999999993,0.3200000000000005,0.06499999999999999,0.3200000000000005,0.06499999999999999
0.18455000000000002,0.012686999999999999,1.3499999999999999,0.3200000000000005,0.064,0.3200000000000005,0.064
0.18460000000000001,0.013137,1.4500000000000004,0.3300000000000003,0.063,0.3300000000000003,0.063
0.18465,0.013464499999999999,1.5000000000000002,0.3200000000000005,0.063,0.3200000000000005,0.063
0.1847,0.013637999999999999,1.55,0.3300000000000003,0.062,0.3300000000000003,0.062
0.18475,0.0136875,1.6500000000000006,0.3300000000000003,0.063,0.3300000000000003,0.063
0.18480000000000002,0.013616,1.7000000000000004,0.3200000000000005,0.064,0.3200000000000005,0.064
0.18485000000000001,0.013493,1.6500000000000006,0.3200000000000005,0.064,0.3200000000000005,0.064
0.1849,0.013389499999999999,1.6500000000000006,0.3200000000000005,0.063,0.3200000000000005,0.063
0.18495,0.013306499999999999,1.6499999999999997,0.3200000000000005,0.063,0.3200000000000005,0.063
0.185,0.0131825,1.5999999999999999,0.3200000000000005,0.063,1.335736953884276,0.063
0.18505000000000002,0.012771,1.4500000000000004,0.36000000000000054,0.062,0.36000000000000054,0.062
0.18510000000000001,0.0118855,1.3499999999999999,0.37000000000000033,0.062,0.37000000000000033,0.062
0.18515,0.0110415,1.2000000000000004,0.35999999999999965,0.06499999999999999,0.35999999999999965,0.06499999999999999
0.1852,0.010352499999999999,1.1500000000000006,0.35999999999999965,0.06899999999999999,0.35999999999999965,0.06899999999999999
0.18525,0.009901499999999999,1.05,0.34999999999999987,0.07100000000000001,0.34999999999999987,0.07100000000000001
0.18530000000000002,0.009869,0.8999999999999997,0.34999999999999987,0.073,0.34999999999999987,0.073
0.18535000000000001,0.010319499999999999,0.849999999999999,0.3400000000000001,0.074,0.3400000000000001,0.074
0.1854,0.010823,0.8999999999999997,0.3400000000000001,0.073,0.3400000000000001,0.073
0.18545,0.0112535,0.9999999999999993,0.3300000000000003,0.07200000000000001,0.3300000000000003,0.07200000000000001
0.1855,0.011451999999999999,1.05,0.3300000000000003,0.06999999999999998,0.3300000000000003,0.06999999999999999
0.18555000000000002,0.011488,1.0999999999999999,0.3199999999999996,0.068,0.3199999999999996,0.068
0.18560000000000001,0.011349999999999999,1.1999999999999995,0.3199999999999996,0.06499999999999999,0.3199999999999996,0.06499999999999999
0.18565,0.011427,1.3,0.3299999999999994,0.060000000000000005,0.3299999999999994,0.060000000000000005
0.1857,0.0113695,1.3500000000000008,0.3400000000000001,0.055,0.3400000000000001,0.054
0.18575,0.011176499999999999,1.4500000000000004,0.3400000000000001,0.055,0.3400000000000001,0.055
0.18580000000000002,0.0108095,1.5000000000000002,0.3299999999999994,0.060000000000000005,0.3299999999999994,0.060000000000000005
0.18585000000000002,0.0103945,1.5999999999999999,0.3299999999999994,0.063,0.3299999999999994,0.063
0.1859,0.0098465,1.6500000000000006,0.3299999999999994,0.06499999999999999,0.3299999999999994,0.06499999999999999
0.18595,0.010025,1.1499999999999997,0.3299999999999994,0.066,0.3299999999999994,0.066
0.186,0.010678,1.0999999999999999,0.3299999999999994,0.066,0.3299999999999994,0.066
0.18605000000000002,0.011307,1.1499999999999997,0.3200000000000005,0.06499999999999999,0.3200000000000005,0.06499999999999999
0.18610000000000002,0.0118175,1.1999999999999995,0.3200000000000005,0.064,0.3200000000000005,0.064
0.18615,0.0123555,1.3,0.3200000000000005,0.064,0.3200000000000005,0.064
0.1862,0.012801,1.3999999999999997,0.3200000000000005,0.063,0.3200000000000005,0.063
0.18625,0.0131285,1.4500000000000004,0.3200000000000005,0.062,0.3200000000000005,0.062
0.18630000000000002,0.0133105,1.55,0.3200000000000005,0.061,0.3200000000000005,0.061
0.18635000000000002,0.0133665,1.6000000000000003,0.3200000000000005,0.063,0.3200000000000005,0.063
0.1864,0.0132765,1.6499999999999997,0.3200000000000005,0.064,0.3200000000000005,0.064
0.18645,0.013169499999999999,1.6500000000000001,0.3200000000000005,0.064,0.3200000000000005,0.064
0.1865,0.0130695,1.5999999999999999,0.3200000000000005,0.064,0.3200000000000005,0.064
0.18655000000000002,0.0129895,1.6000000000000003,0.3200000000000005,0.063,0.3200000000000005,0.063
0.18660000000000002,0.01287,1.55,0.3300000000000003,0.063,1.3690382326176773,0.063
0.18665,0.012426,1.3999999999999997,0.36000000000000054,0.062,0.36000000000000054,0.062
0.1867,0.0116145,1.2499999999999998,0.37000000000000033,0.062,0.37000000000000033,0.062
0.18675,0.0108525,1.2,0.35999999999999965,0.066,0.35999999999999965,0.066
0.18680000000000002,0.010176,1.1000000000000003,0.35999999999999965,0.06999999999999998,0.35999999999999965,0.06999999999999999
0.18685000000000002,0.009755999999999999,0.9999999999999998,0.35000000000000075,0.07200000000000001,0.35000000000000075,0.07200000000000001
0.1869,0.0097325,0.8500000000000003,0.35000000000000075,0.074,0.35000000000000075,0.074
0.18695,0.0101955,0.8500000000000003,0.3400000000000001,0.074,0.3400000000000001,0.074
0.187,0.0106235,0.9000000000000001,0.3300000000000003,0.074,0.3300000000000003,0.074
0.18705000000000002,0.010943999999999999,0.9999999999999998,0.3300000000000003,0.07200000000000001,0.3300000000000003,0.07200000000000001
0.18710000000000002,0.0110935,1.0500000000000005,0.3300000000000003,0.06999999999999998,0.3300000000000003,0.06999999999999999
0.18715,0.011116,1.1000000000000003,0.3200000000000005,0.068,0.3200000000000005,0.068
0.1872,0.010917999999999999,1.2,0.3200000000000005,0.064,0.3200000000000005,0.064
0.18725,0.011047,1.3000000000000005,0.3299999999999994,0.060000000000000005,0.3299999999999994,0.060000000000000005
0.18730000000000002,0.0109955,1.3499999999999999,0.3399999999999992,0.054,0.3399999999999992,0.053
0.18735000000000002,0.0107795,1.4499999999999995,0.3300000000000003,0.056,0.3300000000000003,0.056
0.1874,0.010443,1.4999999999999998,0.3300000000000003,0.060000000000000005,0.3300000000000003,0.060000000000000005
0.18745,0.0099805,1.6000000000000003,0.3300000000000003,0.063,0.3300000000000003,0.063
0.1875,0.009526999999999999,1.3,0.3300000000000003,0.06499999999999999,0.3300000000000003,0.06499999999999999
0.18755000000000002,0.009901,1.0999999999999999,0.3300000000000003,0.06499999999999999,0.3300000000000003,0.06499999999999999
0.18760000000000002,0.010532999999999999,1.05,0.3300000000000003,0.06499999999999999,0.3300000000000003,0.06499999999999999
0.18765,0.011091,1.1999999999999995,0.3199999999999996,0.064,0.3199999999999996,0.064
0.1877,0.0116175,1.2499999999999993,0.3199999999999996,0.063,0.3199999999999996,0.063
0.18775,0.0121525,1.3,0.3199999999999996,0.063,0.3199999999999996,0.063
0.18780000000000002,0.012528,1.3500000000000008,0.3199999999999996,0.062,0.3199999999999996,0.062
0.18785000000000002,0.012787999999999999,1.4500000000000004,0.3199999999999996,0.061,0.3199999999999996,0.061
0.1879,0.01294,1.550000000000001,0.3199999999999996,0.062,0.3199999999999996,0.062
0.18795,0.012947499999999999,1.6000000000000008,0.3199999999999996,0.063,0.3199999999999996,0.063
0.188,0.01287,1.5999999999999999,0.3199999999999996,0.064,0.3199999999999996,0.064
0.18805000000000002,0.012747999999999999,1.5999999999999999,0.3199999999999996,0.064,0.3199999999999996,0.064
0.18810000000000002,0.0126795,1.6000000000000008,0.3199999999999996,0.063,0.3199999999999996,0.063
0.18815,0.0125875,1.5499999999999992,0.3200000000000005,0.063,1.3490382396114287,0.063
0.1882,0.012228,1.3999999999999997,0.35999999999999965,0.062,0.35999999999999965,0.062
0.18825,0.011484,1.2499999999999993,0.35999999999999965,0.062,0.35999999999999965,0.062
0.1883,0.0106985,1.1499999999999997,0.36000000000000054,0.06499999999999999,0.36000000000000054,0.06499999999999999
0.18835000000000002,0.010024,1.0999999999999999,0.36000000000000054,0.06899999999999999,0.36000000000000054,0.06899999999999999
0.1884,0.0095415,1.0000000000000002,0.34999999999999987,0.07200000000000001,0.34999999999999987,0.07200000000000001
0.18845,0.009529,0.8500000000000008,0.34999999999999987,0.073,0.34999999999999987,0.073
0.1885,0.009897,0.8500000000000008,0.3400000000000001,0.074,0.3400000000000001,0.074
0.18855,0.010284999999999999,0.9000000000000006,0.3400000000000001,0.073,0.3400000000000001,0.073
0.18860000000000002,0.0105895,1.000000000000001,0.3299999999999994,0.07200000000000001,0.3299999999999994,0.07200000000000001
0.18865,0.010725499999999999,1.0000000000000002,0.3299999999999994,0.06999999999999998,0.3299999999999994,0.06999999999999999
0.1887,0.010704499999999999,1.0999999999999999,0.3200000000000005,0.067,0.3200000000000005,0.067
0.18875,0.010588,1.2000000000000004,0.3300000000000003,0.064,0.3300000000000003,0.064
0.1888,0.0106945,1.3,0.3300000000000003,0.059,0.3300000000000003,0.059
0.18885000000000002,0.010646,1.3499999999999999,0.3400000000000001,0.054,0.3400000000000001,0.053
0.1889,0.0104475,1.4500000000000004,0.3300000000000003,0.057,0.3300000000000003,0.057
0.18895,0.010116499999999999,1.5000000000000002,0.3300000000000003,0.061,0.3300000000000003,0.061
0.189,0.0096665,1.5499999999999992,0.3300000000000003,0.064,0.3300000000000003,0.064
0.18905,0.009311999999999999,1.1999999999999995,0.3300000000000003,0.06499999999999999,0.3300000000000003,0.06499999999999999
0.18910000000000002,0.009837499999999999,1.05,0.3300000000000003,0.066,0.3300000000000003,0.066
0.18915,0.010504,1.0999999999999999,0.3300000000000003,0.066,0.3300000000000003,0.066
0.1892,0.011073,1.1499999999999997,0.3199999999999996,0.06499999999999999,0.3199999999999996,0.06499999999999999
0.18925,0.0116575,1.2000000000000004,0.3199999999999996,0.064,0.3199999999999996,0.064
0.1893,0.012188,1.3,0.3199999999999996,0.063,0.3199999999999996,0.063
0.18935000000000002,0.012588499999999999,1.3999999999999997,0.3199999999999996,0.062,0.3199999999999996,0.062
0.1894,0.012853499999999999,1.4500000000000004,0.3199999999999996,0.061,0.3199999999999996,0.061
0.18945,0.0129935,1.5500000000000005,0.3199999999999996,0.062,0.3199999999999996,0.062
0.1895,0.012995,1.55,0.3199999999999996,0.063,0.3199999999999996,0.063
0.18955,0.012912499999999999,1.5999999999999999,0.3199999999999996,0.064,0.3199999999999996,0.064
0.18960000000000002,0.012752999999999999,1.6000000000000003,0.3199999999999996,0.063,0.3199999999999996,0.063
0.18965,0.012641999999999999,1.6000000000000003,0.3199999999999996,0.063,0.3199999999999996,0.063
0.1897,0.012366499999999999,1.5000000000000007,0.34999999999999987,0.062,1.3557369468905238,0.062
0.18975,0.011732,1.3000000000000005,0.35999999999999965,0.062,0.35999999999999965,0.062
0.1898,0.010896,1.2,0.35999999999999965,0.063,0.35999999999999965,0.063
0.18985000000000002,0.010097,1.1000000000000003,0.34999999999999987,0.067,0.34999999999999987,0.067
0.1899,0.009492,1.0000000000000002,0.34999999999999987,0.06999999999999998,0.34999999999999987,0.06999999999999999
0.18995,0.0092205,0.8999999999999997,0.3400000000000001,0.07200000000000001,0.3400000000000001,0.07200000000000001
0.19,0.009354,0.8499999999999999,0.3400000000000001,0.073,0.3400000000000001,0.073
0.19005,0.009698,0.8499999999999999,0.3299999999999994,0.073,0.3299999999999994,0.073
0.19010000000000002,0.009951999999999999,0.9500000000000004,0.3200000000000005,0.07200000000000001,0.3200000000000005,0.07200000000000001
0.19015,0.010119999999999999,0.95,0.3200000000000005,0.06999999999999998,0.3200000000000005,0.06999999999999999
0.1902,0.010173,0.9999999999999998,0.3200000000000005,0.068,0.3200000000000005,0.068
0.19025,0.009986,1.0999999999999994,0.30999999999999983,0.06499999999999999,0.30999999999999983,0.06499999999999999
0.1903,0.0099955,1.1500000000000001,0.3400000000000001,0.060000000000000005,0.3400000000000001,0.060000000000000005
0.19035000000000002,0.009993499999999999,1.2499999999999998,0.3300000000000003,0.055,0.3300000000000003,0.055
0.1904,0.009803,1.3499999999999994,0.3400000000000001,0.053,0.3400000000000001,0.053
0.19045,0.0094755,1.4000000000000001,0.3400000000000001,0.058,0.3400000000000001,0.058
0.1905,0.009033,1.45,0.3299999999999994,0.062,0.3299999999999994,0.062
0.19055,0.00853,1.4500000000000004,0.3299999999999994,0.064,0.3299999999999994,0.064
0.19060000000000002,0.0088785,0.9500000000000004,0.3299999999999994,0.06499999999999999,0.3299999999999994,0.06499999999999999
0.19065000000000001,0.0094945,0.9999999999999993,0.3299999999999994,0.06499999999999999,0.3299999999999994,0.06499999999999999
0.1907,0.010064,1.05,0.3299999999999994,0.06499999999999999,0.3299999999999994,0.06499999999999999
0.19075,0.010508499999999999,1.0999999999999999,0.3200000000000005,0.064,0.3200000000000005,0.064
0.1908,0.010999499999999999,1.1499999999999997,0.3200000000000005,0.063,0.3200000000000005,0.063
0.19085000000000002,0.01145,1.2500000000000002,0.3200000000000005,0.062,0.3200000000000005,0.062
0.19090000000000001,0.011760999999999999,1.300000000000001,0.3200000000000005,0.062,0.3200000000000005,0.062
0.19095,0.011954,1.4000000000000006,0.3200000000000005,0.061,0.3200000000000005,0.061
0.191,0.01205,1.4500000000000004,0.3200000000000005,0.062,0.3200000000000005,0.062
0.19105,0.0120535,1.4500000000000004,0.3200000000000005,0.064,0.3200000000000005,0.064
0.19110000000000002,0.011961,1.5000000000000002,0.3200000000000005,0.064,0.3200000000000005,0.064
0.19115000000000001,0.0118935,1.4499999999999995,0.3200000000000005,0.064,0.3200000000000005,0.064
0.1912,0.0118175,1.4500000000000004,0.30999999999999983,0.063,0.30999999999999983,0.063
0.19125,0.011651,1.3499999999999999,0.3400000000000001,0.063,1.2591343999143427,0.063
0.1913,0.011198999999999999,1.2500000000000002,0.36000000000000054,0.062,0.36000000000000054,0.062
0.19135000000000002,0.010482,1.1499999999999997,0.36000000000000054,0.063,0.36000000000000054,0.063
0.19140000000000001,0.0097585,1.0999999999999999,0.36000000000000054,0.067,0.36000000000000054,0.067
0.19145,0.009237,0.9500000000000004,0.34999999999999987,0.06999999999999998,0.34999999999999987,0.06999999999999999
0.1915,0.00899,0.9000000000000006,0.35999999999999965,0.07200000000000001,0.35999999999999965,0.07200000000000001
0.19155,0.0091185,0.8,0.34999999999999987,0.073,0.34999999999999987,0.073
0.19160000000000002,0.0094415,0.8500000000000008,0.34999999999999987,0.073,0.34999999999999987,0.073
0.19165000000000001,0.0097425,0.9000000000000006,0.3400000000000001,0.073,0.3400000000000001,0.073
0.1917,0.010013,0.9000000000000006,0.3400000000000001,0.07200000000000001,0.3400000000000001,0.07200000000000001
0.19175,0.010156499999999999,0.9500000000000004,0.3400000000000001,0.06999999999999998,0.3400000000000001,0.06999999999999999
0.1918,0.010109,1.0000000000000002,0.3300000000000003,0.067,0.3300000000000003,0.067
0.19185000000000002,0.0098555,1.05,0.3300000000000003,0.064,0.3300000000000003,0.064
0.19190000000000002,0.009960499999999999,1.1499999999999997,0.3399999999999992,0.059,0.3399999999999992,0.059
0.19195,0.0098,1.1999999999999995,0.3400000000000001,0.054,0.3400000000000001,0.054
0.192,0.0094965,1.2499999999999993,0.3400000000000001,0.054,0.3400000000000001,0.054
0.19205,0.0091045,1.3,0.3400000000000001,0.059,0.3400000000000001,0.059
0.19210000000000002,0.008610999999999999,1.3499999999999999,0.3300000000000012,0.062,0.3300000000000012,0.062
0.19215000000000002,0.0080725,1.2499999999999993,0.3300000000000012,0.064,0.3300000000000012,0.064
0.1922,0.008243,0.8999999999999997,0.3300000000000012,0.06499999999999999,0.3300000000000012,0.06499999999999999
0.19225,0.0087305,0.8999999999999997,0.3300000000000012,0.066,0.3300000000000012,0.066
0.1923,0.0091735,0.9000000000000006,0.3300000000000012,0.06499999999999999,0.3300000000000012,0.06499999999999999
0.19235000000000002,0.0095795,1.0000000000000002,0.3300000000000012,0.06499999999999999,0.3300000000000012,0.06499999999999999
0.19240000000000002,0.0098405,1.05,0.3200000000000005,0.064,0.3200000000000005,0.064
0.19245,0.0102355,1.1500000000000006,0.3200000000000005,0.063,0.3200000000000005,0.063
0.1925,0.0105635,1.2000000000000004,0.3200000000000005,0.062,0.3200000000000005,0.062
0.19255,0.010784499999999999,1.1999999999999995,0.3200000000000005,0.061,0.3200000000000005,0.061
0.19260000000000002,0.010903,1.2499999999999993,0.3200000000000005,0.061,0.3200000000000005,0.061
0.19265000000000002,0.0109495,1.3,0.3200000000000005,0.063,0.3200000000000005,0.063
0.1927,0.010954499999999999,1.3500000000000003,0.3200000000000005,0.064,0.3200000000000005,0.064
0.19275,0.0109205,1.3500000000000008,0.3200000000000005,0.064,0.3200000000000005,0.064
0.1928,0.010891,1.3499999999999999,0.3200000000000005,0.064,0.3200000000000005,0.064
0.19285000000000002,0.010865,1.3499999999999994,0.3100000000000007,0.063,0.3100000000000007,0.063
0.19290000000000002,0.0108445,1.2999999999999996,0.3200000000000005,0.063,1.1908331334200088,0.063
0.19295,0.0106465,1.2,0.35999999999999965,0.062,0.35999999999999965,0.062
0.193,0.010062999999999999,1.0999999999999994,0.35999999999999965,0.062,0.35999999999999965,0.062
0.19305,0.0093875,1.0499999999999996,0.35999999999999965,0.06499999999999999,0.35999999999999965,0.06499999999999999
0.19310000000000002,0.0088485,0.95,0.35000000000000075,0.06899999999999999,0.35000000000000075,0.06899999999999999
0.19315000000000002,0.0085495,0.8500000000000003,0.36000000000000054,0.07100000000000001,0.36000000000000054,0.07100000000000001
0.1932,0.008588,0.7999999999999996,0.36000000000000054,0.073,0.36000000000000054,0.073
0.19325,0.0088705,0.7999999999999996,0.34999999999999987,0.073,0.34999999999999987,0.073
0.1933,0.009163,0.8000000000000005,0.34999999999999987,0.074,0.34999999999999987,0.074
0.19335000000000002,0.00951,0.8500000000000003,0.3400000000000001,0.073,0.3400000000000001,0.073
0.19340000000000002,0.009712499999999999,0.9000000000000001,0.3400000000000001,0.07100000000000001,0.3400000000000001,0.07100000000000001
0.19345,0.0097415,0.95,0.3299999999999994,0.06899999999999999,0.3299999999999994,0.06899999999999999
0.1935,0.009583999999999999,0.9499999999999995,0.3299999999999994,0.066,0.3299999999999994,0.066
0.19355,0.009556,1.05,0.3299999999999994,0.062,0.3299999999999994,0.062
0.19360000000000002,0.0095485,1.1499999999999997,0.3400000000000001,0.058,0.3400000000000001,0.058
0.19365000000000002,0.009347,1.1500000000000006,0.3400000000000001,0.052,0.3400000000000001,0.052
0.1937,0.0090475,1.2500000000000002,0.3400000000000001,0.055,0.3400000000000001,0.055
0.19375,0.008628499999999999,1.2500000000000002,0.3400000000000001,0.059,0.3400000000000001,0.059
0.1938,0.008147999999999999,1.3000000000000005,0.3300000000000003,0.062,0.3300000000000003,0.062
0.19385000000000002,0.0078215,1.05,0.3300000000000003,0.064,0.3300000000000003,0.064
0.19390000000000002,0.0081205,0.8999999999999997,0.3300000000000003,0.06499999999999999,0.3300000000000003,0.06499999999999999
0.19395,0.008565999999999999,0.8999999999999997,0.3300000000000003,0.06499999999999999,0.3300000000000003,0.06499999999999999
0.194,0.008971,0.9500000000000004,0.3300000000000003,0.06499999999999999,0.3300000000000003,0.06499999999999999
0.19405,0.009283999999999999,0.9500000000000004,0.3199999999999996,0.064,0.3199999999999996,0.064
0.19410000000000002,0.009566999999999999,1.05,0.3199999999999996,0.063,0.3199999999999996,0.063
0.19415000000000002,0.0099615,1.0999999999999999,0.3199999999999996,0.062,0.3199999999999996,0.062
0.1942,0.0102195,1.1500000000000006,0.3199999999999996,0.062,0.3199999999999996,0.062
0.19425,0.010423,1.250000000000001,0.3199999999999996,0.061,0.3199999999999996,0.061
0.1943,0.010511999999999999,1.2499999999999993,0.3199999999999996,0.061,0.3199999999999996,0.061
0.19435000000000002,0.0105595,1.3,0.3199999999999996,0.063,0.3199999999999996,0.063
0.19440000000000002,0.010555499999999999,1.3,0.3199999999999996,0.063,0.3199999999999996,0.063
0.19445,0.010520999999999999,1.3,0.3199999999999996,0.063,0.3199999999999996,0.063
0.1945,0.0104995,1.3,0.3199999999999996,0.063,0.3199999999999996,0.063
0.19455,0.010473,1.2499999999999993,0.30999999999999983,0.062,0.30999999999999983,0.062
0.19460000000000002,0.010345,1.2000000000000004,0.3400000000000001,0.062,1.119230577701639,0.062
0.19465000000000002,0.010013,1.1000000000000008,0.37000000000000033,0.062,0.37000000000000033,0.062
0.1947,0.0094865,0.9999999999999993,0.37000000000000033,0.063,0.37000000000000033,0.063
0.19475,0.009124499999999999,0.9499999999999995,0.3800000000000001,0.068,0.3800000000000001,0.068
0.1948,0.008973499999999999,0.8499999999999999,0.36999999999999944,0.07200000000000001,0.36999999999999944,0.07200000000000001
0.19485000000000002,0.0091925,0.8,0.36999999999999944,0.075,0.36999999999999944,0.075
0.19490000000000002,0.009791,0.7500000000000002,0.35999999999999965,0.077,0.35999999999999965,0.077
0.19495,0.010558999999999999,0.7500000000000002,0.35999999999999965,0.079,0.35999999999999965,0.079
0.195,0.011366999999999999,0.8499999999999999,0.35000000000000075,0.079,0.35000000000000075,0.079
0.19505,0.012053,0.8999999999999997,0.35000000000000075,0.079,0.35000000000000075,0.079
0.1951,0.012621499999999999,1.0000000000000002,0.3400000000000001,0.078,0.3400000000000001,0.078
0.19515000000000002,0.013057,1.05,0.3400000000000001,0.077,0.3400000000000001,0.077
0.1952,0.0133645,1.0999999999999999,0.3300000000000003,0.075,0.3300000000000003,0.075
0.19525,0.0135765,1.1499999999999997,0.3300000000000003,0.07200000000000001,0.3300000000000003,0.07200000000000001
0.1953,0.013568499999999999,1.2500000000000002,0.3300000000000003,0.06899999999999999,0.3300000000000003,0.06899999999999999
0.19535,0.013403499999999999,1.2500000000000002,0.3199999999999996,0.066,0.3199999999999996,0.066
0.19540000000000002,0.0131585,1.3500000000000008,0.3199999999999996,0.064,0.3199999999999996,0.064
0.19545,0.013009999999999999,1.4500000000000004,0.3299999999999994,0.062,0.3299999999999994,0.062
0.1955,0.0126965,1.5000000000000002,0.3299999999999994,0.059,0.3299999999999994,0.059
0.19555,0.012282999999999999,1.550000000000001,0.3299999999999994,0.059,0.3299999999999994,0.059
0.1956,0.011762499999999999,1.6000000000000008,0.3299999999999994,0.062,0.3299999999999994,0.062
0.19565000000000002,0.01115,1.5999999999999999,0.3199999999999996,0.06499999999999999,0.3199999999999996,0.06499999999999999
0.1957,0.0107455,1.4500000000000004,0.3199999999999996,0.067,0.3199999999999996,0.067
0.19575,0.010605999999999999,1.3499999999999999,0.3199999999999996,0.068,0.3199999999999996,0.068
0.1958,0.010654499999999999,1.1999999999999995,0.3199999999999996,0.068,0.3199999999999996,0.068
0.19585,0.0108495,1.1999999999999995,0.3199999999999996,0.067,0.3199999999999996,0.067
0.19590000000000002,0.0111075,1.2000000000000004,0.30999999999999983,0.066,0.30999999999999983,0.066
0.19595,0.011307,1.2500000000000007,0.30999999999999983,0.06499999999999999,0.30999999999999983,0.06499999999999999
0.196,0.0114005,1.3,0.30999999999999983,0.063,0.30999999999999983,0.063
0.19605,0.011396,1.3,0.30999999999999983,0.062,0.30999999999999983,0.062
0.1961,0.0112065,1.3500000000000003,0.3199999999999996,0.061,1.2391344069080963,0.061
0.19615000000000002,0.010713,1.2999999999999996,0.36000000000000054,0.061,0.36000000000000054,0.061
0.1962,0.0099025,1.2000000000000004,0.37000000000000033,0.061,0.37000000000000033,0.061
0.19625,0.009119,1.1499999999999997,0.37000000000000033,0.06499999999999999,0.37000000000000033,0.06499999999999999
0.1963,0.008574,0.9999999999999993,0.36000000000000054,0.06899999999999999,0.36000000000000054,0.06899999999999999
0.19635,0.008472,0.8499999999999999,0.36000000000000054,0.07200000000000001,0.36000000000000054,0.07200000000000001
0.19640000000000002,0.008934,0.7500000000000002,0.35000000000000075,0.075,0.35000000000000075,0.075
0.19645,0.009708999999999999,0.7500000000000002,0.35000000000000075,0.077,0.35000000000000075,0.077
0.1965,0.0105115,0.8,0.34999999999999987,0.077,0.34999999999999987,0.077
0.19655,0.011188,0.8999999999999997,0.34999999999999987,0.077,0.34999999999999987,0.077
0.1966,0.0117815,0.9499999999999995,0.3399999999999992,0.076,0.3399999999999992,0.076
0.19665000000000002,0.012234,1.0000000000000002,0.3399999999999992,0.075,0.3399999999999992,0.075
0.1967,0.012617,1.05,0.3399999999999992,0.073,0.3399999999999992,0.073
0.19675,0.0128525,1.1499999999999997,0.3299999999999994,0.06999999999999998,0.3299999999999994,0.06999999999999999
0.1968,0.0128645,1.2000000000000004,0.3299999999999994,0.067,0.3299999999999994,0.067
0.19685,0.012738999999999999,1.2499999999999998,0.3299999999999994,0.064,0.3299999999999994,0.064
0.19690000000000002,0.012686,1.3500000000000003,0.3299999999999994,0.063,0.3299999999999994,0.063
0.19695000000000001,0.0127335,1.45,0.3400000000000001,0.062,0.3400000000000001,0.062
0.197,0.012714,1.4999999999999998,0.3300000000000003,0.061,0.3300000000000003,0.061
0.19705,0.012511999999999999,1.55,0.3300000000000003,0.060000000000000005,0.3300000000000003,0.060000000000000005
0.1971,0.012253499999999999,1.5999999999999999,0.3300000000000003,0.063,0.3300000000000003,0.063
0.19715000000000002,0.01197,1.4999999999999993,0.3300000000000003,0.06499999999999999,0.3300000000000003,0.06499999999999999
0.19720000000000001,0.0119885,1.4499999999999995,0.3300000000000003,0.06499999999999999,0.3300000000000003,0.06499999999999999
0.19725,0.0121435,1.4499999999999995,0.3300000000000003,0.066,0.3300000000000003,0.066
0.1973,0.012334,1.4000000000000006,0.3300000000000003,0.06499999999999999,0.3300000000000003,0.06499999999999999
0.19735,0.012561,1.4000000000000006,0.3200000000000005,0.064,0.3200000000000005,0.064
0.19740000000000002,0.012758,1.3999999999999997,0.3200000000000005,0.064,0.3200000000000005,0.064
0.19745000000000001,0.0128395,1.3999999999999997,0.3300000000000003,0.063,1.2774356838930632,0.063
0.1975,0.0125265,1.3499999999999999,0.36999999999999944,0.063,0.36999999999999944,0.063
0.19755,0.0118035,1.2500000000000002,0.37000000000000033,0.062,0.37000000000000033,0.062
0.1976,0.011032499999999999,1.1999999999999995,0.37000000000000033,0.06499999999999999,0.37000000000000033,0.06499999999999999
0.19765000000000002,0.010367,1.1499999999999997,0.36000000000000054,0.06899999999999999,0.36000000000000054,0.06899999999999999
0.19770000000000001,0.010022,1.05,0.36000000000000054,0.07200000000000001,0.36000000000000054,0.07200000000000001
0.19775,0.010303999999999999,0.8499999999999999,0.35000000000000075,0.074,0.35000000000000075,0.074
0.1978,0.010941,0.9000000000000006,0.34000000000000097,0.074,0.34000000000000097,0.074
0.19785,0.011589499999999999,0.9500000000000004,0.34000000000000097,0.074,0.34000000000000097,0.074
0.19790000000000002,0.01206,1.05,0.3300000000000003,0.073,0.3300000000000003,0.073
0.19795000000000001,0.0123485,1.0999999999999999,0.3399999999999992,0.07100000000000001,0.3399999999999992,0.07100000000000001
0.198,0.012485999999999999,1.1500000000000006,0.3200000000000005,0.06899999999999999,0.3200000000000005,0.06899999999999999
0.19805,0.0123565,1.2500000000000002,0.3200000000000005,0.06499999999999999,0.3200000000000005,0.06499999999999999
0.1981,0.012418499999999999,1.4000000000000006,0.3300000000000003,0.061,0.3300000000000003,0.061
0.19815000000000002,0.0124245,1.4500000000000004,0.3400000000000001,0.057,0.3400000000000001,0.055
0.19820000000000002,0.01224,1.550000000000001,0.3400000000000001,0.055,0.3400000000000001,0.055
0.19825,0.011895,1.5999999999999999,0.3400000000000001,0.060000000000000005,0.3400000000000001,0.060000000000000005
0.1983,0.011405,1.6999999999999995,0.3300000000000003,0.063,0.3300000000000003,0.063
0.19835,0.010817,1.7500000000000002,0.3300000000000003,0.06499999999999999,0.3300000000000003,0.06499999999999999
0.19840000000000002,0.010757,1.3,0.3300000000000003,0.066,0.3300000000000003,0.066
0.19845000000000002,0.011311499999999999,1.1500000000000006,0.3300000000000003,0.066,0.3300000000000003,0.066
0.1985,0.011953,1.2000000000000004,0.3300000000000003,0.066,0.3300000000000003,0.066
0.19855,0.012477,1.2499999999999998,0.3199999999999996,0.06499999999999999,0.3199999999999996,0.06499999999999999
0.1986,0.012712,1.3,0.3399999999999992,0.064,1.2008331299231327,0.064
0.19865000000000002,0.012466,1.2500000000000002,0.36999999999999944,0.063,0.36999999999999944,0.063
0.19870000000000002,0.011824999999999999,1.2000000000000004,0.36999999999999944,0.062,0.36999999999999944,0.062
0.19875,0.011103,1.1499999999999997,0.36999999999999944,0.066,0.36999999999999944,0.066
0.1988,0.0105025,1.0500000000000005,0.36000000000000054,0.06999999999999998,0.36000000000000054,0.06999999999999999
0.19885,0.0102325,0.9999999999999998,0.36000000000000054,0.07200000000000001,0.36000000000000054,0.07200000000000001
0.19890000000000002,0.010381999999999999,0.9000000000000001,0.34999999999999987,0.073,0.34999999999999987,0.073
0.19895000000000002,0.010883,0.9000000000000001,0.34999999999999987,0.073,0.34999999999999987,0.073
0.199,0.011412,0.9999999999999998,0.3400000000000001,0.073,0.3400000000000001,0.073
0.19905,0.011821,1.0000000000000007,0.3400000000000001,0.07200000000000001,0.3400000000000001,0.07200000000000001
0.1991,0.012038,1.1000000000000003,0.3299999999999994,0.06899999999999999,0.3299999999999994,0.06899999999999999
0.19915000000000002,0.0120155,1.1500000000000001,0.3200000000000005,0.067,0.3200000000000005,0.067
0.19920000000000002,0.011942999999999999,1.3000000000000005,0.34000000000000097,0.063,0.34000000000000097,0.063
0.19925,0.012076499999999999,1.3499999999999999,0.3400000000000001,0.059,0.3400000000000001,0.058
0.1993,0.011944,1.4499999999999995,0.3400000000000001,0.053,0.3400000000000001,0.053
0.19935,0.0116785,1.5000000000000002,0.3300000000000003,0.057,0.3300000000000003,0.057
0.19940000000000002,0.0113035,1.5999999999999999,0.3300000000000003,0.061,0.3300000000000003,0.061
0.19945000000000002,0.0108005,1.6499999999999997,0.3300000000000003,0.064,0.3300000000000003,0.064
0.1995,0.010301,1.3999999999999997,0.3300000000000003,0.06499999999999999,0.3300000000000003,0.06499999999999999
0.19955,0.0105775,1.1500000000000006,0.3300000000000003,0.066,0.3300000000000003,0.066
0.1996,0.011188,1.1000000000000008,0.3300000000000003,0.06499999999999999,0.3300000000000003,0.06499999999999999
0.19965000000000002,0.011769,1.1499999999999997,0.3300000000000003,0.06499999999999999,0.3300000000000003,0.06499999999999999
0.19970000000000002,0.012206999999999999,1.2500000000000002,0.3200000000000005,0.064,1.16753185118973,0.064
0.19975,0.0122125,1.2000000000000004,0.37000000000000033,0.064,0.37000000000000033,0.064
0.1998,0.011679,1.1500000000000006,0.37000000000000033,0.063,0.37000000000000033,0.063
0.19985,0.010993,1.1500000000000006,0.36000000000000054,0.066,0.36000000000000054,0.066
0.19990000000000002,0.0103815,1.05,0.36000000000000054,0.06899999999999999,0.36000000000000054,0.06899999999999999
0.19995000000000002,0.0100395,1.0000000000000002,0.34999999999999987,0.07200000000000001,0.34999999999999987,0.07200000000000001
0.2,0.0100495,0.9000000000000006,0.34999999999999987,0.073,0.34999999999999987,0.073
0.20005,0.0104355,0.9000000000000006,0.3400000000000001,0.073,0.3400000000000001,0.073
0.2001,0.010752,1.0000000000000002,0.3299999999999994,0.07200000000000001,0.3299999999999994,0.07200000000000001
0.20015000000000002,0.0109625,0.9999999999999993,0.3299999999999994,0.07100000000000001,0.3299999999999994,0.07100000000000001
0.20020000000000002,0.010929999999999999,1.0999999999999999,0.3200000000000005,0.068,0.3200000000000005,0.068
0.20025,0.0106915,1.2000000000000004,0.3199999999999996,0.06499999999999999,0.3199999999999996,0.06499999999999999
0.2003,0.0107545,1.3,0.3399999999999992,0.061,0.3399999999999992,0.061
0.20035,0.010608,1.3499999999999999,0.3400000000000001,0.056,0.3400000000000001,0.053
0.20040000000000002,0.0102325,1.4500000000000004,0.3400000000000001,0.054,0.3400000000000001,0.054
0.20045000000000002,0.0097435,1.5000000000000002,0.3299999999999994,0.059,0.3299999999999994,0.059
0.2005,0.009132999999999999,1.6500000000000006,0.3299999999999994,0.062,0.3299999999999994,0.062
0.20055,0.00868,1.6999999999999995,0.3299999999999994,0.063,0.3299999999999994,0.063
0.2006,0.009432,1.0000000000000002,0.3299999999999994,0.064,0.3299999999999994,0.064
0.20065000000000002,0.0101545,1.05,0.3299999999999994,0.064,0.3299999999999994,0.064
0.20070000000000002,0.0107385,1.1499999999999997,0.3200000000000005,0.063,0.3200000000000005,0.063
0.20075,0.011129,1.1500000000000001,0.3300000000000003,0.062,1.0959292954713598,0.062
0.2008,0.011033,1.1000000000000003,0.37000000000000033,0.062,0.37000000000000033,0.062
0.20085,0.010499999999999999,1.1000000000000003,0.36000000000000054,0.061,0.36000000000000054,0.061
0.20090000000000002,0.0099235,0.9999999999999993,0.36000000000000054,0.06499999999999999,0.36000000000000054,0.06499999999999999
0.20095000000000002,0.009514,0.9500000000000004,0.34999999999999987,0.06899999999999999,0.34999999999999987,0.06899999999999999
0.201,0.009403,0.8999999999999997,0.34999999999999987,0.06999999999999998,0.34999999999999987,0.06999999999999999
0.20105,0.009667,0.8499999999999999,0.34000000000000097,0.07100000000000001,0.34000000000000097,0.07100000000000001
0.2011,0.0100475,0.8999999999999997,0.34000000000000097,0.07100000000000001,0.34000000000000097,0.07100000000000001
0.20115000000000002,0.010402,0.9499999999999995,0.3300000000000012,0.06999999999999998,0.3300000000000012,0.06999999999999999
0.20120000000000002,0.010478999999999999,1.05,0.3200000000000005,0.068,0.3200000000000005,0.068
0.20125,0.010284,1.1500000000000006,0.3200000000000005,0.06499999999999999,0.3200000000000005,0.06499999999999999
0.2013,0.010504999999999999,1.2000000000000004,0.3400000000000001,0.061,0.3400000000000001,0.061
0.20135,0.010459,1.3,0.3399999999999992,0.057,0.3399999999999992,0.055
0.20140000000000002,0.010223,1.4000000000000006,0.3300000000000003,0.054,0.3300000000000003,0.054
0.20145000000000002,0.009831,1.4499999999999995,0.3300000000000003,0.059,0.3300000000000003,0.059
0.2015,0.009342999999999999,1.599999999999999,0.3300000000000003,0.061,0.3300000000000003,0.061
0.20155,0.0087575,1.6499999999999997,0.3300000000000003,0.063,0.3300000000000003,0.063
0.2016,0.0093495,1.000000000000001,0.3300000000000003,0.063,0.3300000000000003,0.063
0.20165,0.010092,1.05,0.3199999999999996,0.063,0.3199999999999996,0.063
0.20170000000000002,0.010674,1.1499999999999997,0.3199999999999996,0.063,1.0559293094588633,0.063
0.20175,0.010919499999999999,1.0999999999999999,0.36000000000000054,0.062,1.0526280202348315,0.062
0.2018,0.01057,1.05,0.37000000000000033,0.062,0.37000000000000033,0.062
0.20185,0.0100305,1.0000000000000002,0.37000000000000033,0.064,0.37000000000000033,0.064
0.2019,0.009592,0.9499999999999995,0.35999999999999965,0.068,0.35999999999999965,0.068
0.20195000000000002,0.009271999999999999,0.8999999999999997,0.36999999999999944,0.07100000000000001,0.36999999999999944,0.07100000000000001
0.202,0.009163,0.8499999999999999,0.36000000000000054,0.073,0.36000000000000054,0.073
0.20205,0.009396999999999999,0.8499999999999999,0.36000000000000054,0.073,0.36000000000000054,0.073
0.2021,0.0097885,0.8,0.34999999999999987,0.074,0.34999999999999987,0.074
0.20215,0.010125499999999999,0.8499999999999999,0.34999999999999987,0.073,0.34999999999999987,0.073
0.20220000000000002,0.0103305,0.8999999999999997,0.3400000000000001,0.07100000000000001,0.3400000000000001,0.07100000000000001
0.20225,0.010291999999999999,1.0000000000000002,0.3400000000000001,0.06899999999999999,0.3400000000000001,0.06899999999999999
0.2023,0.010104,0.9999999999999993,0.3299999999999994,0.066,0.3299999999999994,0.066
0.20235,0.0101625,1.099999999999999,0.34000000000000097,0.062,0.34000000000000097,0.062
0.2024,0.010107,1.1999999999999995,0.3400000000000001,0.057,0.3400000000000001,0.057
0.20245000000000002,0.009855,1.250000000000001,0.3400000000000001,0.051,0.3400000000000001,0.051
0.2025,0.009541,1.300000000000001,0.3300000000000003,0.056,0.3300000000000003,0.056
0.20255,0.0091195,1.3499999999999999,0.3300000000000003,0.060000000000000005,0.3300000000000003,0.060000000000000005
0.2026,0.0085855,1.3999999999999997,0.3300000000000003,0.062,0.3300000000000003,0.062
0.20265,0.008243,1.0999999999999999,0.3300000000000003,0.064,0.3300000000000003,0.064
0.20270000000000002,0.0086815,0.9000000000000006,0.3300000000000003,0.064,0.3300000000000003,0.064
0.20275,0.009204,0.9499999999999995,0.3300000000000003,0.063,0.3300000000000003,0.063
0.2028,0.009634499999999999,1.05,0.3199999999999996,0.063,0.3199999999999996,0.063
0.20285,0.0098935,1.05,0.3299999999999994,0.062,0.9943267502436205,0.062
0.2029,0.009838999999999999,1.0000000000000002,0.36999999999999944,0.062,0.36999999999999944,0.062
0.20295000000000002,0.009366,1.0000000000000002,0.36999999999999944,0.062,0.36999999999999944,0.062
0.203,0.008893999999999999,0.8999999999999997,0.36000000000000054,0.066,0.36000000000000054,0.066
0.20305,0.008496,0.8500000000000008,0.36000000000000054,0.06899999999999999,0.36000000000000054,0.06899999999999999
0.2031,0.0083105,0.8,0.34999999999999987,0.07100000000000001,0.34999999999999987,0.07100000000000001
0.20315,0.0084675,0.7500000000000002,0.34999999999999987,0.07200000000000001,0.34999999999999987,0.07200000000000001
0.20320000000000002,0.008827999999999999,0.7499999999999993,0.3400000000000001,0.073,0.3400000000000001,0.073
0.20325000000000001,0.009174999999999999,0.8,0.3400000000000001,0.073,0.3400000000000001,0.073
0.2033,0.009413999999999999,0.849999999999999,0.3299999999999994,0.07100000000000001,0.3299999999999994,0.07100000000000001
0.20335,0.00941,0.8999999999999997,0.3200000000000005,0.06899999999999999,0.3200000000000005,0.06899999999999999
0.2034,0.009245,0.9499999999999995,0.3200000000000005,0.066,0.3200000000000005,0.066
0.20345000000000002,0.0093125,1.05,0.3300000000000003,0.063,0.3300000000000003,0.063
0.20350000000000001,0.009401,1.1499999999999997,0.3300000000000003,0.059,0.3300000000000003,0.059
0.20355,0.00928,1.1499999999999997,0.3400000000000001,0.053,0.3400000000000001,0.053
0.2036,0.009091499999999999,1.2500000000000002,0.3299999999999994,0.055,0.3299999999999994,0.055
0.20365,0.0087385,1.3,0.3299999999999994,0.059,0.3299999999999994,0.059
0.20370000000000002,0.0083365,1.3999999999999997,0.3299999999999994,0.061,0.3299999999999994,0.061
0.20375000000000001,0.0080955,1.0000000000000002,0.3299999999999994,0.063,0.3299999999999994,0.063
0.2038,0.00864,0.9000000000000006,0.3299999999999994,0.063,0.3299999999999994,0.063
0.20385,0.009178,0.9500000000000004,0.3299999999999994,0.063,0.3299999999999994,0.063
0.2039,0.009547,1.05,0.3200000000000005,0.062,0.9643267607342485,0.062
0.20395000000000002,0.009644,1.0000000000000002,0.37000000000000033,0.062,0.37000000000000033,0.062
0.20400000000000001,0.009242,0.8999999999999997,0.35999999999999965,0.061,0.35999999999999965,0.061
0.20405,0.008806,0.8999999999999997,0.37000000000000033,0.064,0.37000000000000033,0.064
0.2041,0.008428999999999999,0.849999999999999,0.36000000000000054,0.067,0.36000000000000054,0.067
0.20415,0.008222,0.7999999999999992,0.36000000000000054,0.06999999999999998,0.36000000000000054,0.06999999999999999
0.20420000000000002,0.00835,0.7500000000000002,0.34999999999999987,0.07100000000000001,0.34999999999999987,0.07100000000000001
0.20425000000000001,0.008657,0.7500000000000002,0.34999999999999987,0.07100000000000001,0.34999999999999987,0.07100000000000001
0.2043,0.0089,0.8,0.3400000000000001,0.06999999999999998,0.3400000000000001,0.06999999999999999
0.20435,0.0089845,0.8500000000000008,0.3300000000000003,0.06899999999999999,0.3300000000000003,0.06899999999999999
0.2044,0.008862499999999999,0.8999999999999997,0.3300000000000003,0.067,0.3300000000000003,0.067
0.20445000000000002,0.008877999999999999,0.9999999999999993,0.34000000000000097,0.064,0.34000000000000097,0.064
0.20450000000000002,0.008869499999999999,1.05,0.3399999999999992,0.060000000000000005,0.3399999999999992,0.060000000000000005
0.20455,0.008595,1.05,0.3299999999999994,0.055,0.3299999999999994,0.055
0.2046,0.0082725,1.1500000000000006,0.3400000000000001,0.054,0.3400000000000001,0.054
0.20465,0.007810999999999999,1.2000000000000004,0.3200000000000005,0.059,0.3200000000000005,0.059
0.20470000000000002,0.0073095,1.2000000000000004,0.3300000000000012,0.062,0.3300000000000012,0.062
0.20475000000000002,0.00677,1.2499999999999993,0.3300000000000012,0.064,0.3300000000000012,0.064
0.2048,0.007248,0.7500000000000002,0.3200000000000005,0.066,0.3200000000000005,0.066
0.20485,0.007748499999999999,0.7500000000000002,0.3300000000000012,0.067,0.3300000000000012,0.067
0.2049,0.0082135,0.8499999999999999,0.3200000000000005,0.067,0.3200000000000005,0.067
0.20495000000000002,0.0085935,0.8499999999999999,0.30999999999999983,0.066,0.30999999999999983,0.066
0.20500000000000002,0.008895,0.8999999999999997,0.30999999999999983,0.066,0.30999999999999983,0.066
0.20505,0.008945999999999999,0.8999999999999997,0.3400000000000001,0.066,0.8544229280309149,0.066
0.2051,0.008919999999999999,0.8499999999999999,0.37000000000000033,0.06499999999999999,0.37000000000000033,0.06499999999999999
0.20515,0.00881,0.7999999999999992,0.3799999999999992,0.066,0.3799999999999992,0.066
0.20520000000000002,0.0087635,0.7999999999999992,0.3899999999999999,0.06999999999999998,0.3899999999999999,0.06999999999999999
0.20525000000000002,0.0089015,0.7500000000000002,0.3899999999999999,0.074,0.3899999999999999,0.074
0.2053,0.0093445,0.6999999999999995,0.3800000000000001,0.078,0.3800000000000001,0.078
0.20535,0.010192,0.7000000000000004,0.3800000000000001,0.081,0.3800000000000001,0.081
0.2054,0.011196,0.7499999999999993,0.37000000000000033,0.083,0.37000000000000033,0.083
0.20545000000000002,0.0121765,0.8,0.37000000000000033,0.08399999999999999,0.37000000000000033,0.08399999999999999
0.20550000000000002,0.013052999999999999,0.8499999999999999,0.36000000000000054,0.085,0.36000000000000054,0.085
0.20555,0.013797499999999999,0.9500000000000004,0.36000000000000054,0.085,0.36000000000000054,0.085
0.2056,0.014423499999999999,0.9500000000000004,0.34999999999999987,0.085,0.34999999999999987,0.085
0.20565,0.014990999999999999,1.05,0.34999999999999987,0.08399999999999999,0.34999999999999987,0.08399999999999999
0.20570000000000002,0.0154145,1.0999999999999999,0.3400000000000001,0.083,0.3400000000000001,0.083
0.20575000000000002,0.015657,1.2000000000000004,0.3400000000000001,0.081,0.3400000000000001,0.081
0.2058,0.015723499999999998,1.2500000000000002,0.3300000000000003,0.079,0.3300000000000003,0.079
0.20585,0.015677,1.3,0.3300000000000003,0.076,0.3300000000000003,0.076
0.2059,0.0154995,1.3499999999999999,0.3200000000000005,0.073,0.3200000000000005,0.073
0.20595000000000002,0.015108,1.4500000000000004,0.30999999999999983,0.06999999999999998,0.30999999999999983,0.06999999999999999
0.20600000000000002,0.014508499999999999,1.4500000000000004,0.30999999999999983,0.066,0.30999999999999983,0.066
0.20605,0.013746999999999999,1.5000000000000002,0.3199999999999996,0.062,1.3557369468905207,0.062
0.2061,0.012665,1.5000000000000002,0.36000000000000054,0.059,1.3757369398967678,0.059
0.20615,0.011389999999999999,1.4499999999999995,0.36999999999999944,0.060000000000000005,0.36999999999999944,0.060000000000000005
0.20620000000000002,0.010008,1.3999999999999997,0.3800000000000001,0.064,0.3800000000000001,0.064
0.20625000000000002,0.008768999999999999,1.3,0.37000000000000033,0.068,0.37000000000000033,0.068
0.2063,0.008052499999999999,1.0999999999999999,0.37000000000000033,0.07100000000000001,0.37000000000000033,0.07100000000000001
0.20635,0.008635,0.6999999999999995,0.35999999999999965,0.074,0.35999999999999965,0.074
0.2064,0.009434,0.7500000000000002,0.34999999999999987,0.075,0.34999999999999987,0.075
0.20645000000000002,0.010176,0.8,0.34999999999999987,0.075,0.34999999999999987,0.075
0.20650000000000002,0.01091,0.8500000000000008,0.3400000000000001,0.075,0.3400000000000001,0.075
0.20655,0.0115515,0.8999999999999997,0.3400000000000001,0.074,0.3400000000000001,0.074
0.2066,0.012081,1.0000000000000002,0.34999999999999987,0.073,0.34999999999999987,0.073
0.20665,0.012442499999999999,1.05,0.34999999999999987,0.07100000000000001,0.34999999999999987,0.07100000000000001
0.20670000000000002,0.012664499999999999,1.0999999999999999,0.3400000000000001,0.068,0.3400000000000001,0.068
0.20675000000000002,0.012782,1.1999999999999995,0.3400000000000001,0.064,0.3400000000000001,0.064
0.2068,0.0127155,1.2499999999999993,0.3300000000000003,0.063,0.3300000000000003,0.063
0.20685,0.012418499999999999,1.3,0.3300000000000003,0.063,0.3300000000000003,0.063
0.2069,0.0119885,1.3499999999999999,0.3200000000000005,0.062,0.3200000000000005,0.062
0.20695000000000002,0.0112415,1.3499999999999999,0.3299999999999994,0.061,1.2741343946690287,0.061
0.20700000000000002,0.0102425,1.3499999999999999,0.36999999999999944,0.060000000000000005,0.36999999999999944,0.060000000000000005
0.20705,0.009152,1.2500000000000002,0.3899999999999999,0.059,0.3899999999999999,0.059
0.2071,0.008399,0.9500000000000004,0.3900000000000008,0.062,0.3900000000000008,0.062
0.20715,0.0081995,0.8,0.3999999999999997,0.066,0.3999999999999997,0.066
0.20720000000000002,0.0084205,0.7000000000000004,0.3899999999999999,0.06999999999999998,0.3899999999999999,0.06999999999999999
0.20725000000000002,0.0090735,0.7000000000000004,0.3899999999999999,0.073,0.3899999999999999,0.073
0.2073,0.009892,0.7000000000000004,0.3799999999999992,0.075,0.3799999999999992,0.075
0.20735,0.010746499999999999,0.7500000000000002,0.3799999999999992,0.075,0.3799999999999992,0.075
0.2074,0.011526,0.8500000000000008,0.36999999999999944,0.076,0.36999999999999944,0.076
0.20745000000000002,0.012154499999999999,0.9000000000000006,0.35999999999999965,0.076,0.35999999999999965,0.076
0.20750000000000002,0.012657,1.0000000000000002,0.35999999999999965,0.075,0.35999999999999965,0.075
0.20755,0.013094,0.9999999999999993,0.34999999999999987,0.074,0.34999999999999987,0.074
0.2076,0.0133695,1.0999999999999999,0.34999999999999987,0.07200000000000001,0.34999999999999987,0.07200000000000001
0.20765,0.013456,1.1499999999999997,0.3399999999999992,0.06899999999999999,0.3399999999999992,0.06899999999999999
0.20770000000000002,0.0133745,1.1999999999999995,0.3299999999999994,0.067,0.3299999999999994,0.067
0.20775000000000002,0.01313,1.2499999999999993,0.31999999999999873,0.064,0.31999999999999873,0.064
0.2078,0.0125825,1.3,0.3399999999999992,0.062,1.230833119432504,0.062
0.20785,0.011760999999999999,1.2500000000000002,0.3800000000000001,0.060000000000000005,0.3800000000000001,0.060000000000000005
0.2079,0.010754999999999999,1.1999999999999995,0.3800000000000001,0.061,0.3800000000000001,0.061
0.20795000000000002,0.009866,1.1499999999999997,0.3899999999999999,0.064,0.3899999999999999,0.064
0.20800000000000002,0.009132999999999999,1.0999999999999999,0.3800000000000001,0.068,0.3800000000000001,0.068
0.20805,0.00874,0.9499999999999995,0.3800000000000001,0.07100000000000001,0.3800000000000001,0.07100000000000001
0.2081,0.009063,0.7499999999999993,0.37000000000000033,0.073,0.37000000000000033,0.073
0.20815,0.0098205,0.7500000000000002,0.36000000000000054,0.074,0.36000000000000054,0.074
0.2082,0.010581499999999999,0.7999999999999992,0.36000000000000054,0.074,0.36000000000000054,0.074
0.20825000000000002,0.011233499999999999,0.8499999999999999,0.35000000000000075,0.074,0.35000000000000075,0.074
0.2083,0.0117515,0.9499999999999995,0.35000000000000075,0.073,0.35000000000000075,0.073
0.20835,0.012161499999999999,0.9500000000000004,0.3400000000000001,0.07200000000000001,0.3400000000000001,0.07200000000000001
0.2084,0.012470499999999999,1.05,0.3400000000000001,0.06999999999999998,0.3400000000000001,0.06999999999999999
0.20845,0.0125375,1.0999999999999999,0.3300000000000003,0.067,0.3300000000000003,0.067
0.20850000000000002,0.012376999999999999,1.1999999999999995,0.3300000000000003,0.064,0.3300000000000003,0.064
0.20855,0.012059,1.2000000000000004,0.3300000000000003,0.062,1.1392305707078856,0.062
0.2086,0.011384499999999999,1.2000000000000004,0.37000000000000033,0.061,0.37000000000000033,0.061
0.20865,0.010550499999999999,1.0999999999999999,0.3899999999999999,0.060000000000000005,0.3899999999999999,0.060000000000000005
0.2087,0.009707499999999999,1.0999999999999999,0.3999999999999997,0.062,0.3999999999999997,0.062
0.20875000000000002,0.009002,1.05,0.3899999999999999,0.066,0.3899999999999999,0.066
0.2088,0.0085515,0.9499999999999995,0.3899999999999999,0.06899999999999999,0.3899999999999999,0.06899999999999999
0.20885,0.008779,0.7000000000000004,0.3799999999999992,0.07100000000000001,0.3799999999999992,0.07100000000000001
0.2089,0.009452499999999999,0.7000000000000004,0.37000000000000033,0.07200000000000001,0.37000000000000033,0.07200000000000001
0.20895,0.010130499999999999,0.7500000000000002,0.37000000000000033,0.073,0.37000000000000033,0.073
0.20900000000000002,0.0107425,0.8499999999999999,0.35999999999999965,0.073,0.35999999999999965,0.073
0.20905,0.011254499999999999,0.8499999999999999,0.34999999999999987,0.07200000000000001,0.34999999999999987,0.07200000000000001
0.2091,0.011663999999999999,0.9500000000000004,0.34999999999999987,0.07100000000000001,0.34999999999999987,0.07100000000000001
0.20915,0.0118765,1.0000000000000002,0.3399999999999992,0.06899999999999999,0.3399999999999992,0.06899999999999999
0.2092,0.011847499999999999,1.0999999999999999,0.3300000000000003,0.066,0.3300000000000003,0.066
0.20925000000000002,0.011623,1.0999999999999999,0.3300000000000003,0.063,1.0476280219832712,0.063
0.2093,0.011115499999999999,1.05,0.3800000000000001,0.061,0.36999999999999944,0.061
0.20935,0.0104135,1.05,0.3999999999999997,0.060000000000000005,0.3999999999999997,0.060000000000000005
0.2094,0.009689999999999999,1.0000000000000002,0.3899999999999999,0.062,0.3899999999999999,0.062
0.20945,0.009042999999999999,0.9500000000000004,0.3800000000000001,0.066,0.3800000000000001,0.066
0.20950000000000002,0.0086785,0.9000000000000006,0.3800000000000001,0.06899999999999999,0.3800000000000001,0.06899999999999999
0.20955000000000001,0.008662999999999999,0.8,0.37000000000000033,0.07100000000000001,0.37000000000000033,0.07100000000000001
0.2096,0.009105499999999999,0.6999999999999995,0.36999999999999944,0.07200000000000001,0.36999999999999944,0.07200000000000001
0.20965,0.0096755,0.7500000000000002,0.35999999999999965,0.07200000000000001,0.35999999999999965,0.07200000000000001
0.2097,0.010170499999999999,0.8,0.35999999999999965,0.07200000000000001,0.35999999999999965,0.07200000000000001
0.20975000000000002,0.010643999999999999,0.8500000000000008,0.349999999999999,0.07100000000000001,0.349999999999999,0.07100000000000001
0.20980000000000001,0.0109275,0.9000000000000006,0.3400000000000001,0.06899999999999999,0.3400000000000001,0.06899999999999999
0.20985,0.011006,1.0000000000000002,0.3400000000000001,0.067,0.3400000000000001,0.067
0.2099,0.010811,0.9500000000000004,0.35000000000000075,0.064,0.9627241805377469,0.064
0.20995,0.010404,0.9500000000000004,0.3800000000000001,0.062,0.3800000000000001,0.062
0.21000000000000002,0.009774999999999999,0.9500000000000004,0.389999999999999,0.061,0.389999999999999,0.061
0.21005000000000001,0.009118,0.8999999999999997,0.3800000000000001,0.063,0.3800000000000001,0.063
0.2101,0.008638999999999999,0.8499999999999999,0.3799999999999992,0.066,0.3799999999999992,0.066
0.21015,0.008340499999999999,0.8,0.36999999999999944,0.068,0.36999999999999944,0.068
0.2102,0.0082805,0.7500000000000002,0.36999999999999944,0.06999999999999998,0.36999999999999944,0.06999999999999999
0.21025000000000002,0.008561,0.7000000000000004,0.35999999999999877,0.06999999999999998,0.35999999999999877,0.06999999999999999
0.21030000000000001,0.008938,0.7000000000000004,0.34999999999999987,0.06999999999999998,0.34999999999999987,0.06999999999999999
0.21035,0.0092915,0.8,0.3400000000000001,0.06899999999999999,0.3400000000000001,0.06899999999999999
0.2104,0.00949,0.8500000000000008,0.3400000000000001,0.067,0.3400000000000001,0.067
0.21045,0.0094335,0.9000000000000006,0.3299999999999994,0.06499999999999999,0.8794229192887231,0.06499999999999999
0.21050000000000002,0.0091005,0.8500000000000008,0.37000000000000033,0.062,0.8711216318131293,0.062
0.21055000000000001,0.008629999999999999,0.8500000000000008,0.389999999999999,0.059,0.389999999999999,0.059
0.2106,0.008071499999999999,0.8000000000000009,0.3900000000000008,0.060000000000000005,0.3900000000000008,0.060000000000000005
0.21065,0.0076555,0.7500000000000002,0.3900000000000008,0.063,0.3900000000000008,0.063
0.2107,0.007351,0.7500000000000002,0.3700000000000012,0.066,0.3700000000000012,0.066
0.21075000000000002,0.007239499999999999,0.7000000000000004,0.3700000000000012,0.068,0.3700000000000012,0.068
0.21080000000000002,0.007362,0.6500000000000006,0.36000000000000054,0.068,0.36000000000000054,0.068
0.21085,0.0077564999999999995,0.6499999999999997,0.35000000000000075,0.06899999999999999,0.35000000000000075,0.06899999999999999
0.2109,0.0081075,0.6999999999999995,0.34000000000000097,0.068,0.34000000000000097,0.068
0.21095,0.00832,0.7500000000000002,0.34000000000000097,0.067,0.34000000000000097,0.067
0.21100000000000002,0.008338,0.8,0.3300000000000012,0.06499999999999999,0.7778203740609829,0.06499999999999999
0.21105000000000002,0.008168,0.7500000000000002,0.35999999999999965,0.063,0.7745190848369513,0.063
0.2111,0.007809,0.7500000000000002,0.3900000000000008,0.061,0.3900000000000008,0.061
0.21115,0.00735,0.7000000000000004,0.3900000000000008,0.062,0.3900000000000008,0.062
0.2112,0.0070025,0.6500000000000006,0.380000000000001,0.064,0.380000000000001,0.064
0.21125000000000002,0.006712999999999999,0.6500000000000006,0.3700000000000012,0.066,0.3700000000000012,0.066
0.21130000000000002,0.006567,0.6000000000000008,0.36000000000000054,0.067,0.36000000000000054,0.067
0.21135,0.0065994999999999995,0.55,0.35000000000000075,0.068,0.35000000000000075,0.068
0.2114,0.0068375,0.55,0.35000000000000075,0.068,0.35000000000000075,0.068
0.21145,0.0070085,0.6499999999999997,0.34000000000000097,0.067,0.34000000000000097,0.067
0.21150000000000002,0.007019999999999999,0.6999999999999995,0.3300000000000012,0.066,0.6812178270848084,0.066
0.21155000000000002,0.0068035,0.6499999999999997,0.35999999999999965,0.063,0.6779165378607744,0.063
0.2116,0.00656,0.5999999999999999,0.3900000000000008,0.061,0.3900000000000008,0.061
0.21165,0.006233,0.5999999999999999,0.3900000000000008,0.059,0.3900000000000008,0.059
0.2117,0.0058744999999999995,0.5999999999999999,0.380000000000001,0.061,0.380000000000001,0.061
0.21175000000000002,0.0056549999999999994,0.55,0.3799999999999992,0.063,0.3799999999999992,0.063
0.21180000000000002,0.005546499999999999,0.5000000000000002,0.35999999999999965,0.064,0.35999999999999965,0.064
0.21185,0.0056595,0.5000000000000002,0.35000000000000164,0.064,0.35000000000000164,0.064
0.2119,0.0057705,0.55,0.3400000000000001,0.064,0.3400000000000001,0.064
0.21195,0.005742499999999999,0.55,0.3400000000000001,0.063,0.5913139873877196,0.063
0.21200000000000002,0.005572499999999999,0.5000000000000002,0.36999999999999944,0.061,0.5830126999121246,0.061
0.21205000000000002,0.0053745,0.5000000000000002,0.3900000000000008,0.059,0.3900000000000008,0.059
0.2121,0.005043,0.5000000000000002,0.380000000000001,0.059,0.380000000000001,0.059
0.21215,0.004677499999999999,0.45000000000000034,0.37999999999999745,0.060000000000000005,0.37999999999999745,0.060000000000000005
0.2122,0.004487,0.4000000000000005,0.36999999999999766,0.061,0.36999999999999766,0.061
0.21225000000000002,0.0043479999999999994,0.4000000000000005,0.34999999999999987,0.063,0.34999999999999987,0.063
0.21230000000000002,0.0043535,0.4000000000000005,0.3399999999999983,0.063,0.3399999999999983,0.063
0.21235,0.0043495,0.45000000000000034,0.3299999999999985,0.064,0.3299999999999985,0.064
0.2124,0.0042895,0.39999999999999963,0.3300000000000003,0.064,0.4764101564328232,0.064
0.21245,0.004251,0.39999999999999963,0.3399999999999983,0.063,0.4814101546843849,0.063
0.21250000000000002,0.0041754999999999995,0.39999999999999963,0.35999999999999965,0.063,0.4764101564328232,0.063
0.21255000000000002,0.003931,0.39999999999999963,0.3400000000000001,0.064,0.3400000000000001,0.064
0.2126,0.003652,0.3500000000000007,0.33000000000000207,0.064,0.33000000000000207,0.064
0.21265,0.0034075,0.3000000000000009,0.3300000000000003,0.064,0.38480760770820843,0.064
0.2127,0.003038,0.3000000000000009,0.3200000000000005,0.063,0.3200000000000005,0.063
0.21275000000000002,0.00241,0.3000000000000009,0.2799999999999996,0.060000000000000005,0.0,0.0
0.21280000000000002,0.001798,0.25000000000000017,0.24000000000000044,0.056,0.0,0.0
0.21285,0.0012255,0.20000000000000034,0.20999999999999752,0.051,0.0,0.0
0.2129,0.0007304999999999999,0.20000000000000034,0.17999999999999994,0.044,0.0,0.0
0.21295,0.00034199999999999996,0.15000000000000052,0.130000000000001,0.034,0.0,0.0
0.21300000000000002,4.7499999999999996e-05,0.05,0.07000000000000049,0.017,0.0,0.0
0.21305000000000002,0.0,0.0,0.0,0.0,0.0,0.0
