t,volume,length,width,depth
0.0,0.0,0.0,0.0,0.0
5e-05,0.0014250000000000003,0.3,0.3,0.025
0.0001,0.004962500000000001,0.6000000000000001,0.3,0.05
0.00015000000000000001,0.004575000000000001,0.55,0.3,0.05
0.0002,0.006237500000000001,0.7,0.3,0.055
0.00025,0.010025000000000003,1.0,0.3,0.060000000000000005
0.00030000000000000003,0.009450000000000002,0.95,0.3,0.060000000000000005
0.00035,0.010850000000000002,1.0999999999999999,0.3,0.060000000000000005
0.0004,0.011987500000000002,1.25,0.3,0.060000000000000005
0.00045000000000000004,0.012975000000000002,1.3499999999999999,0.3,0.060000000000000005
0.0005,0.013800000000000003,1.5,0.3,0.060000000000000005
0.00055,0.01665,1.75,0.3,0.060000000000000005
0.0006000000000000001,0.017075000000000003,1.9000000000000004,0.3,0.060000000000000005
0.0006500000000000001,0.015212500000000002,1.8500000000000003,0.3,0.060000000000000005
0.0007,0.015275000000000002,1.9500000000000002,0.3,0.060000000000000005
0.00075,0.015287500000000002,2.0,0.3,0.060000000000000005
0.0008,0.015287500000000002,2.05,0.3,0.060000000000000005
0.0008500000000000001,0.015287500000000002,2.05,0.3,0.060000000000000005
0.0009000000000000001,0.015287500000000002,2.05,0.3,0.060000000000000005
0.00095,0.015287500000000002,2.05,0.3,0.060000000000000005
0.001,0.017425000000000003,2.2,0.3,0.060000000000000005
0.0010500000000000002,0.015287500000000002,2.05,0.3,0.060000000000000005
0.0011,0.015287500000000002,2.05,0.3,0.060000000000000005
0.00115,0.017425000000000003,2.2,0.3,0.060000000000000005
0.0012000000000000001,0.015287500000000002,2.0500000000000003,0.3,0.060000000000000005
0.00125,0.017425000000000003,2.2,0.3,0.060000000000000005
0.0013000000000000002,0.015287500000000002,2.05,0.3,0.060000000000000005
0.00135,0.015287500000000002,2.0500000000000003,0.3,0.060000000000000005
0.0014,0.017425000000000003,2.2,0.3,0.060000000000000005
0.0014500000000000001,0.015287500000000002,2.0500000000000003,0.3,0.060000000000000005
0.0015,0.017425000000000003,2.1999999999999997,0.3,0.060000000000000005
0.0015500000000000002,0.015287500000000002,2.05,0.3,0.060000000000000005
0.0016,0.015287500000000002,2.0499999999999994,0.3,0.060000000000000005
0.00165,0.015287500000000002,2.05,0.3,0.060000000000000005
0.0017000000000000001,0.015287500000000002,2.0500000000000003,0.3,0.060000000000000005
0.00175,0.015287500000000002,2.05,0.3,0.060000000000000005
0.0018000000000000002,0.015287500000000002,2.0500000000000003,0.3,0.060000000000000005
0.00185,0.015287500000000002,2.0499999999999994,0.3,0.060000000000000005
0.0019,0.017425000000000003,2.2,0.3,0.060000000000000005
0.0019500000000000001,0.015287500000000002,2.0500000000000003,0.3,0.060000000000000005
0.002,0.015287500000000002,2.0500000000000007,0.3,0.060000000000000005
0.00205,0.017425000000000003,2.2,0.3,0.060000000000000005
0.0021000000000000003,0.015287500000000002,2.0500000000000007,0.3,0.060000000000000005
0.00215,0.015287500000000002,2.0500000000000007,0.3,0.060000000000000005
0.0022,0.017425000000000003,2.200000000000001,0.3,0.060000000000000005
0.0022500000000000003,0.015287500000000002,2.0500000000000007,0.3,0.060000000000000005
0.0023,0.015287500000000002,2.05,0.3,0.060000000000000005
0.00235,0.017425000000000003,2.1999999999999993,0.3,0.060000000000000005
0.0024000000000000002,0.017425000000000003,2.2,0.3,0.060000000000000005
0.00245,0.015287500000000002,2.05,0.3,0.060000000000000005
0.0025,0.015287500000000002,2.05,0.3,0.060000000000000005
0.00255,0.017425000000000003,2.2,0.3,0.060000000000000005
0.0026000000000000003,0.015287500000000002,2.05,0.3,0.060000000000000005
0.00265,0.015287500000000002,2.0500000000000007,0.3,0.060000000000000005
0.0027,0.017425000000000003,2.1999999999999993,0.3,0.060000000000000005
0.0027500000000000003,0.015287500000000002,2.05,0.3,0.060000000000000005
0.0028,0.015287500000000002,2.05,0.3,0.060000000000000005
0.00285,0.017425000000000003,2.200000000000001,0.3,0.060000000000000005
0.0029000000000000002,0.017425000000000003,2.1999999999999993,0.3,0.060000000000000005
0.00295,0.015287500000000002,2.05,0.3,0.060000000000000005
0.003,0.015287500000000002,2.05,0.3,0.060000000000000005
0.00305,0.017425000000000003,2.2,0.3,0.060000000000000005
0.0031000000000000003,0.015287500000000002,2.0500000000000007,0.3,0.060000000000000005
0.00315,0.015287500000000002,2.049999999999999,0.3,0.060000000000000005
0.0032,0.015287500000000002,2.0500000000000016,0.3,0.060000000000000005
0.0032500000000000003,0.015287500000000002,2.05,0.3,0.060000000000000005
0.0033,0.015262500000000003,2.05,0.3,0.060000000000000005
0.00335,0.014637500000000003,1.950000000000001,0.2,0.060000000000000005
0.0034000000000000002,0.012975000000000002,1.8000000000000007,0.2,0.060000000000000005
0.0034500000000000004,0.010862500000000002,1.5999999999999996,0.2,0.060000000000000005
0.0035,0.008587500000000001,1.4499999999999993,0.2,0.060000000000000005
0.00355,0.006525000000000001,1.3000000000000007,0.2,0.060000000000000005
0.0036000000000000003,0.004962500000000001,1.1000000000000014,0.1,0.060000000000000005
0.00365,0.0035125000000000004,0.9500000000000011,0.1,0.055
0.0037,0.0021500000000000004,0.75,0.1,0.05
0.0037500000000000003,0.0009250000000000001,0.6000000000000014,0.1,0.045000000000000005
0.0038,0.00027500000000000007,0.40000000000000036,0.1,0.03499999999999999
0.00385,0.0,0.25,0.0,0.025
0.0039000000000000003,0.0,0.0,0.0,0.0
0.00395,0.0,0.0,0.0,0.0
0.004,0.0,0.0,0.0,0.0
0.00405,0.0,0.0,0.0,0.0
0.0041,0.0,0.0,0.0,0.0
0.00415,0.0,0.0,0.0,0.0
0.004200000000000001,0.0,0.0,0.0,0.0
0.00425,0.0,0.0,0.0,0.0
0.0043,0.0,0.0,0.0,0.0
0.004350000000000001,0.0,0.0,0.0,0.0
0.0044,0.0,0.0,0.0,0.0
0.00445,0.0,0.0,0.0,0.0
0.0045000000000000005,0.0,0.0,0.0,0.0
0.00455,0.0,0.0,0.0,0.0
0.0046,0.0,0.0,0.0,0.0
0.0046500000000000005,0.0,0.0,0.0,0.0
0.0047,0.0,0.0,0.0,0.0
0.00475,0.0,0.0,0.0,0.0
0.0048000000000000004,0.0,0.0,0.0,0.0
0.00485,0.0,0.0,0.0,0.0
0.0049,0.0,0.0,0.0,0.0
0.00495,0.0,0.0,0.0,0.0
0.005,0.0016875000000000004,0.29999999999999893,0.25,0.025
0.005050000000000001,0.0015125000000000002,0.29999999999999893,0.25,0.025
0.0051,0.0032250000000000004,0.45000000000000107,0.3,0.04
0.00515,0.0074125000000000016,0.7000000000000011,0.3,0.060000000000000005
0.005200000000000001,0.006962500000000002,0.7000000000000011,0.3,0.060000000000000005
0.00525,0.008825000000000001,0.8500000000000014,0.3,0.06499999999999999
0.0053,0.013187500000000003,1.0999999999999996,0.3,0.06999999999999998
0.005350000000000001,0.012537500000000002,1.0999999999999996,0.3,0.06999999999999998
0.0054,0.014200000000000003,1.25,0.3,0.06999999999999998
0.00545,0.017987500000000003,1.5,0.3,0.06999999999999998
0.0055000000000000005,0.016787500000000004,1.5,0.3,0.06999999999999998
0.00555,0.017787500000000005,1.6499999999999986,0.3,0.06499999999999999
0.0056,0.020925000000000003,1.8999999999999986,0.3,0.06499999999999999
0.0056500000000000005,0.019150000000000004,1.8999999999999986,0.3,0.06499999999999999
0.0057,0.021825000000000004,2.1500000000000004,0.3,0.06499999999999999
0.00575,0.021962500000000003,2.3,0.3,0.06499999999999999
0.0058000000000000005,0.019587500000000004,2.250000000000001,0.3,0.06499999999999999
0.00585,0.021550000000000003,2.5,0.3,0.06499999999999999
0.0059,0.018912500000000002,2.3999999999999986,0.3,0.06499999999999999
0.00595,0.018537500000000002,2.3500000000000014,0.3,0.06499999999999999
0.006,0.020500000000000004,2.499999999999999,0.3,0.06499999999999999
0.006050000000000001,0.017925000000000003,2.3,0.3,0.06499999999999999
0.0061,0.017550000000000003,2.299999999999999,0.3,0.06499999999999999
0.00615,0.019437500000000003,2.4000000000000004,0.3,0.06499999999999999
0.006200000000000001,0.017000000000000005,2.25,0.3,0.06499999999999999
0.00625,0.016850000000000004,2.2,0.3,0.060000000000000005
0.0063,0.018762500000000005,2.3499999999999988,0.3,0.060000000000000005
0.006350000000000001,0.016425000000000002,2.2,0.3,0.060000000000000005
0.0064,0.016237500000000002,2.1500000000000004,0.3,0.060000000000000005
0.00645,0.016100000000000003,2.1499999999999995,0.3,0.060000000000000005
0.006500000000000001,0.015962500000000004,2.1500000000000004,0.3,0.060000000000000005
0.00655,0.015787500000000003,2.0999999999999996,0.3,0.060000000000000005
0.0066,0.015625000000000003,2.1000000000000005,0.3,0.060000000000000005
0.0066500000000000005,0.015462500000000002,2.1000000000000005,0.3,0.060000000000000005
0.0067,0.015412500000000003,2.1000000000000005,0.3,0.060000000000000005
0.00675,0.015375000000000003,2.1000000000000005,0.3,0.060000000000000005
0.0068000000000000005,0.015362500000000003,2.05,0.3,0.060000000000000005
0.00685,0.015362500000000003,2.05,0.3,0.060000000000000005
0.006900000000000001,0.017612500000000003,2.2,0.3,0.060000000000000005
0.0069500000000000004,0.015525000000000002,2.05,0.3,0.060000000000000005
0.007,0.015712500000000004,2.0499999999999994,0.3,0.06499999999999999
0.007050000000000001,0.015750000000000004,2.0,0.3,0.06499999999999999
0.0071,0.015950000000000002,1.9999999999999996,0.3,0.06499999999999999
0.00715,0.016062500000000004,2.0000000000000004,0.3,0.06499999999999999
0.007200000000000001,0.016325000000000003,2.0,0.3,0.06499999999999999
0.00725,0.016550000000000002,2.0000000000000004,0.3,0.06499999999999999
0.0073,0.016637500000000003,2.0500000000000003,0.3,0.060000000000000005
0.007350000000000001,0.016612500000000002,2.0999999999999996,0.3,0.060000000000000005
0.0074,0.016625000000000004,2.15,0.3,0.060000000000000005
0.00745,0.016537500000000004,2.1499999999999995,0.3,0.060000000000000005
0.007500000000000001,0.016475000000000004,2.15,0.3,0.060000000000000005
0.00755,0.016412500000000003,2.1499999999999995,0.3,0.060000000000000005
0.0076,0.016362500000000002,2.15,0.3,0.060000000000000005
0.0076500000000000005,0.016287500000000003,2.1,0.3,0.060000000000000005
0.0077,0.016187500000000004,2.1,0.3,0.060000000000000005
0.00775,0.018262500000000004,2.25,0.3,0.060000000000000005
0.0078000000000000005,0.018150000000000003,2.25,0.3,0.060000000000000005
0.007850000000000001,0.015950000000000002,2.0999999999999996,0.3,0.060000000000000005
0.0079,0.015875000000000004,2.1,0.3,0.060000000000000005
0.00795,0.015837500000000004,2.1,0.3,0.060000000000000005
0.008,0.015812500000000004,2.0999999999999996,0.3,0.060000000000000005
0.00805,0.017925000000000003,2.25,0.3,0.060000000000000005
0.0081,0.017900000000000003,2.25,0.3,0.060000000000000005
0.008150000000000001,0.015687500000000004,2.1,0.3,0.060000000000000005
0.0082,0.015612500000000003,2.05,0.3,0.060000000000000005
0.00825,0.015500000000000003,2.05,0.3,0.060000000000000005
0.0083,0.015125000000000003,2.05,0.3,0.060000000000000005
0.00835,0.013750000000000002,1.85,0.2,0.060000000000000005
0.008400000000000001,0.011425000000000003,1.65,0.2,0.060000000000000005
0.008450000000000001,0.009125000000000001,1.5,0.2,0.060000000000000005
0.0085,0.0069875000000000015,1.2999999999999998,0.2,0.060000000000000005
0.00855,0.005350000000000001,1.15,0.15,0.060000000000000005
0.0086,0.003800000000000001,1.0,0.09999999999999999,0.055
0.00865,0.0023375000000000006,0.7999999999999999,0.09999999999999999,0.05
0.008700000000000001,0.001025,0.65,0.09999999999999999,0.045000000000000005
0.00875,0.00030000000000000003,0.45,0.09999999999999999,0.03499999999999999
0.0088,0.0,0.2,0.0,0.025
0.00885,0.0,0.0,0.0,0.0
0.0089,0.0,0.0,0.0,0.0
0.00895,0.0,0.0,0.0,0.0
0.009000000000000001,0.0,0.0,0.0,0.0
0.00905,0.0,0.0,0.0,0.0
0.0091,0.0,0.0,0.0,0.0
0.00915,0.0,0.0,0.0,0.0
0.0092,0.0,0.0,0.0,0.0
0.009250000000000001,0.0,0.0,0.0,0.0
0.009300000000000001,0.0,0.0,0.0,0.0
0.00935,0.0,0.0,0.0,0.0
0.0094,0.0,0.0,0.0,0.0
0.00945,0.0,0.0,0.0,0.0
0.0095,0.0,0.0,0.0,0.0
0.009550000000000001,0.0,0.0,0.0,0.0
0.009600000000000001,0.0,0.0,0.0,0.0
0.00965,0.0,0.0,0.0,0.0
0.0097,0.0,0.0,0.0,0.0
0.00975,0.0,0.0,0.0,0.0
0.0098,0.0,0.0,0.0,0.0
0.009850000000000001,0.0,0.0,0.0,0.0
0.0099,0.0,0.0,0.0,0.0
0.00995,0.0,0.0,0.0,0.0
0.01,0.0009000000000000002,0.25,0.19999999999999998,0.02
0.01005,0.004700000000000001,0.5,0.3,0.05
0.010100000000000001,0.006637500000000001,0.65,0.3,0.055
0.010150000000000001,0.006225000000000001,0.65,0.3,0.055
0.0102,0.008187500000000002,0.75,0.3,0.060000000000000005
0.01025,0.009962500000000003,0.9,0.3,0.06499999999999999
0.0103,0.011800000000000001,1.05,0.3,0.06499999999999999
0.01035,0.015912500000000003,1.35,0.3,0.06999999999999998
0.010400000000000001,0.017400000000000002,1.45,0.3,0.06999999999999998
0.010450000000000001,0.016300000000000002,1.45,0.3,0.06999999999999998
0.0105,0.0174375,1.6,0.3,0.06499999999999999
0.01055,0.018275000000000003,1.7,0.3,0.06499999999999999
0.0106,0.021237500000000003,2.0,0.3,0.06499999999999999
0.01065,0.021537500000000005,2.1,0.3,0.06499999999999999
0.010700000000000001,0.021787500000000005,2.2500000000000004,0.3,0.06499999999999999
0.010750000000000001,0.019562500000000003,2.2,0.3,0.06499999999999999
0.0108,0.019287500000000003,2.3000000000000003,0.3,0.06499999999999999
0.01085,0.019025000000000004,2.35,0.3,0.06499999999999999
0.0109,0.021000000000000005,2.5,0.3,0.06499999999999999
0.01095,0.020637500000000003,2.4499999999999997,0.3,0.06499999999999999
0.011000000000000001,0.018075000000000004,2.3,0.3,0.06499999999999999
0.01105,0.017787500000000005,2.3,0.3,0.06499999999999999
0.0111,0.017450000000000004,2.25,0.3,0.06499999999999999
0.01115,0.017162500000000004,2.25,0.3,0.06499999999999999
0.0112,0.019175000000000005,2.3499999999999996,0.3,0.060000000000000005
0.011250000000000001,0.018900000000000004,2.35,0.3,0.060000000000000005
0.011300000000000001,0.016537500000000004,2.2,0.3,0.060000000000000005
0.01135,0.016375000000000004,2.1499999999999995,0.3,0.060000000000000005
0.0114,0.016137500000000003,2.15,0.3,0.060000000000000005
0.01145,0.018137500000000004,2.3,0.3,0.060000000000000005
0.0115,0.018075000000000004,2.25,0.3,0.060000000000000005
0.011550000000000001,0.017925000000000003,2.2500000000000004,0.3,0.060000000000000005
0.011600000000000001,0.015600000000000003,2.1000000000000005,0.3,0.060000000000000005
0.01165,0.015450000000000004,2.1,0.3,0.060000000000000005
0.0117,0.015437500000000003,2.0500000000000003,0.3,0.060000000000000005
0.01175,0.017650000000000002,2.2,0.3,0.060000000000000005
0.0118,0.017687500000000002,2.2000000000000006,0.3,0.060000000000000005
0.011850000000000001,0.015450000000000004,2.0500000000000007,0.3,0.060000000000000005
0.0119,0.015525000000000002,2.05,0.3,0.060000000000000005
0.01195,0.015675,2.05,0.3,0.06499999999999999
0.012,0.0158,2.0,0.3,0.06499999999999999
0.01205,0.018112500000000004,2.1499999999999995,0.3,0.06499999999999999
0.012100000000000001,0.018237500000000004,2.1500000000000004,0.3,0.06499999999999999
0.012150000000000001,0.016250000000000004,2.0,0.3,0.060000000000000005
0.0122,0.016512500000000003,2.0,0.3,0.060000000000000005
0.01225,0.0165875,2.0,0.3,0.060000000000000005
0.0123,0.018800000000000004,2.1999999999999993,0.3,0.060000000000000005
0.01235,0.018750000000000003,2.25,0.3,0.060000000000000005
0.012400000000000001,0.018725000000000002,2.249999999999999,0.3,0.060000000000000005
0.012450000000000001,0.0164,2.0999999999999996,0.3,0.060000000000000005
0.0125,0.016350000000000003,2.0999999999999996,0.3,0.060000000000000005
0.01255,0.016250000000000004,2.0999999999999996,0.3,0.060000000000000005
0.0126,0.018425000000000004,2.25,0.3,0.060000000000000005
0.01265,0.018400000000000003,2.25,0.3,0.060000000000000005
0.012700000000000001,0.018325000000000004,2.250000000000001,0.3,0.060000000000000005
0.012750000000000001,0.016100000000000003,2.1000000000000005,0.3,0.060000000000000005
0.0128,0.016025000000000005,2.0999999999999996,0.3,0.060000000000000005
0.01285,0.015975000000000003,2.0999999999999996,0.3,0.060000000000000005
0.0129,0.015937500000000004,2.1000000000000005,0.3,0.060000000000000005
0.012950000000000001,0.0158625,2.1000000000000005,0.3,0.060000000000000005
0.013000000000000001,0.015825000000000002,2.049999999999999,0.3,0.060000000000000005
0.01305,0.015787500000000003,2.049999999999999,0.3,0.060000000000000005
0.0131,0.015662500000000003,2.049999999999999,0.3,0.060000000000000005
0.01315,0.015587500000000002,2.05,0.3,0.060000000000000005
0.0132,0.015475000000000003,2.0500000000000007,0.3,0.060000000000000005
0.013250000000000001,0.014612500000000002,1.950000000000001,0.19999999999999998,0.060000000000000005
0.013300000000000001,0.012625000000000003,1.7500000000000018,0.19999999999999998,0.060000000000000005
0.01335,0.010375000000000002,1.5999999999999996,0.19999999999999998,0.060000000000000005
0.0134,0.008112500000000002,1.4000000000000004,0.19999999999999998,0.060000000000000005
0.01345,0.0061375000000000015,1.25,0.19999999999999998,0.060000000000000005
0.0135,0.004600000000000001,1.0999999999999996,0.1,0.055
0.013550000000000001,0.0030625000000000006,0.8999999999999986,0.1,0.05
0.013600000000000001,0.0016125000000000002,0.7499999999999982,0.1,0.045000000000000005
0.01365,0.0005000000000000001,0.5,0.1,0.04
0.0137,6.250000000000001e-05,0.3000000000000007,0.0,0.030000000000000002
0.01375,0.0,0.05000000000000071,0.0,0.01
0.013800000000000002,0.0,0.0,0.0,0.0
0.013850000000000001,0.0,0.0,0.0,0.0
0.013900000000000001,0.0,0.0,0.0,0.0
0.01395,0.0,0.0,0.0,0.0
0.014,0.0,0.0,0.0,0.0
0.01405,0.0,0.0,0.0,0.0
0.014100000000000001,0.0,0.0,0.0,0.0
0.014150000000000001,0.0,0.0,0.0,0.0
0.0142,0.0,0.0,0.0,0.0
0.01425,0.0,0.0,0.0,0.0
0.0143,0.0,0.0,0.0,0.0
0.01435,0.0,0.0,0.0,0.0
0.014400000000000001,0.0,0.0,0.0,0.0
0.014450000000000001,0.0,0.0,0.0,0.0
0.0145,0.0,0.0,0.0,0.0
0.01455,0.0,0.0,0.0,0.0
0.0146,0.0,0.0,0.0,0.0
0.014650000000000002,0.0,0.0,0.0,0.0
0.014700000000000001,0.0,0.0,0.0,0.0
0.014750000000000001,0.0,0.0,0.0,0.0
0.0148,0.0,0.0,0.0,0.0
0.01485,0.0,0.0,0.0,0.0
0.0149,0.0,0.0,0.0,0.0
0.014950000000000001,0.0016750000000000003,0.3500000000000014,0.25,0.030000000000000002
0.015000000000000001,0.005475000000000001,0.5999999999999996,0.30000000000000004,0.05
0.015050000000000001,0.005112500000000001,0.5999999999999996,0.30000000000000004,0.05
0.0151,0.007112500000000002,0.6999999999999993,0.30000000000000004,0.060000000000000005
0.01515,0.009037500000000002,0.8499999999999996,0.30000000000000004,0.06499999999999999
0.0152,0.010850000000000002,0.9499999999999993,0.30000000000000004,0.06499999999999999
0.015250000000000001,0.012600000000000002,1.0999999999999996,0.30000000000000004,0.06499999999999999
0.015300000000000001,0.014162500000000003,1.1999999999999993,0.30000000000000004,0.06999999999999998
0.01535,0.015575000000000002,1.3499999999999996,0.30000000000000004,0.06999999999999998
0.0154,0.016825000000000003,1.5,0.30000000000000004,0.06999999999999998
0.01545,0.017912500000000005,1.6000000000000014,0.30000000000000004,0.06499999999999999
0.0155,0.018712500000000003,1.7500000000000009,0.30000000000000004,0.06499999999999999
0.015550000000000001,0.021687500000000005,2.000000000000001,0.30000000000000004,0.06499999999999999
0.015600000000000001,0.019725000000000003,2.000000000000001,0.30000000000000004,0.06499999999999999
0.01565,0.022050000000000004,2.25,0.30000000000000004,0.06499999999999999
0.015700000000000002,0.019787500000000003,2.1999999999999993,0.30000000000000004,0.06499999999999999
0.01575,0.019562500000000003,2.3,0.30000000000000004,0.06499999999999999
0.0158,0.019187500000000003,2.3500000000000005,0.30000000000000004,0.06499999999999999
0.01585,0.018875000000000003,2.3500000000000005,0.30000000000000004,0.06499999999999999
0.0159,0.020837500000000005,2.450000000000001,0.30000000000000004,0.06499999999999999
0.015950000000000002,0.018237500000000004,2.3000000000000007,0.30000000000000004,0.06499999999999999
0.016,0.020087500000000005,2.3999999999999995,0.30000000000000004,0.06499999999999999
0.016050000000000002,0.017587500000000002,2.250000000000001,0.30000000000000004,0.06499999999999999
0.0161,0.017337500000000002,2.1999999999999993,0.30000000000000004,0.06499999999999999
0.01615,0.019287500000000003,2.3500000000000005,0.30000000000000004,0.06499999999999999
0.0162,0.016887500000000003,2.2,0.30000000000000004,0.060000000000000005
0.01625,0.018862500000000004,2.3,0.30000000000000004,0.060000000000000005
0.016300000000000002,0.016475000000000004,2.1500000000000004,0.30000000000000004,0.060000000000000005
0.01635,0.016312500000000004,2.1500000000000004,0.30000000000000004,0.060000000000000005
0.0164,0.01835,2.249999999999999,0.30000000000000004,0.060000000000000005
0.01645,0.015950000000000002,2.0999999999999996,0.30000000000000004,0.060000000000000005
0.0165,0.017850000000000005,2.25,0.30000000000000004,0.060000000000000005
0.016550000000000002,0.015600000000000003,2.0999999999999996,0.30000000000000004,0.060000000000000005
0.0166,0.015575000000000002,2.0500000000000007,0.30000000000000004,0.060000000000000005
0.01665,0.015562500000000003,2.0500000000000007,0.30000000000000004,0.060000000000000005
0.0167,0.015475000000000003,2.0500000000000007,0.30000000000000004,0.060000000000000005
0.01675,0.017725000000000005,2.2,0.30000000000000004,0.060000000000000005
0.016800000000000002,0.015550000000000003,2.0,0.30000000000000004,0.060000000000000005
0.01685,0.018012500000000004,2.1499999999999995,0.30000000000000004,0.06499999999999999
0.016900000000000002,0.015825000000000002,2.0,0.30000000000000004,0.06499999999999999
0.01695,0.016000000000000004,1.9999999999999996,0.30000000000000004,0.06499999999999999
0.017,0.018387500000000005,2.1500000000000004,0.30000000000000004,0.06499999999999999
0.01705,0.016287500000000003,1.9500000000000002,0.30000000000000004,0.06499999999999999
0.0171,0.018775000000000003,2.1000000000000005,0.30000000000000004,0.06499999999999999
0.017150000000000002,0.016725000000000004,1.9500000000000002,0.30000000000000004,0.06499999999999999
0.0172,0.016900000000000002,2.0000000000000004,0.30000000000000004,0.06499999999999999
0.01725,0.019137500000000005,2.1999999999999997,0.30000000000000004,0.060000000000000005
0.0173,0.016825000000000003,2.099999999999999,0.30000000000000004,0.060000000000000005
0.01735,0.019000000000000003,2.25,0.30000000000000004,0.060000000000000005
0.017400000000000002,0.016687500000000004,2.0999999999999996,0.30000000000000004,0.060000000000000005
0.01745,0.016637500000000003,2.1,0.30000000000000004,0.060000000000000005
0.0175,0.016512500000000003,2.0999999999999996,0.30000000000000004,0.060000000000000005
0.01755,0.016437500000000004,2.0999999999999996,0.30000000000000004,0.060000000000000005
0.0176,0.018575000000000005,2.25,0.30000000000000004,0.060000000000000005
0.017650000000000002,0.016262500000000003,2.1,0.30000000000000004,0.060000000000000005
0.0177,0.018400000000000003,2.25,0.30000000000000004,0.060000000000000005
0.017750000000000002,0.016137500000000003,2.0999999999999996,0.30000000000000004,0.060000000000000005
0.0178,0.016050000000000002,2.05,0.30000000000000004,0.060000000000000005
0.01785,0.018212500000000003,2.1999999999999997,0.30000000000000004,0.060000000000000005
0.0179,0.015912500000000003,2.05,0.30000000000000004,0.060000000000000005
0.01795,0.018037500000000005,2.1999999999999997,0.30000000000000004,0.060000000000000005
0.018000000000000002,0.015850000000000003,2.05,0.30000000000000004,0.060000000000000005
0.01805,0.015750000000000004,2.0500000000000003,0.30000000000000004,0.060000000000000005
0.0181,0.015562500000000003,2.0500000000000003,0.30000000000000004,0.060000000000000005
0.01815,0.014350000000000003,1.9000000000000004,0.2,0.060000000000000005
0.0182,0.012375000000000002,1.75,0.2,0.060000000000000005
0.018250000000000002,0.009962500000000003,1.55,0.2,0.060000000000000005
0.0183,0.0075625000000000015,1.4000000000000001,0.2,0.060000000000000005
0.01835,0.005837500000000001,1.25,0.14999999999999997,0.060000000000000005
0.0184,0.004200000000000001,1.0,0.09999999999999998,0.055
0.01845,0.0027125000000000005,0.8500000000000001,0.09999999999999998,0.05
0.018500000000000003,0.0012875000000000002,0.6499999999999999,0.09999999999999998,0.045000000000000005
0.01855,0.0004000000000000001,0.5,0.09999999999999998,0.03499999999999999
0.018600000000000002,0.0,0.30000000000000004,0.0,0.025
0.01865,0.0,0.0,0.0,0.0
0.0187,0.0,0.0,0.0,0.0
0.01875,0.0,0.0,0.0,0.0
0.0188,0.0,0.0,0.0,0.0
0.018850000000000002,0.0,0.0,0.0,0.0
0.0189,0.0,0.0,0.0,0.0
0.01895,0.0,0.0,0.0,0.0
0.019,0.0,0.0,0.0,0.0
0.01905,0.0,0.0,0.0,0.0
0.019100000000000002,0.0,0.0,0.0,0.0
0.01915,0.0,0.0,0.0,0.0
0.019200000000000002,0.0,0.0,0.0,0.0
0.01925,0.0,0.0,0.0,0.0
0.0193,0.0,0.0,0.0,0.0
0.019350000000000003,0.0,0.0,0.0,0.0
0.0194,0.0,0.0,0.0,0.0
0.019450000000000002,0.0,0.0,0.0,0.0
0.0195,0.0,0.0,0.0,0.0
0.01955,0.0,0.0,0.0,0.0
0.0196,0.0,0.0,0.0,0.0
0.01965,0.0,0.0,0.0,0.0
0.019700000000000002,0.0,0.0,0.0,0.0
0.01975,0.0,0.0,0.0,0.0
0.0198,0.00035000000000000005,0.19999999999999998,0.2,0.01
0.01985,0.0020250000000000003,0.3,0.30000000000000004,0.030000000000000002
0.0199,0.005912500000000001,0.6000000000000001,0.30000000000000004,0.055
0.019950000000000002,0.005550000000000001,0.6000000000000001,0.30000000000000004,0.055
0.02,0.009900000000000003,0.8500000000000001,0.30000000000000004,0.06499999999999999
0.020050000000000002,0.009287500000000002,0.8500000000000001,0.30000000000000004,0.06499999999999999
0.0201,0.011162500000000002,1.0,0.30000000000000004,0.06499999999999999
0.02015,0.015337500000000002,1.25,0.30000000000000004,0.06999999999999998
0.020200000000000003,0.014425000000000002,1.25,0.30000000000000004,0.06999999999999998
0.02025,0.018237500000000004,1.55,0.30000000000000004,0.06999999999999998
0.020300000000000002,0.017075000000000003,1.5,0.30000000000000004,0.06999999999999998
0.02035,0.018062500000000002,1.65,0.30000000000000004,0.06499999999999999
0.0204,0.021262500000000004,1.9499999999999997,0.30000000000000004,0.06499999999999999
0.02045,0.019462500000000004,1.9,0.30000000000000004,0.06499999999999999
0.0205,0.022087500000000003,2.15,0.30000000000000004,0.06499999999999999
0.020550000000000002,0.019900000000000004,2.15,0.30000000000000004,0.06499999999999999
0.0206,0.019775000000000004,2.25,0.30000000000000004,0.06499999999999999
0.02065,0.019487500000000005,2.3,0.30000000000000004,0.06499999999999999
0.0207,0.019150000000000004,2.3500000000000005,0.30000000000000004,0.06499999999999999
0.02075,0.021062500000000005,2.5,0.30000000000000004,0.06499999999999999
0.020800000000000003,0.018487500000000004,2.3,0.30000000000000004,0.06499999999999999
0.02085,0.020525000000000005,2.45,0.30000000000000004,0.06499999999999999
0.020900000000000002,0.017937500000000002,2.25,0.30000000000000004,0.06499999999999999
0.02095,0.017600000000000005,2.25,0.30000000000000004,0.06499999999999999
0.021,0.019600000000000003,2.4000000000000004,0.30000000000000004,0.06499999999999999
0.021050000000000003,0.017112500000000003,2.2000000000000006,0.30000000000000004,0.06499999999999999
0.0211,0.019050000000000004,2.35,0.30000000000000004,0.060000000000000005
0.021150000000000002,0.016662500000000004,2.1500000000000004,0.30000000000000004,0.060000000000000005
0.0212,0.016500000000000004,2.15,0.30000000000000004,0.060000000000000005
0.02125,0.018450000000000005,2.3000000000000003,0.30000000000000004,0.060000000000000005
0.0213,0.016162500000000003,2.1500000000000004,0.30000000000000004,0.060000000000000005
0.02135,0.018150000000000003,2.2500000000000004,0.30000000000000004,0.060000000000000005
0.021400000000000002,0.015825000000000002,2.1,0.30000000000000004,0.060000000000000005
0.02145,0.017812500000000002,2.25,0.30000000000000004,0.060000000000000005
0.021500000000000002,0.015612500000000003,2.1,0.30000000000000004,0.060000000000000005
0.02155,0.015512500000000002,2.0499999999999994,0.30000000000000004,0.060000000000000005
0.0216,0.017775000000000003,2.1999999999999993,0.30000000000000004,0.060000000000000005
0.021650000000000003,0.015512500000000002,2.0499999999999994,0.30000000000000004,0.060000000000000005
0.0217,0.017775000000000003,2.2,0.30000000000000004,0.060000000000000005
0.021750000000000002,0.015700000000000002,2.05,0.30000000000000004,0.060000000000000005
0.0218,0.015875000000000004,2.0,0.30000000000000004,0.06499999999999999
0.02185,0.018225,2.1499999999999995,0.30000000000000004,0.06499999999999999
0.0219,0.016100000000000003,2.0,0.30000000000000004,0.06499999999999999
0.02195,0.018575000000000005,2.1499999999999995,0.30000000000000004,0.06499999999999999
0.022000000000000002,0.016612500000000002,1.9499999999999993,0.30000000000000004,0.06499999999999999
0.02205,0.016850000000000004,2.0,0.30000000000000004,0.06499999999999999
0.0221,0.019150000000000004,2.2,0.30000000000000004,0.060000000000000005
0.02215,0.016887500000000003,2.1000000000000005,0.30000000000000004,0.060000000000000005
0.0222,0.019037500000000002,2.25,0.30000000000000004,0.060000000000000005
0.022250000000000002,0.016762500000000003,2.1500000000000004,0.30000000000000004,0.060000000000000005
0.0223,0.018900000000000004,2.25,0.30000000000000004,0.060000000000000005
0.022350000000000002,0.016637500000000003,2.1000000000000005,0.30000000000000004,0.060000000000000005
0.0224,0.016562500000000004,2.0999999999999988,0.30000000000000004,0.060000000000000005
0.02245,0.018687500000000003,2.249999999999999,0.30000000000000004,0.060000000000000005
0.022500000000000003,0.016425000000000002,2.0999999999999996,0.30000000000000004,0.060000000000000005
0.02255,0.018550000000000004,2.25,0.30000000000000004,0.060000000000000005
0.022600000000000002,0.016300000000000002,2.1000000000000005,0.30000000000000004,0.060000000000000005
0.02265,0.016162500000000003,2.1000000000000005,0.30000000000000004,0.060000000000000005
0.0227,0.018300000000000004,2.25,0.30000000000000004,0.060000000000000005
0.02275,0.015975000000000003,2.0999999999999988,0.30000000000000004,0.060000000000000005
0.0228,0.018087500000000003,2.2,0.30000000000000004,0.060000000000000005
0.022850000000000002,0.015825000000000002,2.05,0.30000000000000004,0.060000000000000005
0.0229,0.015762500000000002,2.0500000000000007,0.30000000000000004,0.060000000000000005
0.02295,0.016700000000000003,2.049999999999999,0.30000000000000004,0.060000000000000005
0.023,0.014412500000000003,1.8999999999999986,0.2,0.060000000000000005
0.02305,0.012450000000000003,1.7499999999999982,0.2,0.060000000000000005
0.023100000000000002,0.010050000000000002,1.549999999999999,0.2,0.060000000000000005
0.02315,0.007662500000000002,1.4000000000000004,0.2,0.060000000000000005
0.023200000000000002,0.005875000000000001,1.25,0.15000000000000002,0.055
0.02325,0.004237500000000001,1.0500000000000007,0.10000000000000003,0.055
0.0233,0.0026875000000000007,0.9000000000000004,0.10000000000000003,0.05
0.023350000000000003,0.0012625000000000002,0.7000000000000011,0.10000000000000003,0.045000000000000005
0.0234,0.0004000000000000001,0.5,0.10000000000000003,0.03499999999999999
0.023450000000000002,0.0,0.3000000000000007,0.0,0.025
0.0235,0.0,0.0,0.0,0.0
0.02355,0.0,0.0,0.0,0.0
0.0236,0.0,0.0,0.0,0.0
0.02365,0.0,0.0,0.0,0.0
0.023700000000000002,0.0,0.0,0.0,0.0
0.02375,0.0,0.0,0.0,0.0
0.0238,0.0,0.0,0.0,0.0
0.02385,0.0,0.0,0.0,0.0
0.0239,0.0,0.0,0.0,0.0
0.023950000000000003,0.0,0.0,0.0,0.0
0.024,0.0,0.0,0.0,0.0
0.024050000000000002,0.0,0.0,0.0,0.0
0.0241,0.0,0.0,0.0,0.0
0.02415,0.0,0.0,0.0,0.0
0.024200000000000003,0.0,0.0,0.0,0.0
0.02425,0.0,0.0,0.0,0.0
0.024300000000000002,0.0,0.0,0.0,0.0
0.02435,0.0,0.0,0.0,0.0
0.0244,0.0,0.0,0.0,0.0
0.02445,0.0,0.0,0.0,0.0
0.0245,0.0,0.0,0.0,0.0
0.024550000000000002,0.0,0.0,0.0,0.0
0.0246,0.00027500000000000007,0.15000000000000036,0.15000000000000002,0.005
0.024650000000000002,0.0020750000000000005,0.3000000000000007,0.30000000000000004,0.030000000000000002
0.0247,0.0019125000000000004,0.3000000000000007,0.30000000000000004,0.030000000000000002
0.02475,0.005837500000000001,0.5999999999999996,0.30000000000000004,0.055
0.024800000000000003,0.005500000000000001,0.5500000000000007,0.30000000000000004,0.055
0.02485,0.009837500000000002,0.8500000000000014,0.30000000000000004,0.06499999999999999
0.024900000000000002,0.009237500000000001,0.8500000000000014,0.30000000000000004,0.06499999999999999
0.02495,0.011100000000000002,0.9500000000000011,0.30000000000000004,0.06499999999999999
0.025,0.015250000000000003,1.25,0.30000000000000004,0.06499999999999999
0.025050000000000003,0.014325000000000003,1.25,0.30000000000000004,0.06499999999999999
0.0251,0.018150000000000003,1.5500000000000007,0.30000000000000004,0.06999999999999998
0.025150000000000002,0.017037500000000004,1.5,0.30000000000000004,0.06999999999999998
0.0252,0.018075000000000004,1.6499999999999995,0.30000000000000004,0.06499999999999999
0.02525,0.021275000000000002,1.8999999999999995,0.30000000000000004,0.06499999999999999
0.0253,0.019450000000000002,1.8999999999999995,0.30000000000000004,0.06499999999999999
0.02535,0.022125000000000006,2.1500000000000004,0.30000000000000004,0.06499999999999999
0.025400000000000002,0.019900000000000004,2.1500000000000004,0.30000000000000004,0.06499999999999999
0.02545,0.022087500000000003,2.3999999999999995,0.30000000000000004,0.06499999999999999
0.025500000000000002,0.021875000000000006,2.450000000000002,0.30000000000000004,0.06499999999999999
0.02555,0.019212500000000004,2.3500000000000005,0.30000000000000004,0.06499999999999999
0.0256,0.018925000000000004,2.3499999999999996,0.30000000000000004,0.06499999999999999
0.025650000000000003,0.018587500000000003,2.3000000000000007,0.30000000000000004,0.06499999999999999
0.0257,0.018275000000000003,2.3,0.30000000000000004,0.06499999999999999
0.025750000000000002,0.018000000000000002,2.250000000000001,0.30000000000000004,0.06499999999999999
0.0258,0.017687500000000002,2.25,0.30000000000000004,0.06499999999999999
0.02585,0.017412500000000004,2.200000000000001,0.30000000000000004,0.06499999999999999
0.025900000000000003,0.017150000000000002,2.2,0.30000000000000004,0.06499999999999999
0.02595,0.016875000000000005,2.2,0.30000000000000004,0.060000000000000005
0.026000000000000002,0.0167125,2.1500000000000004,0.30000000000000004,0.060000000000000005
0.02605,0.016500000000000004,2.1500000000000004,0.30000000000000004,0.060000000000000005
0.0261,0.0163375,2.1500000000000004,0.30000000000000004,0.060000000000000005
0.02615,0.016125000000000004,2.0999999999999996,0.30000000000000004,0.060000000000000005
0.0262,0.015975000000000003,2.0999999999999996,0.30000000000000004,0.060000000000000005
0.026250000000000002,0.015812500000000004,2.0999999999999996,0.30000000000000004,0.060000000000000005
0.0263,0.015637500000000002,2.1000000000000005,0.30000000000000004,0.060000000000000005
0.026350000000000002,0.015537500000000003,2.0500000000000007,0.30000000000000004,0.060000000000000005
0.0264,0.015450000000000004,2.0500000000000007,0.30000000000000004,0.060000000000000005
0.02645,0.015450000000000004,2.05,0.30000000000000004,0.060000000000000005
0.026500000000000003,0.015437500000000003,2.0500000000000007,0.30000000000000004,0.060000000000000005
0.02655,0.015525000000000002,2.0500000000000003,0.30000000000000004,0.060000000000000005
0.026600000000000002,0.015625000000000003,2.0,0.30000000000000004,0.060000000000000005
0.02665,0.015837500000000004,1.9999999999999996,0.30000000000000004,0.06499999999999999
0.0267,0.015950000000000002,2.0000000000000004,0.30000000000000004,0.06499999999999999
0.026750000000000003,0.016125000000000004,2.0,0.30000000000000004,0.06499999999999999
0.0268,0.016287500000000003,1.9500000000000006,0.30000000000000004,0.06499999999999999
0.026850000000000002,0.016612500000000002,1.9500000000000002,0.30000000000000004,0.06499999999999999
0.0269,0.016787500000000004,2.0000000000000004,0.30000000000000004,0.060000000000000005
0.02695,0.016937500000000005,2.0,0.30000000000000004,0.060000000000000005
0.027,0.016925000000000003,2.0499999999999994,0.30000000000000004,0.060000000000000005
0.02705,0.016862500000000002,2.1,0.30000000000000004,0.060000000000000005
0.027100000000000003,0.016762500000000003,2.0999999999999996,0.30000000000000004,0.060000000000000005
0.02715,0.016700000000000003,2.1,0.30000000000000004,0.060000000000000005
0.027200000000000002,0.016612500000000002,2.0999999999999996,0.30000000000000004,0.060000000000000005
0.02725,0.016537500000000004,2.0999999999999996,0.30000000000000004,0.060000000000000005
0.0273,0.0164625,2.1,0.30000000000000004,0.060000000000000005
0.027350000000000003,0.016375000000000004,2.1,0.30000000000000004,0.060000000000000005
0.0274,0.016300000000000002,2.0999999999999996,0.30000000000000004,0.060000000000000005
0.027450000000000002,0.016237500000000002,2.0999999999999996,0.30000000000000004,0.060000000000000005
0.0275,0.016187500000000004,2.0999999999999996,0.30000000000000004,0.060000000000000005
0.02755,0.016087500000000005,2.1,0.30000000000000004,0.060000000000000005
0.027600000000000003,0.015937500000000004,2.05,0.30000000000000004,0.060000000000000005
0.02765,0.015875000000000004,2.05,0.30000000000000004,0.060000000000000005
0.027700000000000002,0.015825000000000002,2.05,0.30000000000000004,0.060000000000000005
0.02775,0.017125000000000005,2.1,0.30000000000000004,0.060000000000000005
0.027800000000000002,0.014862500000000002,1.9500000000000002,0.19999999999999996,0.060000000000000005
0.02785,0.012950000000000003,1.8000000000000003,0.19999999999999996,0.060000000000000005
0.0279,0.010587500000000001,1.5999999999999999,0.19999999999999996,0.060000000000000005
0.027950000000000003,0.008162500000000001,1.45,0.19999999999999996,0.060000000000000005
0.028,0.006237500000000001,1.3,0.19999999999999996,0.060000000000000005
0.028050000000000002,0.004575000000000001,1.1,0.10000000000000003,0.055
0.0281,0.0030375000000000007,0.9500000000000001,0.10000000000000003,0.05
0.02815,0.0015625000000000003,0.7000000000000001,0.10000000000000003,0.045000000000000005
0.028200000000000003,0.0004875000000000001,0.5499999999999999,0.10000000000000003,0.04
0.02825,1.2500000000000002e-05,0.35000000000000003,0.0,0.025
0.028300000000000002,0.0,0.0,0.0,-0.0
0.02835,0.0,0.0,0.0,0.0
0.0284,0.0,0.0,0.0,0.0
0.028450000000000003,0.0,0.0,0.0,0.0
0.0285,0.0,0.0,0.0,0.0
0.028550000000000002,0.0,0.0,0.0,0.0
0.0286,0.0,0.0,0.0,0.0
0.028650000000000002,0.0,0.0,0.0,0.0
0.0287,0.0,0.0,0.0,0.0
0.02875,0.0,0.0,0.0,0.0
0.028800000000000003,0.0,0.0,0.0,0.0
0.02885,0.0,0.0,0.0,0.0
0.028900000000000002,0.0,0.0,0.0,0.0
0.02895,0.0,0.0,0.0,0.0
0.029,0.0,0.0,0.0,0.0
0.029050000000000003,0.0,0.0,0.0,0.0
0.0291,0.0,0.0,0.0,0.0
0.029150000000000002,0.0,0.0,0.0,0.0
0.0292,0.0,0.0,0.0,0.0
0.02925,0.0,0.0,0.0,0.0
0.029300000000000003,0.0,0.0,0.0,0.0
0.02935,0.0,0.0,0.0,0.0
0.029400000000000003,0.0,0.0,0.0,0.0
0.02945,0.0016750000000000003,0.3,0.24999999999999994,0.025
0.029500000000000002,0.0015625000000000003,0.3,0.24999999999999994,0.025
0.02955,0.0032250000000000004,0.45,0.3,0.04
0.0296,0.005125000000000001,0.55,0.3,0.05
0.029650000000000003,0.007050000000000002,0.7000000000000001,0.3,0.060000000000000005
0.0297,0.008887500000000001,0.85,0.3,0.060000000000000005
0.029750000000000002,0.010800000000000002,0.9500000000000001,0.3,0.06499999999999999
0.0298,0.012587500000000001,1.1,0.3,0.06499999999999999
0.02985,0.014250000000000002,1.25,0.3,0.06999999999999998
0.029900000000000003,0.015712500000000004,1.35,0.3,0.06999999999999998
0.02995,0.017087500000000002,1.5,0.3,0.06999999999999998
0.030000000000000002,0.018150000000000003,1.6500000000000001,0.3,0.06999999999999998
0.03005,0.021462500000000002,1.9,0.3,0.06999999999999998
0.030100000000000002,0.019787500000000003,1.9,0.3,0.06499999999999999
0.03015,0.020200000000000003,2.0,0.3,0.06499999999999999
0.0302,0.020400000000000005,2.1500000000000004,0.3,0.06499999999999999
0.030250000000000003,0.020400000000000005,2.25,0.3,0.06499999999999999
0.0303,0.022475000000000005,2.5,0.3,0.06499999999999999
0.030350000000000002,0.019962500000000005,2.4,0.3,0.06499999999999999
0.0304,0.019650000000000004,2.4,0.3,0.06499999999999999
0.03045,0.019312500000000003,2.3999999999999995,0.3,0.06499999999999999
0.030500000000000003,0.019012500000000005,2.35,0.3,0.06499999999999999
0.03055,0.018700000000000005,2.35,0.3,0.06499999999999999
0.030600000000000002,0.018462500000000003,2.3,0.3,0.06499999999999999
0.03065,0.018175000000000004,2.3,0.3,0.06499999999999999
0.0307,0.017900000000000003,2.3000000000000003,0.3,0.06499999999999999
0.030750000000000003,0.017650000000000002,2.2499999999999996,0.3,0.06499999999999999
0.0308,0.017350000000000004,2.25,0.3,0.06499999999999999
0.030850000000000002,0.017087500000000002,2.2499999999999996,0.3,0.06499999999999999
0.0309,0.019150000000000004,2.35,0.3,0.060000000000000005
0.030950000000000002,0.016750000000000004,2.2,0.3,0.060000000000000005
0.031,0.016550000000000002,2.2000000000000006,0.3,0.060000000000000005
0.03105,0.016362500000000002,2.15,0.3,0.060000000000000005
0.031100000000000003,0.016250000000000004,2.1500000000000004,0.3,0.060000000000000005
0.03115,0.018387500000000005,2.3000000000000003,0.3,0.060000000000000005
0.031200000000000002,0.016000000000000004,2.15,0.3,0.060000000000000005
0.03125,0.015950000000000002,2.1000000000000005,0.3,0.060000000000000005
0.0313,0.015937500000000004,2.1,0.3,0.060000000000000005
0.03135,0.018137500000000004,2.25,0.3,0.060000000000000005
0.031400000000000004,0.0159875,2.0999999999999996,0.3,0.060000000000000005
0.03145,0.016050000000000002,2.1000000000000005,0.3,0.06499999999999999
0.0315,0.016187500000000004,2.05,0.3,0.06499999999999999
0.03155,0.016275,2.05,0.3,0.06499999999999999
0.0316,0.018650000000000003,2.1999999999999993,0.3,0.06499999999999999
0.031650000000000005,0.0165875,2.0,0.3,0.06499999999999999
0.0317,0.016800000000000002,2.0,0.3,0.060000000000000005
0.03175,0.016912500000000004,2.05,0.3,0.060000000000000005
0.0318,0.016862500000000002,2.0999999999999996,0.3,0.060000000000000005
0.03185,0.019050000000000004,2.3,0.3,0.060000000000000005
0.031900000000000005,0.016762500000000003,2.1500000000000004,0.3,0.060000000000000005
0.03195,0.016737500000000002,2.1500000000000004,0.3,0.060000000000000005
0.032,0.01665,2.1499999999999995,0.3,0.060000000000000005
0.03205,0.018787500000000002,2.3,0.3,0.060000000000000005
0.032100000000000004,0.018737500000000004,2.3000000000000007,0.3,0.060000000000000005
0.032150000000000005,0.016437500000000004,2.1500000000000004,0.3,0.060000000000000005
0.0322,0.016387500000000003,2.0999999999999996,0.3,0.060000000000000005
0.03225,0.016212500000000005,2.0999999999999996,0.3,0.060000000000000005
0.0323,0.01835,2.250000000000001,0.3,0.060000000000000005
0.032350000000000004,0.018312500000000002,2.249999999999999,0.3,0.060000000000000005
0.0324,0.016037500000000003,2.0999999999999988,0.3,0.060000000000000005
0.03245,0.015950000000000002,2.0999999999999996,0.3,0.060000000000000005
0.0325,0.015825000000000002,2.0999999999999996,0.3,0.060000000000000005
0.03255,0.016287500000000003,2.0500000000000016,0.3,0.060000000000000005
0.032600000000000004,0.014137500000000002,1.9000000000000012,0.19999999999999996,0.060000000000000005
0.03265,0.011712500000000002,1.7000000000000002,0.19999999999999996,0.060000000000000005
0.0327,0.009312500000000001,1.5500000000000007,0.19999999999999996,0.060000000000000005
0.03275,0.007112500000000002,1.3499999999999996,0.19999999999999996,0.060000000000000005
0.0328,0.005387500000000001,1.1500000000000004,0.15000000000000002,0.055
0.032850000000000004,0.0037875000000000005,1.0,0.09999999999999998,0.055
0.0329,0.0022375000000000003,0.7999999999999989,0.09999999999999998,0.05
0.03295,0.0009000000000000002,0.6499999999999986,0.09999999999999998,0.04
0.033,0.00023750000000000005,0.4499999999999993,0.04999999999999993,0.03499999999999999
0.03305,0.0,0.1999999999999993,0.0,0.02
0.033100000000000004,0.0,0.0,0.0,0.0
0.03315,0.0,0.0,0.0,0.0
0.0332,0.0,0.0,0.0,0.0
0.03325,0.0,0.0,0.0,0.0
0.0333,0.0,0.0,0.0,0.0
0.033350000000000005,0.0,0.0,0.0,0.0
0.0334,0.0,0.0,0.0,0.0
0.03345,0.0,0.0,0.0,0.0
0.0335,0.0,0.0,0.0,0.0
0.03355,0.0,0.0,0.0,0.0
0.033600000000000005,0.0,0.0,0.0,0.0
0.03365,0.0,0.0,0.0,0.0
0.0337,0.0,0.0,0.0,0.0
0.03375,0.0,0.0,0.0,0.0
0.033800000000000004,0.0,0.0,0.0,0.0
0.033850000000000005,0.0,0.0,0.0,0.0
0.0339,0.0,0.0,0.0,0.0
0.03395,0.0,0.0,0.0,0.0
0.034,0.0,0.0,0.0,0.0
0.034050000000000004,0.0,0.0,0.0,0.0
0.0341,0.0,0.0,0.0,0.0
0.03415,0.0,0.0,0.0,0.0
0.0342,0.0,0.0,0.0,0.0
0.03425,0.0025375000000000003,0.3500000000000014,0.29999999999999993,0.03499999999999999
0.034300000000000004,0.004337500000000001,0.5,0.29999999999999993,0.045000000000000005
0.03435,0.004087500000000001,0.4499999999999993,0.29999999999999993,0.045000000000000005
0.0344,0.005975000000000001,0.5999999999999996,0.29999999999999993,0.055
0.03445,0.007875000000000002,0.75,0.29999999999999993,0.060000000000000005
0.0345,0.012237500000000002,0.9999999999999982,0.29999999999999993,0.06499999999999999
0.034550000000000004,0.013987500000000003,1.1499999999999986,0.29999999999999993,0.06499999999999999
0.0346,0.013187500000000003,1.1499999999999986,0.29999999999999993,0.06499999999999999
0.03465,0.014762500000000003,1.25,0.29999999999999993,0.06999999999999998
0.0347,0.016150000000000005,1.4000000000000004,0.29999999999999993,0.06999999999999998
0.03475,0.019700000000000002,1.7000000000000002,0.29999999999999993,0.06999999999999998
0.034800000000000005,0.018312500000000002,1.6499999999999995,0.29999999999999993,0.06499999999999999
0.03485,0.019100000000000002,1.7999999999999998,0.29999999999999993,0.06499999999999999
0.0349,0.019575000000000002,1.9000000000000004,0.29999999999999993,0.06499999999999999
0.03495,0.019887500000000002,2.0500000000000007,0.29999999999999993,0.06499999999999999
0.035,0.022275000000000003,2.3000000000000016,0.29999999999999993,0.06499999999999999
0.035050000000000005,0.019887500000000002,2.249999999999999,0.29999999999999993,0.06499999999999999
0.0351,0.019662500000000003,2.3,0.29999999999999993,0.06499999999999999
0.03515,0.019325000000000002,2.3499999999999996,0.29999999999999993,0.06499999999999999
0.0352,0.021287500000000004,2.45,0.29999999999999993,0.06499999999999999
0.035250000000000004,0.021000000000000005,2.45,0.29999999999999993,0.06499999999999999
0.035300000000000005,0.018437500000000002,2.3,0.29999999999999993,0.06499999999999999
0.03535,0.018125000000000002,2.25,0.29999999999999993,0.06499999999999999
0.0354,0.017850000000000005,2.25,0.29999999999999993,0.06499999999999999
0.03545,0.019825000000000002,2.3999999999999995,0.29999999999999993,0.06499999999999999
0.035500000000000004,0.019525000000000004,2.3500000000000005,0.29999999999999993,0.06499999999999999
0.03555,0.017050000000000003,2.2,0.29999999999999993,0.060000000000000005
0.0356,0.016825000000000003,2.1500000000000004,0.29999999999999993,0.060000000000000005
0.03565,0.016625000000000004,2.1500000000000004,0.29999999999999993,0.060000000000000005
0.0357,0.018587500000000003,2.3,0.29999999999999993,0.060000000000000005
0.035750000000000004,0.01835,2.3000000000000007,0.29999999999999993,0.060000000000000005
0.0358,0.016025000000000005,2.0999999999999996,0.29999999999999993,0.060000000000000005
0.03585,0.015837500000000004,2.1000000000000005,0.29999999999999993,0.060000000000000005
0.0359,0.015712500000000004,2.0999999999999996,0.29999999999999993,0.060000000000000005
0.03595,0.017912500000000005,2.25,0.29999999999999993,0.060000000000000005
0.036000000000000004,0.017987500000000003,2.2,0.29999999999999993,0.060000000000000005
0.03605,0.015675,2.0500000000000007,0.29999999999999993,0.060000000000000005
0.0361,0.015587500000000002,2.0500000000000003,0.29999999999999993,0.060000000000000005
0.03615,0.015762500000000002,2.05,0.29999999999999993,0.060000000000000005
0.0362,0.018250000000000002,2.15,0.29999999999999993,0.06499999999999999
0.036250000000000004,0.016125000000000004,2.0000000000000004,0.29999999999999993,0.06499999999999999
0.0363,0.016350000000000003,2.0,0.29999999999999993,0.06499999999999999
0.03635,0.016512500000000003,2.0000000000000004,0.29999999999999993,0.06499999999999999
0.0364,0.016862500000000002,1.9500000000000002,0.29999999999999993,0.06499999999999999
0.03645,0.019437500000000003,2.0999999999999996,0.29999999999999993,0.06499999999999999
0.036500000000000005,0.017362500000000003,2.0,0.29999999999999993,0.06499999999999999
0.03655,0.017462500000000002,2.0499999999999994,0.29999999999999993,0.06499999999999999
0.0366,0.017450000000000004,2.1,0.29999999999999993,0.06499999999999999
0.03665,0.017337500000000002,2.1500000000000004,0.29999999999999993,0.06499999999999999
0.0367,0.019525000000000004,2.3,0.29999999999999993,0.06499999999999999
0.036750000000000005,0.017150000000000002,2.1500000000000004,0.29999999999999993,0.06499999999999999
0.0368,0.017100000000000004,2.1500000000000004,0.29999999999999993,0.060000000000000005
0.03685,0.017062500000000005,2.15,0.29999999999999993,0.060000000000000005
0.0369,0.019187500000000003,2.3,0.29999999999999993,0.060000000000000005
0.036950000000000004,0.019137500000000005,2.25,0.29999999999999993,0.060000000000000005
0.037000000000000005,0.016800000000000002,2.0999999999999996,0.29999999999999993,0.060000000000000005
0.03705,0.01665,2.0999999999999996,0.29999999999999993,0.060000000000000005
0.0371,0.016550000000000002,2.1,0.29999999999999993,0.060000000000000005
0.03715,0.018687500000000003,2.25,0.29999999999999993,0.060000000000000005
0.037200000000000004,0.018537500000000002,2.25,0.29999999999999993,0.060000000000000005
0.03725,0.016262500000000003,2.1,0.29999999999999993,0.060000000000000005
0.0373,0.015675,2.05,0.29999999999999993,0.060000000000000005
0.03735,0.013887500000000002,1.9,0.20000000000000007,0.060000000000000005
0.0374,0.011550000000000003,1.7000000000000002,0.20000000000000007,0.060000000000000005
0.037450000000000004,0.009075000000000001,1.5499999999999998,0.20000000000000007,0.060000000000000005
0.0375,0.006937500000000001,1.3,0.20000000000000007,0.060000000000000005
0.03755,0.005212500000000001,1.1500000000000001,0.15000000000000002,0.055
0.0376,0.003587500000000001,0.95,0.09999999999999998,0.055
0.03765,0.0020375000000000002,0.8,0.09999999999999998,0.05
0.037700000000000004,0.0007625000000000002,0.5999999999999999,0.09999999999999998,0.04
0.03775,0.00017500000000000003,0.3999999999999999,0.04999999999999993,0.030000000000000002
0.0378,0.0,0.20000000000000007,0.0,0.015000000000000001
0.03785,0.0,0.0,0.0,0.0
0.0379,0.0,0.0,0.0,0.0
0.037950000000000005,0.0,0.0,0.0,0.0
0.038,0.0,0.0,0.0,0.0
0.03805,0.0,0.0,0.0,0.0
0.0381,0.0,0.0,0.0,0.0
0.03815,0.0,0.0,0.0,0.0
0.038200000000000005,0.0,0.0,0.0,0.0
0.03825,0.0,0.0,0.0,0.0
0.0383,0.0,0.0,0.0,0.0
0.03835,0.0,0.0,0.0,0.0
0.038400000000000004,0.0,0.0,0.0,0.0
0.038450000000000005,0.0,0.0,0.0,0.0
0.0385,0.0,0.0,0.0,0.0
0.03855,0.0,0.0,0.0,0.0
0.0386,0.0,0.0,0.0,0.0
0.038650000000000004,0.0,0.0,0.0,0.0
0.038700000000000005,0.0,0.0,0.0,0.0
0.03875,0.0,0.0,0.0,0.0
0.0388,0.0,0.0,0.0,0.0
0.03885,0.0,0.0,0.0,0.0
0.038900000000000004,0.0,0.0,0.0,0.0
0.03895,0.0,0.0,0.0,0.0
0.039,0.0011250000000000001,0.25,0.25,0.02
0.03905,0.0028750000000000004,0.35000000000000003,0.29999999999999993,0.04
0.0391,0.0069875000000000015,0.6500000000000001,0.29999999999999993,0.055
0.039150000000000004,0.008912500000000002,0.8,0.29999999999999993,0.060000000000000005
0.0392,0.008525000000000001,0.75,0.29999999999999993,0.060000000000000005
0.03925,0.010425000000000002,0.8999999999999999,0.29999999999999993,0.06499999999999999
0.0393,0.012262500000000003,1.05,0.29999999999999993,0.06499999999999999
0.03935,0.0164,1.35,0.29999999999999993,0.06999999999999998
0.039400000000000004,0.017962500000000003,1.45,0.29999999999999993,0.06999999999999998
0.03945,0.016762500000000003,1.45,0.29999999999999993,0.06999999999999998
0.0395,0.017962500000000003,1.5999999999999999,0.29999999999999993,0.06999999999999998
0.03955,0.018875000000000003,1.6999999999999997,0.29999999999999993,0.06999999999999998
0.0396,0.022025000000000003,2.0,0.29999999999999993,0.06499999999999999
0.039650000000000005,0.020187500000000004,1.9500000000000002,0.29999999999999993,0.06499999999999999
0.0397,0.020437500000000004,2.1,0.29999999999999993,0.06499999999999999
0.03975,0.020537500000000004,2.2,0.29999999999999993,0.06499999999999999
0.0398,0.022750000000000003,2.45,0.29999999999999993,0.06499999999999999
0.039850000000000003,0.022437500000000003,2.5,0.29999999999999993,0.06499999999999999
0.039900000000000005,0.019900000000000004,2.35,0.29999999999999993,0.06499999999999999
0.03995,0.019525000000000004,2.35,0.29999999999999993,0.06499999999999999
0.04,0.019212500000000004,2.3499999999999996,0.29999999999999993,0.06499999999999999
0.04005,0.021162500000000004,2.45,0.29999999999999993,0.06499999999999999
0.040100000000000004,0.020875000000000005,2.4500000000000006,0.29999999999999993,0.06499999999999999
0.040150000000000005,0.01835,2.3000000000000007,0.29999999999999993,0.06499999999999999
0.0402,0.018100000000000005,2.25,0.29999999999999993,0.06499999999999999
0.04025,0.017837500000000003,2.2500000000000004,0.29999999999999993,0.06499999999999999
0.0403,0.019812500000000004,2.35,0.29999999999999993,0.06499999999999999
0.040350000000000004,0.019512500000000002,2.3500000000000005,0.29999999999999993,0.06499999999999999
0.040400000000000005,0.017062500000000005,2.2000000000000006,0.29999999999999993,0.06499999999999999
0.04045,0.016812500000000005,2.15,0.29999999999999993,0.060000000000000005
0.0405,0.016625000000000004,2.1500000000000004,0.29999999999999993,0.060000000000000005
0.04055,0.018550000000000004,2.3000000000000003,0.29999999999999993,0.060000000000000005
0.040600000000000004,0.018387500000000005,2.3,0.29999999999999993,0.060000000000000005
0.04065,0.016050000000000002,2.0999999999999996,0.29999999999999993,0.060000000000000005
0.0407,0.015950000000000002,2.1,0.29999999999999993,0.060000000000000005
0.04075,0.015837500000000004,2.0999999999999996,0.29999999999999993,0.060000000000000005
0.0408,0.018075000000000004,2.25,0.29999999999999993,0.060000000000000005
0.040850000000000004,0.018100000000000005,2.1999999999999993,0.29999999999999993,0.060000000000000005
0.0409,0.015812500000000004,2.05,0.29999999999999993,0.060000000000000005
0.04095,0.015937500000000004,2.05,0.29999999999999993,0.06499999999999999
0.041,0.016050000000000002,2.0,0.29999999999999993,0.06499999999999999
0.04105,0.018525000000000003,2.1499999999999995,0.29999999999999993,0.06499999999999999
0.041100000000000005,0.018650000000000003,2.1500000000000004,0.29999999999999993,0.06499999999999999
0.04115,0.016575000000000003,2.0,0.29999999999999993,0.06499999999999999
0.0412,0.016737500000000002,2.0,0.29999999999999993,0.060000000000000005
0.04125,0.016925000000000003,2.0,0.29999999999999993,0.060000000000000005
0.0413,0.019175000000000005,2.2,0.29999999999999993,0.060000000000000005
0.041350000000000005,0.016875000000000005,2.1000000000000005,0.29999999999999993,0.060000000000000005
0.0414,0.016837500000000002,2.0999999999999996,0.29999999999999993,0.060000000000000005
0.04145,0.016737500000000002,2.1000000000000005,0.29999999999999993,0.060000000000000005
0.0415,0.018850000000000002,2.250000000000001,0.29999999999999993,0.060000000000000005
0.041550000000000004,0.018762500000000005,2.249999999999999,0.29999999999999993,0.060000000000000005
0.041600000000000005,0.016500000000000004,2.0999999999999996,0.29999999999999993,0.060000000000000005
0.04165,0.016437500000000004,2.0999999999999996,0.29999999999999993,0.060000000000000005
0.0417,0.0163375,2.1000000000000005,0.29999999999999993,0.060000000000000005
0.04175,0.018475000000000002,2.250000000000001,0.29999999999999993,0.060000000000000005
0.041800000000000004,0.018387500000000005,2.25,0.29999999999999993,0.060000000000000005
0.041850000000000005,0.016100000000000003,2.049999999999999,0.29999999999999993,0.060000000000000005
0.0419,0.015975000000000003,2.0500000000000016,0.29999999999999993,0.060000000000000005
0.04195,0.015825000000000002,2.05,0.29999999999999993,0.060000000000000005
0.042,0.015562500000000003,2.0,0.25,0.060000000000000005
0.042050000000000004,0.013375000000000003,1.799999999999999,0.20000000000000007,0.060000000000000005
0.042100000000000005,0.010987500000000002,1.6499999999999986,0.20000000000000007,0.060000000000000005
0.04215,0.008587500000000001,1.4499999999999993,0.20000000000000007,0.060000000000000005
0.0422,0.006475000000000002,1.299999999999999,0.20000000000000007,0.060000000000000005
0.04225,0.004837500000000001,1.1500000000000004,0.09999999999999998,0.055
0.042300000000000004,0.0032625000000000006,0.9499999999999993,0.09999999999999998,0.05
0.04235,0.0017000000000000003,0.75,0.09999999999999998,0.045000000000000005
0.0424,0.0005375000000000001,0.5500000000000007,0.09999999999999998,0.04
0.04245,5.000000000000001e-05,0.3500000000000014,0.0,0.030000000000000002
0.0425,0.0,0.049999999999998934,0.0,0.005
0.042550000000000004,0.0,0.0,0.0,0.0
0.0426,0.0,0.0,0.0,0.0
0.04265,0.0,0.0,0.0,0.0
0.0427,0.0,0.0,0.0,0.0
0.04275,0.0,0.0,0.0,0.0
0.042800000000000005,0.0,0.0,0.0,0.0
0.04285,0.0,0.0,0.0,0.0
0.0429,0.0,0.0,0.0,0.0
0.04295,0.0,0.0,0.0,0.0
0.043000000000000003,0.0,0.0,0.0,0.0
0.043050000000000005,0.0,0.0,0.0,0.0
0.0431,0.0,0.0,0.0,0.0
0.04315,0.0,0.0,0.0,0.0
0.0432,0.0,0.0,0.0,0.0
0.043250000000000004,0.0,0.0,0.0,0.0
0.043300000000000005,0.0,0.0,0.0,0.0
0.04335,0.0,0.0,0.0,0.0
0.0434,0.0,0.0,0.0,0.0
0.04345,0.0,0.0,0.0,0.0
0.043500000000000004,0.0,0.0,0.0,0.0
0.043550000000000005,0.0,0.0,0.0,0.0
0.0436,0.0,0.0,0.0,0.0
0.04365,0.0,0.0,0.0,0.0
0.0437,0.0031750000000000007,0.4499999999999993,0.30000000000000004,0.04
0.043750000000000004,0.005175000000000001,0.5500000000000007,0.30000000000000004,0.05
0.0438,0.004837500000000001,0.5500000000000007,0.30000000000000004,0.05
0.04385,0.006750000000000002,0.6999999999999993,0.30000000000000004,0.055
0.0439,0.008712500000000001,0.7999999999999989,0.30000000000000004,0.060000000000000005
0.04395,0.013050000000000003,1.0999999999999996,0.30000000000000004,0.06499999999999999
0.044000000000000004,0.014887500000000003,1.2499999999999982,0.30000000000000004,0.06999999999999998
0.04405,0.014050000000000002,1.1999999999999993,0.30000000000000004,0.06999999999999998
0.0441,0.015600000000000003,1.3499999999999996,0.30000000000000004,0.06999999999999998
0.04415,0.016875000000000005,1.5,0.30000000000000004,0.06999999999999998
0.0442,0.020575000000000003,1.7500000000000018,0.30000000000000004,0.06999999999999998
0.044250000000000005,0.021437500000000005,1.9000000000000012,0.30000000000000004,0.06999999999999998
0.0443,0.019800000000000005,1.9000000000000012,0.30000000000000004,0.06499999999999999
0.04435,0.020350000000000004,1.9999999999999991,0.30000000000000004,0.06499999999999999
0.0444,0.020600000000000004,2.0999999999999996,0.30000000000000004,0.06499999999999999
0.04445,0.022900000000000004,2.3499999999999988,0.30000000000000004,0.06499999999999999
0.044500000000000005,0.020437500000000004,2.3,0.30000000000000004,0.06499999999999999
0.04455,0.020250000000000004,2.3500000000000005,0.30000000000000004,0.06499999999999999
0.0446,0.019937500000000004,2.3999999999999986,0.30000000000000004,0.06499999999999999
0.04465,0.021887500000000004,2.5500000000000007,0.30000000000000004,0.06499999999999999
0.044700000000000004,0.021562500000000005,2.55,0.30000000000000004,0.06499999999999999
0.044750000000000005,0.019050000000000004,2.3499999999999988,0.30000000000000004,0.06499999999999999
0.0448,0.018725000000000002,2.3500000000000005,0.30000000000000004,0.06499999999999999
0.04485,0.018475000000000002,2.3,0.30000000000000004,0.06499999999999999
0.0449,0.020462500000000005,2.45,0.30000000000000004,0.06499999999999999
0.044950000000000004,0.020175000000000005,2.45,0.30000000000000004,0.06499999999999999
0.045000000000000005,0.017650000000000002,2.25,0.30000000000000004,0.06499999999999999
0.04505,0.017387500000000004,2.25,0.30000000000000004,0.06499999999999999
0.0451,0.017200000000000003,2.25,0.30000000000000004,0.06499999999999999
0.04515,0.019150000000000004,2.3500000000000005,0.30000000000000004,0.060000000000000005
0.045200000000000004,0.018962500000000004,2.3499999999999996,0.30000000000000004,0.060000000000000005
0.045250000000000005,0.016537500000000004,2.2,0.30000000000000004,0.060000000000000005
0.0453,0.016325000000000003,2.1499999999999995,0.30000000000000004,0.060000000000000005
0.04535,0.016275,2.1500000000000004,0.30000000000000004,0.060000000000000005
0.0454,0.018500000000000003,2.3,0.30000000000000004,0.060000000000000005
0.045450000000000004,0.018375000000000002,2.3000000000000003,0.30000000000000004,0.060000000000000005
0.0455,0.016037500000000003,2.1,0.30000000000000004,0.060000000000000005
0.04555,0.016075000000000002,2.0999999999999996,0.30000000000000004,0.060000000000000005
0.0456,0.016112500000000002,2.099999999999999,0.30000000000000004,0.060000000000000005
0.04565,0.018600000000000002,2.25,0.30000000000000004,0.06499999999999999
0.045700000000000005,0.018775000000000003,2.1999999999999997,0.30000000000000004,0.06499999999999999
0.04575,0.01665,2.0500000000000003,0.30000000000000004,0.06499999999999999
0.0458,0.016825000000000003,2.0500000000000003,0.30000000000000004,0.06499999999999999
0.04585,0.017012500000000003,2.0500000000000007,0.30000000000000004,0.06499999999999999
0.0459,0.019437500000000003,2.2,0.30000000000000004,0.06499999999999999
0.045950000000000005,0.019550000000000005,2.1999999999999997,0.30000000000000004,0.06499999999999999
0.046,0.017287500000000004,2.1,0.30000000000000004,0.06499999999999999
0.04605,0.017275000000000002,2.1499999999999995,0.30000000000000004,0.06499999999999999
0.0461,0.019475000000000003,2.3000000000000003,0.30000000000000004,0.06499999999999999
0.046150000000000004,0.019362500000000005,2.3,0.30000000000000004,0.060000000000000005
0.046200000000000005,0.017100000000000004,2.15,0.30000000000000004,0.060000000000000005
0.04625,0.017000000000000005,2.15,0.30000000000000004,0.060000000000000005
0.0463,0.016912500000000004,2.1500000000000004,0.30000000000000004,0.060000000000000005
0.04635,0.019012500000000005,2.3,0.30000000000000004,0.060000000000000005
0.046400000000000004,0.018912500000000002,2.3,0.30000000000000004,0.060000000000000005
0.046450000000000005,0.01665,2.15,0.30000000000000004,0.060000000000000005
0.0465,0.016550000000000002,2.15,0.30000000000000004,0.060000000000000005
0.04655,0.016450000000000003,2.1500000000000004,0.30000000000000004,0.060000000000000005
0.0466,0.0182875,2.25,0.30000000000000004,0.060000000000000005
0.046650000000000004,0.016450000000000003,2.05,0.30000000000000004,0.060000000000000005
0.046700000000000005,0.014025000000000003,1.85,0.19999999999999996,0.060000000000000005
0.04675,0.011725000000000003,1.7000000000000002,0.19999999999999996,0.060000000000000005
0.0468,0.009362500000000001,1.5000000000000002,0.19999999999999996,0.060000000000000005
0.04685,0.007175000000000002,1.3499999999999999,0.19999999999999996,0.060000000000000005
0.046900000000000004,0.005387500000000001,1.2,0.1499999999999999,0.055
0.046950000000000006,0.0037625000000000007,1.0,0.09999999999999998,0.055
0.047,0.0021875,0.85,0.09999999999999998,0.05
0.04705,0.0008125000000000002,0.65,0.09999999999999998,0.04
0.0471,0.00018750000000000003,0.45000000000000007,0.050000000000000044,0.030000000000000002
0.047150000000000004,0.0,0.15000000000000002,0.0,0.015000000000000001
0.0472,0.0,0.0,0.0,0.0
0.04725,0.0,0.0,0.0,0.0
0.0473,0.0,0.0,0.0,0.0
0.04735,0.0,0.0,0.0,0.0
0.047400000000000005,0.0,0.0,0.0,0.0
0.04745,0.0,0.0,0.0,0.0
0.0475,0.0,0.0,0.0,0.0
0.04755,0.0,0.0,0.0,0.0
0.0476,0.0,0.0,0.0,0.0
0.047650000000000005,0.0,0.0,0.0,0.0
0.0477,0.0,0.0,0.0,0.0
0.04775,0.0,0.0,0.0,0.0
0.0478,0.0,0.0,0.0,0.0
0.047850000000000004,0.0,0.0,0.0,0.0
0.047900000000000005,0.0,0.0,0.0,0.0
0.04795,0.0,0.0,0.0,0.0
0.048,0.0,0.0,0.0,0.0
0.04805,0.0,0.0,0.0,0.0
0.048100000000000004,0.0,0.0,0.0,0.0
0.048150000000000005,0.0,0.0,0.0,0.0
0.0482,0.0,0.0,0.0,0.0
0.04825,0.0,0.0,0.0,0.0
0.0483,0.0011250000000000001,0.25,0.2500000000000001,0.02
0.048350000000000004,0.0028250000000000007,0.4,0.29999999999999993,0.03499999999999999
0.048400000000000006,0.0026250000000000006,0.35,0.29999999999999993,0.03499999999999999
0.04845,0.004362500000000001,0.5,0.29999999999999993,0.05
0.0485,0.0063500000000000015,0.6,0.29999999999999993,0.055
0.04855,0.010762500000000001,0.9,0.29999999999999993,0.06499999999999999
0.048600000000000004,0.012600000000000002,1.0499999999999998,0.29999999999999993,0.06499999999999999
0.048650000000000006,0.011937500000000002,1.0499999999999998,0.29999999999999993,0.06499999999999999
0.0487,0.013562500000000002,1.15,0.29999999999999993,0.06499999999999999
0.04875,0.015162500000000002,1.2999999999999998,0.29999999999999993,0.06999999999999998
0.0488,0.018900000000000004,1.6,0.29999999999999993,0.06999999999999998
0.048850000000000005,0.020062500000000004,1.7,0.29999999999999993,0.06999999999999998
0.0489,0.018625000000000003,1.7,0.29999999999999993,0.06999999999999998
0.04895,0.019437500000000003,1.8000000000000003,0.29999999999999993,0.06499999999999999
0.049,0.019950000000000002,1.9500000000000002,0.29999999999999993,0.06499999999999999
0.04905,0.022600000000000006,2.2,0.29999999999999993,0.06499999999999999
0.049100000000000005,0.022662500000000006,2.3,0.29999999999999993,0.06499999999999999
0.04915,0.020212500000000005,2.25,0.29999999999999993,0.06499999999999999
0.0492,0.020062500000000004,2.3,0.29999999999999993,0.06499999999999999
0.04925,0.022025000000000003,2.5,0.29999999999999993,0.06499999999999999
0.049300000000000004,0.021587500000000003,2.5,0.29999999999999993,0.06499999999999999
0.049350000000000005,0.021312500000000005,2.5,0.29999999999999993,0.06499999999999999
0.0494,0.018787500000000002,2.3,0.29999999999999993,0.06499999999999999
0.04945,0.018450000000000005,2.3,0.29999999999999993,0.06499999999999999
0.0495,0.020412500000000004,2.3999999999999995,0.29999999999999993,0.06499999999999999
0.049550000000000004,0.020087500000000005,2.4,0.29999999999999993,0.06499999999999999
0.049600000000000005,0.017637500000000004,2.25,0.29999999999999993,0.06499999999999999
0.04965,0.0173125,2.1999999999999997,0.29999999999999993,0.06499999999999999
0.0497,0.017087500000000002,2.1999999999999997,0.29999999999999993,0.06499999999999999
0.04975,0.019062500000000003,2.3500000000000005,0.29999999999999993,0.060000000000000005
0.049800000000000004,0.018800000000000004,2.3000000000000003,0.29999999999999993,0.060000000000000005
0.049850000000000005,0.016412500000000003,2.15,0.29999999999999993,0.060000000000000005
0.0499,0.016212500000000005,2.1500000000000004,0.29999999999999993,0.060000000000000005
0.04995,0.015962500000000004,2.1,0.29999999999999993,0.060000000000000005
0.05,0.018100000000000005,2.2500000000000004,0.29999999999999993,0.060000000000000005
0.050050000000000004,0.017975000000000005,2.25,0.29999999999999993,0.060000000000000005
0.050100000000000006,0.015662500000000003,2.1,0.29999999999999993,0.060000000000000005
0.05015,0.015662500000000003,2.05,0.29999999999999993,0.060000000000000005
0.0502,0.015637500000000002,2.05,0.29999999999999993,0.060000000000000005
0.05025,0.017900000000000003,2.1999999999999993,0.29999999999999993,0.06499999999999999
0.050300000000000004,0.018075000000000004,2.1500000000000004,0.29999999999999993,0.06499999999999999
0.050350000000000006,0.015975000000000003,2.0,0.29999999999999993,0.06499999999999999
0.0504,0.016112500000000002,2.0,0.29999999999999993,0.06499999999999999
0.05045,0.016312500000000004,2.0,0.29999999999999993,0.06499999999999999
0.0505,0.018737500000000004,2.1499999999999995,0.29999999999999993,0.06499999999999999
0.050550000000000005,0.018975000000000002,2.1500000000000004,0.29999999999999993,0.060000000000000005
0.0506,0.016800000000000002,2.0,0.29999999999999993,0.060000000000000005
0.05065,0.016850000000000004,2.05,0.29999999999999993,0.060000000000000005
0.0507,0.016825000000000003,2.0999999999999996,0.29999999999999993,0.060000000000000005
0.05075,0.018975000000000002,2.249999999999999,0.29999999999999993,0.060000000000000005
0.050800000000000005,0.018900000000000004,2.25,0.29999999999999993,0.060000000000000005
0.05085,0.01665,2.0999999999999996,0.29999999999999993,0.060000000000000005
0.0509,0.016575000000000003,2.1000000000000005,0.29999999999999993,0.060000000000000005
0.05095,0.018662500000000002,2.249999999999999,0.29999999999999993,0.060000000000000005
0.051000000000000004,0.018562500000000003,2.25,0.29999999999999993,0.060000000000000005
0.051050000000000005,0.018500000000000003,2.25,0.29999999999999993,0.060000000000000005
0.0511,0.016250000000000004,2.1000000000000005,0.29999999999999993,0.060000000000000005
0.05115,0.016112500000000002,2.1000000000000005,0.29999999999999993,0.060000000000000005
0.0512,0.016037500000000003,2.049999999999999,0.29999999999999993,0.060000000000000005
0.051250000000000004,0.015700000000000002,2.049999999999999,0.29999999999999993,0.060000000000000005
0.051300000000000005,0.014400000000000003,1.8999999999999986,0.20000000000000007,0.060000000000000005
0.05135,0.012287500000000002,1.7499999999999991,0.20000000000000007,0.060000000000000005
0.0514,0.010037500000000001,1.5500000000000007,0.20000000000000007,0.060000000000000005
0.05145,0.007637500000000001,1.4000000000000004,0.20000000000000007,0.060000000000000005
0.051500000000000004,0.005787500000000001,1.2500000000000018,0.15000000000000002,0.055
0.051550000000000006,0.004150000000000001,1.0500000000000007,0.10000000000000009,0.055
0.0516,0.0025500000000000006,0.9000000000000021,0.10000000000000009,0.05
0.05165,0.0011000000000000003,0.6499999999999986,0.10000000000000009,0.045000000000000005
0.0517,0.00030000000000000003,0.4999999999999982,0.050000000000000044,0.03499999999999999
0.051750000000000004,0.0,0.25,0.0,0.02
0.051800000000000006,0.0,0.0,0.0,0.0
0.05185,0.0,0.0,0.0,0.0
0.0519,0.0,0.0,0.0,0.0
0.05195,0.0,0.0,0.0,0.0
0.052000000000000005,0.0,0.0,0.0,0.0
0.05205,0.0,0.0,0.0,0.0
0.0521,0.0,0.0,0.0,0.0
0.05215,0.0,0.0,0.0,0.0
0.0522,0.0,0.0,0.0,0.0
0.052250000000000005,0.0,0.0,0.0,0.0
0.0523,0.0,0.0,0.0,0.0
0.05235,0.0,0.0,0.0,0.0
0.0524,0.0,0.0,0.0,0.0
0.052450000000000004,0.0,0.0,0.0,0.0
0.052500000000000005,0.0,0.0,0.0,0.0
0.05255,0.0,0.0,0.0,0.0
0.0526,0.0,0.0,0.0,0.0
0.05265,0.0,0.0,0.0,0.0
0.052700000000000004,0.0,0.0,0.0,0.0
0.052750000000000005,0.0,0.0,0.0,0.0
0.0528,0.0,0.0,0.0,0.0
0.05285,0.0,0.0,0.0,0.0
0.0529,0.0,0.0,0.0,0.0
0.052950000000000004,0.00031250000000000006,0.1999999999999993,0.19999999999999996,0.005
0.053000000000000005,0.0019625000000000003,0.3000000000000007,0.30000000000000004,0.030000000000000002
0.05305,0.0037000000000000006,0.45000000000000107,0.30000000000000004,0.045000000000000005
0.0531,0.005575000000000001,0.5500000000000007,0.30000000000000004,0.055
0.05315,0.007475000000000002,0.7000000000000011,0.30000000000000004,0.060000000000000005
0.053200000000000004,0.009325000000000002,0.8500000000000014,0.30000000000000004,0.06499999999999999
0.053250000000000006,0.011212500000000002,1.0000000000000018,0.30000000000000004,0.06499999999999999
0.0533,0.012875000000000003,1.0999999999999979,0.30000000000000004,0.06499999999999999
0.05335,0.014562500000000003,1.2499999999999982,0.30000000000000004,0.06999999999999998
0.0534,0.0159875,1.3999999999999986,0.30000000000000004,0.06999999999999998
0.053450000000000004,0.017275000000000002,1.5,0.30000000000000004,0.06999999999999998
0.053500000000000006,0.018300000000000004,1.6500000000000004,0.30000000000000004,0.06999999999999998
0.05355,0.019250000000000003,1.7499999999999991,0.30000000000000004,0.06499999999999999
0.0536,0.019825000000000002,1.8999999999999995,0.30000000000000004,0.06499999999999999
0.05365,0.020225000000000003,2.0,0.30000000000000004,0.06499999999999999
0.053700000000000005,0.020287500000000003,2.1500000000000004,0.30000000000000004,0.06499999999999999
0.05375,0.020312500000000004,2.249999999999999,0.30000000000000004,0.06499999999999999
0.0538,0.020150000000000005,2.3,0.30000000000000004,0.06499999999999999
0.05385,0.019912500000000003,2.3499999999999996,0.30000000000000004,0.06499999999999999
0.0539,0.019575000000000002,2.3499999999999996,0.30000000000000004,0.06499999999999999
0.053950000000000005,0.019250000000000003,2.3499999999999996,0.30000000000000004,0.06499999999999999
0.054,0.018950000000000005,2.3,0.30000000000000004,0.06499999999999999
0.05405,0.018625000000000003,2.3,0.30000000000000004,0.06499999999999999
0.0541,0.020575000000000003,2.45,0.30000000000000004,0.06499999999999999
0.054150000000000004,0.018075000000000004,2.250000000000001,0.30000000000000004,0.06499999999999999
0.054200000000000005,0.017750000000000002,2.25,0.30000000000000004,0.06499999999999999
0.05425,0.0175625,2.200000000000001,0.30000000000000004,0.06499999999999999
0.0543,0.017237500000000003,2.2,0.30000000000000004,0.06499999999999999
0.05435,0.017000000000000005,2.2,0.30000000000000004,0.06499999999999999
0.054400000000000004,0.016812500000000005,2.200000000000001,0.30000000000000004,0.060000000000000005
0.054450000000000005,0.0165875,2.1499999999999995,0.30000000000000004,0.060000000000000005
0.0545,0.016312500000000004,2.1500000000000004,0.30000000000000004,0.060000000000000005
0.05455,0.016150000000000005,2.1499999999999995,0.30000000000000004,0.060000000000000005
0.0546,0.015950000000000002,2.1000000000000005,0.30000000000000004,0.060000000000000005
0.054650000000000004,0.0158625,2.0999999999999996,0.30000000000000004,0.060000000000000005
0.054700000000000006,0.015712500000000004,2.1000000000000005,0.30000000000000004,0.060000000000000005
0.05475,0.015662500000000003,2.1,0.30000000000000004,0.060000000000000005
0.0548,0.015687500000000004,2.05,0.30000000000000004,0.060000000000000005
0.05485,0.015750000000000004,2.0499999999999994,0.30000000000000004,0.060000000000000005
0.054900000000000004,0.015887500000000002,2.0500000000000003,0.30000000000000004,0.060000000000000005
0.054950000000000006,0.016137500000000003,2.0,0.30000000000000004,0.06499999999999999
0.055,0.016275,2.0000000000000004,0.30000000000000004,0.06499999999999999
0.05505,0.016412500000000003,2.0000000000000004,0.30000000000000004,0.06499999999999999
0.0551,0.01665,2.0,0.30000000000000004,0.06499999999999999
0.055150000000000005,0.016862500000000002,1.9999999999999996,0.30000000000000004,0.06499999999999999
0.055200000000000006,0.017050000000000003,2.0,0.30000000000000004,0.06499999999999999
0.05525,0.017087500000000002,2.0500000000000003,0.30000000000000004,0.060000000000000005
0.0553,0.017062500000000005,2.0999999999999996,0.30000000000000004,0.060000000000000005
0.05535,0.017000000000000005,2.1,0.30000000000000004,0.060000000000000005
0.055400000000000005,0.016912500000000004,2.15,0.30000000000000004,0.060000000000000005
0.05545,0.016837500000000002,2.15,0.30000000000000004,0.060000000000000005
0.0555,0.016762500000000003,2.1,0.30000000000000004,0.060000000000000005
0.05555,0.018900000000000004,2.25,0.30000000000000004,0.060000000000000005
0.055600000000000004,0.016637500000000003,2.0999999999999996,0.30000000000000004,0.060000000000000005
0.055650000000000005,0.016537500000000004,2.1,0.30000000000000004,0.060000000000000005
0.0557,0.016450000000000003,2.1,0.30000000000000004,0.060000000000000005
0.05575,0.016350000000000003,2.0999999999999996,0.30000000000000004,0.060000000000000005
0.0558,0.018262500000000004,2.25,0.30000000000000004,0.060000000000000005
0.055850000000000004,0.015762500000000002,2.0999999999999996,0.30000000000000004,0.060000000000000005
0.055900000000000005,0.014000000000000002,1.9,0.19999999999999996,0.060000000000000005
0.05595,0.011762500000000002,1.7000000000000002,0.19999999999999996,0.060000000000000005
0.056,0.009275000000000002,1.5,0.19999999999999996,0.060000000000000005
0.05605,0.007087500000000001,1.35,0.19999999999999996,0.060000000000000005
0.056100000000000004,0.005337500000000001,1.1500000000000001,0.1499999999999999,0.055
0.056150000000000005,0.0037625000000000007,1.0,0.09999999999999987,0.055
0.0562,0.0021625000000000004,0.8,0.09999999999999987,0.05
0.05625,0.0008125000000000002,0.6499999999999999,0.09999999999999987,0.04
0.0563,0.00017500000000000003,0.3999999999999999,0.050000000000000044,0.030000000000000002
0.056350000000000004,0.0,0.15000000000000002,0.0,0.015000000000000001
0.056400000000000006,0.0,0.0,0.0,0.0
0.05645,0.0,0.0,0.0,0.0
0.0565,0.0,0.0,0.0,0.0
0.05655,0.0,0.0,0.0,0.0
0.056600000000000004,0.0,0.0,0.0,0.0
0.056650000000000006,0.0,0.0,0.0,0.0
0.0567,0.0,0.0,0.0,0.0
0.05675,0.0,0.0,0.0,0.0
0.0568,0.0,0.0,0.0,0.0
0.056850000000000005,0.0,0.0,0.0,0.0
0.056900000000000006,0.0,0.0,0.0,0.0
0.05695,0.0,0.0,0.0,0.0
0.057,0.0,0.0,0.0,0.0
0.057050000000000003,0.0,0.0,0.0,0.0
0.057100000000000005,0.0,0.0,0.0,0.0
0.05715,0.0,0.0,0.0,0.0
0.0572,0.0,0.0,0.0,0.0
0.05725,0.0,0.0,0.0,0.0
0.057300000000000004,0.0,0.0,0.0,0.0
0.057350000000000005,0.0,0.0,0.0,0.0
0.0574,0.0,0.0,0.0,0.0
0.05745,0.0,0.0,0.0,0.0
0.0575,0.0010125000000000002,0.30000000000000004,0.25,0.02
0.057550000000000004,0.0009625000000000001,0.30000000000000004,0.25,0.02
0.057600000000000005,0.0025125000000000004,0.4,0.30000000000000004,0.03499999999999999
0.05765,0.004387500000000001,0.5499999999999999,0.30000000000000004,0.05
0.0577,0.006300000000000001,0.6500000000000001,0.30000000000000004,0.055
0.05775,0.008187500000000002,0.8,0.30000000000000004,0.060000000000000005
0.057800000000000004,0.010087500000000003,0.95,0.30000000000000004,0.06499999999999999
0.057850000000000006,0.011912500000000003,1.05,0.30000000000000004,0.06499999999999999
0.0579,0.013625000000000002,1.2,0.30000000000000004,0.06999999999999998
0.05795,0.015212500000000002,1.35,0.30000000000000004,0.06999999999999998
0.058,0.016687500000000004,1.45,0.30000000000000004,0.06999999999999998
0.058050000000000004,0.017787500000000005,1.5999999999999999,0.30000000000000004,0.06999999999999998
0.058100000000000006,0.018875000000000003,1.7500000000000002,0.30000000000000004,0.06999999999999998
0.05815,0.019625000000000004,1.85,0.30000000000000004,0.06999999999999998
0.0582,0.020187500000000004,2.0,0.30000000000000004,0.06499999999999999
0.05825,0.020537500000000004,2.1,0.30000000000000004,0.06499999999999999
0.058300000000000005,0.020562500000000004,2.1500000000000004,0.30000000000000004,0.06499999999999999
0.058350000000000006,0.020525000000000005,2.25,0.30000000000000004,0.06499999999999999
0.0584,0.020325000000000003,2.3,0.30000000000000004,0.06499999999999999
0.05845,0.020087500000000005,2.3500000000000005,0.30000000000000004,0.06499999999999999
0.0585,0.019650000000000004,2.35,0.30000000000000004,0.06499999999999999
0.058550000000000005,0.019375000000000003,2.35,0.30000000000000004,0.06499999999999999
0.058600000000000006,0.019137500000000005,2.3,0.30000000000000004,0.06499999999999999
0.05865,0.018800000000000004,2.3000000000000003,0.30000000000000004,0.06499999999999999
0.0587,0.020750000000000005,2.45,0.30000000000000004,0.06499999999999999
0.058750000000000004,0.018250000000000002,2.25,0.30000000000000004,0.06499999999999999
0.058800000000000005,0.017975000000000005,2.2499999999999996,0.30000000000000004,0.06499999999999999
0.05885,0.017762500000000004,2.1999999999999997,0.30000000000000004,0.06499999999999999
0.0589,0.017400000000000002,2.1999999999999993,0.30000000000000004,0.06499999999999999
0.05895,0.019350000000000003,2.35,0.30000000000000004,0.06499999999999999
0.059000000000000004,0.016950000000000003,2.15,0.30000000000000004,0.060000000000000005
0.059050000000000005,0.0167125,2.1499999999999995,0.30000000000000004,0.060000000000000005
0.0591,0.016450000000000003,2.15,0.30000000000000004,0.060000000000000005
0.05915,0.016250000000000004,2.1499999999999995,0.30000000000000004,0.060000000000000005
0.0592,0.01835,2.25,0.30000000000000004,0.060000000000000005
0.059250000000000004,0.015975000000000003,2.1,0.30000000000000004,0.060000000000000005
0.059300000000000005,0.0158625,2.1000000000000005,0.30000000000000004,0.060000000000000005
0.05935,0.015837500000000004,2.0999999999999996,0.30000000000000004,0.060000000000000005
0.0594,0.0158625,2.0500000000000007,0.30000000000000004,0.060000000000000005
0.05945,0.015900000000000004,2.0500000000000007,0.30000000000000004,0.060000000000000005
0.059500000000000004,0.016087500000000005,2.0,0.30000000000000004,0.06499999999999999
0.059550000000000006,0.016287500000000003,2.0,0.30000000000000004,0.06499999999999999
0.0596,0.016437500000000004,2.0,0.30000000000000004,0.06499999999999999
0.05965,0.016700000000000003,2.0,0.30000000000000004,0.06499999999999999
0.0597,0.016850000000000004,2.0,0.30000000000000004,0.06499999999999999
0.059750000000000004,0.017012500000000003,2.0,0.30000000000000004,0.06499999999999999
0.059800000000000006,0.017137500000000003,2.0,0.30000000000000004,0.06499999999999999
0.05985,0.017200000000000003,2.05,0.30000000000000004,0.06499999999999999
0.0599,0.017175000000000003,2.1000000000000005,0.30000000000000004,0.06499999999999999
0.05995,0.017100000000000004,2.1000000000000005,0.30000000000000004,0.060000000000000005
0.060000000000000005,0.017062500000000005,2.1500000000000012,0.30000000000000004,0.060000000000000005
0.060050000000000006,0.016987500000000003,2.0999999999999996,0.30000000000000004,0.060000000000000005
0.0601,0.016912500000000004,2.0999999999999996,0.30000000000000004,0.060000000000000005
0.06015,0.019050000000000004,2.25,0.30000000000000004,0.060000000000000005
0.060200000000000004,0.016775,2.1000000000000005,0.30000000000000004,0.060000000000000005
0.060250000000000005,0.01665,2.0999999999999988,0.30000000000000004,0.060000000000000005
0.0603,0.0164625,2.0999999999999996,0.30000000000000004,0.060000000000000005
0.06035,0.016275,2.0999999999999996,0.30000000000000004,0.060000000000000005
0.0604,0.016237500000000002,2.1000000000000005,0.30000000000000004,0.060000000000000005
0.060450000000000004,0.013975000000000003,1.9000000000000012,0.19999999999999996,0.060000000000000005
0.060500000000000005,0.011625000000000002,1.6999999999999993,0.19999999999999996,0.060000000000000005
0.06055,0.009087500000000002,1.4999999999999991,0.19999999999999996,0.060000000000000005
0.0606,0.007000000000000001,1.2999999999999998,0.19999999999999996,0.060000000000000005
0.06065,0.005262500000000001,1.1500000000000004,0.1499999999999999,0.055
0.060700000000000004,0.0036000000000000008,1.0,0.10000000000000009,0.055
0.060750000000000005,0.0020750000000000005,0.7999999999999989,0.10000000000000009,0.05
0.0608,0.0007750000000000002,0.6499999999999986,0.10000000000000009,0.04
0.06085,0.00016250000000000002,0.40000000000000036,0.050000000000000044,0.030000000000000002
0.0609,0.0,0.15000000000000036,0.0,0.015000000000000001
0.060950000000000004,0.0,0.0,0.0,0.0
0.061000000000000006,0.0,0.0,0.0,0.0
0.06105,0.0,0.0,0.0,0.0
0.0611,0.0,0.0,0.0,0.0
0.06115,0.0,0.0,0.0,0.0
0.061200000000000004,0.0,0.0,0.0,0.0
0.061250000000000006,0.0,0.0,0.0,0.0
0.0613,0.0,0.0,0.0,0.0
0.06135,0.0,0.0,0.0,0.0
0.0614,0.0,0.0,0.0,0.0
0.061450000000000005,0.0,0.0,0.0,0.0
0.061500000000000006,0.0,0.0,0.0,0.0
0.06155,0.0,0.0,0.0,0.0
0.0616,0.0,0.0,0.0,0.0
0.06165,0.0,0.0,0.0,0.0
0.061700000000000005,0.0,0.0,0.0,0.0
0.061750000000000006,0.0,0.0,0.0,0.0
0.0618,0.0,0.0,0.0,0.0
0.06185,0.0,0.0,0.0,0.0
0.061900000000000004,0.0,0.0,0.0,0.0
0.061950000000000005,0.0,0.0,0.0,0.0
0.062,0.0,0.0,0.0,0.0
0.06205,0.0,0.0,0.0,0.0
0.0621,0.0030250000000000003,0.3999999999999986,0.30000000000000004,0.04
0.062150000000000004,0.0027750000000000006,0.3999999999999986,0.30000000000000004,0.04
0.062200000000000005,0.004612500000000001,0.5,0.30000000000000004,0.05
0.06225,0.0065625000000000015,0.6500000000000004,0.30000000000000004,0.055
0.0623,0.008412500000000002,0.8000000000000007,0.30000000000000004,0.060000000000000005
0.06235,0.012925000000000002,1.0500000000000007,0.30000000000000004,0.06499999999999999
0.062400000000000004,0.012187500000000002,1.0500000000000007,0.30000000000000004,0.06499999999999999
0.062450000000000006,0.013937500000000002,1.1999999999999993,0.30000000000000004,0.06999999999999998
0.0625,0.017925000000000003,1.4500000000000002,0.30000000000000004,0.06999999999999998
0.06255000000000001,0.016887500000000003,1.4500000000000002,0.30000000000000004,0.06999999999999998
0.0626,0.018012500000000004,1.5999999999999996,0.30000000000000004,0.06999999999999998
0.06265,0.019075000000000005,1.6999999999999993,0.30000000000000004,0.06999999999999998
0.0627,0.019812500000000004,1.8499999999999996,0.30000000000000004,0.06999999999999998
0.06275,0.022775000000000004,2.1000000000000014,0.30000000000000004,0.06499999999999999
0.06280000000000001,0.020787500000000004,2.1000000000000014,0.30000000000000004,0.06499999999999999
0.06285,0.020812500000000005,2.2,0.30000000000000004,0.06499999999999999
0.0629,0.020687500000000004,2.3,0.30000000000000004,0.06499999999999999
0.06295,0.020500000000000004,2.3499999999999996,0.30000000000000004,0.06499999999999999
0.063,0.022525000000000003,2.55,0.30000000000000004,0.06499999999999999
0.06305000000000001,0.019875000000000004,2.3999999999999995,0.30000000000000004,0.06499999999999999
0.0631,0.019612500000000005,2.3500000000000005,0.30000000000000004,0.06499999999999999
0.06315,0.019162500000000002,2.3500000000000005,0.30000000000000004,0.06499999999999999
0.0632,0.018925000000000004,2.3499999999999996,0.30000000000000004,0.06499999999999999
0.06325,0.020925000000000003,2.45,0.30000000000000004,0.06499999999999999
0.06330000000000001,0.018375000000000002,2.3,0.30000000000000004,0.06499999999999999
0.06335,0.018125000000000002,2.250000000000001,0.30000000000000004,0.06499999999999999
0.0634,0.017875000000000002,2.25,0.30000000000000004,0.06499999999999999
0.06345,0.017550000000000003,2.25,0.30000000000000004,0.06499999999999999
0.0635,0.019525000000000004,2.3499999999999996,0.30000000000000004,0.06499999999999999
0.06355000000000001,0.017037500000000004,2.1999999999999993,0.30000000000000004,0.060000000000000005
0.0636,0.016775,2.2,0.30000000000000004,0.060000000000000005
0.06365,0.016550000000000002,2.1999999999999993,0.30000000000000004,0.060000000000000005
0.0637,0.016375000000000004,2.1500000000000004,0.30000000000000004,0.060000000000000005
0.06375,0.018437500000000002,2.3,0.30000000000000004,0.060000000000000005
0.06380000000000001,0.016075000000000002,2.1500000000000004,0.30000000000000004,0.060000000000000005
0.06385,0.0159875,2.0999999999999996,0.30000000000000004,0.060000000000000005
0.0639,0.015962500000000004,2.1,0.30000000000000004,0.060000000000000005
0.06395,0.0159875,2.0999999999999996,0.30000000000000004,0.060000000000000005
0.064,0.018300000000000004,2.2,0.30000000000000004,0.060000000000000005
0.06405000000000001,0.016087500000000005,2.05,0.30000000000000004,0.060000000000000005
0.0641,0.016250000000000004,2.0500000000000003,0.30000000000000004,0.06499999999999999
0.06415,0.018550000000000004,2.2,0.30000000000000004,0.06499999999999999
0.06420000000000001,0.016525,2.0,0.30000000000000004,0.060000000000000005
0.06425,0.018837500000000004,2.15,0.30000000000000004,0.060000000000000005
0.06430000000000001,0.016750000000000004,2.0000000000000004,0.30000000000000004,0.060000000000000005
0.06435,0.016850000000000004,2.05,0.30000000000000004,0.060000000000000005
0.0644,0.019050000000000004,2.2,0.30000000000000004,0.060000000000000005
0.06445000000000001,0.016775,2.1000000000000005,0.30000000000000004,0.060000000000000005
0.0645,0.018900000000000004,2.25,0.30000000000000004,0.060000000000000005
0.06455,0.016600000000000004,2.0999999999999996,0.30000000000000004,0.060000000000000005
0.0646,0.016562500000000004,2.0999999999999996,0.30000000000000004,0.060000000000000005
0.06465,0.018712500000000003,2.25,0.30000000000000004,0.060000000000000005
0.06470000000000001,0.016437500000000004,2.1,0.30000000000000004,0.060000000000000005
0.06475,0.018412500000000002,2.25,0.30000000000000004,0.060000000000000005
0.0648,0.016175000000000002,2.1000000000000005,0.30000000000000004,0.060000000000000005
0.06485,0.015912500000000003,2.0999999999999996,0.30000000000000004,0.060000000000000005
0.0649,0.016000000000000004,2.1,0.30000000000000004,0.060000000000000005
0.06495000000000001,0.013725000000000003,1.9000000000000001,0.19999999999999996,0.060000000000000005
0.065,0.011475000000000003,1.65,0.19999999999999996,0.060000000000000005
0.06505,0.008975000000000002,1.5,0.19999999999999996,0.060000000000000005
0.0651,0.006875000000000001,1.3,0.19999999999999996,0.060000000000000005
0.06515,0.005100000000000001,1.15,0.15000000000000013,0.055
0.06520000000000001,0.0034875000000000006,1.0,0.10000000000000009,0.05
0.06525,0.0019625000000000003,0.7999999999999999,0.10000000000000009,0.045000000000000005
0.0653,0.0007000000000000001,0.6,0.10000000000000009,0.04
0.06535,0.00010000000000000002,0.4,0.050000000000000044,0.030000000000000002
0.0654,0.0,0.10000000000000009,0.0,0.01
0.06545000000000001,0.0,0.0,0.0,0.0
0.0655,0.0,0.0,0.0,0.0
0.06555,0.0,0.0,0.0,0.0
0.0656,0.0,0.0,0.0,0.0
0.06565,0.0,0.0,0.0,0.0
0.06570000000000001,0.0,0.0,0.0,0.0
0.06575,0.0,0.0,0.0,0.0
0.0658,0.0,0.0,0.0,0.0
0.06585,0.0,0.0,0.0,0.0
0.0659,0.0,0.0,0.0,0.0
0.06595000000000001,0.0,0.0,0.0,0.0
0.066,0.0,0.0,0.0,0.0
0.06605,0.0,0.0,0.0,0.0
0.0661,0.0,0.0,0.0,0.0
0.06615,0.0,0.0,0.0,0.0
0.06620000000000001,0.0,0.0,0.0,0.0
0.06625,0.0,0.0,0.0,0.0
0.0663,0.0,0.0,0.0,0.0
0.06635,0.0,0.0,0.0,0.0
0.0664,0.0,0.0,0.0,0.0
0.06645000000000001,0.0,0.0,0.0,0.0
0.0665,0.0,0.0,0.0,0.0
0.06655,0.0,0.0,0.0,0.0
0.0666,0.0009875,0.25,0.25,0.02
0.06665,0.004750000000000001,0.55,0.30000000000000004,0.05
0.06670000000000001,0.004450000000000001,0.5,0.30000000000000004,0.05
0.06675,0.0064125000000000015,0.6499999999999999,0.30000000000000004,0.055
0.0668,0.008350000000000002,0.8,0.30000000000000004,0.060000000000000005
0.06685,0.010250000000000002,0.9,0.30000000000000004,0.06499999999999999
0.0669,0.014587500000000003,1.2000000000000002,0.30000000000000004,0.06999999999999998
0.06695000000000001,0.013800000000000003,1.2000000000000002,0.30000000000000004,0.06999999999999998
0.067,0.015362500000000003,1.3000000000000003,0.30000000000000004,0.06999999999999998
0.06705,0.016787500000000004,1.4500000000000002,0.30000000000000004,0.06999999999999998
0.0671,0.017987500000000003,1.6,0.30000000000000004,0.06999999999999998
0.06715,0.021475000000000005,1.8499999999999999,0.30000000000000004,0.06999999999999998
0.06720000000000001,0.019812500000000004,1.8499999999999999,0.30000000000000004,0.06999999999999998
0.06725,0.020350000000000004,1.9499999999999997,0.30000000000000004,0.06499999999999999
0.0673,0.023125000000000003,2.25,0.30000000000000004,0.06499999999999999
0.06735000000000001,0.020850000000000004,2.2,0.30000000000000004,0.06499999999999999
0.0674,0.023150000000000004,2.45,0.30000000000000004,0.06499999999999999
0.06745000000000001,0.020600000000000004,2.3500000000000005,0.30000000000000004,0.06499999999999999
0.0675,0.020300000000000002,2.4000000000000004,0.30000000000000004,0.06499999999999999
0.06755,0.022275000000000003,2.55,0.30000000000000004,0.06499999999999999
0.06760000000000001,0.019625000000000004,2.4,0.30000000000000004,0.06499999999999999
0.06765,0.021512500000000004,2.5,0.30000000000000004,0.06499999999999999
0.06770000000000001,0.018950000000000005,2.3499999999999996,0.30000000000000004,0.06499999999999999
0.06775,0.018725000000000002,2.3000000000000003,0.30000000000000004,0.06499999999999999
0.0678,0.020687500000000004,2.45,0.30000000000000004,0.06499999999999999
0.06785000000000001,0.018175000000000004,2.3000000000000003,0.30000000000000004,0.06499999999999999
0.0679,0.020187500000000004,2.4,0.30000000000000004,0.06499999999999999
0.06795,0.017612500000000003,2.25,0.30000000000000004,0.06499999999999999
0.068,0.017337500000000002,2.2500000000000004,0.30000000000000004,0.06499999999999999
0.06805,0.019287500000000003,2.35,0.30000000000000004,0.060000000000000005
0.06810000000000001,0.016825000000000003,2.2,0.30000000000000004,0.060000000000000005
0.06815,0.018812500000000003,2.35,0.30000000000000004,0.060000000000000005
0.0682,0.016412500000000003,2.15,0.30000000000000004,0.060000000000000005
0.06825,0.016262500000000003,2.1500000000000004,0.30000000000000004,0.060000000000000005
0.0683,0.018487500000000004,2.3,0.30000000000000004,0.060000000000000005
0.06835000000000001,0.016100000000000003,2.1499999999999995,0.30000000000000004,0.060000000000000005
0.0684,0.018237500000000004,2.250000000000001,0.30000000000000004,0.060000000000000005
0.06845,0.016012500000000002,2.1000000000000005,0.30000000000000004,0.060000000000000005
0.0685,0.016087500000000005,2.0500000000000007,0.30000000000000004,0.060000000000000005
0.06855,0.018562500000000003,2.2,0.30000000000000004,0.06499999999999999
0.06860000000000001,0.016412500000000003,2.05,0.30000000000000004,0.06499999999999999
0.06865,0.018762500000000005,2.1999999999999993,0.30000000000000004,0.06499999999999999
0.0687,0.016600000000000004,2.05,0.30000000000000004,0.06499999999999999
0.06875,0.0167125,2.05,0.30000000000000004,0.06499999999999999
0.0688,0.019137500000000005,2.2,0.30000000000000004,0.060000000000000005
0.06885000000000001,0.016975000000000004,2.05,0.30000000000000004,0.060000000000000005
0.0689,0.019187500000000003,2.250000000000001,0.30000000000000004,0.060000000000000005
0.06895,0.016937500000000005,2.1000000000000005,0.30000000000000004,0.060000000000000005
0.069,0.016862500000000002,2.1500000000000012,0.30000000000000004,0.060000000000000005
0.06905,0.018987500000000004,2.3,0.30000000000000004,0.060000000000000005
0.06910000000000001,0.016662500000000004,2.1500000000000004,0.30000000000000004,0.060000000000000005
0.06915,0.018725000000000002,2.3000000000000007,0.30000000000000004,0.060000000000000005
0.0692,0.016425000000000002,2.1000000000000005,0.30000000000000004,0.060000000000000005
0.06925,0.0163375,2.0999999999999988,0.30000000000000004,0.060000000000000005
0.0693,0.018362500000000004,2.25,0.30000000000000004,0.060000000000000005
0.06935000000000001,0.015937500000000004,2.0999999999999996,0.30000000000000004,0.060000000000000005
0.0694,0.014575000000000003,1.9500000000000002,0.19999999999999996,0.060000000000000005
0.06945,0.012312500000000002,1.7499999999999991,0.19999999999999996,0.060000000000000005
0.0695,0.009987500000000002,1.5999999999999996,0.19999999999999996,0.060000000000000005
0.06955,0.007575000000000001,1.4000000000000004,0.19999999999999996,0.060000000000000005
0.06960000000000001,0.005762500000000001,1.25,0.1499999999999999,0.055
0.06965,0.004087500000000001,1.0500000000000007,0.09999999999999987,0.055
0.0697,0.0025750000000000005,0.8499999999999996,0.09999999999999987,0.05
0.06975,0.0011125000000000002,0.6999999999999993,0.09999999999999987,0.045000000000000005
0.0698,0.00031250000000000006,0.5,0.04999999999999982,0.03499999999999999
0.06985000000000001,0.0,0.25,0.0,0.02
0.0699,0.0,0.0,0.0,0.0
0.06995,0.0,0.0,0.0,0.0
0.07,0.0,0.0,0.0,0.0
0.07005,0.0,0.0,0.0,0.0
0.07010000000000001,0.0,0.0,0.0,0.0
0.07015,0.0,0.0,0.0,0.0
0.0702,0.0,0.0,0.0,0.0
0.07025,0.0,0.0,0.0,0.0
0.0703,0.0,0.0,0.0,0.0
0.07035000000000001,0.0,0.0,0.0,0.0
0.0704,0.0,0.0,0.0,0.0
0.07045,0.0,0.0,0.0,0.0
0.07050000000000001,0.0,0.0,0.0,0.0
0.07055,0.0,0.0,0.0,0.0
0.07060000000000001,0.0,0.0,0.0,0.0
0.07065,0.0,0.0,0.0,0.0
0.0707,0.0,0.0,0.0,0.0
0.07075000000000001,0.0,0.0,0.0,0.0
0.0708,0.0,0.0,0.0,0.0
0.07085000000000001,0.0,0.0,0.0,0.0
0.0709,0.0,0.0,0.0,0.0
0.07095,0.0,0.0,0.0,0.0
0.07100000000000001,0.0,0.0,0.0,0.0
0.07105,0.0022000000000000006,0.34999999999999964,0.2999999999999998,0.030000000000000002
0.0711,0.0020625000000000005,0.34999999999999964,0.2999999999999998,0.030000000000000002
0.07115,0.003800000000000001,0.45000000000000107,0.2999999999999998,0.045000000000000005
0.0712,0.007912500000000001,0.75,0.2999999999999998,0.060000000000000005
0.07125000000000001,0.007550000000000001,0.6999999999999993,0.2999999999999998,0.060000000000000005
0.0713,0.011925000000000002,1.0,0.2999999999999998,0.06499999999999999
0.07135,0.011275000000000002,1.0,0.2999999999999998,0.06499999999999999
0.0714,0.013062500000000003,1.1499999999999995,0.2999999999999998,0.06499999999999999
0.07145,0.017125000000000005,1.4000000000000012,0.2999999999999998,0.06999999999999998
0.07150000000000001,0.016087500000000005,1.4000000000000012,0.2999999999999998,0.06999999999999998
0.07155,0.019687500000000004,1.700000000000001,0.2999999999999998,0.06999999999999998
0.0716,0.0182875,1.6500000000000004,0.2999999999999998,0.06999999999999998
0.07165,0.019212500000000004,1.7999999999999998,0.2999999999999998,0.06499999999999999
0.0717,0.022162500000000005,2.05,0.2999999999999998,0.06499999999999999
0.07175000000000001,0.020162500000000003,2.05,0.2999999999999998,0.06499999999999999
0.0718,0.022625000000000003,2.3000000000000007,0.2999999999999998,0.06499999999999999
0.07185,0.020262500000000003,2.25,0.2999999999999998,0.06499999999999999
0.0719,0.020100000000000003,2.3,0.2999999999999998,0.06499999999999999
0.07195,0.022137500000000004,2.5,0.2999999999999998,0.06499999999999999
0.07200000000000001,0.019450000000000002,2.3499999999999996,0.2999999999999998,0.06499999999999999
0.07205,0.021400000000000002,2.499999999999999,0.2999999999999998,0.06499999999999999
0.0721,0.018825000000000005,2.299999999999998,0.2999999999999998,0.06499999999999999
0.07215,0.018512500000000005,2.3,0.2999999999999998,0.06499999999999999
0.0722,0.020450000000000003,2.4499999999999993,0.2999999999999998,0.06499999999999999
0.07225000000000001,0.017950000000000004,2.249999999999999,0.2999999999999998,0.06499999999999999
0.0723,0.019900000000000004,2.3999999999999995,0.2999999999999998,0.06499999999999999
0.07235,0.017412500000000004,2.249999999999999,0.2999999999999998,0.06499999999999999
0.0724,0.017087500000000002,2.2,0.2999999999999998,0.060000000000000005
0.07245,0.019012500000000005,2.3500000000000005,0.2999999999999998,0.060000000000000005
0.07250000000000001,0.016600000000000004,2.200000000000001,0.2999999999999998,0.060000000000000005
0.07255,0.016375000000000004,2.1499999999999995,0.2999999999999998,0.060000000000000005
0.0726,0.016187500000000004,2.1500000000000004,0.2999999999999998,0.060000000000000005
0.07265,0.015937500000000004,2.1499999999999995,0.2999999999999998,0.060000000000000005
0.0727,0.018025000000000003,2.2500000000000004,0.2999999999999998,0.060000000000000005
0.07275000000000001,0.015700000000000002,2.1,0.2999999999999998,0.060000000000000005
0.0728,0.015612500000000003,2.1000000000000005,0.2999999999999998,0.060000000000000005
0.07285,0.015587500000000002,2.0499999999999994,0.2999999999999998,0.060000000000000005
0.0729,0.015625000000000003,2.0500000000000003,0.2999999999999998,0.060000000000000005
0.07295,0.018025000000000003,2.1999999999999997,0.2999999999999998,0.060000000000000005
0.07300000000000001,0.015912500000000003,2.0000000000000004,0.2999999999999998,0.060000000000000005
0.07305,0.016137500000000003,2.0,0.2999999999999998,0.06499999999999999
0.0731,0.0163375,2.0000000000000004,0.2999999999999998,0.06499999999999999
0.07315,0.0164625,2.0,0.2999999999999998,0.06499999999999999
0.0732,0.018887500000000005,2.15,0.2999999999999998,0.06499999999999999
0.07325000000000001,0.016837500000000002,2.0000000000000004,0.2999999999999998,0.06499999999999999
0.0733,0.016987500000000003,2.0,0.2999999999999998,0.060000000000000005
0.07335,0.017062500000000005,2.0500000000000003,0.2999999999999998,0.060000000000000005
0.0734,0.017037500000000004,2.0999999999999996,0.2999999999999998,0.060000000000000005
0.07345,0.019212500000000004,2.25,0.2999999999999998,0.060000000000000005
0.07350000000000001,0.016925000000000003,2.15,0.2999999999999998,0.060000000000000005
0.07355,0.016837500000000002,2.15,0.2999999999999998,0.060000000000000005
0.0736,0.018875000000000003,2.3,0.2999999999999998,0.060000000000000005
0.07365000000000001,0.016575000000000003,2.0999999999999996,0.2999999999999998,0.060000000000000005
0.0737,0.018600000000000002,2.25,0.2999999999999998,0.060000000000000005
0.07375000000000001,0.016300000000000002,2.1,0.2999999999999998,0.060000000000000005
0.0738,0.015662500000000003,2.05,0.25,0.060000000000000005
0.07385,0.013862500000000003,1.85,0.20000000000000018,0.060000000000000005
0.07390000000000001,0.011500000000000002,1.7000000000000002,0.20000000000000018,0.060000000000000005
0.07395,0.009087500000000002,1.5,0.20000000000000018,0.060000000000000005
0.07400000000000001,0.006862500000000001,1.35,0.20000000000000018,0.060000000000000005
0.07405,0.005125000000000001,1.2000000000000002,0.15000000000000013,0.055
0.0741,0.0034875000000000006,0.95,0.10000000000000009,0.05
0.07415000000000001,0.0019625000000000003,0.8,0.10000000000000009,0.045000000000000005
0.0742,0.0007125000000000001,0.6000000000000001,0.10000000000000009,0.04
0.07425000000000001,0.00011250000000000002,0.3999999999999999,0.050000000000000044,0.030000000000000002
0.0743,0.0,0.09999999999999987,0.0,0.01
0.07435,0.0,0.0,0.0,0.0
0.07440000000000001,0.0,0.0,0.0,0.0
0.07445,0.0,0.0,0.0,0.0
0.0745,0.0,0.0,0.0,0.0
0.07455,0.0,0.0,0.0,0.0
0.0746,0.0,0.0,0.0,0.0
0.07465000000000001,0.0,0.0,0.0,0.0
0.0747,0.0,0.0,0.0,0.0
0.07475,0.0,0.0,0.0,0.0
0.0748,0.0,0.0,0.0,0.0
0.07485,0.0,0.0,0.0,0.0
0.07490000000000001,0.0,0.0,0.0,0.0
0.07495,0.0,0.0,0.0,0.0
0.075,0.0,0.0,0.0,0.0
0.07505,0.0,0.0,0.0,0.0
0.0751,0.0,0.0,0.0,0.0
0.07515000000000001,0.0,0.0,0.0,0.0
0.0752,0.0,0.0,0.0,0.0
0.07525,0.0,0.0,0.0,0.0
0.0753,0.0,0.0,0.0,0.0
0.07535,0.0,0.0,0.0,0.0
0.07540000000000001,0.0,0.0,0.0,0.0
0.07545,0.0013125000000000003,0.29999999999999993,0.25,0.02
0.0755,0.0011625000000000001,0.29999999999999993,0.25,0.02
0.07555,0.0028000000000000004,0.4,0.30000000000000004,0.04
0.0756,0.006887500000000001,0.7000000000000001,0.30000000000000004,0.055
0.07565000000000001,0.006525000000000001,0.6500000000000001,0.30000000000000004,0.055
0.0757,0.010937500000000003,0.95,0.30000000000000004,0.06499999999999999
0.07575,0.010300000000000002,0.95,0.30000000000000004,0.06499999999999999
0.0758,0.012137500000000002,1.1000000000000003,0.30000000000000004,0.06499999999999999
0.07585,0.016262500000000003,1.35,0.30000000000000004,0.06999999999999998
0.07590000000000001,0.015325000000000004,1.35,0.30000000000000004,0.06999999999999998
0.07595,0.016612500000000002,1.5,0.30000000000000004,0.06999999999999998
0.076,0.017812500000000002,1.5999999999999999,0.30000000000000004,0.06999999999999998
0.07605,0.018787500000000002,1.7499999999999998,0.30000000000000004,0.06999999999999998
0.0761,0.021937500000000006,2.0,0.30000000000000004,0.06499999999999999
0.07615000000000001,0.020050000000000005,2.0,0.30000000000000004,0.06499999999999999
0.0762,0.020375000000000004,2.1,0.30000000000000004,0.06499999999999999
0.07625,0.020400000000000005,2.2,0.30000000000000004,0.06499999999999999
0.0763,0.020325000000000003,2.3000000000000003,0.30000000000000004,0.06499999999999999
0.07635,0.022387500000000005,2.5,0.30000000000000004,0.06499999999999999
0.07640000000000001,0.019750000000000004,2.4000000000000004,0.30000000000000004,0.06499999999999999
0.07645,0.019412500000000003,2.4,0.30000000000000004,0.06499999999999999
0.0765,0.019137500000000005,2.3500000000000005,0.30000000000000004,0.06499999999999999
0.07655,0.018812500000000003,2.3499999999999996,0.30000000000000004,0.06499999999999999
0.0766,0.020750000000000005,2.4499999999999997,0.30000000000000004,0.06499999999999999
0.07665000000000001,0.018237500000000004,2.25,0.30000000000000004,0.06499999999999999
0.0767,0.017837500000000003,2.2500000000000004,0.30000000000000004,0.06499999999999999
0.07675,0.019825000000000002,2.35,0.30000000000000004,0.06499999999999999
0.07680000000000001,0.017325000000000004,2.2,0.30000000000000004,0.06499999999999999
0.07685,0.019187500000000003,2.35,0.30000000000000004,0.060000000000000005
0.07690000000000001,0.016787500000000004,2.15,0.30000000000000004,0.060000000000000005
0.07695,0.016525,2.1500000000000004,0.30000000000000004,0.060000000000000005
0.077,0.018437500000000002,2.3000000000000003,0.30000000000000004,0.060000000000000005
0.07705000000000001,0.016037500000000003,2.15,0.30000000000000004,0.060000000000000005
0.0771,0.017987500000000003,2.3000000000000007,0.30000000000000004,0.060000000000000005
0.07715000000000001,0.015712500000000004,2.1500000000000004,0.30000000000000004,0.060000000000000005
0.0772,0.015575000000000002,2.0999999999999996,0.30000000000000004,0.060000000000000005
0.07725,0.017875000000000002,2.250000000000001,0.30000000000000004,0.060000000000000005
0.07730000000000001,0.015625000000000003,2.1000000000000005,0.30000000000000004,0.060000000000000005
0.07735,0.018000000000000002,2.200000000000001,0.30000000000000004,0.060000000000000005
0.07740000000000001,0.0158625,2.0500000000000007,0.30000000000000004,0.060000000000000005
0.07745,0.0159875,2.05,0.30000000000000004,0.06499999999999999
0.0775,0.018462500000000003,2.1999999999999993,0.30000000000000004,0.06499999999999999
0.07755000000000001,0.016350000000000003,2.05,0.30000000000000004,0.06499999999999999
0.0776,0.018812500000000003,2.1999999999999993,0.30000000000000004,0.06499999999999999
0.07765,0.016725000000000004,2.0,0.30000000000000004,0.06499999999999999
0.0777,0.016962500000000002,2.05,0.30000000000000004,0.06499999999999999
0.07775,0.019350000000000003,2.2,0.30000000000000004,0.060000000000000005
0.07780000000000001,0.017075000000000003,2.1000000000000005,0.30000000000000004,0.060000000000000005
0.07785,0.019262500000000002,2.3,0.30000000000000004,0.060000000000000005
0.0779,0.016950000000000003,2.1499999999999995,0.30000000000000004,0.060000000000000005
0.07795,0.016875000000000005,2.1500000000000004,0.30000000000000004,0.060000000000000005
0.078,0.018975000000000002,2.25,0.30000000000000004,0.060000000000000005
0.07805000000000001,0.016675000000000002,2.1000000000000005,0.30000000000000004,0.060000000000000005
0.0781,0.018662500000000002,2.250000000000001,0.30000000000000004,0.060000000000000005
0.07815,0.016325000000000003,2.1000000000000014,0.30000000000000004,0.060000000000000005
0.0782,0.015500000000000003,2.05,0.25,0.060000000000000005
0.07825,0.013437500000000003,1.8499999999999996,0.19999999999999996,0.060000000000000005
0.07830000000000001,0.011112500000000003,1.6499999999999995,0.19999999999999996,0.060000000000000005
0.07835,0.008550000000000002,1.450000000000001,0.19999999999999996,0.060000000000000005
0.0784,0.0065625000000000015,1.3000000000000007,0.1499999999999999,0.060000000000000005
0.07845,0.004850000000000001,1.0999999999999996,0.1499999999999999,0.055
0.0785,0.0031750000000000007,0.9499999999999993,0.09999999999999987,0.05
0.07855000000000001,0.0017250000000000004,0.7499999999999982,0.09999999999999987,0.045000000000000005
0.0786,0.0005500000000000001,0.5999999999999996,0.09999999999999987,0.04
0.07865,2.5000000000000005e-05,0.34999999999999964,0.050000000000000044,0.030000000000000002
0.0787,0.0,0.0,0.0,0.005
0.07875,0.0,0.0,0.0,0.0
0.07880000000000001,0.0,0.0,0.0,0.0
0.07885,0.0,0.0,0.0,0.0
0.0789,0.0,0.0,0.0,0.0
0.07895,0.0,0.0,0.0,0.0
0.079,0.0,0.0,0.0,0.0
0.07905000000000001,0.0,0.0,0.0,0.0
0.0791,0.0,0.0,0.0,0.0
0.07915,0.0,0.0,0.0,0.0
0.0792,0.0,0.0,0.0,0.0
0.07925,0.0,0.0,0.0,0.0
0.07930000000000001,0.0,0.0,0.0,0.0
0.07935,0.0,0.0,0.0,0.0
0.0794,0.0,0.0,0.0,0.0
0.07945,0.0,0.0,0.0,0.0
0.0795,0.0,0.0,0.0,0.0
0.07955000000000001,0.0,0.0,0.0,0.0
0.0796,0.0,0.0,0.0,0.0
0.07965,0.0,0.0,0.0,0.0
0.07970000000000001,0.0,0.0,0.0,0.0
0.07975,0.0,0.0,0.0,0.0
0.07980000000000001,0.0,0.0,0.0,0.0
0.07985,0.0,0.0,0.0,0.0
0.0799,0.0034125000000000006,0.4499999999999993,0.30000000000000004,0.04
0.07995000000000001,0.0031375000000000005,0.40000000000000036,0.30000000000000004,0.04
0.08,0.0072875000000000014,0.7000000000000011,0.30000000000000004,0.060000000000000005
0.08005000000000001,0.007000000000000001,0.6500000000000004,0.30000000000000004,0.060000000000000005
0.0801,0.008875000000000001,0.7999999999999989,0.30000000000000004,0.060000000000000005
0.08015,0.013237500000000003,1.0999999999999996,0.30000000000000004,0.06499999999999999
0.08020000000000001,0.012562500000000002,1.049999999999999,0.30000000000000004,0.06499999999999999
0.08025,0.016675000000000002,1.3499999999999996,0.30000000000000004,0.06999999999999998
0.08030000000000001,0.015650000000000004,1.3499999999999996,0.30000000000000004,0.06999999999999998
0.08035,0.017037500000000004,1.4500000000000002,0.30000000000000004,0.06999999999999998
0.0804,0.020475000000000004,1.75,0.30000000000000004,0.06999999999999998
0.08045000000000001,0.019075000000000005,1.75,0.30000000000000004,0.06999999999999998
0.0805,0.022162500000000005,1.9999999999999991,0.30000000000000004,0.06499999999999999
0.08055000000000001,0.020275000000000005,1.9999999999999991,0.30000000000000004,0.06499999999999999
0.0806,0.020487500000000002,2.1000000000000005,0.30000000000000004,0.06499999999999999
0.08065,0.022850000000000006,2.3499999999999996,0.30000000000000004,0.06499999999999999
0.08070000000000001,0.020412500000000004,2.299999999999999,0.30000000000000004,0.06499999999999999
0.08075,0.022462500000000003,2.499999999999999,0.30000000000000004,0.06499999999999999
0.08080000000000001,0.019825000000000002,2.3499999999999988,0.30000000000000004,0.06499999999999999
0.08085,0.019512500000000002,2.3500000000000005,0.30000000000000004,0.06499999999999999
0.0809,0.021425000000000003,2.499999999999999,0.30000000000000004,0.06499999999999999
0.08095000000000001,0.018825000000000005,2.3000000000000007,0.30000000000000004,0.06499999999999999
0.081,0.020737500000000002,2.45,0.30000000000000004,0.06499999999999999
0.08105,0.018262500000000004,2.25,0.30000000000000004,0.06499999999999999
0.0811,0.017900000000000003,2.25,0.30000000000000004,0.06499999999999999
0.08115,0.019725000000000003,2.4000000000000004,0.30000000000000004,0.06499999999999999
0.08120000000000001,0.017262500000000004,2.200000000000001,0.30000000000000004,0.060000000000000005
0.08125,0.019112500000000004,2.3499999999999996,0.30000000000000004,0.060000000000000005
0.0813,0.016725000000000004,2.2,0.30000000000000004,0.060000000000000005
0.08135,0.016487500000000002,2.1499999999999995,0.30000000000000004,0.060000000000000005
0.0814,0.018375000000000002,2.3,0.30000000000000004,0.060000000000000005
0.08145000000000001,0.015950000000000002,2.1499999999999995,0.30000000000000004,0.060000000000000005
0.0815,0.017962500000000003,2.2500000000000004,0.30000000000000004,0.060000000000000005
0.08155,0.015675,2.1,0.30000000000000004,0.060000000000000005
0.0816,0.015600000000000003,2.05,0.30000000000000004,0.060000000000000005
0.08165,0.017875000000000002,2.1999999999999997,0.30000000000000004,0.060000000000000005
0.08170000000000001,0.015600000000000003,2.0500000000000003,0.30000000000000004,0.060000000000000005
0.08175,0.017912500000000005,2.1999999999999997,0.30000000000000004,0.060000000000000005
0.0818,0.0158,2.0000000000000004,0.30000000000000004,0.060000000000000005
0.08185,0.015937500000000004,2.0000000000000004,0.30000000000000004,0.060000000000000005
0.0819,0.018275000000000003,2.15,0.30000000000000004,0.060000000000000005
0.08195000000000001,0.016200000000000003,1.9999999999999996,0.30000000000000004,0.060000000000000005
0.082,0.018525000000000003,2.15,0.30000000000000004,0.060000000000000005
0.08205,0.016437500000000004,1.9999999999999996,0.30000000000000004,0.060000000000000005
0.0821,0.016512500000000003,2.0,0.30000000000000004,0.060000000000000005
0.08215,0.018787500000000002,2.15,0.30000000000000004,0.060000000000000005
0.08220000000000001,0.016612500000000002,2.0500000000000003,0.30000000000000004,0.060000000000000005
0.08225,0.018750000000000003,2.25,0.30000000000000004,0.060000000000000005
0.0823,0.016500000000000004,2.1,0.30000000000000004,0.060000000000000005
0.08235,0.016387500000000003,2.1000000000000005,0.30000000000000004,0.060000000000000005
0.0824,0.018400000000000003,2.25,0.30000000000000004,0.060000000000000005
0.08245000000000001,0.016087500000000005,2.1,0.30000000000000004,0.060000000000000005
0.0825,0.0158625,2.0500000000000003,0.30000000000000004,0.060000000000000005
0.08255,0.014987500000000003,1.95,0.25,0.060000000000000005
0.0826,0.013112500000000003,1.8,0.19999999999999996,0.060000000000000005
0.08265,0.010762500000000001,1.6,0.19999999999999996,0.060000000000000005
0.08270000000000001,0.008275000000000001,1.4499999999999997,0.19999999999999996,0.060000000000000005
0.08275,0.006275000000000001,1.2999999999999998,0.1499999999999999,0.055
0.0828,0.0045875,1.0999999999999999,0.10000000000000009,0.055
0.08285000000000001,0.0029875000000000006,0.95,0.10000000000000009,0.05
0.0829,0.0014875000000000003,0.7,0.10000000000000009,0.045000000000000005
0.08295000000000001,0.0004625000000000001,0.5499999999999998,0.10000000000000009,0.03499999999999999
0.083,0.0,0.3500000000000001,0.0,0.025
0.08305,0.0,0.0,0.0,0.0
0.08310000000000001,0.0,0.0,0.0,0.0
0.08315,0.0,0.0,0.0,0.0
0.08320000000000001,0.0,0.0,0.0,0.0
0.08325,0.0,0.0,0.0,0.0
0.0833,0.0,0.0,0.0,0.0
0.08335000000000001,0.0,0.0,0.0,0.0
0.0834,0.0,0.0,0.0,0.0
0.08345000000000001,0.0,0.0,0.0,0.0
0.0835,0.0,0.0,0.0,0.0
0.08355,0.0,0.0,0.0,0.0
0.08360000000000001,0.0,0.0,0.0,0.0
0.08365,0.0,0.0,0.0,0.0
0.08370000000000001,0.0,0.0,0.0,0.0
0.08375,0.0,0.0,0.0,0.0
0.0838,0.0,0.0,0.0,0.0
0.08385000000000001,0.0,0.0,0.0,0.0
0.0839,0.0,0.0,0.0,0.0
0.08395000000000001,0.0,0.0,0.0,0.0
0.084,0.0,0.0,0.0,0.0
0.08405,0.0,0.0,0.0,0.0
0.08410000000000001,0.0,0.0,0.0,0.0
0.08415,0.0,0.0,0.0,0.0
0.08420000000000001,0.0,0.0,0.0,0.0
0.08425,0.0015375000000000002,0.30000000000000004,0.25,0.025
0.0843,0.005250000000000001,0.6000000000000001,0.30000000000000004,0.05
0.08435000000000001,0.004987500000000001,0.55,0.30000000000000004,0.05
0.0844,0.009287500000000002,0.8499999999999999,0.30000000000000004,0.060000000000000005
0.08445,0.008737500000000002,0.8499999999999999,0.30000000000000004,0.060000000000000005
0.0845,0.010675000000000002,1.0000000000000002,0.30000000000000004,0.06499999999999999
0.08455,0.014962500000000004,1.25,0.30000000000000004,0.06999999999999998
0.08460000000000001,0.014125000000000002,1.25,0.30000000000000004,0.06999999999999998
0.08465,0.018050000000000004,1.5499999999999998,0.30000000000000004,0.06999999999999998
0.0847,0.016975000000000004,1.5,0.30000000000000004,0.06999999999999998
0.08475,0.018062500000000002,1.6,0.30000000000000004,0.06999999999999998
0.0848,0.021337500000000002,1.8500000000000003,0.30000000000000004,0.06999999999999998
0.08485000000000001,0.019712500000000004,1.8500000000000003,0.30000000000000004,0.06499999999999999
0.0849,0.022500000000000003,2.1,0.30000000000000004,0.06499999999999999
0.08495,0.020400000000000005,2.1,0.30000000000000004,0.06499999999999999
0.085,0.020437500000000004,2.2,0.30000000000000004,0.06499999999999999
0.08505,0.022662500000000006,2.4499999999999997,0.30000000000000004,0.06499999999999999
0.08510000000000001,0.020087500000000005,2.3499999999999996,0.30000000000000004,0.06499999999999999
0.08515,0.022087500000000003,2.5000000000000004,0.30000000000000004,0.06499999999999999
0.0852,0.019412500000000003,2.3500000000000005,0.30000000000000004,0.06499999999999999
0.08525,0.019162500000000002,2.3,0.30000000000000004,0.06499999999999999
0.0853,0.020987500000000003,2.4499999999999997,0.30000000000000004,0.06499999999999999
0.08535000000000001,0.018475000000000002,2.3,0.30000000000000004,0.06499999999999999
0.0854,0.020425000000000002,2.400000000000001,0.30000000000000004,0.06499999999999999
0.08545,0.017862500000000003,2.2500000000000004,0.30000000000000004,0.06499999999999999
0.0855,0.017537500000000004,2.25,0.30000000000000004,0.06499999999999999
0.08555,0.019475000000000003,2.35,0.30000000000000004,0.060000000000000005
0.08560000000000001,0.016937500000000005,2.1999999999999997,0.30000000000000004,0.060000000000000005
0.08565,0.018900000000000004,2.3499999999999996,0.30000000000000004,0.060000000000000005
0.0857,0.016475000000000004,2.15,0.30000000000000004,0.060000000000000005
0.08575,0.016262500000000003,2.15,0.30000000000000004,0.060000000000000005
0.0858,0.018137500000000004,2.3,0.30000000000000004,0.060000000000000005
0.08585000000000001,0.015825000000000002,2.0999999999999996,0.30000000000000004,0.060000000000000005
0.0859,0.015762500000000002,2.0999999999999996,0.30000000000000004,0.060000000000000005
0.08595,0.018000000000000002,2.2,0.30000000000000004,0.060000000000000005
0.08600000000000001,0.015675,2.05,0.30000000000000004,0.060000000000000005
0.08605,0.017962500000000003,2.2,0.30000000000000004,0.060000000000000005
0.08610000000000001,0.0157375,2.0,0.30000000000000004,0.060000000000000005
0.08615,0.0158625,1.9999999999999991,0.30000000000000004,0.060000000000000005
0.0862,0.018250000000000002,2.1499999999999995,0.30000000000000004,0.060000000000000005
0.08625000000000001,0.016112500000000002,2.0,0.30000000000000004,0.060000000000000005
0.0863,0.018550000000000004,2.1500000000000004,0.30000000000000004,0.060000000000000005
0.08635000000000001,0.016350000000000003,2.000000000000001,0.30000000000000004,0.060000000000000005
0.0864,0.016525,2.0,0.30000000000000004,0.060000000000000005
0.08645,0.018812500000000003,2.1499999999999995,0.30000000000000004,0.060000000000000005
0.08650000000000001,0.01665,2.0,0.30000000000000004,0.060000000000000005
0.08655,0.018900000000000004,2.2,0.30000000000000004,0.060000000000000005
0.08660000000000001,0.016662500000000004,2.1000000000000005,0.30000000000000004,0.060000000000000005
0.08665,0.0165875,2.0999999999999996,0.30000000000000004,0.060000000000000005
0.0867,0.018625000000000003,2.25,0.30000000000000004,0.060000000000000005
0.08675000000000001,0.016275,2.1000000000000005,0.30000000000000004,0.060000000000000005
0.0868,0.018012500000000004,2.250000000000001,0.30000000000000004,0.060000000000000005
0.08685000000000001,0.015500000000000003,2.0500000000000007,0.30000000000000004,0.060000000000000005
0.0869,0.013712500000000002,1.8499999999999996,0.19999999999999996,0.060000000000000005
0.08695,0.011450000000000002,1.6499999999999995,0.19999999999999996,0.060000000000000005
0.08700000000000001,0.009000000000000001,1.4999999999999991,0.19999999999999996,0.060000000000000005
0.08705,0.006875000000000001,1.3499999999999996,0.19999999999999996,0.060000000000000005
0.08710000000000001,0.005100000000000001,1.1500000000000004,0.15000000000000013,0.055
0.08715,0.0034250000000000005,1.0,0.10000000000000009,0.05
0.0872,0.0019125000000000004,0.7999999999999989,0.10000000000000009,0.045000000000000005
0.08725000000000001,0.0006875000000000002,0.5999999999999996,0.10000000000000009,0.04
0.0873,8.750000000000001e-05,0.40000000000000036,0.050000000000000044,0.030000000000000002
0.08735000000000001,0.0,0.09999999999999964,0.0,0.01
0.0874,0.0,0.0,0.0,0.0
0.08745,0.0,0.0,0.0,0.0
0.08750000000000001,0.0,0.0,0.0,0.0
0.08755,0.0,0.0,0.0,0.0
0.0876,0.0,0.0,0.0,0.0
0.08765,0.0,0.0,0.0,0.0
0.0877,0.0,0.0,0.0,0.0
0.08775000000000001,0.0,0.0,0.0,0.0
0.0878,0.0,0.0,0.0,0.0
0.08785,0.0,0.0,0.0,0.0
0.0879,0.0,0.0,0.0,0.0
0.08795,0.0,0.0,0.0,0.0
0.08800000000000001,0.0,0.0,0.0,0.0
0.08805,0.0,0.0,0.0,0.0
0.0881,0.0,0.0,0.0,0.0
0.08815,0.0,0.0,0.0,0.0
0.0882,0.0,0.0,0.0,0.0
0.08825000000000001,0.0,0.0,0.0,0.0
0.0883,0.0,0.0,0.0,0.0
0.08835,0.0,0.0,0.0,0.0
0.0884,0.0,0.0,0.0,0.0
0.08845,0.0,0.0,0.0,0.0
0.08850000000000001,0.0,0.0,0.0,0.0
0.08855,0.0029375000000000004,0.3999999999999986,0.30000000000000027,0.04
0.0886,0.0026875000000000007,0.3999999999999986,0.30000000000000027,0.04
0.08865,0.0045000000000000005,0.5,0.30000000000000027,0.05
0.0887,0.008887500000000001,0.8000000000000007,0.30000000000000027,0.060000000000000005
0.08875000000000001,0.008362500000000002,0.8000000000000007,0.30000000000000027,0.060000000000000005
0.0888,0.012775000000000002,1.0499999999999998,0.30000000000000027,0.06499999999999999
0.08885,0.012100000000000001,1.0499999999999998,0.30000000000000027,0.06499999999999999
0.0889,0.013775000000000003,1.2000000000000002,0.30000000000000027,0.06999999999999998
0.08895,0.017775000000000003,1.5,0.30000000000000027,0.06999999999999998
0.08900000000000001,0.016725000000000004,1.450000000000001,0.30000000000000027,0.06999999999999998
0.08905,0.017837500000000003,1.6000000000000005,0.30000000000000027,0.06999999999999998
0.0891,0.021287500000000004,1.8500000000000005,0.30000000000000027,0.06999999999999998
0.08915000000000001,0.019675000000000005,1.8500000000000005,0.30000000000000027,0.06499999999999999
0.0892,0.022575000000000005,2.0999999999999996,0.30000000000000027,0.06499999999999999
0.08925000000000001,0.020537500000000004,2.0999999999999996,0.30000000000000027,0.06499999999999999
0.0893,0.020612500000000002,2.2,0.30000000000000027,0.06499999999999999
0.08935,0.022775000000000004,2.4499999999999993,0.30000000000000027,0.06499999999999999
0.08940000000000001,0.020250000000000004,2.3499999999999996,0.30000000000000027,0.06499999999999999
0.08945,0.022212500000000003,2.499999999999999,0.30000000000000027,0.06499999999999999
0.08950000000000001,0.019625000000000004,2.3500000000000005,0.30000000000000027,0.06499999999999999
0.08955,0.019262500000000002,2.3500000000000005,0.30000000000000027,0.06499999999999999
0.0896,0.021175000000000003,2.5,0.30000000000000027,0.06499999999999999
0.08965000000000001,0.018587500000000003,2.3,0.30000000000000027,0.06499999999999999
0.0897,0.020575000000000003,2.45,0.30000000000000027,0.06499999999999999
0.08975000000000001,0.017950000000000004,2.3,0.30000000000000027,0.06499999999999999
0.0898,0.017737500000000003,2.25,0.30000000000000027,0.06499999999999999
0.08985,0.019562500000000003,2.4000000000000004,0.30000000000000027,0.060000000000000005
0.08990000000000001,0.017087500000000002,2.25,0.30000000000000027,0.060000000000000005
0.08995,0.019000000000000003,2.3500000000000005,0.30000000000000027,0.060000000000000005
0.09000000000000001,0.016625000000000004,2.200000000000001,0.30000000000000027,0.060000000000000005
0.09005,0.016350000000000003,2.2,0.30000000000000027,0.060000000000000005
0.0901,0.018300000000000004,2.3000000000000003,0.30000000000000027,0.060000000000000005
0.09015000000000001,0.0159875,2.15,0.30000000000000027,0.060000000000000005
0.0902,0.018125000000000002,2.2500000000000004,0.30000000000000027,0.060000000000000005
0.09025000000000001,0.015775000000000004,2.1,0.30000000000000027,0.060000000000000005
0.0903,0.015725000000000003,2.1,0.30000000000000027,0.060000000000000005
0.09035,0.018025000000000003,2.1999999999999997,0.30000000000000027,0.060000000000000005
0.09040000000000001,0.015837500000000004,2.0500000000000003,0.30000000000000027,0.060000000000000005
0.09045,0.018187500000000002,2.1999999999999997,0.30000000000000027,0.060000000000000005
0.09050000000000001,0.016025000000000005,2.0499999999999994,0.30000000000000027,0.060000000000000005
0.09055,0.016150000000000005,2.05,0.30000000000000027,0.060000000000000005
0.0906,0.018500000000000003,2.1999999999999997,0.30000000000000027,0.060000000000000005
0.09065000000000001,0.016425000000000002,2.0000000000000004,0.30000000000000027,0.060000000000000005
0.0907,0.018750000000000003,2.15,0.30000000000000027,0.060000000000000005
0.09075000000000001,0.016675000000000002,2.0000000000000004,0.30000000000000027,0.060000000000000005
0.0908,0.016750000000000004,2.05,0.30000000000000027,0.060000000000000005
0.09085,0.018975000000000002,2.2,0.30000000000000027,0.060000000000000005
0.09090000000000001,0.016687500000000004,2.1,0.30000000000000027,0.060000000000000005
0.09095,0.018775000000000003,2.25,0.30000000000000027,0.060000000000000005
0.091,0.0164625,2.0999999999999996,0.30000000000000027,0.060000000000000005
0.09105,0.016300000000000002,2.0999999999999996,0.30000000000000027,0.060000000000000005
0.0911,0.017150000000000002,2.0999999999999996,0.30000000000000027,0.060000000000000005
0.09115000000000001,0.014812500000000003,1.95,0.19999999999999996,0.060000000000000005
0.0912,0.012725000000000002,1.75,0.19999999999999996,0.060000000000000005
0.09125,0.010300000000000002,1.6,0.19999999999999996,0.060000000000000005
0.0913,0.0079,1.4500000000000002,0.19999999999999996,0.060000000000000005
0.09135,0.0059250000000000014,1.25,0.1499999999999999,0.055
0.09140000000000001,0.004300000000000001,1.1,0.09999999999999987,0.055
0.09145,0.0027500000000000007,0.8500000000000003,0.09999999999999987,0.05
0.0915,0.0011875000000000002,0.7,0.09999999999999987,0.045000000000000005
0.09155,0.00035000000000000005,0.5,0.04999999999999982,0.03499999999999999
0.0916,0.0,0.25,0.0,0.025
0.09165000000000001,0.0,0.0,0.0,0.0
0.0917,0.0,0.0,0.0,0.0
0.09175,0.0,0.0,0.0,0.0
0.0918,0.0,0.0,0.0,0.0
0.09185,0.0,0.0,0.0,0.0
0.09190000000000001,0.0,0.0,0.0,0.0
0.09195,0.0,0.0,0.0,0.0
0.092,0.0,0.0,0.0,0.0
0.09205,0.0,0.0,0.0,0.0
0.0921,0.0,0.0,0.0,0.0
0.09215000000000001,0.0,0.0,0.0,0.0
0.0922,0.0,0.0,0.0,0.0
0.09225,0.0,0.0,0.0,0.0
0.09230000000000001,0.0,0.0,0.0,0.0
0.09235,0.0,0.0,0.0,0.0
0.09240000000000001,0.0,0.0,0.0,0.0
0.09245,0.0,0.0,0.0,0.0
0.0925,0.0,0.0,0.0,0.0
0.09255000000000001,0.0,0.0,0.0,0.0
0.0926,0.0,0.0,0.0,0.0
0.09265000000000001,0.0,0.0,0.0,0.0
0.0927,0.0,0.0,0.0,0.0
0.09275,0.00030000000000000003,0.1499999999999999,0.15000000000000036,0.005
0.09280000000000001,0.00030000000000000003,0.1499999999999999,0.15000000000000036,0.005
0.09285,0.0038875000000000008,0.5,0.2999999999999998,0.045000000000000005
0.09290000000000001,0.003662500000000001,0.4500000000000002,0.2999999999999998,0.045000000000000005
0.09295,0.005487500000000001,0.6000000000000001,0.2999999999999998,0.055
0.093,0.009850000000000001,0.9000000000000004,0.2999999999999998,0.06499999999999999
0.09305000000000001,0.009425000000000001,0.8500000000000003,0.2999999999999998,0.06499999999999999
0.0931,0.013787500000000003,1.1500000000000001,0.2999999999999998,0.06499999999999999
0.09315000000000001,0.013050000000000003,1.1500000000000001,0.2999999999999998,0.06499999999999999
0.0932,0.014550000000000002,1.3,0.2999999999999998,0.06999999999999998
0.09325,0.018537500000000002,1.5499999999999998,0.2999999999999998,0.06999999999999998
0.09330000000000001,0.017325000000000004,1.5499999999999998,0.2999999999999998,0.06999999999999998
0.09335,0.020900000000000005,1.8,0.2999999999999998,0.06999999999999998
0.09340000000000001,0.019387500000000002,1.8,0.2999999999999998,0.06999999999999998
0.09345,0.020062500000000004,1.95,0.2999999999999998,0.06499999999999999
0.0935,0.022787500000000006,2.2,0.2999999999999998,0.06499999999999999
0.09355000000000001,0.020612500000000002,2.1500000000000004,0.2999999999999998,0.06499999999999999
0.0936,0.022925000000000004,2.4000000000000004,0.2999999999999998,0.06499999999999999
0.09365000000000001,0.020487500000000002,2.35,0.2999999999999998,0.06499999999999999
0.0937,0.020200000000000003,2.4,0.2999999999999998,0.06499999999999999
0.09375,0.022112500000000004,2.55,0.2999999999999998,0.06499999999999999
0.09380000000000001,0.019450000000000002,2.4,0.2999999999999998,0.06499999999999999
0.09385,0.021412500000000004,2.4999999999999996,0.2999999999999998,0.06499999999999999
0.09390000000000001,0.018800000000000004,2.3499999999999996,0.2999999999999998,0.06499999999999999
0.09395,0.018525000000000003,2.35,0.2999999999999998,0.06499999999999999
0.094,0.020412500000000004,2.4499999999999997,0.2999999999999998,0.06499999999999999
0.09405000000000001,0.017812500000000002,2.3,0.2999999999999998,0.06499999999999999
0.0941,0.019750000000000004,2.4,0.2999999999999998,0.06499999999999999
0.09415,0.017237500000000003,2.2499999999999996,0.2999999999999998,0.060000000000000005
0.0942,0.016975000000000004,2.25,0.2999999999999998,0.060000000000000005
0.09425,0.018925000000000004,2.35,0.2999999999999998,0.060000000000000005
0.09430000000000001,0.016500000000000004,2.1999999999999997,0.2999999999999998,0.060000000000000005
0.09435,0.018475000000000002,2.3500000000000005,0.2999999999999998,0.060000000000000005
0.0944,0.016050000000000002,2.1500000000000004,0.2999999999999998,0.060000000000000005
0.09445,0.015925,2.1499999999999995,0.2999999999999998,0.060000000000000005
0.0945,0.018200000000000004,2.250000000000001,0.2999999999999998,0.060000000000000005
0.09455000000000001,0.015912500000000003,2.1000000000000005,0.2999999999999998,0.060000000000000005
0.0946,0.018100000000000005,2.250000000000001,0.2999999999999998,0.060000000000000005
0.09465,0.015825000000000002,2.1000000000000005,0.2999999999999998,0.060000000000000005
0.0947,0.015875000000000004,2.05,0.2999999999999998,0.060000000000000005
0.09475,0.018275000000000003,2.1999999999999993,0.2999999999999998,0.06499999999999999
0.09480000000000001,0.016162500000000003,2.05,0.2999999999999998,0.06499999999999999
0.09485,0.018512500000000005,2.1999999999999993,0.2999999999999998,0.06499999999999999
0.0949,0.016425000000000002,2.05,0.2999999999999998,0.060000000000000005
0.09495,0.016512500000000003,2.05,0.2999999999999998,0.060000000000000005
0.095,0.018950000000000005,2.2,0.2999999999999998,0.060000000000000005
0.09505000000000001,0.016762500000000003,2.0500000000000007,0.2999999999999998,0.060000000000000005
0.0951,0.019000000000000003,2.249999999999999,0.2999999999999998,0.060000000000000005
0.09515,0.016787500000000004,2.0999999999999996,0.2999999999999998,0.060000000000000005
0.0952,0.016725000000000004,2.1500000000000004,0.2999999999999998,0.060000000000000005
0.09525,0.018787500000000002,2.25,0.2999999999999998,0.060000000000000005
0.09530000000000001,0.016412500000000003,2.1000000000000005,0.2999999999999998,0.060000000000000005
0.09535,0.016725000000000004,2.1000000000000005,0.2999999999999998,0.060000000000000005
0.0954,0.014487500000000002,1.950000000000001,0.20000000000000018,0.060000000000000005
0.09545000000000001,0.012062500000000002,1.6999999999999993,0.20000000000000018,0.060000000000000005
0.0955,0.009662500000000001,1.5499999999999998,0.20000000000000018,0.060000000000000005
0.09555000000000001,0.0074125000000000016,1.3500000000000005,0.20000000000000018,0.060000000000000005
0.0956,0.005575000000000001,1.200000000000001,0.15000000000000036,0.055
0.09565,0.0039000000000000007,1.0500000000000007,0.10000000000000031,0.055
0.09570000000000001,0.0023250000000000002,0.8499999999999996,0.10000000000000031,0.05
0.09575,0.0009750000000000002,0.6999999999999993,0.10000000000000031,0.04
0.09580000000000001,0.00023750000000000005,0.4499999999999993,0.050000000000000044,0.03499999999999999
0.09585,0.0,0.20000000000000107,0.0,0.02
0.0959,0.0,0.0,0.0,0.0
0.09595000000000001,0.0,0.0,0.0,0.0
0.096,0.0,0.0,0.0,0.0
0.09605000000000001,0.0,0.0,0.0,0.0
0.0961,0.0,0.0,0.0,0.0
0.09615,0.0,0.0,0.0,0.0
0.09620000000000001,0.0,0.0,0.0,0.0
0.09625,0.0,0.0,0.0,0.0
0.09630000000000001,0.0,0.0,0.0,0.0
0.09635,0.0,0.0,0.0,0.0
0.0964,0.0,0.0,0.0,0.0
0.09645000000000001,0.0,0.0,0.0,0.0
0.0965,0.0,0.0,0.0,0.0
0.09655000000000001,0.0,0.0,0.0,0.0
0.0966,0.0,0.0,0.0,0.0
0.09665,0.0,0.0,0.0,0.0
0.09670000000000001,0.0,0.0,0.0,0.0
0.09675,0.0,0.0,0.0,0.0
0.09680000000000001,0.0,0.0,0.0,0.0
0.09685,0.0,0.0,0.0,0.0
0.0969,0.0,0.0,0.0,0.0
0.09695000000000001,0.0,0.0,0.0,0.0
0.097,0.0008500000000000002,0.25,0.20000000000000018,0.015000000000000001
0.09705000000000001,0.0007750000000000002,0.25,0.20000000000000018,0.015000000000000001
0.0971,0.0024000000000000002,0.40000000000000036,0.30000000000000004,0.03499999999999999
0.09715,0.006475000000000002,0.6500000000000021,0.30000000000000004,0.055
0.09720000000000001,0.006050000000000001,0.6500000000000021,0.30000000000000004,0.055
0.09725,0.010562500000000002,0.9500000000000011,0.30000000000000004,0.06499999999999999
0.09730000000000001,0.009962500000000003,0.9000000000000004,0.30000000000000004,0.06499999999999999
0.09735,0.011762500000000002,1.0499999999999998,0.30000000000000004,0.06499999999999999
0.0974,0.016037500000000003,1.3499999999999996,0.30000000000000004,0.06999999999999998
0.09745000000000001,0.015087500000000002,1.299999999999999,0.30000000000000004,0.06999999999999998
0.0975,0.019012500000000005,1.5999999999999988,0.30000000000000004,0.06999999999999998
0.09755,0.017800000000000003,1.5999999999999988,0.30000000000000004,0.06999999999999998
0.0976,0.018775000000000003,1.700000000000001,0.30000000000000004,0.06999999999999998
0.09765,0.022000000000000006,2.000000000000001,0.30000000000000004,0.06999999999999998
0.09770000000000001,0.020250000000000004,1.9500000000000002,0.30000000000000004,0.06499999999999999
0.09775,0.023012500000000005,2.25,0.30000000000000004,0.06499999999999999
0.0978,0.020762500000000003,2.200000000000001,0.30000000000000004,0.06499999999999999
0.09785,0.020637500000000003,2.3,0.30000000000000004,0.06499999999999999
0.0979,0.022812500000000003,2.500000000000001,0.30000000000000004,0.06499999999999999
0.09795000000000001,0.020175000000000005,2.4000000000000012,0.30000000000000004,0.06499999999999999
0.098,0.022100000000000005,2.549999999999999,0.30000000000000004,0.06499999999999999
0.09805,0.019450000000000002,2.4000000000000004,0.30000000000000004,0.06499999999999999
0.0981,0.019187500000000003,2.3499999999999996,0.30000000000000004,0.06499999999999999
0.09815,0.021050000000000003,2.499999999999999,0.30000000000000004,0.06499999999999999
0.09820000000000001,0.018475000000000002,2.3499999999999996,0.30000000000000004,0.06499999999999999
0.09825,0.020325000000000003,2.4499999999999993,0.30000000000000004,0.06499999999999999
0.0983,0.017750000000000002,2.3,0.30000000000000004,0.06499999999999999
0.09835,0.0174375,2.249999999999999,0.30000000000000004,0.06499999999999999
0.0984,0.019362500000000005,2.3999999999999995,0.30000000000000004,0.060000000000000005
0.09845000000000001,0.016862500000000002,2.249999999999999,0.30000000000000004,0.060000000000000005
0.0985,0.018837500000000004,2.3499999999999996,0.30000000000000004,0.060000000000000005
0.09855,0.018637500000000005,2.3499999999999996,0.30000000000000004,0.060000000000000005
0.09860000000000001,0.016287500000000003,2.1500000000000004,0.30000000000000004,0.060000000000000005
0.09865,0.018200000000000004,2.3000000000000003,0.30000000000000004,0.060000000000000005
0.09870000000000001,0.015937500000000004,2.15,0.30000000000000004,0.060000000000000005
0.09875,0.018200000000000004,2.2499999999999996,0.30000000000000004,0.060000000000000005
0.0988,0.018212500000000003,2.25,0.30000000000000004,0.060000000000000005
0.09885000000000001,0.015887500000000002,2.0999999999999996,0.30000000000000004,0.060000000000000005
0.0989,0.018062500000000002,2.2500000000000004,0.30000000000000004,0.060000000000000005
0.09895000000000001,0.015912500000000003,2.0500000000000003,0.30000000000000004,0.060000000000000005
0.099,0.015950000000000002,2.05,0.30000000000000004,0.060000000000000005
0.09905,0.0182875,2.1999999999999997,0.30000000000000004,0.060000000000000005
0.09910000000000001,0.016100000000000003,2.0500000000000003,0.30000000000000004,0.060000000000000005
0.09915,0.018412500000000002,2.1999999999999997,0.30000000000000004,0.060000000000000005
0.09920000000000001,0.016237500000000002,2.0500000000000003,0.30000000000000004,0.060000000000000005
0.09925,0.016375000000000004,2.05,0.30000000000000004,0.060000000000000005
0.0993,0.018612500000000004,2.2,0.30000000000000004,0.060000000000000005
0.09935000000000001,0.016425000000000002,2.0999999999999996,0.30000000000000004,0.060000000000000005
0.0994,0.018562500000000003,2.25,0.30000000000000004,0.060000000000000005
0.09945000000000001,0.016237500000000002,2.1,0.30000000000000004,0.060000000000000005
0.0995,0.016025000000000005,2.05,0.30000000000000004,0.060000000000000005
0.09955,0.016162500000000003,2.0500000000000003,0.30000000000000004,0.060000000000000005
0.09960000000000001,0.013950000000000002,1.8500000000000003,0.20000000000000018,0.060000000000000005
0.09965,0.011612500000000001,1.7,0.20000000000000018,0.060000000000000005
0.09970000000000001,0.009175,1.5,0.20000000000000018,0.060000000000000005
0.09975,0.007025000000000001,1.35,0.20000000000000018,0.060000000000000005
0.0998,0.005175000000000001,1.1999999999999997,0.1499999999999999,0.055
0.09985000000000001,0.0035625000000000006,0.95,0.09999999999999964,0.05
0.0999,0.0020750000000000005,0.8,0.09999999999999964,0.045000000000000005
0.09995000000000001,0.0007625000000000002,0.5999999999999999,0.09999999999999964,0.04
0.1,0.00013750000000000004,0.44999999999999996,0.04999999999999982,0.030000000000000002
0.10005,0.0,0.15000000000000013,0.0,0.015000000000000001
0.10010000000000001,0.0,0.0,0.0,0.0
0.10015,0.0,0.0,0.0,0.0
0.10020000000000001,0.0,0.0,0.0,0.0
0.10025,0.0,0.0,0.0,0.0
0.1003,0.0,0.0,0.0,0.0
0.10035000000000001,0.0,0.0,0.0,0.0
0.1004,0.0,0.0,0.0,0.0
0.10045000000000001,0.0,0.0,0.0,0.0
0.1005,0.0,0.0,0.0,0.0
0.10055,0.0,0.0,0.0,0.0
0.10060000000000001,0.0,0.0,0.0,0.0
0.10065,0.0,0.0,0.0,0.0
0.10070000000000001,0.0,0.0,0.0,0.0
0.10075,0.0,0.0,0.0,0.0
0.1008,0.0,0.0,0.0,0.0
0.10085000000000001,0.0,0.0,0.0,0.0
0.1009,0.0,0.0,0.0,0.0
0.10095,0.0,0.0,0.0,0.0
0.101,0.0,0.0,0.0,0.0
0.10105,0.0,0.0,0.0,0.0
0.10110000000000001,0.0,0.0,0.0,0.0
0.10115,0.0,0.0,0.0,0.0
0.1012,0.0,0.0,0.0,0.0
0.10125,0.0008625000000000002,0.25,0.19999999999999973,0.02
0.1013,0.004637500000000001,0.5,0.2999999999999998,0.05
0.10135000000000001,0.004300000000000001,0.5,0.2999999999999998,0.05
0.1014,0.008612500000000002,0.8000000000000003,0.2999999999999998,0.060000000000000005
0.10145,0.008225000000000001,0.7500000000000002,0.2999999999999998,0.060000000000000005
0.1015,0.010150000000000001,0.9000000000000001,0.2999999999999998,0.06499999999999999
0.10155,0.014400000000000003,1.2,0.2999999999999998,0.06999999999999998
0.10160000000000001,0.013600000000000003,1.15,0.2999999999999998,0.06999999999999998
0.10165,0.017762500000000004,1.4499999999999997,0.2999999999999998,0.06999999999999998
0.1017,0.019012500000000005,1.5999999999999996,0.2999999999999998,0.06999999999999998
0.10175000000000001,0.017862500000000003,1.5499999999999998,0.2999999999999998,0.06999999999999998
0.1018,0.021275000000000002,1.85,0.2999999999999998,0.06999999999999998
0.10185000000000001,0.019725000000000003,1.85,0.2999999999999998,0.06999999999999998
0.1019,0.022600000000000006,2.1000000000000005,0.2999999999999998,0.06499999999999999
0.10195,0.022937500000000003,2.2,0.2999999999999998,0.06499999999999999
0.10200000000000001,0.020800000000000003,2.2,0.2999999999999998,0.06499999999999999
0.10205,0.022937500000000003,2.45,0.2999999999999998,0.06499999999999999
0.10210000000000001,0.020450000000000003,2.35,0.2999999999999998,0.06499999999999999
0.10215,0.022400000000000003,2.55,0.2999999999999998,0.06499999999999999
0.1022,0.022112500000000004,2.5500000000000003,0.2999999999999998,0.06499999999999999
0.10225000000000001,0.019462500000000004,2.35,0.2999999999999998,0.06499999999999999
0.1023,0.021300000000000003,2.5,0.2999999999999998,0.06499999999999999
0.10235000000000001,0.018750000000000003,2.35,0.2999999999999998,0.06499999999999999
0.1024,0.018400000000000003,2.2999999999999994,0.2999999999999998,0.06499999999999999
0.10245,0.018075000000000004,2.3,0.2999999999999998,0.06499999999999999
0.10250000000000001,0.017800000000000003,2.2500000000000004,0.2999999999999998,0.06499999999999999
0.10255,0.017487500000000003,2.2499999999999996,0.2999999999999998,0.06499999999999999
0.10260000000000001,0.017237500000000003,2.25,0.2999999999999998,0.060000000000000005
0.10265,0.016887500000000003,2.1999999999999997,0.2999999999999998,0.060000000000000005
0.1027,0.016700000000000003,2.1999999999999997,0.2999999999999998,0.060000000000000005
0.10275000000000001,0.016500000000000004,2.1500000000000004,0.2999999999999998,0.060000000000000005
0.1028,0.016250000000000004,2.1500000000000004,0.2999999999999998,0.060000000000000005
0.10285000000000001,0.016125000000000004,2.1499999999999995,0.2999999999999998,0.060000000000000005
0.1029,0.016050000000000002,2.1000000000000005,0.2999999999999998,0.060000000000000005
0.10295,0.016062500000000004,2.1000000000000005,0.2999999999999998,0.060000000000000005
0.10300000000000001,0.015975000000000003,2.1000000000000005,0.2999999999999998,0.060000000000000005
0.10305,0.015950000000000002,2.1000000000000005,0.2999999999999998,0.060000000000000005
0.10310000000000001,0.015950000000000002,2.05,0.2999999999999998,0.060000000000000005
0.10315,0.016025000000000005,2.05,0.2999999999999998,0.060000000000000005
0.1032,0.016150000000000005,2.05,0.2999999999999998,0.060000000000000005
0.10325000000000001,0.016187500000000004,2.05,0.2999999999999998,0.060000000000000005
0.1033,0.016262500000000003,2.05,0.2999999999999998,0.060000000000000005
0.10335000000000001,0.016362500000000002,2.05,0.2999999999999998,0.060000000000000005
0.1034,0.016425000000000002,2.05,0.2999999999999998,0.060000000000000005
0.10345,0.016525,2.0500000000000007,0.2999999999999998,0.060000000000000005
0.10350000000000001,0.016550000000000002,2.0500000000000007,0.2999999999999998,0.060000000000000005
0.10355,0.016487500000000002,2.05,0.2999999999999998,0.060000000000000005
0.10360000000000001,0.016375000000000004,2.0999999999999996,0.2999999999999998,0.060000000000000005
0.10365,0.016187500000000004,2.0999999999999996,0.2999999999999998,0.060000000000000005
0.1037,0.015925,2.1000000000000005,0.2999999999999998,0.060000000000000005
0.10375000000000001,0.014387500000000003,1.8999999999999995,0.19999999999999973,0.060000000000000005
0.1038,0.012150000000000003,1.75,0.19999999999999973,0.060000000000000005
0.10385000000000001,0.009725000000000001,1.549999999999999,0.19999999999999973,0.060000000000000005
0.1039,0.007462500000000001,1.3999999999999995,0.19999999999999973,0.060000000000000005
0.10395,0.005587500000000001,1.1999999999999993,0.1499999999999999,0.055
0.10400000000000001,0.003975000000000001,1.0000000000000009,0.10000000000000009,0.055
0.10405,0.0023625000000000005,0.8500000000000005,0.10000000000000009,0.05
0.1041,0.0009750000000000002,0.6499999999999995,0.10000000000000009,0.04
0.10415,0.00022500000000000005,0.5,0.050000000000000266,0.03499999999999999
0.1042,0.0,0.1999999999999993,0.0,0.02
0.10425000000000001,0.0,0.0,0.0,0.0
0.1043,0.0,0.0,0.0,0.0
0.10435,0.0,0.0,0.0,0.0
0.1044,0.0,0.0,0.0,0.0
0.10445,0.0,0.0,0.0,0.0
0.10450000000000001,0.0,0.0,0.0,0.0
0.10455,0.0,0.0,0.0,0.0
0.1046,0.0,0.0,0.0,0.0
0.10465,0.0,0.0,0.0,0.0
0.1047,0.0,0.0,0.0,0.0
0.10475000000000001,0.0,0.0,0.0,0.0
0.1048,0.0,0.0,0.0,0.0
0.10485,0.0,0.0,0.0,0.0
0.10490000000000001,0.0,0.0,0.0,0.0
0.10495,0.0,0.0,0.0,0.0
0.10500000000000001,0.0,0.0,0.0,0.0
0.10505,0.0,0.0,0.0,0.0
0.1051,0.0,0.0,0.0,0.0
0.10515000000000001,0.0,0.0,0.0,0.0
0.1052,0.0,0.0,0.0,0.0
0.10525000000000001,0.0,0.0,0.0,0.0
0.1053,0.0,0.0,0.0,0.0
0.10535,0.0,0.0,0.0,0.0
0.10540000000000001,0.0006125000000000001,0.25,0.19999999999999973,0.015000000000000001
0.10545,0.0022375000000000003,0.34999999999999964,0.2999999999999998,0.03499999999999999
0.10550000000000001,0.004000000000000001,0.4999999999999982,0.2999999999999998,0.045000000000000005
0.10555,0.005900000000000001,0.6499999999999986,0.2999999999999998,0.055
0.1056,0.007912500000000001,0.75,0.2999999999999998,0.060000000000000005
0.10565000000000001,0.009750000000000002,0.9000000000000004,0.2999999999999998,0.06499999999999999
0.1057,0.011625000000000002,1.0500000000000007,0.2999999999999998,0.06499999999999999
0.10575000000000001,0.013362500000000003,1.1499999999999995,0.2999999999999998,0.06499999999999999
0.1058,0.014975000000000002,1.2999999999999998,0.2999999999999998,0.06999999999999998
0.10585,0.016387500000000003,1.4499999999999993,0.2999999999999998,0.06999999999999998
0.10590000000000001,0.017712500000000003,1.5500000000000007,0.2999999999999998,0.06999999999999998
0.10595,0.018737500000000004,1.7000000000000002,0.2999999999999998,0.06999999999999998
0.10600000000000001,0.019625000000000004,1.8500000000000005,0.2999999999999998,0.06999999999999998
0.10605,0.020237500000000002,1.9499999999999993,0.2999999999999998,0.06499999999999999
0.1061,0.020637500000000003,2.049999999999999,0.2999999999999998,0.06499999999999999
0.10615000000000001,0.020775000000000005,2.1999999999999993,0.2999999999999998,0.06499999999999999
0.1062,0.020725000000000004,2.3,0.2999999999999998,0.06499999999999999
0.10625000000000001,0.020562500000000004,2.3500000000000005,0.2999999999999998,0.06499999999999999
0.1063,0.020262500000000003,2.4000000000000012,0.2999999999999998,0.06499999999999999
0.10635,0.019900000000000004,2.4000000000000012,0.2999999999999998,0.06499999999999999
0.10640000000000001,0.019525000000000004,2.4000000000000004,0.2999999999999998,0.06499999999999999
0.10645,0.019275000000000004,2.4000000000000004,0.2999999999999998,0.06499999999999999
0.10650000000000001,0.018875000000000003,2.3500000000000005,0.2999999999999998,0.06499999999999999
0.10655,0.018550000000000004,2.3500000000000005,0.2999999999999998,0.06499999999999999
0.1066,0.018237500000000004,2.3000000000000007,0.2999999999999998,0.06499999999999999
0.10665000000000001,0.017825000000000004,2.3,0.2999999999999998,0.06499999999999999
0.1067,0.017512500000000004,2.3,0.2999999999999998,0.06499999999999999
0.10675000000000001,0.017237500000000003,2.25,0.2999999999999998,0.060000000000000005
0.1068,0.016987500000000003,2.250000000000001,0.2999999999999998,0.060000000000000005
0.10685,0.016687500000000004,2.1999999999999993,0.2999999999999998,0.060000000000000005
0.10690000000000001,0.016550000000000002,2.2,0.2999999999999998,0.060000000000000005
0.10695,0.016450000000000003,2.15,0.2999999999999998,0.060000000000000005
0.10700000000000001,0.016262500000000003,2.1500000000000004,0.2999999999999998,0.060000000000000005
0.10705,0.016125000000000004,2.15,0.2999999999999998,0.060000000000000005
0.1071,0.016025000000000005,2.15,0.2999999999999998,0.060000000000000005
0.10715000000000001,0.016050000000000002,2.0999999999999996,0.2999999999999998,0.060000000000000005
0.1072,0.016050000000000002,2.1,0.2999999999999998,0.060000000000000005
0.10725000000000001,0.016037500000000003,2.1,0.2999999999999998,0.060000000000000005
0.1073,0.016025000000000005,2.0999999999999996,0.2999999999999998,0.060000000000000005
0.10735,0.016100000000000003,2.1,0.2999999999999998,0.060000000000000005
0.10740000000000001,0.016162500000000003,2.05,0.2999999999999998,0.060000000000000005
0.10745,0.016212500000000005,2.0500000000000003,0.2999999999999998,0.060000000000000005
0.1075,0.016300000000000002,2.05,0.2999999999999998,0.060000000000000005
0.10755,0.016375000000000004,2.0500000000000003,0.2999999999999998,0.060000000000000005
0.1076,0.016487500000000002,2.0500000000000003,0.2999999999999998,0.060000000000000005
0.10765000000000001,0.016500000000000004,2.05,0.2999999999999998,0.060000000000000005
0.1077,0.016475000000000004,2.1,0.2999999999999998,0.060000000000000005
0.10775,0.016412500000000003,2.0500000000000003,0.2999999999999998,0.060000000000000005
0.1078,0.016075000000000002,2.05,0.2999999999999998,0.060000000000000005
0.10785,0.015250000000000003,2.0,0.25,0.060000000000000005
0.10790000000000001,0.013162500000000002,1.8,0.19999999999999973,0.060000000000000005
0.10795,0.010900000000000002,1.5999999999999996,0.19999999999999973,0.060000000000000005
0.108,0.008337500000000001,1.4499999999999997,0.19999999999999973,0.060000000000000005
0.10805000000000001,0.006362500000000001,1.2999999999999998,0.1499999999999999,0.055
0.1081,0.004575000000000001,1.1,0.10000000000000009,0.055
0.10815000000000001,0.0030125000000000004,0.9500000000000002,0.10000000000000009,0.05
0.1082,0.0015375000000000002,0.7500000000000002,0.10000000000000009,0.045000000000000005
0.10825,0.0004625000000000001,0.55,0.10000000000000009,0.03499999999999999
0.10830000000000001,0.0,0.3500000000000001,0.0,0.025
0.10835,0.0,0.0,0.0,0.0
0.10840000000000001,0.0,0.0,0.0,0.0
0.10845,0.0,0.0,0.0,0.0
0.1085,0.0,0.0,0.0,0.0
0.10855000000000001,0.0,0.0,0.0,0.0
0.1086,0.0,0.0,0.0,0.0
0.10865000000000001,0.0,0.0,0.0,0.0
0.1087,0.0,0.0,0.0,0.0
0.10875,0.0,0.0,0.0,0.0
0.10880000000000001,0.0,0.0,0.0,0.0
0.10885,0.0,0.0,0.0,0.0
0.10890000000000001,0.0,0.0,0.0,0.0
0.10895,0.0,0.0,0.0,0.0
0.109,0.0,0.0,0.0,0.0
0.10905000000000001,0.0,0.0,0.0,0.0
0.1091,0.0,0.0,0.0,0.0
0.10915000000000001,0.0,0.0,0.0,0.0
0.1092,0.0,0.0,0.0,0.0
0.10925,0.0,0.0,0.0,0.0
0.10930000000000001,0.0,0.0,0.0,0.0
0.10935,0.0,0.0,0.0,0.0
0.10940000000000001,0.0,0.0,0.0,0.0
0.10945,0.0,0.0,0.0,0.0
0.1095,0.0,0.0,0.0,0.0
0.10955000000000001,0.0015750000000000002,0.2999999999999998,0.25,0.025
0.1096,0.0031875000000000007,0.44999999999999996,0.30000000000000027,0.04
0.10965000000000001,0.005050000000000001,0.55,0.30000000000000027,0.05
0.1097,0.007012500000000001,0.7000000000000002,0.30000000000000027,0.060000000000000005
0.10975,0.008850000000000002,0.8500000000000001,0.30000000000000027,0.060000000000000005
0.10980000000000001,0.010737500000000002,1.0,0.30000000000000027,0.06499999999999999
0.10985,0.012450000000000003,1.1000000000000003,0.30000000000000027,0.06499999999999999
0.10990000000000001,0.014050000000000002,1.2500000000000002,0.30000000000000027,0.06499999999999999
0.10995,0.015575000000000002,1.4000000000000001,0.30000000000000027,0.06999999999999998
0.11,0.016900000000000002,1.5,0.30000000000000027,0.06999999999999998
0.11005000000000001,0.017962500000000003,1.65,0.30000000000000027,0.06999999999999998
0.1101,0.018912500000000002,1.7499999999999998,0.30000000000000027,0.06499999999999999
0.11015000000000001,0.019525000000000004,1.8999999999999997,0.30000000000000027,0.06499999999999999
0.1102,0.020025000000000005,2.0,0.30000000000000027,0.06499999999999999
0.11025,0.020250000000000004,2.15,0.30000000000000027,0.06499999999999999
0.11030000000000001,0.020137500000000003,2.25,0.30000000000000027,0.06499999999999999
0.11035,0.019987500000000005,2.3,0.30000000000000027,0.06499999999999999
0.11040000000000001,0.019737500000000005,2.35,0.30000000000000027,0.06499999999999999
0.11045,0.019387500000000002,2.3499999999999996,0.30000000000000027,0.06499999999999999
0.1105,0.019062500000000003,2.35,0.30000000000000027,0.06499999999999999
0.11055000000000001,0.018712500000000003,2.3499999999999996,0.30000000000000027,0.06499999999999999
0.1106,0.018337500000000003,2.35,0.30000000000000027,0.06499999999999999
0.11065000000000001,0.017962500000000003,2.3000000000000003,0.30000000000000027,0.06499999999999999
0.1107,0.017662500000000005,2.25,0.30000000000000027,0.06499999999999999
0.11075,0.017350000000000004,2.2,0.30000000000000027,0.060000000000000005
0.11080000000000001,0.017075000000000003,2.1999999999999997,0.30000000000000027,0.060000000000000005
0.11085,0.016787500000000004,2.2,0.30000000000000027,0.060000000000000005
0.1109,0.018612500000000004,2.3,0.30000000000000027,0.060000000000000005
0.11095000000000001,0.0163375,2.15,0.30000000000000027,0.060000000000000005
0.111,0.016087500000000005,2.1,0.30000000000000027,0.060000000000000005
0.11105000000000001,0.015925,2.1000000000000005,0.30000000000000027,0.060000000000000005
0.1111,0.0158,2.05,0.30000000000000027,0.060000000000000005
0.11115,0.017812500000000002,2.25,0.30000000000000027,0.060000000000000005
0.11120000000000001,0.015575000000000002,2.0999999999999996,0.30000000000000027,0.060000000000000005
0.11125,0.015525000000000002,2.1000000000000005,0.30000000000000027,0.060000000000000005
0.11130000000000001,0.015587500000000002,2.0999999999999996,0.30000000000000027,0.060000000000000005
0.11135,0.015625000000000003,2.05,0.30000000000000027,0.060000000000000005
0.1114,0.017887500000000004,2.1999999999999993,0.30000000000000027,0.060000000000000005
0.11145000000000001,0.015787500000000003,2.05,0.30000000000000027,0.060000000000000005
0.1115,0.0158625,2.05,0.30000000000000027,0.060000000000000005
0.11155000000000001,0.016050000000000002,2.05,0.30000000000000027,0.060000000000000005
0.1116,0.016137500000000003,2.05,0.30000000000000027,0.060000000000000005
0.11165,0.018462500000000003,2.1499999999999995,0.30000000000000027,0.060000000000000005
0.11170000000000001,0.016437500000000004,1.9999999999999991,0.30000000000000027,0.060000000000000005
0.11175,0.016500000000000004,2.05,0.30000000000000027,0.060000000000000005
0.11180000000000001,0.016550000000000002,2.0,0.30000000000000027,0.060000000000000005
0.11185,0.016412500000000003,2.05,0.30000000000000027,0.060000000000000005
0.1119,0.017025000000000002,2.0500000000000007,0.30000000000000027,0.060000000000000005
0.11195000000000001,0.014587500000000003,1.9500000000000002,0.20000000000000018,0.060000000000000005
0.112,0.012462500000000003,1.7999999999999998,0.20000000000000018,0.060000000000000005
0.11205000000000001,0.010025000000000003,1.5499999999999998,0.20000000000000018,0.060000000000000005
0.1121,0.007725000000000002,1.3999999999999995,0.20000000000000018,0.060000000000000005
0.11215,0.005787500000000001,1.200000000000001,0.1499999999999999,0.055
0.11220000000000001,0.004112500000000001,1.0500000000000007,0.09999999999999964,0.055
0.11225,0.0025750000000000005,0.8500000000000005,0.09999999999999964,0.05
0.11230000000000001,0.0010750000000000002,0.7000000000000002,0.09999999999999964,0.045000000000000005
0.11235,0.00026250000000000004,0.4499999999999993,0.04999999999999982,0.03499999999999999
0.1124,0.0,0.1999999999999993,0.0,0.02
0.11245000000000001,0.0,0.0,0.0,0.0
0.1125,0.0,0.0,0.0,0.0
0.11255000000000001,0.0,0.0,0.0,0.0
0.1126,0.0,0.0,0.0,0.0
0.11265,0.0,0.0,0.0,0.0
0.11270000000000001,0.0,0.0,0.0,0.0
0.11275,0.0,0.0,0.0,0.0
0.11280000000000001,0.0,0.0,0.0,0.0
0.11285,0.0,0.0,0.0,0.0
0.1129,0.0,0.0,0.0,0.0
0.11295000000000001,0.0,0.0,0.0,0.0
0.113,0.0,0.0,0.0,0.0
0.11305000000000001,0.0,0.0,0.0,0.0
0.1131,0.0,0.0,0.0,0.0
0.11315,0.0,0.0,0.0,0.0
0.11320000000000001,0.0,0.0,0.0,0.0
0.11325,0.0,0.0,0.0,0.0
0.11330000000000001,0.0,0.0,0.0,0.0
0.11335,0.0,0.0,0.0,0.0
0.1134,0.0,0.0,0.0,0.0
0.11345000000000001,0.0,0.0,0.0,0.0
0.1135,0.0,0.0,0.0,0.0
0.11355000000000001,0.0,0.0,0.0,0.0
0.1136,0.0005750000000000001,0.25,0.20000000000000018,0.01
0.11365,0.0021625000000000004,0.34999999999999964,0.2999999999999998,0.03499999999999999
0.11370000000000001,0.003912500000000001,0.5,0.2999999999999998,0.045000000000000005
0.11375,0.005800000000000001,0.6000000000000005,0.2999999999999998,0.055
0.11380000000000001,0.007700000000000001,0.7500000000000009,0.2999999999999998,0.060000000000000005
0.11385,0.009637500000000002,0.9000000000000012,0.2999999999999998,0.06499999999999999
0.1139,0.011512500000000002,1.0,0.2999999999999998,0.06499999999999999
0.11395000000000001,0.013175000000000003,1.1500000000000004,0.2999999999999998,0.06499999999999999
0.114,0.014737500000000002,1.2999999999999998,0.2999999999999998,0.06999999999999998
0.11405,0.018612500000000004,1.5499999999999998,0.2999999999999998,0.06999999999999998
0.11410000000000001,0.017337500000000002,1.5499999999999998,0.2999999999999998,0.06999999999999998
0.11415,0.018462500000000003,1.6999999999999993,0.2999999999999998,0.06999999999999998
0.11420000000000001,0.019325000000000002,1.8000000000000007,0.2999999999999998,0.06499999999999999
0.11425,0.019912500000000003,1.9500000000000002,0.2999999999999998,0.06499999999999999
0.1143,0.022537500000000005,2.1999999999999993,0.2999999999999998,0.06499999999999999
0.11435000000000001,0.020325000000000003,2.1500000000000004,0.2999999999999998,0.06499999999999999
0.1144,0.020262500000000003,2.25,0.2999999999999998,0.06499999999999999
0.11445000000000001,0.019925000000000005,2.3500000000000005,0.2999999999999998,0.06499999999999999
0.1145,0.019612500000000005,2.3500000000000005,0.2999999999999998,0.06499999999999999
0.11455,0.021537500000000005,2.5,0.2999999999999998,0.06499999999999999
0.11460000000000001,0.018925000000000004,2.3499999999999996,0.2999999999999998,0.06499999999999999
0.11465,0.018587500000000003,2.3499999999999996,0.2999999999999998,0.06499999999999999
0.11470000000000001,0.018150000000000003,2.3,0.2999999999999998,0.06499999999999999
0.11475,0.017812500000000002,2.3,0.2999999999999998,0.06499999999999999
0.1148,0.019650000000000004,2.4000000000000004,0.2999999999999998,0.060000000000000005
0.11485000000000001,0.017225000000000004,2.25,0.2999999999999998,0.060000000000000005
0.1149,0.016887500000000003,2.25,0.2999999999999998,0.060000000000000005
0.11495000000000001,0.016637500000000003,2.200000000000001,0.2999999999999998,0.060000000000000005
0.115,0.016425000000000002,2.2,0.2999999999999998,0.060000000000000005
0.11505,0.018312500000000002,2.3000000000000003,0.2999999999999998,0.060000000000000005
0.11510000000000001,0.016012500000000002,2.15,0.2999999999999998,0.060000000000000005
0.11515,0.015937500000000004,2.1000000000000005,0.2999999999999998,0.060000000000000005
0.11520000000000001,0.015725000000000003,2.1,0.2999999999999998,0.060000000000000005
0.11525,0.015587500000000002,2.1,0.2999999999999998,0.060000000000000005
0.1153,0.015625000000000003,2.1000000000000005,0.2999999999999998,0.060000000000000005
0.11535000000000001,0.015575000000000002,2.0500000000000003,0.2999999999999998,0.060000000000000005
0.1154,0.015562500000000003,2.05,0.2999999999999998,0.060000000000000005
0.11545000000000001,0.015637500000000002,2.0499999999999994,0.2999999999999998,0.060000000000000005
0.1155,0.015675,2.05,0.2999999999999998,0.060000000000000005
0.11555,0.015775000000000004,2.0499999999999994,0.2999999999999998,0.060000000000000005
0.11560000000000001,0.015925,2.0000000000000004,0.2999999999999998,0.060000000000000005
0.11565,0.016037500000000003,2.0,0.2999999999999998,0.060000000000000005
0.11570000000000001,0.016162500000000003,2.0000000000000004,0.2999999999999998,0.060000000000000005
0.11575,0.016287500000000003,2.0,0.2999999999999998,0.060000000000000005
0.1158,0.0164,1.9999999999999998,0.2999999999999998,0.060000000000000005
0.11585000000000001,0.016475000000000004,2.0500000000000003,0.2999999999999998,0.060000000000000005
0.1159,0.016437500000000004,2.0500000000000003,0.2999999999999998,0.060000000000000005
0.11595000000000001,0.016062500000000004,2.0999999999999996,0.2999999999999998,0.060000000000000005
0.116,0.014387500000000003,1.9,0.20000000000000018,0.060000000000000005
0.11605,0.012162500000000001,1.7,0.20000000000000018,0.060000000000000005
0.11610000000000001,0.009762500000000002,1.55,0.20000000000000018,0.060000000000000005
0.11615,0.007525000000000001,1.4000000000000001,0.20000000000000018,0.060000000000000005
0.11620000000000001,0.005587500000000001,1.2000000000000002,0.15000000000000036,0.055
0.11625,0.003912500000000001,1.0500000000000003,0.10000000000000053,0.055
0.1163,0.0023000000000000004,0.8499999999999999,0.10000000000000053,0.05
0.11635000000000001,0.0010125000000000002,0.6500000000000001,0.10000000000000053,0.04
0.1164,0.00025000000000000006,0.4500000000000002,0.050000000000000266,0.03499999999999999
0.11645000000000001,0.0,0.20000000000000018,0.0,0.02
0.1165,0.0,0.0,0.0,0.0
0.11655,0.0,0.0,0.0,0.0
0.11660000000000001,0.0,0.0,0.0,0.0
0.11665,0.0,0.0,0.0,0.0
0.11670000000000001,0.0,0.0,0.0,0.0
0.11675,0.0,0.0,0.0,0.0
0.1168,0.0,0.0,0.0,0.0
0.11685000000000001,0.0,0.0,0.0,0.0
0.1169,0.0,0.0,0.0,0.0
0.11695000000000001,0.0,0.0,0.0,0.0
0.117,0.0,0.0,0.0,0.0
0.11705,0.0,0.0,0.0,0.0
0.11710000000000001,0.0,0.0,0.0,0.0
0.11715,0.0,0.0,0.0,0.0
0.11720000000000001,0.0,0.0,0.0,0.0
0.11725000000000001,0.0,0.0,0.0,0.0
0.1173,0.0,0.0,0.0,0.0
0.11735000000000001,0.0,0.0,0.0,0.0
0.1174,0.0,0.0,0.0,0.0
0.11745,0.0,0.0,0.0,0.0
0.11750000000000001,0.0,0.0,0.0,0.0
0.11755,0.0,0.0,0.0,0.0
0.11760000000000001,0.0,0.0,0.0,0.0
0.11765,0.0008375000000000001,0.19999999999999996,0.20000000000000018,0.015000000000000001
0.1177,0.004400000000000001,0.55,0.30000000000000027,0.045000000000000005
0.11775000000000001,0.0041625,0.5,0.30000000000000027,0.045000000000000005
0.1178,0.006125000000000001,0.6499999999999999,0.30000000000000027,0.055
0.11785000000000001,0.007987500000000002,0.7999999999999998,0.30000000000000027,0.060000000000000005
0.1179,0.009950000000000002,0.8499999999999999,0.30000000000000027,0.06499999999999999
0.11795,0.014137500000000002,1.1500000000000001,0.30000000000000027,0.06499999999999999
0.11800000000000001,0.013387500000000002,1.1500000000000001,0.30000000000000027,0.06499999999999999
0.11805,0.014925000000000003,1.25,0.30000000000000027,0.06999999999999998
0.11810000000000001,0.016350000000000003,1.4,0.30000000000000027,0.06999999999999998
0.11815,0.017537500000000004,1.5499999999999998,0.30000000000000027,0.06999999999999998
0.1182,0.020875000000000005,1.7999999999999998,0.30000000000000027,0.06499999999999999
0.11825000000000001,0.019362500000000005,1.7999999999999998,0.30000000000000027,0.06499999999999999
0.1183,0.019900000000000004,1.9000000000000001,0.30000000000000027,0.06499999999999999
0.11835000000000001,0.020225000000000003,2.05,0.30000000000000027,0.06499999999999999
0.1184,0.020312500000000004,2.15,0.30000000000000027,0.06499999999999999
0.11845,0.022387500000000005,2.4000000000000004,0.30000000000000027,0.06499999999999999
0.11850000000000001,0.019962500000000005,2.3000000000000003,0.30000000000000027,0.06499999999999999
0.11855,0.019637500000000002,2.3499999999999996,0.30000000000000027,0.06499999999999999
0.11860000000000001,0.019237500000000005,2.35,0.30000000000000027,0.06499999999999999
0.11865,0.018887500000000005,2.2999999999999994,0.30000000000000027,0.06499999999999999
0.1187,0.018475000000000002,2.3,0.30000000000000027,0.06499999999999999
0.11875000000000001,0.018087500000000003,2.3000000000000003,0.30000000000000027,0.06499999999999999
0.1188,0.017737500000000003,2.2500000000000004,0.30000000000000027,0.06499999999999999
0.11885000000000001,0.017425000000000003,2.25,0.30000000000000027,0.060000000000000005
0.1189,0.017075000000000003,2.2,0.30000000000000027,0.060000000000000005
0.11895,0.016750000000000004,2.1999999999999997,0.30000000000000027,0.060000000000000005
0.11900000000000001,0.016512500000000003,2.15,0.30000000000000027,0.060000000000000005
0.11905,0.016312500000000004,2.1500000000000004,0.30000000000000027,0.060000000000000005
0.11910000000000001,0.016200000000000003,2.1,0.30000000000000027,0.060000000000000005
0.11915,0.015950000000000002,2.1000000000000005,0.30000000000000027,0.060000000000000005
0.1192,0.015837500000000004,2.0999999999999996,0.30000000000000027,0.060000000000000005
0.11925000000000001,0.015687500000000004,2.05,0.30000000000000027,0.060000000000000005
0.1193,0.015650000000000004,2.05,0.30000000000000027,0.060000000000000005
0.11935000000000001,0.015575000000000002,2.05,0.30000000000000027,0.060000000000000005
0.1194,0.015487500000000003,2.049999999999999,0.30000000000000027,0.060000000000000005
0.11945,0.015525000000000002,2.05,0.30000000000000027,0.060000000000000005
0.11950000000000001,0.015600000000000003,2.0,0.30000000000000027,0.060000000000000005
0.11955,0.015675,2.0,0.30000000000000027,0.060000000000000005
0.11960000000000001,0.015662500000000003,2.0,0.30000000000000027,0.060000000000000005
0.11965,0.015762500000000002,2.0,0.30000000000000027,0.060000000000000005
0.1197,0.015775000000000004,2.0,0.30000000000000027,0.060000000000000005
0.11975000000000001,0.015937500000000004,2.0,0.30000000000000027,0.060000000000000005
0.1198,0.015925,1.9999999999999991,0.30000000000000027,0.060000000000000005
0.11985000000000001,0.016012500000000002,2.0,0.30000000000000027,0.060000000000000005
0.1199,0.015975000000000003,2.0,0.30000000000000027,0.060000000000000005
0.11995,0.015750000000000004,2.0,0.30000000000000027,0.060000000000000005
0.12000000000000001,0.014275000000000003,1.9000000000000012,0.20000000000000018,0.060000000000000005
0.12005,0.012000000000000002,1.7000000000000002,0.20000000000000018,0.060000000000000005
0.12010000000000001,0.009625000000000002,1.5500000000000007,0.20000000000000018,0.060000000000000005
0.12015,0.007337500000000001,1.3499999999999988,0.20000000000000018,0.060000000000000005
0.1202,0.005437500000000001,1.1999999999999993,0.1499999999999999,0.055
0.12025000000000001,0.0038375000000000006,1.049999999999999,0.09999999999999964,0.055
0.1203,0.0022125000000000005,0.8499999999999996,0.09999999999999964,0.05
0.12035000000000001,0.0009250000000000001,0.6500000000000004,0.09999999999999964,0.04
0.12040000000000001,0.00020000000000000004,0.4499999999999993,0.04999999999999982,0.030000000000000002
0.12045,0.0,0.20000000000000107,0.0,0.015000000000000001
0.12050000000000001,0.0,0.0,0.0,0.0
0.12055,0.0,0.0,0.0,0.0
0.1206,0.0,0.0,0.0,0.0
0.12065000000000001,0.0,0.0,0.0,0.0
0.1207,0.0,0.0,0.0,0.0
0.12075000000000001,0.0,0.0,0.0,0.0
0.1208,0.0,0.0,0.0,0.0
0.12085,0.0,0.0,0.0,0.0
0.12090000000000001,0.0,0.0,0.0,0.0
0.12095,0.0,0.0,0.0,0.0
0.12100000000000001,0.0,0.0,0.0,0.0
0.12105,0.0,0.0,0.0,0.0
0.1211,0.0,0.0,0.0,0.0
0.12115000000000001,0.0,0.0,0.0,0.0
0.1212,0.0,0.0,0.0,0.0
0.12125000000000001,0.0,0.0,0.0,0.0
0.1213,0.0,0.0,0.0,0.0
0.12135,0.0,0.0,0.0,0.0
0.12140000000000001,0.0,0.0,0.0,0.0
0.12145,0.0,0.0,0.0,0.0
0.12150000000000001,0.0,0.0,0.0,0.0
0.12155,0.0,0.0,0.0,0.0
0.1216,0.0007125000000000001,0.1999999999999993,0.19999999999999973,0.015000000000000001
0.12165000000000001,0.0006875000000000002,0.1999999999999993,0.19999999999999973,0.015000000000000001
0.1217,0.0022500000000000003,0.3500000000000014,0.2999999999999998,0.03499999999999999
0.12175000000000001,0.0040125000000000004,0.4499999999999993,0.2999999999999998,0.045000000000000005
0.1218,0.005887500000000001,0.5999999999999996,0.2999999999999998,0.055
0.12185,0.010300000000000002,0.8999999999999986,0.2999999999999998,0.06499999999999999
0.12190000000000001,0.009750000000000002,0.8499999999999996,0.2999999999999998,0.06499999999999999
0.12195,0.011500000000000002,1.0,0.2999999999999998,0.06499999999999999
0.12200000000000001,0.013200000000000002,1.1500000000000004,0.2999999999999998,0.06499999999999999
0.12205,0.014737500000000002,1.2499999999999991,0.2999999999999998,0.06999999999999998
0.1221,0.016112500000000002,1.4000000000000004,0.2999999999999998,0.06999999999999998
0.12215000000000001,0.017350000000000004,1.5499999999999998,0.2999999999999998,0.06999999999999998
0.1222,0.018387500000000005,1.6500000000000012,0.2999999999999998,0.06499999999999999
0.12225000000000001,0.019262500000000002,1.8000000000000007,0.2999999999999998,0.06499999999999999
0.1223,0.019862500000000005,1.9000000000000004,0.2999999999999998,0.06499999999999999
0.12235,0.020162500000000003,2.05,0.2999999999999998,0.06499999999999999
0.12240000000000001,0.020250000000000004,2.1500000000000012,0.2999999999999998,0.06499999999999999
0.12245,0.020137500000000003,2.249999999999999,0.2999999999999998,0.06499999999999999
0.12250000000000001,0.019950000000000002,2.3000000000000007,0.2999999999999998,0.06499999999999999
0.12255,0.019575000000000002,2.3500000000000005,0.2999999999999998,0.06499999999999999
0.1226,0.019150000000000004,2.3499999999999996,0.2999999999999998,0.06499999999999999
0.12265000000000001,0.018812500000000003,2.3,0.2999999999999998,0.06499999999999999
0.1227,0.018400000000000003,2.3,0.2999999999999998,0.06499999999999999
0.12275000000000001,0.018000000000000002,2.3,0.2999999999999998,0.06499999999999999
0.1228,0.017625000000000002,2.25,0.2999999999999998,0.06499999999999999
0.12285,0.017350000000000004,2.249999999999999,0.2999999999999998,0.060000000000000005
0.12290000000000001,0.017025000000000002,2.2,0.2999999999999998,0.060000000000000005
0.12295,0.016787500000000004,2.1999999999999993,0.2999999999999998,0.060000000000000005
0.12300000000000001,0.016575000000000003,2.1500000000000004,0.2999999999999998,0.060000000000000005
0.12305,0.016362500000000002,2.1499999999999995,0.2999999999999998,0.060000000000000005
0.1231,0.016200000000000003,2.0999999999999996,0.2999999999999998,0.060000000000000005
0.12315000000000001,0.016062500000000004,2.0999999999999996,0.2999999999999998,0.060000000000000005
0.1232,0.0158625,2.1,0.2999999999999998,0.060000000000000005
0.12325000000000001,0.0157375,2.0999999999999996,0.2999999999999998,0.060000000000000005
0.1233,0.015650000000000004,2.0500000000000003,0.2999999999999998,0.060000000000000005
0.12335,0.015600000000000003,2.05,0.2999999999999998,0.060000000000000005
0.12340000000000001,0.015562500000000003,2.0500000000000003,0.2999999999999998,0.060000000000000005
0.12345,0.015525000000000002,2.0500000000000003,0.2999999999999998,0.060000000000000005
0.12350000000000001,0.017787500000000005,2.1999999999999997,0.2999999999999998,0.060000000000000005
0.12355000000000001,0.015637500000000002,1.9999999999999996,0.2999999999999998,0.060000000000000005
0.1236,0.015700000000000002,2.0000000000000004,0.2999999999999998,0.060000000000000005
0.12365000000000001,0.015762500000000002,2.0,0.2999999999999998,0.060000000000000005
0.1237,0.015787500000000003,2.0000000000000004,0.2999999999999998,0.060000000000000005
0.12375000000000001,0.018075000000000004,2.15,0.2999999999999998,0.060000000000000005
0.12380000000000001,0.015925,2.0,0.2999999999999998,0.060000000000000005
0.12385,0.0159875,2.0,0.2999999999999998,0.060000000000000005
0.12390000000000001,0.015850000000000003,2.0,0.2999999999999998,0.060000000000000005
0.12395,0.014875000000000003,1.9499999999999997,0.19999999999999973,0.060000000000000005
0.124,0.012812500000000003,1.7499999999999998,0.19999999999999973,0.060000000000000005
0.12405000000000001,0.010512500000000003,1.5999999999999999,0.19999999999999973,0.060000000000000005
0.1241,0.008062500000000002,1.4,0.19999999999999973,0.060000000000000005
0.12415000000000001,0.006050000000000001,1.25,0.1499999999999999,0.055
0.1242,0.004387500000000001,1.1,0.10000000000000009,0.055
0.12425,0.0028000000000000004,0.9000000000000004,0.10000000000000009,0.05
0.12430000000000001,0.0013000000000000002,0.75,0.10000000000000009,0.045000000000000005
0.12435,0.0004000000000000001,0.5000000000000002,0.050000000000000266,0.03499999999999999
0.12440000000000001,0.0,0.30000000000000027,0.0,0.025
0.12445,0.0,0.0,0.0,0.0
0.1245,0.0,0.0,0.0,0.0
0.12455000000000001,0.0,0.0,0.0,0.0
0.1246,0.0,0.0,0.0,0.0
0.12465000000000001,0.0,0.0,0.0,0.0
0.1247,0.0,0.0,0.0,0.0
0.12475,0.0,0.0,0.0,0.0
0.12480000000000001,0.0,0.0,0.0,0.0
0.12485,0.0,0.0,0.0,0.0
0.12490000000000001,0.0,0.0,0.0,0.0
0.12495,0.0,0.0,0.0,0.0
0.125,0.0,0.0,0.0,0.0
0.12505,0.0,0.0,0.0,0.0
0.12510000000000002,0.0,0.0,0.0,0.0
0.12515,0.0,0.0,0.0,0.0
0.1252,0.0,0.0,0.0,0.0
0.12525,0.0,0.0,0.0,0.0
0.1253,0.0,0.0,0.0,0.0
0.12535000000000002,0.0,0.0,0.0,0.0
0.1254,0.0,0.0,0.0,0.0
0.12545,0.0,0.0,0.0,0.0
0.1255,0.0,0.0,0.0,0.0
0.12555,2.5000000000000005e-05,0.04999999999999982,0.0,-0.0
0.12560000000000002,2.5000000000000005e-05,0.04999999999999982,0.0,-0.0
0.12565,0.0017250000000000004,0.34999999999999987,0.25,0.030000000000000002
0.1257,0.0034125000000000006,0.4500000000000002,0.2999999999999998,0.045000000000000005
0.12575,0.005225000000000001,0.6000000000000001,0.2999999999999998,0.05
0.1258,0.009600000000000001,0.8999999999999999,0.2999999999999998,0.060000000000000005
0.12585000000000002,0.009100000000000002,0.8500000000000001,0.2999999999999998,0.060000000000000005
0.1259,0.010900000000000002,1.0,0.2999999999999998,0.06499999999999999
0.12595,0.012662500000000002,1.15,0.2999999999999998,0.06499999999999999
0.126,0.014275000000000003,1.2499999999999998,0.2999999999999998,0.06499999999999999
0.12605,0.018200000000000004,1.55,0.2999999999999998,0.06999999999999998
0.12610000000000002,0.017062500000000005,1.55,0.2999999999999998,0.06999999999999998
0.12615,0.018150000000000003,1.65,0.2999999999999998,0.06999999999999998
0.1262,0.019050000000000004,1.75,0.2999999999999998,0.06499999999999999
0.12625,0.019712500000000004,1.8499999999999999,0.2999999999999998,0.06499999999999999
0.1263,0.022425000000000004,2.1500000000000004,0.2999999999999998,0.06499999999999999
0.12635000000000002,0.020237500000000002,2.1,0.2999999999999998,0.06499999999999999
0.1264,0.020137500000000003,2.2000000000000006,0.2999999999999998,0.06499999999999999
0.12645,0.020012500000000003,2.3,0.2999999999999998,0.06499999999999999
0.1265,0.019675000000000005,2.3000000000000003,0.2999999999999998,0.06499999999999999
0.12655,0.021487500000000003,2.5,0.2999999999999998,0.06499999999999999
0.12660000000000002,0.018962500000000004,2.3000000000000003,0.2999999999999998,0.06499999999999999
0.12665,0.018487500000000004,2.3000000000000003,0.2999999999999998,0.06499999999999999
0.1267,0.018175000000000004,2.3,0.2999999999999998,0.06499999999999999
0.12675,0.017775000000000003,2.2500000000000004,0.2999999999999998,0.06499999999999999
0.1268,0.019662500000000003,2.4,0.2999999999999998,0.06499999999999999
0.12685000000000002,0.017212500000000002,2.2,0.2999999999999998,0.060000000000000005
0.1269,0.016950000000000003,2.1999999999999997,0.2999999999999998,0.060000000000000005
0.12695,0.016675000000000002,2.15,0.2999999999999998,0.060000000000000005
0.127,0.0164625,2.1499999999999995,0.2999999999999998,0.060000000000000005
0.12705,0.018425000000000004,2.25,0.2999999999999998,0.060000000000000005
0.12710000000000002,0.016100000000000003,2.0999999999999996,0.2999999999999998,0.060000000000000005
0.12715,0.015925,2.0999999999999996,0.2999999999999998,0.060000000000000005
0.1272,0.015762500000000002,2.05,0.2999999999999998,0.060000000000000005
0.12725,0.015687500000000004,2.05,0.2999999999999998,0.060000000000000005
0.1273,0.017800000000000003,2.1999999999999993,0.2999999999999998,0.060000000000000005
0.12735000000000002,0.015587500000000002,2.05,0.2999999999999998,0.060000000000000005
0.1274,0.015550000000000003,2.0500000000000007,0.2999999999999998,0.060000000000000005
0.12745,0.015625000000000003,2.0,0.2999999999999998,0.060000000000000005
0.1275,0.015662500000000003,2.0,0.2999999999999998,0.060000000000000005
0.12755,0.017900000000000003,2.1500000000000004,0.2999999999999998,0.060000000000000005
0.12760000000000002,0.015775000000000004,2.0,0.2999999999999998,0.060000000000000005
0.12765,0.015837500000000004,1.9999999999999991,0.2999999999999998,0.060000000000000005
0.1277,0.015887500000000002,2.0,0.2999999999999998,0.060000000000000005
0.12775,0.015925,1.9999999999999982,0.2999999999999998,0.060000000000000005
0.1278,0.017987500000000003,2.1499999999999995,0.2999999999999998,0.060000000000000005
0.12785000000000002,0.015625000000000003,1.9999999999999991,0.2999999999999998,0.060000000000000005
0.1279,0.014050000000000002,1.8000000000000007,0.19999999999999973,0.060000000000000005
0.12795,0.011850000000000003,1.7000000000000002,0.19999999999999973,0.060000000000000005
0.128,0.009475000000000003,1.4999999999999991,0.19999999999999973,0.060000000000000005
0.12805,0.007212500000000001,1.3499999999999996,0.19999999999999973,0.060000000000000005
0.12810000000000002,0.005325000000000001,1.1999999999999993,0.1499999999999999,0.055
0.12815000000000001,0.0037125000000000005,1.0000000000000009,0.10000000000000009,0.05
0.1282,0.0021250000000000006,0.8500000000000005,0.10000000000000009,0.05
0.12825,0.0008375000000000001,0.6000000000000005,0.10000000000000009,0.04
0.1283,0.00015000000000000001,0.40000000000000124,0.04999999999999982,0.030000000000000002
0.12835000000000002,0.0,0.14999999999999858,0.0,0.015000000000000001
0.12840000000000001,0.0,0.0,0.0,0.0
0.12845,0.0,0.0,0.0,0.0
0.1285,0.0,0.0,0.0,0.0
0.12855,0.0,0.0,0.0,0.0
0.12860000000000002,0.0,0.0,0.0,0.0
0.12865000000000001,0.0,0.0,0.0,0.0
0.1287,0.0,0.0,0.0,0.0
0.12875,0.0,0.0,0.0,0.0
0.1288,0.0,0.0,0.0,0.0
0.12885,0.0,0.0,0.0,0.0
0.12890000000000001,0.0,0.0,0.0,0.0
0.12895,0.0,0.0,0.0,0.0
0.129,0.0,0.0,0.0,0.0
0.12905,0.0,0.0,0.0,0.0
0.1291,0.0,0.0,0.0,0.0
0.12915000000000001,0.0,0.0,0.0,0.0
0.1292,0.0,0.0,0.0,0.0
0.12925,0.0,0.0,0.0,0.0
0.1293,0.0,0.0,0.0,0.0
0.12935,0.0,0.0,0.0,0.0
0.12940000000000002,0.0,0.0,0.0,0.0
0.12945,0.0,0.0,0.0,0.0
0.1295,0.0,0.0,0.0,0.0
0.12955,0.0026500000000000004,0.40000000000000036,0.30000000000000027,0.03499999999999999
0.1296,0.004550000000000001,0.5,0.30000000000000027,0.05
0.12965000000000002,0.004237500000000001,0.5,0.30000000000000027,0.05
0.1297,0.006175000000000001,0.6499999999999995,0.30000000000000027,0.055
0.12975,0.008125000000000002,0.75,0.30000000000000027,0.060000000000000005
0.1298,0.012462500000000003,1.0500000000000007,0.30000000000000027,0.06499999999999999
0.12985,0.014287500000000003,1.2000000000000002,0.30000000000000027,0.06499999999999999
0.12990000000000002,0.013462500000000002,1.1499999999999995,0.30000000000000027,0.06499999999999999
0.12995,0.015000000000000003,1.3000000000000007,0.30000000000000027,0.06999999999999998
0.13,0.016375000000000004,1.4500000000000002,0.30000000000000027,0.06999999999999998
0.13005,0.020025000000000005,1.700000000000001,0.30000000000000027,0.06999999999999998
0.1301,0.020900000000000005,1.8500000000000014,0.30000000000000027,0.06499999999999999
0.13015000000000002,0.019450000000000002,1.799999999999999,0.30000000000000027,0.06499999999999999
0.1302,0.019962500000000005,1.9499999999999984,0.30000000000000027,0.06499999999999999
0.13025,0.020250000000000004,2.05,0.30000000000000027,0.06499999999999999
0.1303,0.022500000000000003,2.3000000000000007,0.30000000000000027,0.06499999999999999
0.13035,0.022387500000000005,2.4000000000000004,0.30000000000000027,0.06499999999999999
0.13040000000000002,0.019837500000000004,2.3500000000000005,0.30000000000000027,0.06499999999999999
0.13045,0.019487500000000005,2.3499999999999996,0.30000000000000027,0.06499999999999999
0.1305,0.019112500000000004,2.3499999999999996,0.30000000000000027,0.06499999999999999
0.13055,0.020975000000000004,2.5,0.30000000000000027,0.06499999999999999
0.1306,0.020575000000000003,2.4499999999999993,0.30000000000000027,0.06499999999999999
0.13065000000000002,0.017975000000000005,2.3,0.30000000000000027,0.06499999999999999
0.1307,0.017637500000000004,2.3,0.30000000000000027,0.06499999999999999
0.13075,0.017325000000000004,2.25,0.30000000000000027,0.060000000000000005
0.1308,0.019187500000000003,2.3499999999999996,0.30000000000000027,0.060000000000000005
0.13085,0.018900000000000004,2.3499999999999996,0.30000000000000027,0.060000000000000005
0.13090000000000002,0.016600000000000004,2.1499999999999995,0.30000000000000027,0.060000000000000005
0.13095,0.016362500000000002,2.1500000000000004,0.30000000000000027,0.060000000000000005
0.131,0.016237500000000002,2.1500000000000004,0.30000000000000027,0.060000000000000005
0.13105,0.018150000000000003,2.25,0.30000000000000027,0.060000000000000005
0.1311,0.018037500000000005,2.2499999999999996,0.30000000000000027,0.060000000000000005
0.13115000000000002,0.0158,2.1,0.30000000000000027,0.060000000000000005
0.1312,0.015675,2.0999999999999996,0.30000000000000027,0.060000000000000005
0.13125,0.015675,2.0500000000000003,0.30000000000000027,0.060000000000000005
0.1313,0.017862500000000003,2.2,0.30000000000000027,0.060000000000000005
0.13135,0.017837500000000003,2.1999999999999997,0.30000000000000027,0.060000000000000005
0.13140000000000002,0.015675,2.0499999999999994,0.30000000000000027,0.060000000000000005
0.13145,0.015675,2.0500000000000003,0.30000000000000027,0.060000000000000005
0.1315,0.015775000000000004,2.05,0.30000000000000027,0.060000000000000005
0.13155,0.017975000000000005,2.1500000000000004,0.30000000000000027,0.060000000000000005
0.1316,0.018037500000000005,2.15,0.30000000000000027,0.060000000000000005
0.13165000000000002,0.015900000000000004,2.0,0.30000000000000027,0.060000000000000005
0.1317,0.015925,2.0,0.30000000000000027,0.060000000000000005
0.13175,0.015387500000000004,1.9500000000000002,0.25,0.060000000000000005
0.1318,0.013637500000000002,1.75,0.20000000000000018,0.060000000000000005
0.13185,0.011412500000000003,1.65,0.20000000000000018,0.060000000000000005
0.13190000000000002,0.008912500000000002,1.45,0.20000000000000018,0.060000000000000005
0.13195,0.006875000000000001,1.3500000000000003,0.1499999999999999,0.060000000000000005
0.132,0.005050000000000001,1.15,0.1499999999999999,0.055
0.13205,0.0034125000000000006,0.9500000000000002,0.09999999999999964,0.05
0.1321,0.0018625000000000004,0.7500000000000002,0.09999999999999964,0.045000000000000005
0.13215000000000002,0.0007125000000000001,0.5999999999999999,0.09999999999999964,0.04
0.1322,8.750000000000001e-05,0.3999999999999999,0.04999999999999982,0.030000000000000002
0.13225,0.0,0.10000000000000009,0.0,0.01
0.1323,0.0,0.0,0.0,0.0
0.13235,0.0,0.0,0.0,0.0
0.13240000000000002,0.0,0.0,0.0,0.0
0.13245,0.0,0.0,0.0,0.0
0.1325,0.0,0.0,0.0,0.0
0.13255,0.0,0.0,0.0,0.0
0.1326,0.0,0.0,0.0,0.0
0.13265000000000002,0.0,0.0,0.0,0.0
0.1327,0.0,0.0,0.0,0.0
0.13275,0.0,0.0,0.0,0.0
0.1328,0.0,0.0,0.0,0.0
0.13285,0.0,0.0,0.0,0.0
0.13290000000000002,0.0,0.0,0.0,0.0
0.13295,0.0,0.0,0.0,0.0
0.133,0.0,0.0,0.0,0.0
0.13305,0.0,0.0,0.0,0.0
0.1331,0.0,0.0,0.0,0.0
0.13315000000000002,0.0,0.0,0.0,0.0
0.1332,0.0,0.0,0.0,0.0
0.13325,0.0,0.0,0.0,0.0
0.1333,0.0,0.0,0.0,0.0
0.13335,0.0,0.0,0.0,0.0
0.13340000000000002,0.0,0.0,0.0,0.0
0.13345,0.0012500000000000002,0.30000000000000004,0.25,0.02
0.1335,0.0028250000000000007,0.40000000000000013,0.2999999999999998,0.04
0.13355,0.0046500000000000005,0.55,0.2999999999999998,0.05
0.1336,0.009025000000000002,0.8000000000000003,0.2999999999999998,0.060000000000000005
0.13365000000000002,0.008550000000000002,0.8000000000000003,0.2999999999999998,0.060000000000000005
0.1337,0.010412500000000002,0.9500000000000002,0.2999999999999998,0.06499999999999999
0.13375,0.012250000000000002,1.05,0.2999999999999998,0.06499999999999999
0.1338,0.013875000000000002,1.2,0.2999999999999998,0.06499999999999999
0.13385,0.017762500000000004,1.4999999999999998,0.2999999999999998,0.06999999999999998
0.13390000000000002,0.016725000000000004,1.4499999999999997,0.2999999999999998,0.06999999999999998
0.13395,0.017800000000000003,1.5999999999999996,0.2999999999999998,0.06999999999999998
0.134,0.018850000000000002,1.75,0.2999999999999998,0.06499999999999999
0.13405,0.019575000000000002,1.85,0.2999999999999998,0.06499999999999999
0.1341,0.022400000000000003,2.15,0.2999999999999998,0.06499999999999999
0.13415000000000002,0.020262500000000003,2.0999999999999996,0.2999999999999998,0.06499999999999999
0.1342,0.020300000000000002,2.2,0.2999999999999998,0.06499999999999999
0.13425,0.020062500000000004,2.2999999999999994,0.2999999999999998,0.06499999999999999
0.1343,0.019812500000000004,2.35,0.2999999999999998,0.06499999999999999
0.13435,0.021675000000000003,2.5,0.2999999999999998,0.06499999999999999
0.13440000000000002,0.021262500000000004,2.5000000000000004,0.2999999999999998,0.06499999999999999
0.13445000000000001,0.018662500000000002,2.35,0.2999999999999998,0.06499999999999999
0.1345,0.018312500000000002,2.3500000000000005,0.2999999999999998,0.06499999999999999
0.13455,0.017900000000000003,2.3000000000000003,0.2999999999999998,0.06499999999999999
0.1346,0.019687500000000004,2.4499999999999997,0.2999999999999998,0.06499999999999999
0.13465000000000002,0.019450000000000002,2.4000000000000004,0.2999999999999998,0.060000000000000005
0.13470000000000001,0.017050000000000003,2.2,0.2999999999999998,0.060000000000000005
0.13475,0.016850000000000004,2.2000000000000006,0.2999999999999998,0.060000000000000005
0.1348,0.016575000000000003,2.15,0.2999999999999998,0.060000000000000005
0.13485,0.018512500000000005,2.3,0.2999999999999998,0.060000000000000005
0.13490000000000002,0.018325000000000004,2.3,0.2999999999999998,0.060000000000000005
0.13495000000000001,0.016112500000000002,2.1000000000000005,0.2999999999999998,0.060000000000000005
0.135,0.015925,2.0999999999999996,0.2999999999999998,0.060000000000000005
0.13505,0.015850000000000003,2.1000000000000005,0.2999999999999998,0.060000000000000005
0.1351,0.017962500000000003,2.25,0.2999999999999998,0.060000000000000005
0.13515000000000002,0.017912500000000005,2.25,0.2999999999999998,0.060000000000000005
0.13520000000000001,0.015675,2.05,0.2999999999999998,0.060000000000000005
0.13525,0.015712500000000004,2.05,0.2999999999999998,0.060000000000000005
0.1353,0.0157375,2.05,0.2999999999999998,0.060000000000000005
0.13535,0.017987500000000003,2.2,0.2999999999999998,0.060000000000000005
0.13540000000000002,0.018037500000000005,2.2,0.2999999999999998,0.060000000000000005
0.13545000000000001,0.015887500000000002,2.0500000000000007,0.2999999999999998,0.060000000000000005
0.1355,0.015875000000000004,2.05,0.2999999999999998,0.060000000000000005
0.13555,0.015850000000000003,2.0,0.2999999999999998,0.060000000000000005
0.1356,0.0158625,1.9499999999999993,0.25,0.060000000000000005
0.13565,0.013712500000000002,1.75,0.20000000000000018,0.060000000000000005
0.13570000000000002,0.011512500000000002,1.6000000000000005,0.20000000000000018,0.060000000000000005
0.13575,0.009125000000000001,1.4500000000000002,0.20000000000000018,0.060000000000000005
0.1358,0.006975000000000001,1.3500000000000005,0.20000000000000018,0.060000000000000005
0.13585,0.0050750000000000005,1.1500000000000012,0.15000000000000036,0.055
0.1359,0.0034625000000000007,1.0000000000000009,0.10000000000000053,0.05
0.13595000000000002,0.0019500000000000003,0.7999999999999989,0.10000000000000053,0.045000000000000005
0.136,0.0007625000000000002,0.5999999999999979,0.10000000000000053,0.04
0.13605,0.00012500000000000003,0.39999999999999947,0.050000000000000266,0.030000000000000002
0.1361,0.0,0.15000000000000036,0.0,0.01
0.13615,0.0,0.0,0.0,0.0
0.13620000000000002,0.0,0.0,0.0,0.0
0.13625,0.0,0.0,0.0,0.0
0.1363,0.0,0.0,0.0,0.0
0.13635,0.0,0.0,0.0,0.0
0.1364,0.0,0.0,0.0,0.0
0.13645000000000002,0.0,0.0,0.0,0.0
0.1365,0.0,0.0,0.0,0.0
0.13655,0.0,0.0,0.0,0.0
0.1366,0.0,0.0,0.0,0.0
0.13665,0.0,0.0,0.0,0.0
0.13670000000000002,0.0,0.0,0.0,0.0
0.13675,0.0,0.0,0.0,0.0
0.1368,0.0,0.0,0.0,0.0
0.13685,0.0,0.0,0.0,0.0
0.1369,0.0,0.0,0.0,0.0
0.13695000000000002,0.0,0.0,0.0,0.0
0.137,0.0,0.0,0.0,0.0
0.13705,0.0,0.0,0.0,0.0
0.1371,0.0,0.0,0.0,0.0
0.13715,0.0,0.0,0.0,0.0
0.13720000000000002,0.0,0.0,0.0,0.0
0.13725,0.0,0.0,0.0,0.0
0.1373,0.0012500000000000002,0.25,0.25000000000000044,0.02
0.13735,0.004962500000000001,0.5499999999999998,0.30000000000000027,0.05
0.1374,0.007025000000000001,0.6500000000000004,0.30000000000000027,0.055
0.13745000000000002,0.006675000000000001,0.6500000000000004,0.30000000000000027,0.055
0.1375,0.008525000000000001,0.8000000000000007,0.30000000000000027,0.060000000000000005
0.13755,0.010425000000000002,0.9500000000000011,0.30000000000000027,0.06499999999999999
0.1376,0.014725000000000002,1.1999999999999993,0.30000000000000027,0.06499999999999999
0.13765,0.016275,1.3499999999999988,0.30000000000000027,0.06999999999999998
0.13770000000000002,0.015337500000000002,1.3499999999999988,0.30000000000000027,0.06999999999999998
0.13775,0.016737500000000002,1.4500000000000002,0.30000000000000027,0.06999999999999998
0.1378,0.017837500000000003,1.5999999999999996,0.30000000000000027,0.06999999999999998
0.13785,0.021162500000000004,1.8999999999999995,0.30000000000000027,0.06499999999999999
0.1379,0.021875000000000006,2.000000000000001,0.30000000000000027,0.06499999999999999
0.13795000000000002,0.020162500000000003,2.000000000000001,0.30000000000000027,0.06499999999999999
0.138,0.020312500000000004,2.1000000000000005,0.30000000000000027,0.06499999999999999
0.13805,0.020350000000000004,2.2,0.30000000000000027,0.06499999999999999
0.1381,0.022337500000000003,2.45,0.30000000000000027,0.06499999999999999
0.13815,0.022037500000000005,2.5,0.30000000000000027,0.06499999999999999
0.13820000000000002,0.019387500000000002,2.3499999999999996,0.30000000000000027,0.06499999999999999
0.13825,0.019037500000000002,2.3499999999999996,0.30000000000000027,0.06499999999999999
0.1383,0.018650000000000003,2.3499999999999996,0.30000000000000027,0.06499999999999999
0.13835,0.020450000000000003,2.45,0.30000000000000027,0.06499999999999999
0.1384,0.020087500000000005,2.45,0.30000000000000027,0.06499999999999999
0.13845000000000002,0.017550000000000003,2.25,0.30000000000000027,0.06499999999999999
0.1385,0.017325000000000004,2.249999999999999,0.30000000000000027,0.06499999999999999
0.13855,0.017075000000000003,2.2,0.30000000000000027,0.060000000000000005
0.1386,0.016825000000000003,2.1999999999999993,0.30000000000000027,0.060000000000000005
0.13865,0.018737500000000004,2.3000000000000007,0.30000000000000027,0.060000000000000005
0.13870000000000002,0.016450000000000003,2.1500000000000004,0.30000000000000027,0.060000000000000005
0.13875,0.016225000000000003,2.15,0.30000000000000027,0.060000000000000005
0.1388,0.016112500000000002,2.0999999999999996,0.30000000000000027,0.060000000000000005
0.13885,0.015975000000000003,2.1,0.30000000000000027,0.060000000000000005
0.1389,0.018025000000000003,2.2499999999999996,0.30000000000000027,0.060000000000000005
0.13895000000000002,0.015787500000000003,2.1,0.30000000000000027,0.060000000000000005
0.139,0.015725000000000003,2.1,0.30000000000000027,0.060000000000000005
0.13905,0.015675,2.05,0.30000000000000027,0.060000000000000005
0.1391,0.015637500000000002,2.0499999999999994,0.30000000000000027,0.060000000000000005
0.13915,0.017862500000000003,2.2,0.30000000000000027,0.060000000000000005
0.13920000000000002,0.015700000000000002,2.05,0.30000000000000027,0.060000000000000005
0.13925,0.015712500000000004,2.0500000000000003,0.30000000000000027,0.060000000000000005
0.1393,0.015612500000000003,2.05,0.30000000000000027,0.060000000000000005
0.13935,0.015600000000000003,2.0,0.30000000000000027,0.060000000000000005
0.1394,0.015887500000000002,2.0,0.30000000000000027,0.060000000000000005
0.13945000000000002,0.013712500000000002,1.8000000000000003,0.20000000000000018,0.060000000000000005
0.1395,0.011625000000000002,1.5999999999999999,0.20000000000000018,0.060000000000000005
0.13955,0.009212500000000002,1.4999999999999998,0.20000000000000018,0.060000000000000005
0.1396,0.007187500000000001,1.3499999999999999,0.20000000000000018,0.060000000000000005
0.13965,0.005237500000000001,1.15,0.1499999999999999,0.055
0.13970000000000002,0.0036250000000000006,1.0,0.09999999999999964,0.05
0.13975,0.0021000000000000003,0.8000000000000003,0.09999999999999964,0.045000000000000005
0.1398,0.0008625000000000002,0.6500000000000004,0.09999999999999964,0.04
0.13985,0.00016250000000000002,0.40000000000000013,0.04999999999999982,0.030000000000000002
0.1399,0.0,0.1499999999999999,0.0,0.015000000000000001
0.13995000000000002,0.0,0.0,0.0,0.0
0.14,0.0,0.0,0.0,0.0
0.14005,0.0,0.0,0.0,0.0
0.1401,0.0,0.0,0.0,0.0
0.14015,0.0,0.0,0.0,0.0
0.14020000000000002,0.0,0.0,0.0,0.0
0.14025,0.0,0.0,0.0,0.0
0.1403,0.0,0.0,0.0,0.0
0.14035,0.0,0.0,0.0,0.0
0.1404,0.0,0.0,0.0,0.0
0.14045000000000002,0.0,0.0,0.0,0.0
0.1405,0.0,0.0,0.0,0.0
0.14055,0.0,0.0,0.0,0.0
0.1406,0.0,0.0,0.0,0.0
0.14065,0.0,0.0,0.0,0.0
0.14070000000000002,0.0,0.0,0.0,0.0
0.14075000000000001,0.0,0.0,0.0,0.0
0.1408,0.0,0.0,0.0,0.0
0.14085,0.0,0.0,0.0,0.0
0.1409,0.0,0.0,0.0,0.0
0.14095000000000002,0.0,0.0,0.0,0.0
0.14100000000000001,0.0,0.0,0.0,0.0
0.14105,0.0,0.0,0.0,0.0
0.1411,0.0008375000000000001,0.19999999999999996,0.19999999999999973,0.015000000000000001
0.14115,0.004425000000000001,0.4999999999999998,0.2999999999999998,0.045000000000000005
0.14120000000000002,0.006437500000000001,0.5999999999999996,0.2999999999999998,0.055
0.14125000000000001,0.006125000000000001,0.5999999999999996,0.2999999999999998,0.055
0.1413,0.008000000000000002,0.75,0.2999999999999998,0.060000000000000005
0.14135,0.009975000000000001,0.8500000000000001,0.2999999999999998,0.06499999999999999
0.1414,0.014175000000000002,1.1500000000000004,0.2999999999999998,0.06499999999999999
0.14145000000000002,0.015900000000000004,1.3000000000000003,0.2999999999999998,0.06999999999999998
0.14150000000000001,0.014937500000000003,1.3000000000000003,0.2999999999999998,0.06999999999999998
0.14155,0.016350000000000003,1.4000000000000001,0.2999999999999998,0.06999999999999998
0.1416,0.017462500000000002,1.55,0.2999999999999998,0.06999999999999998
0.14165,0.020862500000000003,1.7999999999999998,0.2999999999999998,0.06499999999999999
0.14170000000000002,0.021637500000000004,1.9500000000000002,0.2999999999999998,0.06499999999999999
0.14175000000000001,0.019900000000000004,1.9,0.2999999999999998,0.06499999999999999
0.1418,0.020162500000000003,2.0500000000000003,0.2999999999999998,0.06499999999999999
0.14185,0.020212500000000005,2.15,0.2999999999999998,0.06499999999999999
0.1419,0.022400000000000003,2.4,0.2999999999999998,0.06499999999999999
0.14195000000000002,0.022150000000000003,2.45,0.2999999999999998,0.06499999999999999
0.14200000000000002,0.019462500000000004,2.35,0.2999999999999998,0.06499999999999999
0.14205,0.019062500000000003,2.3500000000000005,0.2999999999999998,0.06499999999999999
0.1421,0.018712500000000003,2.3,0.2999999999999998,0.06499999999999999
0.14215,0.020512500000000003,2.4499999999999997,0.2999999999999998,0.06499999999999999
0.1422,0.020150000000000005,2.4,0.2999999999999998,0.06499999999999999
0.14225000000000002,0.017687500000000002,2.25,0.2999999999999998,0.06499999999999999
0.1423,0.017400000000000002,2.1999999999999997,0.2999999999999998,0.06499999999999999
0.14235,0.017162500000000004,2.1999999999999997,0.2999999999999998,0.060000000000000005
0.1424,0.019062500000000003,2.3,0.2999999999999998,0.060000000000000005
0.14245,0.018900000000000004,2.3000000000000003,0.2999999999999998,0.060000000000000005
0.14250000000000002,0.016525,2.1500000000000004,0.2999999999999998,0.060000000000000005
0.14255,0.016375000000000004,2.0999999999999996,0.2999999999999998,0.060000000000000005
0.1426,0.016200000000000003,2.0999999999999996,0.2999999999999998,0.060000000000000005
0.14265,0.018112500000000004,2.25,0.2999999999999998,0.060000000000000005
0.1427,0.018037500000000005,2.249999999999999,0.2999999999999998,0.060000000000000005
0.14275000000000002,0.015787500000000003,2.05,0.2999999999999998,0.060000000000000005
0.1428,0.0158,2.0500000000000007,0.2999999999999998,0.060000000000000005
0.14285,0.015700000000000002,2.05,0.2999999999999998,0.060000000000000005
0.1429,0.017912500000000005,2.200000000000001,0.2999999999999998,0.060000000000000005
0.14295,0.017787500000000005,2.2,0.2999999999999998,0.060000000000000005
0.14300000000000002,0.015575000000000002,2.0,0.2999999999999998,0.060000000000000005
0.14305,0.015612500000000003,1.9999999999999991,0.2999999999999998,0.060000000000000005
0.1431,0.015625000000000003,2.0,0.2999999999999998,0.060000000000000005
0.14315,0.016737500000000002,2.0500000000000007,0.2999999999999998,0.060000000000000005
0.1432,0.014837500000000003,1.9000000000000012,0.19999999999999973,0.060000000000000005
0.14325000000000002,0.012712500000000002,1.6999999999999984,0.19999999999999973,0.060000000000000005
0.1433,0.010462500000000001,1.549999999999999,0.19999999999999973,0.060000000000000005
0.14335,0.008112500000000002,1.3999999999999986,0.19999999999999973,0.060000000000000005
0.1434,0.006037500000000001,1.2000000000000002,0.1499999999999999,0.055
0.14345,0.004450000000000001,1.0499999999999998,0.1499999999999999,0.055
0.14350000000000002,0.0029000000000000007,0.9000000000000004,0.10000000000000009,0.05
0.14355,0.0013500000000000003,0.7500000000000009,0.10000000000000009,0.045000000000000005
0.1436,0.00041250000000000005,0.5,0.050000000000000266,0.03499999999999999
0.14365,0.0,0.3000000000000007,0.0,0.025
0.1437,0.0,0.0,0.0,0.0
0.14375000000000002,0.0,0.0,0.0,0.0
0.1438,0.0,0.0,0.0,0.0
0.14385,0.0,0.0,0.0,0.0
0.1439,0.0,0.0,0.0,0.0
0.14395,0.0,0.0,0.0,0.0
0.14400000000000002,0.0,0.0,0.0,0.0
0.14405,0.0,0.0,0.0,0.0
0.1441,0.0,0.0,0.0,0.0
0.14415,0.0,0.0,0.0,0.0
0.1442,0.0,0.0,0.0,0.0
0.14425000000000002,0.0,0.0,0.0,0.0
0.1443,0.0,0.0,0.0,0.0
0.14435,0.0,0.0,0.0,0.0
0.1444,0.0,0.0,0.0,0.0
0.14445,0.0,0.0,0.0,0.0
0.14450000000000002,0.0,0.0,0.0,0.0
0.14455,0.0,0.0,0.0,0.0
0.1446,0.0,0.0,0.0,0.0
0.14465,0.0,0.0,0.0,0.0
0.1447,0.0,0.0,0.0,0.0
0.14475000000000002,0.0,0.0,0.0,0.0
0.1448,0.0,0.0,0.0,0.0
0.14485,0.0,0.0,0.0,0.0
0.1449,0.0036000000000000008,0.4499999999999984,0.2999999999999998,0.045000000000000005
0.14495,0.005550000000000001,0.5499999999999989,0.2999999999999998,0.05
0.14500000000000002,0.005262500000000001,0.5499999999999989,0.2999999999999998,0.05
0.14505,0.007125000000000001,0.6999999999999993,0.2999999999999998,0.060000000000000005
0.1451,0.009075000000000001,0.8000000000000007,0.2999999999999998,0.060000000000000005
0.14515,0.010925000000000002,0.9500000000000002,0.2999999999999998,0.06499999999999999
0.1452,0.015100000000000002,1.2500000000000009,0.2999999999999998,0.06999999999999998
0.14525000000000002,0.014212500000000003,1.2500000000000009,0.2999999999999998,0.06999999999999998
0.1453,0.015750000000000004,1.3500000000000005,0.2999999999999998,0.06999999999999998
0.14535,0.016950000000000003,1.5,0.2999999999999998,0.06999999999999998
0.1454,0.018137500000000004,1.6500000000000004,0.2999999999999998,0.06999999999999998
0.14545,0.021300000000000003,1.9000000000000004,0.2999999999999998,0.06499999999999999
0.14550000000000002,0.019687500000000004,1.9000000000000004,0.2999999999999998,0.06499999999999999
0.14555,0.020037500000000003,2.000000000000001,0.2999999999999998,0.06499999999999999
0.1456,0.020250000000000004,2.0999999999999996,0.2999999999999998,0.06499999999999999
0.14565,0.020275000000000005,2.2,0.2999999999999998,0.06499999999999999
0.1457,0.022287500000000005,2.45,0.2999999999999998,0.06499999999999999
0.14575000000000002,0.019700000000000002,2.3499999999999996,0.2999999999999998,0.06499999999999999
0.1458,0.019287500000000003,2.3499999999999996,0.2999999999999998,0.06499999999999999
0.14585,0.018887500000000005,2.3499999999999996,0.2999999999999998,0.06499999999999999
0.1459,0.018487500000000004,2.3,0.2999999999999998,0.06499999999999999
0.14595,0.020362500000000002,2.45,0.2999999999999998,0.06499999999999999
0.14600000000000002,0.017762500000000004,2.25,0.2999999999999998,0.06499999999999999
0.14605,0.0175625,2.249999999999999,0.2999999999999998,0.06499999999999999
0.1461,0.017275000000000002,2.2,0.2999999999999998,0.06499999999999999
0.14615,0.017062500000000005,2.1999999999999993,0.2999999999999998,0.060000000000000005
0.1462,0.019050000000000004,2.3500000000000005,0.2999999999999998,0.060000000000000005
0.14625000000000002,0.0167125,2.1500000000000004,0.2999999999999998,0.060000000000000005
0.1463,0.016500000000000004,2.15,0.2999999999999998,0.060000000000000005
0.14635,0.016362500000000002,2.1499999999999995,0.2999999999999998,0.060000000000000005
0.1464,0.016250000000000004,2.1,0.2999999999999998,0.060000000000000005
0.14645,0.018187500000000002,2.2499999999999996,0.2999999999999998,0.060000000000000005
0.14650000000000002,0.015950000000000002,2.1,0.2999999999999998,0.060000000000000005
0.14655,0.015825000000000002,2.1,0.2999999999999998,0.060000000000000005
0.1466,0.015762500000000002,2.05,0.2999999999999998,0.060000000000000005
0.14665,0.015762500000000002,2.0499999999999994,0.2999999999999998,0.060000000000000005
0.1467,0.017925000000000003,2.2,0.2999999999999998,0.060000000000000005
0.14675000000000002,0.015725000000000003,2.05,0.2999999999999998,0.060000000000000005
0.1468,0.015725000000000003,2.0500000000000003,0.2999999999999998,0.060000000000000005
0.14685,0.015600000000000003,2.05,0.2999999999999998,0.060000000000000005
0.1469,0.015350000000000003,2.0,0.2999999999999998,0.060000000000000005
0.14695,0.014200000000000003,1.85,0.19999999999999973,0.060000000000000005
0.14700000000000002,0.011975000000000003,1.6500000000000004,0.19999999999999973,0.060000000000000005
0.14705000000000001,0.009712500000000002,1.5,0.19999999999999973,0.060000000000000005
0.1471,0.007537500000000002,1.3,0.19999999999999973,0.060000000000000005
0.14715,0.005637500000000001,1.2,0.1499999999999999,0.055
0.1472,0.003987500000000001,1.05,0.10000000000000009,0.055
0.14725000000000002,0.0024125000000000006,0.8500000000000001,0.10000000000000009,0.05
0.14730000000000001,0.0011000000000000003,0.7000000000000002,0.10000000000000009,0.04
0.14735,0.00027500000000000007,0.44999999999999973,0.04999999999999982,0.03499999999999999
0.1474,0.0,0.25,0.0,0.02
0.14745,0.0,0.0,0.0,0.0
0.14750000000000002,0.0,0.0,0.0,0.0
0.14755000000000001,0.0,0.0,0.0,0.0
0.1476,0.0,0.0,0.0,0.0
0.14765,0.0,0.0,0.0,0.0
0.1477,0.0,0.0,0.0,0.0
0.14775000000000002,0.0,0.0,0.0,0.0
0.14780000000000001,0.0,0.0,0.0,0.0
0.14785,0.0,0.0,0.0,0.0
0.1479,0.0,0.0,0.0,0.0
0.14795,0.0,0.0,0.0,0.0
0.14800000000000002,0.0,0.0,0.0,0.0
0.14805000000000001,0.0,0.0,0.0,0.0
0.1481,0.0,0.0,0.0,0.0
0.14815,0.0,0.0,0.0,0.0
0.1482,0.0,0.0,0.0,0.0
0.14825000000000002,0.0,0.0,0.0,0.0
0.14830000000000002,0.0,0.0,0.0,0.0
0.14835,0.0,0.0,0.0,0.0
0.1484,0.0,0.0,0.0,0.0
0.14845,0.0,0.0,0.0,0.0
0.14850000000000002,0.0,0.0,0.0,0.0
0.14855000000000002,0.0,0.0,0.0,0.0
0.1486,0.0005500000000000001,0.20000000000000018,0.20000000000000018,0.01
0.14865,0.0021500000000000004,0.3500000000000001,0.30000000000000027,0.03499999999999999
0.1487,0.006125000000000001,0.6000000000000003,0.30000000000000027,0.055
0.14875,0.008112500000000002,0.7500000000000002,0.30000000000000027,0.060000000000000005
0.14880000000000002,0.007762500000000001,0.7500000000000002,0.30000000000000027,0.060000000000000005
0.14885,0.009700000000000002,0.8500000000000001,0.30000000000000027,0.06499999999999999
0.1489,0.011425000000000003,1.0,0.30000000000000027,0.06499999999999999
0.14895,0.015575000000000002,1.2999999999999998,0.30000000000000027,0.06999999999999998
0.149,0.017137500000000003,1.3999999999999995,0.30000000000000027,0.06999999999999998
0.14905000000000002,0.016112500000000002,1.3999999999999995,0.30000000000000027,0.06999999999999998
0.1491,0.017325000000000004,1.5499999999999998,0.30000000000000027,0.06999999999999998
0.14915,0.018375000000000002,1.65,0.30000000000000027,0.06999999999999998
0.1492,0.021600000000000005,1.9499999999999997,0.30000000000000027,0.06499999999999999
0.14925,0.022187500000000002,2.0500000000000003,0.30000000000000027,0.06499999999999999
0.14930000000000002,0.020187500000000004,2.0500000000000003,0.30000000000000027,0.06499999999999999
0.14935,0.020275000000000005,2.1499999999999995,0.30000000000000027,0.06499999999999999
0.1494,0.020187500000000004,2.25,0.30000000000000027,0.06499999999999999
0.14945,0.022187500000000002,2.4499999999999997,0.30000000000000027,0.06499999999999999
0.1495,0.021837500000000003,2.5000000000000004,0.30000000000000027,0.06499999999999999
0.14955000000000002,0.019175000000000005,2.35,0.30000000000000027,0.06499999999999999
0.1496,0.018787500000000002,2.3500000000000005,0.30000000000000027,0.06499999999999999
0.14965,0.018400000000000003,2.3000000000000003,0.30000000000000027,0.06499999999999999
0.1497,0.020262500000000003,2.4499999999999997,0.30000000000000027,0.06499999999999999
0.14975,0.020000000000000004,2.4000000000000004,0.30000000000000027,0.06499999999999999
0.14980000000000002,0.017525000000000002,2.2,0.30000000000000027,0.06499999999999999
0.14985,0.01725,2.2000000000000006,0.30000000000000027,0.06499999999999999
0.1499,0.017062500000000005,2.2,0.30000000000000027,0.060000000000000005
0.14995,0.019025000000000004,2.3,0.30000000000000027,0.060000000000000005
0.15,0.018800000000000004,2.3,0.30000000000000027,0.060000000000000005
0.15005000000000002,0.016487500000000002,2.1500000000000004,0.30000000000000027,0.060000000000000005
0.1501,0.016362500000000002,2.1499999999999995,0.30000000000000027,0.060000000000000005
0.15015,0.016237500000000002,2.1000000000000005,0.30000000000000027,0.060000000000000005
0.1502,0.018162500000000005,2.25,0.30000000000000027,0.060000000000000005
0.15025,0.018062500000000002,2.25,0.30000000000000027,0.060000000000000005
0.15030000000000002,0.015850000000000003,2.0999999999999996,0.30000000000000027,0.060000000000000005
0.15035,0.015787500000000003,2.05,0.30000000000000027,0.060000000000000005
0.1504,0.015787500000000003,2.05,0.30000000000000027,0.060000000000000005
0.15045,0.017900000000000003,2.2,0.30000000000000027,0.060000000000000005
0.1505,0.017775000000000003,2.2,0.30000000000000027,0.060000000000000005
0.15055000000000002,0.015662500000000003,2.0500000000000007,0.30000000000000027,0.060000000000000005
0.1506,0.015325000000000004,2.05,0.30000000000000027,0.060000000000000005
0.15065,0.013912500000000003,1.8000000000000007,0.20000000000000018,0.060000000000000005
0.1507,0.011850000000000003,1.6500000000000004,0.20000000000000018,0.060000000000000005
0.15075,0.009550000000000001,1.5,0.20000000000000018,0.060000000000000005
0.15080000000000002,0.007400000000000001,1.2999999999999998,0.20000000000000018,0.060000000000000005
0.15085,0.005562500000000001,1.1499999999999995,0.1499999999999999,0.055
0.1509,0.003975000000000001,1.0000000000000009,0.09999999999999964,0.055
0.15095,0.0023750000000000004,0.8499999999999996,0.09999999999999964,0.05
0.151,0.0010625000000000003,0.6500000000000004,0.09999999999999964,0.04
0.15105000000000002,0.00026250000000000004,0.4500000000000002,0.04999999999999982,0.03499999999999999
0.1511,0.0,0.25,0.0,0.02
0.15115,0.0,0.0,0.0,0.0
0.1512,0.0,0.0,0.0,0.0
0.15125,0.0,0.0,0.0,0.0
0.15130000000000002,0.0,0.0,0.0,0.0
0.15135,0.0,0.0,0.0,0.0
0.1514,0.0,0.0,0.0,0.0
0.15145,0.0,0.0,0.0,0.0
0.1515,0.0,0.0,0.0,0.0
0.15155000000000002,0.0,0.0,0.0,0.0
0.1516,0.0,0.0,0.0,0.0
0.15165,0.0,0.0,0.0,0.0
0.1517,0.0,0.0,0.0,0.0
0.15175,0.0,0.0,0.0,0.0
0.15180000000000002,0.0,0.0,0.0,0.0
0.15185,0.0,0.0,0.0,0.0
0.1519,0.0,0.0,0.0,0.0
0.15195,0.0,0.0,0.0,0.0
0.152,0.0,0.0,0.0,0.0
0.15205000000000002,0.0,0.0,0.0,0.0
0.1521,0.0,0.0,0.0,0.0
0.15215,0.0,0.0,0.0,0.0
0.1522,0.0,0.0,0.0,0.0
0.15225,0.0007125000000000001,0.20000000000000107,0.20000000000000018,0.015000000000000001
0.15230000000000002,0.0006125000000000001,0.20000000000000107,0.20000000000000018,0.015000000000000001
0.15235,0.0022625000000000006,0.35000000000000053,0.2999999999999998,0.03499999999999999
0.1524,0.004000000000000001,0.5,0.2999999999999998,0.045000000000000005
0.15245,0.005900000000000001,0.6500000000000004,0.2999999999999998,0.055
0.1525,0.010350000000000002,0.9000000000000004,0.2999999999999998,0.06499999999999999
0.15255000000000002,0.009837500000000002,0.9000000000000004,0.2999999999999998,0.06499999999999999
0.1526,0.011587500000000002,1.0500000000000007,0.2999999999999998,0.06499999999999999
0.15265,0.013187500000000003,1.1500000000000004,0.2999999999999998,0.06499999999999999
0.1527,0.014837500000000003,1.3000000000000007,0.2999999999999998,0.06999999999999998
0.15275,0.018600000000000002,1.6000000000000005,0.2999999999999998,0.06999999999999998
0.15280000000000002,0.0175,1.5499999999999998,0.2999999999999998,0.06999999999999998
0.15285,0.018437500000000002,1.6999999999999993,0.2999999999999998,0.06999999999999998
0.1529,0.019362500000000005,1.8499999999999996,0.2999999999999998,0.06499999999999999
0.15295,0.019862500000000005,1.9499999999999993,0.2999999999999998,0.06499999999999999
0.153,0.022450000000000005,2.2,0.2999999999999998,0.06499999999999999
0.15305000000000002,0.020275000000000005,2.2,0.2999999999999998,0.06499999999999999
0.1531,0.020150000000000005,2.3,0.2999999999999998,0.06499999999999999
0.15315,0.019887500000000002,2.3,0.2999999999999998,0.06499999999999999
0.1532,0.019500000000000003,2.3499999999999996,0.2999999999999998,0.06499999999999999
0.15325,0.021412500000000004,2.499999999999999,0.2999999999999998,0.06499999999999999
0.15330000000000002,0.020962500000000005,2.45,0.2999999999999998,0.06499999999999999
0.15335000000000001,0.018387500000000005,2.3,0.2999999999999998,0.06499999999999999
0.1534,0.018062500000000002,2.25,0.2999999999999998,0.06499999999999999
0.15345,0.017825000000000004,2.249999999999999,0.2999999999999998,0.06499999999999999
0.1535,0.019775000000000004,2.3499999999999996,0.2999999999999998,0.06499999999999999
0.15355000000000002,0.019525000000000004,2.3499999999999996,0.2999999999999998,0.06499999999999999
0.15360000000000001,0.017137500000000003,2.1500000000000004,0.2999999999999998,0.060000000000000005
0.15365,0.016925000000000003,2.1500000000000004,0.2999999999999998,0.060000000000000005
0.1537,0.016725000000000004,2.15,0.2999999999999998,0.060000000000000005
0.15375,0.018737500000000004,2.2499999999999996,0.2999999999999998,0.060000000000000005
0.15380000000000002,0.018537500000000002,2.25,0.2999999999999998,0.060000000000000005
0.15385000000000001,0.016237500000000002,2.0999999999999996,0.2999999999999998,0.060000000000000005
0.1539,0.016087500000000005,2.1,0.2999999999999998,0.060000000000000005
0.15395,0.016025000000000005,2.1,0.2999999999999998,0.060000000000000005
0.154,0.018087500000000003,2.1999999999999997,0.2999999999999998,0.060000000000000005
0.15405000000000002,0.018062500000000002,2.1999999999999997,0.2999999999999998,0.060000000000000005
0.15410000000000001,0.0158,2.0500000000000003,0.2999999999999998,0.060000000000000005
0.15415,0.015725000000000003,2.05,0.2999999999999998,0.060000000000000005
0.1542,0.015612500000000003,2.0500000000000003,0.2999999999999998,0.060000000000000005
0.15425,0.016387500000000003,2.0,0.2999999999999998,0.060000000000000005
0.15430000000000002,0.014412500000000003,1.85,0.20000000000000018,0.060000000000000005
0.15435000000000001,0.012175000000000002,1.7000000000000002,0.20000000000000018,0.060000000000000005
0.1544,0.010025000000000003,1.5,0.20000000000000018,0.060000000000000005
0.15445,0.007762500000000001,1.3499999999999996,0.20000000000000018,0.060000000000000005
0.1545,0.005787500000000001,1.1999999999999997,0.15000000000000036,0.055
0.15455000000000002,0.004175000000000001,1.0,0.10000000000000053,0.055
0.15460000000000002,0.0027250000000000004,0.8499999999999996,0.10000000000000053,0.05
0.15465,0.0012875000000000002,0.6499999999999999,0.10000000000000053,0.045000000000000005
0.1547,0.00037500000000000006,0.5,0.050000000000000266,0.03499999999999999
0.15475,0.0,0.2999999999999998,0.0,0.025
0.15480000000000002,0.0,0.0,0.0,0.0
0.15485000000000002,0.0,0.0,0.0,0.0
0.1549,0.0,0.0,0.0,0.0
0.15495,0.0,0.0,0.0,0.0
0.155,0.0,0.0,0.0,0.0
0.15505000000000002,0.0,0.0,0.0,0.0
0.15510000000000002,0.0,0.0,0.0,0.0
0.15515,0.0,0.0,0.0,0.0
0.1552,0.0,0.0,0.0,0.0
0.15525,0.0,0.0,0.0,0.0
0.1553,0.0,0.0,0.0,0.0
0.15535000000000002,0.0,0.0,0.0,0.0
0.1554,0.0,0.0,0.0,0.0
0.15545,0.0,0.0,0.0,0.0
0.1555,0.0,0.0,0.0,0.0
0.15555,0.0,0.0,0.0,0.0
0.15560000000000002,0.0,0.0,0.0,0.0
0.15565,0.0,0.0,0.0,0.0
0.1557,0.0,0.0,0.0,0.0
0.15575,0.0,0.0,0.0,0.0
0.1558,0.0,0.0,0.0,0.0
0.15585000000000002,0.0,0.0,0.0,0.0
0.1559,0.0,0.0,0.0,0.0
0.15595,0.0003625000000000001,0.20000000000000018,0.20000000000000018,0.01
0.156,0.004037500000000001,0.44999999999999973,0.30000000000000027,0.045000000000000005
0.15605,0.005937500000000001,0.5999999999999996,0.30000000000000027,0.055
0.15610000000000002,0.005600000000000001,0.5999999999999996,0.30000000000000027,0.055
0.15615,0.007587500000000001,0.6999999999999997,0.30000000000000027,0.060000000000000005
0.1562,0.009525000000000002,0.8499999999999996,0.30000000000000027,0.06499999999999999
0.15625,0.013750000000000002,1.15,0.30000000000000027,0.06499999999999999
0.1563,0.015487500000000003,1.25,0.30000000000000027,0.06999999999999998
0.15635000000000002,0.014600000000000002,1.25,0.30000000000000027,0.06999999999999998
0.1564,0.015937500000000004,1.4000000000000004,0.30000000000000027,0.06999999999999998
0.15645,0.017300000000000003,1.5,0.30000000000000027,0.06999999999999998
0.1565,0.020637500000000003,1.7999999999999998,0.30000000000000027,0.06999999999999998
0.15655,0.021612500000000003,1.9500000000000002,0.30000000000000027,0.06499999999999999
0.15660000000000002,0.019837500000000004,1.9000000000000004,0.30000000000000027,0.06499999999999999
0.15665,0.020200000000000003,2.0,0.30000000000000027,0.06499999999999999
0.1567,0.020275000000000005,2.1500000000000004,0.30000000000000027,0.06499999999999999
0.15675,0.022475000000000005,2.4,0.30000000000000027,0.06499999999999999
0.1568,0.022237500000000004,2.4499999999999997,0.30000000000000027,0.06499999999999999
0.15685000000000002,0.019637500000000002,2.349999999999999,0.30000000000000027,0.06499999999999999
0.1569,0.019225000000000003,2.3499999999999996,0.30000000000000027,0.06499999999999999
0.15695,0.018850000000000002,2.35,0.30000000000000027,0.06499999999999999
0.157,0.020712500000000005,2.4499999999999997,0.30000000000000027,0.06499999999999999
0.15705,0.020375000000000004,2.3999999999999995,0.30000000000000027,0.06499999999999999
0.15710000000000002,0.017850000000000005,2.2499999999999996,0.30000000000000027,0.06499999999999999
0.15715,0.017637500000000004,2.2499999999999996,0.30000000000000027,0.06499999999999999
0.1572,0.017387500000000004,2.2,0.30000000000000027,0.06499999999999999
0.15725,0.019312500000000003,2.35,0.30000000000000027,0.060000000000000005
0.1573,0.019112500000000004,2.3,0.30000000000000027,0.060000000000000005
0.15735000000000002,0.016812500000000005,2.1500000000000004,0.30000000000000027,0.060000000000000005
0.1574,0.016625000000000004,2.1500000000000004,0.30000000000000027,0.060000000000000005
0.15745,0.016450000000000003,2.1500000000000004,0.30000000000000027,0.060000000000000005
0.1575,0.018400000000000003,2.25,0.30000000000000027,0.060000000000000005
0.15755,0.018275000000000003,2.250000000000001,0.30000000000000027,0.060000000000000005
0.15760000000000002,0.016000000000000004,2.1000000000000005,0.30000000000000027,0.060000000000000005
0.15765,0.015950000000000002,2.0999999999999996,0.30000000000000027,0.060000000000000005
0.1577,0.015900000000000004,2.1000000000000005,0.30000000000000027,0.060000000000000005
0.15775,0.018000000000000002,2.2,0.30000000000000027,0.060000000000000005
0.1578,0.017925000000000003,2.2,0.30000000000000027,0.060000000000000005
0.15785000000000002,0.015625000000000003,2.05,0.30000000000000027,0.060000000000000005
0.1579,0.014975000000000002,2.0,0.25000000000000044,0.060000000000000005
0.15795,0.013037500000000002,1.7999999999999998,0.20000000000000018,0.060000000000000005
0.158,0.010850000000000002,1.6000000000000005,0.20000000000000018,0.060000000000000005
0.15805,0.008525000000000001,1.4000000000000004,0.20000000000000018,0.060000000000000005
0.15810000000000002,0.006575000000000001,1.2500000000000009,0.1499999999999999,0.060000000000000005
0.15815,0.0048000000000000004,1.0499999999999998,0.1499999999999999,0.055
0.1582,0.0032625000000000006,0.9000000000000004,0.09999999999999964,0.05
0.15825,0.0018375000000000004,0.75,0.09999999999999964,0.045000000000000005
0.1583,0.0006750000000000001,0.5999999999999996,0.09999999999999964,0.04
0.15835000000000002,6.250000000000001e-05,0.34999999999999964,0.04999999999999982,0.030000000000000002
0.1584,0.0,0.04999999999999982,0.0,0.01
0.15845,0.0,0.0,0.0,0.0
0.1585,0.0,0.0,0.0,0.0
0.15855,0.0,0.0,0.0,0.0
0.15860000000000002,0.0,0.0,0.0,0.0
0.15865,0.0,0.0,0.0,0.0
0.1587,0.0,0.0,0.0,0.0
0.15875,0.0,0.0,0.0,0.0
0.1588,0.0,0.0,0.0,0.0
0.15885000000000002,0.0,0.0,0.0,0.0
0.1589,0.0,0.0,0.0,0.0
0.15895,0.0,0.0,0.0,0.0
0.159,0.0,0.0,0.0,0.0
0.15905,0.0,0.0,0.0,0.0
0.15910000000000002,0.0,0.0,0.0,0.0
0.15915,0.0,0.0,0.0,0.0
0.1592,0.0,0.0,0.0,0.0
0.15925,0.0,0.0,0.0,0.0
0.1593,0.0,0.0,0.0,0.0
0.15935000000000002,0.0,0.0,0.0,0.0
0.15940000000000001,0.0,0.0,0.0,0.0
0.15945,0.0,0.0,0.0,0.0
0.1595,0.0,0.0,0.0,0.0
0.15955,0.0014625000000000003,0.2500000000000009,0.24999999999999956,0.025
0.15960000000000002,0.0032875000000000005,0.40000000000000036,0.2999999999999998,0.04
0.15965000000000001,0.0030000000000000005,0.40000000000000036,0.2999999999999998,0.04
0.1597,0.004900000000000001,0.5500000000000007,0.2999999999999998,0.05
0.15975,0.006887500000000001,0.6499999999999995,0.2999999999999998,0.055
0.1598,0.011212500000000002,0.9500000000000002,0.2999999999999998,0.06499999999999999
0.15985000000000002,0.013062500000000003,1.0999999999999996,0.2999999999999998,0.06499999999999999
0.15990000000000001,0.012400000000000003,1.0499999999999998,0.2999999999999998,0.06499999999999999
0.15995,0.013962500000000003,1.2000000000000002,0.2999999999999998,0.06999999999999998
0.16,0.015450000000000004,1.3499999999999996,0.2999999999999998,0.06999999999999998
0.16005,0.019187500000000003,1.5999999999999996,0.2999999999999998,0.06999999999999998
0.16010000000000002,0.020287500000000003,1.75,0.2999999999999998,0.06999999999999998
0.16015000000000001,0.018887500000000005,1.75,0.2999999999999998,0.06499999999999999
0.1602,0.019612500000000005,1.8499999999999996,0.2999999999999998,0.06499999999999999
0.16025,0.020150000000000005,2.0,0.2999999999999998,0.06499999999999999
0.1603,0.022600000000000006,2.249999999999999,0.2999999999999998,0.06499999999999999
0.16035000000000002,0.022562500000000003,2.3499999999999996,0.2999999999999998,0.06499999999999999
0.16040000000000001,0.020050000000000005,2.3000000000000007,0.2999999999999998,0.06499999999999999
0.16045,0.019775000000000004,2.3499999999999996,0.2999999999999998,0.06499999999999999
0.1605,0.019387500000000002,2.3499999999999996,0.2999999999999998,0.06499999999999999
0.16055,0.021312500000000005,2.500000000000001,0.2999999999999998,0.06499999999999999
0.16060000000000002,0.020862500000000003,2.4499999999999993,0.2999999999999998,0.06499999999999999
0.16065000000000002,0.018387500000000005,2.3,0.2999999999999998,0.06499999999999999
0.1607,0.018050000000000004,2.25,0.2999999999999998,0.06499999999999999
0.16075,0.017775000000000003,2.25,0.2999999999999998,0.06499999999999999
0.1608,0.019737500000000005,2.35,0.2999999999999998,0.06499999999999999
0.16085000000000002,0.019450000000000002,2.3500000000000005,0.2999999999999998,0.06499999999999999
0.16090000000000002,0.017125000000000005,2.2,0.2999999999999998,0.060000000000000005
0.16095,0.016925000000000003,2.15,0.2999999999999998,0.060000000000000005
0.161,0.016737500000000002,2.15,0.2999999999999998,0.060000000000000005
0.16105,0.018662500000000002,2.3000000000000003,0.2999999999999998,0.060000000000000005
0.16110000000000002,0.018537500000000002,2.3,0.2999999999999998,0.060000000000000005
0.16115000000000002,0.016287500000000003,2.1000000000000005,0.2999999999999998,0.060000000000000005
0.1612,0.016175000000000002,2.1,0.2999999999999998,0.060000000000000005
0.16125,0.0159875,2.0999999999999996,0.2999999999999998,0.060000000000000005
0.1613,0.018087500000000003,2.2499999999999996,0.2999999999999998,0.060000000000000005
0.16135000000000002,0.018012500000000004,2.2,0.2999999999999998,0.060000000000000005
0.16140000000000002,0.015787500000000003,2.05,0.2999999999999998,0.060000000000000005
0.16145,0.015500000000000003,2.0500000000000003,0.2999999999999998,0.060000000000000005
0.1615,0.014350000000000003,1.9,0.19999999999999973,0.060000000000000005
0.16155,0.012312500000000002,1.75,0.19999999999999973,0.060000000000000005
0.16160000000000002,0.009937500000000002,1.5500000000000003,0.19999999999999973,0.060000000000000005
0.16165000000000002,0.007762500000000001,1.35,0.19999999999999973,0.060000000000000005
0.1617,0.005825000000000001,1.15,0.1499999999999999,0.055
0.16175,0.004250000000000001,1.0,0.1499999999999999,0.055
0.1618,0.0027375000000000003,0.8500000000000001,0.10000000000000009,0.05
0.16185000000000002,0.0012875000000000002,0.6499999999999999,0.10000000000000009,0.045000000000000005
0.16190000000000002,0.0003625000000000001,0.4500000000000002,0.050000000000000266,0.03499999999999999
0.16195,0.0,0.25,0.0,0.025
0.162,0.0,0.0,0.0,0.0
0.16205,0.0,0.0,0.0,0.0
0.1621,0.0,0.0,0.0,0.0
0.16215000000000002,0.0,0.0,0.0,0.0
0.1622,0.0,0.0,0.0,0.0
0.16225,0.0,0.0,0.0,0.0
0.1623,0.0,0.0,0.0,0.0
0.16235,0.0,0.0,0.0,0.0
0.16240000000000002,0.0,0.0,0.0,0.0
0.16245,0.0,0.0,0.0,0.0
0.1625,0.0,0.0,0.0,0.0
0.16255,0.0,0.0,0.0,0.0
0.1626,0.0,0.0,0.0,0.0
0.16265000000000002,0.0,0.0,0.0,0.0
0.1627,0.0,0.0,0.0,0.0
0.16275,0.0,0.0,0.0,0.0
0.1628,0.0,0.0,0.0,0.0
0.16285,0.0,0.0,0.0,0.0
0.16290000000000002,0.0,0.0,0.0,0.0
0.16295,0.0,0.0,0.0,0.0
0.163,0.0,0.0,0.0,0.0
0.16305,0.0,0.0,0.0,0.0
0.1631,0.0003625000000000001,0.1499999999999999,0.19999999999999973,0.01
0.16315000000000002,0.0003625000000000001,0.1499999999999999,0.19999999999999973,0.01
0.1632,0.0019875000000000006,0.3500000000000001,0.30000000000000027,0.030000000000000002
0.16325,0.0037000000000000006,0.5,0.30000000000000027,0.045000000000000005
0.1633,0.008012500000000002,0.7499999999999996,0.30000000000000027,0.060000000000000005
0.16335,0.009987500000000002,0.8999999999999999,0.30000000000000027,0.06499999999999999
0.16340000000000002,0.009475000000000003,0.8999999999999999,0.30000000000000027,0.06499999999999999
0.16345,0.011350000000000002,1.0,0.30000000000000027,0.06499999999999999
0.1635,0.013000000000000003,1.15,0.30000000000000027,0.06499999999999999
0.16355,0.017012500000000003,1.4500000000000002,0.30000000000000027,0.06999999999999998
0.1636,0.018400000000000003,1.5,0.30000000000000027,0.06999999999999998
0.16365000000000002,0.017287500000000004,1.5,0.30000000000000027,0.06999999999999998
0.1637,0.01835,1.6500000000000004,0.30000000000000027,0.06499999999999999
0.16375,0.019262500000000002,1.7500000000000004,0.30000000000000027,0.06499999999999999
0.1638,0.022162500000000005,2.0500000000000003,0.30000000000000027,0.06499999999999999
0.16385,0.022500000000000003,2.15,0.30000000000000027,0.06499999999999999
0.16390000000000002,0.020262500000000003,2.1,0.30000000000000027,0.06499999999999999
0.16395,0.020200000000000003,2.2,0.30000000000000027,0.06499999999999999
0.164,0.020000000000000004,2.3000000000000003,0.30000000000000027,0.06499999999999999
0.16405,0.021987500000000004,2.5000000000000004,0.30000000000000027,0.06499999999999999
0.1641,0.021562500000000005,2.5,0.30000000000000027,0.06499999999999999
0.16415000000000002,0.018925000000000004,2.3,0.30000000000000027,0.06499999999999999
0.1642,0.018600000000000002,2.3000000000000003,0.30000000000000027,0.06499999999999999
0.16425,0.018237500000000004,2.2499999999999996,0.30000000000000027,0.06499999999999999
0.1643,0.020250000000000004,2.3999999999999995,0.30000000000000027,0.06499999999999999
0.16435,0.020050000000000005,2.3499999999999996,0.30000000000000027,0.06499999999999999
0.16440000000000002,0.0175625,2.1999999999999997,0.30000000000000027,0.06499999999999999
0.16445,0.0173125,2.2,0.30000000000000027,0.06499999999999999
0.1645,0.017150000000000002,2.1499999999999995,0.30000000000000027,0.060000000000000005
0.16455,0.019050000000000004,2.3,0.30000000000000027,0.060000000000000005
0.1646,0.018812500000000003,2.3,0.30000000000000027,0.060000000000000005
0.16465000000000002,0.016550000000000002,2.0999999999999996,0.30000000000000027,0.060000000000000005
0.1647,0.016387500000000003,2.0999999999999988,0.30000000000000027,0.060000000000000005
0.16475,0.016237500000000002,2.1000000000000005,0.30000000000000027,0.060000000000000005
0.1648,0.016075000000000002,2.0999999999999996,0.30000000000000027,0.060000000000000005
0.16485,0.018212500000000003,2.250000000000001,0.30000000000000027,0.060000000000000005
0.16490000000000002,0.015925,2.0500000000000007,0.30000000000000027,0.060000000000000005
0.16495,0.015837500000000004,2.0500000000000007,0.30000000000000027,0.060000000000000005
0.165,0.015575000000000002,2.05,0.30000000000000027,0.060000000000000005
0.16505,0.014075000000000002,1.8999999999999995,0.19999999999999973,0.060000000000000005
0.1651,0.011975000000000003,1.6999999999999993,0.19999999999999973,0.060000000000000005
0.16515000000000002,0.009687500000000002,1.5,0.19999999999999973,0.060000000000000005
0.1652,0.007437500000000001,1.3499999999999996,0.19999999999999973,0.060000000000000005
0.16525,0.005525000000000001,1.1500000000000004,0.1499999999999999,0.055
0.1653,0.003987500000000001,1.0,0.10000000000000009,0.055
0.16535,0.0025250000000000003,0.8000000000000007,0.10000000000000009,0.05
0.16540000000000002,0.0011875000000000002,0.6500000000000004,0.10000000000000009,0.045000000000000005
0.16545,0.00031250000000000006,0.4499999999999993,0.04999999999999982,0.03499999999999999
0.1655,0.0,0.25,0.0,0.02
0.16555,0.0,0.0,0.0,0.0
0.1656,0.0,0.0,0.0,0.0
0.16565000000000002,0.0,0.0,0.0,0.0
0.16570000000000001,0.0,0.0,0.0,0.0
0.16575,0.0,0.0,0.0,0.0
0.1658,0.0,0.0,0.0,0.0
0.16585,0.0,0.0,0.0,0.0
0.16590000000000002,0.0,0.0,0.0,0.0
0.16595000000000001,0.0,0.0,0.0,0.0
0.166,0.0,0.0,0.0,0.0
0.16605,0.0,0.0,0.0,0.0
0.1661,0.0,0.0,0.0,0.0
0.16615000000000002,0.0,0.0,0.0,0.0
0.16620000000000001,0.0,0.0,0.0,0.0
0.16625,0.0,0.0,0.0,0.0
0.1663,0.0,0.0,0.0,0.0
0.16635,0.0,0.0,0.0,0.0
0.16640000000000002,0.0,0.0,0.0,0.0
0.16645000000000001,0.0,0.0,0.0,0.0
0.1665,0.0,0.0,0.0,0.0
0.16655,0.0,0.0,0.0,0.0
0.1666,0.0,0.0,0.0,0.0
0.16665000000000002,0.0006625000000000001,0.20000000000000018,0.20000000000000018,0.015000000000000001
0.16670000000000001,0.0006500000000000001,0.20000000000000018,0.20000000000000018,0.015000000000000001
0.16675,0.0022000000000000006,0.34999999999999964,0.2999999999999998,0.03499999999999999
0.1668,0.003987500000000001,0.4500000000000002,0.2999999999999998,0.045000000000000005
0.16685,0.0082625,0.75,0.2999999999999998,0.060000000000000005
0.16690000000000002,0.010262500000000003,0.8999999999999995,0.2999999999999998,0.06499999999999999
0.16695000000000002,0.009762500000000002,0.8499999999999996,0.2999999999999998,0.06499999999999999
0.167,0.011600000000000003,1.0,0.2999999999999998,0.06499999999999999
0.16705,0.013250000000000003,1.1499999999999995,0.2999999999999998,0.06499999999999999
0.1671,0.017237500000000003,1.4500000000000002,0.2999999999999998,0.06999999999999998
0.16715000000000002,0.018637500000000005,1.549999999999999,0.2999999999999998,0.06999999999999998
0.16720000000000002,0.017375,1.549999999999999,0.2999999999999998,0.06999999999999998
0.16725,0.018512500000000005,1.6499999999999995,0.2999999999999998,0.06499999999999999
0.1673,0.019362500000000005,1.7999999999999998,0.2999999999999998,0.06499999999999999
0.16735,0.022287500000000005,2.0999999999999996,0.2999999999999998,0.06499999999999999
0.16740000000000002,0.022612500000000004,2.200000000000001,0.2999999999999998,0.06499999999999999
0.16745000000000002,0.020400000000000005,2.1500000000000004,0.2999999999999998,0.06499999999999999
0.1675,0.020237500000000002,2.25,0.2999999999999998,0.06499999999999999
0.16755,0.020025000000000005,2.3500000000000005,0.2999999999999998,0.06499999999999999
0.1676,0.021900000000000003,2.5,0.2999999999999998,0.06499999999999999
0.16765000000000002,0.021525000000000002,2.500000000000001,0.2999999999999998,0.06499999999999999
0.16770000000000002,0.018950000000000005,2.3,0.2999999999999998,0.06499999999999999
0.16775,0.018587500000000003,2.3,0.2999999999999998,0.06499999999999999
0.1678,0.018312500000000002,2.3,0.2999999999999998,0.06499999999999999
0.16785,0.020250000000000004,2.4000000000000004,0.2999999999999998,0.06499999999999999
0.16790000000000002,0.019975000000000003,2.4,0.2999999999999998,0.06499999999999999
0.16795000000000002,0.017600000000000005,2.1999999999999997,0.2999999999999998,0.06499999999999999
0.168,0.017350000000000004,2.1999999999999993,0.2999999999999998,0.06499999999999999
0.16805,0.017137500000000003,2.1999999999999997,0.2999999999999998,0.060000000000000005
0.1681,0.019112500000000004,2.3,0.2999999999999998,0.060000000000000005
0.16815000000000002,0.018950000000000005,2.3000000000000003,0.2999999999999998,0.060000000000000005
0.16820000000000002,0.016625000000000004,2.15,0.2999999999999998,0.060000000000000005
0.16825,0.016437500000000004,2.150000000000001,0.2999999999999998,0.060000000000000005
0.1683,0.016350000000000003,2.0999999999999996,0.2999999999999998,0.060000000000000005
0.16835,0.018325000000000004,2.25,0.2999999999999998,0.060000000000000005
0.16840000000000002,0.018162500000000005,2.2499999999999996,0.2999999999999998,0.060000000000000005
0.16845000000000002,0.015912500000000003,2.1,0.2999999999999998,0.060000000000000005
0.1685,0.015625000000000003,2.0999999999999996,0.2999999999999998,0.060000000000000005
0.16855,0.014300000000000002,1.9000000000000004,0.20000000000000018,0.060000000000000005
0.1686,0.012200000000000003,1.7000000000000002,0.20000000000000018,0.060000000000000005
0.16865,0.009912500000000001,1.5499999999999998,0.20000000000000018,0.060000000000000005
0.16870000000000002,0.007687500000000002,1.35,0.20000000000000018,0.060000000000000005
0.16875,0.005725000000000001,1.2000000000000002,0.15000000000000036,0.055
0.1688,0.004087500000000001,1.0500000000000003,0.15000000000000036,0.055
0.16885,0.0026000000000000003,0.7999999999999998,0.10000000000000009,0.05
0.1689,0.0012500000000000002,0.6499999999999999,0.10000000000000009,0.045000000000000005
0.16895000000000002,0.00035000000000000005,0.4500000000000002,0.04999999999999982,0.03499999999999999
0.169,0.0,0.25000000000000044,0.0,0.025
0.16905,0.0,0.0,0.0,0.0
0.1691,0.0,0.0,0.0,0.0
0.16915,0.0,0.0,0.0,0.0
0.16920000000000002,0.0,0.0,0.0,0.0
0.16925,0.0,0.0,0.0,0.0
0.1693,0.0,0.0,0.0,0.0
0.16935,0.0,0.0,0.0,0.0
0.1694,0.0,0.0,0.0,0.0
0.16945000000000002,0.0,0.0,0.0,0.0
0.1695,0.0,0.0,0.0,0.0
0.16955,0.0,0.0,0.0,0.0
0.1696,0.0,0.0,0.0,0.0
0.16965,0.0,0.0,0.0,0.0
0.16970000000000002,0.0,0.0,0.0,0.0
0.16975,0.0,0.0,0.0,0.0
0.1698,0.0,0.0,0.0,0.0
0.16985,0.0,0.0,0.0,0.0
0.1699,0.0,0.0,0.0,0.0
0.16995000000000002,0.0,0.0,0.0,0.0
0.17,0.0,0.0,0.0,0.0
0.17005,0.0,0.0,0.0,0.0
0.1701,0.0,0.0,0.0,0.0
0.17015,0.0005125,0.19999999999999973,0.20000000000000062,0.01
0.17020000000000002,0.0004875000000000001,0.19999999999999973,0.20000000000000062,0.01
0.17025,0.00205,0.3500000000000001,0.30000000000000027,0.030000000000000002
0.1703,0.0038375000000000006,0.4500000000000002,0.30000000000000027,0.045000000000000005
0.17035,0.008075000000000002,0.7500000000000004,0.30000000000000027,0.060000000000000005
0.1704,0.010125000000000002,0.9000000000000004,0.30000000000000027,0.06499999999999999
0.17045000000000002,0.009587500000000002,0.8500000000000001,0.30000000000000027,0.06499999999999999
0.1705,0.011362500000000003,1.0,0.30000000000000027,0.06499999999999999
0.17055,0.013012500000000003,1.15,0.30000000000000027,0.06499999999999999
0.1706,0.016937500000000005,1.4,0.30000000000000027,0.06499999999999999
0.17065,0.018337500000000003,1.5500000000000003,0.30000000000000027,0.06499999999999999
0.17070000000000002,0.017137500000000003,1.5500000000000003,0.30000000000000027,0.06499999999999999
0.17075,0.018225,1.6500000000000008,0.30000000000000027,0.06499999999999999
0.1708,0.019062500000000003,1.8000000000000003,0.30000000000000027,0.06499999999999999
0.17085,0.021850000000000005,2.05,0.30000000000000027,0.06499999999999999
0.1709,0.022050000000000004,2.2,0.30000000000000027,0.06499999999999999
0.17095000000000002,0.019887500000000002,2.15,0.30000000000000027,0.06499999999999999
0.171,0.019800000000000005,2.2500000000000004,0.30000000000000027,0.06499999999999999
0.17105,0.019500000000000003,2.3,0.30000000000000027,0.06499999999999999
0.1711,0.021425000000000003,2.5,0.30000000000000027,0.06499999999999999
0.17115,0.021012500000000003,2.45,0.30000000000000027,0.06499999999999999
0.17120000000000002,0.018462500000000003,2.3000000000000003,0.30000000000000027,0.06499999999999999
0.17125,0.018175000000000004,2.3,0.30000000000000027,0.06499999999999999
0.1713,0.017875000000000002,2.25,0.30000000000000027,0.06499999999999999
0.17135,0.019787500000000003,2.4,0.30000000000000027,0.06499999999999999
0.1714,0.019550000000000005,2.35,0.30000000000000027,0.060000000000000005
0.17145000000000002,0.017137500000000003,2.2,0.30000000000000027,0.060000000000000005
0.1715,0.016912500000000004,2.1999999999999993,0.30000000000000027,0.060000000000000005
0.17155,0.016775,2.1500000000000004,0.30000000000000027,0.060000000000000005
0.1716,0.016537500000000004,2.1499999999999995,0.30000000000000027,0.060000000000000005
0.17165,0.018450000000000005,2.3,0.30000000000000027,0.060000000000000005
0.17170000000000002,0.016187500000000004,2.0999999999999988,0.30000000000000027,0.060000000000000005
0.17175,0.016075000000000002,2.1000000000000005,0.30000000000000027,0.060000000000000005
0.1718,0.015887500000000002,2.0999999999999996,0.30000000000000027,0.060000000000000005
0.17185,0.015712500000000004,2.1000000000000005,0.30000000000000027,0.060000000000000005
0.1719,0.017700000000000004,2.25,0.30000000000000027,0.060000000000000005
0.17195000000000002,0.016850000000000004,2.1000000000000005,0.30000000000000027,0.060000000000000005
0.17200000000000001,0.014562500000000003,1.9500000000000002,0.25000000000000044,0.060000000000000005
0.17205,0.012562500000000002,1.75,0.20000000000000062,0.060000000000000005
0.1721,0.010275000000000001,1.5999999999999996,0.20000000000000062,0.060000000000000005
0.17215,0.008000000000000002,1.3999999999999995,0.20000000000000062,0.060000000000000005
0.17220000000000002,0.006050000000000001,1.1999999999999993,0.1499999999999999,0.060000000000000005
0.17225000000000001,0.004325000000000001,1.0499999999999998,0.1499999999999999,0.055
0.1723,0.0028625000000000005,0.8499999999999996,0.09999999999999964,0.05
0.17235,0.0014875000000000003,0.7000000000000002,0.09999999999999964,0.045000000000000005
0.1724,0.0005000000000000001,0.5000000000000009,0.09999999999999964,0.04
0.17245000000000002,0.0,0.2999999999999998,0.04999999999999982,0.025
0.17250000000000001,0.0,0.0,0.0,0.0
0.17255,0.0,0.0,0.0,0.0
0.1726,0.0,0.0,0.0,0.0
0.17265,0.0,0.0,0.0,0.0
0.17270000000000002,0.0,0.0,0.0,0.0
0.17275000000000001,0.0,0.0,0.0,0.0
0.1728,0.0,0.0,0.0,0.0
0.17285,0.0,0.0,0.0,0.0
0.1729,0.0,0.0,0.0,0.0
0.17295000000000002,0.0,0.0,0.0,0.0
0.17300000000000001,0.0,0.0,0.0,0.0
0.17305,0.0,0.0,0.0,0.0
0.1731,0.0,0.0,0.0,0.0
0.17315,0.0,0.0,0.0,0.0
0.17320000000000002,0.0,0.0,0.0,0.0
0.17325000000000002,0.0,0.0,0.0,0.0
0.1733,0.0,0.0,0.0,0.0
0.17335,0.0,0.0,0.0,0.0
0.1734,0.0,0.0,0.0,0.0
0.17345000000000002,0.0,0.0,0.0,0.0
0.17350000000000002,0.0,0.0,0.0,0.0
0.17355,0.0,0.0,0.0,0.0
0.1736,0.0,0.0,0.0,0.0
0.17365,0.0017000000000000003,0.2999999999999998,0.25,0.025
0.17370000000000002,0.0034875000000000006,0.4500000000000002,0.2999999999999998,0.04
0.17375000000000002,0.0032500000000000007,0.39999999999999947,0.2999999999999998,0.04
0.1738,0.005125000000000001,0.5499999999999989,0.2999999999999998,0.05
0.17385,0.007037500000000001,0.7000000000000002,0.2999999999999998,0.060000000000000005
0.1739,0.011387500000000002,0.9500000000000002,0.2999999999999998,0.06499999999999999
0.17395000000000002,0.013125000000000003,1.0999999999999996,0.2999999999999998,0.06499999999999999
0.17400000000000002,0.012412500000000002,1.0999999999999996,0.2999999999999998,0.06499999999999999
0.17405,0.014000000000000002,1.200000000000001,0.2999999999999998,0.06499999999999999
0.1741,0.015450000000000004,1.3500000000000005,0.2999999999999998,0.06499999999999999
0.17415,0.019012500000000005,1.6500000000000012,0.2999999999999998,0.06499999999999999
0.17420000000000002,0.020150000000000005,1.75,0.2999999999999998,0.06499999999999999
0.17425000000000002,0.018700000000000005,1.75,0.2999999999999998,0.06499999999999999
0.1743,0.019287500000000003,1.8500000000000005,0.2999999999999998,0.06499999999999999
0.17435,0.019662500000000003,2.0,0.2999999999999998,0.06499999999999999
0.1744,0.022125000000000006,2.25,0.2999999999999998,0.06499999999999999
0.17445000000000002,0.021987500000000004,2.3499999999999996,0.2999999999999998,0.06499999999999999
0.17450000000000002,0.019487500000000005,2.25,0.2999999999999998,0.06499999999999999
0.17455,0.019237500000000005,2.3,0.2999999999999998,0.06499999999999999
0.1746,0.018862500000000004,2.3,0.2999999999999998,0.06499999999999999
0.17465,0.020750000000000005,2.45,0.2999999999999998,0.06499999999999999
0.17470000000000002,0.020400000000000005,2.3999999999999995,0.2999999999999998,0.06499999999999999
0.17475000000000002,0.017937500000000002,2.25,0.2999999999999998,0.06499999999999999
0.1748,0.017650000000000002,2.249999999999999,0.2999999999999998,0.06499999999999999
0.17485,0.017387500000000004,2.2,0.2999999999999998,0.06499999999999999
0.1749,0.019350000000000003,2.35,0.2999999999999998,0.060000000000000005
0.17495000000000002,0.019100000000000002,2.3,0.2999999999999998,0.060000000000000005
0.17500000000000002,0.016762500000000003,2.1499999999999995,0.2999999999999998,0.060000000000000005
0.17505,0.016550000000000002,2.15,0.2999999999999998,0.060000000000000005
0.1751,0.0163375,2.1499999999999995,0.2999999999999998,0.060000000000000005
0.17515,0.018362500000000004,2.2500000000000004,0.2999999999999998,0.060000000000000005
0.1752,0.018100000000000005,2.25,0.2999999999999998,0.060000000000000005
0.17525000000000002,0.015937500000000004,2.1000000000000005,0.2999999999999998,0.060000000000000005
0.1753,0.015762500000000002,2.1,0.2999999999999998,0.060000000000000005
0.17535,0.015637500000000002,2.0500000000000003,0.2999999999999998,0.060000000000000005
0.1754,0.015900000000000004,2.05,0.2999999999999998,0.060000000000000005
0.17545,0.013812500000000002,1.85,0.20000000000000018,0.060000000000000005
0.17550000000000002,0.011475000000000003,1.6999999999999997,0.20000000000000018,0.060000000000000005
0.17555,0.009187500000000001,1.5,0.20000000000000018,0.060000000000000005
0.1756,0.007037500000000001,1.3000000000000003,0.20000000000000018,0.060000000000000005
0.17565,0.005150000000000001,1.1500000000000004,0.15000000000000036,0.055
0.1757,0.0035625000000000006,0.9500000000000002,0.10000000000000053,0.055
0.17575000000000002,0.0021375000000000005,0.8000000000000003,0.10000000000000053,0.05
0.1758,0.0009125000000000001,0.6000000000000001,0.10000000000000053,0.04
0.17585,0.00018750000000000003,0.3999999999999999,0.05000000000000071,0.03499999999999999
0.1759,0.0,0.19999999999999973,0.0,0.015000000000000001
0.17595,0.0,0.0,0.0,0.0
0.17600000000000002,0.0,0.0,0.0,0.0
0.17605,0.0,0.0,0.0,0.0
0.1761,0.0,0.0,0.0,0.0
0.17615,0.0,0.0,0.0,0.0
0.1762,0.0,0.0,0.0,0.0
0.17625000000000002,0.0,0.0,0.0,0.0
0.1763,0.0,0.0,0.0,0.0
0.17635,0.0,0.0,0.0,0.0
0.1764,0.0,0.0,0.0,0.0
0.17645,0.0,0.0,0.0,0.0
0.17650000000000002,0.0,0.0,0.0,0.0
0.17655,0.0,0.0,0.0,0.0
0.1766,0.0,0.0,0.0,0.0
0.17665,0.0,0.0,0.0,0.0
0.1767,0.0,0.0,0.0,0.0
0.17675000000000002,0.0,0.0,0.0,0.0
0.1768,0.0,0.0,0.0,0.0
0.17685,0.0,0.0,0.0,0.0
0.1769,0.0,0.0,0.0,0.0
0.17695,0.0,0.0,0.0,0.0
0.17700000000000002,0.0,0.0,0.0,0.0
0.17705,0.0,0.0,0.0,0.0
0.1771,0.0007000000000000001,0.25,0.1999999999999993,0.015000000000000001
0.17715,0.004412500000000001,0.5,0.2999999999999998,0.045000000000000005
0.1772,0.0063500000000000015,0.6500000000000004,0.2999999999999998,0.055
0.17725000000000002,0.0059875000000000015,0.6500000000000004,0.2999999999999998,0.055
0.1773,0.008000000000000002,0.7500000000000004,0.2999999999999998,0.060000000000000005
0.17735,0.009862500000000001,0.9000000000000004,0.2999999999999998,0.06499999999999999
0.1774,0.014112500000000002,1.2000000000000002,0.2999999999999998,0.06499999999999999
0.17745,0.015787500000000003,1.2999999999999998,0.2999999999999998,0.06499999999999999
0.17750000000000002,0.014837500000000003,1.2999999999999998,0.2999999999999998,0.06499999999999999
0.17755,0.016250000000000004,1.4500000000000002,0.2999999999999998,0.06499999999999999
0.1776,0.017475000000000004,1.5500000000000003,0.2999999999999998,0.06499999999999999
0.17765,0.020775000000000005,1.85,0.2999999999999998,0.06499999999999999
0.1777,0.021587500000000003,1.9499999999999997,0.2999999999999998,0.06499999999999999
0.17775000000000002,0.019737500000000005,1.9499999999999997,0.2999999999999998,0.06499999999999999
0.1778,0.020000000000000004,2.0500000000000003,0.2999999999999998,0.06499999999999999
0.17785,0.020112500000000005,2.1500000000000004,0.2999999999999998,0.06499999999999999
0.1779,0.022275000000000003,2.4000000000000004,0.2999999999999998,0.06499999999999999
0.17795,0.021987500000000004,2.4499999999999997,0.2999999999999998,0.06499999999999999
0.17800000000000002,0.019412500000000003,2.35,0.2999999999999998,0.06499999999999999
0.17805,0.019050000000000004,2.35,0.2999999999999998,0.06499999999999999
0.1781,0.018750000000000003,2.3,0.2999999999999998,0.06499999999999999
0.17815,0.018375000000000002,2.3000000000000003,0.2999999999999998,0.06499999999999999
0.1782,0.020425000000000002,2.4,0.2999999999999998,0.06499999999999999
0.17825000000000002,0.020037500000000003,2.4000000000000004,0.2999999999999998,0.06499999999999999
0.17830000000000001,0.017637500000000004,2.25,0.2999999999999998,0.060000000000000005
0.17835,0.017450000000000004,2.1999999999999993,0.2999999999999998,0.060000000000000005
0.1784,0.017150000000000002,2.2,0.2999999999999998,0.060000000000000005
0.17845,0.019175000000000005,2.3499999999999996,0.2999999999999998,0.060000000000000005
0.17850000000000002,0.018962500000000004,2.3,0.2999999999999998,0.060000000000000005
0.17855000000000001,0.016600000000000004,2.1499999999999995,0.2999999999999998,0.060000000000000005
0.1786,0.016437500000000004,2.1500000000000004,0.2999999999999998,0.060000000000000005
0.17865,0.016250000000000004,2.1499999999999995,0.2999999999999998,0.060000000000000005
0.1787,0.018087500000000003,2.250000000000001,0.2999999999999998,0.060000000000000005
0.17875000000000002,0.017712500000000003,2.1999999999999993,0.2999999999999998,0.060000000000000005
0.17880000000000001,0.015300000000000003,2.05,0.2999999999999998,0.060000000000000005
0.17885,0.013475000000000003,1.8499999999999996,0.1999999999999993,0.060000000000000005
0.1789,0.011225000000000002,1.7000000000000002,0.1999999999999993,0.060000000000000005
0.17895,0.008725000000000002,1.4500000000000002,0.1999999999999993,0.060000000000000005
0.17900000000000002,0.006700000000000001,1.3000000000000007,0.14999999999999947,0.060000000000000005
0.17905000000000001,0.004875000000000001,1.0999999999999996,0.14999999999999947,0.055
0.1791,0.0033125000000000008,0.9499999999999993,0.09999999999999964,0.05
0.17915,0.0017875000000000002,0.7999999999999998,0.09999999999999964,0.045000000000000005
0.1792,0.0006750000000000001,0.5500000000000007,0.09999999999999964,0.04
0.17925000000000002,6.250000000000001e-05,0.35000000000000053,0.04999999999999982,0.030000000000000002
0.17930000000000001,0.0,0.09999999999999964,0.0,0.01
0.17935,0.0,0.0,0.0,0.0
0.1794,0.0,0.0,0.0,0.0
0.17945,0.0,0.0,0.0,0.0
0.17950000000000002,0.0,0.0,0.0,0.0
0.17955000000000002,0.0,0.0,0.0,0.0
0.1796,0.0,0.0,0.0,0.0
0.17965,0.0,0.0,0.0,0.0
0.1797,0.0,0.0,0.0,0.0
0.17975000000000002,0.0,0.0,0.0,0.0
0.17980000000000002,0.0,0.0,0.0,0.0
0.17985,0.0,0.0,0.0,0.0
0.1799,0.0,0.0,0.0,0.0
0.17995,0.0,0.0,0.0,0.0
0.18000000000000002,0.0,0.0,0.0,0.0
0.18005000000000002,0.0,0.0,0.0,0.0
0.1801,0.0,0.0,0.0,0.0
0.18015,0.0,0.0,0.0,0.0
0.1802,0.0,0.0,0.0,0.0
0.18025000000000002,0.0,0.0,0.0,0.0
0.18030000000000002,0.0,0.0,0.0,0.0
0.18035,0.0,0.0,0.0,0.0
0.1804,0.0,0.0,0.0,0.0
0.18045,0.0012000000000000001,0.2999999999999998,0.25,0.02
0.18050000000000002,0.0029750000000000006,0.4499999999999993,0.2999999999999998,0.03499999999999999
0.18055000000000002,0.0027250000000000004,0.40000000000000036,0.2999999999999998,0.03499999999999999
0.1806,0.004550000000000001,0.5500000000000007,0.2999999999999998,0.05
0.18065,0.006512500000000001,0.6499999999999995,0.2999999999999998,0.055
0.1807,0.010850000000000002,0.9499999999999993,0.2999999999999998,0.06499999999999999
0.18075000000000002,0.012750000000000003,1.0999999999999996,0.2999999999999998,0.06499999999999999
0.18080000000000002,0.012112500000000002,1.0499999999999998,0.2999999999999998,0.06499999999999999
0.18085,0.013762500000000002,1.2000000000000002,0.2999999999999998,0.06499999999999999
0.1809,0.015187500000000003,1.3499999999999996,0.2999999999999998,0.06499999999999999
0.18095,0.018950000000000005,1.6000000000000005,0.2999999999999998,0.06499999999999999
0.18100000000000002,0.020100000000000003,1.7500000000000009,0.2999999999999998,0.06499999999999999
0.18105000000000002,0.018725000000000002,1.7500000000000009,0.2999999999999998,0.06499999999999999
0.1811,0.019437500000000003,1.8499999999999996,0.2999999999999998,0.06499999999999999
0.18115,0.019925000000000005,2.0,0.2999999999999998,0.06499999999999999
0.1812,0.022475000000000005,2.25,0.2999999999999998,0.06499999999999999
0.18125000000000002,0.022475000000000005,2.3500000000000005,0.2999999999999998,0.06499999999999999
0.18130000000000002,0.020025000000000005,2.3000000000000007,0.2999999999999998,0.06499999999999999
0.18135,0.019862500000000005,2.3500000000000005,0.2999999999999998,0.06499999999999999
0.1814,0.019500000000000003,2.3499999999999996,0.2999999999999998,0.06499999999999999
0.18145,0.021400000000000002,2.5,0.2999999999999998,0.06499999999999999
0.18150000000000002,0.021075000000000003,2.4499999999999993,0.2999999999999998,0.06499999999999999
0.18155000000000002,0.018450000000000005,2.3,0.2999999999999998,0.06499999999999999
0.1816,0.018212500000000003,2.3,0.2999999999999998,0.06499999999999999
0.18165,0.017975000000000005,2.2500000000000004,0.2999999999999998,0.06499999999999999
0.1817,0.019900000000000004,2.4,0.2999999999999998,0.06499999999999999
0.18175,0.019737500000000005,2.4,0.2999999999999998,0.060000000000000005
0.18180000000000002,0.0173125,2.1999999999999997,0.2999999999999998,0.060000000000000005
0.18185,0.017087500000000002,2.2,0.2999999999999998,0.060000000000000005
0.1819,0.016912500000000004,2.1999999999999997,0.2999999999999998,0.060000000000000005
0.18195,0.018775000000000003,2.2500000000000004,0.2999999999999998,0.060000000000000005
0.182,0.018487500000000004,2.25,0.2999999999999998,0.060000000000000005
0.18205000000000002,0.016237500000000002,2.0999999999999996,0.2999999999999998,0.060000000000000005
0.1821,0.016012500000000002,2.099999999999999,0.2999999999999998,0.060000000000000005
0.18215,0.015500000000000003,2.0500000000000003,0.25,0.060000000000000005
0.1822,0.013625000000000002,1.85,0.20000000000000018,0.060000000000000005
0.18225,0.011300000000000003,1.6500000000000004,0.20000000000000018,0.060000000000000005
0.18230000000000002,0.008912500000000002,1.5,0.20000000000000018,0.060000000000000005
0.18235,0.006825000000000001,1.35,0.14999999999999947,0.060000000000000005
0.1824,0.004912500000000001,1.0999999999999996,0.14999999999999947,0.055
0.18245,0.0032750000000000006,0.9499999999999997,0.09999999999999964,0.05
0.1825,0.0017625000000000004,0.75,0.09999999999999964,0.045000000000000005
0.18255000000000002,0.0007000000000000001,0.6000000000000001,0.09999999999999964,0.04
0.1826,5.000000000000001e-05,0.3500000000000001,0.04999999999999982,0.030000000000000002
0.18265,0.0,0.04999999999999982,0.0,0.005
0.1827,0.0,0.0,0.0,0.0
0.18275,0.0,0.0,0.0,0.0
0.18280000000000002,0.0,0.0,0.0,0.0
0.18285,0.0,0.0,0.0,0.0
0.1829,0.0,0.0,0.0,0.0
0.18295,0.0,0.0,0.0,0.0
0.183,0.0,0.0,0.0,0.0
0.18305000000000002,0.0,0.0,0.0,0.0
0.1831,0.0,0.0,0.0,0.0
0.18315,0.0,0.0,0.0,0.0
0.1832,0.0,0.0,0.0,0.0
0.18325,0.0,0.0,0.0,0.0
0.18330000000000002,0.0,0.0,0.0,0.0
0.18335,0.0,0.0,0.0,0.0
0.1834,0.0,0.0,0.0,0.0
0.18345,0.0,0.0,0.0,0.0
0.1835,0.0,0.0,0.0,0.0
0.18355000000000002,0.0,0.0,0.0,0.0
0.1836,0.0,0.0,0.0,0.0
0.18365,0.0,0.0,0.0,0.0
0.1837,0.0,0.0,0.0,0.0
0.18375,0.0,0.0,0.0,0.0
0.18380000000000002,0.0,0.0,0.0,0.0
0.18385,0.0011375000000000003,0.30000000000000027,0.25,0.02
0.1839,0.0027125000000000005,0.3999999999999999,0.2999999999999998,0.03499999999999999
0.18395,0.006875000000000001,0.7000000000000002,0.2999999999999998,0.055
0.184,0.008987500000000002,0.7999999999999998,0.2999999999999998,0.060000000000000005
0.18405000000000002,0.008487500000000002,0.7999999999999998,0.2999999999999998,0.060000000000000005
0.1841,0.010412500000000002,0.9499999999999997,0.2999999999999998,0.06499999999999999
0.18415,0.012250000000000002,1.0499999999999998,0.2999999999999998,0.06499999999999999
0.1842,0.016325000000000003,1.35,0.2999999999999998,0.06499999999999999
0.18425,0.017862500000000003,1.5000000000000004,0.2999999999999998,0.06499999999999999
0.18430000000000002,0.016825000000000003,1.4500000000000006,0.2999999999999998,0.06499999999999999
0.18435,0.017950000000000004,1.6,0.2999999999999998,0.06499999999999999
0.1844,0.018900000000000004,1.7000000000000002,0.2999999999999998,0.06499999999999999
0.18445,0.022037500000000005,2.0,0.2999999999999998,0.06499999999999999
0.1845,0.022525000000000003,2.1000000000000005,0.2999999999999998,0.06499999999999999
0.18455000000000002,0.022737500000000004,2.25,0.2999999999999998,0.06499999999999999
0.18460000000000001,0.020462500000000005,2.2,0.2999999999999998,0.06499999999999999
0.18465,0.020375000000000004,2.3000000000000003,0.2999999999999998,0.06499999999999999
0.1847,0.020075000000000003,2.35,0.2999999999999998,0.06499999999999999
0.18475,0.022087500000000003,2.4999999999999996,0.2999999999999998,0.06499999999999999
0.18480000000000002,0.021762500000000004,2.5,0.2999999999999998,0.06499999999999999
0.18485000000000001,0.019087500000000004,2.3000000000000003,0.2999999999999998,0.06499999999999999
0.1849,0.018825000000000005,2.2999999999999994,0.2999999999999998,0.06499999999999999
0.18495,0.018487500000000004,2.3,0.2999999999999998,0.06499999999999999
0.185,0.020487500000000002,2.3999999999999995,0.2999999999999998,0.06499999999999999
0.18505000000000002,0.020200000000000003,2.3999999999999995,0.2999999999999998,0.060000000000000005
0.18510000000000001,0.017675000000000003,2.25,0.2999999999999998,0.060000000000000005
0.18515,0.017475000000000004,2.1999999999999993,0.2999999999999998,0.060000000000000005
0.1852,0.017212500000000002,2.2,0.2999999999999998,0.060000000000000005
0.18525,0.019300000000000005,2.3500000000000005,0.2999999999999998,0.060000000000000005
0.18530000000000002,0.019100000000000002,2.3,0.2999999999999998,0.060000000000000005
0.18535000000000001,0.016662500000000004,2.1499999999999995,0.2999999999999998,0.060000000000000005
0.1854,0.016312500000000004,2.1500000000000004,0.2999999999999998,0.060000000000000005
0.18545,0.016000000000000004,2.0999999999999996,0.2999999999999998,0.060000000000000005
0.1855,0.014462500000000003,1.9000000000000004,0.20000000000000018,0.060000000000000005
0.18555000000000002,0.012050000000000002,1.7000000000000002,0.20000000000000018,0.060000000000000005
0.18560000000000001,0.009625000000000002,1.5500000000000007,0.20000000000000018,0.060000000000000005
0.18565,0.007450000000000002,1.4000000000000004,0.20000000000000018,0.060000000000000005
0.1857,0.005375000000000001,1.2000000000000002,0.15000000000000036,0.055
0.18575,0.0037125000000000005,1.0,0.10000000000000053,0.05
0.18580000000000002,0.0022000000000000006,0.7999999999999989,0.10000000000000053,0.045000000000000005
0.18585000000000002,0.0009875,0.6499999999999995,0.10000000000000053,0.04
0.1859,0.00018750000000000003,0.4499999999999993,0.05000000000000071,0.030000000000000002
0.18595,0.0,0.20000000000000018,0.0,0.015000000000000001
0.186,0.0,0.0,0.0,0.0
0.18605000000000002,0.0,0.0,0.0,0.0
0.18610000000000002,0.0,0.0,0.0,0.0
0.18615,0.0,0.0,0.0,0.0
0.1862,0.0,0.0,0.0,0.0
0.18625,0.0,0.0,0.0,0.0
0.18630000000000002,0.0,0.0,0.0,0.0
0.18635000000000002,0.0,0.0,0.0,0.0
0.1864,0.0,0.0,0.0,0.0
0.18645,0.0,0.0,0.0,0.0
0.1865,0.0,0.0,0.0,0.0
0.18655000000000002,0.0,0.0,0.0,0.0
0.18660000000000002,0.0,0.0,0.0,0.0
0.18665,0.0,0.0,0.0,0.0
0.1867,0.0,0.0,0.0,0.0
0.18675,0.0,0.0,0.0,0.0
0.18680000000000002,0.0,0.0,0.0,0.0
0.18685000000000002,0.0,0.0,0.0,0.0
0.1869,0.0,0.0,0.0,0.0
0.18695,0.0,0.0,0.0,0.0
0.187,0.0,0.0,0.0,0.0
0.18705000000000002,0.0,0.0,0.0,0.0
0.18710000000000002,0.0,0.0,0.0,0.0
0.18715,0.0007375000000000001,0.20000000000000018,0.1999999999999993,0.015000000000000001
0.1872,0.0023125000000000003,0.34999999999999964,0.2999999999999998,0.03499999999999999
0.18725,0.006487500000000001,0.6000000000000005,0.2999999999999998,0.055
0.18730000000000002,0.008512500000000001,0.7500000000000009,0.2999999999999998,0.060000000000000005
0.18735000000000002,0.007987500000000002,0.7500000000000009,0.2999999999999998,0.060000000000000005
0.1874,0.010037500000000001,0.8499999999999996,0.2999999999999998,0.06499999999999999
0.18745,0.011875000000000002,1.0,0.2999999999999998,0.06499999999999999
0.1875,0.015912500000000003,1.2999999999999998,0.2999999999999998,0.06499999999999999
0.18755000000000002,0.017475000000000004,1.4500000000000002,0.2999999999999998,0.06499999999999999
0.18760000000000002,0.016537500000000004,1.4000000000000004,0.2999999999999998,0.06499999999999999
0.18765,0.017750000000000002,1.5499999999999998,0.2999999999999998,0.06499999999999999
0.1877,0.018837500000000004,1.6500000000000004,0.2999999999999998,0.06499999999999999
0.18775,0.021937500000000006,1.9500000000000002,0.2999999999999998,0.06499999999999999
0.18780000000000002,0.022550000000000004,2.05,0.2999999999999998,0.06499999999999999
0.18785000000000002,0.020500000000000004,2.05,0.2999999999999998,0.06499999999999999
0.1879,0.020637500000000003,2.1500000000000004,0.2999999999999998,0.06499999999999999
0.18795,0.020525000000000005,2.25,0.2999999999999998,0.06499999999999999
0.188,0.022612500000000004,2.45,0.2999999999999998,0.06499999999999999
0.18805000000000002,0.022312500000000002,2.499999999999999,0.2999999999999998,0.06499999999999999
0.18810000000000002,0.019725000000000003,2.3499999999999996,0.2999999999999998,0.06499999999999999
0.18815,0.019275000000000004,2.3000000000000007,0.2999999999999998,0.06499999999999999
0.1882,0.019037500000000002,2.3,0.2999999999999998,0.06499999999999999
0.18825,0.020962500000000005,2.45,0.2999999999999998,0.06499999999999999
0.1883,0.020700000000000003,2.4,0.2999999999999998,0.06499999999999999
0.18835000000000002,0.018150000000000003,2.2499999999999996,0.2999999999999998,0.06499999999999999
0.1884,0.017962500000000003,2.2,0.2999999999999998,0.060000000000000005
0.18845,0.017687500000000002,2.1999999999999997,0.2999999999999998,0.060000000000000005
0.1885,0.019637500000000002,2.35,0.2999999999999998,0.060000000000000005
0.18855,0.019450000000000002,2.3000000000000003,0.2999999999999998,0.060000000000000005
0.18860000000000002,0.017012500000000003,2.15,0.2999999999999998,0.060000000000000005
0.18865,0.016775,2.1499999999999995,0.2999999999999998,0.060000000000000005
0.1887,0.016475000000000004,2.15,0.2999999999999998,0.060000000000000005
0.18875,0.015712500000000004,1.9999999999999996,0.25,0.060000000000000005
0.1888,0.013412500000000003,1.8000000000000003,0.1999999999999993,0.060000000000000005
0.18885000000000002,0.010962500000000002,1.65,0.1999999999999993,0.060000000000000005
0.1889,0.008587500000000001,1.5000000000000004,0.1999999999999993,0.060000000000000005
0.18895,0.006462500000000001,1.3000000000000003,0.14999999999999947,0.055
0.189,0.0046500000000000005,1.1,0.14999999999999947,0.055
0.18905,0.0029875000000000006,0.8999999999999999,0.09999999999999964,0.05
0.18910000000000002,0.0015125000000000002,0.7499999999999996,0.09999999999999964,0.045000000000000005
0.18915,0.0005125,0.5499999999999998,0.04999999999999982,0.03499999999999999
0.1892,0.0,0.30000000000000027,0.04999999999999982,0.025
0.18925,0.0,0.0,0.0,0.0
0.1893,0.0,0.0,0.0,0.0
0.18935000000000002,0.0,0.0,0.0,0.0
0.1894,0.0,0.0,0.0,0.0
0.18945,0.0,0.0,0.0,0.0
0.1895,0.0,0.0,0.0,0.0
0.18955,0.0,0.0,0.0,0.0
0.18960000000000002,0.0,0.0,0.0,0.0
0.18965,0.0,0.0,0.0,0.0
0.1897,0.0,0.0,0.0,0.0
0.18975,0.0,0.0,0.0,0.0
0.1898,0.0,0.0,0.0,0.0
0.18985000000000002,0.0,0.0,0.0,0.0
0.1899,0.0,0.0,0.0,0.0
0.18995,0.0,0.0,0.0,0.0
0.19,0.0,0.0,0.0,0.0
0.19005,0.0,0.0,0.0,0.0
0.19010000000000002,0.0,0.0,0.0,0.0
0.19015,0.0,0.0,0.0,0.0
0.1902,0.0,0.0,0.0,0.0
0.19025,0.0,0.0,0.0,0.0
0.1903,0.0,0.0,0.0,0.0
0.19035000000000002,0.0,0.0,0.0,0.0
0.1904,0.0,0.0,0.0,0.0
0.19045,0.0015375000000000002,0.2999999999999998,0.25,0.025
0.1905,0.005487500000000001,0.5500000000000003,0.2999999999999998,0.05
0.19055,0.007575000000000001,0.7000000000000002,0.2999999999999998,0.055
0.19060000000000002,0.009637500000000002,0.8500000000000001,0.2999999999999998,0.060000000000000005
0.19065000000000001,0.009212500000000002,0.7999999999999998,0.2999999999999998,0.060000000000000005
0.1907,0.011087500000000002,0.9499999999999997,0.2999999999999998,0.06499999999999999
0.19075,0.015200000000000003,1.25,0.2999999999999998,0.06499999999999999
0.1908,0.016812500000000005,1.4000000000000004,0.2999999999999998,0.06499999999999999
0.19085000000000002,0.018362500000000004,1.5,0.2999999999999998,0.06499999999999999
0.19090000000000001,0.017212500000000002,1.5,0.2999999999999998,0.06499999999999999
0.19095,0.018487500000000004,1.6000000000000005,0.2999999999999998,0.06499999999999999
0.191,0.021775000000000003,1.9000000000000004,0.2999999999999998,0.06499999999999999
0.19105,0.022525000000000003,2.0500000000000007,0.2999999999999998,0.06499999999999999
0.19110000000000002,0.022862500000000004,2.15,0.2999999999999998,0.06499999999999999
0.19115000000000001,0.020725000000000004,2.1,0.2999999999999998,0.06499999999999999
0.1912,0.020800000000000003,2.2000000000000006,0.2999999999999998,0.06499999999999999
0.19125,0.020550000000000002,2.3,0.2999999999999998,0.06499999999999999
0.1913,0.022550000000000004,2.4999999999999996,0.2999999999999998,0.06499999999999999
0.19135000000000002,0.022225000000000005,2.5,0.2999999999999998,0.06499999999999999
0.19140000000000001,0.019600000000000003,2.35,0.2999999999999998,0.06499999999999999
0.19145,0.019312500000000003,2.349999999999999,0.2999999999999998,0.06499999999999999
0.1915,0.019025000000000004,2.3,0.2999999999999998,0.06499999999999999
0.19155,0.020975000000000004,2.4499999999999997,0.2999999999999998,0.06499999999999999
0.19160000000000002,0.020700000000000003,2.3999999999999995,0.2999999999999998,0.06499999999999999
0.19165000000000001,0.018087500000000003,2.25,0.2999999999999998,0.06499999999999999
0.1917,0.017825000000000004,2.249999999999999,0.2999999999999998,0.060000000000000005
0.19175,0.017712500000000003,2.2,0.2999999999999998,0.060000000000000005
0.1918,0.019662500000000003,2.3500000000000005,0.2999999999999998,0.060000000000000005
0.19185000000000002,0.019387500000000002,2.3500000000000005,0.2999999999999998,0.060000000000000005
0.19190000000000002,0.016987500000000003,2.1499999999999995,0.2999999999999998,0.060000000000000005
0.19195,0.016512500000000003,2.1500000000000004,0.2999999999999998,0.060000000000000005
0.192,0.015062500000000003,2.0,0.20000000000000018,0.060000000000000005
0.19205,0.012850000000000002,1.7999999999999998,0.20000000000000018,0.060000000000000005
0.19210000000000002,0.010400000000000001,1.5999999999999996,0.20000000000000018,0.060000000000000005
0.19215000000000002,0.008112500000000002,1.4000000000000004,0.20000000000000018,0.060000000000000005
0.1922,0.005975000000000001,1.25,0.14999999999999947,0.055
0.19225,0.004275000000000001,1.0999999999999996,0.14999999999999947,0.055
0.1923,0.0025875000000000004,0.9000000000000004,0.09999999999999964,0.05
0.19235000000000002,0.0012625000000000002,0.6499999999999995,0.09999999999999964,0.045000000000000005
0.19240000000000002,0.00031250000000000006,0.5,0.04999999999999982,0.03499999999999999
0.19245,0.0,0.2500000000000009,0.0,0.02
0.1925,0.0,0.0,0.0,0.0
0.19255,0.0,0.0,0.0,0.0
0.19260000000000002,0.0,0.0,0.0,0.0
0.19265000000000002,0.0,0.0,0.0,0.0
0.1927,0.0,0.0,0.0,0.0
0.19275,0.0,0.0,0.0,0.0
0.1928,0.0,0.0,0.0,0.0
0.19285000000000002,0.0,0.0,0.0,0.0
0.19290000000000002,0.0,0.0,0.0,0.0
0.19295,0.0,0.0,0.0,0.0
0.193,0.0,0.0,0.0,0.0
0.19305,0.0,0.0,0.0,0.0
0.19310000000000002,0.0,0.0,0.0,0.0
0.19315000000000002,0.0,0.0,0.0,0.0
0.1932,0.0,0.0,0.0,0.0
0.19325,0.0,0.0,0.0,0.0
0.1933,0.0,0.0,0.0,0.0
0.19335000000000002,0.0,0.0,0.0,0.0
0.19340000000000002,0.0,0.0,0.0,0.0
0.19345,0.0,0.0,0.0,0.0
0.1935,0.0,0.0,0.0,0.0
0.19355,0.0,0.0,0.0,0.0
0.19360000000000002,0.0004625000000000001,0.1999999999999993,0.20000000000000018,0.01
0.19365000000000002,0.0004500000000000001,0.1999999999999993,0.20000000000000018,0.01
0.1937,0.0020875000000000004,0.34999999999999964,0.3000000000000007,0.030000000000000002
0.19375,0.003812500000000001,0.4499999999999993,0.3000000000000007,0.045000000000000005
0.1938,0.008100000000000001,0.7499999999999991,0.3000000000000007,0.060000000000000005
0.19385000000000002,0.010187500000000002,0.8499999999999996,0.3000000000000007,0.060000000000000005
0.19390000000000002,0.009662500000000001,0.8499999999999996,0.3000000000000007,0.060000000000000005
0.19395,0.011425000000000003,1.0,0.3000000000000007,0.06499999999999999
0.194,0.013137500000000002,1.1499999999999995,0.3000000000000007,0.06499999999999999
0.19405,0.017137500000000003,1.4000000000000004,0.3000000000000007,0.06499999999999999
0.19410000000000002,0.018500000000000003,1.5500000000000007,0.3000000000000007,0.06499999999999999
0.19415000000000002,0.017375,1.5500000000000007,0.3000000000000007,0.06499999999999999
0.1942,0.018425000000000004,1.6500000000000004,0.3000000000000007,0.06499999999999999
0.19425,0.019312500000000003,1.8000000000000007,0.3000000000000007,0.06499999999999999
0.1943,0.022075000000000004,2.0500000000000007,0.3000000000000007,0.06499999999999999
0.19435000000000002,0.022412500000000005,2.200000000000001,0.3000000000000007,0.06499999999999999
0.19440000000000002,0.020250000000000004,2.1500000000000004,0.3000000000000007,0.06499999999999999
0.19445,0.020225000000000003,2.25,0.3000000000000007,0.06499999999999999
0.1945,0.019900000000000004,2.3,0.3000000000000007,0.06499999999999999
0.19455,0.021837500000000003,2.45,0.3000000000000007,0.06499999999999999
0.19460000000000002,0.021562500000000005,2.4499999999999993,0.3000000000000007,0.06499999999999999
0.19465000000000002,0.018887500000000005,2.3,0.3000000000000007,0.06499999999999999
0.1947,0.018637500000000005,2.3,0.3000000000000007,0.06499999999999999
0.19475,0.018275000000000003,2.2500000000000004,0.3000000000000007,0.06499999999999999
0.1948,0.020287500000000003,2.4,0.3000000000000007,0.060000000000000005
0.19485000000000002,0.020025000000000005,2.35,0.3000000000000007,0.060000000000000005
0.19490000000000002,0.017512500000000004,2.1999999999999997,0.3000000000000007,0.060000000000000005
0.19495,0.017300000000000003,2.2,0.3000000000000007,0.060000000000000005
0.195,0.017112500000000003,2.15,0.3000000000000007,0.060000000000000005
0.19505,0.018912500000000002,2.3000000000000007,0.3000000000000007,0.060000000000000005
0.1951,0.018475000000000002,2.3000000000000003,0.3000000000000007,0.060000000000000005
0.19515000000000002,0.016062500000000004,2.1,0.3000000000000007,0.060000000000000005
0.1952,0.014625000000000003,1.8999999999999995,0.20000000000000018,0.060000000000000005
0.19525,0.012250000000000002,1.75,0.20000000000000018,0.060000000000000005
0.1953,0.009775000000000002,1.5499999999999998,0.20000000000000018,0.060000000000000005
0.19535,0.007625000000000002,1.4000000000000004,0.20000000000000018,0.060000000000000005
0.19540000000000002,0.005512500000000001,1.2000000000000002,0.15000000000000036,0.055
0.19545,0.003875000000000001,1.0,0.10000000000000053,0.055
0.1955,0.0023625000000000005,0.8500000000000001,0.10000000000000053,0.05
0.19555,0.0010375000000000002,0.6499999999999999,0.10000000000000053,0.04
0.1956,0.00018750000000000003,0.44999999999999973,0.05000000000000071,0.030000000000000002
0.19565000000000002,0.0,0.15000000000000036,0.0,0.015000000000000001
0.1957,0.0,0.0,0.0,0.0
0.19575,0.0,0.0,0.0,0.0
0.1958,0.0,0.0,0.0,0.0
0.19585,0.0,0.0,0.0,0.0
0.19590000000000002,0.0,0.0,0.0,0.0
0.19595,0.0,0.0,0.0,0.0
0.196,0.0,0.0,0.0,0.0
0.19605,0.0,0.0,0.0,0.0
0.1961,0.0,0.0,0.0,0.0
0.19615000000000002,0.0,0.0,0.0,0.0
0.1962,0.0,0.0,0.0,0.0
0.19625,0.0,0.0,0.0,0.0
0.1963,0.0,0.0,0.0,0.0
0.19635,0.0,0.0,0.0,0.0
0.19640000000000002,0.0,0.0,0.0,0.0
0.19645,0.0,0.0,0.0,0.0
0.1965,0.0,0.0,0.0,0.0
0.19655,0.0,0.0,0.0,0.0
0.1966,0.0,0.0,0.0,0.0
0.19665000000000002,0.0,0.0,0.0,0.0
0.1967,0.0,0.0,0.0,0.0
0.19675,0.0,0.0,0.0,0.0
0.1968,0.0006125000000000001,0.19999999999999973,0.1999999999999993,0.01
0.19685,0.0023250000000000002,0.3999999999999999,0.3000000000000007,0.030000000000000002
0.19690000000000002,0.004250000000000001,0.5,0.3000000000000007,0.045000000000000005
0.19695000000000001,0.00395,0.5,0.3000000000000007,0.045000000000000005
0.197,0.005800000000000001,0.6499999999999999,0.3000000000000007,0.055
0.19705,0.010312500000000002,0.9000000000000004,0.3000000000000007,0.060000000000000005
0.1971,0.012225000000000001,1.0500000000000003,0.3000000000000007,0.06499999999999999
0.19715000000000002,0.014025000000000003,1.1500000000000004,0.3000000000000007,0.06499999999999999
0.19720000000000001,0.013300000000000003,1.1,0.3000000000000007,0.06499999999999999
0.19725,0.014825000000000003,1.2500000000000004,0.3000000000000007,0.06499999999999999
0.1973,0.018600000000000002,1.5500000000000003,0.3000000000000007,0.06499999999999999
0.19735,0.019862500000000005,1.65,0.3000000000000007,0.06499999999999999
0.19740000000000002,0.020862500000000003,1.8000000000000003,0.3000000000000007,0.06499999999999999
0.19745000000000001,0.019325000000000002,1.7500000000000004,0.3000000000000007,0.06499999999999999
0.1975,0.019787500000000003,1.9000000000000008,0.3000000000000007,0.06499999999999999
0.19755,0.022400000000000003,2.1500000000000004,0.3000000000000007,0.06499999999999999
0.1976,0.022425000000000004,2.2499999999999996,0.3000000000000007,0.06499999999999999
0.19765000000000002,0.022325000000000005,2.35,0.3000000000000007,0.06499999999999999
0.19770000000000001,0.019837500000000004,2.25,0.3000000000000007,0.06499999999999999
0.19775,0.019525000000000004,2.3,0.3000000000000007,0.06499999999999999
0.1978,0.021450000000000004,2.4499999999999997,0.3000000000000007,0.06499999999999999
0.19785,0.021162500000000004,2.4,0.3000000000000007,0.06499999999999999
0.19790000000000002,0.020800000000000003,2.4000000000000004,0.3000000000000007,0.06499999999999999
0.19795000000000001,0.018225,2.25,0.3000000000000007,0.06499999999999999
0.198,0.017925000000000003,2.1999999999999993,0.3000000000000007,0.060000000000000005
0.19805,0.017662500000000005,2.2,0.3000000000000007,0.060000000000000005
0.1981,0.019650000000000004,2.3499999999999996,0.3000000000000007,0.060000000000000005
0.19815000000000002,0.019350000000000003,2.3,0.3000000000000007,0.060000000000000005
0.19820000000000002,0.016937500000000005,2.1499999999999995,0.3000000000000007,0.060000000000000005
0.19825,0.016700000000000003,2.1500000000000004,0.3000000000000007,0.060000000000000005
0.1983,0.016312500000000004,2.0999999999999996,0.3000000000000007,0.060000000000000005
0.19835,0.015162500000000002,1.9500000000000002,0.1999999999999993,0.060000000000000005
0.19840000000000002,0.012700000000000003,1.7999999999999998,0.1999999999999993,0.060000000000000005
0.19845000000000002,0.010362500000000002,1.6000000000000005,0.1999999999999993,0.060000000000000005
0.1985,0.008087500000000001,1.4000000000000004,0.1999999999999993,0.060000000000000005
0.19855,0.005975000000000001,1.25,0.15000000000000036,0.055
0.1986,0.004150000000000001,1.0499999999999998,0.15000000000000036,0.055
0.19865000000000002,0.0025625000000000005,0.9000000000000004,0.10000000000000053,0.05
0.19870000000000002,0.0012375000000000003,0.6500000000000004,0.10000000000000053,0.045000000000000005
0.19875,0.00027500000000000007,0.5000000000000009,0.04999999999999982,0.03499999999999999
0.1988,0.0,0.20000000000000018,0.0,0.02
0.19885,0.0,0.0,0.0,0.0
0.19890000000000002,0.0,0.0,0.0,0.0
0.19895000000000002,0.0,0.0,0.0,0.0
0.199,0.0,0.0,0.0,0.0
0.19905,0.0,0.0,0.0,0.0
0.1991,0.0,0.0,0.0,0.0
0.19915000000000002,0.0,0.0,0.0,0.0
0.19920000000000002,0.0,0.0,0.0,0.0
0.19925,0.0,0.0,0.0,0.0
0.1993,0.0,0.0,0.0,0.0
0.19935,0.0,0.0,0.0,0.0
0.19940000000000002,0.0,0.0,0.0,0.0
0.19945000000000002,0.0,0.0,0.0,0.0
0.1995,0.0,0.0,0.0,0.0
0.19955,0.0,0.0,0.0,0.0
0.1996,0.0,0.0,0.0,0.0
0.19965000000000002,0.0,0.0,0.0,0.0
0.19970000000000002,0.0,0.0,0.0,0.0
0.19975,0.0,0.0,0.0,0.0
0.1998,0.0,0.0,0.0,0.0
0.19985,0.0,0.0,0.0,0.0
0.19990000000000002,0.0,0.0,0.0,0.0
0.19995000000000002,0.0,0.0,0.0,0.0
0.2,0.00027500000000000007,0.20000000000000018,0.15000000000000036,0.005
0.20005,0.0019875000000000006,0.3000000000000007,0.2999999999999998,0.030000000000000002
0.2001,0.005862500000000001,0.6000000000000005,0.2999999999999998,0.05
0.20015000000000002,0.007937500000000002,0.75,0.2999999999999998,0.060000000000000005
0.20020000000000002,0.007550000000000001,0.7000000000000002,0.2999999999999998,0.060000000000000005
0.20025,0.009450000000000002,0.8500000000000005,0.2999999999999998,0.060000000000000005
0.2003,0.011312500000000001,1.0,0.2999999999999998,0.06499999999999999
0.20035,0.015450000000000004,1.25,0.2999999999999998,0.06499999999999999
0.20040000000000002,0.017000000000000005,1.4000000000000004,0.2999999999999998,0.06499999999999999
0.20045000000000002,0.015962500000000004,1.4000000000000004,0.2999999999999998,0.06499999999999999
0.2005,0.017337500000000002,1.5,0.2999999999999998,0.06499999999999999
0.20055,0.018262500000000004,1.6499999999999995,0.2999999999999998,0.06499999999999999
0.2006,0.021512500000000004,1.8999999999999995,0.2999999999999998,0.06499999999999999
0.20065000000000002,0.022012500000000004,2.05,0.2999999999999998,0.06499999999999999
0.20070000000000002,0.019987500000000005,1.9999999999999991,0.2999999999999998,0.06499999999999999
0.20075,0.020162500000000003,2.0999999999999996,0.2999999999999998,0.06499999999999999
0.2008,0.020150000000000005,2.200000000000001,0.2999999999999998,0.06499999999999999
0.20085,0.022100000000000005,2.45,0.2999999999999998,0.06499999999999999
0.20090000000000002,0.021837500000000003,2.4499999999999993,0.2999999999999998,0.06499999999999999
0.20095000000000002,0.019237500000000005,2.3,0.2999999999999998,0.06499999999999999
0.201,0.018912500000000002,2.3,0.2999999999999998,0.06499999999999999
0.20105,0.018587500000000003,2.2500000000000004,0.2999999999999998,0.06499999999999999
0.2011,0.020550000000000002,2.4,0.2999999999999998,0.06499999999999999
0.20115000000000002,0.020275000000000005,2.400000000000001,0.2999999999999998,0.060000000000000005
0.20120000000000002,0.017712500000000003,2.1999999999999997,0.2999999999999998,0.060000000000000005
0.20125,0.017487500000000003,2.2,0.2999999999999998,0.060000000000000005
0.2013,0.017225000000000004,2.1999999999999997,0.2999999999999998,0.060000000000000005
0.20135,0.019050000000000004,2.3000000000000003,0.2999999999999998,0.060000000000000005
0.20140000000000002,0.018237500000000004,2.25,0.2999999999999998,0.060000000000000005
0.20145000000000002,0.015812500000000004,2.1000000000000005,0.25,0.060000000000000005
0.2015,0.013812500000000002,1.8499999999999996,0.20000000000000018,0.060000000000000005
0.20155,0.011450000000000002,1.65,0.20000000000000018,0.060000000000000005
0.2016,0.008875000000000001,1.4999999999999996,0.20000000000000018,0.060000000000000005
0.20165,0.006825000000000001,1.35,0.15000000000000036,0.055
0.20170000000000002,0.004875000000000001,1.1,0.15000000000000036,0.055
0.20175,0.0032625000000000006,0.9500000000000002,0.09999999999999964,0.05
0.2018,0.0017500000000000003,0.7500000000000004,0.09999999999999964,0.045000000000000005
0.20185,0.0006500000000000001,0.6000000000000005,0.09999999999999964,0.04
0.2019,0.0,0.3500000000000001,0.049999999999998934,0.025
0.20195000000000002,0.0,0.0,0.0,0.0
0.202,0.0,0.0,0.0,0.0
0.20205,0.0,0.0,0.0,0.0
0.2021,0.0,0.0,0.0,0.0
0.20215,0.0,0.0,0.0,0.0
0.20220000000000002,0.0,0.0,0.0,0.0
0.20225,0.0,0.0,0.0,0.0
0.2023,0.0,0.0,0.0,0.0
0.20235,0.0,0.0,0.0,0.0
0.2024,0.0,0.0,0.0,0.0
0.20245000000000002,0.0,0.0,0.0,0.0
0.2025,0.0,0.0,0.0,0.0
0.20255,0.0,0.0,0.0,0.0
0.2026,0.0,0.0,0.0,0.0
0.20265,0.0,0.0,0.0,0.0
0.20270000000000002,0.0,0.0,0.0,0.0
0.20275,0.0,0.0,0.0,0.0
0.2028,0.0,0.0,0.0,0.0
0.20285,0.0,0.0,0.0,0.0
0.2029,0.0,0.0,0.0,0.0
0.20295000000000002,0.0,0.0,0.0,0.0
0.203,0.0,0.0,0.0,0.0
0.20305,0.0,0.0,0.0,0.0
0.2031,0.0014000000000000002,0.30000000000000027,0.25,0.025
0.20315,0.0032625000000000006,0.4500000000000002,0.2999999999999998,0.04
0.20320000000000002,0.005150000000000001,0.5499999999999998,0.2999999999999998,0.05
0.20325000000000001,0.004850000000000001,0.5499999999999998,0.2999999999999998,0.05
0.2033,0.006800000000000001,0.6500000000000004,0.2999999999999998,0.055
0.20335,0.011175000000000003,0.9500000000000002,0.2999999999999998,0.06499999999999999
0.2034,0.013112500000000003,1.1,0.2999999999999998,0.06499999999999999
0.20345000000000002,0.014850000000000002,1.2000000000000006,0.2999999999999998,0.06499999999999999
0.20350000000000001,0.013987500000000003,1.2000000000000006,0.2999999999999998,0.06499999999999999
0.20355,0.015425000000000003,1.35,0.2999999999999998,0.06499999999999999
0.2036,0.019250000000000003,1.5999999999999996,0.2999999999999998,0.06499999999999999
0.20365,0.020312500000000004,1.75,0.2999999999999998,0.06499999999999999
0.20370000000000002,0.021287500000000004,1.8499999999999992,0.2999999999999998,0.06499999999999999
0.20375000000000001,0.019537500000000003,1.8499999999999992,0.2999999999999998,0.06499999999999999
0.2038,0.019962500000000005,1.9499999999999997,0.2999999999999998,0.06499999999999999
0.20385,0.022475000000000005,2.2499999999999996,0.2999999999999998,0.06499999999999999
0.2039,0.022500000000000003,2.35,0.2999999999999998,0.06499999999999999
0.20395000000000002,0.022275000000000003,2.3999999999999995,0.2999999999999998,0.06499999999999999
0.20400000000000001,0.019750000000000004,2.2999999999999994,0.2999999999999998,0.06499999999999999
0.20405,0.019450000000000002,2.3,0.2999999999999998,0.06499999999999999
0.2041,0.021337500000000002,2.4500000000000006,0.2999999999999998,0.06499999999999999
0.20415,0.021050000000000003,2.45,0.2999999999999998,0.06499999999999999
0.20420000000000002,0.020637500000000003,2.4000000000000004,0.2999999999999998,0.06499999999999999
0.20425000000000001,0.018137500000000004,2.25,0.2999999999999998,0.06499999999999999
0.2043,0.017862500000000003,2.200000000000001,0.2999999999999998,0.060000000000000005
0.20435,0.019800000000000005,2.3500000000000005,0.2999999999999998,0.060000000000000005
0.2044,0.019525000000000004,2.3500000000000005,0.2999999999999998,0.060000000000000005
0.20445000000000002,0.019087500000000004,2.3,0.2999999999999998,0.060000000000000005
0.20450000000000002,0.016637500000000003,2.1500000000000004,0.2999999999999998,0.060000000000000005
0.20455,0.015212500000000002,2.0,0.20000000000000107,0.060000000000000005
0.2046,0.013037500000000002,1.8500000000000005,0.20000000000000107,0.060000000000000005
0.20465,0.010550000000000002,1.6000000000000005,0.20000000000000107,0.060000000000000005
0.20470000000000002,0.008187500000000002,1.450000000000001,0.20000000000000107,0.060000000000000005
0.20475000000000002,0.006175000000000001,1.25,0.15000000000000036,0.055
0.2048,0.004350000000000001,1.0999999999999996,0.15000000000000036,0.055
0.20485,0.0027125000000000005,0.8499999999999996,0.09999999999999964,0.05
0.2049,0.0013625000000000002,0.7000000000000002,0.09999999999999964,0.045000000000000005
0.20495000000000002,0.00032500000000000004,0.4999999999999991,0.04999999999999982,0.03499999999999999
0.20500000000000002,0.0,0.25,0.0,0.02
0.20505,0.0,0.0,0.0,0.0
0.2051,0.0,0.0,0.0,0.0
0.20515,0.0,0.0,0.0,0.0
0.20520000000000002,0.0,0.0,0.0,0.0
0.20525000000000002,0.0,0.0,0.0,0.0
0.2053,0.0,0.0,0.0,0.0
0.20535,0.0,0.0,0.0,0.0
0.2054,0.0,0.0,0.0,0.0
0.20545000000000002,0.0,0.0,0.0,0.0
0.20550000000000002,0.0,0.0,0.0,0.0
0.20555,0.0,0.0,0.0,0.0
0.2056,0.0,0.0,0.0,0.0
0.20565,0.0,0.0,0.0,0.0
0.20570000000000002,0.0,0.0,0.0,0.0
0.20575000000000002,0.0,0.0,0.0,0.0
0.2058,0.0,0.0,0.0,0.0
0.20585,0.0,0.0,0.0,0.0
0.2059,0.0,0.0,0.0,0.0
0.20595000000000002,0.0,0.0,0.0,0.0
0.20600000000000002,0.0,0.0,0.0,0.0
0.20605,0.0,0.0,0.0,0.0
0.2061,0.0,0.0,0.0,0.0
0.20615,0.0,0.0,0.0,0.0
0.20620000000000002,0.00028750000000000005,0.15000000000000124,0.15000000000000036,0.005
0.20625000000000002,0.0019250000000000003,0.35000000000000053,0.2999999999999998,0.030000000000000002
0.2063,0.0036500000000000005,0.5000000000000009,0.2999999999999998,0.045000000000000005
0.20635,0.005537500000000001,0.5999999999999996,0.2999999999999998,0.05
0.2064,0.007450000000000002,0.75,0.2999999999999998,0.060000000000000005
0.20645000000000002,0.009412500000000002,0.8999999999999995,0.2999999999999998,0.060000000000000005
0.20650000000000002,0.011212500000000002,1.0,0.2999999999999998,0.06499999999999999
0.20655,0.012887500000000003,1.1000000000000005,0.2999999999999998,0.06499999999999999
0.2066,0.014362500000000002,1.25,0.2999999999999998,0.06499999999999999
0.20665,0.015850000000000003,1.3499999999999996,0.2999999999999998,0.06499999999999999
0.20670000000000002,0.017025000000000002,1.4999999999999991,0.2999999999999998,0.06499999999999999
0.20675000000000002,0.018062500000000002,1.5999999999999996,0.2999999999999998,0.06499999999999999
0.2068,0.018800000000000004,1.7499999999999991,0.2999999999999998,0.06499999999999999
0.20685,0.019375000000000003,1.8500000000000005,0.2999999999999998,0.06499999999999999
0.2069,0.019637500000000002,2.0,0.2999999999999998,0.06499999999999999
0.20695000000000002,0.019750000000000004,2.0999999999999996,0.2999999999999998,0.06499999999999999
0.20700000000000002,0.019625000000000004,2.2,0.2999999999999998,0.06499999999999999
0.20705,0.019337500000000004,2.249999999999999,0.2999999999999998,0.06499999999999999
0.2071,0.019062500000000003,2.25,0.2999999999999998,0.06499999999999999
0.20715,0.018675000000000004,2.249999999999999,0.2999999999999998,0.06499999999999999
0.20720000000000002,0.018325000000000004,2.25,0.2999999999999998,0.06499999999999999
0.20725000000000002,0.018087500000000003,2.2,0.2999999999999998,0.060000000000000005
0.2073,0.017775000000000003,2.2000000000000006,0.2999999999999998,0.060000000000000005
0.20735,0.0175,2.2,0.2999999999999998,0.060000000000000005
0.2074,0.017237500000000003,2.15,0.2999999999999998,0.060000000000000005
0.20745000000000002,0.016937500000000005,2.1499999999999995,0.2999999999999998,0.060000000000000005
0.20750000000000002,0.0167125,2.15,0.2999999999999998,0.060000000000000005
0.20755,0.016262500000000003,2.1,0.2999999999999998,0.060000000000000005
0.2076,0.014612500000000002,1.9500000000000006,0.20000000000000018,0.060000000000000005
0.20765,0.012300000000000002,1.7500000000000004,0.20000000000000018,0.060000000000000005
0.20770000000000002,0.009862500000000001,1.5500000000000003,0.20000000000000018,0.060000000000000005
0.20775000000000002,0.007687500000000002,1.3499999999999996,0.15000000000000036,0.060000000000000005
0.2078,0.005487500000000001,1.2000000000000002,0.15000000000000036,0.055
0.20785,0.0038375000000000006,1.0499999999999998,0.15000000000000036,0.05
0.2079,0.0022875000000000005,0.8499999999999996,0.10000000000000053,0.05
0.20795000000000002,0.0010500000000000002,0.6499999999999999,0.10000000000000053,0.04
0.20800000000000002,0.00020000000000000004,0.4500000000000002,0.05000000000000071,0.030000000000000002
0.20805,0.0,0.20000000000000018,0.0,0.015000000000000001
0.2081,0.0,0.0,0.0,0.0
0.20815,0.0,0.0,0.0,0.0
0.2082,0.0,0.0,0.0,0.0
0.20825000000000002,0.0,0.0,0.0,0.0
0.2083,0.0,0.0,0.0,0.0
0.20835,0.0,0.0,0.0,0.0
0.2084,0.0,0.0,0.0,0.0
0.20845,0.0,0.0,0.0,0.0
0.20850000000000002,0.0,0.0,0.0,0.0
0.20855,0.0,0.0,0.0,0.0
0.2086,0.0,0.0,0.0,0.0
0.20865,0.0,0.0,0.0,0.0
0.2087,0.0,0.0,0.0,0.0
0.20875000000000002,0.0,0.0,0.0,0.0
0.2088,0.0,0.0,0.0,0.0
0.20885,0.0,0.0,0.0,0.0
0.2089,0.0,0.0,0.0,0.0
0.20895,0.0,0.0,0.0,0.0
0.20900000000000002,0.0,0.0,0.0,0.0
0.20905,0.0,0.0,0.0,0.0
0.2091,0.0,0.0,0.0,0.0
0.20915,0.0,0.0,0.0,0.0
0.2092,0.0,0.0,0.0,0.0
0.20925000000000002,0.0006000000000000001,0.20000000000000018,0.1999999999999993,0.01
0.2093,0.0021875,0.3500000000000001,0.2999999999999998,0.030000000000000002
0.20935,0.003937500000000001,0.44999999999999973,0.2999999999999998,0.045000000000000005
0.2094,0.005800000000000001,0.6000000000000001,0.2999999999999998,0.055
0.20945,0.007725000000000002,0.75,0.2999999999999998,0.060000000000000005
0.20950000000000002,0.012125000000000002,0.9999999999999996,0.2999999999999998,0.06499999999999999
0.20955000000000001,0.011462500000000002,0.9999999999999996,0.2999999999999998,0.06499999999999999
0.2096,0.013025000000000002,1.15,0.2999999999999998,0.06499999999999999
0.20965,0.014587500000000003,1.2499999999999996,0.2999999999999998,0.06499999999999999
0.2097,0.015975000000000003,1.4,0.2999999999999998,0.06499999999999999
0.20975000000000002,0.019512500000000002,1.6999999999999997,0.2999999999999998,0.06499999999999999
0.20980000000000001,0.018125000000000002,1.65,0.2999999999999998,0.06499999999999999
0.20985,0.018875000000000003,1.8000000000000003,0.2999999999999998,0.06499999999999999
0.2099,0.019250000000000003,1.9000000000000004,0.2999999999999998,0.06499999999999999
0.20995,0.019587500000000004,2.05,0.2999999999999998,0.06499999999999999
0.21000000000000002,0.021962500000000003,2.3,0.2999999999999998,0.06499999999999999
0.21005000000000001,0.019487500000000005,2.1999999999999997,0.2999999999999998,0.06499999999999999
0.2101,0.019187500000000003,2.2500000000000004,0.2999999999999998,0.06499999999999999
0.21015,0.018887500000000005,2.3000000000000003,0.2999999999999998,0.06499999999999999
0.2102,0.018575000000000005,2.25,0.2999999999999998,0.06499999999999999
0.21025000000000002,0.020487500000000002,2.4,0.2999999999999998,0.060000000000000005
0.21030000000000001,0.017950000000000004,2.25,0.2999999999999998,0.060000000000000005
0.21035,0.017662500000000005,2.2,0.2999999999999998,0.060000000000000005
0.2104,0.017362500000000003,2.1999999999999993,0.2999999999999998,0.060000000000000005
0.21045,0.017150000000000002,2.2,0.2999999999999998,0.060000000000000005
0.21050000000000002,0.018762500000000005,2.3,0.2999999999999998,0.060000000000000005
0.21055000000000001,0.016350000000000003,2.1500000000000004,0.2999999999999998,0.060000000000000005
0.2106,0.014862500000000002,2.0,0.1999999999999993,0.060000000000000005
0.21065,0.012600000000000002,1.75,0.1999999999999993,0.060000000000000005
0.2107,0.010100000000000001,1.5999999999999996,0.1999999999999993,0.060000000000000005
0.21075000000000002,0.007912500000000001,1.3999999999999995,0.1999999999999993,0.060000000000000005
0.21080000000000002,0.005812500000000001,1.2499999999999991,0.14999999999999947,0.055
0.21085,0.0040750000000000005,1.0499999999999998,0.14999999999999947,0.055
0.2109,0.0024125000000000006,0.8499999999999996,0.09999999999999964,0.05
0.21095,0.0011500000000000002,0.6500000000000004,0.09999999999999964,0.04
0.21100000000000002,0.00023750000000000005,0.4500000000000002,0.04999999999999982,0.03499999999999999
0.21105000000000002,0.0,0.2499999999999991,0.0,0.02
0.2111,0.0,0.0,0.0,0.0
0.21115,0.0,0.0,0.0,0.0
0.2112,0.0,0.0,0.0,0.0
0.21125000000000002,0.0,0.0,0.0,0.0
0.21130000000000002,0.0,0.0,0.0,0.0
0.21135,0.0,0.0,0.0,0.0
0.2114,0.0,0.0,0.0,0.0
0.21145,0.0,0.0,0.0,0.0
0.21150000000000002,0.0,0.0,0.0,0.0
0.21155000000000002,0.0,0.0,0.0,0.0
0.2116,0.0,0.0,0.0,0.0
0.21165,0.0,0.0,0.0,0.0
0.2117,0.0,0.0,0.0,0.0
0.21175000000000002,0.0,0.0,0.0,0.0
0.21180000000000002,0.0,0.0,0.0,0.0
0.21185,0.0,0.0,0.0,0.0
0.2119,0.0,0.0,0.0,0.0
0.21195,0.0,0.0,0.0,0.0
0.21200000000000002,0.0,0.0,0.0,0.0
0.21205000000000002,0.0,0.0,0.0,0.0
0.2121,0.0,0.0,0.0,0.0
0.21215,0.0,0.0,0.0,0.0
0.2122,0.0,0.0,0.0,0.0
0.21225000000000002,0.0004500000000000001,0.20000000000000018,0.20000000000000018,0.01
0.21230000000000002,0.0019875000000000006,0.35000000000000053,0.2999999999999998,0.030000000000000002
0.21235,0.0038250000000000007,0.4499999999999993,0.2999999999999998,0.045000000000000005
0.2124,0.005650000000000001,0.5999999999999996,0.2999999999999998,0.05
0.21245,0.007612500000000001,0.7499999999999991,0.2999999999999998,0.060000000000000005
0.21250000000000002,0.009550000000000001,0.8499999999999996,0.2999999999999998,0.060000000000000005
0.21255000000000002,0.011287500000000002,1.0,0.2999999999999998,0.06499999999999999
0.2126,0.013000000000000003,1.1499999999999995,0.2999999999999998,0.06499999999999999
0.21265,0.014537500000000002,1.2500000000000009,0.2999999999999998,0.06499999999999999
0.2127,0.0158,1.4000000000000004,0.2999999999999998,0.06499999999999999
0.21275000000000002,0.017037500000000004,1.5500000000000007,0.2999999999999998,0.06499999999999999
0.21280000000000002,0.018012500000000004,1.6499999999999995,0.2999999999999998,0.06499999999999999
0.21285,0.018812500000000003,1.7999999999999998,0.2999999999999998,0.06499999999999999
0.2129,0.019237500000000005,1.8999999999999995,0.2999999999999998,0.06499999999999999
0.21295,0.019537500000000003,2.0,0.2999999999999998,0.06499999999999999
0.21300000000000002,0.019675000000000005,2.1500000000000004,0.2999999999999998,0.06499999999999999
0.21305000000000002,0.019487500000000005,2.1999999999999993,0.2999999999999998,0.06499999999999999
0.2131,0.019262500000000002,2.25,0.2999999999999998,0.06499999999999999
0.21315,0.018900000000000004,2.3,0.2999999999999998,0.06499999999999999
0.2132,0.018600000000000002,2.3,0.2999999999999998,0.06499999999999999
0.21325000000000002,0.018275000000000003,2.25,0.2999999999999998,0.060000000000000005
0.21330000000000002,0.017962500000000003,2.2499999999999996,0.2999999999999998,0.060000000000000005
0.21335,0.017687500000000002,2.2,0.2999999999999998,0.060000000000000005
0.2134,0.017375,2.1999999999999997,0.2999999999999998,0.060000000000000005
0.21345,0.017112500000000003,2.2,0.2999999999999998,0.060000000000000005
0.21350000000000002,0.016737500000000002,2.15,0.2999999999999998,0.060000000000000005
0.21355000000000002,0.015587500000000002,2.05,0.25,0.060000000000000005
0.2136,0.013475000000000003,1.8499999999999992,0.20000000000000018,0.060000000000000005
0.21365,0.011050000000000003,1.65,0.20000000000000018,0.060000000000000005
0.2137,0.008662500000000002,1.4499999999999997,0.20000000000000018,0.060000000000000005
0.21375000000000002,0.006512500000000001,1.3000000000000003,0.14999999999999947,0.055
0.21380000000000002,0.004637500000000001,1.15,0.14999999999999947,0.055
0.21385,0.0029875000000000006,0.8999999999999999,0.09999999999999964,0.05
0.2139,0.0015375000000000002,0.75,0.09999999999999964,0.045000000000000005
0.21395,0.0005250000000000001,0.5499999999999998,0.04999999999999982,0.03499999999999999
0.21400000000000002,0.0,0.30000000000000027,0.04999999999999982,0.025
0.21405000000000002,0.0,0.0,0.0,0.0
0.2141,0.0,0.0,0.0,0.0
0.21415,0.0,0.0,0.0,0.0
0.2142,0.0,0.0,0.0,0.0
0.21425000000000002,0.0,0.0,0.0,0.0
0.21430000000000002,0.0,0.0,0.0,0.0
0.21435,0.0,0.0,0.0,0.0
0.2144,0.0,0.0,0.0,0.0
0.21445,0.0,0.0,0.0,0.0
0.21450000000000002,0.0,0.0,0.0,0.0
0.21455000000000002,0.0,0.0,0.0,0.0
0.2146,0.0,0.0,0.0,0.0
0.21465,0.0,0.0,0.0,0.0
0.2147,0.0,0.0,0.0,0.0
0.21475,0.0,0.0,0.0,0.0
0.21480000000000002,0.0,0.0,0.0,0.0
0.21485,0.0,0.0,0.0,0.0
0.2149,0.0,0.0,0.0,0.0
0.21495,0.0,0.0,0.0,0.0
0.215,0.0,0.0,0.0,0.0
0.21505000000000002,0.0,0.0,0.0,0.0
0.2151,0.0,0.0,0.0,0.0
0.21515,0.0,0.0,0.0,0.0
0.2152,0.0,0.0,0.0,0.0
0.21525,0.0015125000000000002,0.2999999999999998,0.25,0.025
0.21530000000000002,0.0032000000000000006,0.3999999999999999,0.2999999999999998,0.04
0.21535,0.005087500000000001,0.5499999999999998,0.2999999999999998,0.05
0.2154,0.007100000000000001,0.6499999999999999,0.2999999999999998,0.055
0.21545,0.008987500000000002,0.8000000000000003,0.2999999999999998,0.060000000000000005
0.2155,0.010775000000000002,0.9500000000000006,0.2999999999999998,0.06499999999999999
0.21555000000000002,0.012512500000000003,1.1,0.2999999999999998,0.06499999999999999
0.2156,0.014037500000000003,1.2000000000000002,0.2999999999999998,0.06499999999999999
0.21565,0.015425000000000003,1.3499999999999996,0.2999999999999998,0.06499999999999999
0.2157,0.016750000000000004,1.5,0.2999999999999998,0.06499999999999999
0.21575,0.017737500000000003,1.6000000000000005,0.2999999999999998,0.06499999999999999
0.21580000000000002,0.020987500000000003,1.9000000000000004,0.2999999999999998,0.06499999999999999
0.21585000000000001,0.019087500000000004,1.8500000000000005,0.2999999999999998,0.06499999999999999
0.2159,0.019550000000000005,1.9499999999999997,0.2999999999999998,0.06499999999999999
0.21595,0.019650000000000004,2.1,0.2999999999999998,0.06499999999999999
0.216,0.019562500000000003,2.1999999999999997,0.2999999999999998,0.06499999999999999
0.21605000000000002,0.021650000000000003,2.3999999999999995,0.2999999999999998,0.06499999999999999
0.21610000000000001,0.019075000000000005,2.2499999999999996,0.2999999999999998,0.06499999999999999
0.21615,0.018675000000000004,2.25,0.2999999999999998,0.06499999999999999
0.2162,0.018412500000000002,2.25,0.2999999999999998,0.06499999999999999
0.21625,0.018087500000000003,2.249999999999999,0.2999999999999998,0.060000000000000005
0.21630000000000002,0.019937500000000004,2.3499999999999996,0.2999999999999998,0.060000000000000005
0.21635000000000001,0.017462500000000002,2.1999999999999993,0.2999999999999998,0.060000000000000005
0.2164,0.017137500000000003,2.2,0.2999999999999998,0.060000000000000005
0.21645,0.016562500000000004,2.1499999999999995,0.2999999999999998,0.060000000000000005
0.2165,0.014812500000000003,1.9499999999999993,0.20000000000000018,0.060000000000000005
0.21655000000000002,0.012512500000000003,1.799999999999999,0.20000000000000018,0.060000000000000005
0.21660000000000001,0.010037500000000001,1.5500000000000007,0.20000000000000018,0.060000000000000005
0.21665,0.007787500000000001,1.4000000000000004,0.15000000000000036,0.060000000000000005
0.2167,0.005650000000000001,1.2500000000000009,0.15000000000000036,0.055
0.21675,0.003937500000000001,1.0,0.15000000000000036,0.055
0.21680000000000002,0.0023125000000000003,0.8499999999999996,0.10000000000000053,0.05
0.21685000000000001,0.0010875000000000001,0.6499999999999995,0.10000000000000053,0.04
0.2169,0.00020000000000000004,0.40000000000000036,0.05000000000000071,0.030000000000000002
0.21695,0.0,0.1999999999999993,0.0,0.015000000000000001
0.217,0.0,0.0,0.0,0.0
0.21705000000000002,0.0,0.0,0.0,0.0
0.21710000000000002,0.0,0.0,0.0,0.0
0.21715,0.0,0.0,0.0,0.0
0.2172,0.0,0.0,0.0,0.0
0.21725,0.0,0.0,0.0,0.0
0.21730000000000002,0.0,0.0,0.0,0.0
0.21735000000000002,0.0,0.0,0.0,0.0
0.2174,0.0,0.0,0.0,0.0
0.21745,0.0,0.0,0.0,0.0
0.2175,0.0,0.0,0.0,0.0
0.21755000000000002,0.0,0.0,0.0,0.0
0.21760000000000002,0.0,0.0,0.0,0.0
0.21765,0.0,0.0,0.0,0.0
0.2177,0.0,0.0,0.0,0.0
0.21775,0.0,0.0,0.0,0.0
0.21780000000000002,0.0,0.0,0.0,0.0
0.21785000000000002,0.0,0.0,0.0,0.0
0.2179,0.0,0.0,0.0,0.0
0.21795,0.0,0.0,0.0,0.0
0.218,0.0,0.0,0.0,0.0
0.21805000000000002,0.0,0.0,0.0,0.0
0.21810000000000002,0.0,0.0,0.0,0.0
0.21815,0.0006875000000000002,0.25,0.1999999999999993,0.015000000000000001
0.2182,0.0023000000000000004,0.35000000000000053,0.2999999999999998,0.03499999999999999
0.21825,0.0040750000000000005,0.5000000000000009,0.2999999999999998,0.045000000000000005
0.21830000000000002,0.005962500000000001,0.5999999999999996,0.2999999999999998,0.055
0.21835000000000002,0.007912500000000001,0.75,0.2999999999999998,0.060000000000000005
0.2184,0.009825000000000002,0.9000000000000004,0.2999999999999998,0.060000000000000005
0.21845,0.011662500000000003,1.0499999999999998,0.2999999999999998,0.06499999999999999
0.2185,0.013362500000000003,1.1500000000000004,0.2999999999999998,0.06499999999999999
0.21855000000000002,0.014787500000000002,1.2999999999999998,0.2999999999999998,0.06499999999999999
0.21860000000000002,0.016137500000000003,1.4500000000000002,0.2999999999999998,0.06499999999999999
0.21865,0.017325000000000004,1.5499999999999998,0.2999999999999998,0.06499999999999999
0.2187,0.01835,1.7000000000000002,0.2999999999999998,0.06499999999999999
0.21875,0.019000000000000003,1.799999999999999,0.2999999999999998,0.06499999999999999
0.21880000000000002,0.019425000000000005,1.9499999999999993,0.2999999999999998,0.06499999999999999
0.21885000000000002,0.019650000000000004,2.05,0.2999999999999998,0.06499999999999999
0.2189,0.019675000000000005,2.1500000000000004,0.2999999999999998,0.06499999999999999
0.21895,0.019625000000000004,2.25,0.2999999999999998,0.06499999999999999
0.219,0.019350000000000003,2.3,0.2999999999999998,0.06499999999999999
0.21905000000000002,0.018950000000000005,2.3,0.2999999999999998,0.06499999999999999
0.21910000000000002,0.018650000000000003,2.3000000000000007,0.2999999999999998,0.06499999999999999
0.21915,0.0182875,2.2499999999999996,0.2999999999999998,0.060000000000000005
0.2192,0.018012500000000004,2.25,0.2999999999999998,0.060000000000000005
0.21925,0.017625000000000002,2.2499999999999996,0.2999999999999998,0.060000000000000005
0.21930000000000002,0.017212500000000002,2.2,0.2999999999999998,0.060000000000000005
0.21935000000000002,0.016475000000000004,2.15,0.25,0.060000000000000005
0.2194,0.014487500000000002,1.9,0.1999999999999993,0.060000000000000005
0.21945,0.012175000000000002,1.7499999999999996,0.1999999999999993,0.060000000000000005
0.2195,0.009637500000000002,1.5499999999999998,0.1999999999999993,0.060000000000000005
0.21955000000000002,0.007450000000000002,1.3999999999999995,0.14999999999999947,0.060000000000000005
0.21960000000000002,0.005312500000000001,1.1500000000000004,0.14999999999999947,0.055
0.21965,0.003587500000000001,1.0,0.14999999999999947,0.05
0.2197,0.0021000000000000003,0.8000000000000007,0.09999999999999964,0.045000000000000005
0.21975,0.0009625000000000001,0.6000000000000001,0.09999999999999964,0.04
0.21980000000000002,0.00012500000000000003,0.3999999999999999,0.04999999999999982,0.030000000000000002
0.21985000000000002,0.0,0.15000000000000036,0.0,0.01
0.2199,0.0,0.0,0.0,0.0
0.21995,0.0,0.0,0.0,0.0
0.22,0.0,0.0,0.0,0.0
0.22005000000000002,0.0,0.0,0.0,0.0
0.22010000000000002,0.0,0.0,0.0,0.0
0.22015,0.0,0.0,0.0,0.0
0.2202,0.0,0.0,0.0,0.0
0.22025,0.0,0.0,0.0,0.0
0.22030000000000002,0.0,0.0,0.0,0.0
0.22035000000000002,0.0,0.0,0.0,0.0
0.2204,0.0,0.0,0.0,0.0
0.22045,0.0,0.0,0.0,0.0
0.2205,0.0,0.0,0.0,0.0
0.22055000000000002,0.0,0.0,0.0,0.0
0.22060000000000002,0.0,0.0,0.0,0.0
0.22065,0.0,0.0,0.0,0.0
0.2207,0.0,0.0,0.0,0.0
0.22075,0.0,0.0,0.0,0.0
0.22080000000000002,0.0,0.0,0.0,0.0
0.22085000000000002,0.0,0.0,0.0,0.0
0.2209,0.0,0.0,0.0,0.0
0.22095,0.0,0.0,0.0,0.0
0.221,0.0,0.0,0.0,0.0
0.22105000000000002,0.0010875000000000001,0.2999999999999998,0.25,0.02
0.22110000000000002,0.0026250000000000006,0.3999999999999999,0.2999999999999998,0.03499999999999999
0.22115,0.004475000000000001,0.5499999999999998,0.2999999999999998,0.045000000000000005
0.2212,0.0064125000000000015,0.6499999999999999,0.2999999999999998,0.055
0.22125,0.008275000000000001,0.7999999999999998,0.2999999999999998,0.060000000000000005
0.22130000000000002,0.010087500000000003,0.9500000000000002,0.2999999999999998,0.060000000000000005
0.22135000000000002,0.011862500000000002,1.0499999999999998,0.2999999999999998,0.06499999999999999
0.2214,0.013387500000000002,1.2000000000000002,0.2999999999999998,0.06499999999999999
0.22145,0.014762500000000003,1.3499999999999996,0.2999999999999998,0.06499999999999999
0.2215,0.016062500000000004,1.4499999999999997,0.2999999999999998,0.06499999999999999
0.22155,0.017125000000000005,1.6,0.2999999999999998,0.06499999999999999
0.22160000000000002,0.017937500000000002,1.7000000000000006,0.2999999999999998,0.06499999999999999
0.22165,0.018575000000000005,1.85,0.2999999999999998,0.06499999999999999
0.2217,0.018937500000000003,1.9500000000000006,0.2999999999999998,0.06499999999999999
0.22175,0.019025000000000004,2.05,0.2999999999999998,0.06499999999999999
0.2218,0.019062500000000003,2.15,0.2999999999999998,0.06499999999999999
0.22185000000000002,0.021025000000000005,2.4,0.2999999999999998,0.06499999999999999
0.22190000000000001,0.018500000000000003,2.25,0.2999999999999998,0.06499999999999999
0.22195,0.018125000000000002,2.2500000000000004,0.2999999999999998,0.060000000000000005
0.222,0.017887500000000004,2.25,0.2999999999999998,0.060000000000000005
0.22205,0.017525000000000002,2.25,0.2999999999999998,0.060000000000000005
0.22210000000000002,0.019237500000000005,2.3,0.2999999999999998,0.060000000000000005
0.22215000000000001,0.016787500000000004,2.1500000000000004,0.2999999999999998,0.060000000000000005
0.2222,0.016050000000000002,2.1000000000000005,0.25,0.060000000000000005
0.22225,0.014050000000000002,1.9000000000000004,0.20000000000000018,0.060000000000000005
0.2223,0.011650000000000002,1.7000000000000002,0.20000000000000018,0.060000000000000005
0.22235000000000002,0.009250000000000001,1.5,0.20000000000000018,0.060000000000000005
0.22240000000000001,0.007025000000000001,1.3499999999999996,0.14999999999999947,0.055
0.22245,0.004962500000000001,1.1500000000000004,0.14999999999999947,0.055
0.2225,0.0033375000000000006,1.0,0.09999999999999964,0.05
0.22255,0.0018000000000000004,0.75,0.09999999999999964,0.045000000000000005
0.22260000000000002,0.0007250000000000002,0.5999999999999996,0.04999999999999982,0.04
0.22265000000000001,3.7500000000000003e-05,0.34999999999999964,0.04999999999999982,0.025
0.2227,0.0,0.04999999999999982,0.0,0.005
0.22275,0.0,0.0,0.0,0.0
0.2228,0.0,0.0,0.0,0.0
0.22285000000000002,0.0,0.0,0.0,0.0
0.22290000000000001,0.0,0.0,0.0,0.0
0.22295,0.0,0.0,0.0,0.0
0.223,0.0,0.0,0.0,0.0
0.22305,0.0,0.0,0.0,0.0
0.22310000000000002,0.0,0.0,0.0,0.0
0.22315000000000002,0.0,0.0,0.0,0.0
0.2232,0.0,0.0,0.0,0.0
0.22325,0.0,0.0,0.0,0.0
0.2233,0.0,0.0,0.0,0.0
0.22335000000000002,0.0,0.0,0.0,0.0
0.22340000000000002,0.0,0.0,0.0,0.0
0.22345,0.0,0.0,0.0,0.0
0.2235,0.0,0.0,0.0,0.0
0.22355,0.0,0.0,0.0,0.0
0.22360000000000002,0.0,0.0,0.0,0.0
0.22365000000000002,0.0,0.0,0.0,0.0
0.2237,0.0,0.0,0.0,0.0
0.22375,0.0,0.0,0.0,0.0
0.2238,0.0,0.0,0.0,0.0
0.22385000000000002,0.0011500000000000002,0.25,0.25,0.02
0.22390000000000002,0.0011125000000000002,0.25,0.25,0.02
0.22395,0.0026375000000000005,0.40000000000000036,0.3000000000000007,0.03499999999999999
0.224,0.004450000000000001,0.5,0.3000000000000007,0.045000000000000005
0.22405,0.006387500000000001,0.6500000000000004,0.3000000000000007,0.055
0.22410000000000002,0.008187500000000002,0.8000000000000007,0.3000000000000007,0.060000000000000005
0.22415000000000002,0.010075000000000002,0.8999999999999995,0.3000000000000007,0.060000000000000005
0.2242,0.011800000000000001,1.0499999999999998,0.3000000000000007,0.06499999999999999
0.22425,0.013350000000000002,1.1999999999999993,0.3000000000000007,0.06499999999999999
0.2243,0.014812500000000003,1.2999999999999998,0.3000000000000007,0.06499999999999999
0.22435000000000002,0.016075000000000002,1.4499999999999993,0.3000000000000007,0.06499999999999999
0.22440000000000002,0.017087500000000002,1.5999999999999996,0.3000000000000007,0.06499999999999999
0.22445,0.017912500000000005,1.7000000000000002,0.3000000000000007,0.06499999999999999
0.2245,0.018500000000000003,1.8500000000000005,0.3000000000000007,0.06499999999999999
0.22455,0.018812500000000003,1.9500000000000002,0.3000000000000007,0.06499999999999999
0.22460000000000002,0.018987500000000004,2.05,0.3000000000000007,0.06499999999999999
0.22465000000000002,0.018837500000000004,2.1500000000000004,0.3000000000000007,0.06499999999999999
0.2247,0.018725000000000002,2.1999999999999993,0.3000000000000007,0.06499999999999999
0.22475,0.018362500000000004,2.25,0.3000000000000007,0.060000000000000005
0.2248,0.018012500000000004,2.25,0.3000000000000007,0.060000000000000005
0.22485000000000002,0.017762500000000004,2.2499999999999996,0.3000000000000007,0.060000000000000005
0.22490000000000002,0.017325000000000004,2.2,0.3000000000000007,0.060000000000000005
0.22495,0.016987500000000003,2.1999999999999997,0.3000000000000007,0.060000000000000005
0.225,0.016412500000000003,2.1499999999999995,0.3000000000000007,0.060000000000000005
0.22505,0.014612500000000002,1.9500000000000002,0.20000000000000018,0.060000000000000005
0.22510000000000002,0.012275000000000003,1.75,0.20000000000000018,0.060000000000000005
0.22515000000000002,0.009812500000000002,1.5500000000000007,0.20000000000000018,0.060000000000000005
0.2252,0.007600000000000002,1.35,0.15000000000000036,0.060000000000000005
0.22525,0.005425000000000001,1.1999999999999997,0.15000000000000036,0.055
0.2253,0.0037125000000000005,1.0500000000000003,0.15000000000000036,0.05
0.22535000000000002,0.0021875,0.8000000000000003,0.10000000000000053,0.045000000000000005
0.22540000000000002,0.0010125000000000002,0.6499999999999999,0.10000000000000053,0.04
0.22545,0.00013750000000000004,0.40000000000000036,0.05000000000000071,0.030000000000000002
0.2255,0.0,0.09999999999999964,0.0,0.015000000000000001
0.22555,0.0,0.0,0.0,0.0
0.22560000000000002,0.0,0.0,0.0,0.0
0.22565000000000002,0.0,0.0,0.0,0.0
0.2257,0.0,0.0,0.0,0.0
0.22575,0.0,0.0,0.0,0.0
0.2258,0.0,0.0,0.0,0.0
0.22585000000000002,0.0,0.0,0.0,0.0
0.22590000000000002,0.0,0.0,0.0,0.0
0.22595,0.0,0.0,0.0,0.0
0.226,0.0,0.0,0.0,0.0
0.22605,0.0,0.0,0.0,0.0
0.22610000000000002,0.0,0.0,0.0,0.0
0.22615000000000002,0.0,0.0,0.0,0.0
0.2262,0.0,0.0,0.0,0.0
0.22625,0.0,0.0,0.0,0.0
0.2263,0.0,0.0,0.0,0.0
0.22635000000000002,0.0,0.0,0.0,0.0
0.22640000000000002,0.0,0.0,0.0,0.0
0.22645,0.0,0.0,0.0,0.0
0.2265,0.0,0.0,0.0,0.0
0.22655,0.0,0.0,0.0,0.0
0.22660000000000002,0.0,0.0,0.0,0.0
0.22665000000000002,0.0,0.0,0.0,0.0
0.2267,0.0007500000000000001,0.20000000000000018,0.1999999999999993,0.015000000000000001
0.22675,0.0023125000000000003,0.3500000000000001,0.3000000000000007,0.03499999999999999
0.2268,0.004062500000000001,0.44999999999999973,0.3000000000000007,0.045000000000000005
0.22685000000000002,0.005937500000000001,0.6000000000000001,0.3000000000000007,0.055
0.22690000000000002,0.007850000000000001,0.7500000000000004,0.3000000000000007,0.060000000000000005
0.22695,0.009687500000000002,0.8500000000000001,0.3000000000000007,0.060000000000000005
0.227,0.011400000000000002,1.0000000000000004,0.3000000000000007,0.06499999999999999
0.22705,0.013000000000000003,1.15,0.3000000000000007,0.06499999999999999
0.22710000000000002,0.014475000000000003,1.2500000000000004,0.3000000000000007,0.06499999999999999
0.22715000000000002,0.0157375,1.4000000000000008,0.3000000000000007,0.06499999999999999
0.2272,0.016887500000000003,1.5500000000000003,0.3000000000000007,0.06499999999999999
0.22725,0.017650000000000002,1.6500000000000004,0.3000000000000007,0.06499999999999999
0.2273,0.018300000000000004,1.7999999999999998,0.3000000000000007,0.06499999999999999
0.22735000000000002,0.018762500000000005,1.9,0.3000000000000007,0.06499999999999999
0.22740000000000002,0.018937500000000003,1.9999999999999996,0.3000000000000007,0.06499999999999999
0.22745,0.018925000000000004,2.1,0.3000000000000007,0.06499999999999999
0.2275,0.018637500000000005,2.1999999999999993,0.3000000000000007,0.06499999999999999
0.22755,0.018375000000000002,2.25,0.3000000000000007,0.060000000000000005
0.22760000000000002,0.018112500000000004,2.2,0.3000000000000007,0.060000000000000005
0.22765000000000002,0.017687500000000002,2.1999999999999993,0.3000000000000007,0.060000000000000005
0.2277,0.017425000000000003,2.2,0.3000000000000007,0.060000000000000005
0.22775,0.016950000000000003,2.1499999999999995,0.3000000000000007,0.060000000000000005
0.2278,0.015750000000000004,2.0500000000000007,0.25,0.060000000000000005
0.22785000000000002,0.013550000000000003,1.8499999999999996,0.1999999999999993,0.060000000000000005
0.22790000000000002,0.011125000000000001,1.6499999999999995,0.1999999999999993,0.060000000000000005
0.22795,0.008775000000000002,1.4999999999999991,0.1999999999999993,0.060000000000000005
0.228,0.0066250000000000015,1.2999999999999998,0.15000000000000036,0.055
0.22805,0.004562500000000001,1.0999999999999996,0.15000000000000036,0.055
0.2281,0.0029375000000000004,0.9000000000000012,0.10000000000000053,0.05
0.22815000000000002,0.0015250000000000003,0.7500000000000009,0.10000000000000053,0.045000000000000005
0.22820000000000001,0.0005250000000000001,0.5,0.04999999999999982,0.03499999999999999
0.22825,0.0,0.2999999999999998,0.04999999999999982,0.025
0.2283,0.0,0.0,0.0,0.0
0.22835,0.0,0.0,0.0,0.0
0.22840000000000002,0.0,0.0,0.0,0.0
0.22845000000000001,0.0,0.0,0.0,0.0
0.2285,0.0,0.0,0.0,0.0
0.22855,0.0,0.0,0.0,0.0
0.2286,0.0,0.0,0.0,0.0
0.22865000000000002,0.0,0.0,0.0,0.0
0.22870000000000001,0.0,0.0,0.0,0.0
0.22875,0.0,0.0,0.0,0.0
0.2288,0.0,0.0,0.0,0.0
0.22885,0.0,0.0,0.0,0.0
0.22890000000000002,0.0,0.0,0.0,0.0
0.22895000000000001,0.0,0.0,0.0,0.0
0.229,0.0,0.0,0.0,0.0
0.22905,0.0,0.0,0.0,0.0
0.2291,0.0,0.0,0.0,0.0
0.22915000000000002,0.0,0.0,0.0,0.0
0.22920000000000001,0.0,0.0,0.0,0.0
0.22925,0.0,0.0,0.0,0.0
0.2293,0.0,0.0,0.0,0.0
0.22935,0.0,0.0,0.0,0.0
0.22940000000000002,0.0,0.0,0.0,0.0
0.22945000000000002,0.0,0.0,0.0,0.0
0.2295,0.0015250000000000003,0.2999999999999998,0.25,0.025
0.22955,0.0032250000000000004,0.39999999999999947,0.2999999999999998,0.04
0.2296,0.0050750000000000005,0.5499999999999998,0.2999999999999998,0.05
0.22965000000000002,0.009325000000000002,0.8499999999999996,0.2999999999999998,0.060000000000000005
0.22970000000000002,0.008825000000000001,0.8000000000000007,0.2999999999999998,0.060000000000000005
0.22975,0.010675000000000002,0.9500000000000011,0.2999999999999998,0.06499999999999999
0.2298,0.012262500000000003,1.1000000000000005,0.2999999999999998,0.06499999999999999
0.22985,0.013862500000000003,1.2000000000000002,0.2999999999999998,0.06499999999999999
0.22990000000000002,0.017587500000000002,1.5,0.2999999999999998,0.06499999999999999
0.22995000000000002,0.016350000000000003,1.5,0.2999999999999998,0.06499999999999999
0.23,0.017350000000000004,1.5999999999999996,0.2999999999999998,0.06499999999999999
0.23005,0.018087500000000003,1.75,0.2999999999999998,0.06499999999999999
0.2301,0.018562500000000003,1.8500000000000005,0.2999999999999998,0.06499999999999999
0.23015000000000002,0.021200000000000004,2.1500000000000004,0.2999999999999998,0.06499999999999999
0.23020000000000002,0.018925000000000004,2.0999999999999996,0.2999999999999998,0.06499999999999999
0.23025,0.018825000000000005,2.1499999999999995,0.2999999999999998,0.06499999999999999
0.2303,0.018512500000000005,2.25,0.2999999999999998,0.06499999999999999
0.23035,0.018262500000000004,2.25,0.2999999999999998,0.060000000000000005
0.23040000000000002,0.020050000000000005,2.3999999999999995,0.2999999999999998,0.060000000000000005
0.23045000000000002,0.017487500000000003,2.2,0.2999999999999998,0.060000000000000005
0.2305,0.016925000000000003,2.1999999999999997,0.2999999999999998,0.060000000000000005
0.23055,0.015275000000000002,1.9999999999999996,0.20000000000000018,0.060000000000000005
0.2306,0.012937500000000003,1.8000000000000003,0.20000000000000018,0.060000000000000005
0.23065000000000002,0.010437500000000002,1.65,0.20000000000000018,0.060000000000000005
0.23070000000000002,0.0082625,1.4000000000000008,0.15000000000000036,0.060000000000000005
0.23075,0.006075000000000001,1.2500000000000004,0.15000000000000036,0.055
0.2308,0.004200000000000001,1.0499999999999998,0.15000000000000036,0.055
0.23085,0.0025375000000000003,0.8499999999999996,0.09999999999999964,0.05
0.23090000000000002,0.0013125000000000003,0.6499999999999999,0.09999999999999964,0.04
0.23095000000000002,0.00028750000000000005,0.49999999999999956,0.049999999999998934,0.03499999999999999
0.231,0.0,0.25,0.0,0.02
0.23105,0.0,0.0,0.0,0.0
0.2311,0.0,0.0,0.0,0.0
0.23115000000000002,0.0,0.0,0.0,0.0
0.23120000000000002,0.0,0.0,0.0,0.0
0.23125,0.0,0.0,0.0,0.0
0.2313,0.0,0.0,0.0,0.0
0.23135,0.0,0.0,0.0,0.0
0.23140000000000002,0.0,0.0,0.0,0.0
0.23145000000000002,0.0,0.0,0.0,0.0
0.2315,0.0,0.0,0.0,0.0
0.23155,0.0,0.0,0.0,0.0
0.2316,0.0,0.0,0.0,0.0
0.23165000000000002,0.0,0.0,0.0,0.0
0.23170000000000002,0.0,0.0,0.0,0.0
0.23175,0.0,0.0,0.0,0.0
0.2318,0.0,0.0,0.0,0.0
0.23185,0.0,0.0,0.0,0.0
0.23190000000000002,0.0,0.0,0.0,0.0
0.23195000000000002,0.0,0.0,0.0,0.0
0.232,0.0,0.0,0.0,0.0
0.23205,0.0,0.0,0.0,0.0
0.2321,0.0,0.0,0.0,0.0
0.23215000000000002,0.0,0.0,0.0,0.0
0.23220000000000002,0.0005000000000000001,0.20000000000000018,0.20000000000000107,0.01
0.23225,0.0020875000000000004,0.3500000000000001,0.2999999999999998,0.030000000000000002
0.2323,0.003800000000000001,0.4500000000000002,0.2999999999999998,0.045000000000000005
0.23235,0.005550000000000001,0.6000000000000001,0.2999999999999998,0.05
0.23240000000000002,0.0075000000000000015,0.7000000000000002,0.2999999999999998,0.055
0.23245000000000002,0.009375000000000001,0.8499999999999996,0.2999999999999998,0.060000000000000005
0.2325,0.010987500000000002,1.0,0.2999999999999998,0.06499999999999999
0.23255,0.012637500000000003,1.0999999999999992,0.2999999999999998,0.06499999999999999
0.2326,0.014050000000000002,1.2499999999999996,0.2999999999999998,0.06499999999999999
0.23265000000000002,0.015350000000000003,1.4,0.2999999999999998,0.06499999999999999
0.23270000000000002,0.016387500000000003,1.5000000000000004,0.2999999999999998,0.06499999999999999
0.23275,0.017225000000000004,1.65,0.2999999999999998,0.06499999999999999
0.2328,0.017950000000000004,1.7500000000000004,0.2999999999999998,0.06499999999999999
0.23285,0.018337500000000003,1.9,0.2999999999999998,0.06499999999999999
0.23290000000000002,0.018412500000000002,2.0,0.2999999999999998,0.06499999999999999
0.23295000000000002,0.018387500000000005,2.1000000000000005,0.2999999999999998,0.060000000000000005
0.233,0.0182875,2.15,0.2999999999999998,0.060000000000000005
0.23305,0.017950000000000004,2.2,0.2999999999999998,0.060000000000000005
0.2331,0.017600000000000005,2.1999999999999993,0.2999999999999998,0.060000000000000005
0.23315000000000002,0.017212500000000002,2.2,0.2999999999999998,0.060000000000000005
0.23320000000000002,0.016475000000000004,2.1499999999999995,0.2999999999999998,0.060000000000000005
0.23325,0.014850000000000002,1.950000000000001,0.20000000000000107,0.060000000000000005
0.2333,0.012437500000000002,1.7500000000000009,0.20000000000000107,0.060000000000000005
0.23335,0.010012500000000002,1.5499999999999998,0.20000000000000107,0.060000000000000005
0.23340000000000002,0.0077750000000000015,1.3999999999999995,0.15000000000000036,0.060000000000000005
0.23345000000000002,0.005562500000000001,1.2000000000000002,0.15000000000000036,0.055
0.2335,0.0037750000000000006,1.0,0.15000000000000036,0.05
0.23355,0.0022375000000000003,0.8500000000000005,0.09999999999999964,0.045000000000000005
0.2336,0.0010625000000000003,0.6000000000000005,0.09999999999999964,0.04
0.23365000000000002,0.00016250000000000002,0.39999999999999947,0.04999999999999982,0.030000000000000002
0.23370000000000002,0.0,0.14999999999999947,0.0,0.015000000000000001
0.23375,0.0,0.0,0.0,0.0
0.2338,0.0,0.0,0.0,0.0
0.23385,0.0,0.0,0.0,0.0
0.23390000000000002,0.0,0.0,0.0,0.0
0.23395000000000002,0.0,0.0,0.0,0.0
0.234,0.0,0.0,0.0,0.0
0.23405,0.0,0.0,0.0,0.0
0.2341,0.0,0.0,0.0,0.0
0.23415000000000002,0.0,0.0,0.0,0.0
0.23420000000000002,0.0,0.0,0.0,0.0
0.23425,0.0,0.0,0.0,0.0
0.2343,0.0,0.0,0.0,0.0
0.23435,0.0,0.0,0.0,0.0
0.23440000000000003,0.0,0.0,0.0,0.0
0.23445000000000002,0.0,0.0,0.0,0.0
0.23450000000000001,0.0,0.0,0.0,0.0
0.23455,0.0,0.0,0.0,0.0
0.2346,0.0,0.0,0.0,0.0
0.23465,0.0,0.0,0.0,0.0
0.23470000000000002,0.0,0.0,0.0,0.0
0.23475000000000001,0.0,0.0,0.0,0.0
0.2348,0.0,0.0,0.0,0.0
0.23485,0.0,0.0,0.0,0.0
0.2349,0.0005750000000000001,0.20000000000000107,0.20000000000000018,0.01
0.23495000000000002,0.004175000000000001,0.5,0.2999999999999998,0.045000000000000005
0.23500000000000001,0.003875000000000001,0.5,0.2999999999999998,0.045000000000000005
0.23505,0.005712500000000001,0.6499999999999995,0.2999999999999998,0.05
0.2351,0.007600000000000002,0.75,0.2999999999999998,0.055
0.23515,0.009437500000000001,0.9000000000000004,0.2999999999999998,0.060000000000000005
0.23520000000000002,0.013512500000000002,1.2000000000000002,0.2999999999999998,0.06499999999999999
0.23525000000000001,0.012700000000000003,1.1500000000000004,0.2999999999999998,0.06499999999999999
0.2353,0.014137500000000002,1.2999999999999998,0.2999999999999998,0.06499999999999999
0.23535,0.015412500000000003,1.4500000000000002,0.2999999999999998,0.06499999999999999
0.2354,0.0164,1.5499999999999998,0.2999999999999998,0.06499999999999999
0.23545000000000002,0.019475000000000003,1.8499999999999996,0.2999999999999998,0.06499999999999999
0.23550000000000001,0.017825000000000004,1.7999999999999998,0.2999999999999998,0.06499999999999999
0.23555,0.018275000000000003,1.9500000000000002,0.2999999999999998,0.06499999999999999
0.2356,0.018400000000000003,2.05,0.2999999999999998,0.06499999999999999
0.23565,0.018312500000000002,2.1500000000000004,0.2999999999999998,0.060000000000000005
0.23570000000000002,0.020250000000000004,2.3000000000000007,0.2999999999999998,0.060000000000000005
0.23575000000000002,0.017787500000000005,2.2,0.2999999999999998,0.060000000000000005
0.2358,0.017412500000000004,2.15,0.2999999999999998,0.060000000000000005
0.23585,0.016787500000000004,2.1499999999999995,0.2999999999999998,0.060000000000000005
0.2359,0.015287500000000002,2.0,0.25,0.060000000000000005
0.23595000000000002,0.012862500000000002,1.7999999999999998,0.20000000000000018,0.060000000000000005
0.23600000000000002,0.010412500000000002,1.6,0.20000000000000018,0.060000000000000005
0.23605,0.008162500000000001,1.4499999999999997,0.15000000000000036,0.060000000000000005
0.2361,0.006012500000000001,1.2499999999999996,0.15000000000000036,0.055
0.23615,0.004125000000000001,1.0499999999999994,0.15000000000000036,0.055
0.23620000000000002,0.0024625000000000003,0.8999999999999999,0.10000000000000053,0.05
0.23625000000000002,0.0012625000000000002,0.6499999999999999,0.10000000000000053,0.04
0.2363,0.00026250000000000004,0.4500000000000002,0.05000000000000071,0.03499999999999999
0.23635,0.0,0.20000000000000018,0.0,0.02
0.2364,0.0,0.0,0.0,0.0
0.23645000000000002,0.0,0.0,0.0,0.0
0.23650000000000002,0.0,0.0,0.0,0.0
0.23655,0.0,0.0,0.0,0.0
0.2366,0.0,0.0,0.0,0.0
0.23665,0.0,0.0,0.0,0.0
0.23670000000000002,0.0,0.0,0.0,0.0
0.23675000000000002,0.0,0.0,0.0,0.0
0.2368,0.0,0.0,0.0,0.0
0.23685,0.0,0.0,0.0,0.0
0.2369,0.0,0.0,0.0,0.0
0.23695000000000002,0.0,0.0,0.0,0.0
0.23700000000000002,0.0,0.0,0.0,0.0
0.23705,0.0,0.0,0.0,0.0
0.2371,0.0,0.0,0.0,0.0
0.23715,0.0,0.0,0.0,0.0
0.23720000000000002,0.0,0.0,0.0,0.0
0.23725000000000002,0.0,0.0,0.0,0.0
0.2373,0.0,0.0,0.0,0.0
0.23735,0.0,0.0,0.0,0.0
0.2374,0.0,0.0,0.0,0.0
0.23745000000000002,0.0,0.0,0.0,0.0
0.23750000000000002,0.0,0.0,0.0,0.0
0.23755,0.00035000000000000005,0.20000000000000018,0.1999999999999993,0.01
0.2376,0.0019625000000000003,0.2999999999999998,0.2999999999999998,0.030000000000000002
0.23765,0.0036250000000000006,0.44999999999999973,0.2999999999999998,0.045000000000000005
0.23770000000000002,0.005500000000000001,0.5500000000000003,0.2999999999999998,0.05
0.23775000000000002,0.0073500000000000015,0.6999999999999997,0.2999999999999998,0.055
0.2378,0.0091125,0.8500000000000001,0.2999999999999998,0.060000000000000005
0.23785,0.010900000000000002,0.9499999999999997,0.2999999999999998,0.06499999999999999
0.2379,0.012562500000000002,1.1,0.2999999999999998,0.06499999999999999
0.23795000000000002,0.013887500000000002,1.2499999999999996,0.2999999999999998,0.06499999999999999
0.23800000000000002,0.015225000000000002,1.3499999999999996,0.2999999999999998,0.06499999999999999
0.23805,0.016212500000000005,1.5,0.2999999999999998,0.06499999999999999
0.2381,0.017162500000000004,1.6499999999999995,0.2999999999999998,0.06499999999999999
0.23815,0.017787500000000005,1.75,0.2999999999999998,0.06499999999999999
0.23820000000000002,0.018212500000000003,1.8499999999999996,0.2999999999999998,0.06499999999999999
0.23825000000000002,0.018337500000000003,2.0,0.2999999999999998,0.06499999999999999
0.2383,0.018325000000000004,2.1,0.2999999999999998,0.060000000000000005
0.23835,0.018137500000000004,2.1500000000000004,0.2999999999999998,0.060000000000000005
0.2384,0.017800000000000003,2.2,0.2999999999999998,0.060000000000000005
0.23845000000000002,0.017300000000000003,2.2,0.2999999999999998,0.060000000000000005
0.23850000000000002,0.016237500000000002,2.0999999999999996,0.25,0.060000000000000005
0.23855,0.013962500000000003,1.9000000000000004,0.1999999999999993,0.060000000000000005
0.2386,0.011562500000000002,1.7000000000000002,0.1999999999999993,0.060000000000000005
0.23865,0.009162500000000002,1.5000000000000009,0.1999999999999993,0.060000000000000005
0.23870000000000002,0.006937500000000001,1.3500000000000005,0.14999999999999947,0.055
0.23875000000000002,0.004837500000000001,1.0999999999999996,0.14999999999999947,0.055
0.2388,0.0031750000000000007,0.9499999999999993,0.09999999999999964,0.05
0.23885,0.0017125000000000003,0.75,0.09999999999999964,0.045000000000000005
0.2389,0.0007000000000000001,0.5499999999999998,0.04999999999999982,0.03499999999999999
0.23895000000000002,0.0,0.35000000000000053,0.04999999999999982,0.025
0.23900000000000002,0.0,0.0,0.0,0.0
0.23905,0.0,0.0,0.0,0.0
0.2391,0.0,0.0,0.0,0.0
0.23915,0.0,0.0,0.0,0.0
0.23920000000000002,0.0,0.0,0.0,0.0
0.23925000000000002,0.0,0.0,0.0,0.0
0.2393,0.0,0.0,0.0,0.0
0.23935,0.0,0.0,0.0,0.0
0.2394,0.0,0.0,0.0,0.0
0.23945000000000002,0.0,0.0,0.0,0.0
0.23950000000000002,0.0,0.0,0.0,0.0
0.23955,0.0,0.0,0.0,0.0
0.2396,0.0,0.0,0.0,0.0
0.23965,0.0,0.0,0.0,0.0
0.23970000000000002,0.0,0.0,0.0,0.0
0.23975000000000002,0.0,0.0,0.0,0.0
0.2398,0.0,0.0,0.0,0.0
0.23985,0.0,0.0,0.0,0.0
0.2399,0.0,0.0,0.0,0.0
0.23995000000000002,0.0,0.0,0.0,0.0
0.24000000000000002,0.0,0.0,0.0,0.0
0.24005,0.0,0.0,0.0,0.0
0.2401,0.0,0.0,0.0,0.0
0.24015,0.0,0.0,0.0,0.0
0.24020000000000002,0.0013875000000000003,0.25,0.25,0.025
0.24025000000000002,0.0029875000000000006,0.40000000000000036,0.2999999999999998,0.04
0.2403,0.004850000000000001,0.4999999999999991,0.2999999999999998,0.05
0.24035,0.0067125000000000015,0.6499999999999995,0.2999999999999998,0.055
0.2404,0.008500000000000002,0.7999999999999998,0.2999999999999998,0.060000000000000005
0.24045000000000002,0.010287500000000002,0.8999999999999995,0.2999999999999998,0.060000000000000005
0.24050000000000002,0.011962500000000003,1.0499999999999998,0.2999999999999998,0.06499999999999999
0.24055,0.013375000000000003,1.1999999999999993,0.2999999999999998,0.06499999999999999
0.2406,0.014787500000000002,1.2999999999999998,0.2999999999999998,0.06499999999999999
0.24065,0.015887500000000002,1.4500000000000002,0.2999999999999998,0.06499999999999999
0.24070000000000003,0.016862500000000002,1.6000000000000005,0.2999999999999998,0.06499999999999999
0.24075000000000002,0.019850000000000003,1.8500000000000005,0.2999999999999998,0.06499999999999999
0.24080000000000001,0.018125000000000002,1.8500000000000005,0.2999999999999998,0.06499999999999999
0.24085,0.018337500000000003,1.9500000000000002,0.2999999999999998,0.06499999999999999
0.2409,0.018375000000000002,2.0500000000000007,0.2999999999999998,0.060000000000000005
0.24095000000000003,0.018212500000000003,2.15,0.2999999999999998,0.060000000000000005
0.24100000000000002,0.019887500000000002,2.35,0.2999999999999998,0.060000000000000005
0.24105000000000001,0.017337500000000002,2.1999999999999997,0.2999999999999998,0.060000000000000005
0.2411,0.015662500000000003,2.0499999999999994,0.25,0.060000000000000005
0.24115,0.013375000000000003,1.8000000000000003,0.20000000000000018,0.060000000000000005
0.2412,0.010775000000000002,1.65,0.20000000000000018,0.060000000000000005
0.24125000000000002,0.008437500000000002,1.4500000000000006,0.14999999999999947,0.060000000000000005
0.24130000000000001,0.006337500000000001,1.25,0.14999999999999947,0.055
0.24135,0.004300000000000001,1.0999999999999996,0.14999999999999947,0.055
0.2414,0.0026750000000000003,0.8499999999999996,0.09999999999999964,0.05
0.24145,0.0014000000000000002,0.7000000000000002,0.09999999999999964,0.045000000000000005
0.24150000000000002,0.0003875000000000001,0.5,0.04999999999999982,0.03499999999999999
0.24155000000000001,0.0,0.25000000000000044,0.04999999999999982,0.02
0.2416,0.0,0.0,0.0,0.0
0.24165,0.0,0.0,0.0,0.0
0.2417,0.0,0.0,0.0,0.0
0.24175000000000002,0.0,0.0,0.0,0.0
0.24180000000000001,0.0,0.0,0.0,0.0
0.24185,0.0,0.0,0.0,0.0
0.2419,0.0,0.0,0.0,0.0
0.24195,0.0,0.0,0.0,0.0
0.24200000000000002,0.0,0.0,0.0,0.0
0.24205000000000002,0.0,0.0,0.0,0.0
0.2421,0.0,0.0,0.0,0.0
0.24215,0.0,0.0,0.0,0.0
0.2422,0.0,0.0,0.0,0.0
0.24225000000000002,0.0,0.0,0.0,0.0
0.24230000000000002,0.0,0.0,0.0,0.0
0.24235,0.0,0.0,0.0,0.0
0.2424,0.0,0.0,0.0,0.0
0.24245,0.0,0.0,0.0,0.0
0.24250000000000002,0.0,0.0,0.0,0.0
0.24255000000000002,0.0,0.0,0.0,0.0
0.2426,0.0,0.0,0.0,0.0
0.24265,0.0,0.0,0.0,0.0
0.2427,0.0,0.0,0.0,0.0
0.24275000000000002,0.0021375000000000005,0.3500000000000001,0.25,0.030000000000000002
0.24280000000000002,0.0019250000000000003,0.3500000000000001,0.25,0.030000000000000002
0.24285,0.0036500000000000005,0.4500000000000002,0.3000000000000007,0.045000000000000005
0.2429,0.005500000000000001,0.5999999999999996,0.3000000000000007,0.05
0.24295,0.007275000000000001,0.75,0.3000000000000007,0.055
0.24300000000000002,0.011425000000000003,1.0,0.3000000000000007,0.060000000000000005
0.24305000000000002,0.010800000000000002,1.0,0.3000000000000007,0.060000000000000005
0.2431,0.012262500000000003,1.1499999999999995,0.3000000000000007,0.06499999999999999
0.24315,0.013687500000000002,1.25,0.3000000000000007,0.06499999999999999
0.2432,0.014912500000000002,1.4000000000000004,0.3000000000000007,0.06499999999999999
0.24325000000000002,0.018200000000000004,1.7000000000000002,0.3000000000000007,0.06499999999999999
0.24330000000000002,0.016775,1.65,0.3000000000000007,0.06499999999999999
0.24335,0.017425000000000003,1.7999999999999994,0.3000000000000007,0.06499999999999999
0.2434,0.017725000000000005,1.9,0.3000000000000007,0.060000000000000005
0.24345,0.017862500000000003,2.0,0.3000000000000007,0.060000000000000005
0.24350000000000002,0.019800000000000005,2.2,0.3000000000000007,0.060000000000000005
0.24355000000000002,0.017387500000000004,2.0999999999999996,0.3000000000000007,0.060000000000000005
0.2436,0.016737500000000002,2.1499999999999995,0.3000000000000007,0.060000000000000005
0.24365,0.014937500000000003,2.0,0.20000000000000018,0.060000000000000005
0.2437,0.012512500000000003,1.75,0.20000000000000018,0.060000000000000005
0.24375000000000002,0.010037500000000001,1.5999999999999996,0.20000000000000018,0.060000000000000005
0.24380000000000002,0.007762500000000001,1.3500000000000005,0.15000000000000036,0.060000000000000005
0.24385,0.005600000000000001,1.2000000000000002,0.15000000000000036,0.055
0.2439,0.0037500000000000007,1.0499999999999998,0.15000000000000036,0.05
0.24395,0.0021375000000000005,0.7999999999999998,0.10000000000000053,0.045000000000000005
0.24400000000000002,0.0010625000000000003,0.6000000000000005,0.10000000000000053,0.04
0.24405000000000002,0.00012500000000000003,0.40000000000000036,0.05000000000000071,0.030000000000000002
0.2441,0.0,0.09999999999999964,0.0,0.015000000000000001
0.24415,0.0,0.0,0.0,0.0
0.2442,0.0,0.0,0.0,0.0
0.24425000000000002,0.0,0.0,0.0,0.0
0.24430000000000002,0.0,0.0,0.0,0.0
0.24435,0.0,0.0,0.0,0.0
0.2444,0.0,0.0,0.0,0.0
0.24445,0.0,0.0,0.0,0.0
0.24450000000000002,0.0,0.0,0.0,0.0
0.24455000000000002,0.0,0.0,0.0,0.0
0.2446,0.0,0.0,0.0,0.0
0.24465,0.0,0.0,0.0,0.0
0.2447,0.0,0.0,0.0,0.0
0.24475000000000002,0.0,0.0,0.0,0.0
0.24480000000000002,0.0,0.0,0.0,0.0
0.24485,0.0,0.0,0.0,0.0
0.2449,0.0,0.0,0.0,0.0
0.24495,0.0,0.0,0.0,0.0
0.24500000000000002,0.0,0.0,0.0,0.0
0.24505000000000002,0.0,0.0,0.0,0.0
0.2451,0.0,0.0,0.0,0.0
0.24515,0.0,0.0,0.0,0.0
0.2452,0.0,0.0,0.0,0.0
0.24525000000000002,0.0,0.0,0.0,0.0
0.24530000000000002,0.0006500000000000001,0.1999999999999993,0.1999999999999993,0.015000000000000001
0.24535,0.0022125000000000005,0.34999999999999964,0.2999999999999998,0.030000000000000002
0.2454,0.00395,0.4500000000000002,0.2999999999999998,0.045000000000000005
0.24545,0.005687500000000001,0.6000000000000005,0.2999999999999998,0.05
0.24550000000000002,0.007525000000000001,0.75,0.2999999999999998,0.055
0.24555000000000002,0.009350000000000002,0.8500000000000005,0.2999999999999998,0.060000000000000005
0.2456,0.010937500000000003,1.0,0.2999999999999998,0.060000000000000005
0.24565,0.012375000000000002,1.1500000000000004,0.2999999999999998,0.06499999999999999
0.2457,0.013837500000000003,1.2500000000000009,0.2999999999999998,0.06499999999999999
0.24575000000000002,0.014962500000000004,1.4000000000000004,0.2999999999999998,0.06499999999999999
0.24580000000000002,0.016062500000000004,1.5000000000000009,0.2999999999999998,0.06499999999999999
0.24585,0.016787500000000004,1.6500000000000004,0.2999999999999998,0.06499999999999999
0.2459,0.017425000000000003,1.75,0.2999999999999998,0.060000000000000005
0.24595,0.017675000000000003,1.8999999999999995,0.2999999999999998,0.060000000000000005
0.24600000000000002,0.017700000000000004,2.0,0.2999999999999998,0.060000000000000005
0.24605000000000002,0.017550000000000003,2.1,0.2999999999999998,0.060000000000000005
0.2461,0.016987500000000003,2.1500000000000004,0.2999999999999998,0.060000000000000005
0.24615,0.015200000000000003,2.0,0.25,0.060000000000000005
0.2462,0.012762500000000003,1.7999999999999998,0.1999999999999993,0.060000000000000005
0.24625000000000002,0.010350000000000002,1.5999999999999996,0.1999999999999993,0.060000000000000005
0.24630000000000002,0.008037500000000001,1.4000000000000004,0.15000000000000036,0.060000000000000005
0.24635,0.005850000000000001,1.25,0.15000000000000036,0.055
0.2464,0.0039250000000000005,1.0000000000000004,0.15000000000000036,0.05
0.24645,0.0023000000000000004,0.8500000000000001,0.10000000000000053,0.05
0.24650000000000002,0.0011875000000000002,0.6000000000000001,0.10000000000000053,0.04
0.24655000000000002,0.00018750000000000003,0.44999999999999973,0.04999999999999982,0.030000000000000002
0.2466,0.0,0.15000000000000036,0.0,0.015000000000000001
0.24665,0.0,0.0,0.0,0.0
0.2467,0.0,0.0,0.0,0.0
0.24675000000000002,0.0,0.0,0.0,0.0
0.24680000000000002,0.0,0.0,0.0,0.0
0.24685,0.0,0.0,0.0,0.0
0.2469,0.0,0.0,0.0,0.0
0.24695,0.0,0.0,0.0,0.0
0.24700000000000003,0.0,0.0,0.0,0.0
0.24705000000000002,0.0,0.0,0.0,0.0
0.24710000000000001,0.0,0.0,0.0,0.0
0.24715,0.0,0.0,0.0,0.0
0.2472,0.0,0.0,0.0,0.0
0.24725000000000003,0.0,0.0,0.0,0.0
0.24730000000000002,0.0,0.0,0.0,0.0
0.24735000000000001,0.0,0.0,0.0,0.0
0.2474,0.0,0.0,0.0,0.0
0.24745,0.0,0.0,0.0,0.0
0.24750000000000003,0.0,0.0,0.0,0.0
0.24755000000000002,0.0,0.0,0.0,0.0
0.24760000000000001,0.0,0.0,0.0,0.0
0.24765,0.0,0.0,0.0,0.0
0.2477,0.0,0.0,0.0,0.0
0.24775,0.0,0.0,0.0,0.0
0.24780000000000002,0.0022750000000000005,0.35000000000000053,0.2999999999999998,0.030000000000000002
0.24785000000000001,0.0021125000000000002,0.35000000000000053,0.2999999999999998,0.030000000000000002
0.2479,0.0038375000000000006,0.4500000000000002,0.2999999999999998,0.045000000000000005
0.24795,0.005587500000000001,0.6000000000000005,0.2999999999999998,0.05
0.248,0.0074125000000000016,0.6999999999999997,0.2999999999999998,0.055
0.24805000000000002,0.011550000000000003,1.0000000000000004,0.2999999999999998,0.060000000000000005
0.24810000000000001,0.010812500000000003,1.0000000000000004,0.2999999999999998,0.060000000000000005
0.24815,0.012362500000000002,1.1,0.2999999999999998,0.06499999999999999
0.2482,0.013787500000000003,1.2500000000000004,0.2999999999999998,0.06499999999999999
0.24825,0.014862500000000002,1.4,0.2999999999999998,0.06499999999999999
0.24830000000000002,0.018212500000000003,1.6499999999999995,0.2999999999999998,0.06499999999999999
0.24835000000000002,0.0167125,1.6499999999999995,0.2999999999999998,0.06499999999999999
0.2484,0.017350000000000004,1.75,0.2999999999999998,0.060000000000000005
0.24845,0.017600000000000005,1.8999999999999995,0.2999999999999998,0.060000000000000005
0.2485,0.017662500000000005,2.0,0.2999999999999998,0.060000000000000005
0.24855000000000002,0.018625000000000003,2.1499999999999995,0.2999999999999998,0.060000000000000005
0.24860000000000002,0.016112500000000002,2.05,0.25,0.060000000000000005
0.24865,0.013725000000000003,1.8500000000000005,0.20000000000000018,0.060000000000000005
0.2487,0.011175000000000003,1.7000000000000002,0.20000000000000018,0.060000000000000005
0.24875,0.008900000000000002,1.4500000000000002,0.14999999999999947,0.060000000000000005
0.24880000000000002,0.006587500000000001,1.2999999999999998,0.14999999999999947,0.055
0.24885000000000002,0.004550000000000001,1.0500000000000007,0.14999999999999947,0.055
0.2489,0.0028875000000000007,0.9000000000000004,0.09999999999999876,0.05
0.24895,0.0015875000000000004,0.7000000000000002,0.09999999999999876,0.045000000000000005
0.249,0.0005625000000000001,0.5,0.049999999999998934,0.03499999999999999
0.24905000000000002,0.0,0.2999999999999998,0.049999999999998934,0.025
0.24910000000000002,0.0,0.0,0.0,0.0
0.24915,0.0,0.0,0.0,0.0
0.2492,0.0,0.0,0.0,0.0
0.24925,0.0,0.0,0.0,0.0
0.24930000000000002,0.0,0.0,0.0,0.0
0.24935000000000002,0.0,0.0,0.0,0.0
0.2494,0.0,0.0,0.0,0.0
0.24945,0.0,0.0,0.0,0.0
0.2495,0.0,0.0,0.0,0.0
0.24955000000000002,0.0,0.0,0.0,0.0
0.24960000000000002,0.0,0.0,0.0,0.0
0.24965,0.0,0.0,0.0,0.0
0.2497,0.0,0.0,0.0,0.0
0.24975,0.0,0.0,0.0,0.0
0.24980000000000002,0.0,0.0,0.0,0.0
0.24985000000000002,0.0,0.0,0.0,0.0
0.2499,0.0,0.0,0.0,0.0
0.24995,0.0,0.0,0.0,0.0
0.25,0.0,0.0,0.0,0.0
0.25005,0.0,0.0,0.0,0.0
0.2501,0.0,0.0,0.0,0.0
0.25015000000000004,0.0,0.0,0.0,0.0
0.25020000000000003,0.0,0.0,0.0,0.0
0.25025000000000003,0.0,0.0,0.0,0.0
0.2503,0.0016875000000000004,0.34999999999999964,0.2499999999999991,0.025
0.25035,0.0032750000000000006,0.4500000000000002,0.2999999999999998,0.04
0.2504,0.005062500000000001,0.6000000000000005,0.2999999999999998,0.05
0.25045,0.007012500000000001,0.7000000000000002,0.2999999999999998,0.055
0.2505,0.008812500000000001,0.8500000000000005,0.2999999999999998,0.060000000000000005
0.25055,0.010450000000000003,1.0,0.2999999999999998,0.060000000000000005
0.2506,0.014312500000000002,1.25,0.2999999999999998,0.06499999999999999
0.25065000000000004,0.015750000000000004,1.3499999999999996,0.2999999999999998,0.06499999999999999
0.25070000000000003,0.016912500000000004,1.5,0.2999999999999998,0.06499999999999999
0.25075000000000003,0.015687500000000004,1.4500000000000002,0.2999999999999998,0.06499999999999999
0.2508,0.016512500000000003,1.5999999999999996,0.2999999999999998,0.06499999999999999
0.25085,0.017225000000000004,1.7000000000000002,0.2999999999999998,0.06499999999999999
0.2509,0.017537500000000004,1.8499999999999996,0.2999999999999998,0.060000000000000005
0.25095,0.017600000000000005,1.9499999999999993,0.2999999999999998,0.060000000000000005
0.251,0.017062500000000005,2.0500000000000007,0.2999999999999998,0.060000000000000005
0.25105,0.015250000000000003,1.9,0.20000000000000018,0.060000000000000005
0.2511,0.012750000000000003,1.7999999999999994,0.20000000000000018,0.060000000000000005
0.25115,0.010300000000000002,1.6,0.20000000000000018,0.060000000000000005
0.25120000000000003,0.007987500000000002,1.4,0.15000000000000036,0.060000000000000005
0.25125000000000003,0.005850000000000001,1.2000000000000002,0.15000000000000036,0.055
0.2513,0.003812500000000001,1.0,0.15000000000000036,0.05
0.25135,0.0022625000000000006,0.8499999999999996,0.10000000000000053,0.045000000000000005
0.2514,0.0011125000000000002,0.6499999999999995,0.10000000000000053,0.04
0.25145,0.00017500000000000003,0.40000000000000036,0.05000000000000071,0.030000000000000002
0.2515,0.0,0.14999999999999947,0.0,0.015000000000000001
0.25155,0.0,0.0,0.0,0.0
0.2516,0.0,0.0,0.0,0.0
0.25165,0.0,0.0,0.0,0.0
0.25170000000000003,0.0,0.0,0.0,0.0
0.25175000000000003,0.0,0.0,0.0,0.0
0.2518,0.0,0.0,0.0,0.0
0.25185,0.0,0.0,0.0,0.0
0.2519,0.0,0.0,0.0,0.0
0.25195,0.0,0.0,0.0,0.0
0.252,0.0,0.0,0.0,0.0
0.25205,0.0,0.0,0.0,0.0
0.2521,0.0,0.0,0.0,0.0
0.25215,0.0,0.0,0.0,0.0
0.25220000000000004,0.0,0.0,0.0,0.0
0.25225000000000003,0.0,0.0,0.0,0.0
0.2523,0.0,0.0,0.0,0.0
0.25235,0.0,0.0,0.0,0.0
0.2524,0.0,0.0,0.0,0.0
0.25245,0.0,0.0,0.0,0.0
0.2525,0.0,0.0,0.0,0.0
0.25255,0.0,0.0,0.0,0.0
0.2526,0.0,0.0,0.0,0.0
0.25265,0.0008625000000000002,0.25000000000000044,0.25,0.015000000000000001
0.25270000000000004,0.0025750000000000005,0.3999999999999999,0.2999999999999998,0.03499999999999999
0.25275000000000003,0.0023625000000000005,0.3500000000000001,0.2999999999999998,0.03499999999999999
0.2528,0.004037500000000001,0.5000000000000004,0.2999999999999998,0.045000000000000005
0.25285,0.005875000000000001,0.5999999999999996,0.2999999999999998,0.05
0.2529,0.0077125000000000015,0.75,0.2999999999999998,0.055
0.25295,0.009375000000000001,0.9000000000000004,0.2999999999999998,0.060000000000000005
0.253,0.010987500000000002,1.0,0.2999999999999998,0.060000000000000005
0.25305,0.012375000000000002,1.1500000000000004,0.2999999999999998,0.06499999999999999
0.2531,0.015950000000000002,1.4500000000000002,0.2999999999999998,0.06499999999999999
0.25315,0.017050000000000003,1.5499999999999998,0.2999999999999998,0.06499999999999999
0.25320000000000004,0.017975000000000005,1.7000000000000002,0.2999999999999998,0.060000000000000005
0.25325000000000003,0.016512500000000003,1.6499999999999995,0.2999999999999998,0.060000000000000005
0.2533,0.016925000000000003,1.799999999999999,0.2999999999999998,0.060000000000000005
0.25335,0.016975000000000004,1.8999999999999995,0.2999999999999998,0.060000000000000005
0.2534,0.016237500000000002,1.9500000000000002,0.25,0.060000000000000005
0.25345,0.014200000000000003,1.8500000000000005,0.1999999999999993,0.060000000000000005
0.2535,0.011775000000000002,1.7000000000000002,0.1999999999999993,0.060000000000000005
0.25355,0.009387500000000002,1.5499999999999998,0.1999999999999993,0.060000000000000005
0.2536,0.007100000000000001,1.3499999999999996,0.15000000000000036,0.055
0.25365,0.0048625000000000005,1.1000000000000005,0.15000000000000036,0.055
0.25370000000000004,0.0031875000000000007,0.9500000000000002,0.15000000000000036,0.05
0.25375000000000003,0.0017625000000000004,0.75,0.10000000000000053,0.045000000000000005
0.2538,0.0007625000000000002,0.5499999999999998,0.04999999999999982,0.03499999999999999
0.25385,0.0,0.34999999999999964,0.04999999999999982,0.025
0.2539,0.0,0.0,0.0,0.0
0.25395,0.0,0.0,0.0,0.0
0.254,0.0,0.0,0.0,0.0
0.25405,0.0,0.0,0.0,0.0
0.2541,0.0,0.0,0.0,0.0
0.25415,0.0,0.0,0.0,0.0
0.25420000000000004,0.0,0.0,0.0,0.0
0.25425000000000003,0.0,0.0,0.0,0.0
0.2543,0.0,0.0,0.0,0.0
0.25435,0.0,0.0,0.0,0.0
0.2544,0.0,0.0,0.0,0.0
0.25445,0.0,0.0,0.0,0.0
0.2545,0.0,0.0,0.0,0.0
0.25455,0.0,0.0,0.0,0.0
0.2546,0.0,0.0,0.0,0.0
0.25465,0.0,0.0,0.0,0.0
0.25470000000000004,0.0,0.0,0.0,0.0
0.25475000000000003,0.0,0.0,0.0,0.0
0.2548,0.0,0.0,0.0,0.0
0.25485,0.0,0.0,0.0,0.0
0.2549,0.0,0.0,0.0,0.0
0.25495,0.0,0.0,0.0,0.0
0.255,0.0,0.0,0.0,0.0
0.25505,0.0,0.0,0.0,0.0
0.2551,0.0029750000000000006,0.45000000000000107,0.2999999999999998,0.03499999999999999
0.25515,0.004762500000000001,0.5499999999999998,0.2999999999999998,0.045000000000000005
0.25520000000000004,0.006675000000000001,0.6500000000000004,0.2999999999999998,0.055
0.25525000000000003,0.006287500000000001,0.6500000000000004,0.2999999999999998,0.055
0.2553,0.008000000000000002,0.7999999999999998,0.2999999999999998,0.060000000000000005
0.25535,0.009762500000000002,0.9000000000000004,0.2999999999999998,0.060000000000000005
0.2554,0.011325000000000002,1.0500000000000007,0.2999999999999998,0.060000000000000005
0.25545,0.012612500000000002,1.2000000000000002,0.2999999999999998,0.060000000000000005
0.2555,0.013887500000000002,1.2999999999999998,0.2999999999999998,0.06499999999999999
0.25555,0.014950000000000003,1.4499999999999993,0.2999999999999998,0.060000000000000005
0.2556,0.018075000000000004,1.7499999999999991,0.2999999999999998,0.060000000000000005
0.25565,0.018600000000000002,1.8500000000000005,0.2999999999999998,0.060000000000000005
0.25570000000000004,0.018450000000000005,1.9,0.2999999999999998,0.060000000000000005
0.25575000000000003,0.016112500000000002,1.9,0.25,0.060000000000000005
0.2558,0.014187500000000002,1.7999999999999998,0.20000000000000018,0.060000000000000005
0.25585,0.011800000000000001,1.6499999999999995,0.20000000000000018,0.060000000000000005
0.2559,0.009512500000000002,1.5499999999999998,0.20000000000000018,0.060000000000000005
0.25595,0.007212500000000001,1.2999999999999998,0.14999999999999947,0.055
0.256,0.004987500000000001,1.1500000000000004,0.14999999999999947,0.055
0.25605,0.0032625000000000006,0.9500000000000002,0.14999999999999947,0.05
0.2561,0.0017750000000000003,0.75,0.09999999999999876,0.045000000000000005
0.25615,0.0007500000000000001,0.4999999999999991,0.049999999999998934,0.03499999999999999
0.25620000000000004,0.0,0.34999999999999964,0.049999999999998934,0.025
0.25625000000000003,0.0,0.0,0.0,0.0
0.25630000000000003,0.0,0.0,0.0,0.0
0.25635,0.0,0.0,0.0,0.0
0.2564,0.0,0.0,0.0,0.0
0.25645,0.0,0.0,0.0,0.0
0.2565,0.0,0.0,0.0,0.0
0.25655,0.0,0.0,0.0,0.0
0.2566,0.0,0.0,0.0,0.0
0.25665,0.0,0.0,0.0,0.0
0.25670000000000004,0.0,0.0,0.0,0.0
0.25675000000000003,0.0,0.0,0.0,0.0
0.25680000000000003,0.0,0.0,0.0,0.0
0.25685,0.0,0.0,0.0,0.0
0.2569,0.0,0.0,0.0,0.0
0.25695,0.0,0.0,0.0,0.0
0.257,0.0,0.0,0.0,0.0
0.25705,0.0,0.0,0.0,0.0
0.2571,0.0,0.0,0.0,0.0
0.25715,0.0,0.0,0.0,0.0
0.25720000000000004,0.0,0.0,0.0,0.0
0.25725000000000003,0.0,0.0,0.0,0.0
0.25730000000000003,0.0,0.0,0.0,0.0
0.25735,0.0,0.0,0.0,0.0
0.2574,0.0,0.0,0.0,0.0
0.25745,0.0012000000000000001,0.25,0.25,0.02
0.2575,0.0027625000000000006,0.40000000000000036,0.2999999999999998,0.03499999999999999
0.25755,0.004475000000000001,0.5,0.2999999999999998,0.045000000000000005
0.2576,0.006300000000000001,0.6500000000000004,0.2999999999999998,0.055
0.25765,0.010350000000000002,0.9500000000000002,0.2999999999999998,0.060000000000000005
0.2577,0.012075000000000002,1.0499999999999998,0.2999999999999998,0.060000000000000005
0.25775000000000003,0.013550000000000003,1.1999999999999993,0.2999999999999998,0.060000000000000005
0.25780000000000003,0.012712500000000002,1.1999999999999993,0.2999999999999998,0.060000000000000005
0.25785,0.013887500000000002,1.2999999999999998,0.2999999999999998,0.06499999999999999
0.2579,0.014987500000000003,1.4499999999999993,0.2999999999999998,0.060000000000000005
0.25795,0.015787500000000003,1.5499999999999998,0.2999999999999998,0.060000000000000005
0.258,0.016387500000000003,1.6999999999999993,0.2999999999999998,0.060000000000000005
0.25805,0.016137500000000003,1.7999999999999998,0.2999999999999998,0.060000000000000005
0.2581,0.014662500000000002,1.7000000000000002,0.20000000000000107,0.060000000000000005
0.25815,0.012450000000000003,1.6000000000000005,0.20000000000000107,0.060000000000000005
0.2582,0.010112500000000002,1.5499999999999998,0.20000000000000107,0.060000000000000005
0.25825000000000004,0.007875000000000002,1.3499999999999996,0.15000000000000036,0.060000000000000005
0.25830000000000003,0.005675000000000001,1.1999999999999993,0.15000000000000036,0.055
0.25835,0.0036875000000000007,1.049999999999999,0.15000000000000036,0.05
0.2584,0.0021125000000000002,0.8000000000000007,0.10000000000000053,0.045000000000000005
0.25845,0.0010875000000000001,0.5999999999999996,0.05000000000000071,0.04
0.2585,0.00010000000000000002,0.39999999999999947,0.05000000000000071,0.030000000000000002
0.25855,0.0,0.10000000000000053,0.0,0.01
0.2586,0.0,0.0,0.0,0.0
0.25865,0.0,0.0,0.0,0.0
0.2587,0.0,0.0,0.0,0.0
0.25875000000000004,0.0,0.0,0.0,0.0
0.25880000000000003,0.0,0.0,0.0,0.0
0.25885,0.0,0.0,0.0,0.0
0.2589,0.0,0.0,0.0,0.0
0.25895,0.0,0.0,0.0,0.0
0.259,0.0,0.0,0.0,0.0
0.25905,0.0,0.0,0.0,0.0
0.2591,0.0,0.0,0.0,0.0
0.25915,0.0,0.0,0.0,0.0
0.2592,0.0,0.0,0.0,0.0
0.25925000000000004,0.0,0.0,0.0,0.0
0.25930000000000003,0.0,0.0,0.0,0.0
0.25935,0.0,0.0,0.0,0.0
0.2594,0.0,0.0,0.0,0.0
0.25945,0.0,0.0,0.0,0.0
0.2595,0.0,0.0,0.0,0.0
0.25955,0.0,0.0,0.0,0.0
0.2596,0.0,0.0,0.0,0.0
0.25965,0.0,0.0,0.0,0.0
0.2597,0.0009250000000000001,0.25,0.2500000000000009,0.015000000000000001
0.25975000000000004,0.0026125000000000007,0.40000000000000036,0.3000000000000007,0.03499999999999999
0.25980000000000003,0.0023875000000000003,0.40000000000000036,0.3000000000000007,0.03499999999999999
0.25985,0.0041375000000000006,0.4999999999999991,0.3000000000000007,0.045000000000000005
0.2599,0.005850000000000001,0.6499999999999995,0.3000000000000007,0.05
0.25995,0.007700000000000001,0.7999999999999989,0.3000000000000007,0.055
0.26,0.009500000000000001,0.9000000000000004,0.3000000000000007,0.060000000000000005
0.26005,0.010937500000000003,1.0500000000000007,0.3000000000000007,0.060000000000000005
0.2601,0.012387500000000003,1.200000000000001,0.3000000000000007,0.060000000000000005
0.26015,0.015875000000000004,1.4500000000000002,0.3000000000000007,0.06499999999999999
0.2602,0.016900000000000002,1.5499999999999998,0.3000000000000007,0.060000000000000005
0.26025000000000004,0.017687500000000002,1.6499999999999995,0.3000000000000007,0.060000000000000005
0.26030000000000003,0.016137500000000003,1.6499999999999995,0.3000000000000007,0.060000000000000005
0.26035,0.015325000000000004,1.6500000000000004,0.2500000000000009,0.060000000000000005
0.2604,0.013487500000000003,1.549999999999999,0.20000000000000018,0.060000000000000005
0.26045,0.011275000000000002,1.4999999999999991,0.20000000000000018,0.060000000000000005
0.2605,0.0091125,1.3999999999999995,0.15000000000000036,0.060000000000000005
0.26055,0.006875000000000001,1.2999999999999998,0.15000000000000036,0.055
0.2606,0.004687500000000001,1.1499999999999995,0.15000000000000036,0.055
0.26065,0.0029500000000000004,0.9000000000000004,0.15000000000000036,0.05
0.2607,0.0016125000000000002,0.75,0.10000000000000053,0.045000000000000005
0.26075000000000004,0.0005500000000000001,0.5,0.05000000000000071,0.03499999999999999
0.26080000000000003,0.0,0.25,0.05000000000000071,0.02
0.26085,0.0,0.0,0.0,0.0
0.2609,0.0,0.0,0.0,0.0
0.26095,0.0,0.0,0.0,0.0
0.261,0.0,0.0,0.0,0.0
0.26105,0.0,0.0,0.0,0.0
0.2611,0.0,0.0,0.0,0.0
0.26115,0.0,0.0,0.0,0.0
0.2612,0.0,0.0,0.0,0.0
0.26125000000000004,0.0,0.0,0.0,0.0
0.26130000000000003,0.0,0.0,0.0,0.0
0.26135,0.0,0.0,0.0,0.0
0.2614,0.0,0.0,0.0,0.0
0.26145,0.0,0.0,0.0,0.0
0.2615,0.0,0.0,0.0,0.0
0.26155,0.0,0.0,0.0,0.0
0.2616,0.0,0.0,0.0,0.0
0.26165,0.0,0.0,0.0,0.0
0.2617,0.0,0.0,0.0,0.0
0.26175000000000004,0.0,0.0,0.0,0.0
0.26180000000000003,0.0,0.0,0.0,0.0
0.26185,0.0,0.0,0.0,0.0
0.2619,0.0,0.0,0.0,0.0
0.26195,0.0,0.0,0.0,0.0
0.262,5.000000000000001e-05,0.04999999999999982,0.04999999999999982,-0.0
0.26205,0.0016750000000000003,0.2999999999999998,0.25,0.025
0.2621,0.0032250000000000004,0.39999999999999947,0.2999999999999998,0.04
0.26215,0.007125000000000001,0.7000000000000002,0.2999999999999998,0.055
0.2622,0.009062500000000001,0.7999999999999998,0.2999999999999998,0.060000000000000005
0.26225000000000004,0.010787500000000002,0.9500000000000002,0.2999999999999998,0.060000000000000005
0.26230000000000003,0.010062500000000002,0.9500000000000002,0.2999999999999998,0.060000000000000005
0.26235,0.011575000000000002,1.0499999999999998,0.2999999999999998,0.060000000000000005
0.2624,0.012812500000000003,1.2000000000000002,0.2999999999999998,0.060000000000000005
0.26245,0.013950000000000002,1.3499999999999996,0.2999999999999998,0.060000000000000005
0.2625,0.014900000000000004,1.4500000000000002,0.2999999999999998,0.060000000000000005
0.26255,0.015175000000000003,1.5999999999999996,0.2999999999999998,0.060000000000000005
0.2626,0.014025000000000003,1.5000000000000009,0.25,0.060000000000000005
0.26265,0.012087500000000003,1.4500000000000002,0.1999999999999993,0.060000000000000005
0.2627,0.010087500000000003,1.3999999999999995,0.1999999999999993,0.060000000000000005
0.26275000000000004,0.007925000000000001,1.2999999999999998,0.14999999999999947,0.060000000000000005
0.26280000000000003,0.005737500000000001,1.2000000000000002,0.14999999999999947,0.055
0.26285000000000003,0.0037000000000000006,1.0,0.14999999999999947,0.05
0.2629,0.0021750000000000003,0.8500000000000005,0.09999999999999964,0.045000000000000005
0.26295,0.0011000000000000003,0.5999999999999996,0.04999999999999982,0.04
0.263,0.00010000000000000002,0.34999999999999964,0.04999999999999982,0.030000000000000002
0.26305,0.0,0.09999999999999964,0.0,0.01
0.2631,0.0,0.0,0.0,0.0
0.26315,0.0,0.0,0.0,0.0
0.2632,0.0,0.0,0.0,0.0
0.26325000000000004,0.0,0.0,0.0,0.0
0.26330000000000003,0.0,0.0,0.0,0.0
0.26335000000000003,0.0,0.0,0.0,0.0
0.2634,0.0,0.0,0.0,0.0
0.26345,0.0,0.0,0.0,0.0
0.2635,0.0,0.0,0.0,0.0
0.26355,0.0,0.0,0.0,0.0
0.2636,0.0,0.0,0.0,0.0
0.26365,0.0,0.0,0.0,0.0
0.2637,0.0,0.0,0.0,0.0
0.26375000000000004,0.0,0.0,0.0,0.0
0.26380000000000003,0.0,0.0,0.0,0.0
0.26385000000000003,0.0,0.0,0.0,0.0
0.2639,0.0,0.0,0.0,0.0
0.26395,0.0,0.0,0.0,0.0
0.264,0.0,0.0,0.0,0.0
0.26405,0.0,0.0,0.0,0.0
0.2641,0.0,0.0,0.0,0.0
0.26415,0.0,0.0,0.0,0.0
0.2642,0.0006875000000000002,0.20000000000000107,0.20000000000000018,0.015000000000000001
0.26425000000000004,0.0023000000000000004,0.40000000000000036,0.2999999999999998,0.030000000000000002
0.26430000000000003,0.0040750000000000005,0.5,0.2999999999999998,0.045000000000000005
0.26435000000000003,0.003800000000000001,0.5,0.2999999999999998,0.045000000000000005
0.2644,0.005587500000000001,0.6499999999999995,0.2999999999999998,0.05
0.26445,0.007387500000000002,0.75,0.2999999999999998,0.055
0.2645,0.009000000000000001,0.8999999999999995,0.2999999999999998,0.060000000000000005
0.26455,0.010537500000000002,1.0499999999999998,0.2999999999999998,0.060000000000000005
0.2646,0.011900000000000003,1.1500000000000004,0.2999999999999998,0.060000000000000005
0.26465,0.013112500000000003,1.25,0.2999999999999998,0.060000000000000005
0.2647,0.016125000000000004,1.4999999999999991,0.2999999999999998,0.060000000000000005
0.26475,0.015062500000000003,1.4999999999999991,0.2999999999999998,0.060000000000000005
0.26480000000000004,0.013650000000000002,1.3999999999999995,0.25,0.060000000000000005
0.26485000000000003,0.011700000000000002,1.3999999999999995,0.20000000000000018,0.060000000000000005
0.2649,0.009825000000000002,1.2999999999999998,0.20000000000000018,0.060000000000000005
0.26495,0.007750000000000002,1.25,0.14999999999999947,0.060000000000000005
0.265,0.005712500000000001,1.1000000000000005,0.14999999999999947,0.055
0.26505,0.0036000000000000008,1.0,0.14999999999999947,0.05
0.2651,0.0021375000000000005,0.8500000000000005,0.09999999999999964,0.045000000000000005
0.26515,0.0010500000000000002,0.6000000000000005,0.04999999999999982,0.04
0.2652,6.250000000000001e-05,0.34999999999999964,0.04999999999999982,0.030000000000000002
0.26525,0.0,0.04999999999999982,0.0,0.01
0.26530000000000004,0.0,0.0,0.0,0.0
0.26535000000000003,0.0,0.0,0.0,0.0
0.2654,0.0,0.0,0.0,0.0
0.26545,0.0,0.0,0.0,0.0
0.2655,0.0,0.0,0.0,0.0
0.26555,0.0,0.0,0.0,0.0
0.2656,0.0,0.0,0.0,0.0
0.26565,0.0,0.0,0.0,0.0
0.2657,0.0,0.0,0.0,0.0
0.26575,0.0,0.0,0.0,0.0
0.26580000000000004,0.0,0.0,0.0,0.0
0.26585000000000003,0.0,0.0,0.0,0.0
0.2659,0.0,0.0,0.0,0.0
0.26595,0.0,0.0,0.0,0.0
0.266,0.0,0.0,0.0,0.0
0.26605,0.0,0.0,0.0,0.0
0.2661,0.0,0.0,0.0,0.0
0.26615,0.0,0.0,0.0,0.0
0.2662,0.0,0.0,0.0,0.0
0.26625,0.0,0.0,0.0,0.0
0.26630000000000004,0.0,0.0,0.0,0.0
0.26635000000000003,0.0,0.0,0.0,0.0
0.2664,0.0,0.0,0.0,0.0
0.26645,0.0007875000000000001,0.25,0.25,0.015000000000000001
0.2665,0.0022875000000000005,0.34999999999999964,0.3000000000000007,0.03499999999999999
0.26655,0.003987500000000001,0.5,0.3000000000000007,0.045000000000000005
0.2666,0.005800000000000001,0.5999999999999996,0.3000000000000007,0.05
0.26665,0.0075625000000000015,0.75,0.3000000000000007,0.055
0.2667,0.011362500000000003,1.0499999999999998,0.3000000000000007,0.060000000000000005
0.26675,0.012900000000000002,1.1500000000000004,0.3000000000000007,0.060000000000000005
0.26680000000000004,0.014125000000000002,1.2999999999999998,0.3000000000000007,0.060000000000000005
0.26685000000000003,0.013162500000000002,1.2999999999999998,0.3000000000000007,0.060000000000000005
0.2669,0.013862500000000003,1.3999999999999995,0.3000000000000007,0.060000000000000005
0.26695,0.013137500000000002,1.3499999999999996,0.25,0.060000000000000005
0.267,0.011687500000000002,1.2999999999999998,0.20000000000000018,0.060000000000000005
0.26705,0.009937500000000002,1.25,0.20000000000000018,0.060000000000000005
0.2671,0.008087500000000001,1.2000000000000002,0.15000000000000036,0.060000000000000005
0.26715,0.006100000000000001,1.0999999999999996,0.15000000000000036,0.055
0.2672,0.00395,1.0,0.15000000000000036,0.05
0.26725,0.0023625000000000005,0.7999999999999998,0.15000000000000036,0.045000000000000005
0.26730000000000004,0.0012625000000000002,0.6499999999999995,0.05000000000000071,0.04
0.26735000000000003,0.00027500000000000007,0.39999999999999947,0.05000000000000071,0.030000000000000002
0.2674,0.0,0.15000000000000036,0.05000000000000071,0.015000000000000001
0.26745,0.0,0.0,0.0,0.0
0.2675,0.0,0.0,0.0,0.0
0.26755,0.0,0.0,0.0,0.0
0.2676,0.0,0.0,0.0,0.0
0.26765,0.0,0.0,0.0,0.0
0.2677,0.0,0.0,0.0,0.0
0.26775,0.0,0.0,0.0,0.0
0.26780000000000004,0.0,0.0,0.0,0.0
0.26785000000000003,0.0,0.0,0.0,0.0
0.2679,0.0,0.0,0.0,0.0
0.26795,0.0,0.0,0.0,0.0
0.268,0.0,0.0,0.0,0.0
0.26805,0.0,0.0,0.0,0.0
0.2681,0.0,0.0,0.0,0.0
0.26815,0.0,0.0,0.0,0.0
0.2682,0.0,0.0,0.0,0.0
0.26825,0.0,0.0,0.0,0.0
0.26830000000000004,0.0,0.0,0.0,0.0
0.26835000000000003,0.0,0.0,0.0,0.0
0.2684,0.0,0.0,0.0,0.0
0.26845,0.0,0.0,0.0,0.0
0.2685,0.0,0.0,0.0,0.0
0.26855,0.0,0.0,0.0,0.0
0.2686,0.0005750000000000001,0.25,0.1999999999999993,0.01
0.26865,0.0020750000000000005,0.35000000000000053,0.25,0.030000000000000002
0.2687,0.005812500000000001,0.6500000000000004,0.2999999999999998,0.05
0.26875,0.007762500000000001,0.75,0.2999999999999998,0.055
0.26880000000000004,0.009487500000000001,0.8999999999999995,0.2999999999999998,0.060000000000000005
0.26885000000000003,0.011137500000000002,1.0499999999999998,0.2999999999999998,0.060000000000000005
0.26890000000000003,0.010462500000000001,1.0,0.2999999999999998,0.060000000000000005
0.26895,0.011712500000000002,1.1499999999999995,0.2999999999999998,0.060000000000000005
0.269,0.012925000000000002,1.25,0.2999999999999998,0.060000000000000005
0.26905,0.012787500000000002,1.25,0.25,0.060000000000000005
0.2691,0.011787500000000003,1.25,0.1999999999999993,0.060000000000000005
0.26915,0.010175000000000002,1.1500000000000004,0.1999999999999993,0.060000000000000005
0.2692,0.008562500000000002,1.1000000000000005,0.15000000000000036,0.060000000000000005
0.26925,0.006812500000000001,1.0499999999999998,0.15000000000000036,0.055
0.26930000000000004,0.004825000000000001,1.0,0.15000000000000036,0.055
0.26935000000000003,0.0030000000000000005,0.8999999999999995,0.15000000000000036,0.05
0.26940000000000003,0.0017625000000000004,0.75,0.10000000000000053,0.045000000000000005
0.26945,0.0007375000000000001,0.5,0.04999999999999982,0.03499999999999999
0.2695,0.0,0.3000000000000007,0.04999999999999982,0.025
0.26955,0.0,0.0,0.0,0.0
0.2696,0.0,0.0,0.0,0.0
0.26965,0.0,0.0,0.0,0.0
0.2697,0.0,0.0,0.0,0.0
0.26975,0.0,0.0,0.0,0.0
0.26980000000000004,0.0,0.0,0.0,0.0
0.26985000000000003,0.0,0.0,0.0,0.0
0.26990000000000003,0.0,0.0,0.0,0.0
0.26995,0.0,0.0,0.0,0.0
0.27,0.0,0.0,0.0,0.0
0.27005,0.0,0.0,0.0,0.0
0.2701,0.0,0.0,0.0,0.0
0.27015,0.0,0.0,0.0,0.0
0.2702,0.0,0.0,0.0,0.0
0.27025,0.0,0.0,0.0,0.0
0.27030000000000004,0.0,0.0,0.0,0.0
0.27035000000000003,0.0,0.0,0.0,0.0
0.27040000000000003,0.0,0.0,0.0,0.0
0.27045,0.0,0.0,0.0,0.0
0.2705,0.0,0.0,0.0,0.0
0.27055,0.0,0.0,0.0,0.0
0.2706,0.0,0.0,0.0,0.0
0.27065,0.0,0.0,0.0,0.0
0.2707,0.0,0.0,0.0,0.0
0.27075,0.0033625000000000005,0.4500000000000002,0.2999999999999998,0.04
0.27080000000000004,0.005150000000000001,0.6000000000000005,0.2999999999999998,0.05
0.27085000000000004,0.007075000000000001,0.7000000000000002,0.2999999999999998,0.055
0.27090000000000003,0.0066250000000000015,0.7000000000000002,0.2999999999999998,0.055
0.27095,0.0083875,0.8499999999999996,0.2999999999999998,0.060000000000000005
0.271,0.009950000000000002,0.9500000000000002,0.2999999999999998,0.060000000000000005
0.27105,0.011150000000000002,1.0999999999999996,0.2999999999999998,0.060000000000000005
0.2711,0.012200000000000003,1.1499999999999995,0.2999999999999998,0.060000000000000005
0.27115,0.011662500000000003,1.1499999999999995,0.25,0.060000000000000005
0.2712,0.010587500000000001,1.0999999999999996,0.20000000000000018,0.060000000000000005
0.27125,0.009187500000000001,1.0499999999999998,0.20000000000000018,0.060000000000000005
0.2713,0.007650000000000001,1.0499999999999998,0.14999999999999947,0.060000000000000005
0.27135000000000004,0.006025000000000001,0.9500000000000002,0.14999999999999947,0.055
0.27140000000000003,0.004175000000000001,0.9000000000000004,0.14999999999999947,0.055
0.27145,0.0025125000000000004,0.7999999999999998,0.14999999999999947,0.05
0.2715,0.0014875000000000003,0.7000000000000002,0.09999999999999876,0.04
0.27155,0.0004625000000000001,0.5,0.049999999999998934,0.03499999999999999
0.2716,0.0,0.25,0.049999999999998934,0.02
0.27165,0.0,0.0,0.0,0.0
0.2717,0.0,0.0,0.0,0.0
0.27175,0.0,0.0,0.0,0.0
0.2718,0.0,0.0,0.0,0.0
0.27185000000000004,0.0,0.0,0.0,0.0
0.27190000000000003,0.0,0.0,0.0,0.0
0.27195,0.0,0.0,0.0,0.0
0.272,0.0,0.0,0.0,0.0
0.27205,0.0,0.0,0.0,0.0
0.2721,0.0,0.0,0.0,0.0
0.27215,0.0,0.0,0.0,0.0
0.2722,0.0,0.0,0.0,0.0
0.27225,0.0,0.0,0.0,0.0
0.2723,0.0,0.0,0.0,0.0
0.27235000000000004,0.0,0.0,0.0,0.0
0.27240000000000003,0.0,0.0,0.0,0.0
0.27245,0.0,0.0,0.0,0.0
0.2725,0.0,0.0,0.0,0.0
0.27255,0.0,0.0,0.0,0.0
0.2726,0.0,0.0,0.0,0.0
0.27265,0.0,0.0,0.0,0.0
0.2727,0.0,0.0,0.0,0.0
0.27275,0.0006500000000000001,0.1999999999999993,0.20000000000000018,0.01
0.2728,0.0023375000000000006,0.34999999999999964,0.2499999999999991,0.030000000000000002
0.27285000000000004,0.004112500000000001,0.4999999999999991,0.29999999999999893,0.045000000000000005
0.27290000000000003,0.003862500000000001,0.4499999999999993,0.29999999999999893,0.045000000000000005
0.27295,0.005562500000000001,0.5999999999999996,0.29999999999999893,0.05
0.273,0.0073500000000000015,0.75,0.29999999999999893,0.055
0.27305,0.008962500000000002,0.8500000000000005,0.29999999999999893,0.060000000000000005
0.2731,0.010375000000000002,1.0,0.29999999999999893,0.060000000000000005
0.27315,0.011200000000000002,1.1500000000000004,0.29999999999999893,0.060000000000000005
0.2732,0.010700000000000001,1.0499999999999998,0.2499999999999991,0.060000000000000005
0.27325,0.009662500000000001,1.0,0.20000000000000018,0.060000000000000005
0.2733,0.008475000000000002,0.9500000000000002,0.20000000000000018,0.060000000000000005
0.27335000000000004,0.007112500000000002,0.9000000000000004,0.15000000000000036,0.060000000000000005
0.27340000000000003,0.005512500000000001,0.8499999999999996,0.15000000000000036,0.055
0.27345,0.003875000000000001,0.75,0.15000000000000036,0.055
0.2735,0.0023625000000000005,0.7000000000000002,0.15000000000000036,0.05
0.27355,0.0013625000000000002,0.6000000000000005,0.05000000000000071,0.04
0.2736,0.00041250000000000005,0.4500000000000002,0.05000000000000071,0.030000000000000002
0.27365,0.0,0.25,0.05000000000000071,0.015000000000000001
0.2737,0.0,0.0,0.0,0.0
0.27375,0.0,0.0,0.0,0.0
0.2738,0.0,0.0,0.0,0.0
0.27385000000000004,0.0,0.0,0.0,0.0
0.27390000000000003,0.0,0.0,0.0,0.0
0.27395,0.0,0.0,0.0,0.0
0.274,0.0,0.0,0.0,0.0
0.27405,0.0,0.0,0.0,0.0
0.2741,0.0,0.0,0.0,0.0
0.27415,0.0,0.0,0.0,0.0
0.2742,0.0,0.0,0.0,0.0
0.27425,0.0,0.0,0.0,0.0
0.2743,0.0,0.0,0.0,0.0
0.27435000000000004,0.0,0.0,0.0,0.0
0.27440000000000003,0.0,0.0,0.0,0.0
0.27445,0.0,0.0,0.0,0.0
0.2745,0.0,0.0,0.0,0.0
0.27455,0.0,0.0,0.0,0.0
0.2746,0.0,0.0,0.0,0.0
0.27465,0.0,0.0,0.0,0.0
0.2747,0.0,0.0,0.0,0.0
0.27475,0.0,0.0,0.0,0.0
0.2748,0.0009750000000000002,0.25,0.2500000000000009,0.015000000000000001
0.27485000000000004,0.0026125000000000007,0.40000000000000036,0.3000000000000007,0.03499999999999999
0.27490000000000003,0.0024375000000000004,0.40000000000000036,0.3000000000000007,0.03499999999999999
0.27495,0.004200000000000001,0.5,0.3000000000000007,0.045000000000000005
0.275,0.005862500000000001,0.6500000000000004,0.3000000000000007,0.05
0.27505,0.007625000000000002,0.75,0.3000000000000007,0.055
0.2751,0.009250000000000001,0.9000000000000004,0.3000000000000007,0.060000000000000005
0.27515,0.010212500000000001,1.0,0.3000000000000007,0.060000000000000005
0.2752,0.009800000000000001,0.9500000000000002,0.2500000000000009,0.060000000000000005
0.27525,0.008825000000000001,0.9000000000000004,0.20000000000000018,0.060000000000000005
0.2753,0.007850000000000001,0.9000000000000004,0.20000000000000018,0.060000000000000005
0.27535000000000004,0.006637500000000001,0.8000000000000007,0.14999999999999947,0.060000000000000005
0.27540000000000003,0.005375000000000001,0.8000000000000007,0.14999999999999947,0.055
0.27545000000000003,0.0039250000000000005,0.7000000000000002,0.14999999999999947,0.055
0.2755,0.0023250000000000002,0.6500000000000004,0.14999999999999947,0.05
0.27555,0.0015000000000000002,0.5499999999999998,0.04999999999999982,0.045000000000000005
0.2756,0.0005750000000000001,0.4500000000000002,0.04999999999999982,0.03499999999999999
0.27565,0.0,0.2999999999999998,0.04999999999999982,0.02
0.2757,0.0,0.0,0.0,0.0
0.27575,0.0,0.0,0.0,0.0
0.2758,0.0,0.0,0.0,0.0
0.27585000000000004,0.0,0.0,0.0,0.0
0.27590000000000003,0.0,0.0,0.0,0.0
0.27595000000000003,0.0,0.0,0.0,0.0
0.276,0.0,0.0,0.0,0.0
0.27605,0.0,0.0,0.0,0.0
0.2761,0.0,0.0,0.0,0.0
0.27615,0.0,0.0,0.0,0.0
0.2762,0.0,0.0,0.0,0.0
0.27625,0.0,0.0,0.0,0.0
0.2763,0.0,0.0,0.0,0.0
0.27635000000000004,0.0,0.0,0.0,0.0
0.27640000000000003,0.0,0.0,0.0,0.0
0.27645000000000003,0.0,0.0,0.0,0.0
0.2765,0.0,0.0,0.0,0.0
0.27655,0.0,0.0,0.0,0.0
0.2766,0.0,0.0,0.0,0.0
0.27665,0.0,0.0,0.0,0.0
0.2767,0.0,0.0,0.0,0.0
0.27675,0.0,0.0,0.0,0.0
0.2768,0.0008625000000000002,0.25,0.25,0.015000000000000001
0.27685000000000004,0.0024875000000000006,0.39999999999999947,0.25,0.03499999999999999
0.27690000000000003,0.0042875000000000005,0.5,0.3000000000000007,0.045000000000000005
0.27695000000000003,0.004087500000000001,0.5,0.3000000000000007,0.045000000000000005
0.277,0.005800000000000001,0.6500000000000004,0.3000000000000007,0.055
0.27705,0.007550000000000001,0.7500000000000009,0.3000000000000007,0.055
0.2771,0.009062500000000001,0.8500000000000005,0.3000000000000007,0.060000000000000005
0.27715,0.008950000000000001,0.9000000000000004,0.25,0.060000000000000005
0.2772,0.008400000000000001,0.7999999999999998,0.20000000000000018,0.060000000000000005
0.27725,0.007550000000000001,0.7999999999999998,0.20000000000000018,0.060000000000000005
0.2773,0.0067125000000000015,0.75,0.15000000000000036,0.060000000000000005
0.27735000000000004,0.005537500000000001,0.7000000000000002,0.15000000000000036,0.060000000000000005
0.27740000000000004,0.004375,0.6500000000000004,0.15000000000000036,0.055
0.27745000000000003,0.0029750000000000006,0.6000000000000005,0.15000000000000036,0.055
0.2775,0.0019000000000000004,0.5500000000000007,0.15000000000000036,0.05
0.27755,0.0011375000000000003,0.4500000000000002,0.05000000000000071,0.04
0.2776,0.00030000000000000003,0.35000000000000053,0.05000000000000071,0.030000000000000002
0.27765,0.0,0.15000000000000036,0.05000000000000071,0.015000000000000001
0.2777,0.0,0.0,0.0,0.0
0.27775,0.0,0.0,0.0,0.0
0.2778,0.0,0.0,0.0,0.0
0.27785,0.0,0.0,0.0,0.0
0.27790000000000004,0.0,0.0,0.0,0.0
0.27795000000000003,0.0,0.0,0.0,0.0
0.278,0.0,0.0,0.0,0.0
0.27805,0.0,0.0,0.0,0.0
0.2781,0.0,0.0,0.0,0.0
0.27815,0.0,0.0,0.0,0.0
0.2782,0.0,0.0,0.0,0.0
0.27825,0.0,0.0,0.0,0.0
0.2783,0.0,0.0,0.0,0.0
0.27835,0.0,0.0,0.0,0.0
0.27840000000000004,0.0,0.0,0.0,0.0
0.27845000000000003,0.0,0.0,0.0,0.0
0.2785,0.0,0.0,0.0,0.0
0.27855,0.0,0.0,0.0,0.0
0.2786,0.0,0.0,0.0,0.0
0.27865,0.0,0.0,0.0,0.0
0.2787,0.0,0.0,0.0,0.0
0.27875,0.0,0.0,0.0,0.0
0.2788,0.0020875000000000004,0.34999999999999964,0.25,0.030000000000000002
0.27885,0.0039000000000000007,0.5,0.29999999999999893,0.045000000000000005
0.27890000000000004,0.005737500000000001,0.6000000000000005,0.29999999999999893,0.05
0.27895000000000003,0.005400000000000001,0.6000000000000005,0.29999999999999893,0.05
0.279,0.007225000000000001,0.7000000000000002,0.29999999999999893,0.060000000000000005
0.27905,0.0083875,0.8000000000000007,0.25,0.060000000000000005
0.2791,0.008050000000000002,0.7500000000000009,0.25,0.06499999999999999
0.27915,0.007450000000000002,0.7000000000000002,0.1999999999999993,0.06499999999999999
0.2792,0.006725000000000001,0.6499999999999995,0.1999999999999993,0.06499999999999999
0.27925,0.005900000000000001,0.6499999999999995,0.15000000000000036,0.06499999999999999
0.2793,0.005025000000000001,0.5999999999999996,0.15000000000000036,0.060000000000000005
0.27935,0.0040125000000000004,0.5499999999999998,0.15000000000000036,0.060000000000000005
0.27940000000000004,0.0028625000000000005,0.5,0.15000000000000036,0.055
0.27945000000000003,0.0018125000000000003,0.4500000000000002,0.15000000000000036,0.05
0.2795,0.0011625000000000001,0.39999999999999947,0.04999999999999982,0.045000000000000005
0.27955,0.0004625000000000001,0.3000000000000007,0.04999999999999982,0.03499999999999999
0.2796,0.0,0.20000000000000018,0.04999999999999982,0.02
0.27965,0.0,0.0,0.0,0.0
0.2797,0.0,0.0,0.0,0.0
0.27975,0.0,0.0,0.0,0.0
0.2798,0.0,0.0,0.0,0.0
0.27985,0.0,0.0,0.0,0.0
0.27990000000000004,0.0,0.0,0.0,0.0
0.27995000000000003,0.0,0.0,0.0,0.0
0.28,0.0,0.0,0.0,0.0
0.28005,0.0,0.0,0.0,0.0
0.2801,0.0,0.0,0.0,0.0
0.28015,0.0,0.0,0.0,0.0
0.2802,0.0,0.0,0.0,0.0
0.28025,0.0,0.0,0.0,0.0
0.2803,0.0,0.0,0.0,0.0
0.28035,0.0,0.0,0.0,0.0
0.28040000000000004,0.0,0.0,0.0,0.0
0.28045000000000003,0.0,0.0,0.0,0.0
0.2805,0.0,0.0,0.0,0.0
0.28055,0.0,0.0,0.0,0.0
0.2806,0.0,0.0,0.0,0.0
0.28065,0.0,0.0,0.0,0.0
0.2807,0.0,0.0,0.0,0.0
0.28075,0.0011875000000000002,0.2999999999999998,0.2500000000000009,0.02
0.2808,0.0049250000000000006,0.5499999999999998,0.2999999999999998,0.05
0.28085,0.006825000000000001,0.6499999999999995,0.2999999999999998,0.060000000000000005
0.28090000000000004,0.008225000000000001,0.7000000000000002,0.2999999999999998,0.060000000000000005
0.28095000000000003,0.007625000000000002,0.7000000000000002,0.2500000000000009,0.060000000000000005
0.281,0.007337500000000001,0.6500000000000004,0.2500000000000009,0.06499999999999999
0.28105,0.006812500000000001,0.6500000000000004,0.20000000000000107,0.06499999999999999
0.2811,0.006175000000000001,0.5499999999999998,0.20000000000000107,0.06999999999999998
0.28115,0.005600000000000001,0.5499999999999998,0.14999999999999858,0.06999999999999998
0.2812,0.004837500000000001,0.5499999999999998,0.14999999999999858,0.06499999999999999
0.28125,0.0040750000000000005,0.4500000000000002,0.14999999999999858,0.06499999999999999
0.2813,0.0031375000000000005,0.4500000000000002,0.14999999999999858,0.060000000000000005
0.28135,0.0022125000000000005,0.4500000000000002,0.14999999999999858,0.055
0.28140000000000004,0.0013875000000000003,0.35000000000000053,0.14999999999999858,0.05
0.28145000000000003,0.0009125000000000001,0.3000000000000007,0.049999999999998934,0.045000000000000005
0.28150000000000003,0.0003625000000000001,0.25,0.049999999999998934,0.03499999999999999
0.28155,0.0,0.15000000000000036,0.049999999999998934,0.02
0.2816,0.0,0.0,0.0,0.0
0.28165,0.0,0.0,0.0,0.0
0.2817,0.0,0.0,0.0,0.0
0.28175,0.0,0.0,0.0,0.0
0.2818,0.0,0.0,0.0,0.0
0.28185,0.0,0.0,0.0,0.0
0.28190000000000004,0.0,0.0,0.0,0.0
0.28195000000000003,0.0,0.0,0.0,0.0
0.28200000000000003,0.0,0.0,0.0,0.0
0.28205,0.0,0.0,0.0,0.0
0.2821,0.0,0.0,0.0,0.0
0.28215,0.0,0.0,0.0,0.0
0.2822,0.0,0.0,0.0,0.0
0.28225,0.0,0.0,0.0,0.0
0.2823,0.0,0.0,0.0,0.0
0.28235,0.0,0.0,0.0,0.0
0.28240000000000004,0.0,0.0,0.0,0.0
0.28245000000000003,0.0,0.0,0.0,0.0
0.28250000000000003,0.0,0.0,0.0,0.0
0.28255,0.0,0.0,0.0,0.0
0.2826,0.0,0.0,0.0,0.0
0.28265,0.0018000000000000004,0.2999999999999998,0.25,0.030000000000000002
0.2827,0.0036250000000000006,0.4500000000000002,0.29999999999999893,0.045000000000000005
0.28275,0.005587500000000001,0.5499999999999998,0.25,0.055
0.2828,0.007475000000000002,0.5499999999999998,0.25,0.06999999999999998
0.28285,0.007225000000000001,0.5499999999999998,0.25,0.06999999999999998
0.28290000000000004,0.0067125000000000015,0.5499999999999998,0.25,0.075
0.28295000000000003,0.006212500000000001,0.5,0.20000000000000107,0.075
0.28300000000000003,0.005650000000000001,0.5,0.20000000000000107,0.075
0.28305,0.005100000000000001,0.4500000000000002,0.20000000000000107,0.075
0.2831,0.004525000000000001,0.4500000000000002,0.15000000000000036,0.075
0.28315,0.0038500000000000006,0.40000000000000036,0.15000000000000036,0.06999999999999998
0.2832,0.0032875000000000005,0.34999999999999964,0.15000000000000036,0.06999999999999998
0.28325,0.0024750000000000006,0.34999999999999964,0.15000000000000036,0.06499999999999999
0.2833,0.0017000000000000003,0.2999999999999998,0.15000000000000036,0.060000000000000005
0.28335,0.0010750000000000002,0.2500000000000009,0.15000000000000036,0.055
0.28340000000000004,0.0006875000000000002,0.2500000000000009,0.05000000000000249,0.045000000000000005
0.28345000000000004,0.00023750000000000005,0.15000000000000036,0.05000000000000249,0.03499999999999999
0.28350000000000003,0.0,0.04999999999999982,0.05000000000000249,0.02
0.28355,0.0,0.0,0.0,0.0
0.2836,0.0,0.0,0.0,0.0
0.28365,0.0,0.0,0.0,0.0
0.2837,0.0,0.0,0.0,0.0
0.28375,0.0,0.0,0.0,0.0
0.2838,0.0,0.0,0.0,0.0
0.28385,0.0,0.0,0.0,0.0
0.28390000000000004,0.0,0.0,0.0,0.0
0.28395000000000004,0.0,0.0,0.0,0.0
0.28400000000000003,0.0,0.0,0.0,0.0
0.28405,0.0,0.0,0.0,0.0
0.2841,0.0,0.0,0.0,0.0
0.28415,0.0,0.0,0.0,0.0
0.2842,0.0,0.0,0.0,0.0
0.28425,0.0,0.0,0.0,0.0
0.2843,0.0,0.0,0.0,0.0
0.28435,0.0,0.0,0.0,0.0
0.2844,0.0,0.0,0.0,0.0
0.28445000000000004,0.0021500000000000004,0.2999999999999998,0.2500000000000018,0.03499999999999999
0.28450000000000003,0.0021000000000000003,0.2999999999999998,0.2500000000000018,0.03499999999999999
0.28455,0.004087500000000001,0.4500000000000002,0.2500000000000018,0.05
0.2846,0.005962500000000001,0.5499999999999998,0.2500000000000018,0.06499999999999999
0.28465,0.006475000000000002,0.5,0.2500000000000018,0.06999999999999998
0.2847,0.006512500000000001,0.4500000000000002,0.2500000000000018,0.075
0.28475,0.0064125000000000015,0.4500000000000002,0.2500000000000018,0.08
0.2848,0.006062500000000001,0.40000000000000036,0.2500000000000018,0.08
0.28485,0.005712500000000001,0.40000000000000036,0.2500000000000018,0.085
0.2849,0.005100000000000001,0.40000000000000036,0.1999999999999993,0.085
0.28495000000000004,0.004575000000000001,0.35000000000000053,0.1999999999999993,0.085
0.28500000000000003,0.004062500000000001,0.35000000000000053,0.14999999999999858,0.08
0.28505,0.0037125000000000005,0.2999999999999998,0.14999999999999858,0.08
0.2851,0.0031875000000000007,0.2999999999999998,0.14999999999999858,0.08
0.28515,0.0025750000000000005,0.2999999999999998,0.14999999999999858,0.075
0.2852,0.0019625000000000003,0.25,0.14999999999999858,0.06999999999999998
0.28525,0.0013875000000000003,0.20000000000000107,0.14999999999999858,0.06499999999999999
0.2853,0.0008750000000000001,0.20000000000000107,0.14999999999999858,0.055
0.28535,0.0005500000000000001,0.15000000000000036,0.05000000000000071,0.05
0.2854,0.00018750000000000003,0.09999999999999964,0.05000000000000071,0.04
0.28545000000000004,0.0,0.04999999999999982,0.05000000000000071,0.02
0.28550000000000003,0.0,0.0,0.0,0.0
0.28555,0.0,0.0,0.0,0.0
0.2856,0.0,0.0,0.0,0.0
0.28565,0.0,0.0,0.0,0.0
0.2857,0.0,0.0,0.0,0.0
0.28575,0.0,0.0,0.0,0.0
0.2858,0.0,0.0,0.0,0.0
0.28585,0.0,0.0,0.0,0.0
0.2859,0.0,0.0,0.0,0.0
0.28595000000000004,0.0,0.0,0.0,0.0
0.28600000000000003,0.0,0.0,0.0,0.0
0.28605,0.0,0.0,0.0,0.0
0.2861,0.0,0.0,0.0,0.0
0.28615,0.0,0.0,0.0,0.0
0.2862,0.0,0.0,0.0,0.0
0.28625,0.0,0.0,0.0,0.0
0.2863,0.0019875000000000006,0.25,0.25,0.03499999999999999
0.28635,0.005950000000000001,0.40000000000000036,0.25,0.06999999999999998
0.2864,0.006675000000000001,0.40000000000000036,0.25,0.08
0.28645000000000004,0.007062500000000001,0.40000000000000036,0.25,0.09000000000000001
0.28650000000000003,0.006875000000000001,0.40000000000000036,0.25,0.09000000000000001
0.28655,0.0069250000000000015,0.40000000000000036,0.25,0.095
0.2866,0.006962500000000002,0.40000000000000036,0.25,0.1
0.28665,0.006800000000000001,0.40000000000000036,0.25,0.1
0.2867,0.0066250000000000015,0.34999999999999964,0.25,0.1
0.28675,0.006287500000000001,0.2999999999999998,0.25,0.10500000000000001
0.2868,0.005912500000000001,0.2999999999999998,0.25,0.10500000000000001
0.28685,0.005362500000000001,0.2999999999999998,0.25,0.10500000000000001
0.2869,0.004987500000000001,0.2999999999999998,0.25,0.1
0.28695000000000004,0.004450000000000001,0.2999999999999998,0.25,0.1
0.28700000000000003,0.003912500000000001,0.2999999999999998,0.1999999999999993,0.095
0.28705,0.0034625000000000007,0.2500000000000009,0.14999999999999858,0.095
0.2871,0.0030000000000000005,0.20000000000000107,0.14999999999999858,0.09000000000000001
0.28715,0.0025750000000000005,0.20000000000000107,0.14999999999999858,0.085
0.2872,0.0022125000000000005,0.20000000000000107,0.14999999999999858,0.08
0.28725,0.0016000000000000003,0.20000000000000107,0.14999999999999858,0.075
0.2873,0.0010000000000000002,0.15000000000000036,0.14999999999999858,0.06999999999999998
0.28735,0.0007000000000000001,0.09999999999999964,0.14999999999999858,0.060000000000000005
0.2874,0.0004000000000000001,0.09999999999999964,0.05000000000000071,0.05
0.28745000000000004,0.00011250000000000002,0.09999999999999964,0.05000000000000071,0.04
0.28750000000000003,0.0,0.0,0.05000000000000071,0.02
0.28755000000000003,0.0,0.0,0.0,0.0
0.2876,0.0,0.0,0.0,0.0
0.28765,0.0,0.0,0.0,0.0
0.2877,0.0,0.0,0.0,0.0
0.28775,0.0,0.0,0.0,0.0
0.2878,0.0,0.0,0.0,0.0
0.28785,0.0,0.0,0.0,0.0
0.2879,0.0,0.0,0.0,0.0
0.28795000000000004,0.0,0.0,0.0,0.0
0.28800000000000003,0.0013750000000000004,0.25,0.25,0.030000000000000002
0.28805000000000003,0.0013250000000000002,0.25,0.25,0.030000000000000002
0.2881,0.003962500000000001,0.35000000000000053,0.25,0.060000000000000005
0.28815,0.005525000000000001,0.2999999999999998,0.25,0.08
0.2882,0.0065000000000000014,0.2999999999999998,0.25,0.095
0.28825,0.007337500000000001,0.2999999999999998,0.25,0.10500000000000001
0.2883,0.0079,0.2999999999999998,0.25,0.115
0.28835,0.008612500000000002,0.2999999999999998,0.25,0.125
0.2884,0.008850000000000002,0.2999999999999998,0.25,0.125
0.28845000000000004,0.009000000000000001,0.2999999999999998,0.25,0.12999999999999998
0.28850000000000003,0.009087500000000002,0.2999999999999998,0.25,0.12999999999999998
0.28855000000000003,0.009025000000000002,0.2999999999999998,0.25,0.12999999999999998
0.2886,0.008975000000000002,0.2999999999999998,0.25,0.135
0.28865,0.008825000000000001,0.2999999999999998,0.25,0.135
0.2887,0.008637500000000001,0.2999999999999998,0.25,0.135
0.28875,0.008300000000000002,0.2999999999999998,0.25,0.135
0.2888,0.007912500000000001,0.2999999999999998,0.25,0.135
0.28885,0.007475000000000002,0.2999999999999998,0.25,0.12999999999999998
0.2889,0.007062500000000001,0.2999999999999998,0.25,0.12999999999999998
0.28895000000000004,0.006725000000000001,0.2999999999999998,0.25,0.12999999999999998
0.28900000000000003,0.006262500000000002,0.2999999999999998,0.25,0.125
0.28905000000000003,0.005725000000000001,0.2999999999999998,0.25,0.125
0.2891,0.005312500000000001,0.20000000000000107,0.25,0.12000000000000001
0.28915,0.004687500000000001,0.20000000000000107,0.25,0.115
0.2892,0.0042250000000000005,0.20000000000000107,0.25,0.115
0.28925,0.0035750000000000005,0.20000000000000107,0.25,0.11
0.2893,0.0031625000000000004,0.20000000000000107,0.15000000000000036,0.10500000000000001
0.28935,0.0027750000000000006,0.20000000000000107,0.15000000000000036,0.1
0.2894,0.0022750000000000005,0.20000000000000107,0.15000000000000036,0.095
0.28945000000000004,0.0016750000000000003,0.20000000000000107,0.15000000000000036,0.085
0.28950000000000004,0.0011750000000000003,0.09999999999999964,0.15000000000000036,0.08
0.28955000000000003,0.0008500000000000002,0.09999999999999964,0.15000000000000036,0.06999999999999998
0.2896,0.0005250000000000001,0.09999999999999964,0.09999999999999964,0.060000000000000005
0.28965,0.00017500000000000003,0.09999999999999964,0.05000000000000071,0.05
0.2897,0.0,0.0,0.05000000000000071,0.03499999999999999
0.28975,0.0,0.0,0.0,0.0
0.2898,0.0022500000000000003,0.20000000000000107,0.25,0.045000000000000005
0.28985,0.004125000000000001,0.20000000000000107,0.25,0.09000000000000001
0.2899,0.004612500000000001,0.20000000000000107,0.25,0.095
0.28995000000000004,0.0048625000000000005,0.20000000000000107,0.25,0.10500000000000001
0.29000000000000004,0.005112500000000001,0.20000000000000107,0.25,0.10500000000000001
0.29005000000000003,0.005100000000000001,0.20000000000000107,0.25,0.10500000000000001
0.2901,0.005100000000000001,0.20000000000000107,0.25,0.11
0.29015,0.004987500000000001,0.20000000000000107,0.25,0.11
0.2902,0.004812500000000001,0.20000000000000107,0.25,0.11
0.29025,0.004475000000000001,0.20000000000000107,0.25,0.11
0.2903,0.0040750000000000005,0.20000000000000107,0.25,0.11
0.29035,0.0035750000000000005,0.20000000000000107,0.25,0.10500000000000001
0.2904,0.0032125000000000005,0.20000000000000107,0.20000000000000107,0.10500000000000001
0.29045000000000004,0.0029125000000000006,0.20000000000000107,0.20000000000000107,0.1
0.29050000000000004,0.0024375000000000004,0.20000000000000107,0.20000000000000107,0.095
0.29055000000000003,0.0019500000000000003,0.20000000000000107,0.15000000000000036,0.09000000000000001
0.2906,0.0015750000000000002,0.09999999999999964,0.15000000000000036,0.085
0.29065,0.0012375000000000003,0.09999999999999964,0.15000000000000036,0.08
0.2907,0.0008375000000000001,0.09999999999999964,0.15000000000000036,0.06999999999999998
0.29075,0.0004250000000000001,0.09999999999999964,0.09999999999999964,0.060000000000000005
0.2908,0.00015000000000000001,0.09999999999999964,0.09999999999999964,0.05
0.29085,0.0,0.0,0.049999999999998934,0.03499999999999999
0.2909,0.0,0.0,0.0,0.0
0.29095,0.0,0.0,0.0,0.0
