t,volume,length,width,depth
0.0,0.0,0.0,0.0,0.0
5e-05,0.0014250000000000003,0.3,0.3,0.025
0.0001,0.004962500000000001,0.6000000000000001,0.3,0.05
0.00015000000000000001,0.004575000000000001,0.55,0.3,0.05
0.0002,0.006237500000000001,0.7,0.3,0.055
0.00025,0.010025000000000003,1.0,0.3,0.060000000000000005
0.00030000000000000003,0.009450000000000002,0.95,0.3,0.060000000000000005
0.00035,0.010850000000000002,1.0999999999999999,0.3,0.060000000000000005
0.0004,0.011987500000000002,1.25,0.3,0.060000000000000005
0.00045000000000000004,0.012975000000000002,1.3499999999999999,0.3,0.060000000000000005
0.0005,0.013800000000000003,1.5,0.3,0.060000000000000005
0.00055,0.01665,1.75,0.3,0.060000000000000005
0.0006000000000000001,0.017075000000000003,1.9000000000000004,0.3,0.060000000000000005
0.0006500000000000001,0.015212500000000002,1.8500000000000003,0.3,0.060000000000000005
0.0007,0.015275000000000002,1.9500000000000002,0.3,0.060000000000000005
0.00075,0.015287500000000002,2.0,0.3,0.060000000000000005
0.0008,0.015287500000000002,2.05,0.3,0.060000000000000005
0.0008500000000000001,0.015287500000000002,2.05,0.3,0.060000000000000005
0.0009000000000000001,0.015287500000000002,2.05,0.3,0.060000000000000005
0.00095,0.015287500000000002,2.05,0.3,0.060000000000000005
0.001,0.017425000000000003,2.2,0.3,0.060000000000000005
0.0010500000000000002,0.015287500000000002,2.05,0.3,0.060000000000000005
0.0011,0.015287500000000002,2.05,0.3,0.060000000000000005
0.00115,0.017425000000000003,2.2,0.3,0.060000000000000005
0.0012000000000000001,0.015287500000000002,2.0500000000000003,0.3,0.060000000000000005
0.00125,0.017425000000000003,2.2,0.3,0.060000000000000005
0.0013000000000000002,0.015287500000000002,2.05,0.3,0.060000000000000005
0.00135,0.015287500000000002,2.0500000000000003,0.3,0.060000000000000005
0.0014,0.017425000000000003,2.2,0.3,0.060000000000000005
0.0014500000000000001,0.015287500000000002,2.0500000000000003,0.3,0.060000000000000005
0.0015,0.017425000000000003,2.1999999999999997,0.3,0.060000000000000005
0.0015500000000000002,0.015287500000000002,2.05,0.3,0.060000000000000005
0.0016,0.015287500000000002,2.0499999999999994,0.3,0.060000000000000005
0.00165,0.015287500000000002,2.05,0.3,0.060000000000000005
0.0017000000000000001,0.015287500000000002,2.0500000000000003,0.3,0.060000000000000005
0.00175,0.015287500000000002,2.05,0.3,0.060000000000000005
0.0018000000000000002,0.015287500000000002,2.0500000000000003,0.3,0.060000000000000005
0.00185,0.015287500000000002,2.0499999999999994,0.3,0.060000000000000005
0.0019,0.017425000000000003,2.2,0.3,0.060000000000000005
0.0019500000000000001,0.015287500000000002,2.0500000000000003,0.3,0.060000000000000005
0.002,0.015287500000000002,2.0500000000000007,0.3,0.060000000000000005
0.00205,0.017425000000000003,2.2,0.3,0.060000000000000005
0.0021000000000000003,0.015287500000000002,2.0500000000000007,0.3,0.060000000000000005
0.00215,0.015287500000000002,2.0500000000000007,0.3,0.060000000000000005
0.0022,0.017425000000000003,2.200000000000001,0.3,0.060000000000000005
0.0022500000000000003,0.015287500000000002,2.0500000000000007,0.3,0.060000000000000005
0.0023,0.015287500000000002,2.05,0.3,0.060000000000000005
0.00235,0.017425000000000003,2.1999999999999993,0.3,0.060000000000000005
0.0024000000000000002,0.017425000000000003,2.2,0.3,0.060000000000000005
0.00245,0.015287500000000002,2.05,0.3,0.060000000000000005
0.0025,0.015287500000000002,2.05,0.3,0.060000000000000005
0.00255,0.017425000000000003,2.2,0.3,0.060000000000000005
0.0026000000000000003,0.015287500000000002,2.05,0.3,0.060000000000000005
0.00265,0.015287500000000002,2.0500000000000007,0.3,0.060000000000000005
0.0027,0.017425000000000003,2.1999999999999993,0.3,0.060000000000000005
0.0027500000000000003,0.015287500000000002,2.05,0.3,0.060000000000000005
0.0028,0.015287500000000002,2.05,0.3,0.060000000000000005
0.00285,0.017425000000000003,2.200000000000001,0.3,0.060000000000000005
0.0029000000000000002,0.017425000000000003,2.1999999999999993,0.3,0.060000000000000005
0.00295,0.015287500000000002,2.05,0.3,0.060000000000000005
0.003,0.015287500000000002,2.05,0.3,0.060000000000000005
0.00305,0.017425000000000003,2.2,0.3,0.060000000000000005
0.0031000000000000003,0.015287500000000002,2.0500000000000007,0.3,0.060000000000000005
0.00315,0.015287500000000002,2.049999999999999,0.3,0.060000000000000005
0.0032,0.015287500000000002,2.0500000000000016,0.3,0.060000000000000005
0.0032500000000000003,0.015287500000000002,2.05,0.3,0.060000000000000005
0.0033,0.015312500000000003,2.05,0.3,0.060000000000000005
0.00335,0.015275000000000002,2.0,0.3,0.060000000000000005
0.0034000000000000002,0.014825000000000003,1.8499999999999996,0.35,0.060000000000000005
0.0034500000000000004,0.014462500000000003,1.6999999999999993,0.35,0.060000000000000005
0.0035,0.014725000000000002,1.5,0.35,0.06999999999999998
0.00355,0.015775000000000004,1.3500000000000014,0.35,0.075
0.0036000000000000003,0.017662500000000005,1.200000000000001,0.35,0.08
0.00365,0.020037500000000003,1.1500000000000004,0.35,0.085
0.0037,0.022525000000000003,1.25,0.35,0.09000000000000001
0.0037500000000000003,0.025112500000000003,1.4000000000000004,0.35,0.09000000000000001
0.0038,0.027887500000000006,1.4499999999999993,0.35,0.095
0.00385,0.03413750000000001,1.75,0.35,0.095
0.0039000000000000003,0.033587500000000006,1.75,0.3,0.095
0.00395,0.036000000000000004,1.9000000000000004,0.3,0.095
0.004,0.04113750000000001,2.2,0.3,0.095
0.00405,0.03986250000000001,2.2,0.3,0.095
0.0041,0.041650000000000006,2.3000000000000016,0.3,0.09000000000000001
0.00415,0.04608750000000001,2.6000000000000014,0.3,0.09000000000000001
0.004200000000000001,0.04391250000000001,2.6000000000000014,0.3,0.09000000000000001
0.00425,0.04425000000000001,2.750000000000001,0.3,0.085
0.0043,0.046450000000000005,3.0500000000000016,0.3,0.085
0.004350000000000001,0.04378750000000001,3.000000000000001,0.3,0.08
0.0044,0.044300000000000006,3.1500000000000004,0.3,0.08
0.00445,0.04715000000000001,3.45,0.3,0.08
0.0045000000000000005,0.04377500000000001,3.3999999999999995,0.3,0.08
0.00455,0.04306250000000001,3.55,0.3,0.08
0.0046,0.04458750000000001,3.8499999999999996,0.3,0.08
0.0046500000000000005,0.03955000000000001,3.799999999999999,0.3,0.08
0.0047,0.03752500000000001,3.8999999999999995,0.3,0.075
0.00475,0.038312500000000006,4.150000000000001,0.3,0.075
0.0048000000000000004,0.03412500000000001,3.749999999999999,0.3,0.075
0.00485,0.035612500000000005,3.5999999999999996,0.3,0.075
0.0049,0.031775000000000005,3.3000000000000007,0.3,0.075
0.00495,0.030962500000000007,3.2,0.3,0.075
0.005,0.032775000000000006,3.3,0.3,0.075
0.005050000000000001,0.029462500000000006,3.05,0.3,0.075
0.0051,0.028812500000000005,3.0,0.3,0.075
0.00515,0.030750000000000006,3.1000000000000005,0.3,0.075
0.005200000000000001,0.027587500000000004,2.95,0.3,0.075
0.00525,0.027125000000000003,2.9000000000000004,0.3,0.06999999999999998
0.0053,0.029275000000000006,2.9999999999999996,0.3,0.06999999999999998
0.005350000000000001,0.026312500000000006,2.8000000000000003,0.3,0.06999999999999998
0.0054,0.025987500000000004,2.8000000000000007,0.3,0.06999999999999998
0.00545,0.028125000000000004,2.9,0.3,0.06999999999999998
0.0055000000000000005,0.025275000000000006,2.7500000000000004,0.3,0.06999999999999998
0.00555,0.024987500000000006,2.7,0.3,0.06999999999999998
0.0056,0.027275000000000004,2.8500000000000005,0.3,0.06999999999999998
0.0056500000000000005,0.024500000000000004,2.7,0.3,0.06999999999999998
0.0057,0.026787500000000006,2.8,0.3,0.06999999999999998
0.00575,0.026462500000000003,2.7999999999999994,0.3,0.06999999999999998
0.0058000000000000005,0.023762500000000006,2.6,0.3,0.06999999999999998
0.00585,0.025975000000000005,2.75,0.3,0.06999999999999998
0.0059,0.023287500000000003,2.6000000000000005,0.3,0.06999999999999998
0.00595,0.023087500000000004,2.6,0.3,0.06999999999999998
0.006,0.025400000000000006,2.7,0.3,0.06999999999999998
0.006050000000000001,0.022750000000000003,2.55,0.3,0.06999999999999998
0.0061,0.022562500000000003,2.5500000000000003,0.3,0.06999999999999998
0.00615,0.024812500000000005,2.6999999999999997,0.3,0.06999999999999998
0.006200000000000001,0.022187500000000002,2.5,0.3,0.06999999999999998
0.00625,0.022075000000000004,2.5,0.3,0.06999999999999998
0.0063,0.024412500000000004,2.6500000000000004,0.3,0.06999999999999998
0.006350000000000001,0.021850000000000005,2.5,0.3,0.06999999999999998
0.0064,0.021650000000000003,2.5,0.3,0.06999999999999998
0.00645,0.021500000000000005,2.45,0.3,0.06999999999999998
0.006500000000000001,0.021362500000000003,2.4499999999999997,0.3,0.06999999999999998
0.00655,0.021275000000000002,2.45,0.3,0.06999999999999998
0.0066,0.021212500000000002,2.45,0.3,0.06999999999999998
0.0066500000000000005,0.021150000000000006,2.4499999999999997,0.3,0.06499999999999999
0.0067,0.020737500000000002,2.3499999999999996,0.35,0.06499999999999999
0.00675,0.019950000000000002,2.15,0.35,0.06499999999999999
0.0068000000000000005,0.019225000000000003,1.95,0.35,0.06499999999999999
0.00685,0.019287500000000003,1.8,0.35,0.075
0.006900000000000001,0.022350000000000005,1.65,0.35,0.085
0.0069500000000000004,0.021475000000000005,1.5,0.35,0.085
0.007,0.023950000000000006,1.35,0.35,0.09000000000000001
0.007050000000000001,0.026687500000000006,1.35,0.35,0.095
0.0071,0.029600000000000005,1.45,0.35,0.095
0.00715,0.032400000000000005,1.55,0.35,0.1
0.007200000000000001,0.03533750000000001,1.7,0.35,0.1
0.00725,0.038137500000000005,1.8499999999999999,0.35,0.1
0.0073,0.04087500000000001,2.0000000000000004,0.35,0.1
0.007350000000000001,0.04353750000000001,2.1500000000000004,0.3,0.1
0.0074,0.04617500000000001,2.25,0.3,0.1
0.00745,0.04866250000000001,2.3499999999999996,0.3,0.1
0.007500000000000001,0.050725000000000006,2.5,0.3,0.1
0.00755,0.05250000000000001,2.65,0.3,0.095
0.0076,0.05416250000000001,2.8,0.3,0.095
0.0076500000000000005,0.05523750000000001,2.95,0.3,0.095
0.0077,0.05643750000000001,3.0500000000000003,0.3,0.09000000000000001
0.00775,0.06031250000000001,3.35,0.3,0.09000000000000001
0.0078000000000000005,0.05961250000000001,3.5,0.3,0.09000000000000001
0.007850000000000001,0.05530000000000001,3.5,0.3,0.09000000000000001
0.0079,0.05513750000000001,3.5999999999999996,0.3,0.085
0.00795,0.05497500000000001,3.75,0.3,0.085
0.008,0.05431250000000001,3.9000000000000004,0.3,0.085
0.00805,0.05670000000000001,4.15,0.3,0.085
0.0081,0.05522500000000001,4.3,0.3,0.085
0.008150000000000001,0.04993750000000001,4.25,0.3,0.085
0.0082,0.04765000000000001,4.3500000000000005,0.3,0.085
0.00825,0.04547500000000001,4.45,0.3,0.08
0.0083,0.04346250000000001,4.35,0.3,0.08
0.00835,0.044937500000000005,4.199999999999999,0.3,0.08
0.008400000000000001,0.04353750000000001,4.0,0.3,0.08
0.008450000000000001,0.03956250000000001,3.7,0.3,0.08
0.0085,0.03868750000000001,3.5499999999999994,0.3,0.08
0.00855,0.03778750000000001,3.5,0.3,0.08
0.0086,0.03997500000000001,3.55,0.3,0.08
0.00865,0.03922500000000001,3.5,0.3,0.08
0.008700000000000001,0.035750000000000004,3.3000000000000003,0.3,0.08
0.00875,0.035112500000000005,3.2999999999999994,0.3,0.08
0.0088,0.03446250000000001,3.25,0.3,0.08
0.00885,0.033975000000000005,3.1999999999999997,0.3,0.08
0.0089,0.036312500000000004,3.2999999999999994,0.3,0.075
0.00895,0.03583750000000001,3.3000000000000007,0.3,0.075
0.009000000000000001,0.03263750000000001,3.1000000000000005,0.3,0.075
0.00905,0.032200000000000006,3.0999999999999996,0.3,0.075
0.0091,0.03181250000000001,3.0500000000000007,0.3,0.075
0.00915,0.03150000000000001,3.0500000000000007,0.3,0.075
0.0092,0.034037500000000005,3.1499999999999995,0.3,0.075
0.009250000000000001,0.033650000000000006,3.1499999999999995,0.3,0.075
0.009300000000000001,0.030637500000000005,3.0,0.3,0.075
0.00935,0.030400000000000007,2.9499999999999984,0.3,0.075
0.0094,0.030112500000000004,2.950000000000001,0.3,0.075
0.00945,0.029875000000000006,2.9499999999999993,0.3,0.075
0.0095,0.03238750000000001,3.05,0.3,0.075
0.009550000000000001,0.03212500000000001,3.05,0.3,0.075
0.009600000000000001,0.029162500000000004,2.9000000000000004,0.3,0.075
0.00965,0.029012500000000007,2.8500000000000005,0.3,0.075
0.0097,0.028850000000000004,2.8499999999999996,0.3,0.075
0.00975,0.03136250000000001,3.0,0.3,0.075
0.0098,0.031112500000000005,3.000000000000001,0.3,0.075
0.009850000000000001,0.028250000000000004,2.8,0.3,0.075
0.0099,0.028037500000000007,2.799999999999999,0.3,0.075
0.00995,0.027862500000000005,2.8000000000000007,0.3,0.075
0.01,0.027300000000000005,2.7,0.35000000000000003,0.075
0.01005,0.027925000000000005,2.55,0.4,0.075
0.010100000000000001,0.027100000000000006,2.3000000000000016,0.35,0.08
0.010150000000000001,0.024850000000000004,2.1500000000000012,0.35,0.08
0.0102,0.024912500000000004,2.000000000000001,0.35,0.085
0.01025,0.025725000000000005,1.8500000000000014,0.35,0.09000000000000001
0.0103,0.027462500000000004,1.700000000000001,0.35,0.095
0.01035,0.033800000000000004,1.5500000000000007,0.35,0.1
0.010400000000000001,0.03748750000000001,1.5999999999999996,0.35,0.10500000000000001
0.010450000000000001,0.03705000000000001,1.5999999999999996,0.35,0.10500000000000001
0.0105,0.040462500000000005,1.6999999999999993,0.35,0.10500000000000001
0.01055,0.04352500000000001,1.8499999999999996,0.35,0.10500000000000001
0.0106,0.050225000000000006,2.1500000000000004,0.35,0.10500000000000001
0.01065,0.05303750000000001,2.3000000000000007,0.35,0.10500000000000001
0.010700000000000001,0.05561250000000001,2.45,0.35,0.10500000000000001
0.010750000000000001,0.05440000000000001,2.3999999999999995,0.35,0.10500000000000001
0.0108,0.05682500000000001,2.55,0.35,0.10500000000000001
0.01085,0.05927500000000001,2.6999999999999993,0.35,0.10500000000000001
0.0109,0.06498750000000002,2.999999999999999,0.30000000000000004,0.10500000000000001
0.01095,0.06680000000000001,3.1499999999999995,0.30000000000000004,0.10500000000000001
0.011000000000000001,0.06505000000000001,3.1499999999999995,0.30000000000000004,0.1
0.01105,0.06676250000000002,3.2499999999999982,0.30000000000000004,0.1
0.0111,0.06788750000000002,3.3999999999999986,0.30000000000000004,0.1
0.01115,0.06895000000000001,3.549999999999999,0.30000000000000004,0.095
0.0112,0.07273750000000001,3.8499999999999988,0.30000000000000004,0.095
0.011250000000000001,0.07258750000000001,3.999999999999999,0.30000000000000004,0.095
0.011300000000000001,0.06862500000000002,3.95,0.30000000000000004,0.09000000000000001
0.01135,0.06621250000000001,4.1000000000000005,0.30000000000000004,0.09000000000000001
0.0114,0.06525000000000002,4.25,0.30000000000000004,0.09000000000000001
0.01145,0.06776250000000002,4.500000000000001,0.30000000000000004,0.09000000000000001
0.0115,0.066725,4.650000000000001,0.30000000000000004,0.09000000000000001
0.011550000000000001,0.06526250000000001,4.750000000000001,0.30000000000000004,0.09000000000000001
0.011600000000000001,0.06002500000000001,4.750000000000001,0.30000000000000004,0.085
0.01165,0.05708750000000001,4.85,0.30000000000000004,0.085
0.0117,0.05442500000000001,4.949999999999999,0.30000000000000004,0.085
0.01175,0.05511250000000001,5.1000000000000005,0.30000000000000004,0.085
0.0118,0.05312500000000001,4.799999999999999,0.30000000000000004,0.085
0.011850000000000001,0.04835000000000001,4.35,0.30000000000000004,0.085
0.0119,0.04703750000000001,4.149999999999999,0.30000000000000004,0.085
0.01195,0.04572500000000001,3.9999999999999996,0.30000000000000004,0.085
0.012,0.04472500000000001,3.8999999999999995,0.30000000000000004,0.085
0.01205,0.04680000000000001,3.9499999999999997,0.30000000000000004,0.085
0.012100000000000001,0.04588750000000001,3.8500000000000005,0.30000000000000004,0.085
0.012150000000000001,0.04195000000000001,3.6499999999999995,0.30000000000000004,0.08
0.0122,0.041225000000000005,3.6,0.30000000000000004,0.08
0.01225,0.040462500000000005,3.5500000000000003,0.30000000000000004,0.08
0.0123,0.04295000000000001,3.65,0.30000000000000004,0.08
0.01235,0.04237500000000001,3.6500000000000004,0.30000000000000004,0.08
0.012400000000000001,0.04175000000000001,3.6,0.30000000000000004,0.08
0.012450000000000001,0.038250000000000006,3.4,0.30000000000000004,0.08
0.0125,0.03786250000000001,3.3999999999999995,0.30000000000000004,0.08
0.01255,0.037437500000000005,3.35,0.30000000000000004,0.08
0.0126,0.040012500000000006,3.5,0.30000000000000004,0.08
0.01265,0.03948750000000001,3.4499999999999997,0.30000000000000004,0.08
0.012700000000000001,0.03911250000000001,3.4499999999999993,0.30000000000000004,0.08
0.012750000000000001,0.03577500000000001,3.25,0.30000000000000004,0.08
0.0128,0.035437500000000004,3.25,0.30000000000000004,0.08
0.01285,0.035125,3.1999999999999997,0.30000000000000004,0.08
0.0129,0.03471250000000001,3.2,0.30000000000000004,0.08
0.012950000000000001,0.03445000000000001,3.1999999999999997,0.30000000000000004,0.08
0.013000000000000001,0.034162500000000005,3.1500000000000004,0.30000000000000004,0.08
0.01305,0.03375000000000001,3.1500000000000004,0.30000000000000004,0.08
0.0131,0.03350000000000001,3.1500000000000004,0.30000000000000004,0.08
0.01315,0.0332375,3.1,0.30000000000000004,0.08
0.0132,0.0328625,3.0500000000000003,0.30000000000000004,0.075
0.013250000000000001,0.032150000000000005,3.0000000000000004,0.35,0.075
0.013300000000000001,0.031125000000000007,2.75,0.4,0.075
0.01335,0.029987500000000007,2.6,0.4,0.075
0.0134,0.029000000000000005,2.45,0.35000000000000003,0.08
0.01345,0.028612500000000006,2.3,0.35000000000000003,0.085
0.0135,0.029025000000000006,2.15,0.35000000000000003,0.09000000000000001
0.013550000000000001,0.030050000000000004,1.9500000000000002,0.35000000000000003,0.095
0.013600000000000001,0.032012500000000006,1.7999999999999998,0.35000000000000003,0.1
0.01365,0.03508750000000001,1.6,0.35000000000000003,0.10500000000000001
0.0137,0.03867500000000001,1.6,0.35000000000000003,0.10500000000000001
0.01375,0.04237500000000001,1.7000000000000002,0.35000000000000003,0.10500000000000001
0.013800000000000002,0.04607500000000001,1.85,0.35000000000000003,0.11
0.013850000000000001,0.05375000000000001,2.15,0.35000000000000003,0.11
0.013900000000000001,0.05277500000000001,2.15,0.35000000000000003,0.11
0.01395,0.05553750000000001,2.3,0.35000000000000003,0.11
0.014,0.05835000000000001,2.4,0.35000000000000003,0.11
0.01405,0.06093750000000001,2.55,0.35000000000000003,0.11
0.014100000000000001,0.06350000000000001,2.6999999999999997,0.35000000000000003,0.11
0.014150000000000001,0.065475,2.85,0.35000000000000003,0.11
0.0142,0.06732500000000001,3.0,0.35000000000000003,0.11
0.01425,0.06960000000000001,3.15,0.30000000000000004,0.11
0.0143,0.07173750000000001,3.25,0.30000000000000004,0.10500000000000001
0.01435,0.07362500000000001,3.4,0.30000000000000004,0.10500000000000001
0.014400000000000001,0.07510000000000001,3.55,0.30000000000000004,0.10500000000000001
0.014450000000000001,0.07626250000000001,3.7,0.30000000000000004,0.1
0.0145,0.07697500000000002,3.8500000000000005,0.30000000000000004,0.1
0.01455,0.07796250000000002,3.95,0.30000000000000004,0.1
0.0146,0.07800000000000001,4.1000000000000005,0.30000000000000004,0.095
0.014650000000000002,0.07762500000000001,4.25,0.30000000000000004,0.095
0.014700000000000001,0.07955000000000001,4.550000000000001,0.30000000000000004,0.095
0.014750000000000001,0.07342500000000002,4.500000000000001,0.30000000000000004,0.095
0.0148,0.07236250000000001,4.65,0.30000000000000004,0.09000000000000001
0.01485,0.07117500000000002,4.800000000000001,0.30000000000000004,0.09000000000000001
0.0149,0.06956250000000001,4.8999999999999995,0.30000000000000004,0.09000000000000001
0.014950000000000001,0.06756250000000001,5.0,0.30000000000000004,0.09000000000000001
0.015000000000000001,0.06830000000000001,5.3,0.30000000000000004,0.09000000000000001
0.015050000000000001,0.06185000000000001,5.25,0.30000000000000004,0.09000000000000001
0.0151,0.05905000000000001,5.249999999999999,0.30000000000000004,0.09000000000000001
0.01515,0.05676250000000001,5.05,0.30000000000000004,0.09000000000000001
0.0152,0.05481250000000001,4.75,0.30000000000000004,0.09000000000000001
0.015250000000000001,0.05321250000000001,4.55,0.30000000000000004,0.085
0.015300000000000001,0.05182500000000001,4.35,0.30000000000000004,0.085
0.01535,0.050600000000000006,4.25,0.30000000000000004,0.085
0.0154,0.04962500000000001,4.1,0.30000000000000004,0.085
0.01545,0.04847500000000001,4.049999999999999,0.30000000000000004,0.085
0.0155,0.04761250000000001,3.9,0.30000000000000004,0.085
0.015550000000000001,0.04995000000000001,3.9999999999999996,0.30000000000000004,0.085
0.015600000000000001,0.04605000000000001,3.7499999999999996,0.30000000000000004,0.085
0.01565,0.04837500000000001,3.8499999999999996,0.30000000000000004,0.085
0.015700000000000002,0.04458750000000001,3.6499999999999995,0.30000000000000004,0.085
0.01575,0.04403750000000001,3.5999999999999996,0.30000000000000004,0.085
0.0158,0.04343750000000001,3.6000000000000005,0.30000000000000004,0.085
0.01585,0.04288750000000001,3.55,0.30000000000000004,0.085
0.0159,0.04545000000000001,3.7,0.30000000000000004,0.085
0.015950000000000002,0.04182500000000001,3.500000000000001,0.30000000000000004,0.085
0.016,0.04446250000000001,3.5999999999999988,0.30000000000000004,0.085
0.016050000000000002,0.04092500000000001,3.4499999999999993,0.30000000000000004,0.08
0.0161,0.040475000000000004,3.3999999999999995,0.30000000000000004,0.08
0.01615,0.043175000000000005,3.5500000000000007,0.30000000000000004,0.08
0.0162,0.03960000000000001,3.4000000000000004,0.30000000000000004,0.08
0.01625,0.04230000000000001,3.499999999999999,0.30000000000000004,0.08
0.016300000000000002,0.038825000000000005,3.3499999999999988,0.30000000000000004,0.08
0.01635,0.038525000000000004,3.3,0.30000000000000004,0.08
0.0164,0.040975000000000004,3.45,0.30000000000000004,0.08
0.01645,0.03752500000000001,3.3000000000000007,0.30000000000000004,0.08
0.0165,0.03827500000000001,3.05,0.4,0.08
0.016550000000000002,0.03532500000000001,2.9000000000000004,0.4,0.08
0.0166,0.033725000000000005,2.749999999999999,0.4,0.08
0.01665,0.03288750000000001,2.5999999999999996,0.35000000000000003,0.085
0.0167,0.03248750000000001,2.3999999999999995,0.35000000000000003,0.09000000000000001
0.01675,0.03558750000000001,2.25,0.35000000000000003,0.1
0.016800000000000002,0.03407500000000001,2.049999999999999,0.35000000000000003,0.1
0.01685,0.03961250000000001,1.8999999999999986,0.35000000000000003,0.10500000000000001
0.016900000000000002,0.03925000000000001,1.6999999999999993,0.35000000000000003,0.10500000000000001
0.01695,0.042925000000000005,1.6999999999999993,0.35000000000000003,0.11
0.017,0.05150000000000001,1.9499999999999993,0.35000000000000003,0.11
0.01705,0.05088750000000001,1.9499999999999993,0.35000000000000003,0.11
0.0171,0.05890000000000001,2.2499999999999982,0.35000000000000003,0.115
0.017150000000000002,0.05812500000000001,2.2499999999999982,0.35000000000000003,0.115
0.0172,0.06165000000000001,2.3499999999999996,0.35000000000000003,0.115
0.01725,0.06871250000000001,2.6499999999999995,0.35000000000000003,0.115
0.0173,0.06716250000000001,2.6499999999999995,0.35000000000000003,0.115
0.01735,0.07378750000000002,2.95,0.35000000000000003,0.115
0.017400000000000002,0.07192500000000002,2.95,0.35000000000000003,0.115
0.01745,0.07405000000000002,3.1000000000000005,0.35000000000000003,0.11
0.0175,0.07593750000000002,3.25,0.35000000000000003,0.11
0.01755,0.07748750000000001,3.3500000000000014,0.35000000000000003,0.11
0.0176,0.08306250000000001,3.6500000000000012,0.35000000000000003,0.11
0.017650000000000002,0.08121250000000002,3.6500000000000012,0.30000000000000004,0.10500000000000001
0.0177,0.08631250000000001,3.950000000000001,0.30000000000000004,0.10500000000000001
0.017750000000000002,0.08378750000000001,3.950000000000001,0.30000000000000004,0.10500000000000001
0.0178,0.08493750000000001,4.050000000000001,0.30000000000000004,0.1
0.01785,0.08895000000000002,4.3500000000000005,0.30000000000000004,0.1
0.0179,0.08538750000000002,4.3500000000000005,0.30000000000000004,0.1
0.01795,0.08878750000000002,4.65,0.30000000000000004,0.095
0.018000000000000002,0.08425000000000002,4.6,0.30000000000000004,0.095
0.01805,0.08287500000000002,4.749999999999999,0.30000000000000004,0.095
0.0181,0.07971250000000002,4.8999999999999995,0.30000000000000004,0.095
0.01815,0.07797500000000002,4.999999999999999,0.30000000000000004,0.095
0.0182,0.07978750000000001,5.299999999999999,0.30000000000000004,0.095
0.018250000000000002,0.07443750000000002,5.25,0.30000000000000004,0.09000000000000001
0.0183,0.07198750000000001,5.3999999999999995,0.30000000000000004,0.09000000000000001
0.01835,0.06880000000000001,5.499999999999999,0.30000000000000004,0.09000000000000001
0.0184,0.06555000000000001,5.550000000000002,0.30000000000000004,0.09000000000000001
0.01845,0.06617500000000001,5.6,0.30000000000000004,0.09000000000000001
0.018500000000000003,0.06056250000000001,5.1,0.30000000000000004,0.09000000000000001
0.01855,0.06211250000000001,5.000000000000001,0.30000000000000004,0.09000000000000001
0.018600000000000002,0.05721250000000001,4.6499999999999995,0.30000000000000004,0.09000000000000001
0.01865,0.05585000000000001,4.5,0.30000000000000004,0.09000000000000001
0.0187,0.05776250000000001,4.55,0.30000000000000004,0.09000000000000001
0.01875,0.05331250000000001,4.3,0.30000000000000004,0.09000000000000001
0.0188,0.05551250000000001,4.35,0.30000000000000004,0.085
0.018850000000000002,0.05131250000000001,4.100000000000001,0.30000000000000004,0.085
0.0189,0.050475000000000006,4.05,0.30000000000000004,0.085
0.01895,0.04961250000000001,4.0,0.30000000000000004,0.085
0.019,0.04885000000000001,3.8999999999999995,0.30000000000000004,0.085
0.01905,0.05132500000000001,4.0,0.30000000000000004,0.085
0.019100000000000002,0.04747500000000001,3.8,0.30000000000000004,0.085
0.01915,0.05000000000000001,3.9,0.30000000000000004,0.085
0.019200000000000002,0.04626250000000001,3.7500000000000004,0.30000000000000004,0.085
0.01925,0.04572500000000001,3.7,0.30000000000000004,0.085
0.0193,0.04841250000000001,3.8499999999999996,0.30000000000000004,0.085
0.019350000000000003,0.044675000000000006,3.6499999999999995,0.30000000000000004,0.085
0.0194,0.04740000000000001,3.8000000000000003,0.30000000000000004,0.085
0.019450000000000002,0.04378750000000001,3.6,0.30000000000000004,0.085
0.0195,0.043287500000000007,3.6000000000000005,0.30000000000000004,0.085
0.01955,0.04598750000000001,3.65,0.30000000000000004,0.085
0.0196,0.04237500000000001,3.5,0.30000000000000004,0.085
0.01965,0.04350000000000001,3.4000000000000004,0.4,0.085
0.019700000000000002,0.040075000000000006,3.1999999999999997,0.4,0.085
0.01975,0.03862500000000001,3.05,0.4,0.085
0.0198,0.03710000000000001,2.85,0.4,0.085
0.01985,0.03608750000000001,2.6999999999999997,0.4,0.09000000000000001
0.0199,0.03810000000000001,2.55,0.35,0.1
0.019950000000000002,0.036000000000000004,2.3000000000000003,0.35,0.1
0.02,0.04045000000000001,2.15,0.35,0.10500000000000001
0.020050000000000002,0.03923750000000001,2.0,0.35,0.10500000000000001
0.0201,0.04240000000000001,1.85,0.35,0.11
0.02015,0.05052500000000001,1.9,0.35,0.115
0.020200000000000003,0.05007500000000001,1.9,0.35,0.115
0.02025,0.05867500000000001,2.1999999999999997,0.35,0.115
0.020300000000000002,0.05811250000000001,2.1999999999999997,0.35,0.115
0.02035,0.06203750000000001,2.3000000000000003,0.35,0.115
0.0204,0.06997500000000001,2.5500000000000003,0.35,0.115
0.02045,0.06893750000000001,2.5500000000000003,0.35,0.115
0.0205,0.07613750000000001,2.85,0.35,0.115
0.020550000000000002,0.07446250000000001,2.85,0.35,0.115
0.0206,0.07692500000000001,3.0,0.35,0.115
0.02065,0.07901250000000001,3.15,0.35,0.115
0.0207,0.08092500000000001,3.25,0.35,0.115
0.02075,0.08680000000000002,3.55,0.35,0.115
0.020800000000000003,0.08450000000000002,3.55,0.35,0.11
0.02085,0.08972500000000001,3.85,0.35,0.11
0.020900000000000002,0.08715000000000002,3.85,0.35,0.11
0.02095,0.08885000000000001,3.9499999999999997,0.3,0.10500000000000001
0.021,0.09395000000000002,4.249999999999999,0.3,0.10500000000000001
0.021050000000000003,0.09076250000000001,4.249999999999999,0.3,0.10500000000000001
0.0211,0.09536250000000002,4.55,0.3,0.1
0.021150000000000002,0.09136250000000001,4.55,0.3,0.1
0.0212,0.09118750000000002,4.65,0.3,0.1
0.02125,0.09386250000000002,4.95,0.3,0.1
0.0213,0.08885000000000001,4.95,0.3,0.095
0.02135,0.09036250000000001,5.2,0.3,0.095
0.021400000000000002,0.08371250000000001,5.2,0.3,0.095
0.02145,0.08541250000000002,5.45,0.3,0.095
0.021500000000000002,0.07962500000000002,5.45,0.3,0.095
0.02155,0.07705000000000001,5.550000000000001,0.3,0.095
0.0216,0.07740000000000001,5.8,0.3,0.095
0.021650000000000003,0.07051250000000002,5.7,0.3,0.09000000000000001
0.0217,0.0711375,5.75,0.3,0.09000000000000001
0.021750000000000002,0.06531250000000001,5.3,0.3,0.09000000000000001
0.0218,0.063325,5.0,0.3,0.09000000000000001
0.02185,0.0651,5.0,0.3,0.09000000000000001
0.0219,0.06012500000000001,4.7,0.3,0.09000000000000001
0.02195,0.06211250000000001,4.7,0.3,0.09000000000000001
0.022000000000000002,0.05741250000000001,4.449999999999999,0.3,0.09000000000000001
0.02205,0.05632500000000001,4.35,0.3,0.09000000000000001
0.0221,0.05876250000000001,4.4,0.3,0.09000000000000001
0.02215,0.05438750000000001,4.2,0.3,0.09000000000000001
0.0222,0.05678750000000001,4.3,0.3,0.09000000000000001
0.022250000000000002,0.05260000000000001,4.05,0.3,0.09000000000000001
0.0223,0.05512500000000001,4.15,0.3,0.09000000000000001
0.022350000000000002,0.05108750000000001,3.950000000000001,0.3,0.085
0.0224,0.05040000000000001,3.8999999999999995,0.3,0.085
0.02245,0.05308750000000001,4.05,0.3,0.085
0.022500000000000003,0.04922500000000001,3.8499999999999996,0.3,0.085
0.02255,0.05181250000000001,3.9499999999999993,0.3,0.085
0.022600000000000002,0.04811250000000001,3.749999999999999,0.3,0.085
0.02265,0.04750000000000001,3.749999999999999,0.3,0.085
0.0227,0.04996250000000001,3.8500000000000005,0.3,0.085
0.02275,0.04640000000000001,3.7,0.3,0.085
0.0228,0.047200000000000006,3.5,0.39999999999999997,0.085
0.022850000000000002,0.043612500000000005,3.3499999999999996,0.39999999999999997,0.085
0.0229,0.042100000000000005,3.1999999999999993,0.39999999999999997,0.085
0.02295,0.04270000000000001,3.0,0.39999999999999997,0.09000000000000001
0.023,0.03937500000000001,2.8000000000000016,0.39999999999999997,0.09000000000000001
0.02305,0.041225000000000005,2.6000000000000005,0.39999999999999997,0.1
0.023100000000000002,0.038837500000000004,2.450000000000001,0.35,0.1
0.02315,0.04281250000000001,2.3000000000000007,0.35,0.11
0.023200000000000002,0.04156250000000001,2.1000000000000014,0.35,0.11
0.02325,0.04458750000000001,1.950000000000001,0.35,0.11
0.0233,0.05260000000000001,1.950000000000001,0.35,0.115
0.023350000000000003,0.05210000000000001,1.950000000000001,0.35,0.115
0.0234,0.06103750000000001,2.200000000000001,0.35,0.115
0.023450000000000002,0.060550000000000014,2.1500000000000004,0.35,0.115
0.0235,0.06467500000000001,2.3000000000000007,0.35,0.12000000000000001
0.02355,0.07305000000000002,2.6000000000000005,0.35,0.12000000000000001
0.0236,0.07218750000000002,2.6000000000000005,0.35,0.12000000000000001
0.02365,0.08008750000000002,2.9000000000000004,0.35,0.12000000000000001
0.023700000000000002,0.07865000000000001,2.9000000000000004,0.35,0.12000000000000001
0.02375,0.08092500000000001,3.0500000000000007,0.35,0.12000000000000001
0.0238,0.08767500000000002,3.3,0.35,0.115
0.02385,0.08550000000000002,3.3,0.35,0.115
0.0239,0.09153750000000002,3.5999999999999996,0.35,0.115
0.023950000000000003,0.08907500000000002,3.5999999999999996,0.35,0.115
0.024,0.09458750000000002,3.8999999999999995,0.35,0.115
0.024050000000000002,0.09186250000000001,3.8999999999999995,0.35,0.11
0.0241,0.09267500000000002,3.999999999999999,0.35,0.11
0.02415,0.09793750000000002,4.299999999999999,0.35,0.11
0.024200000000000003,0.09526250000000001,4.299999999999999,0.29999999999999993,0.10500000000000001
0.02425,0.10016250000000002,4.599999999999999,0.29999999999999993,0.10500000000000001
0.024300000000000002,0.09656250000000002,4.599999999999999,0.29999999999999993,0.10500000000000001
0.02435,0.09680000000000001,4.7,0.29999999999999993,0.1
0.0244,0.10001250000000002,5.0,0.29999999999999993,0.1
0.02445,0.09547500000000002,5.0,0.29999999999999993,0.1
0.0245,0.09806250000000002,5.249999999999999,0.29999999999999993,0.1
0.024550000000000002,0.09238750000000001,5.249999999999999,0.29999999999999993,0.1
0.0246,0.09265000000000001,5.549999999999999,0.29999999999999993,0.095
0.024650000000000002,0.09032500000000002,5.65,0.29999999999999993,0.095
0.0247,0.08433750000000001,5.65,0.29999999999999993,0.095
0.02475,0.08526250000000002,5.900000000000002,0.29999999999999993,0.095
0.024800000000000003,0.07868750000000002,5.85,0.29999999999999993,0.095
0.02485,0.07850000000000001,6.049999999999999,0.29999999999999993,0.095
0.024900000000000002,0.0717625,5.85,0.29999999999999993,0.095
0.02495,0.06920000000000001,5.5,0.29999999999999993,0.095
0.025,0.07060000000000001,5.3500000000000005,0.29999999999999993,0.09000000000000001
0.025050000000000003,0.06532500000000001,5.0,0.29999999999999993,0.09000000000000001
0.0251,0.06720000000000001,5.0,0.29999999999999993,0.09000000000000001
0.025150000000000002,0.06230000000000001,4.75,0.29999999999999993,0.09000000000000001
0.0252,0.060987500000000014,4.6000000000000005,0.29999999999999993,0.09000000000000001
0.02525,0.0632,4.699999999999999,0.29999999999999993,0.09000000000000001
0.0253,0.05866250000000001,4.45,0.29999999999999993,0.09000000000000001
0.02535,0.06110000000000001,4.5,0.29999999999999993,0.09000000000000001
0.025400000000000002,0.05673750000000001,4.300000000000001,0.29999999999999993,0.09000000000000001
0.02545,0.059225000000000014,4.4,0.29999999999999993,0.09000000000000001
0.025500000000000002,0.05846250000000001,4.35,0.29999999999999993,0.09000000000000001
0.02555,0.05427500000000001,4.1,0.29999999999999993,0.09000000000000001
0.0256,0.05356250000000001,4.1000000000000005,0.29999999999999993,0.09000000000000001
0.025650000000000003,0.05280000000000001,4.05,0.29999999999999993,0.09000000000000001
0.0257,0.05205000000000001,4.0,0.29999999999999993,0.09000000000000001
0.025750000000000002,0.05136250000000001,3.9499999999999997,0.29999999999999993,0.09000000000000001
0.0258,0.05070000000000001,3.8999999999999995,0.29999999999999993,0.085
0.02585,0.05003750000000001,3.9000000000000004,0.29999999999999993,0.085
0.025900000000000003,0.04892500000000001,3.7,0.35,0.085
0.02595,0.04710000000000001,3.5,0.3999999999999999,0.085
0.026000000000000002,0.04540000000000001,3.35,0.3999999999999999,0.085
0.02605,0.04390000000000001,3.0999999999999996,0.3999999999999999,0.085
0.0261,0.042737500000000005,2.9499999999999997,0.3999999999999999,0.09000000000000001
0.02615,0.04193750000000001,2.75,0.3999999999999999,0.095
0.0262,0.041462500000000006,2.5999999999999996,0.3999999999999999,0.1
0.026250000000000002,0.04192500000000001,2.4499999999999997,0.3999999999999999,0.10500000000000001
0.0263,0.043237500000000005,2.25,0.35,0.11
0.026350000000000002,0.04567500000000001,2.0999999999999996,0.35,0.11
0.0264,0.04911250000000001,1.9499999999999997,0.35,0.115
0.02645,0.05317500000000001,1.9499999999999997,0.35,0.115
0.026500000000000003,0.05753750000000001,2.05,0.35,0.115
0.02655,0.06185000000000001,2.2,0.35,0.12000000000000001
0.026600000000000002,0.06596250000000001,2.3000000000000003,0.35,0.12000000000000001
0.02665,0.06998750000000001,2.45,0.35,0.12000000000000001
0.0267,0.07398750000000001,2.6,0.35,0.12000000000000001
0.026750000000000003,0.07746250000000002,2.75,0.35,0.12000000000000001
0.0268,0.08070000000000002,2.9,0.35,0.12000000000000001
0.026850000000000002,0.08397500000000002,3.05,0.35,0.12000000000000001
0.0269,0.08676250000000002,3.15,0.35,0.12000000000000001
0.02695,0.08873750000000001,3.3,0.35,0.12000000000000001
0.027,0.09091250000000002,3.4499999999999997,0.35,0.12000000000000001
0.02705,0.09285000000000002,3.5999999999999996,0.35,0.115
0.027100000000000003,0.09427500000000001,3.75,0.35,0.115
0.02715,0.09565000000000001,3.8999999999999995,0.35,0.115
0.027200000000000002,0.09688750000000002,4.0,0.35,0.11
0.02725,0.09798750000000002,4.1499999999999995,0.35,0.11
0.0273,0.09840000000000002,4.3,0.35,0.11
0.027350000000000003,0.09948750000000002,4.45,0.35,0.10500000000000001
0.0274,0.10032500000000003,4.6000000000000005,0.35,0.10500000000000001
0.027450000000000002,0.10091250000000002,4.7,0.29999999999999993,0.10500000000000001
0.0275,0.10098750000000002,4.8500000000000005,0.29999999999999993,0.10500000000000001
0.02755,0.10055000000000001,5.0,0.29999999999999993,0.1
0.027600000000000003,0.10005000000000001,5.1000000000000005,0.29999999999999993,0.1
0.02765,0.09862500000000002,5.250000000000001,0.29999999999999993,0.1
0.027700000000000002,0.09700000000000002,5.4,0.29999999999999993,0.1
0.02775,0.09836250000000002,5.6499999999999995,0.29999999999999993,0.1
0.027800000000000002,0.09083750000000002,5.6499999999999995,0.29999999999999993,0.095
0.02785,0.08828750000000002,5.75,0.29999999999999993,0.095
0.0279,0.08561250000000002,5.8999999999999995,0.29999999999999993,0.095
0.027950000000000003,0.08266250000000001,6.0,0.29999999999999993,0.095
0.028,0.07897500000000002,6.05,0.29999999999999993,0.095
0.028050000000000002,0.07551250000000001,6.0,0.29999999999999993,0.095
0.0281,0.07286250000000001,5.65,0.29999999999999993,0.095
0.02815,0.07060000000000001,5.3999999999999995,0.29999999999999993,0.095
0.028200000000000003,0.06860000000000001,5.15,0.29999999999999993,0.095
0.02825,0.06688750000000002,5.0,0.29999999999999993,0.095
0.028300000000000002,0.06545000000000001,4.85,0.29999999999999993,0.09000000000000001
0.02835,0.06393750000000001,4.75,0.29999999999999993,0.09000000000000001
0.0284,0.06271250000000002,4.65,0.29999999999999993,0.09000000000000001
0.028450000000000003,0.06165000000000001,4.55,0.29999999999999993,0.09000000000000001
0.0285,0.06046250000000001,4.5,0.29999999999999993,0.09000000000000001
0.028550000000000002,0.05951250000000001,4.4,0.29999999999999993,0.09000000000000001
0.0286,0.06201250000000001,4.5,0.29999999999999993,0.09000000000000001
0.028650000000000002,0.057712500000000014,4.3,0.29999999999999993,0.09000000000000001
0.0287,0.05687500000000001,4.25,0.29999999999999993,0.09000000000000001
0.02875,0.05616250000000001,4.2,0.29999999999999993,0.09000000000000001
0.028800000000000003,0.05536250000000001,4.149999999999999,0.29999999999999993,0.09000000000000001
0.02885,0.05451250000000001,4.1,0.29999999999999993,0.09000000000000001
0.028900000000000002,0.05382500000000001,4.05,0.29999999999999993,0.09000000000000001
0.02895,0.05290000000000001,3.95,0.35,0.09000000000000001
0.029,0.05102500000000001,3.750000000000001,0.4,0.09000000000000001
0.029050000000000003,0.04903750000000001,3.55,0.4,0.09000000000000001
0.0291,0.04728750000000001,3.3,0.4,0.09000000000000001
0.029150000000000002,0.04595000000000001,3.1499999999999995,0.4,0.09000000000000001
0.0292,0.04496250000000001,2.95,0.4,0.095
0.02925,0.044312500000000005,2.8,0.4,0.1
0.029300000000000003,0.04420000000000001,2.5999999999999996,0.4,0.10500000000000001
0.02935,0.044750000000000005,2.4499999999999993,0.4,0.11
0.029400000000000003,0.046450000000000005,2.25,0.4,0.11
0.02945,0.05346250000000001,2.0999999999999996,0.3500000000000001,0.115
0.029500000000000002,0.05306250000000001,1.8999999999999995,0.3500000000000001,0.115
0.02955,0.057462500000000014,1.9999999999999982,0.3500000000000001,0.12000000000000001
0.0296,0.06182500000000001,2.1499999999999986,0.3500000000000001,0.12000000000000001
0.029650000000000003,0.06613750000000002,2.299999999999999,0.3500000000000001,0.12000000000000001
0.0297,0.07022500000000001,2.4499999999999984,0.3500000000000001,0.12000000000000001
0.029750000000000002,0.07438750000000001,2.5999999999999996,0.3500000000000001,0.12000000000000001
0.0298,0.07826250000000001,2.749999999999999,0.3500000000000001,0.12000000000000001
0.02985,0.08196250000000002,2.8999999999999995,0.3500000000000001,0.12000000000000001
0.029900000000000003,0.08546250000000001,3.0,0.3500000000000001,0.12000000000000001
0.02995,0.08853750000000002,3.0999999999999996,0.3500000000000001,0.12000000000000001
0.030000000000000002,0.09111250000000001,3.25,0.3500000000000001,0.12000000000000001
0.03005,0.09787500000000002,3.55,0.3500000000000001,0.12000000000000001
0.030100000000000002,0.09540000000000001,3.55,0.3500000000000001,0.12000000000000001
0.03015,0.09732500000000002,3.7,0.3500000000000001,0.115
0.0302,0.09875000000000002,3.8500000000000005,0.3500000000000001,0.115
0.030250000000000003,0.10006250000000001,3.9499999999999993,0.3500000000000001,0.115
0.0303,0.10536250000000003,4.249999999999999,0.3500000000000001,0.115
0.030350000000000002,0.10227500000000002,4.249999999999999,0.3500000000000001,0.11
0.0304,0.10265000000000002,4.3999999999999995,0.3500000000000001,0.11
0.03045,0.10328750000000002,4.55,0.3500000000000001,0.11
0.030500000000000003,0.10391250000000002,4.65,0.3500000000000001,0.10500000000000001
0.03055,0.10472500000000001,4.800000000000001,0.3500000000000001,0.10500000000000001
0.030600000000000002,0.10437500000000002,4.95,0.3500000000000001,0.10500000000000001
0.03065,0.10440000000000002,5.1000000000000005,0.30000000000000004,0.10500000000000001
0.0307,0.10370000000000001,5.200000000000001,0.30000000000000004,0.1
0.030750000000000003,0.10268750000000001,5.350000000000001,0.30000000000000004,0.1
0.0308,0.10127500000000002,5.500000000000002,0.30000000000000004,0.1
0.030850000000000002,0.09911250000000002,5.599999999999999,0.30000000000000004,0.1
0.0309,0.09946250000000002,5.899999999999999,0.30000000000000004,0.1
0.030950000000000002,0.09217500000000002,5.85,0.30000000000000004,0.1
0.031,0.08915000000000002,5.949999999999999,0.30000000000000004,0.095
0.03105,0.08626250000000002,6.050000000000001,0.30000000000000004,0.095
0.031100000000000003,0.08298750000000002,6.15,0.30000000000000004,0.095
0.03115,0.08280000000000001,6.25,0.30000000000000004,0.095
0.031200000000000002,0.07610000000000001,5.799999999999999,0.30000000000000004,0.095
0.03125,0.07375000000000001,5.5,0.30000000000000004,0.095
0.0313,0.07162500000000001,5.299999999999999,0.30000000000000004,0.095
0.03135,0.07333750000000001,5.25,0.30000000000000004,0.095
0.031400000000000004,0.06818750000000001,5.0,0.30000000000000004,0.095
0.03145,0.06676250000000002,4.85,0.30000000000000004,0.095
0.0315,0.06545000000000001,4.75,0.30000000000000004,0.095
0.03155,0.06422500000000002,4.65,0.30000000000000004,0.09000000000000001
0.0316,0.06658750000000001,4.75,0.30000000000000004,0.09000000000000001
0.031650000000000005,0.06208750000000001,4.5,0.30000000000000004,0.09000000000000001
0.0317,0.061112500000000014,4.449999999999999,0.30000000000000004,0.09000000000000001
0.03175,0.06020000000000001,4.4,0.30000000000000004,0.09000000000000001
0.0318,0.05930000000000001,4.3500000000000005,0.30000000000000004,0.09000000000000001
0.03185,0.06176250000000001,4.45,0.30000000000000004,0.09000000000000001
0.031900000000000005,0.057587500000000014,4.25,0.30000000000000004,0.09000000000000001
0.03195,0.05672500000000001,4.199999999999999,0.30000000000000004,0.09000000000000001
0.032,0.05502500000000001,4.0,0.3999999999999999,0.09000000000000001
0.03205,0.05501250000000001,3.8000000000000003,0.3999999999999999,0.09000000000000001
0.032100000000000004,0.05307500000000001,3.55,0.3999999999999999,0.09000000000000001
0.032150000000000005,0.04937500000000001,3.4,0.3999999999999999,0.09000000000000001
0.0322,0.047887500000000006,3.1999999999999997,0.3999999999999999,0.095
0.03225,0.04716250000000001,2.9999999999999996,0.3999999999999999,0.1
0.0323,0.04951250000000001,2.8499999999999996,0.3999999999999999,0.10500000000000001
0.032350000000000004,0.04971250000000001,2.65,0.3999999999999999,0.11
0.0324,0.04753750000000001,2.4999999999999996,0.3999999999999999,0.11
0.03245,0.04923750000000001,2.3,0.3999999999999999,0.115
0.0325,0.05235000000000001,2.1,0.3999999999999999,0.115
0.03255,0.06087500000000001,2.1,0.3999999999999999,0.12000000000000001
0.032600000000000004,0.06538750000000002,2.25,0.34999999999999987,0.12000000000000001
0.03265,0.06485000000000002,2.25,0.34999999999999987,0.12000000000000001
0.0327,0.069125,2.35,0.34999999999999987,0.12000000000000001
0.03275,0.07338750000000001,2.5,0.34999999999999987,0.12000000000000001
0.0328,0.08242500000000001,2.8,0.34999999999999987,0.125
0.032850000000000004,0.08620000000000001,2.9499999999999997,0.34999999999999987,0.125
0.0329,0.08533750000000001,2.8999999999999995,0.34999999999999987,0.125
0.03295,0.08882500000000002,3.05,0.34999999999999987,0.125
0.033,0.09202500000000002,3.2,0.34999999999999987,0.12000000000000001
0.03305,0.09928750000000001,3.5,0.34999999999999987,0.12000000000000001
0.033100000000000004,0.09723750000000002,3.5,0.34999999999999987,0.12000000000000001
0.03315,0.09931250000000001,3.6500000000000004,0.34999999999999987,0.12000000000000001
0.0332,0.10106250000000001,3.8,0.34999999999999987,0.12000000000000001
0.03325,0.10256250000000001,3.9,0.34999999999999987,0.115
0.0333,0.10822500000000002,4.2,0.34999999999999987,0.115
0.033350000000000005,0.10492500000000002,4.2,0.34999999999999987,0.115
0.0334,0.10603750000000002,4.3500000000000005,0.34999999999999987,0.11
0.03345,0.10665000000000002,4.500000000000001,0.34999999999999987,0.11
0.0335,0.10675000000000003,4.6,0.34999999999999987,0.11
0.03355,0.11141250000000003,4.8999999999999995,0.34999999999999987,0.11
0.033600000000000005,0.10766250000000002,4.8999999999999995,0.34999999999999987,0.10500000000000001
0.03365,0.10777500000000002,5.05,0.34999999999999987,0.10500000000000001
0.0337,0.10732500000000002,5.15,0.34999999999999987,0.10500000000000001
0.03375,0.11080000000000002,5.45,0.29999999999999993,0.10500000000000001
0.033800000000000004,0.10980000000000002,5.6,0.29999999999999993,0.1
0.033850000000000005,0.10486250000000003,5.55,0.29999999999999993,0.1
0.0339,0.10295000000000001,5.7,0.29999999999999993,0.1
0.03395,0.10011250000000002,5.85,0.29999999999999993,0.1
0.034,0.09981250000000001,6.1,0.29999999999999993,0.1
0.034050000000000004,0.09667500000000001,6.2,0.29999999999999993,0.1
0.0341,0.08995000000000002,6.1499999999999995,0.29999999999999993,0.095
0.03415,0.08652500000000002,6.25,0.29999999999999993,0.095
0.0342,0.08275000000000002,6.25,0.29999999999999993,0.095
0.03425,0.08325000000000002,6.199999999999999,0.29999999999999993,0.095
0.034300000000000004,0.08060000000000002,5.85,0.29999999999999993,0.095
0.03435,0.07470000000000002,5.449999999999999,0.29999999999999993,0.095
0.0344,0.07271250000000001,5.25,0.29999999999999993,0.095
0.03445,0.07098750000000001,5.15,0.29999999999999993,0.095
0.0345,0.07300000000000001,5.15,0.29999999999999993,0.095
0.034550000000000004,0.07152500000000002,5.050000000000001,0.29999999999999993,0.095
0.0346,0.06662500000000002,4.800000000000001,0.29999999999999993,0.095
0.03465,0.06542500000000001,4.699999999999999,0.29999999999999993,0.095
0.0347,0.06438750000000001,4.6499999999999995,0.29999999999999993,0.09000000000000001
0.03475,0.06687500000000002,4.7,0.29999999999999993,0.09000000000000001
0.034800000000000005,0.06233750000000001,4.500000000000001,0.29999999999999993,0.09000000000000001
0.03485,0.06128750000000001,4.449999999999998,0.29999999999999993,0.09000000000000001
0.0349,0.06040000000000001,4.3999999999999995,0.29999999999999993,0.09000000000000001
0.03495,0.05942500000000001,4.299999999999999,0.29999999999999993,0.09000000000000001
0.035,0.05961250000000001,4.099999999999999,0.4,0.09000000000000001
0.035050000000000005,0.05536250000000001,3.8500000000000005,0.4,0.09000000000000001
0.0351,0.05336250000000001,3.6499999999999995,0.4,0.09000000000000001
0.03515,0.05150000000000001,3.5,0.4,0.09000000000000001
0.0352,0.05240000000000001,3.3,0.4,0.1
0.035250000000000004,0.05196250000000001,3.0999999999999996,0.4,0.10500000000000001
0.035300000000000005,0.048900000000000006,2.9499999999999993,0.4,0.10500000000000001
0.03535,0.04885000000000001,2.75,0.4,0.11
0.0354,0.04968750000000001,2.5,0.4,0.11
0.03545,0.05560000000000001,2.3499999999999988,0.4,0.115
0.035500000000000004,0.05896250000000001,2.1499999999999995,0.4,0.12000000000000001
0.03555,0.05828750000000001,2.049999999999999,0.4,0.12000000000000001
0.0356,0.06241250000000001,2.1499999999999995,0.4,0.12000000000000001
0.03565,0.06691250000000001,2.299999999999999,0.35,0.12000000000000001
0.0357,0.07615000000000001,2.55,0.35,0.125
0.035750000000000004,0.08040000000000001,2.6999999999999993,0.35,0.125
0.0358,0.07968750000000001,2.6999999999999993,0.35,0.125
0.03585,0.08378750000000001,2.8000000000000007,0.35,0.125
0.0359,0.08772500000000001,2.95,0.35,0.125
0.03595,0.09582500000000002,3.25,0.35,0.125
0.036000000000000004,0.09905000000000001,3.4000000000000004,0.35,0.125
0.03605,0.09750000000000002,3.4000000000000004,0.35,0.12000000000000001
0.0361,0.10008750000000002,3.55,0.35,0.12000000000000001
0.03615,0.10243750000000001,3.7,0.35,0.12000000000000001
0.0362,0.10883750000000002,3.950000000000001,0.35,0.12000000000000001
0.036250000000000004,0.10578750000000002,3.950000000000001,0.35,0.12000000000000001
0.0363,0.10723750000000001,4.100000000000001,0.35,0.115
0.03635,0.10848750000000001,4.250000000000001,0.35,0.115
0.0364,0.10912500000000001,4.400000000000001,0.35,0.115
0.03645,0.11400000000000002,4.6499999999999995,0.35,0.11
0.036500000000000005,0.11018750000000002,4.6499999999999995,0.35,0.11
0.03655,0.11021250000000002,4.799999999999999,0.35,0.11
0.0366,0.11015000000000003,4.949999999999999,0.35,0.11
0.03665,0.11045000000000002,5.099999999999999,0.35,0.10500000000000001
0.0367,0.11440000000000002,5.35,0.35,0.10500000000000001
0.036750000000000005,0.10962500000000001,5.35,0.35,0.10500000000000001
0.0368,0.10895000000000002,5.5,0.35,0.10500000000000001
0.03685,0.10805000000000002,5.6,0.35,0.1
0.0369,0.11025000000000001,5.8999999999999995,0.30000000000000004,0.1
0.036950000000000004,0.10813750000000003,6.049999999999999,0.30000000000000004,0.1
0.037000000000000005,0.10107500000000001,6.0,0.30000000000000004,0.1
0.03705,0.09671250000000002,6.1,0.30000000000000004,0.1
0.0371,0.09360000000000002,6.25,0.30000000000000004,0.1
0.03715,0.09427500000000001,6.5,0.30000000000000004,0.1
0.037200000000000004,0.09047500000000001,6.549999999999999,0.30000000000000004,0.095
0.03725,0.08291250000000001,6.25,0.30000000000000004,0.095
0.0373,0.08000000000000002,5.899999999999999,0.30000000000000004,0.095
0.03735,0.07756250000000002,5.6,0.30000000000000004,0.095
0.0374,0.07922500000000002,5.55,0.30000000000000004,0.095
0.037450000000000004,0.07738750000000001,5.4,0.30000000000000004,0.095
0.0375,0.07208750000000001,5.15,0.30000000000000004,0.095
0.03755,0.07033750000000001,5.0,0.30000000000000004,0.095
0.0376,0.06906250000000001,4.9,0.30000000000000004,0.095
0.03765,0.07121250000000001,4.95,0.30000000000000004,0.095
0.037700000000000004,0.07002500000000002,4.8999999999999995,0.30000000000000004,0.095
0.03775,0.06538750000000002,4.6499999999999995,0.30000000000000004,0.095
0.0378,0.06436250000000002,4.6,0.30000000000000004,0.095
0.03785,0.06336250000000002,4.5,0.30000000000000004,0.09000000000000001
0.0379,0.06457500000000001,4.45,0.40000000000000013,0.09000000000000001
0.037950000000000005,0.06020000000000001,4.2,0.40000000000000013,0.09000000000000001
0.038,0.05812500000000001,4.0,0.40000000000000013,0.09000000000000001
0.03805,0.05598750000000001,3.8,0.40000000000000013,0.09000000000000001
0.0381,0.05373750000000001,3.6000000000000005,0.40000000000000013,0.09000000000000001
0.03815,0.05442500000000001,3.4000000000000004,0.40000000000000013,0.1
0.038200000000000005,0.05117500000000001,3.25,0.40000000000000013,0.1
0.03825,0.05080000000000001,3.05,0.40000000000000013,0.10500000000000001
0.0383,0.05100000000000001,2.8,0.40000000000000013,0.11
0.03835,0.05503750000000001,2.65,0.40000000000000013,0.115
0.038400000000000004,0.05706250000000001,2.45,0.40000000000000013,0.12000000000000001
0.038450000000000005,0.05590000000000001,2.25,0.40000000000000013,0.12000000000000001
0.0385,0.05956250000000001,2.1,0.40000000000000013,0.12000000000000001
0.03855,0.06366250000000001,2.15,0.40000000000000013,0.12000000000000001
0.0386,0.07283750000000001,2.45,0.40000000000000013,0.125
0.038650000000000004,0.07702500000000001,2.6,0.40000000000000013,0.125
0.038700000000000005,0.07646250000000002,2.6,0.3500000000000001,0.125
0.03875,0.08078750000000001,2.7,0.3500000000000001,0.125
0.0388,0.08486250000000002,2.8,0.3500000000000001,0.125
0.03885,0.09368750000000002,3.1,0.3500000000000001,0.125
0.038900000000000004,0.09721250000000002,3.25,0.3500000000000001,0.125
0.03895,0.09601250000000001,3.25,0.3500000000000001,0.125
0.039,0.09930000000000001,3.4,0.3500000000000001,0.125
0.03905,0.10200000000000002,3.5500000000000003,0.3500000000000001,0.125
0.0391,0.10911250000000002,3.8,0.3500000000000001,0.12000000000000001
0.039150000000000004,0.11126250000000001,3.9499999999999993,0.3500000000000001,0.12000000000000001
0.0392,0.10846250000000002,3.9499999999999993,0.3500000000000001,0.12000000000000001
0.03925,0.10987500000000001,4.1,0.3500000000000001,0.12000000000000001
0.0393,0.11116250000000003,4.25,0.3500000000000001,0.115
0.03935,0.11642500000000001,4.55,0.3500000000000001,0.115
0.039400000000000004,0.11683750000000002,4.65,0.3500000000000001,0.115
0.03945,0.11317500000000003,4.65,0.3500000000000001,0.11
0.0395,0.11318750000000002,4.8,0.3500000000000001,0.11
0.03955,0.11295000000000002,4.95,0.3500000000000001,0.11
0.0396,0.11665000000000002,5.2,0.3500000000000001,0.11
0.039650000000000005,0.11290000000000001,5.2,0.3500000000000001,0.10500000000000001
0.0397,0.11255000000000003,5.3500000000000005,0.3500000000000001,0.10500000000000001
0.03975,0.11177500000000003,5.5,0.3500000000000001,0.10500000000000001
0.0398,0.11480000000000003,5.75,0.3500000000000001,0.10500000000000001
0.039850000000000003,0.11372500000000002,5.9,0.3500000000000001,0.1
0.039900000000000005,0.10786250000000001,5.9,0.3500000000000001,0.1
0.03995,0.10547500000000001,5.999999999999999,0.30000000000000004,0.1
0.04,0.10182500000000001,6.1499999999999995,0.30000000000000004,0.1
0.04005,0.10152500000000002,6.3999999999999995,0.30000000000000004,0.1
0.040100000000000004,0.09816250000000001,6.5,0.30000000000000004,0.1
0.040150000000000005,0.09090000000000002,6.45,0.30000000000000004,0.1
0.0402,0.08691250000000002,6.449999999999999,0.30000000000000004,0.095
0.04025,0.08345000000000001,6.15,0.30000000000000004,0.095
0.0403,0.08443750000000001,5.949999999999999,0.30000000000000004,0.095
0.040350000000000004,0.08216250000000001,5.75,0.30000000000000004,0.095
0.040400000000000005,0.07638750000000001,5.4,0.30000000000000004,0.095
0.04045,0.07470000000000002,5.25,0.30000000000000004,0.095
0.0405,0.07303750000000002,5.15,0.30000000000000004,0.095
0.04055,0.07526250000000001,5.1499999999999995,0.30000000000000004,0.095
0.040600000000000004,0.07381250000000002,5.05,0.30000000000000004,0.095
0.04065,0.06877500000000002,4.85,0.30000000000000004,0.095
0.0407,0.06751250000000002,4.75,0.30000000000000004,0.095
0.04075,0.06637500000000002,4.699999999999999,0.30000000000000004,0.095
0.0408,0.06768750000000001,4.6499999999999995,0.3999999999999999,0.095
0.040850000000000004,0.06541250000000001,4.3500000000000005,0.3999999999999999,0.095
0.0409,0.06100000000000001,4.15,0.3999999999999999,0.09000000000000001
0.04095,0.05862500000000001,3.95,0.3999999999999999,0.09000000000000001
0.041,0.05636250000000001,3.750000000000001,0.3999999999999999,0.09000000000000001
0.04105,0.05681250000000001,3.55,0.3999999999999999,0.1
0.041100000000000005,0.055950000000000014,3.4000000000000004,0.3999999999999999,0.10500000000000001
0.04115,0.05271250000000001,3.1500000000000012,0.3999999999999999,0.10500000000000001
0.0412,0.05270000000000001,2.950000000000001,0.3999999999999999,0.11
0.04125,0.05317500000000001,2.7500000000000018,0.3999999999999999,0.11
0.0413,0.05803750000000001,2.6000000000000014,0.3999999999999999,0.12000000000000001
0.041350000000000005,0.05653750000000001,2.400000000000002,0.3999999999999999,0.12000000000000001
0.0414,0.059850000000000014,2.250000000000001,0.3999999999999999,0.12000000000000001
0.04145,0.06356250000000001,2.1500000000000012,0.3999999999999999,0.12000000000000001
0.0415,0.07305000000000002,2.400000000000002,0.3999999999999999,0.125
0.041550000000000004,0.07722500000000002,2.5500000000000016,0.3999999999999999,0.125
0.041600000000000005,0.07647500000000002,2.499999999999999,0.3999999999999999,0.125
0.04165,0.08081250000000001,2.6499999999999995,0.3999999999999999,0.125
0.0417,0.08497500000000001,2.799999999999999,0.34999999999999987,0.125
0.04175,0.09372500000000002,3.0999999999999988,0.34999999999999987,0.125
0.041800000000000004,0.09766250000000001,3.249999999999999,0.34999999999999987,0.125
0.041850000000000005,0.09656250000000002,3.249999999999999,0.34999999999999987,0.125
0.0419,0.09985000000000002,3.3999999999999995,0.34999999999999987,0.125
0.04195,0.10283750000000001,3.5,0.34999999999999987,0.125
0.042,0.11032500000000002,3.8,0.34999999999999987,0.125
0.042050000000000004,0.11276250000000002,3.95,0.34999999999999987,0.12000000000000001
0.042100000000000005,0.11045000000000002,3.95,0.34999999999999987,0.12000000000000001
0.04215,0.11201250000000001,4.1,0.34999999999999987,0.12000000000000001
0.0422,0.11338750000000002,4.25,0.34999999999999987,0.12000000000000001
0.04225,0.11881250000000002,4.499999999999999,0.34999999999999987,0.115
0.042300000000000004,0.11950000000000002,4.6499999999999995,0.34999999999999987,0.115
0.04235,0.11558750000000002,4.6499999999999995,0.34999999999999987,0.115
0.0424,0.11608750000000002,4.799999999999999,0.34999999999999987,0.11
0.04245,0.11561250000000002,4.949999999999999,0.34999999999999987,0.11
0.0425,0.11955000000000002,5.2,0.34999999999999987,0.11
0.042550000000000004,0.11883750000000003,5.3500000000000005,0.34999999999999987,0.11
0.0426,0.11466250000000001,5.3500000000000005,0.34999999999999987,0.10500000000000001
0.04265,0.11422500000000002,5.5,0.34999999999999987,0.10500000000000001
0.0427,0.11366250000000003,5.6,0.34999999999999987,0.10500000000000001
0.04275,0.11645000000000003,5.8999999999999995,0.34999999999999987,0.10500000000000001
0.042800000000000005,0.11523750000000002,6.049999999999999,0.34999999999999987,0.10500000000000001
0.04285,0.10927500000000002,6.0,0.34999999999999987,0.1
0.0429,0.10672500000000001,6.15,0.34999999999999987,0.1
0.04295,0.10660000000000001,6.4,0.34999999999999987,0.1
0.043000000000000003,0.10247500000000002,6.550000000000001,0.30000000000000004,0.1
0.043050000000000005,0.09525000000000002,6.5,0.30000000000000004,0.1
0.0431,0.09156250000000002,6.55,0.30000000000000004,0.1
0.04315,0.08747500000000001,6.549999999999999,0.30000000000000004,0.1
0.0432,0.08815000000000002,6.25,0.30000000000000004,0.095
0.043250000000000004,0.08538750000000002,5.949999999999999,0.30000000000000004,0.095
0.043300000000000005,0.07922500000000002,5.6,0.30000000000000004,0.095
0.04335,0.07737500000000001,5.45,0.30000000000000004,0.095
0.0434,0.07558750000000002,5.300000000000001,0.30000000000000004,0.095
0.04345,0.07768750000000002,5.25,0.30000000000000004,0.095
0.043500000000000004,0.07622500000000001,5.15,0.30000000000000004,0.095
0.043550000000000005,0.07116250000000002,4.8999999999999995,0.30000000000000004,0.095
0.0436,0.06985000000000001,4.8500000000000005,0.30000000000000004,0.095
0.04365,0.06851250000000002,4.75,0.30000000000000004,0.095
0.0437,0.06907500000000001,4.6,0.40000000000000013,0.095
0.043750000000000004,0.06655000000000001,4.3999999999999995,0.40000000000000013,0.095
0.0438,0.06202500000000001,4.2,0.40000000000000013,0.095
0.04385,0.05955000000000001,3.9499999999999997,0.40000000000000013,0.095
0.0439,0.05723750000000001,3.7500000000000004,0.40000000000000013,0.095
0.04395,0.05815000000000001,3.55,0.40000000000000013,0.10500000000000001
0.044000000000000004,0.05760000000000001,3.3499999999999996,0.40000000000000013,0.11
0.04405,0.05443750000000001,3.1500000000000004,0.40000000000000013,0.11
0.0441,0.05455000000000001,2.95,0.40000000000000013,0.11
0.04415,0.05540000000000001,2.75,0.40000000000000013,0.115
0.0442,0.06066250000000001,2.5999999999999996,0.40000000000000013,0.12000000000000001
0.044250000000000005,0.06362500000000001,2.4000000000000004,0.40000000000000013,0.12000000000000001
0.0443,0.06295,2.2,0.40000000000000013,0.12000000000000001
0.04435,0.06706250000000001,2.25,0.40000000000000013,0.125
0.0444,0.07143750000000001,2.3000000000000003,0.40000000000000013,0.125
0.04445,0.08103750000000001,2.6,0.40000000000000013,0.125
0.044500000000000005,0.08007500000000002,2.6,0.40000000000000013,0.125
0.04455,0.08407500000000001,2.75,0.40000000000000013,0.125
0.0446,0.08801250000000002,2.9,0.40000000000000013,0.125
0.04465,0.09701250000000002,3.2,0.3500000000000001,0.125
0.044700000000000004,0.10076250000000002,3.3500000000000005,0.3500000000000001,0.125
0.044750000000000005,0.09948750000000002,3.3500000000000005,0.3500000000000001,0.125
0.0448,0.10278750000000002,3.45,0.3500000000000001,0.125
0.04485,0.10597500000000001,3.6000000000000005,0.3500000000000001,0.125
0.0449,0.11312500000000002,3.9000000000000004,0.3500000000000001,0.125
0.044950000000000004,0.11556250000000003,4.050000000000001,0.3500000000000001,0.12000000000000001
0.045000000000000005,0.11330000000000003,4.050000000000001,0.3500000000000001,0.12000000000000001
0.04505,0.11490000000000002,4.2,0.3500000000000001,0.12000000000000001
0.0451,0.11633750000000002,4.300000000000001,0.3500000000000001,0.12000000000000001
0.04515,0.12156250000000002,4.6000000000000005,0.3500000000000001,0.115
0.045200000000000004,0.12230000000000002,4.75,0.3500000000000001,0.115
0.045250000000000005,0.11821250000000003,4.75,0.3500000000000001,0.115
0.0453,0.11847500000000002,4.9,0.3500000000000001,0.11
0.04535,0.11790000000000002,4.999999999999999,0.3500000000000001,0.11
0.0454,0.12188750000000002,5.3,0.3500000000000001,0.11
0.045450000000000004,0.12092500000000002,5.3999999999999995,0.3500000000000001,0.11
0.0455,0.11630000000000001,5.3999999999999995,0.3500000000000001,0.10500000000000001
0.04555,0.11581250000000003,5.5,0.3500000000000001,0.10500000000000001
0.0456,0.11536250000000002,5.6499999999999995,0.3500000000000001,0.10500000000000001
0.04565,0.11792500000000002,5.949999999999999,0.3500000000000001,0.10500000000000001
0.045700000000000005,0.11667500000000001,6.05,0.3500000000000001,0.10500000000000001
0.04575,0.11066250000000002,6.05,0.3500000000000001,0.1
0.0458,0.10810000000000002,6.2,0.3500000000000001,0.1
0.04585,0.10445000000000002,6.3,0.3500000000000001,0.1
0.0459,0.10382500000000001,6.549999999999999,0.3500000000000001,0.1
0.045950000000000005,0.10053750000000002,6.65,0.30000000000000004,0.1
0.046,0.09283750000000002,6.6,0.30000000000000004,0.1
0.04605,0.08870000000000001,6.6,0.30000000000000004,0.1
0.0461,0.08932500000000002,6.199999999999999,0.30000000000000004,0.1
0.046150000000000004,0.08670000000000001,5.950000000000001,0.30000000000000004,0.095
0.046200000000000005,0.08067500000000001,5.6000000000000005,0.30000000000000004,0.095
0.04625,0.07856250000000002,5.4,0.30000000000000004,0.095
0.0463,0.07678750000000001,5.299999999999999,0.30000000000000004,0.095
0.04635,0.07887500000000001,5.3,0.30000000000000004,0.095
0.046400000000000004,0.07727500000000001,5.2,0.30000000000000004,0.095
0.046450000000000005,0.07225000000000001,4.95,0.30000000000000004,0.095
0.0465,0.07078750000000002,4.899999999999999,0.30000000000000004,0.095
0.04655,0.06853750000000002,4.6499999999999995,0.3999999999999999,0.095
0.0466,0.06818750000000001,4.449999999999998,0.3999999999999999,0.095
0.046650000000000004,0.06540000000000001,4.249999999999999,0.3999999999999999,0.095
0.046700000000000005,0.060737500000000014,3.95,0.3999999999999999,0.095
0.04675,0.05867500000000001,3.75,0.3999999999999999,0.095
0.0468,0.05731250000000001,3.55,0.3999999999999999,0.1
0.04685,0.05927500000000001,3.3500000000000005,0.3999999999999999,0.11
0.046900000000000004,0.059225000000000014,3.2,0.3999999999999999,0.115
0.046950000000000006,0.05622500000000001,3.0,0.3999999999999999,0.115
0.047,0.05732500000000001,2.8,0.3999999999999999,0.115
0.04705,0.05886250000000001,2.6000000000000005,0.3999999999999999,0.12000000000000001
0.0471,0.06578750000000001,2.45,0.3999999999999999,0.12000000000000001
0.047150000000000004,0.07007500000000001,2.25,0.3999999999999999,0.125
0.0472,0.0695,2.25,0.3999999999999999,0.125
0.04725,0.07403750000000002,2.3999999999999995,0.3999999999999999,0.125
0.0473,0.07826250000000001,2.499999999999999,0.3999999999999999,0.125
0.04735,0.08753750000000002,2.799999999999999,0.3999999999999999,0.125
0.047400000000000005,0.09157500000000002,2.9499999999999993,0.3999999999999999,0.125
0.04745,0.09043750000000002,2.9499999999999993,0.3999999999999999,0.125
0.0475,0.09417500000000002,3.0999999999999988,0.3999999999999999,0.125
0.04755,0.09802500000000001,3.249999999999999,0.34999999999999987,0.125
0.0476,0.10650000000000003,3.500000000000001,0.34999999999999987,0.125
0.047650000000000005,0.10963750000000003,3.6500000000000004,0.34999999999999987,0.125
0.0477,0.10800000000000003,3.6500000000000004,0.34999999999999987,0.125
0.04775,0.11077500000000003,3.8000000000000007,0.34999999999999987,0.125
0.0478,0.11785000000000002,4.1000000000000005,0.34999999999999987,0.12000000000000001
0.047850000000000004,0.12013750000000002,4.250000000000001,0.34999999999999987,0.12000000000000001
0.047900000000000005,0.11746250000000003,4.2,0.34999999999999987,0.12000000000000001
0.04795,0.11872500000000002,4.35,0.34999999999999987,0.12000000000000001
0.048,0.11982500000000003,4.5,0.34999999999999987,0.115
0.04805,0.12493750000000002,4.8,0.34999999999999987,0.115
0.048100000000000004,0.12503750000000002,4.949999999999999,0.34999999999999987,0.115
0.048150000000000005,0.12087500000000002,4.9,0.34999999999999987,0.11
0.0482,0.12062500000000002,5.050000000000001,0.34999999999999987,0.11
0.04825,0.11987500000000002,5.200000000000001,0.34999999999999987,0.11
0.0483,0.12295000000000002,5.5,0.34999999999999987,0.11
0.048350000000000004,0.12201250000000002,5.65,0.34999999999999987,0.10500000000000001
0.048400000000000006,0.11782500000000003,5.6,0.34999999999999987,0.10500000000000001
0.04845,0.11712500000000002,5.75,0.34999999999999987,0.10500000000000001
0.0485,0.11608750000000002,5.9,0.34999999999999987,0.10500000000000001
0.04855,0.11825000000000002,6.1499999999999995,0.34999999999999987,0.10500000000000001
0.048600000000000004,0.11652500000000002,6.299999999999999,0.34999999999999987,0.10500000000000001
0.048650000000000006,0.10993750000000002,6.25,0.34999999999999987,0.1
0.0487,0.10648750000000001,6.4,0.34999999999999987,0.1
0.04875,0.10186250000000002,6.5,0.34999999999999987,0.1
0.0488,0.10218750000000001,6.75,0.34999999999999987,0.1
0.048850000000000005,0.09851250000000002,6.85,0.34999999999999987,0.1
0.0489,0.09047500000000001,6.699999999999999,0.2999999999999998,0.1
0.04895,0.08693750000000001,6.25,0.2999999999999998,0.1
0.049,0.08431250000000001,5.9,0.2999999999999998,0.1
0.04905,0.08578750000000002,5.800000000000001,0.2999999999999998,0.095
0.049100000000000005,0.08371250000000001,5.65,0.2999999999999998,0.095
0.04915,0.07805000000000001,5.35,0.2999999999999998,0.095
0.0492,0.07626250000000001,5.2,0.2999999999999998,0.095
0.04925,0.07816250000000001,5.25,0.2999999999999998,0.095
0.049300000000000004,0.07588750000000001,5.0,0.3999999999999999,0.095
0.049350000000000005,0.07318750000000002,4.75,0.3999999999999999,0.095
0.0494,0.06816250000000001,4.55,0.3999999999999999,0.095
0.04945,0.06550000000000002,4.300000000000001,0.3999999999999999,0.095
0.0495,0.06511250000000002,4.050000000000001,0.3999999999999999,0.095
0.049550000000000004,0.06286250000000002,3.8499999999999996,0.3999999999999999,0.1
0.049600000000000005,0.05887500000000001,3.6500000000000004,0.3999999999999999,0.1
0.04965,0.057962500000000014,3.45,0.3999999999999999,0.10500000000000001
0.0497,0.057525000000000014,3.25,0.3999999999999999,0.11
0.04975,0.06108750000000001,3.05,0.3999999999999999,0.115
0.049800000000000004,0.06215000000000001,2.8499999999999996,0.3999999999999999,0.12000000000000001
0.049850000000000005,0.06022500000000001,2.7,0.3999999999999999,0.12000000000000001
0.0499,0.06277500000000001,2.4499999999999997,0.3999999999999999,0.12000000000000001
0.04995,0.06667500000000001,2.25,0.3999999999999999,0.125
0.05,0.07608750000000002,2.4,0.3999999999999999,0.125
0.050050000000000004,0.08043750000000001,2.55,0.3999999999999999,0.125
0.050100000000000006,0.07947500000000002,2.55,0.3999999999999999,0.125
0.05015,0.08392500000000001,2.7,0.3999999999999999,0.125
0.0502,0.08795000000000001,2.85,0.3999999999999999,0.125
0.05025,0.09688750000000002,3.15,0.3999999999999999,0.125
0.050300000000000004,0.10055000000000001,3.2000000000000006,0.3999999999999999,0.125
0.050350000000000006,0.09920000000000002,3.2000000000000006,0.3999999999999999,0.125
0.0504,0.10278750000000002,3.35,0.3500000000000001,0.125
0.05045,0.10623750000000003,3.5000000000000004,0.3500000000000001,0.125
0.0505,0.11422500000000002,3.8000000000000003,0.3500000000000001,0.125
0.050550000000000005,0.11697500000000002,3.9500000000000006,0.3500000000000001,0.125
0.0506,0.11461250000000002,3.9500000000000006,0.3500000000000001,0.125
0.05065,0.11710000000000002,4.05,0.3500000000000001,0.12000000000000001
0.0507,0.11921250000000003,4.2,0.3500000000000001,0.12000000000000001
0.05075,0.12511250000000002,4.5,0.3500000000000001,0.12000000000000001
0.050800000000000005,0.12625000000000003,4.6499999999999995,0.3500000000000001,0.115
0.05085,0.12248750000000003,4.6499999999999995,0.3500000000000001,0.115
0.0509,0.12282500000000002,4.8,0.3500000000000001,0.115
0.05095,0.127175,5.05,0.3500000000000001,0.11
0.051000000000000004,0.12718750000000004,5.2,0.3500000000000001,0.11
0.051050000000000005,0.12621250000000003,5.35,0.3500000000000001,0.11
0.0511,0.12107500000000002,5.35,0.3500000000000001,0.11
0.05115,0.11992500000000002,5.45,0.3500000000000001,0.11
0.0512,0.11918750000000002,5.6,0.3500000000000001,0.10500000000000001
0.051250000000000004,0.11851250000000002,5.75,0.3500000000000001,0.10500000000000001
0.051300000000000005,0.11773750000000002,5.8999999999999995,0.3500000000000001,0.10500000000000001
0.05135,0.11652500000000002,6.0,0.3500000000000001,0.10500000000000001
0.0514,0.11435000000000002,6.15,0.3500000000000001,0.10500000000000001
0.05145,0.11225000000000002,6.25,0.3500000000000001,0.10500000000000001
0.051500000000000004,0.10900000000000001,6.4,0.3500000000000001,0.1
0.051550000000000006,0.10448750000000002,6.5,0.3500000000000001,0.1
0.0516,0.10055000000000001,6.6,0.3500000000000001,0.1
0.05165,0.09691250000000001,6.7,0.3500000000000001,0.1
0.0517,0.09285000000000002,6.749999999999998,0.3500000000000001,0.1
0.051750000000000004,0.08911250000000001,6.550000000000001,0.3500000000000001,0.1
0.051800000000000006,0.08622500000000001,5.949999999999999,0.30000000000000004,0.1
0.05185,0.08366250000000001,5.75,0.30000000000000004,0.1
0.0519,0.08160000000000002,5.55,0.30000000000000004,0.095
0.05195,0.07967500000000001,5.4,0.30000000000000004,0.095
0.052000000000000005,0.07772500000000002,5.300000000000001,0.30000000000000004,0.095
0.05205,0.07598750000000001,5.199999999999999,0.30000000000000004,0.095
0.0521,0.07355000000000002,4.949999999999999,0.40000000000000013,0.095
0.05215,0.07087500000000001,4.65,0.40000000000000013,0.095
0.0522,0.06816250000000001,4.45,0.40000000000000013,0.095
0.052250000000000005,0.06543750000000001,4.2,0.40000000000000013,0.095
0.0523,0.06295,4.0,0.40000000000000013,0.095
0.05235,0.06082500000000001,3.8000000000000007,0.40000000000000013,0.1
0.0524,0.062437500000000014,3.6000000000000005,0.40000000000000013,0.11
0.052450000000000004,0.05905000000000001,3.4000000000000004,0.40000000000000013,0.11
0.052500000000000005,0.05905000000000001,3.2,0.40000000000000013,0.115
0.05255,0.05973750000000001,3.0,0.40000000000000013,0.115
0.0526,0.06127500000000001,2.75,0.40000000000000013,0.12000000000000001
0.05265,0.06361250000000002,2.549999999999999,0.40000000000000013,0.12000000000000001
0.052700000000000004,0.06701250000000002,2.3499999999999996,0.40000000000000013,0.125
0.052750000000000005,0.07132500000000001,2.249999999999999,0.40000000000000013,0.125
0.0528,0.07540000000000001,2.3999999999999995,0.40000000000000013,0.125
0.05285,0.07988750000000001,2.549999999999999,0.40000000000000013,0.125
0.0529,0.08428750000000002,2.6999999999999993,0.40000000000000013,0.125
0.052950000000000004,0.08826250000000002,2.8,0.40000000000000013,0.125
0.053000000000000005,0.09238750000000001,2.9000000000000004,0.40000000000000013,0.12999999999999998
0.05305,0.09630000000000002,3.0500000000000007,0.40000000000000013,0.12999999999999998
0.0531,0.09978750000000002,3.2,0.40000000000000013,0.125
0.05315,0.10310000000000002,3.3500000000000005,0.40000000000000013,0.125
0.053200000000000004,0.10671250000000002,3.500000000000001,0.3500000000000001,0.125
0.053250000000000006,0.11005000000000002,3.6500000000000004,0.3500000000000001,0.125
0.0533,0.11303750000000003,3.8000000000000007,0.3500000000000001,0.125
0.05335,0.11553750000000002,3.95,0.3500000000000001,0.125
0.0534,0.11791250000000002,4.05,0.3500000000000001,0.12000000000000001
0.053450000000000004,0.12026250000000002,4.2,0.3500000000000001,0.12000000000000001
0.053500000000000006,0.12208750000000003,4.3500000000000005,0.3500000000000001,0.12000000000000001
0.05355,0.12355000000000002,4.5,0.3500000000000001,0.12000000000000001
0.0536,0.12448750000000003,4.65,0.3500000000000001,0.115
0.05365,0.12505000000000002,4.749999999999999,0.3500000000000001,0.115
0.053700000000000005,0.12505000000000002,4.8999999999999995,0.3500000000000001,0.115
0.05375,0.12496250000000002,5.049999999999999,0.3500000000000001,0.11
0.0538,0.12441250000000002,5.199999999999999,0.3500000000000001,0.11
0.05385,0.12332500000000002,5.35,0.3500000000000001,0.11
0.0539,0.12202500000000002,5.450000000000001,0.3500000000000001,0.11
0.053950000000000005,0.12090000000000002,5.6000000000000005,0.3500000000000001,0.10500000000000001
0.054,0.12032500000000002,5.75,0.3500000000000001,0.10500000000000001
0.05405,0.11951250000000002,5.9,0.3500000000000001,0.10500000000000001
0.0541,0.12258750000000002,6.1499999999999995,0.3500000000000001,0.10500000000000001
0.054150000000000004,0.11670000000000003,6.1499999999999995,0.3500000000000001,0.10500000000000001
0.054200000000000005,0.11437500000000002,6.25,0.3500000000000001,0.10500000000000001
0.05425,0.11178750000000003,6.4,0.3500000000000001,0.1
0.0543,0.10842500000000002,6.5,0.3500000000000001,0.1
0.05435,0.10372500000000003,6.65,0.3500000000000001,0.1
0.054400000000000004,0.09986250000000002,6.749999999999999,0.3500000000000001,0.1
0.054450000000000005,0.09585000000000002,6.8,0.3500000000000001,0.1
0.0545,0.09185000000000001,6.799999999999999,0.3500000000000001,0.1
0.05455,0.08860000000000001,6.25,0.30000000000000004,0.1
0.0546,0.08587500000000002,5.85,0.30000000000000004,0.1
0.054650000000000004,0.08328750000000001,5.699999999999999,0.30000000000000004,0.1
0.054700000000000006,0.08145000000000001,5.500000000000001,0.30000000000000004,0.095
0.05475,0.07940000000000001,5.3999999999999995,0.30000000000000004,0.095
0.0548,0.07720000000000002,5.15,0.34999999999999987,0.095
0.05485,0.07421250000000001,4.85,0.3999999999999999,0.095
0.054900000000000004,0.07132500000000001,4.6499999999999995,0.3999999999999999,0.095
0.054950000000000006,0.06856250000000001,4.3999999999999995,0.3999999999999999,0.095
0.055,0.06585,4.2,0.3999999999999999,0.095
0.05505,0.06328750000000001,3.9500000000000006,0.3999999999999999,0.1
0.0551,0.06162500000000001,3.7499999999999996,0.3999999999999999,0.10500000000000001
0.055150000000000005,0.06056250000000001,3.5500000000000003,0.3999999999999999,0.11
0.055200000000000006,0.06037500000000001,3.35,0.3999999999999999,0.115
0.05525,0.06083750000000001,3.0999999999999996,0.3999999999999999,0.115
0.0553,0.06203750000000001,2.9000000000000004,0.3999999999999999,0.12000000000000001
0.05535,0.0638375,2.7,0.3999999999999999,0.12000000000000001
0.055400000000000005,0.06667500000000001,2.5,0.3999999999999999,0.125
0.05545,0.07052500000000002,2.3,0.3999999999999999,0.125
0.0555,0.07480000000000002,2.3499999999999996,0.3999999999999999,0.125
0.05555,0.08428750000000002,2.6500000000000004,0.3999999999999999,0.125
0.055600000000000004,0.08345000000000001,2.6500000000000004,0.3999999999999999,0.125
0.055650000000000005,0.08776250000000002,2.8,0.3999999999999999,0.12999999999999998
0.0557,0.09198750000000001,2.9,0.3999999999999999,0.12999999999999998
0.05575,0.09590000000000001,3.0,0.3999999999999999,0.12999999999999998
0.0558,0.10460000000000001,3.3,0.3999999999999999,0.12999999999999998
0.055850000000000004,0.10281250000000001,3.3,0.3999999999999999,0.12999999999999998
0.055900000000000005,0.10621250000000002,3.45,0.3999999999999999,0.125
0.05595,0.10965000000000003,3.5999999999999996,0.3999999999999999,0.125
0.056,0.11286250000000002,3.75,0.34999999999999987,0.125
0.05605,0.11576250000000002,3.8499999999999996,0.34999999999999987,0.125
0.056100000000000004,0.11825000000000002,4.0,0.34999999999999987,0.125
0.056150000000000005,0.12063750000000002,4.15,0.34999999999999987,0.12000000000000001
0.0562,0.12275000000000003,4.3,0.34999999999999987,0.12000000000000001
0.05625,0.12441250000000002,4.45,0.34999999999999987,0.12000000000000001
0.0563,0.12573750000000003,4.6,0.34999999999999987,0.115
0.056350000000000004,0.1266625,4.699999999999999,0.34999999999999987,0.115
0.056400000000000006,0.12701250000000003,4.85,0.34999999999999987,0.115
0.05645,0.12706250000000002,5.0,0.34999999999999987,0.115
0.0565,0.12678750000000003,5.15,0.34999999999999987,0.11
0.05655,0.12581250000000002,5.300000000000001,0.34999999999999987,0.11
0.056600000000000004,0.12478750000000002,5.4,0.34999999999999987,0.11
0.056650000000000006,0.12328750000000002,5.550000000000001,0.34999999999999987,0.11
0.0567,0.12181250000000002,5.700000000000001,0.34999999999999987,0.10500000000000001
0.05675,0.12130000000000002,5.85,0.34999999999999987,0.10500000000000001
0.0568,0.12051250000000002,5.95,0.34999999999999987,0.10500000000000001
0.056850000000000005,0.11923750000000002,6.1,0.34999999999999987,0.10500000000000001
0.056900000000000006,0.11730000000000002,6.25,0.34999999999999987,0.10500000000000001
0.05695,0.11481250000000003,6.35,0.34999999999999987,0.10500000000000001
0.057,0.11593750000000003,6.65,0.34999999999999987,0.10500000000000001
0.057050000000000003,0.10826250000000003,6.6000000000000005,0.34999999999999987,0.1
0.057100000000000005,0.10366250000000002,6.700000000000001,0.34999999999999987,0.1
0.05715,0.09958750000000002,6.800000000000001,0.34999999999999987,0.1
0.0572,0.09551250000000001,6.85,0.34999999999999987,0.1
0.05725,0.09563750000000001,6.95,0.34999999999999987,0.1
0.057300000000000004,0.08865000000000002,6.15,0.30000000000000004,0.1
0.057350000000000005,0.08597500000000001,5.800000000000001,0.30000000000000004,0.1
0.0574,0.08337500000000002,5.6499999999999995,0.30000000000000004,0.1
0.05745,0.08130000000000001,5.5,0.30000000000000004,0.095
0.0575,0.08102500000000001,5.15,0.40000000000000036,0.095
0.057550000000000004,0.07567500000000002,4.9,0.40000000000000036,0.095
0.057600000000000005,0.07251250000000001,4.65,0.40000000000000036,0.095
0.05765,0.06955000000000001,4.450000000000001,0.40000000000000036,0.095
0.0577,0.066725,4.2,0.40000000000000036,0.095
0.05775,0.06427500000000001,4.000000000000001,0.40000000000000036,0.1
0.057800000000000004,0.06265000000000001,3.750000000000001,0.40000000000000036,0.10500000000000001
0.057850000000000006,0.061987500000000015,3.5,0.40000000000000036,0.11
0.0579,0.06190000000000001,3.3,0.40000000000000036,0.115
0.05795,0.06251250000000001,3.1000000000000005,0.40000000000000036,0.115
0.058,0.0638375,2.8999999999999995,0.40000000000000036,0.12000000000000001
0.058050000000000004,0.065975,2.7,0.40000000000000036,0.12000000000000001
0.058100000000000006,0.06903750000000002,2.5,0.40000000000000036,0.125
0.05815,0.07288750000000001,2.3500000000000005,0.40000000000000036,0.125
0.0582,0.07718750000000002,2.4499999999999993,0.40000000000000036,0.125
0.05825,0.08158750000000002,2.55,0.40000000000000036,0.125
0.058300000000000005,0.08622500000000001,2.6499999999999995,0.40000000000000036,0.12999999999999998
0.058350000000000006,0.09063750000000001,2.799999999999999,0.40000000000000036,0.12999999999999998
0.0584,0.09480000000000002,2.9499999999999993,0.40000000000000036,0.12999999999999998
0.05845,0.09852500000000002,3.0999999999999988,0.40000000000000036,0.12999999999999998
0.0585,0.10201250000000002,3.249999999999999,0.40000000000000036,0.12999999999999998
0.058550000000000005,0.10536250000000003,3.3999999999999995,0.40000000000000036,0.12999999999999998
0.058600000000000006,0.10865000000000002,3.549999999999999,0.40000000000000036,0.125
0.05865,0.11170000000000002,3.6999999999999993,0.40000000000000036,0.125
0.0587,0.11970000000000003,3.95,0.3500000000000003,0.125
0.058750000000000004,0.11771250000000003,3.95,0.3500000000000003,0.125
0.058800000000000005,0.12018750000000002,4.1000000000000005,0.3500000000000003,0.125
0.05885,0.12265000000000002,4.250000000000001,0.3500000000000003,0.12000000000000001
0.0589,0.12473750000000003,4.4,0.3500000000000003,0.12000000000000001
0.05895,0.13081250000000003,4.7,0.3500000000000003,0.12000000000000001
0.059000000000000004,0.12777500000000003,4.6499999999999995,0.3500000000000003,0.115
0.059050000000000005,0.12860000000000002,4.8,0.3500000000000003,0.115
0.0591,0.12877500000000003,4.949999999999999,0.3500000000000003,0.115
0.05915,0.12860000000000002,5.1,0.3500000000000003,0.115
0.0592,0.13266250000000002,5.4,0.3500000000000003,0.11
0.059250000000000004,0.12718750000000004,5.350000000000001,0.3500000000000003,0.11
0.059300000000000005,0.12601250000000003,5.450000000000001,0.3500000000000003,0.11
0.05935,0.12438750000000003,5.6000000000000005,0.3500000000000003,0.11
0.0594,0.12323750000000003,5.75,0.3500000000000003,0.11
0.05945,0.12213750000000002,5.85,0.3500000000000003,0.10500000000000001
0.059500000000000004,0.12123750000000003,6.0,0.3500000000000003,0.10500000000000001
0.059550000000000006,0.11991250000000002,6.15,0.3500000000000003,0.10500000000000001
0.0596,0.11786250000000002,6.25,0.3500000000000003,0.10500000000000001
0.05965,0.11552500000000002,6.3999999999999995,0.3500000000000003,0.10500000000000001
0.0597,0.11242500000000002,6.5,0.3500000000000003,0.10500000000000001
0.059750000000000004,0.10883750000000002,6.65,0.3500000000000003,0.1
0.059800000000000006,0.10417500000000002,6.75,0.3500000000000003,0.1
0.05985,0.10023750000000002,6.8500000000000005,0.3500000000000003,0.1
0.0599,0.09591250000000001,6.8999999999999995,0.3500000000000003,0.1
0.05995,0.09205000000000002,6.749999999999998,0.3500000000000003,0.1
0.060000000000000005,0.08905000000000002,6.1,0.30000000000000027,0.1
0.060050000000000006,0.08640000000000002,5.799999999999999,0.30000000000000027,0.1
0.0601,0.08376250000000002,5.6499999999999995,0.30000000000000027,0.1
0.06015,0.08302500000000002,5.3,0.3999999999999999,0.1
0.060200000000000004,0.07743750000000002,5.0,0.3999999999999999,0.095
0.060250000000000005,0.07415000000000001,4.75,0.3999999999999999,0.095
0.0603,0.07106250000000001,4.5,0.3999999999999999,0.095
0.06035,0.06802500000000002,4.3,0.3999999999999999,0.1
0.0604,0.06838750000000002,4.0,0.3999999999999999,0.11
0.060450000000000004,0.06412500000000002,3.8000000000000007,0.3999999999999999,0.11
0.060500000000000005,0.06345,3.55,0.3999999999999999,0.11
0.06055,0.06328750000000001,3.3500000000000005,0.3999999999999999,0.115
0.0606,0.06403750000000001,3.1500000000000004,0.3999999999999999,0.12000000000000001
0.06065,0.06911250000000001,2.95,0.3999999999999999,0.12000000000000001
0.060700000000000004,0.06737500000000002,2.75,0.3999999999999999,0.12000000000000001
0.060750000000000005,0.07043750000000001,2.55,0.3999999999999999,0.125
0.0608,0.07433750000000001,2.3999999999999995,0.3999999999999999,0.125
0.06085,0.07890000000000001,2.45,0.3999999999999999,0.125
0.0609,0.08860000000000001,2.6999999999999997,0.3999999999999999,0.12999999999999998
0.060950000000000004,0.08786250000000001,2.6999999999999997,0.3999999999999999,0.12999999999999998
0.061000000000000006,0.09223750000000001,2.85,0.3999999999999999,0.12999999999999998
0.06105,0.09620000000000002,3.0000000000000004,0.3999999999999999,0.12999999999999998
0.0611,0.10015000000000002,3.15,0.3999999999999999,0.12999999999999998
0.06115,0.10378750000000002,3.3000000000000003,0.3999999999999999,0.12999999999999998
0.061200000000000004,0.10691250000000002,3.4499999999999997,0.3999999999999999,0.12999999999999998
0.061250000000000006,0.11011250000000002,3.5499999999999994,0.3999999999999999,0.12999999999999998
0.0613,0.11321250000000002,3.65,0.3999999999999999,0.125
0.06135,0.11617500000000003,3.8000000000000003,0.3999999999999999,0.125
0.0614,0.11902500000000002,3.9500000000000006,0.34999999999999987,0.125
0.061450000000000005,0.12162500000000002,4.1,0.34999999999999987,0.125
0.061500000000000006,0.12403750000000002,4.25,0.34999999999999987,0.12000000000000001
0.06155,0.12625000000000003,4.4,0.34999999999999987,0.12000000000000001
0.0616,0.12761250000000002,4.5,0.34999999999999987,0.12000000000000001
0.06165,0.12928750000000003,4.65,0.34999999999999987,0.115
0.061700000000000005,0.13040000000000002,4.8,0.34999999999999987,0.115
0.061750000000000006,0.13065000000000002,4.95,0.34999999999999987,0.115
0.0618,0.13047500000000004,5.1,0.34999999999999987,0.115
0.06185,0.13456250000000003,5.35,0.34999999999999987,0.11
0.061900000000000004,0.12926250000000003,5.35,0.34999999999999987,0.11
0.061950000000000005,0.12782500000000002,5.5,0.34999999999999987,0.11
0.062,0.12607500000000002,5.6499999999999995,0.34999999999999987,0.11
0.06205,0.12471250000000002,5.75,0.34999999999999987,0.11
0.0621,0.12732500000000002,6.05,0.34999999999999987,0.10500000000000001
0.062150000000000004,0.12232500000000002,6.05,0.34999999999999987,0.10500000000000001
0.062200000000000005,0.12107500000000002,6.2,0.34999999999999987,0.10500000000000001
0.06225,0.11932500000000003,6.299999999999999,0.34999999999999987,0.10500000000000001
0.0623,0.11692500000000002,6.449999999999999,0.34999999999999987,0.10500000000000001
0.06235,0.11782500000000003,6.699999999999999,0.34999999999999987,0.10500000000000001
0.062400000000000004,0.11036250000000002,6.699999999999999,0.34999999999999987,0.1
0.062450000000000006,0.10563750000000002,6.8,0.34999999999999987,0.1
0.0625,0.10547500000000001,7.050000000000001,0.34999999999999987,0.1
0.06255000000000001,0.09730000000000001,6.950000000000001,0.34999999999999987,0.1
0.0626,0.09326250000000001,6.8999999999999995,0.2999999999999998,0.1
0.06265,0.09002500000000002,6.25,0.2999999999999998,0.1
0.0627,0.08717500000000002,5.799999999999999,0.2999999999999998,0.1
0.06275,0.08612500000000002,5.5,0.3999999999999999,0.1
0.06280000000000001,0.08022500000000002,5.199999999999999,0.3999999999999999,0.1
0.06285,0.07663750000000001,4.8999999999999995,0.3999999999999999,0.1
0.0629,0.07335000000000001,4.6499999999999995,0.3999999999999999,0.095
0.06295,0.07036250000000001,4.3500000000000005,0.3999999999999999,0.1
0.063,0.07045000000000001,4.1000000000000005,0.3999999999999999,0.11
0.06305000000000001,0.06598750000000002,3.9000000000000004,0.3999999999999999,0.11
0.0631,0.06506250000000001,3.6500000000000004,0.3999999999999999,0.11
0.06315,0.06473750000000002,3.45,0.3999999999999999,0.115
0.0632,0.06505000000000001,3.250000000000001,0.3999999999999999,0.12000000000000001
0.06325,0.07018750000000001,3.05,0.3999999999999999,0.125
0.06330000000000001,0.06821250000000001,2.8500000000000005,0.3999999999999999,0.125
0.06335,0.07121250000000001,2.6500000000000004,0.3999999999999999,0.125
0.0634,0.07493750000000002,2.3999999999999995,0.3999999999999999,0.125
0.06345,0.07947500000000002,2.3999999999999995,0.3999999999999999,0.125
0.0635,0.08937500000000001,2.6999999999999993,0.3999999999999999,0.12999999999999998
0.06355000000000001,0.08857500000000001,2.6999999999999993,0.3999999999999999,0.12999999999999998
0.0636,0.09273750000000001,2.8499999999999996,0.3999999999999999,0.12999999999999998
0.06365,0.09683750000000002,2.999999999999999,0.3999999999999999,0.12999999999999998
0.0637,0.10096250000000002,3.1499999999999995,0.3999999999999999,0.12999999999999998
0.06375,0.10967500000000002,3.4499999999999993,0.3999999999999999,0.12999999999999998
0.06380000000000001,0.10802500000000002,3.4499999999999993,0.3999999999999999,0.12999999999999998
0.06385,0.11095000000000002,3.5500000000000007,0.3999999999999999,0.12999999999999998
0.0639,0.11406250000000002,3.6500000000000004,0.3999999999999999,0.125
0.06395,0.11698750000000002,3.8000000000000007,0.3999999999999999,0.125
0.064,0.12458750000000002,4.1000000000000005,0.3999999999999999,0.125
0.06405000000000001,0.12237500000000003,4.1000000000000005,0.3500000000000001,0.125
0.0641,0.12462500000000003,4.250000000000001,0.3500000000000001,0.125
0.06415,0.13177500000000003,4.5,0.3500000000000001,0.12000000000000001
0.06420000000000001,0.1289375,4.5,0.3500000000000001,0.12000000000000001
0.06425,0.13487500000000002,4.8,0.3500000000000001,0.12000000000000001
0.06430000000000001,0.13167500000000001,4.8,0.3500000000000001,0.115
0.06435,0.13227500000000003,4.95,0.3500000000000001,0.115
0.0644,0.13666250000000002,5.25,0.3500000000000001,0.115
0.06445000000000001,0.13192500000000001,5.199999999999999,0.3500000000000001,0.11
0.0645,0.13580000000000003,5.499999999999999,0.3500000000000001,0.11
0.06455,0.1296625,5.499999999999999,0.3500000000000001,0.11
0.0646,0.12813750000000002,5.649999999999999,0.3500000000000001,0.11
0.06465,0.13056250000000003,5.9,0.3500000000000001,0.11
0.06470000000000001,0.12476250000000003,5.9,0.3500000000000001,0.10500000000000001
0.06475,0.12776250000000003,6.200000000000001,0.3500000000000001,0.10500000000000001
0.0648,0.12246250000000002,6.15,0.3500000000000001,0.10500000000000001
0.06485,0.12055000000000002,6.3,0.3500000000000001,0.10500000000000001
0.0649,0.12265000000000002,6.6,0.3500000000000001,0.10500000000000001
0.06495000000000001,0.11572500000000002,6.550000000000001,0.3500000000000001,0.10500000000000001
0.065,0.11656250000000003,6.8500000000000005,0.3500000000000001,0.10500000000000001
0.06505,0.10821250000000002,6.8,0.3500000000000001,0.1
0.0651,0.10365000000000002,6.8999999999999995,0.3500000000000001,0.1
0.06515,0.10333750000000001,7.15,0.3500000000000001,0.1
0.06520000000000001,0.09510000000000002,7.0,0.30000000000000004,0.1
0.06525,0.09443750000000002,6.5,0.34999999999999987,0.1
0.0653,0.08785000000000001,5.85,0.34999999999999987,0.1
0.06535,0.08400000000000002,5.450000000000001,0.40000000000000013,0.1
0.0654,0.08230000000000001,5.15,0.40000000000000013,0.1
0.06545000000000001,0.07668750000000002,4.800000000000001,0.40000000000000013,0.1
0.0655,0.07565000000000001,4.550000000000001,0.40000000000000013,0.1
0.06555,0.07048750000000001,4.300000000000001,0.40000000000000013,0.1
0.0656,0.06837500000000002,4.050000000000001,0.40000000000000013,0.10500000000000001
0.06565,0.06988750000000002,3.85,0.40000000000000013,0.115
0.06570000000000001,0.066225,3.6,0.40000000000000013,0.115
0.06575,0.06968750000000001,3.4,0.40000000000000013,0.12000000000000001
0.0658,0.06713750000000002,3.1999999999999997,0.40000000000000013,0.12000000000000001
0.06585,0.06846250000000001,3.0000000000000004,0.40000000000000013,0.12000000000000001
0.0659,0.07547500000000001,2.7,0.40000000000000013,0.125
0.06595000000000001,0.07472500000000001,2.5,0.40000000000000013,0.125
0.066,0.07906250000000001,2.4000000000000004,0.40000000000000013,0.125
0.06605,0.08361250000000002,2.55,0.40000000000000013,0.12999999999999998
0.0661,0.08800000000000002,2.6500000000000004,0.40000000000000013,0.12999999999999998
0.06615,0.09757500000000002,2.95,0.40000000000000013,0.12999999999999998
0.06620000000000001,0.09663750000000002,2.95,0.40000000000000013,0.12999999999999998
0.06625,0.10056250000000001,3.0999999999999996,0.40000000000000013,0.12999999999999998
0.0663,0.10452500000000002,3.25,0.40000000000000013,0.12999999999999998
0.06635,0.10816250000000002,3.3499999999999996,0.40000000000000013,0.12999999999999998
0.0664,0.11623750000000002,3.6499999999999995,0.40000000000000013,0.12999999999999998
0.06645000000000001,0.11411250000000002,3.6499999999999995,0.40000000000000013,0.12999999999999998
0.0665,0.11721250000000003,3.8,0.40000000000000013,0.125
0.06655,0.12005000000000002,3.95,0.40000000000000013,0.125
0.0666,0.12250000000000003,4.1,0.40000000000000013,0.125
0.06665,0.12961250000000002,4.3999999999999995,0.3500000000000001,0.125
0.06670000000000001,0.12735000000000002,4.35,0.3500000000000001,0.125
0.06675,0.12965000000000002,4.5,0.3500000000000001,0.12000000000000001
0.0668,0.13108750000000002,4.65,0.3500000000000001,0.12000000000000001
0.06685,0.13276250000000003,4.800000000000001,0.3500000000000001,0.115
0.0669,0.13806250000000003,5.1000000000000005,0.3500000000000001,0.115
0.06695000000000001,0.1342,5.050000000000001,0.3500000000000001,0.115
0.067,0.13402500000000003,5.200000000000001,0.3500000000000001,0.115
0.06705,0.13333750000000003,5.35,0.3500000000000001,0.11
0.0671,0.13236250000000002,5.5,0.3500000000000001,0.11
0.06715,0.1349625,5.800000000000001,0.3500000000000001,0.11
0.06720000000000001,0.12882500000000002,5.75,0.3500000000000001,0.11
0.06725,0.12678750000000003,5.9,0.3500000000000001,0.11
0.0673,0.12900000000000003,6.199999999999999,0.3500000000000001,0.10500000000000001
0.06735000000000001,0.12365000000000002,6.1499999999999995,0.3500000000000001,0.10500000000000001
0.0674,0.12665,6.45,0.3500000000000001,0.10500000000000001
0.06745000000000001,0.12043750000000002,6.45,0.3500000000000001,0.10500000000000001
0.0675,0.11792500000000002,6.550000000000001,0.3500000000000001,0.10500000000000001
0.06755,0.11895000000000003,6.85,0.3500000000000001,0.10500000000000001
0.06760000000000001,0.11148750000000002,6.8,0.3500000000000001,0.10500000000000001
0.06765,0.11046250000000002,7.0,0.3500000000000001,0.1
0.06770000000000001,0.10223750000000002,6.949999999999999,0.3500000000000001,0.1
0.06775,0.09808750000000002,7.05,0.2999999999999998,0.1
0.0678,0.09636250000000002,6.85,0.39999999999999947,0.1
0.06785000000000001,0.08920000000000002,6.05,0.39999999999999947,0.1
0.0679,0.08722500000000001,5.450000000000001,0.39999999999999947,0.1
0.06795,0.08118750000000001,5.1000000000000005,0.39999999999999947,0.1
0.068,0.07756250000000002,4.8500000000000005,0.39999999999999947,0.1
0.06805,0.07652500000000001,4.550000000000001,0.39999999999999947,0.10500000000000001
0.06810000000000001,0.07148750000000001,4.300000000000001,0.39999999999999947,0.10500000000000001
0.06815,0.07222500000000001,4.050000000000001,0.39999999999999947,0.115
0.0682,0.06803750000000001,3.8500000000000005,0.39999999999999947,0.115
0.06825,0.06763750000000002,3.6000000000000005,0.39999999999999947,0.115
0.0683,0.07117500000000002,3.4000000000000004,0.39999999999999947,0.12000000000000001
0.06835000000000001,0.06881250000000001,3.1000000000000005,0.39999999999999947,0.12000000000000001
0.0684,0.0749125,2.8999999999999995,0.39999999999999947,0.125
0.06845,0.07395000000000002,2.7,0.39999999999999947,0.125
0.0685,0.07775000000000001,2.5,0.39999999999999947,0.125
0.06855,0.08728750000000002,2.5999999999999996,0.39999999999999947,0.12999999999999998
0.06860000000000001,0.08642500000000002,2.5999999999999996,0.39999999999999947,0.12999999999999998
0.06865,0.09617500000000002,2.8999999999999995,0.39999999999999947,0.12999999999999998
0.0687,0.09525000000000002,2.8999999999999995,0.39999999999999947,0.12999999999999998
0.06875,0.09938750000000002,3.05,0.39999999999999947,0.12999999999999998
0.0688,0.10862500000000001,3.299999999999999,0.39999999999999947,0.12999999999999998
0.06885000000000001,0.10722500000000001,3.299999999999999,0.39999999999999947,0.12999999999999998
0.0689,0.11571250000000002,3.5999999999999988,0.39999999999999947,0.12999999999999998
0.06895,0.11372500000000002,3.5999999999999988,0.39999999999999947,0.12999999999999998
0.069,0.11667500000000001,3.749999999999999,0.39999999999999947,0.12999999999999998
0.06905,0.12455000000000002,3.999999999999999,0.39999999999999947,0.125
0.06910000000000001,0.12230000000000002,3.999999999999999,0.39999999999999947,0.125
0.06915,0.12956250000000002,4.299999999999999,0.39999999999999947,0.125
0.0692,0.12687500000000002,4.25,0.39999999999999947,0.125
0.06925,0.12935000000000002,4.4,0.34999999999999964,0.12000000000000001
0.0693,0.13611250000000003,4.7,0.34999999999999964,0.12000000000000001
0.06935000000000001,0.13285000000000002,4.7,0.34999999999999964,0.12000000000000001
0.0694,0.13425000000000004,4.8500000000000005,0.34999999999999964,0.115
0.06945,0.13511250000000002,4.949999999999999,0.34999999999999964,0.115
0.0695,0.13576250000000004,5.1,0.34999999999999964,0.115
0.06955,0.13956250000000003,5.3999999999999995,0.34999999999999964,0.115
0.06960000000000001,0.134725,5.3999999999999995,0.34999999999999964,0.11
0.06965,0.13355000000000003,5.549999999999999,0.34999999999999964,0.11
0.0697,0.13183750000000002,5.65,0.34999999999999964,0.11
0.06975,0.12983750000000002,5.800000000000001,0.34999999999999964,0.11
0.0698,0.13191250000000002,6.100000000000001,0.34999999999999964,0.11
0.06985000000000001,0.12560000000000002,6.100000000000001,0.34999999999999964,0.10500000000000001
0.0699,0.12422500000000002,6.2,0.34999999999999964,0.10500000000000001
0.06995,0.12287500000000003,6.35,0.34999999999999964,0.10500000000000001
0.07,0.12087500000000002,6.449999999999999,0.34999999999999964,0.10500000000000001
0.07005,0.12223750000000003,6.749999999999999,0.34999999999999964,0.10500000000000001
0.07010000000000001,0.11516250000000001,6.749999999999999,0.34999999999999964,0.10500000000000001
0.07015,0.11135000000000002,6.8500000000000005,0.34999999999999964,0.10500000000000001
0.0702,0.10620000000000002,6.949999999999999,0.34999999999999964,0.1
0.07025,0.10178750000000002,7.050000000000001,0.2999999999999998,0.1
0.0703,0.09950000000000002,7.000000000000001,0.40000000000000036,0.1
0.07035000000000001,0.09196250000000002,6.5,0.40000000000000036,0.1
0.0704,0.08730000000000002,5.75,0.40000000000000036,0.1
0.07045,0.08518750000000001,5.25,0.40000000000000036,0.1
0.07050000000000001,0.07913750000000001,4.9,0.40000000000000036,0.1
0.07055,0.07818750000000002,4.6499999999999995,0.40000000000000036,0.10500000000000001
0.07060000000000001,0.07301250000000001,4.35,0.40000000000000036,0.10500000000000001
0.07065,0.07087500000000001,4.1,0.40000000000000036,0.11
0.0707,0.07258750000000001,3.9000000000000004,0.40000000000000036,0.12000000000000001
0.07075000000000001,0.06885000000000001,3.6499999999999995,0.40000000000000036,0.12000000000000001
0.0708,0.07285000000000001,3.3499999999999996,0.40000000000000036,0.125
0.07085000000000001,0.07046250000000001,3.1500000000000004,0.40000000000000036,0.125
0.0709,0.07265000000000002,2.95,0.40000000000000036,0.125
0.07095,0.08036250000000002,2.75,0.40000000000000036,0.125
0.07100000000000001,0.07951250000000001,2.55,0.40000000000000036,0.125
0.07105,0.08903750000000002,2.6500000000000004,0.40000000000000036,0.12999999999999998
0.0711,0.08828750000000002,2.6500000000000004,0.40000000000000036,0.12999999999999998
0.07115,0.09275000000000001,2.8000000000000007,0.40000000000000036,0.12999999999999998
0.0712,0.10232500000000001,3.1000000000000005,0.40000000000000036,0.12999999999999998
0.07125000000000001,0.10132500000000001,3.0500000000000003,0.40000000000000036,0.12999999999999998
0.0713,0.11047500000000002,3.35,0.40000000000000036,0.12999999999999998
0.07135,0.10905000000000002,3.35,0.40000000000000036,0.12999999999999998
0.0714,0.11250000000000002,3.5000000000000004,0.40000000000000036,0.12999999999999998
0.07145,0.12055000000000002,3.7500000000000004,0.40000000000000036,0.12999999999999998
0.07150000000000001,0.11853750000000002,3.7500000000000004,0.40000000000000036,0.12999999999999998
0.07155,0.12621250000000003,4.050000000000001,0.40000000000000036,0.12999999999999998
0.0716,0.12415000000000002,4.0,0.40000000000000036,0.125
0.07165,0.12650000000000003,4.15,0.40000000000000036,0.125
0.0717,0.13293750000000001,4.450000000000001,0.40000000000000036,0.125
0.07175000000000001,0.13083750000000002,4.450000000000001,0.3500000000000001,0.125
0.0718,0.13758750000000003,4.75,0.3500000000000001,0.12000000000000001
0.07185,0.1342125,4.75,0.3500000000000001,0.12000000000000001
0.0719,0.13566250000000002,4.85,0.3500000000000001,0.115
0.07195,0.14102500000000004,5.1499999999999995,0.3500000000000001,0.115
0.07200000000000001,0.13708750000000003,5.1499999999999995,0.3500000000000001,0.115
0.07205,0.14108750000000003,5.449999999999999,0.3500000000000001,0.115
0.0721,0.13626250000000004,5.449999999999999,0.3500000000000001,0.11
0.07215,0.13516250000000002,5.55,0.3500000000000001,0.11
0.0722,0.13767500000000002,5.85,0.3500000000000001,0.11
0.07225000000000001,0.13122500000000004,5.85,0.3500000000000001,0.11
0.0723,0.13306250000000003,6.1499999999999995,0.3500000000000001,0.11
0.07235,0.126675,6.1,0.3500000000000001,0.10500000000000001
0.0724,0.12491250000000002,6.25,0.3500000000000001,0.10500000000000001
0.07245,0.12770000000000004,6.55,0.3500000000000001,0.10500000000000001
0.07250000000000001,0.12153750000000002,6.5,0.3500000000000001,0.10500000000000001
0.07255,0.11867500000000002,6.65,0.3500000000000001,0.10500000000000001
0.0726,0.11583750000000002,6.75,0.3500000000000001,0.10500000000000001
0.07265,0.11202500000000003,6.9,0.3500000000000001,0.10500000000000001
0.0727,0.10998750000000002,7.05,0.3500000000000001,0.1
0.07275000000000001,0.10158750000000003,7.0,0.3500000000000001,0.1
0.0728,0.09607500000000002,6.85,0.3999999999999999,0.1
0.07285,0.09090000000000002,6.3999999999999995,0.3999999999999999,0.1
0.0729,0.08617500000000002,5.6,0.3999999999999999,0.1
0.07295,0.08402500000000002,5.149999999999999,0.3999999999999999,0.1
0.07300000000000001,0.07805000000000001,4.799999999999999,0.3999999999999999,0.1
0.07305,0.07517500000000002,4.499999999999999,0.3999999999999999,0.10500000000000001
0.0731,0.07276250000000001,4.249999999999999,0.3999999999999999,0.11
0.07315,0.07136250000000001,3.95,0.3999999999999999,0.115
0.0732,0.07375000000000001,3.7,0.3999999999999999,0.12000000000000001
0.07325000000000001,0.07068750000000001,3.45,0.3999999999999999,0.12000000000000001
0.0733,0.07172500000000001,3.25,0.3999999999999999,0.125
0.07335,0.07368750000000002,3.000000000000001,0.3999999999999999,0.125
0.0734,0.07663750000000001,2.8,0.3999999999999999,0.125
0.07345,0.08537500000000002,2.6000000000000005,0.3999999999999999,0.12999999999999998
0.07350000000000001,0.08458750000000001,2.55,0.3999999999999999,0.12999999999999998
0.07355,0.08915000000000002,2.6500000000000004,0.3999999999999999,0.12999999999999998
0.0736,0.09883750000000002,2.95,0.3999999999999999,0.12999999999999998
0.07365000000000001,0.09793750000000002,2.8999999999999995,0.3999999999999999,0.12999999999999998
0.0737,0.10747500000000001,3.1999999999999993,0.3999999999999999,0.12999999999999998
0.07375000000000001,0.10627500000000002,3.1999999999999993,0.3999999999999999,0.12999999999999998
0.0738,0.11007500000000002,3.3499999999999996,0.3999999999999999,0.12999999999999998
0.07385,0.11861250000000002,3.6499999999999995,0.3999999999999999,0.12999999999999998
0.07390000000000001,0.11657500000000003,3.6499999999999995,0.3999999999999999,0.12999999999999998
0.07395,0.12461250000000003,3.95,0.3999999999999999,0.12999999999999998
0.07400000000000001,0.12240000000000002,3.9000000000000012,0.3999999999999999,0.12999999999999998
0.07405,0.12518750000000003,4.050000000000001,0.3999999999999999,0.125
0.0741,0.13258750000000002,4.3500000000000005,0.3999999999999999,0.125
0.07415000000000001,0.12947500000000003,4.3500000000000005,0.3999999999999999,0.125
0.0742,0.13641250000000002,4.65,0.3999999999999999,0.125
0.07425000000000001,0.13392500000000002,4.65,0.3500000000000001,0.12000000000000001
0.0743,0.1352125,4.800000000000001,0.3500000000000001,0.12000000000000001
0.07435,0.14145000000000002,5.050000000000001,0.3500000000000001,0.12000000000000001
0.07440000000000001,0.13795000000000002,5.050000000000001,0.3500000000000001,0.115
0.07445,0.14295000000000002,5.35,0.3500000000000001,0.115
0.0745,0.13853750000000004,5.35,0.3500000000000001,0.115
0.07455,0.138,5.5,0.3500000000000001,0.11
0.0746,0.14125000000000001,5.699999999999999,0.3500000000000001,0.11
0.07465000000000001,0.13530000000000003,5.699999999999999,0.3500000000000001,0.11
0.0747,0.13738750000000002,6.0,0.3500000000000001,0.11
0.07475,0.130175,6.0,0.3500000000000001,0.11
0.0748,0.12823750000000003,6.1000000000000005,0.3500000000000001,0.10500000000000001
0.07485,0.1304375,6.4,0.3500000000000001,0.10500000000000001
0.07490000000000001,0.12443750000000002,6.4,0.3500000000000001,0.10500000000000001
0.07495,0.12658750000000002,6.6499999999999995,0.3500000000000001,0.10500000000000001
0.075,0.12000000000000002,6.6499999999999995,0.3500000000000001,0.10500000000000001
0.07505,0.11707500000000003,6.750000000000001,0.3500000000000001,0.10500000000000001
0.0751,0.11690000000000002,7.000000000000001,0.3500000000000001,0.10500000000000001
0.07515000000000001,0.10835000000000002,6.95,0.3500000000000001,0.10500000000000001
0.0752,0.10435000000000003,6.850000000000001,0.3999999999999999,0.1
0.07525,0.09623750000000002,6.75,0.3999999999999999,0.1
0.0753,0.09058750000000002,6.449999999999999,0.3999999999999999,0.1
0.07535,0.08803750000000002,5.65,0.3999999999999999,0.1
0.07540000000000001,0.08166250000000001,5.1,0.3999999999999999,0.1
0.07545,0.08045000000000002,4.699999999999999,0.3999999999999999,0.11
0.0755,0.07532500000000002,4.35,0.3999999999999999,0.11
0.07555,0.07378750000000002,4.1,0.3999999999999999,0.115
0.0756,0.07561250000000001,3.85,0.3999999999999999,0.12000000000000001
0.07565000000000001,0.07220000000000001,3.6,0.3999999999999999,0.12000000000000001
0.0757,0.07681250000000002,3.4,0.3999999999999999,0.125
0.07575,0.07451250000000001,3.15,0.3999999999999999,0.125
0.0758,0.07681250000000002,2.9499999999999997,0.3999999999999999,0.125
0.07585,0.08541250000000002,2.7000000000000006,0.3999999999999999,0.12999999999999998
0.07590000000000001,0.08457500000000001,2.5500000000000003,0.3999999999999999,0.12999999999999998
0.07595,0.08898750000000001,2.65,0.3999999999999999,0.12999999999999998
0.076,0.09348750000000002,2.75,0.3999999999999999,0.12999999999999998
0.07605,0.09805000000000001,2.8999999999999995,0.3999999999999999,0.12999999999999998
0.0761,0.10748750000000001,3.1499999999999995,0.3999999999999999,0.12999999999999998
0.07615000000000001,0.10626250000000002,3.1499999999999995,0.3999999999999999,0.12999999999999998
0.0762,0.11016250000000002,3.3,0.3999999999999999,0.12999999999999998
0.07625,0.11378750000000003,3.4499999999999993,0.3999999999999999,0.12999999999999998
0.0763,0.11702500000000002,3.5999999999999996,0.3999999999999999,0.12999999999999998
0.07635,0.12501250000000003,3.8999999999999995,0.3999999999999999,0.12999999999999998
0.07640000000000001,0.12305000000000002,3.8499999999999996,0.3999999999999999,0.12999999999999998
0.07645,0.12580000000000002,4.0,0.3999999999999999,0.12999999999999998
0.0765,0.12837500000000002,4.1499999999999995,0.3999999999999999,0.125
0.07655,0.13040000000000002,4.3,0.3999999999999999,0.125
0.0766,0.13686250000000003,4.6000000000000005,0.3999999999999999,0.125
0.07665000000000001,0.134225,4.6000000000000005,0.3999999999999999,0.12000000000000001
0.0767,0.13602500000000003,4.7,0.3500000000000001,0.12000000000000001
0.07675,0.14208750000000003,5.000000000000001,0.3500000000000001,0.12000000000000001
0.07680000000000001,0.13885000000000003,5.000000000000001,0.3500000000000001,0.115
0.07685,0.14405000000000004,5.300000000000001,0.3500000000000001,0.115
0.07690000000000001,0.14006250000000003,5.300000000000001,0.3500000000000001,0.115
0.07695,0.13966250000000002,5.4,0.3500000000000001,0.115
0.077,0.14365000000000003,5.699999999999999,0.3500000000000001,0.11
0.07705000000000001,0.13787500000000003,5.699999999999999,0.3500000000000001,0.11
0.0771,0.14012500000000003,6.0,0.3500000000000001,0.11
0.07715000000000001,0.13355000000000003,6.0,0.3500000000000001,0.11
0.0772,0.13032500000000002,6.1,0.3500000000000001,0.11
0.07725,0.1322125,6.4,0.3500000000000001,0.10500000000000001
0.07730000000000001,0.12578750000000002,6.4,0.3500000000000001,0.10500000000000001
0.07735,0.1281625,6.6499999999999995,0.3500000000000001,0.10500000000000001
0.07740000000000001,0.12175000000000002,6.6499999999999995,0.3500000000000001,0.10500000000000001
0.07745,0.11903750000000002,6.75,0.3500000000000001,0.10500000000000001
0.0775,0.11857500000000003,6.85,0.40000000000000036,0.10500000000000001
0.07755000000000001,0.11056250000000002,6.8,0.40000000000000036,0.10500000000000001
0.0776,0.10602500000000002,6.75,0.40000000000000036,0.1
0.07765,0.09756250000000002,6.699999999999999,0.40000000000000036,0.1
0.0777,0.09150000000000001,6.549999999999999,0.40000000000000036,0.1
0.07775,0.08876250000000002,5.85,0.40000000000000036,0.10500000000000001
0.07780000000000001,0.08231250000000001,5.15,0.40000000000000036,0.10500000000000001
0.07785,0.08187500000000002,4.700000000000001,0.40000000000000036,0.115
0.0779,0.07658750000000002,4.3500000000000005,0.40000000000000036,0.115
0.07795,0.07476250000000001,4.1000000000000005,0.40000000000000036,0.115
0.078,0.07718750000000002,3.8500000000000005,0.40000000000000036,0.12000000000000001
0.07805000000000001,0.07395000000000002,3.6000000000000005,0.40000000000000036,0.12000000000000001
0.0781,0.07882500000000002,3.3500000000000005,0.40000000000000036,0.125
0.07815,0.07665000000000001,3.1000000000000005,0.40000000000000036,0.125
0.0782,0.07963750000000001,2.9000000000000012,0.40000000000000036,0.12999999999999998
0.07825,0.08855000000000002,2.7,0.40000000000000036,0.12999999999999998
0.07830000000000001,0.08792500000000002,2.55,0.40000000000000036,0.12999999999999998
0.07835,0.09786250000000002,2.8500000000000005,0.40000000000000036,0.12999999999999998
0.0784,0.09706250000000002,2.8500000000000005,0.40000000000000036,0.12999999999999998
0.07845,0.10118750000000001,2.95,0.40000000000000036,0.12999999999999998
0.0785,0.11062500000000001,3.25,0.40000000000000036,0.12999999999999998
0.07855000000000001,0.10935000000000002,3.25,0.40000000000000036,0.12999999999999998
0.0786,0.11835000000000002,3.55,0.40000000000000036,0.12999999999999998
0.07865,0.11667500000000001,3.55,0.40000000000000036,0.12999999999999998
0.0787,0.11980000000000002,3.6499999999999995,0.40000000000000036,0.12999999999999998
0.07875,0.12781250000000002,3.9499999999999993,0.40000000000000036,0.12999999999999998
0.07880000000000001,0.12572500000000003,3.9499999999999993,0.40000000000000036,0.12999999999999998
0.07885,0.13336250000000002,4.249999999999999,0.40000000000000036,0.12999999999999998
0.0789,0.13072500000000004,4.249999999999999,0.40000000000000036,0.125
0.07895,0.13248750000000004,4.3999999999999995,0.40000000000000036,0.125
0.079,0.13915000000000002,4.699999999999999,0.40000000000000036,0.125
0.07905000000000001,0.13632500000000003,4.65,0.40000000000000036,0.12000000000000001
0.0791,0.1377375,4.800000000000001,0.3500000000000001,0.12000000000000001
0.07915,0.13942500000000002,4.950000000000001,0.3500000000000001,0.12000000000000001
0.0792,0.14058750000000003,5.1000000000000005,0.3500000000000001,0.115
0.07925,0.14558750000000004,5.4,0.3500000000000001,0.115
0.07930000000000001,0.14135000000000003,5.35,0.3500000000000001,0.115
0.07935,0.1410125,5.5,0.3500000000000001,0.11
0.0794,0.14030000000000004,5.6499999999999995,0.3500000000000001,0.11
0.07945,0.13895000000000002,5.799999999999999,0.3500000000000001,0.11
0.0795,0.14091250000000002,6.1,0.3500000000000001,0.11
0.07955000000000001,0.13425000000000004,6.050000000000001,0.3500000000000001,0.11
0.0796,0.13071250000000004,6.200000000000001,0.3500000000000001,0.11
0.07965,0.13238750000000002,6.500000000000001,0.3500000000000001,0.10500000000000001
0.07970000000000001,0.12592500000000004,6.45,0.3500000000000001,0.10500000000000001
0.07975,0.12786250000000002,6.75,0.3500000000000001,0.10500000000000001
0.07980000000000001,0.12125000000000002,6.75,0.3500000000000001,0.10500000000000001
0.07985,0.11830000000000002,6.750000000000001,0.34999999999999964,0.10500000000000001
0.0799,0.11598750000000002,6.699999999999998,0.39999999999999947,0.10500000000000001
0.07995000000000001,0.10755000000000002,6.699999999999998,0.39999999999999947,0.10500000000000001
0.08,0.10240000000000002,6.6499999999999995,0.39999999999999947,0.1
0.08005000000000001,0.09413750000000001,6.5,0.39999999999999947,0.1
0.0801,0.08868750000000002,6.25,0.39999999999999947,0.1
0.08015,0.08686250000000001,5.449999999999999,0.39999999999999947,0.11
0.08020000000000001,0.08086250000000002,4.9,0.39999999999999947,0.11
0.08025,0.08135000000000002,4.45,0.39999999999999947,0.12000000000000001
0.08030000000000001,0.07642500000000002,4.1499999999999995,0.39999999999999947,0.12000000000000001
0.08035,0.07543750000000002,3.8499999999999996,0.39999999999999947,0.12000000000000001
0.0804,0.07942500000000001,3.6000000000000005,0.39999999999999947,0.125
0.08045000000000001,0.07677500000000001,3.3500000000000005,0.39999999999999947,0.125
0.0805,0.08303750000000001,3.1499999999999995,0.39999999999999947,0.12999999999999998
0.08055000000000001,0.08185000000000002,2.8500000000000005,0.39999999999999947,0.12999999999999998
0.0806,0.08597500000000001,2.6500000000000004,0.39999999999999947,0.12999999999999998
0.08065,0.09561250000000002,2.75,0.39999999999999947,0.12999999999999998
0.08070000000000001,0.09473750000000002,2.75,0.39999999999999947,0.12999999999999998
0.08075,0.10458750000000001,3.05,0.39999999999999947,0.12999999999999998
0.08080000000000001,0.10355000000000002,3.05,0.39999999999999947,0.12999999999999998
0.08085,0.10768750000000002,3.2,0.39999999999999947,0.12999999999999998
0.0809,0.11682500000000003,3.5,0.39999999999999947,0.12999999999999998
0.08095000000000001,0.11530000000000003,3.5,0.39999999999999947,0.12999999999999998
0.081,0.12383750000000002,3.6999999999999997,0.39999999999999947,0.12999999999999998
0.08105,0.12178750000000002,3.6999999999999997,0.39999999999999947,0.12999999999999998
0.0811,0.12486250000000003,3.85,0.39999999999999947,0.12999999999999998
0.08115,0.13262500000000002,4.15,0.39999999999999947,0.12999999999999998
0.08120000000000001,0.13023750000000003,4.15,0.39999999999999947,0.12999999999999998
0.08125,0.13743750000000002,4.449999999999999,0.39999999999999947,0.125
0.0813,0.13443750000000002,4.449999999999999,0.39999999999999947,0.125
0.08135,0.13627500000000003,4.550000000000001,0.39999999999999947,0.125
0.0814,0.14260000000000003,4.85,0.39999999999999947,0.12000000000000001
0.08145000000000001,0.13913750000000003,4.85,0.39999999999999947,0.12000000000000001
0.0815,0.14527500000000002,5.15,0.34999999999999964,0.12000000000000001
0.08155,0.14181250000000004,5.15,0.34999999999999964,0.115
0.0816,0.14232500000000003,5.249999999999999,0.34999999999999964,0.115
0.08165,0.14713750000000003,5.55,0.34999999999999964,0.115
0.08170000000000001,0.14213750000000003,5.55,0.34999999999999964,0.11
0.08175,0.14613750000000003,5.8500000000000005,0.34999999999999964,0.11
0.0818,0.14046250000000002,5.8500000000000005,0.34999999999999964,0.11
0.08185,0.13808750000000003,5.95,0.34999999999999964,0.11
0.0819,0.13990000000000002,6.25,0.34999999999999964,0.11
0.08195000000000001,0.13165000000000002,6.25,0.34999999999999964,0.11
0.082,0.13306250000000003,6.500000000000001,0.34999999999999964,0.10500000000000001
0.08205,0.12621250000000003,6.500000000000001,0.34999999999999964,0.10500000000000001
0.0821,0.12393750000000002,6.6499999999999995,0.34999999999999964,0.10500000000000001
0.08215,0.12372500000000003,6.65,0.40000000000000036,0.10500000000000001
0.08220000000000001,0.11697500000000002,6.65,0.40000000000000036,0.10500000000000001
0.08225,0.11401250000000002,6.6,0.40000000000000036,0.10500000000000001
0.0823,0.10572500000000001,6.499999999999999,0.40000000000000036,0.10500000000000001
0.08235,0.09848750000000002,6.449999999999999,0.40000000000000036,0.1
0.0824,0.09490000000000001,6.399999999999999,0.40000000000000036,0.10500000000000001
0.08245000000000001,0.08738750000000002,6.1,0.40000000000000036,0.10500000000000001
0.0825,0.08347500000000002,5.249999999999999,0.40000000000000036,0.11
0.08255,0.08070000000000002,4.749999999999999,0.40000000000000036,0.115
0.0826,0.07860000000000002,4.299999999999999,0.40000000000000036,0.12000000000000001
0.08265,0.08080000000000001,3.9499999999999993,0.40000000000000036,0.125
0.08270000000000001,0.07727500000000001,3.6999999999999993,0.40000000000000036,0.125
0.08275,0.07827500000000001,3.4499999999999993,0.40000000000000036,0.125
0.0828,0.08462500000000002,3.1500000000000004,0.40000000000000036,0.12999999999999998
0.08285000000000001,0.08322500000000002,2.95,0.40000000000000036,0.12999999999999998
0.0829,0.09237500000000001,2.7,0.40000000000000036,0.12999999999999998
0.08295000000000001,0.09166250000000002,2.6500000000000004,0.40000000000000036,0.12999999999999998
0.083,0.09612500000000002,2.750000000000001,0.40000000000000036,0.12999999999999998
0.08305,0.10570000000000002,3.0500000000000007,0.40000000000000036,0.12999999999999998
0.08310000000000001,0.10470000000000002,3.0500000000000007,0.40000000000000036,0.12999999999999998
0.08315,0.11422500000000002,3.3500000000000005,0.40000000000000036,0.12999999999999998
0.08320000000000001,0.11298750000000002,3.3,0.40000000000000036,0.12999999999999998
0.08325,0.11668750000000003,3.45,0.40000000000000036,0.12999999999999998
0.0833,0.12507500000000002,3.75,0.40000000000000036,0.12999999999999998
0.08335000000000001,0.12316250000000002,3.75,0.40000000000000036,0.12999999999999998
0.0834,0.13123750000000003,4.05,0.40000000000000036,0.12999999999999998
0.08345000000000001,0.12905000000000003,4.05,0.40000000000000036,0.12999999999999998
0.0835,0.13163750000000002,4.199999999999999,0.40000000000000036,0.12999999999999998
0.08355,0.13886250000000003,4.5,0.40000000000000036,0.125
0.08360000000000001,0.13568750000000002,4.450000000000001,0.40000000000000036,0.125
0.08365,0.14255000000000004,4.75,0.40000000000000036,0.125
0.08370000000000001,0.13943750000000002,4.75,0.40000000000000036,0.12000000000000001
0.08375,0.14041250000000002,4.9,0.40000000000000036,0.12000000000000001
0.0838,0.14652500000000002,5.200000000000001,0.3500000000000001,0.12000000000000001
0.08385000000000001,0.14323750000000002,5.200000000000001,0.3500000000000001,0.115
0.0839,0.14818750000000003,5.45,0.3500000000000001,0.115
0.08395000000000001,0.14390000000000003,5.45,0.3500000000000001,0.115
0.084,0.14338750000000003,5.6,0.3500000000000001,0.115
0.08405,0.14745000000000003,5.9,0.3500000000000001,0.11
0.08410000000000001,0.14213750000000003,5.850000000000001,0.3500000000000001,0.11
0.08415,0.14451250000000002,6.15,0.3500000000000001,0.11
0.08420000000000001,0.13767500000000002,6.15,0.3500000000000001,0.11
0.08425,0.13358750000000003,6.300000000000001,0.3500000000000001,0.11
0.0843,0.13391250000000002,6.499999999999998,0.3500000000000001,0.10500000000000001
0.08435000000000001,0.12682500000000002,6.499999999999998,0.3500000000000001,0.10500000000000001
0.0844,0.12705000000000002,6.599999999999999,0.3999999999999999,0.10500000000000001
0.08445,0.12075000000000002,6.55,0.3999999999999999,0.10500000000000001
0.0845,0.11642500000000001,6.5,0.3999999999999999,0.10500000000000001
0.08455,0.11357500000000002,6.450000000000001,0.3999999999999999,0.10500000000000001
0.08460000000000001,0.10538750000000002,6.4,0.3999999999999999,0.10500000000000001
0.08465,0.10060000000000002,6.35,0.3999999999999999,0.10500000000000001
0.0847,0.09230000000000002,6.300000000000001,0.3999999999999999,0.10500000000000001
0.08475,0.08746250000000001,6.049999999999999,0.3999999999999999,0.11
0.0848,0.08710000000000001,5.25,0.3999999999999999,0.12000000000000001
0.08485000000000001,0.08150000000000002,4.65,0.3999999999999999,0.12000000000000001
0.0849,0.08302500000000002,4.25,0.3999999999999999,0.125
0.08495,0.07915000000000001,3.85,0.3999999999999999,0.125
0.085,0.07975000000000002,3.5500000000000003,0.3999999999999999,0.125
0.08505,0.08552500000000002,3.3000000000000003,0.3999999999999999,0.12999999999999998
0.08510000000000001,0.08390000000000002,3.0500000000000003,0.3999999999999999,0.12999999999999998
0.08515,0.09233750000000002,2.85,0.3999999999999999,0.12999999999999998
0.0852,0.09173750000000001,2.65,0.3999999999999999,0.12999999999999998
0.08525,0.09637500000000002,2.7500000000000004,0.3999999999999999,0.12999999999999998
0.0853,0.10612500000000002,3.0500000000000003,0.3999999999999999,0.135
0.08535000000000001,0.10507500000000002,3.0500000000000003,0.3999999999999999,0.135
0.0854,0.11461250000000002,3.3,0.3999999999999999,0.135
0.08545,0.11332500000000002,3.3,0.3999999999999999,0.135
0.0855,0.11720000000000003,3.45,0.3999999999999999,0.12999999999999998
0.08555,0.12586250000000002,3.75,0.3999999999999999,0.12999999999999998
0.08560000000000001,0.12381250000000002,3.75,0.3999999999999999,0.12999999999999998
0.08565,0.13190000000000002,4.05,0.3999999999999999,0.12999999999999998
0.0857,0.12976250000000003,4.05,0.3999999999999999,0.12999999999999998
0.08575,0.13247500000000004,4.199999999999999,0.3999999999999999,0.12999999999999998
0.0858,0.13987500000000003,4.45,0.3999999999999999,0.125
0.08585000000000001,0.13685000000000003,4.45,0.3999999999999999,0.125
0.0859,0.13881250000000003,4.6,0.3999999999999999,0.125
0.08595,0.14525000000000002,4.8999999999999995,0.3999999999999999,0.125
0.08600000000000001,0.14168750000000002,4.8999999999999995,0.3999999999999999,0.12000000000000001
0.08605,0.14722500000000002,5.199999999999999,0.3999999999999999,0.12000000000000001
0.08610000000000001,0.1440375,5.1499999999999995,0.3500000000000001,0.115
0.08615,0.14471250000000002,5.300000000000001,0.3500000000000001,0.115
0.0862,0.14951250000000002,5.6000000000000005,0.3500000000000001,0.115
0.08625000000000001,0.14467500000000003,5.6000000000000005,0.3500000000000001,0.115
0.0863,0.14897500000000002,5.85,0.3500000000000001,0.11
0.08635000000000001,0.14371250000000002,5.799999999999999,0.3500000000000001,0.11
0.0864,0.14242500000000002,5.949999999999999,0.3500000000000001,0.11
0.08645,0.14440000000000003,6.25,0.3500000000000001,0.11
0.08650000000000001,0.13732500000000003,6.25,0.3500000000000001,0.11
0.08655,0.13621250000000001,6.5,0.3500000000000001,0.11
0.08660000000000001,0.12888750000000002,6.5,0.3500000000000001,0.10500000000000001
0.08665,0.12480000000000002,6.5,0.4500000000000002,0.10500000000000001
0.0867,0.12320000000000002,6.3999999999999995,0.3999999999999999,0.10500000000000001
0.08675000000000001,0.11687500000000002,6.3999999999999995,0.3999999999999999,0.10500000000000001
0.0868,0.11433750000000002,6.35,0.3999999999999999,0.10500000000000001
0.08685000000000001,0.10662500000000003,6.35,0.3999999999999999,0.10500000000000001
0.0869,0.09977500000000002,6.299999999999999,0.3999999999999999,0.10500000000000001
0.08695,0.09655000000000001,6.199999999999999,0.3999999999999999,0.115
0.08700000000000001,0.08882500000000002,6.05,0.3999999999999999,0.115
0.08705,0.08843750000000002,5.4,0.3999999999999999,0.12000000000000001
0.08710000000000001,0.08285000000000002,4.700000000000001,0.3999999999999999,0.12000000000000001
0.08715,0.08143750000000001,4.250000000000001,0.3999999999999999,0.125
0.0872,0.08506250000000001,3.8500000000000005,0.3999999999999999,0.12999999999999998
0.08725000000000001,0.08218750000000001,3.500000000000001,0.3999999999999999,0.12999999999999998
0.0873,0.08855000000000002,3.250000000000001,0.3999999999999999,0.12999999999999998
0.08735000000000001,0.08703750000000002,3.000000000000001,0.3999999999999999,0.12999999999999998
0.0874,0.09125000000000001,2.8000000000000007,0.3999999999999999,0.12999999999999998
0.08745,0.10098750000000002,2.8500000000000005,0.3999999999999999,0.135
0.08750000000000001,0.10001250000000002,2.8500000000000005,0.3999999999999999,0.135
0.08755,0.10985000000000002,3.1500000000000004,0.3999999999999999,0.135
0.0876,0.10883750000000002,3.0999999999999996,0.3999999999999999,0.135
0.08765,0.11290000000000001,3.25,0.3999999999999999,0.135
0.0877,0.12210000000000003,3.55,0.3999999999999999,0.135
0.08775000000000001,0.12056250000000002,3.55,0.3999999999999999,0.135
0.0878,0.12888750000000002,3.8499999999999996,0.3999999999999999,0.12999999999999998
0.08785,0.12680000000000002,3.8499999999999996,0.3999999999999999,0.12999999999999998
0.0879,0.12978750000000003,4.0,0.3999999999999999,0.12999999999999998
0.08795,0.13780000000000003,4.250000000000001,0.3999999999999999,0.12999999999999998
0.08800000000000001,0.13523750000000004,4.250000000000001,0.3999999999999999,0.12999999999999998
0.08805,0.14255000000000004,4.550000000000001,0.3999999999999999,0.125
0.0881,0.13938750000000003,4.550000000000001,0.3999999999999999,0.125
0.08815,0.14111250000000003,4.700000000000001,0.3999999999999999,0.125
0.0882,0.14745000000000003,5.000000000000001,0.3999999999999999,0.12000000000000001
0.08825000000000001,0.14356250000000004,5.000000000000001,0.3999999999999999,0.12000000000000001
0.0883,0.14926250000000002,5.249999999999998,0.3999999999999999,0.12000000000000001
0.08835,0.14578750000000001,5.249999999999998,0.3999999999999999,0.115
0.0884,0.14588750000000003,5.399999999999999,0.3500000000000001,0.115
0.08845,0.15095000000000003,5.699999999999999,0.3500000000000001,0.115
0.08850000000000001,0.14586250000000003,5.699999999999999,0.3500000000000001,0.115
0.08855,0.15022500000000003,5.949999999999999,0.3500000000000001,0.11
0.0886,0.14483750000000004,5.949999999999999,0.3500000000000001,0.11
0.08865,0.14333750000000003,6.1,0.3500000000000001,0.11
0.0887,0.14467500000000003,6.35,0.3500000000000001,0.11
0.08875000000000001,0.13696250000000001,6.300000000000001,0.3500000000000001,0.11
0.0888,0.13391250000000002,6.4,0.4500000000000002,0.10500000000000001
0.08885,0.1264125,6.3500000000000005,0.4500000000000002,0.10500000000000001
0.0889,0.12213750000000002,6.3,0.4500000000000002,0.10500000000000001
0.08895,0.12001250000000002,6.3,0.40000000000000036,0.10500000000000001
0.08900000000000001,0.11338750000000002,6.25,0.40000000000000036,0.10500000000000001
0.08905,0.10843750000000002,6.25,0.40000000000000036,0.10500000000000001
0.0891,0.10560000000000001,6.2,0.40000000000000036,0.11
0.08915000000000001,0.09641250000000001,6.1499999999999995,0.40000000000000036,0.11
0.0892,0.09473750000000002,6.0,0.40000000000000036,0.12000000000000001
0.08925000000000001,0.08773750000000001,5.75,0.40000000000000036,0.12000000000000001
0.0893,0.08497500000000001,4.8999999999999995,0.40000000000000036,0.12000000000000001
0.08935,0.08720000000000001,4.3500000000000005,0.40000000000000036,0.125
0.08940000000000001,0.08337500000000002,3.95,0.40000000000000036,0.125
0.08945,0.08867500000000002,3.5999999999999996,0.40000000000000036,0.12999999999999998
0.08950000000000001,0.08657500000000001,3.25,0.40000000000000036,0.12999999999999998
0.08955,0.08963750000000002,3.05,0.40000000000000036,0.12999999999999998
0.0896,0.09900000000000002,2.8,0.40000000000000036,0.135
0.08965000000000001,0.09825000000000002,2.8,0.40000000000000036,0.135
0.0897,0.10840000000000002,3.0500000000000007,0.40000000000000036,0.135
0.08975000000000001,0.10730000000000002,3.0500000000000007,0.40000000000000036,0.135
0.0898,0.11152500000000003,3.2,0.40000000000000036,0.135
0.08985,0.12087500000000002,3.45,0.40000000000000036,0.135
0.08990000000000001,0.11948750000000002,3.45,0.40000000000000036,0.135
0.08995,0.12812500000000002,3.75,0.40000000000000036,0.135
0.09000000000000001,0.12606250000000002,3.75,0.40000000000000036,0.12999999999999998
0.09005,0.12930000000000003,3.9000000000000004,0.40000000000000036,0.12999999999999998
0.0901,0.13733750000000003,4.15,0.40000000000000036,0.12999999999999998
0.09015000000000001,0.13503750000000003,4.15,0.40000000000000036,0.12999999999999998
0.0902,0.14246250000000002,4.449999999999999,0.40000000000000036,0.12999999999999998
0.09025000000000001,0.1395,4.449999999999999,0.40000000000000036,0.125
0.0903,0.14136250000000003,4.6,0.40000000000000036,0.125
0.09035,0.14793750000000003,4.9,0.40000000000000036,0.125
0.09040000000000001,0.14462500000000003,4.85,0.40000000000000036,0.12000000000000001
0.09045,0.15012500000000004,5.15,0.40000000000000036,0.12000000000000001
0.09050000000000001,0.14632500000000004,5.15,0.40000000000000036,0.12000000000000001
0.09055,0.14706250000000004,5.300000000000001,0.40000000000000036,0.115
0.0906,0.15182500000000002,5.6,0.3500000000000001,0.115
0.09065000000000001,0.14766250000000003,5.6,0.3500000000000001,0.115
0.0907,0.15167500000000003,5.85,0.3500000000000001,0.11
0.09075000000000001,0.14678750000000002,5.85,0.3500000000000001,0.11
0.0908,0.14582500000000004,6.0,0.3500000000000001,0.11
0.09085,0.14855000000000002,6.3,0.3500000000000001,0.11
0.09090000000000001,0.14136250000000003,6.25,0.3500000000000001,0.11
0.09095,0.14021250000000002,6.25,0.44999999999999973,0.11
0.091,0.13101250000000003,6.25,0.44999999999999973,0.10500000000000001
0.09105,0.12456250000000002,6.199999999999999,0.44999999999999973,0.10500000000000001
0.0911,0.12210000000000003,6.199999999999999,0.44999999999999973,0.10500000000000001
0.09115000000000001,0.11571250000000002,6.199999999999999,0.39999999999999947,0.10500000000000001
0.0912,0.11362500000000002,6.15,0.39999999999999947,0.11
0.09125,0.10666250000000002,6.050000000000001,0.39999999999999947,0.11
0.0913,0.10167500000000002,6.050000000000001,0.39999999999999947,0.115
0.09135,0.09885000000000002,6.000000000000001,0.39999999999999947,0.12000000000000001
0.09140000000000001,0.09130000000000002,5.900000000000001,0.39999999999999947,0.12000000000000001
0.09145,0.09133750000000002,5.450000000000001,0.39999999999999947,0.125
0.0915,0.08623750000000002,4.700000000000001,0.39999999999999947,0.125
0.09155,0.08560000000000001,4.150000000000001,0.39999999999999947,0.125
0.0916,0.09067500000000002,3.750000000000001,0.39999999999999947,0.12999999999999998
0.09165000000000001,0.08858750000000001,3.4000000000000012,0.39999999999999947,0.12999999999999998
0.0917,0.09610000000000002,3.1000000000000005,0.39999999999999947,0.135
0.09175,0.09545000000000002,2.799999999999999,0.39999999999999947,0.135
0.0918,0.10001250000000002,2.799999999999999,0.39999999999999947,0.135
0.09185,0.11018750000000002,3.049999999999998,0.39999999999999947,0.135
0.09190000000000001,0.10897500000000002,3.049999999999998,0.39999999999999947,0.135
0.09195,0.11867500000000002,3.3499999999999988,0.39999999999999947,0.135
0.092,0.11731250000000003,3.3499999999999988,0.39999999999999947,0.135
0.09205,0.12112500000000002,3.499999999999999,0.39999999999999947,0.135
0.0921,0.12975000000000003,3.799999999999999,0.39999999999999947,0.135
0.09215000000000001,0.12773750000000003,3.799999999999999,0.39999999999999947,0.135
0.0922,0.13615000000000002,4.05,0.39999999999999947,0.12999999999999998
0.09225,0.13908750000000003,4.199999999999999,0.39999999999999947,0.12999999999999998
0.09230000000000001,0.13677500000000004,4.199999999999999,0.39999999999999947,0.12999999999999998
0.09235,0.14426250000000002,4.5,0.39999999999999947,0.12999999999999998
0.09240000000000001,0.14125000000000001,4.5,0.39999999999999947,0.125
0.09245,0.14300000000000002,4.65,0.39999999999999947,0.125
0.0925,0.14965000000000003,4.9,0.39999999999999947,0.125
0.09255000000000001,0.14625000000000002,4.9,0.39999999999999947,0.12000000000000001
0.0926,0.15192500000000003,5.200000000000001,0.39999999999999947,0.12000000000000001
0.09265000000000001,0.14786250000000004,5.200000000000001,0.39999999999999947,0.12000000000000001
0.0927,0.14826250000000002,5.3500000000000005,0.39999999999999947,0.115
0.09275,0.15313750000000004,5.65,0.39999999999999947,0.115
0.09280000000000001,0.14892500000000003,5.6,0.34999999999999964,0.115
0.09285,0.15288750000000004,5.9,0.34999999999999964,0.115
0.09290000000000001,0.14812500000000003,5.9,0.34999999999999964,0.11
0.09295,0.14713750000000003,6.05,0.34999999999999964,0.11
0.093,0.14878750000000002,6.15,0.3999999999999999,0.11
0.09305000000000001,0.14198750000000002,6.15,0.3999999999999999,0.11
0.0931,0.14040000000000002,6.15,0.4500000000000002,0.11
0.09315000000000001,0.1324625,6.15,0.4500000000000002,0.10500000000000001
0.0932,0.12357500000000002,6.1000000000000005,0.4500000000000002,0.10500000000000001
0.09325,0.12091250000000002,6.1000000000000005,0.4500000000000002,0.10500000000000001
0.09330000000000001,0.11468750000000003,6.0,0.4500000000000002,0.10500000000000001
0.09335,0.11327500000000001,6.0,0.40000000000000036,0.115
0.09340000000000001,0.10657500000000002,5.949999999999999,0.40000000000000036,0.115
0.09345,0.10197500000000002,5.949999999999999,0.40000000000000036,0.115
0.0935,0.09972500000000002,5.9,0.40000000000000036,0.125
0.09355000000000001,0.09221250000000002,5.799999999999999,0.40000000000000036,0.125
0.0936,0.09297500000000002,5.4,0.40000000000000036,0.12999999999999998
0.09365000000000001,0.08818750000000002,4.6,0.40000000000000036,0.12999999999999998
0.0937,0.08830000000000002,4.1,0.40000000000000036,0.12999999999999998
0.09375,0.09417500000000002,3.65,0.40000000000000036,0.12999999999999998
0.09380000000000001,0.09238750000000001,3.2500000000000004,0.40000000000000036,0.12999999999999998
0.09385,0.10135000000000002,2.9500000000000006,0.40000000000000036,0.135
0.09390000000000001,0.10072500000000002,2.8000000000000003,0.40000000000000036,0.135
0.09395,0.10533750000000001,2.9500000000000006,0.40000000000000036,0.135
0.094,0.11523750000000002,3.2000000000000006,0.40000000000000036,0.135
0.09405000000000001,0.11401250000000002,3.2000000000000006,0.40000000000000036,0.135
0.0941,0.12355000000000002,3.5000000000000004,0.40000000000000036,0.135
0.09415,0.12195000000000002,3.5000000000000004,0.40000000000000036,0.135
0.0942,0.12542500000000004,3.65,0.40000000000000036,0.135
0.09425,0.133975,3.9000000000000004,0.40000000000000036,0.135
0.09430000000000001,0.13203750000000003,3.9000000000000004,0.40000000000000036,0.12999999999999998
0.09435,0.14030000000000004,4.2,0.40000000000000036,0.12999999999999998
0.0944,0.13786250000000003,4.2,0.40000000000000036,0.12999999999999998
0.09445,0.14032500000000003,4.35,0.40000000000000036,0.12999999999999998
0.0945,0.14750000000000002,4.6499999999999995,0.40000000000000036,0.12999999999999998
0.09455000000000001,0.14421250000000002,4.6499999999999995,0.40000000000000036,0.125
0.0946,0.15102500000000002,4.8999999999999995,0.40000000000000036,0.125
0.09465,0.14772500000000002,4.8999999999999995,0.40000000000000036,0.125
0.0947,0.14843750000000003,5.05,0.40000000000000036,0.12000000000000001
0.09475,0.15392500000000003,5.35,0.40000000000000036,0.12000000000000001
0.09480000000000001,0.149825,5.35,0.40000000000000036,0.115
0.09485,0.15417500000000003,5.6,0.40000000000000036,0.115
0.0949,0.15001250000000002,5.6,0.3500000000000001,0.115
0.09495,0.14987500000000004,5.75,0.3500000000000001,0.115
0.095,0.15371250000000003,6.049999999999999,0.3500000000000001,0.11
0.09505000000000001,0.14845000000000003,6.049999999999999,0.3500000000000001,0.11
0.0951,0.14942500000000003,6.049999999999999,0.44999999999999973,0.11
0.09515,0.14360000000000003,6.049999999999999,0.44999999999999973,0.11
0.0952,0.13902500000000004,6.049999999999999,0.44999999999999973,0.11
0.09525,0.13607500000000003,6.049999999999999,0.44999999999999973,0.11
0.09530000000000001,0.12697500000000003,5.949999999999999,0.44999999999999973,0.10500000000000001
0.09535,0.12190000000000002,5.949999999999999,0.44999999999999973,0.11
0.0954,0.11776250000000002,5.8999999999999995,0.44999999999999973,0.115
0.09545000000000001,0.11137500000000002,5.8999999999999995,0.44999999999999973,0.115
0.0955,0.11070000000000002,5.85,0.44999999999999973,0.12000000000000001
0.09555000000000001,0.10360000000000003,5.85,0.3999999999999999,0.12000000000000001
0.0956,0.09888750000000002,5.8,0.3999999999999999,0.125
0.09565,0.09773750000000002,5.699999999999999,0.3999999999999999,0.125
0.09570000000000001,0.09152500000000002,5.5,0.3999999999999999,0.125
0.09575,0.09468750000000002,4.65,0.3999999999999999,0.12999999999999998
0.09580000000000001,0.09122500000000001,4.050000000000001,0.3999999999999999,0.12999999999999998
0.09585,0.09318750000000002,3.6000000000000005,0.3999999999999999,0.12999999999999998
0.0959,0.10112500000000002,3.250000000000001,0.3999999999999999,0.135
0.09595000000000001,0.10042500000000001,2.95,0.3999999999999999,0.135
0.096,0.11036250000000002,3.0500000000000007,0.3999999999999999,0.135
0.09605000000000001,0.10952500000000003,3.0500000000000007,0.3999999999999999,0.135
0.0961,0.11410000000000002,3.2,0.3999999999999999,0.135
0.09615,0.12338750000000002,3.500000000000001,0.3999999999999999,0.135
0.09620000000000001,0.12193750000000002,3.500000000000001,0.3999999999999999,0.135
0.09625,0.13078750000000003,3.75,0.3999999999999999,0.135
0.09630000000000001,0.12898750000000003,3.75,0.3999999999999999,0.135
0.09635,0.13227500000000003,3.8999999999999995,0.3999999999999999,0.135
0.0964,0.14073750000000002,4.15,0.3999999999999999,0.12999999999999998
0.09645000000000001,0.13835000000000003,4.15,0.3999999999999999,0.12999999999999998
0.0965,0.14588750000000003,4.449999999999999,0.3999999999999999,0.12999999999999998
0.09655000000000001,0.14313750000000003,4.449999999999999,0.3999999999999999,0.12999999999999998
0.0966,0.14515000000000003,4.550000000000001,0.3999999999999999,0.125
0.09665,0.15208750000000001,4.85,0.3999999999999999,0.125
0.09670000000000001,0.14880000000000002,4.85,0.3999999999999999,0.125
0.09675,0.15463750000000004,5.15,0.3999999999999999,0.12000000000000001
0.09680000000000001,0.15055000000000002,5.15,0.3999999999999999,0.12000000000000001
0.09685,0.15125000000000002,5.300000000000001,0.3999999999999999,0.12000000000000001
0.0969,0.15607500000000002,5.550000000000001,0.3999999999999999,0.115
0.09695000000000001,0.15097500000000003,5.550000000000001,0.3999999999999999,0.115
0.097,0.15536250000000004,5.85,0.3999999999999999,0.115
0.09705000000000001,0.15057500000000001,5.85,0.3500000000000001,0.11
0.0971,0.149825,6.0,0.3500000000000001,0.11
0.09715,0.15073750000000002,5.949999999999999,0.4500000000000002,0.11
0.09720000000000001,0.14456250000000004,5.949999999999999,0.4500000000000002,0.11
0.09725,0.14280000000000004,5.8999999999999995,0.4500000000000002,0.11
0.09730000000000001,0.13595000000000002,5.85,0.4500000000000002,0.11
0.09735,0.13066250000000001,5.85,0.4500000000000002,0.10500000000000001
0.0974,0.12593750000000004,5.85,0.4500000000000002,0.11
0.09745000000000001,0.11695000000000003,5.8,0.4500000000000002,0.11
0.0975,0.11641250000000002,5.8,0.4500000000000002,0.12000000000000001
0.09755,0.10988750000000003,5.75,0.4500000000000002,0.12000000000000001
0.0976,0.10622500000000001,5.75,0.4500000000000002,0.12000000000000001
0.09765,0.10541250000000002,5.699999999999999,0.4500000000000002,0.125
0.09770000000000001,0.09766250000000001,5.6499999999999995,0.4500000000000002,0.125
0.09775,0.09866250000000001,5.5,0.3999999999999999,0.12999999999999998
0.0978,0.09367500000000002,4.8999999999999995,0.3999999999999999,0.12999999999999998
0.09785,0.09413750000000001,4.2,0.3999999999999999,0.12999999999999998
0.0979,0.10086250000000002,3.7,0.3999999999999999,0.135
0.09795000000000001,0.09932500000000002,3.3,0.3999999999999999,0.135
0.098,0.10895000000000002,3.0,0.3999999999999999,0.135
0.09805,0.10811250000000001,3.0,0.3999999999999999,0.135
0.0981,0.11275000000000002,3.1500000000000004,0.3999999999999999,0.135
0.09815,0.12257500000000002,3.4000000000000004,0.3999999999999999,0.135
0.09820000000000001,0.12107500000000002,3.35,0.3999999999999999,0.135
0.09825,0.13032500000000002,3.65,0.3999999999999999,0.135
0.0983,0.12852500000000003,3.65,0.3999999999999999,0.135
0.09835,0.13192500000000001,3.8000000000000003,0.3999999999999999,0.135
0.0984,0.14045000000000002,4.1,0.3999999999999999,0.135
0.09845000000000001,0.13810000000000003,4.1,0.3999999999999999,0.12999999999999998
0.0985,0.14610000000000004,4.4,0.3999999999999999,0.12999999999999998
0.09855,0.14862500000000003,4.549999999999999,0.3999999999999999,0.12999999999999998
0.09860000000000001,0.14575000000000002,4.5,0.3999999999999999,0.12999999999999998
0.09865,0.15276250000000002,4.799999999999999,0.3999999999999999,0.125
0.09870000000000001,0.14963750000000003,4.799999999999999,0.3999999999999999,0.125
0.09875,0.15572500000000003,5.1,0.3999999999999999,0.125
0.0988,0.15663750000000004,5.25,0.3999999999999999,0.12000000000000001
0.09885000000000001,0.15247500000000003,5.25,0.3999999999999999,0.12000000000000001
0.0989,0.15793750000000004,5.5,0.3999999999999999,0.115
0.09895000000000001,0.15268750000000003,5.5,0.3999999999999999,0.115
0.099,0.15246250000000003,5.65,0.3999999999999999,0.115
0.09905,0.15602500000000002,5.9,0.3999999999999999,0.115
0.09910000000000001,0.15120000000000003,5.9,0.3500000000000001,0.11
0.09915,0.15180000000000002,5.8500000000000005,0.4500000000000002,0.11
0.09920000000000001,0.14658750000000004,5.8,0.4500000000000002,0.11
0.09925,0.14307500000000004,5.8,0.4500000000000002,0.11
0.0993,0.14107500000000003,5.8,0.4500000000000002,0.11
0.09935000000000001,0.13376250000000003,5.75,0.4500000000000002,0.11
0.0994,0.13157500000000003,5.75,0.4500000000000002,0.11
0.09945000000000001,0.12277500000000002,5.75,0.4500000000000002,0.11
0.0995,0.11605000000000003,5.7,0.4500000000000002,0.115
0.09955,0.11617500000000003,5.7,0.4500000000000002,0.125
0.09960000000000001,0.10966250000000002,5.65,0.4500000000000002,0.125
0.09965,0.10977500000000003,5.6,0.4500000000000002,0.12999999999999998
0.09970000000000001,0.10308750000000001,5.550000000000001,0.4500000000000002,0.12999999999999998
0.09975,0.09945000000000002,5.45,0.4500000000000002,0.12999999999999998
0.0998,0.10116250000000002,5.300000000000001,0.4500000000000002,0.12999999999999998
0.09985000000000001,0.09685000000000002,4.550000000000001,0.4500000000000002,0.12999999999999998
0.0999,0.10335000000000003,3.95,0.40000000000000036,0.135
0.09995000000000001,0.10167500000000002,3.5,0.40000000000000036,0.135
0.1,0.10585000000000001,3.0999999999999996,0.40000000000000036,0.135
0.10005,0.11586250000000002,3.2,0.40000000000000036,0.135
0.10010000000000001,0.11495000000000002,3.2,0.40000000000000036,0.135
0.10015,0.12466250000000002,3.4000000000000004,0.40000000000000036,0.135
0.10020000000000001,0.12337500000000003,3.4000000000000004,0.40000000000000036,0.135
0.10025,0.12706250000000002,3.5500000000000007,0.40000000000000036,0.135
0.1003,0.135975,3.8500000000000005,0.40000000000000036,0.135
0.10035000000000001,0.1339625,3.8500000000000005,0.40000000000000036,0.135
0.1004,0.14238750000000003,4.15,0.40000000000000036,0.135
0.10045000000000001,0.14005000000000004,4.15,0.40000000000000036,0.12999999999999998
0.1005,0.14296250000000002,4.300000000000001,0.40000000000000036,0.12999999999999998
0.10055,0.15062500000000004,4.55,0.40000000000000036,0.12999999999999998
0.10060000000000001,0.14795000000000003,4.55,0.40000000000000036,0.12999999999999998
0.10065,0.15468750000000003,4.85,0.40000000000000036,0.125
0.10070000000000001,0.15153750000000002,4.85,0.40000000000000036,0.125
0.10075,0.15278750000000002,5.0,0.40000000000000036,0.125
0.1008,0.15863750000000004,5.299999999999999,0.40000000000000036,0.12000000000000001
0.10085000000000001,0.15445000000000003,5.25,0.40000000000000036,0.12000000000000001
0.1009,0.15951250000000003,5.55,0.40000000000000036,0.115
0.10095,0.15417500000000003,5.55,0.40000000000000036,0.115
0.101,0.15391250000000004,5.699999999999999,0.40000000000000036,0.115
0.10105,0.15557500000000002,5.8,0.5000000000000004,0.115
0.10110000000000001,0.15085000000000004,5.699999999999999,0.4500000000000002,0.11
0.10115,0.15088750000000004,5.699999999999999,0.4500000000000002,0.11
0.1012,0.14582500000000004,5.699999999999999,0.4500000000000002,0.11
0.10125,0.14206250000000004,5.699999999999999,0.4500000000000002,0.11
0.1013,0.14015000000000002,5.65,0.4500000000000002,0.11
0.10135000000000001,0.13331250000000003,5.65,0.4500000000000002,0.11
0.1014,0.13113750000000002,5.65,0.4500000000000002,0.115
0.10145,0.12356250000000002,5.6,0.4500000000000002,0.115
0.1015,0.11706250000000003,5.6,0.4500000000000002,0.12000000000000001
0.10155,0.11702500000000002,5.549999999999999,0.4500000000000002,0.125
0.10160000000000001,0.11112500000000002,5.5,0.4500000000000002,0.125
0.10165,0.11186250000000002,5.450000000000001,0.4500000000000002,0.12999999999999998
0.1017,0.10943750000000002,5.4,0.4500000000000002,0.12999999999999998
0.10175000000000001,0.10226250000000002,5.35,0.4500000000000002,0.12999999999999998
0.1018,0.10482500000000002,5.199999999999999,0.4500000000000002,0.135
0.10185000000000001,0.10118750000000001,4.4,0.4500000000000002,0.135
0.1019,0.10818750000000002,3.7999999999999994,0.4500000000000002,0.135
0.10195,0.11207500000000002,3.35,0.4500000000000002,0.135
0.10200000000000001,0.11136250000000002,3.0500000000000003,0.3999999999999999,0.135
0.10205,0.12161250000000003,3.3000000000000003,0.3999999999999999,0.135
0.10210000000000001,0.12058750000000003,3.3000000000000003,0.3999999999999999,0.135
0.10215,0.13006250000000003,3.6,0.3999999999999999,0.135
0.1022,0.13372500000000004,3.7499999999999996,0.3999999999999999,0.135
0.10225000000000001,0.13192500000000001,3.7499999999999996,0.3999999999999999,0.135
0.1023,0.1405125,4.0,0.3999999999999999,0.135
0.10235000000000001,0.13841250000000002,4.0,0.3999999999999999,0.135
0.1024,0.14161250000000003,4.15,0.3999999999999999,0.12999999999999998
0.10245,0.14448750000000002,4.25,0.3999999999999999,0.12999999999999998
0.10250000000000001,0.14721250000000002,4.3999999999999995,0.3999999999999999,0.12999999999999998
0.10255,0.14946250000000003,4.55,0.3999999999999999,0.12999999999999998
0.10260000000000001,0.15123750000000002,4.699999999999999,0.3999999999999999,0.125
0.10265,0.15307500000000002,4.85,0.3999999999999999,0.125
0.1027,0.15438750000000004,5.0,0.3999999999999999,0.125
0.10275000000000001,0.15571250000000003,5.1,0.3999999999999999,0.12000000000000001
0.1028,0.15618750000000003,5.25,0.3999999999999999,0.12000000000000001
0.10285000000000001,0.15657500000000002,5.3999999999999995,0.3999999999999999,0.12000000000000001
0.1029,0.15603750000000002,5.55,0.3999999999999999,0.115
0.10295,0.15528750000000002,5.7,0.3999999999999999,0.115
0.10300000000000001,0.15328750000000002,5.6000000000000005,0.49999999999999956,0.115
0.10305,0.15086250000000004,5.6000000000000005,0.49999999999999956,0.11
0.10310000000000001,0.14812500000000003,5.6000000000000005,0.44999999999999973,0.11
0.10315,0.14535000000000003,5.6000000000000005,0.44999999999999973,0.11
0.1032,0.14162500000000003,5.6000000000000005,0.44999999999999973,0.11
0.10325000000000001,0.13827500000000004,5.550000000000001,0.44999999999999973,0.11
0.1033,0.1342,5.550000000000001,0.44999999999999973,0.11
0.10335000000000001,0.12990000000000002,5.5,0.44999999999999973,0.115
0.1034,0.12592500000000004,5.449999999999999,0.44999999999999973,0.12000000000000001
0.10345,0.12053750000000002,5.449999999999999,0.44999999999999973,0.125
0.10350000000000001,0.11563750000000002,5.4,0.44999999999999973,0.125
0.10355,0.11361250000000002,5.4,0.44999999999999973,0.12999999999999998
0.10360000000000001,0.11115000000000003,5.35,0.44999999999999973,0.12999999999999998
0.10365,0.10895000000000002,5.35,0.44999999999999973,0.12999999999999998
0.1037,0.10653750000000002,5.25,0.44999999999999973,0.135
0.10375000000000001,0.10481250000000002,5.1499999999999995,0.44999999999999973,0.135
0.1038,0.10538750000000002,4.449999999999999,0.44999999999999973,0.135
0.10385000000000001,0.10816250000000002,3.75,0.44999999999999973,0.135
0.1039,0.11196250000000002,3.3,0.44999999999999973,0.135
0.10395,0.11620000000000003,3.1500000000000004,0.44999999999999973,0.135
0.10400000000000001,0.12053750000000002,3.25,0.44999999999999973,0.135
0.10405,0.12496250000000002,3.3999999999999995,0.3999999999999999,0.135
0.1041,0.12903750000000003,3.55,0.3999999999999999,0.135
0.10415,0.13261250000000002,3.6999999999999993,0.3999999999999999,0.135
0.1042,0.13590000000000002,3.8499999999999996,0.3999999999999999,0.135
0.10425000000000001,0.13921250000000002,4.0,0.3999999999999999,0.135
0.1043,0.14238750000000003,4.1,0.3999999999999999,0.135
0.10435,0.14540000000000003,4.25,0.3999999999999999,0.12999999999999998
0.1044,0.14822500000000002,4.4,0.3999999999999999,0.12999999999999998
0.10445,0.15066250000000003,4.55,0.3999999999999999,0.12999999999999998
0.10450000000000001,0.15237500000000004,4.699999999999999,0.3999999999999999,0.12999999999999998
0.10455,0.15437500000000004,4.85,0.3999999999999999,0.125
0.1046,0.15606250000000002,5.0,0.3999999999999999,0.125
0.10465,0.15727500000000003,5.1,0.3999999999999999,0.125
0.1047,0.15803750000000003,5.25,0.3999999999999999,0.12000000000000001
0.10475000000000001,0.15811250000000002,5.4,0.3999999999999999,0.12000000000000001
0.1048,0.15793750000000004,5.5,0.3999999999999999,0.115
0.10485,0.15910000000000002,5.550000000000001,0.5000000000000004,0.115
0.10490000000000001,0.15443750000000003,5.5,0.5000000000000004,0.115
0.10495,0.15146250000000003,5.5,0.5000000000000004,0.115
0.10500000000000001,0.14797500000000002,5.5,0.5000000000000004,0.11
0.10505,0.14515000000000003,5.5,0.4500000000000002,0.11
0.1051,0.14486250000000003,5.449999999999999,0.4500000000000002,0.11
0.10515000000000001,0.13896250000000002,5.3999999999999995,0.4500000000000002,0.11
0.1052,0.13555000000000003,5.3999999999999995,0.4500000000000002,0.115
0.10525000000000001,0.13206250000000003,5.3999999999999995,0.4500000000000002,0.12000000000000001
0.1053,0.12827500000000003,5.3500000000000005,0.4500000000000002,0.12000000000000001
0.10535,0.12446250000000002,5.3500000000000005,0.4500000000000002,0.125
0.10540000000000001,0.11921250000000003,5.3,0.4500000000000002,0.125
0.10545,0.11652500000000002,5.3,0.4500000000000002,0.12999999999999998
0.10550000000000001,0.11461250000000002,5.25,0.4500000000000002,0.12999999999999998
0.10555,0.11278750000000003,5.25,0.4500000000000002,0.135
0.1056,0.11126250000000001,5.2,0.4500000000000002,0.135
0.10565000000000001,0.10915000000000002,5.05,0.4500000000000002,0.135
0.1057,0.10955000000000002,4.75,0.4500000000000002,0.135
0.10575000000000001,0.11230000000000002,3.9000000000000004,0.4500000000000002,0.135
0.1058,0.11612500000000002,3.3499999999999996,0.4500000000000002,0.135
0.10585,0.12023750000000002,3.25,0.4500000000000002,0.135
0.10590000000000001,0.12452500000000002,3.3499999999999996,0.4500000000000002,0.135
0.10595,0.12815000000000001,3.5,0.4500000000000002,0.135
0.10600000000000001,0.13226250000000003,3.6499999999999995,0.4500000000000002,0.135
0.10605,0.13593750000000002,3.8,0.40000000000000036,0.135
0.1061,0.13931250000000003,3.9000000000000004,0.40000000000000036,0.135
0.10615000000000001,0.14251250000000001,4.05,0.40000000000000036,0.135
0.1062,0.14548750000000002,4.2,0.40000000000000036,0.135
0.10625000000000001,0.14848750000000002,4.35,0.40000000000000036,0.12999999999999998
0.1063,0.15117500000000003,4.5,0.40000000000000036,0.12999999999999998
0.10635,0.15326250000000002,4.6499999999999995,0.40000000000000036,0.12999999999999998
0.10640000000000001,0.15515000000000004,4.800000000000001,0.40000000000000036,0.12999999999999998
0.10645,0.15707500000000002,4.9,0.40000000000000036,0.125
0.10650000000000001,0.15847500000000003,5.050000000000001,0.40000000000000036,0.125
0.10655,0.15965000000000004,5.200000000000001,0.40000000000000036,0.12000000000000001
0.1066,0.15983750000000002,5.35,0.40000000000000036,0.12000000000000001
0.10665000000000001,0.15957500000000002,5.449999999999999,0.40000000000000036,0.12000000000000001
0.1067,0.15831250000000002,5.449999999999999,0.5,0.115
0.10675000000000001,0.15560000000000002,5.4,0.5,0.115
0.1068,0.15285000000000004,5.4,0.5,0.115
0.10685,0.14953750000000002,5.4,0.5,0.115
0.10690000000000001,0.14597500000000002,5.35,0.5,0.11
0.10695,0.14317500000000002,5.300000000000001,0.5,0.11
0.10700000000000001,0.14092500000000002,5.300000000000001,0.4500000000000002,0.11
0.10705,0.13757500000000003,5.300000000000001,0.4500000000000002,0.115
0.1071,0.13457500000000003,5.300000000000001,0.4500000000000002,0.12000000000000001
0.10715000000000001,0.13157500000000003,5.25,0.4500000000000002,0.125
0.1072,0.12815000000000001,5.25,0.4500000000000002,0.125
0.10725000000000001,0.12500000000000003,5.25,0.4500000000000002,0.12999999999999998
0.1073,0.12075000000000002,5.199999999999999,0.4500000000000002,0.12999999999999998
0.10735,0.11858750000000003,5.199999999999999,0.4500000000000002,0.12999999999999998
0.10740000000000001,0.11713750000000002,5.15,0.4500000000000002,0.135
0.10745,0.11600000000000002,5.050000000000001,0.4500000000000002,0.135
0.1075,0.11512500000000002,5.0,0.4500000000000002,0.135
0.10755,0.11401250000000002,4.9,0.4500000000000002,0.135
0.1076,0.11600000000000002,4.300000000000001,0.4500000000000002,0.135
0.10765000000000001,0.11943750000000002,3.5999999999999996,0.4500000000000002,0.135
0.1077,0.12363750000000003,3.3,0.4500000000000002,0.135
0.10775,0.12743750000000004,3.4000000000000004,0.4500000000000002,0.135
0.1078,0.13122500000000004,3.55,0.4500000000000002,0.135
0.10785,0.13490000000000002,3.7,0.4500000000000002,0.135
0.10790000000000001,0.13851250000000004,3.7999999999999994,0.4500000000000002,0.135
0.10795,0.14195000000000002,3.9499999999999993,0.3999999999999999,0.135
0.108,0.15051250000000002,4.25,0.3999999999999999,0.135
0.10805000000000001,0.14795000000000003,4.25,0.3999999999999999,0.135
0.1081,0.15088750000000004,4.3999999999999995,0.3999999999999999,0.12999999999999998
0.10815000000000001,0.15361250000000004,4.549999999999999,0.3999999999999999,0.12999999999999998
0.1082,0.15552500000000002,4.699999999999999,0.3999999999999999,0.12999999999999998
0.10825,0.16248750000000003,4.949999999999999,0.3999999999999999,0.12999999999999998
0.10830000000000001,0.15948750000000003,4.949999999999999,0.3999999999999999,0.125
0.10835,0.16065000000000004,5.1,0.3999999999999999,0.125
0.10840000000000001,0.16136250000000002,5.25,0.3999999999999999,0.12000000000000001
0.10845,0.16125000000000003,5.35,0.3999999999999999,0.12000000000000001
0.1085,0.16275000000000003,5.35,0.49999999999999956,0.12000000000000001
0.10855000000000001,0.15786250000000002,5.300000000000001,0.49999999999999956,0.115
0.1086,0.15500000000000003,5.300000000000001,0.49999999999999956,0.115
0.10865000000000001,0.15196250000000003,5.250000000000001,0.49999999999999956,0.115
0.1087,0.14856250000000001,5.250000000000001,0.49999999999999956,0.115
0.10875,0.14518750000000002,5.250000000000001,0.49999999999999956,0.11
0.10880000000000001,0.14233750000000003,5.2,0.49999999999999956,0.115
0.10885,0.14040000000000002,5.2,0.44999999999999973,0.115
0.10890000000000001,0.13752500000000004,5.2,0.44999999999999973,0.12000000000000001
0.10895,0.13470000000000001,5.15,0.44999999999999973,0.125
0.109,0.13201250000000003,5.15,0.44999999999999973,0.125
0.10905000000000001,0.1294375,5.15,0.44999999999999973,0.12999999999999998
0.1091,0.1271625,5.1000000000000005,0.44999999999999973,0.12999999999999998
0.10915000000000001,0.12426250000000003,5.050000000000001,0.44999999999999973,0.12999999999999998
0.1092,0.12143750000000002,5.0,0.44999999999999973,0.135
0.10925,0.12056250000000002,5.0,0.44999999999999973,0.135
0.10930000000000001,0.12010000000000003,4.949999999999999,0.44999999999999973,0.135
0.10935,0.11977500000000002,4.9,0.44999999999999973,0.135
0.10940000000000001,0.11937500000000002,4.75,0.44999999999999973,0.135
0.10945,0.12216250000000002,4.050000000000001,0.44999999999999973,0.135
0.1095,0.1259,3.4499999999999997,0.44999999999999973,0.135
0.10955000000000001,0.12971250000000004,3.4499999999999997,0.44999999999999973,0.135
0.1096,0.13345,3.5500000000000003,0.44999999999999973,0.135
0.10965000000000001,0.137225,3.7000000000000006,0.44999999999999973,0.135
0.1097,0.14078750000000004,3.85,0.44999999999999973,0.135
0.10975,0.14402500000000001,4.0,0.44999999999999973,0.135
0.10980000000000001,0.14698750000000002,4.15,0.44999999999999973,0.135
0.10985,0.14985000000000004,4.300000000000001,0.39999999999999947,0.135
0.10990000000000001,0.15270000000000003,4.450000000000001,0.39999999999999947,0.12999999999999998
0.10995,0.15536250000000004,4.6,0.39999999999999947,0.12999999999999998
0.11,0.15762500000000002,4.700000000000001,0.39999999999999947,0.12999999999999998
0.11005000000000001,0.15951250000000003,4.85,0.39999999999999947,0.12999999999999998
0.1101,0.16127500000000003,4.950000000000001,0.39999999999999947,0.125
0.11015000000000001,0.16232500000000002,5.100000000000001,0.39999999999999947,0.125
0.1102,0.16305000000000003,5.25,0.39999999999999947,0.12000000000000001
0.11025,0.16200000000000003,5.25,0.5,0.12000000000000001
0.11030000000000001,0.16021250000000004,5.2,0.5,0.12000000000000001
0.11035,0.15797500000000003,5.1499999999999995,0.5,0.115
0.11040000000000001,0.15480000000000002,5.1499999999999995,0.5,0.115
0.11045,0.15195000000000003,5.1499999999999995,0.5,0.115
0.1105,0.14857500000000004,5.1499999999999995,0.5,0.115
0.11055000000000001,0.14536250000000003,5.1,0.5,0.115
0.1106,0.14287500000000003,5.1,0.5,0.115
0.11065000000000001,0.14013750000000003,5.1,0.5,0.12000000000000001
0.1107,0.13801250000000004,5.1,0.4500000000000002,0.125
0.11075,0.13563750000000002,5.049999999999999,0.4500000000000002,0.125
0.11080000000000001,0.13352500000000003,5.049999999999999,0.4500000000000002,0.12999999999999998
0.11085,0.1316875,5.0,0.4500000000000002,0.12999999999999998
0.1109,0.13392500000000002,4.949999999999999,0.4500000000000002,0.135
0.11095000000000001,0.12823750000000003,4.949999999999999,0.4500000000000002,0.135
0.111,0.12537500000000001,4.8999999999999995,0.4500000000000002,0.135
0.11105000000000001,0.12476250000000003,4.8999999999999995,0.4500000000000002,0.135
0.1111,0.12462500000000003,4.85,0.4500000000000002,0.135
0.11115,0.129675,4.8,0.4500000000000002,0.135
0.11120000000000001,0.12493750000000002,4.699999999999999,0.4500000000000002,0.135
0.11125,0.12777500000000003,4.1,0.4500000000000002,0.13999999999999996
0.11130000000000001,0.13137500000000002,3.45,0.4500000000000002,0.13999999999999996
0.11135,0.13508750000000003,3.5500000000000007,0.4500000000000002,0.135
0.1114,0.14432500000000004,3.8500000000000005,0.4500000000000002,0.135
0.11145000000000001,0.14236250000000003,3.8500000000000005,0.4500000000000002,0.135
0.1115,0.14562500000000003,4.0,0.4500000000000002,0.135
0.11155000000000001,0.14892500000000003,4.15,0.4500000000000002,0.135
0.1116,0.15127500000000002,4.300000000000001,0.4500000000000002,0.135
0.11165,0.15901250000000003,4.600000000000001,0.4500000000000002,0.135
0.11170000000000001,0.15667500000000004,4.550000000000001,0.40000000000000036,0.12999999999999998
0.11175,0.15906250000000002,4.65,0.40000000000000036,0.12999999999999998
0.11180000000000001,0.16101250000000003,4.8,0.40000000000000036,0.12999999999999998
0.11185,0.16266250000000004,4.949999999999999,0.40000000000000036,0.125
0.1119,0.16792500000000002,5.15,0.4500000000000002,0.125
0.11195000000000001,0.16406250000000003,5.15,0.4500000000000002,0.125
0.112,0.16285000000000002,5.1,0.5,0.12000000000000001
0.11205000000000001,0.16065000000000004,5.050000000000001,0.5,0.12000000000000001
0.1121,0.15841250000000004,5.050000000000001,0.5,0.115
0.11215,0.15542500000000004,5.050000000000001,0.5,0.115
0.11220000000000001,0.15252500000000002,5.050000000000001,0.5,0.115
0.11225,0.14937500000000004,5.050000000000001,0.5,0.115
0.11230000000000001,0.14670000000000002,5.0,0.5,0.115
0.11235,0.14400000000000002,5.0,0.5,0.12000000000000001
0.1124,0.14105000000000004,5.0,0.5,0.125
0.11245000000000001,0.13967500000000002,4.950000000000001,0.5,0.125
0.1125,0.1374875,4.9,0.4499999999999993,0.12999999999999998
0.11255000000000001,0.13568750000000002,4.9,0.4499999999999993,0.12999999999999998
0.1126,0.1344625,4.9,0.4499999999999993,0.12999999999999998
0.11265,0.13345,4.85,0.4499999999999993,0.135
0.11270000000000001,0.13233750000000002,4.85,0.4499999999999993,0.135
0.11275,0.13108750000000002,4.800000000000001,0.4499999999999993,0.135
0.11280000000000001,0.12911250000000002,4.800000000000001,0.4499999999999993,0.135
0.11285,0.1291875,4.75,0.4499999999999993,0.135
0.1129,0.129925,4.700000000000001,0.4499999999999993,0.13999999999999996
0.11295000000000001,0.13066250000000001,4.6000000000000005,0.4499999999999993,0.13999999999999996
0.113,0.13253750000000003,4.3999999999999995,0.4499999999999993,0.13999999999999996
0.11305000000000001,0.13593750000000002,3.55,0.4499999999999993,0.13999999999999996
0.1131,0.13966250000000002,3.6500000000000004,0.4499999999999993,0.135
0.11315,0.14332500000000004,3.8,0.4499999999999993,0.135
0.11320000000000001,0.14667500000000003,3.95,0.4499999999999993,0.135
0.11325,0.14992500000000003,4.1,0.4499999999999993,0.135
0.11330000000000001,0.15301250000000002,4.25,0.4499999999999993,0.135
0.11335,0.15540000000000004,4.3999999999999995,0.4499999999999993,0.135
0.1134,0.15786250000000002,4.5,0.4499999999999993,0.12999999999999998
0.11345000000000001,0.16011250000000002,4.65,0.4499999999999993,0.12999999999999998
0.1135,0.16206250000000003,4.75,0.39999999999999947,0.12999999999999998
0.11355000000000001,0.16378750000000003,4.9,0.39999999999999947,0.12999999999999998
0.1136,0.16502500000000003,5.049999999999999,0.39999999999999947,0.125
0.11365,0.16492500000000004,5.0,0.4999999999999991,0.125
0.11370000000000001,0.16362500000000002,4.950000000000001,0.4999999999999991,0.12000000000000001
0.11375,0.16200000000000003,4.950000000000001,0.4999999999999991,0.12000000000000001
0.11380000000000001,0.15931250000000002,4.950000000000001,0.4999999999999991,0.12000000000000001
0.11385,0.15721250000000003,4.950000000000001,0.4999999999999991,0.115
0.1139,0.15347500000000003,4.950000000000001,0.4999999999999991,0.115
0.11395000000000001,0.15135000000000004,4.9,0.4999999999999991,0.115
0.114,0.14865000000000003,4.9,0.4999999999999991,0.12000000000000001
0.11405,0.14885000000000004,4.85,0.4999999999999991,0.125
0.11410000000000001,0.14380000000000004,4.85,0.4999999999999991,0.125
0.11415,0.14122500000000002,4.85,0.4999999999999991,0.12999999999999998
0.11420000000000001,0.13923750000000001,4.8,0.4999999999999991,0.12999999999999998
0.11425,0.13842500000000002,4.8,0.4499999999999993,0.12999999999999998
0.1143,0.14108750000000003,4.8,0.4499999999999993,0.135
0.11435000000000001,0.13660000000000003,4.75,0.4499999999999993,0.135
0.1144,0.13625000000000004,4.75,0.4499999999999993,0.135
0.11445000000000001,0.13566250000000002,4.75,0.4499999999999993,0.135
0.1145,0.13476250000000004,4.7,0.4499999999999993,0.135
0.11455,0.13853750000000004,4.65,0.4499999999999993,0.13999999999999996
0.11460000000000001,0.13483750000000003,4.6,0.4499999999999993,0.13999999999999996
0.11465,0.13600000000000004,4.550000000000001,0.4499999999999993,0.13999999999999996
0.11470000000000001,0.13683750000000003,4.45,0.4499999999999993,0.13999999999999996
0.11475,0.14015000000000002,3.75,0.4499999999999993,0.13999999999999996
0.1148,0.14921250000000003,3.85,0.4499999999999993,0.13999999999999996
0.11485000000000001,0.14703750000000002,3.85,0.4499999999999993,0.135
0.1149,0.15042500000000003,4.0,0.4499999999999993,0.135
0.11495000000000001,0.15355000000000002,4.15,0.4499999999999993,0.135
0.115,0.15656250000000002,4.25,0.4499999999999993,0.135
0.11505,0.16427500000000003,4.550000000000001,0.4499999999999993,0.135
0.11510000000000001,0.16136250000000002,4.550000000000001,0.4499999999999993,0.12999999999999998
0.11515,0.16330000000000003,4.7,0.4499999999999993,0.12999999999999998
0.11520000000000001,0.16442500000000004,4.85,0.4499999999999993,0.12999999999999998
0.11525,0.16576250000000003,4.950000000000001,0.4499999999999993,0.12999999999999998
0.1153,0.16588750000000002,4.9,0.5,0.125
0.11535000000000001,0.16491250000000002,4.85,0.5,0.125
0.1154,0.16326250000000003,4.85,0.5,0.12000000000000001
0.11545000000000001,0.16098750000000003,4.85,0.5,0.12000000000000001
0.1155,0.15852500000000003,4.85,0.5,0.12000000000000001
0.11555,0.15613750000000004,4.85,0.5,0.115
0.11560000000000001,0.15337500000000004,4.75,0.5,0.115
0.11565,0.15137500000000004,4.75,0.5,0.12000000000000001
0.11570000000000001,0.14913750000000003,4.75,0.5,0.125
0.11575,0.14646250000000002,4.75,0.5,0.125
0.1158,0.14452500000000001,4.75,0.5,0.12999999999999998
0.11585000000000001,0.14222500000000002,4.699999999999999,0.5,0.12999999999999998
0.1159,0.14055000000000004,4.699999999999999,0.5,0.12999999999999998
0.11595000000000001,0.14010000000000003,4.699999999999999,0.4500000000000002,0.135
0.116,0.13960000000000003,4.65,0.4500000000000002,0.135
0.11605,0.13923750000000001,4.65,0.4500000000000002,0.135
0.11610000000000001,0.13935000000000003,4.65,0.4500000000000002,0.135
0.11615,0.13962500000000003,4.550000000000001,0.4500000000000002,0.13999999999999996
0.11620000000000001,0.13966250000000002,4.550000000000001,0.4500000000000002,0.13999999999999996
0.11625,0.13893750000000002,4.5,0.4500000000000002,0.13999999999999996
0.1163,0.14053750000000004,4.5,0.4500000000000002,0.13999999999999996
0.11635000000000001,0.1420125,4.449999999999999,0.4500000000000002,0.13999999999999996
0.1164,0.14363750000000003,4.35,0.4500000000000002,0.13999999999999996
0.11645000000000001,0.14666250000000003,3.8000000000000003,0.4500000000000002,0.13999999999999996
0.1165,0.15005000000000002,3.9,0.4500000000000002,0.135
0.11655,0.15333750000000002,4.049999999999999,0.4500000000000002,0.135
0.11660000000000001,0.15666250000000004,4.15,0.4500000000000002,0.135
0.11665,0.15948750000000003,4.299999999999999,0.4500000000000002,0.135
0.11670000000000001,0.16205000000000003,4.450000000000001,0.4500000000000002,0.135
0.11675,0.16435000000000002,4.6,0.4500000000000002,0.12999999999999998
0.1168,0.16595000000000004,4.699999999999999,0.4500000000000002,0.12999999999999998
0.11685000000000001,0.16655000000000003,4.800000000000001,0.4500000000000002,0.12999999999999998
0.1169,0.16658750000000003,4.800000000000001,0.5500000000000007,0.12999999999999998
0.11695000000000001,0.16591250000000002,4.75,0.5500000000000007,0.125
0.117,0.16455000000000003,4.75,0.5000000000000009,0.125
0.11705,0.16277500000000003,4.75,0.5000000000000009,0.12000000000000001
0.11710000000000001,0.16076250000000003,4.75,0.5000000000000009,0.12000000000000001
0.11715,0.15855000000000002,4.7,0.5000000000000009,0.12000000000000001
0.11720000000000001,0.15920000000000004,4.7,0.5000000000000009,0.12000000000000001
0.11725000000000001,0.15425000000000003,4.65,0.5000000000000009,0.12000000000000001
0.1173,0.15223750000000003,4.65,0.5000000000000009,0.125
0.11735000000000001,0.15020000000000003,4.65,0.5000000000000009,0.125
0.1174,0.14833750000000004,4.65,0.5000000000000009,0.12999999999999998
0.11745,0.14945000000000003,4.6000000000000005,0.5000000000000009,0.135
0.11750000000000001,0.14447500000000002,4.6000000000000005,0.5000000000000009,0.135
0.11755,0.14313750000000003,4.6000000000000005,0.5000000000000009,0.135
0.11760000000000001,0.14188750000000003,4.6000000000000005,0.5000000000000009,0.135
0.11765,0.14195000000000002,4.550000000000001,0.4500000000000002,0.135
0.1177,0.14650000000000002,4.5,0.4500000000000002,0.13999999999999996
0.11775000000000001,0.14313750000000003,4.5,0.4500000000000002,0.13999999999999996
0.1178,0.14385000000000003,4.449999999999999,0.4500000000000002,0.13999999999999996
0.11785000000000001,0.14417500000000003,4.449999999999999,0.4500000000000002,0.13999999999999996
0.1179,0.1447875,4.4,0.4500000000000002,0.13999999999999996
0.11795,0.15106250000000002,4.4,0.4500000000000002,0.13999999999999996
0.11800000000000001,0.14773750000000002,4.35,0.4500000000000002,0.13999999999999996
0.11805,0.14968750000000003,4.25,0.4500000000000002,0.13999999999999996
0.11810000000000001,0.15258750000000001,3.9999999999999996,0.4500000000000002,0.13999999999999996
0.11815,0.15596250000000003,4.0,0.4500000000000002,0.135
0.1182,0.16460000000000002,4.3,0.4500000000000002,0.135
0.11825000000000001,0.16216250000000004,4.3,0.4500000000000002,0.135
0.1183,0.16462500000000002,4.449999999999999,0.4500000000000002,0.135
0.11835000000000001,0.16657500000000003,4.6,0.4500000000000002,0.135
0.1184,0.16796250000000004,4.699999999999999,0.4500000000000002,0.12999999999999998
0.11845,0.17103750000000004,4.699999999999999,0.5499999999999998,0.12999999999999998
0.11850000000000001,0.16752500000000003,4.65,0.5499999999999998,0.12999999999999998
0.11855,0.16642500000000002,4.65,0.5499999999999998,0.125
0.11860000000000001,0.16467500000000004,4.65,0.5499999999999998,0.125
0.11865,0.16291250000000004,4.6,0.5499999999999998,0.125
0.1187,0.16108750000000002,4.6,0.5,0.12000000000000001
0.11875000000000001,0.15906250000000002,4.6,0.5,0.12000000000000001
0.1188,0.15771250000000003,4.550000000000001,0.5,0.12000000000000001
0.11885000000000001,0.15588750000000004,4.550000000000001,0.5,0.12000000000000001
0.1189,0.15438750000000004,4.550000000000001,0.5,0.125
0.11895,0.15272500000000003,4.550000000000001,0.5,0.12999999999999998
0.11900000000000001,0.15042500000000003,4.550000000000001,0.5,0.12999999999999998
0.11905,0.14862500000000003,4.5,0.5,0.135
0.11910000000000001,0.14751250000000002,4.5,0.5,0.135
0.11915,0.14608750000000004,4.5,0.5,0.135
0.1192,0.14465000000000003,4.45,0.5,0.135
0.11925000000000001,0.14451250000000002,4.4,0.5,0.13999999999999996
0.1193,0.14537500000000003,4.4,0.4500000000000002,0.13999999999999996
0.11935000000000001,0.14637500000000003,4.4,0.4500000000000002,0.13999999999999996
0.1194,0.14753750000000002,4.35,0.4500000000000002,0.13999999999999996
0.11945,0.14842500000000003,4.35,0.4500000000000002,0.13999999999999996
0.11950000000000001,0.14961250000000004,4.3,0.4500000000000002,0.13999999999999996
0.11955,0.15091250000000003,4.3,0.4500000000000002,0.13999999999999996
0.11960000000000001,0.15308750000000002,4.249999999999999,0.4500000000000002,0.13999999999999996
0.11965,0.15523750000000003,4.1499999999999995,0.4500000000000002,0.13999999999999996
0.1197,0.15797500000000003,4.05,0.4500000000000002,0.13999999999999996
0.11975000000000001,0.16113750000000002,4.1000000000000005,0.4500000000000002,0.135
0.1198,0.16408750000000003,4.25,0.4500000000000002,0.135
0.11985000000000001,0.16657500000000003,4.4,0.4500000000000002,0.135
0.1199,0.16851250000000004,4.55,0.4500000000000002,0.135
0.11995,0.16957500000000003,4.6,0.5,0.12999999999999998
0.12000000000000001,0.16940000000000002,4.6,0.5499999999999998,0.12999999999999998
0.12005,0.16846250000000004,4.55,0.5499999999999998,0.12999999999999998
0.12010000000000001,0.16736250000000003,4.5,0.5499999999999998,0.12999999999999998
0.12015,0.16565000000000002,4.5,0.5499999999999998,0.125
0.1202,0.16360000000000002,4.5,0.5499999999999998,0.125
0.12025000000000001,0.16155000000000003,4.5,0.5499999999999998,0.12000000000000001
0.1203,0.15970000000000004,4.5,0.5499999999999998,0.12000000000000001
0.12035000000000001,0.16146250000000004,4.449999999999999,0.5,0.125
0.12040000000000001,0.15738750000000004,4.449999999999999,0.5,0.125
0.12045,0.15612500000000004,4.449999999999999,0.5,0.125
0.12050000000000001,0.15491250000000004,4.449999999999999,0.5,0.12999999999999998
0.12055,0.15357500000000002,4.449999999999999,0.5,0.12999999999999998
0.1206,0.15673750000000003,4.4,0.5,0.135
0.12065000000000001,0.15197500000000003,4.35,0.5,0.135
0.1207,0.15008750000000004,4.35,0.5,0.135
0.12075000000000001,0.14847500000000002,4.35,0.5,0.13999999999999996
0.1208,0.14776250000000002,4.300000000000001,0.5,0.13999999999999996
0.12085,0.15241250000000003,4.300000000000001,0.5,0.13999999999999996
0.12090000000000001,0.14938750000000003,4.300000000000001,0.4500000000000002,0.13999999999999996
0.12095,0.15092500000000003,4.25,0.4500000000000002,0.13999999999999996
0.12100000000000001,0.15210000000000004,4.25,0.4500000000000002,0.13999999999999996
0.12105,0.15357500000000002,4.25,0.4500000000000002,0.13999999999999996
0.1211,0.16055000000000003,4.15,0.4500000000000002,0.13999999999999996
0.12115000000000001,0.15765000000000004,4.1,0.4500000000000002,0.13999999999999996
0.1212,0.16020000000000004,4.050000000000001,0.4500000000000002,0.13999999999999996
0.12125000000000001,0.16265000000000002,4.050000000000001,0.4500000000000002,0.13999999999999996
0.1213,0.16550000000000004,4.2,0.4500000000000002,0.135
0.12135,0.17287500000000003,4.5,0.4500000000000002,0.135
0.12140000000000001,0.16992500000000002,4.5,0.4500000000000002,0.135
0.12145,0.17078750000000004,4.5,0.5000000000000009,0.135
0.12150000000000001,0.17072500000000004,4.45,0.5500000000000007,0.12999999999999998
0.12155,0.16983750000000003,4.4,0.5500000000000007,0.12999999999999998
0.1216,0.17086250000000003,4.4,0.5500000000000007,0.12999999999999998
0.12165000000000001,0.16708750000000003,4.4,0.5500000000000007,0.125
0.1217,0.16528750000000003,4.4,0.5500000000000007,0.125
0.12175000000000001,0.16315000000000002,4.4,0.5500000000000007,0.125
0.1218,0.16135000000000002,4.4,0.5500000000000007,0.12000000000000001
0.12185,0.16236250000000002,4.3500000000000005,0.5500000000000007,0.125
0.12190000000000001,0.15855000000000002,4.3500000000000005,0.5500000000000007,0.125
0.12195,0.15763750000000004,4.3500000000000005,0.5000000000000009,0.12999999999999998
0.12200000000000001,0.15688750000000004,4.3500000000000005,0.5000000000000009,0.12999999999999998
0.12205,0.15633750000000002,4.300000000000001,0.5000000000000009,0.135
0.1221,0.15612500000000004,4.25,0.5000000000000009,0.135
0.12215000000000001,0.15577500000000002,4.25,0.5000000000000009,0.135
0.1222,0.15507500000000002,4.25,0.5000000000000009,0.135
0.12225000000000001,0.15426250000000002,4.25,0.5000000000000009,0.13999999999999996
0.1223,0.15346250000000003,4.2,0.5000000000000009,0.13999999999999996
0.12235,0.15223750000000003,4.2,0.5000000000000009,0.13999999999999996
0.12240000000000001,0.15206250000000002,4.2,0.5000000000000009,0.13999999999999996
0.12245,0.15351250000000002,4.2,0.5000000000000009,0.13999999999999996
0.12250000000000001,0.15512500000000004,4.1499999999999995,0.4500000000000002,0.13999999999999996
0.12255,0.15685000000000002,4.1,0.4500000000000002,0.13999999999999996
0.1226,0.15893750000000004,4.049999999999999,0.4500000000000002,0.13999999999999996
0.12265000000000001,0.16115000000000004,4.049999999999999,0.4500000000000002,0.13999999999999996
0.1227,0.16377500000000003,4.0,0.4500000000000002,0.13999999999999996
0.12275000000000001,0.16650000000000004,4.1,0.4500000000000002,0.13999999999999996
0.1228,0.16916250000000002,4.25,0.4500000000000002,0.135
0.12285,0.17127500000000004,4.4,0.4500000000000002,0.135
0.12290000000000001,0.17178750000000004,4.4,0.5,0.135
0.12295,0.17195000000000002,4.300000000000001,0.5499999999999998,0.135
0.12300000000000001,0.17136250000000003,4.300000000000001,0.5499999999999998,0.12999999999999998
0.12305,0.16998750000000004,4.300000000000001,0.5499999999999998,0.12999999999999998
0.1231,0.16846250000000004,4.300000000000001,0.5499999999999998,0.12999999999999998
0.12315000000000001,0.16727500000000003,4.300000000000001,0.5499999999999998,0.125
0.1232,0.16561250000000002,4.300000000000001,0.5499999999999998,0.125
0.12325000000000001,0.16358750000000002,4.300000000000001,0.5499999999999998,0.125
0.1233,0.16225000000000003,4.25,0.5499999999999998,0.125
0.12335,0.16032500000000002,4.25,0.5499999999999998,0.125
0.12340000000000001,0.15943750000000004,4.200000000000001,0.5499999999999998,0.12999999999999998
0.12345,0.15872500000000003,4.200000000000001,0.5499999999999998,0.12999999999999998
0.12350000000000001,0.16171250000000004,4.200000000000001,0.5,0.135
0.12355000000000001,0.15830000000000002,4.15,0.5,0.135
0.1236,0.15808750000000002,4.15,0.5,0.135
0.12365000000000001,0.15847500000000003,4.15,0.5,0.135
0.1237,0.15810000000000002,4.15,0.5,0.13999999999999996
0.12375000000000001,0.16216250000000004,4.15,0.5,0.13999999999999996
0.12380000000000001,0.15827500000000003,4.1,0.5,0.13999999999999996
0.12385,0.15852500000000003,4.1,0.5,0.13999999999999996
0.12390000000000001,0.15811250000000002,4.050000000000001,0.5,0.13999999999999996
0.12395,0.15758750000000002,4.0,0.5,0.13999999999999996
0.124,0.16363750000000002,4.0,0.5,0.13999999999999996
0.12405000000000001,0.16135000000000002,4.0,0.5,0.13999999999999996
0.1241,0.16366250000000002,3.9500000000000006,0.4500000000000002,0.13999999999999996
0.12415000000000001,0.16633750000000003,3.9500000000000006,0.4500000000000002,0.13999999999999996
0.1242,0.16907500000000003,4.1000000000000005,0.4500000000000002,0.13999999999999996
0.12425,0.17558750000000004,4.300000000000001,0.5,0.135
0.12430000000000001,0.17295000000000002,4.300000000000001,0.5,0.135
0.12435,0.17327500000000004,4.199999999999999,0.5499999999999998,0.135
0.12440000000000001,0.17296250000000002,4.199999999999999,0.5499999999999998,0.135
0.12445,0.17210000000000003,4.199999999999999,0.5499999999999998,0.135
0.1245,0.17302500000000004,4.199999999999999,0.5499999999999998,0.12999999999999998
0.12455000000000001,0.16936250000000003,4.199999999999999,0.5499999999999998,0.12999999999999998
0.1246,0.16792500000000002,4.199999999999999,0.5499999999999998,0.12999999999999998
0.12465000000000001,0.16663750000000002,4.199999999999999,0.5499999999999998,0.125
0.1247,0.16465000000000002,4.1,0.5499999999999998,0.125
0.12475,0.16661250000000002,4.1,0.5499999999999998,0.12999999999999998
0.12480000000000001,0.16220000000000004,4.1,0.5499999999999998,0.12999999999999998
0.12485,0.16103750000000003,4.1,0.5499999999999998,0.12999999999999998
0.12490000000000001,0.15995000000000004,4.1,0.5499999999999998,0.135
0.12495,0.15967500000000004,4.1,0.5499999999999998,0.135
0.125,0.16342500000000004,4.049999999999999,0.4999999999999991,0.13999999999999996
0.12505,0.16450000000000004,4.049999999999999,0.4999999999999991,0.13999999999999996
0.12510000000000002,0.16077500000000003,4.049999999999999,0.4999999999999991,0.13999999999999996
0.12515,0.16087500000000002,4.049999999999999,0.4999999999999991,0.13999999999999996
0.1252,0.16148750000000003,3.9999999999999996,0.4999999999999991,0.13999999999999996
0.12525,0.16238750000000002,3.9499999999999997,0.4999999999999991,0.13999999999999996
0.1253,0.16760000000000003,3.9499999999999997,0.4999999999999991,0.13999999999999996
0.12535000000000002,0.16391250000000002,3.9499999999999997,0.4999999999999991,0.13999999999999996
0.1254,0.16450000000000004,3.900000000000001,0.4999999999999991,0.13999999999999996
0.12545,0.16432500000000003,3.900000000000001,0.4999999999999991,0.13999999999999996
0.1255,0.16590000000000002,3.900000000000001,0.4999999999999991,0.13999999999999996
0.12555,0.17255000000000004,4.1,0.4999999999999991,0.13999999999999996
0.12560000000000002,0.17008750000000003,4.1,0.4999999999999991,0.13999999999999996
0.12565,0.17252500000000004,4.200000000000001,0.4500000000000002,0.13999999999999996
0.1257,0.17367500000000002,4.1000000000000005,0.5500000000000007,0.135
0.12575,0.17380000000000004,4.1000000000000005,0.5500000000000007,0.135
0.1258,0.17585000000000003,4.1000000000000005,0.5500000000000007,0.135
0.12585000000000002,0.17260000000000003,4.1000000000000005,0.5500000000000007,0.135
0.1259,0.17145000000000002,4.1000000000000005,0.5500000000000007,0.12999999999999998
0.12595,0.17023750000000004,4.1000000000000005,0.5500000000000007,0.12999999999999998
0.126,0.16916250000000002,4.05,0.5500000000000007,0.12999999999999998
0.12605,0.17091250000000002,3.9999999999999996,0.5500000000000007,0.125
0.12610000000000002,0.16675000000000004,3.9999999999999996,0.5500000000000007,0.125
0.12615,0.16536250000000002,3.9999999999999996,0.5500000000000007,0.12999999999999998
0.1262,0.16460000000000002,3.9999999999999996,0.5500000000000007,0.12999999999999998
0.12625,0.16302500000000003,3.9999999999999996,0.5500000000000007,0.12999999999999998
0.1263,0.16585000000000003,3.9999999999999996,0.5500000000000007,0.135
0.12635000000000002,0.16197500000000004,3.9499999999999997,0.5500000000000007,0.135
0.1264,0.16211250000000002,3.9499999999999997,0.5500000000000007,0.135
0.12645,0.16223750000000003,3.9499999999999997,0.5500000000000007,0.13999999999999996
0.1265,0.16298750000000004,3.9499999999999997,0.5,0.13999999999999996
0.12655,0.16766250000000002,3.9,0.5,0.13999999999999996
0.12660000000000002,0.16430000000000003,3.85,0.5,0.13999999999999996
0.12665,0.16566250000000002,3.85,0.5,0.13999999999999996
0.1267,0.16682500000000003,3.85,0.5,0.13999999999999996
0.12675,0.16817500000000002,3.85,0.5,0.13999999999999996
0.1268,0.17398750000000004,3.8,0.5,0.13999999999999996
0.12685000000000002,0.17071250000000004,3.8,0.5,0.13999999999999996
0.1269,0.17172500000000004,3.9,0.5,0.13999999999999996
0.12695,0.17255000000000004,4.0,0.5,0.13999999999999996
0.127,0.17373750000000004,3.9999999999999996,0.5499999999999998,0.13999999999999996
0.12705,0.17666250000000003,3.9999999999999996,0.5999999999999996,0.13999999999999996
0.12710000000000002,0.17366250000000003,3.9999999999999996,0.5999999999999996,0.135
0.12715,0.17323750000000004,3.9999999999999996,0.5499999999999998,0.135
0.1272,0.17246250000000002,3.9999999999999996,0.5499999999999998,0.135
0.12725,0.17210000000000003,3.9499999999999993,0.5499999999999998,0.135
0.1273,0.17352500000000004,3.9499999999999993,0.5499999999999998,0.12999999999999998
0.12735000000000002,0.17040000000000002,3.9499999999999993,0.5499999999999998,0.12999999999999998
0.1274,0.16973750000000004,3.8999999999999995,0.5499999999999998,0.12999999999999998
0.12745,0.16897500000000004,3.8999999999999995,0.5499999999999998,0.125
0.1275,0.16760000000000003,3.8999999999999995,0.5499999999999998,0.12999999999999998
0.12755,0.16972500000000004,3.8999999999999995,0.5499999999999998,0.135
0.12760000000000002,0.16572500000000004,3.8999999999999995,0.5499999999999998,0.135
0.12765,0.16517500000000004,3.8999999999999995,0.5499999999999998,0.135
0.1277,0.16507500000000003,3.8500000000000005,0.5499999999999998,0.135
0.12775,0.16498750000000004,3.8500000000000005,0.5499999999999998,0.13999999999999996
0.1278,0.16875000000000004,3.8500000000000005,0.5499999999999998,0.13999999999999996
0.12785000000000002,0.16511250000000002,3.8000000000000003,0.5499999999999998,0.13999999999999996
0.1279,0.16556250000000003,3.8000000000000003,0.5499999999999998,0.13999999999999996
0.12795,0.16658750000000003,3.7499999999999996,0.5,0.13999999999999996
0.128,0.16808750000000003,3.7499999999999996,0.5,0.13999999999999996
0.12805,0.17413750000000003,3.7499999999999996,0.5,0.13999999999999996
0.12810000000000002,0.17552500000000004,3.7499999999999996,0.5,0.13999999999999996
0.12815000000000001,0.17271250000000002,3.6999999999999997,0.5,0.13999999999999996
0.1282,0.17466250000000003,3.8000000000000003,0.5,0.13999999999999996
0.12825,0.17640000000000003,3.9499999999999997,0.5,0.13999999999999996
0.1283,0.18035000000000004,3.9,0.5999999999999996,0.13999999999999996
0.12835000000000002,0.17950000000000002,3.9,0.5999999999999996,0.13999999999999996
0.12840000000000001,0.17555000000000004,3.9,0.5999999999999996,0.13999999999999996
0.12845,0.17437500000000003,3.9,0.5999999999999996,0.135
0.1285,0.17313750000000003,3.849999999999999,0.5999999999999996,0.135
0.12855,0.17463750000000003,3.849999999999999,0.5999999999999996,0.135
0.12860000000000002,0.17397500000000002,3.849999999999999,0.5999999999999996,0.135
0.12865000000000001,0.17106250000000003,3.849999999999999,0.5499999999999989,0.12999999999999998
0.1287,0.17075000000000004,3.7999999999999994,0.5499999999999989,0.12999999999999998
0.12875,0.17015000000000002,3.7999999999999994,0.5499999999999989,0.12999999999999998
0.1288,0.17280000000000004,3.7999999999999994,0.5499999999999989,0.12999999999999998
0.12885,0.17200000000000004,3.7999999999999994,0.5499999999999989,0.135
0.12890000000000001,0.16846250000000004,3.7999999999999994,0.5499999999999989,0.135
0.12895,0.16816250000000002,3.7999999999999994,0.5499999999999989,0.135
0.129,0.16816250000000002,3.749999999999999,0.5499999999999989,0.135
0.12905,0.17213750000000003,3.6999999999999993,0.5499999999999989,0.13999999999999996
0.1291,0.17212500000000003,3.6999999999999993,0.5499999999999989,0.13999999999999996
0.12915000000000001,0.16825000000000004,3.6999999999999993,0.5499999999999989,0.13999999999999996
0.1292,0.16826250000000004,3.6999999999999993,0.5499999999999989,0.13999999999999996
0.12925,0.16895000000000004,3.6999999999999993,0.5499999999999989,0.13999999999999996
0.1293,0.17381250000000004,3.6499999999999995,0.5499999999999989,0.13999999999999996
0.12935,0.17587500000000003,3.6499999999999995,0.4999999999999991,0.13999999999999996
0.12940000000000002,0.17305000000000004,3.6499999999999995,0.4999999999999991,0.13999999999999996
0.12945,0.17502500000000004,3.6999999999999993,0.4999999999999991,0.13999999999999996
0.1295,0.17695000000000002,3.7999999999999994,0.4999999999999991,0.13999999999999996
0.12955,0.18157500000000004,3.8000000000000003,0.5999999999999996,0.13999999999999996
0.1296,0.18150000000000002,3.8000000000000003,0.5999999999999996,0.13999999999999996
0.12965000000000002,0.17878750000000004,3.7500000000000004,0.5999999999999996,0.13999999999999996
0.1297,0.17805000000000004,3.7500000000000004,0.5999999999999996,0.13999999999999996
0.12975,0.17660000000000003,3.7500000000000004,0.5999999999999996,0.135
0.1298,0.17717500000000003,3.7500000000000004,0.5999999999999996,0.135
0.12985,0.17580000000000004,3.7500000000000004,0.5999999999999996,0.135
0.12990000000000002,0.17230000000000004,3.7500000000000004,0.5999999999999996,0.135
0.12995,0.17141250000000002,3.6999999999999997,0.5999999999999996,0.135
0.13,0.17067500000000002,3.6999999999999997,0.5999999999999996,0.12999999999999998
0.13005,0.17328750000000004,3.6999999999999997,0.5499999999999998,0.12999999999999998
0.1301,0.17331250000000004,3.6999999999999997,0.5499999999999998,0.135
0.13015000000000002,0.16967500000000002,3.6999999999999997,0.5499999999999998,0.135
0.1302,0.16967500000000002,3.65,0.5499999999999998,0.135
0.13025,0.17026250000000004,3.65,0.5499999999999998,0.135
0.1303,0.17461250000000003,3.6,0.5499999999999998,0.13999999999999996
0.13035,0.17541250000000003,3.6,0.5499999999999998,0.13999999999999996
0.13040000000000002,0.17220000000000002,3.6,0.5499999999999998,0.13999999999999996
0.13045,0.17240000000000003,3.6,0.5499999999999998,0.13999999999999996
0.1305,0.17247500000000004,3.6,0.5499999999999998,0.13999999999999996
0.13055,0.17683750000000004,3.5500000000000003,0.5499999999999998,0.13999999999999996
0.1306,0.17730000000000004,3.5500000000000003,0.5499999999999998,0.13999999999999996
0.13065000000000002,0.17420000000000002,3.5500000000000003,0.5499999999999998,0.13999999999999996
0.1307,0.17610000000000003,3.65,0.5499999999999998,0.13999999999999996
0.13075,0.17793750000000003,3.6999999999999993,0.5499999999999998,0.13999999999999996
0.1308,0.18201250000000002,3.6999999999999993,0.6000000000000005,0.13999999999999996
0.13085,0.18206250000000004,3.6500000000000004,0.6000000000000005,0.13999999999999996
0.13090000000000002,0.17935000000000004,3.6500000000000004,0.6000000000000005,0.13999999999999996
0.13095,0.17862500000000003,3.6500000000000004,0.6000000000000005,0.13999999999999996
0.131,0.17775000000000002,3.6500000000000004,0.6000000000000005,0.13999999999999996
0.13105,0.17922500000000002,3.6500000000000004,0.6000000000000005,0.135
0.1311,0.17877500000000004,3.6500000000000004,0.6000000000000005,0.135
0.13115000000000002,0.17507500000000004,3.6000000000000005,0.6000000000000005,0.135
0.1312,0.17350000000000004,3.6000000000000005,0.6000000000000005,0.135
0.13125,0.17266250000000002,3.6000000000000005,0.6000000000000005,0.12999999999999998
0.1313,0.17462500000000003,3.6000000000000005,0.6000000000000005,0.135
0.13135,0.17402500000000004,3.55,0.6000000000000005,0.135
0.13140000000000002,0.17078750000000004,3.55,0.6000000000000005,0.135
0.13145,0.17101250000000004,3.55,0.5500000000000007,0.135
0.1315,0.17216250000000002,3.5,0.5500000000000007,0.13999999999999996
0.13155,0.17687500000000003,3.5,0.5500000000000007,0.13999999999999996
0.1316,0.17785000000000004,3.5,0.5500000000000007,0.13999999999999996
0.13165000000000002,0.17470000000000002,3.5,0.5500000000000007,0.13999999999999996
0.1317,0.17546250000000002,3.5,0.5500000000000007,0.13999999999999996
0.13175,0.17641250000000003,3.5,0.5500000000000007,0.13999999999999996
0.1318,0.17732500000000004,3.4499999999999997,0.5500000000000007,0.13999999999999996
0.13185,0.18262500000000004,3.5999999999999996,0.5500000000000007,0.13999999999999996
0.13190000000000002,0.17895000000000003,3.55,0.5500000000000007,0.13999999999999996
0.13195,0.17877500000000004,3.6,0.5999999999999996,0.13999999999999996
0.132,0.17886250000000004,3.55,0.6500000000000004,0.13999999999999996
0.13205,0.17903750000000004,3.55,0.6000000000000005,0.13999999999999996
0.1321,0.18137500000000004,3.55,0.6000000000000005,0.13999999999999996
0.13215000000000002,0.17881250000000004,3.55,0.6000000000000005,0.13999999999999996
0.1322,0.17805000000000004,3.55,0.6000000000000005,0.13999999999999996
0.13225,0.17736250000000003,3.55,0.6000000000000005,0.13999999999999996
0.1323,0.17710000000000004,3.55,0.6000000000000005,0.135
0.13235,0.17958750000000004,3.5,0.6000000000000005,0.135
0.13240000000000002,0.17620000000000002,3.5,0.6000000000000005,0.135
0.13245,0.17587500000000003,3.45,0.6000000000000005,0.135
0.1325,0.17506250000000004,3.45,0.6000000000000005,0.135
0.13255,0.17376250000000004,3.45,0.6000000000000005,0.135
0.1326,0.17596250000000002,3.45,0.6000000000000005,0.13999999999999996
0.13265000000000002,0.17295000000000002,3.45,0.6000000000000005,0.13999999999999996
0.1327,0.17321250000000002,3.3999999999999995,0.6000000000000005,0.13999999999999996
0.13275,0.17413750000000003,3.3999999999999995,0.6000000000000005,0.13999999999999996
0.1328,0.17526250000000004,3.3999999999999995,0.5499999999999998,0.13999999999999996
0.13285,0.17995000000000003,3.3999999999999995,0.5499999999999998,0.13999999999999996
0.13290000000000002,0.17770000000000002,3.3999999999999995,0.5499999999999998,0.13999999999999996
0.13295,0.17870000000000003,3.3999999999999995,0.5499999999999998,0.145
0.133,0.18035000000000004,3.3499999999999996,0.5499999999999998,0.145
0.13305,0.18221250000000003,3.5,0.5499999999999998,0.145
0.1331,0.18548750000000003,3.45,0.6499999999999995,0.145
0.13315000000000002,0.18243750000000003,3.45,0.6499999999999995,0.145
0.1332,0.18140000000000003,3.45,0.6499999999999995,0.13999999999999996
0.13325,0.17951250000000002,3.45,0.6499999999999995,0.13999999999999996
0.1333,0.17800000000000002,3.45,0.6499999999999995,0.13999999999999996
0.13335,0.17990000000000003,3.45,0.5999999999999996,0.13999999999999996
0.13340000000000002,0.17721250000000002,3.45,0.5999999999999996,0.13999999999999996
0.13345,0.17712500000000003,3.4,0.5999999999999996,0.13999999999999996
0.1335,0.17738750000000003,3.35,0.5999999999999996,0.135
0.13355,0.17735000000000004,3.35,0.5999999999999996,0.135
0.1336,0.18018750000000003,3.35,0.5999999999999996,0.135
0.13365000000000002,0.17713750000000003,3.35,0.5999999999999996,0.135
0.1337,0.17666250000000003,3.35,0.5999999999999996,0.135
0.13375,0.17638750000000003,3.35,0.5999999999999996,0.13999999999999996
0.1338,0.17628750000000004,3.35,0.5999999999999996,0.13999999999999996
0.13385,0.17991250000000003,3.3000000000000003,0.5999999999999996,0.13999999999999996
0.13390000000000002,0.17652500000000004,3.3000000000000003,0.5999999999999996,0.13999999999999996
0.13395,0.17686250000000003,3.3000000000000003,0.5999999999999996,0.13999999999999996
0.134,0.17761250000000003,3.3000000000000003,0.5999999999999996,0.145
0.13405,0.17883750000000004,3.2499999999999996,0.5999999999999996,0.145
0.1341,0.18472500000000003,3.3499999999999996,0.5499999999999998,0.145
0.13415000000000002,0.18232500000000004,3.3499999999999996,0.5499999999999998,0.145
0.1342,0.18350000000000002,3.3499999999999996,0.6500000000000004,0.145
0.13425,0.18335000000000004,3.3499999999999996,0.6500000000000004,0.145
0.1343,0.18326250000000002,3.3499999999999996,0.6500000000000004,0.145
0.13435,0.18487500000000004,3.3499999999999996,0.6500000000000004,0.145
0.13440000000000002,0.18417500000000003,3.3499999999999996,0.6500000000000004,0.13999999999999996
0.13445000000000001,0.18086250000000004,3.3499999999999996,0.6500000000000004,0.13999999999999996
0.1345,0.17978750000000004,3.2999999999999994,0.6500000000000004,0.13999999999999996
0.13455,0.17730000000000004,3.2499999999999996,0.6500000000000004,0.13999999999999996
0.1346,0.17981250000000004,3.2499999999999996,0.6500000000000004,0.13999999999999996
0.13465000000000002,0.18016250000000003,3.2499999999999996,0.6000000000000005,0.13999999999999996
0.13470000000000001,0.17751250000000005,3.2499999999999996,0.6000000000000005,0.135
0.13475,0.17775000000000002,3.2499999999999996,0.6000000000000005,0.135
0.1348,0.17800000000000002,3.2499999999999996,0.6000000000000005,0.135
0.13485,0.18138750000000003,3.2499999999999996,0.6000000000000005,0.13999999999999996
0.13490000000000002,0.18187500000000004,3.2499999999999996,0.6000000000000005,0.13999999999999996
0.13495000000000001,0.17911250000000004,3.2000000000000006,0.6000000000000005,0.13999999999999996
0.135,0.17982500000000004,3.2000000000000006,0.6000000000000005,0.13999999999999996
0.13505,0.18063750000000003,3.2000000000000006,0.6000000000000005,0.145
0.1351,0.18481250000000005,3.150000000000001,0.6000000000000005,0.145
0.13515000000000002,0.18545000000000003,3.2499999999999996,0.6000000000000005,0.145
0.13520000000000001,0.18216250000000003,3.2499999999999996,0.6000000000000005,0.145
0.13525,0.18251250000000002,3.2499999999999996,0.6500000000000004,0.145
0.1353,0.18322500000000003,3.2499999999999996,0.7000000000000002,0.145
0.13535,0.18571250000000003,3.2499999999999996,0.6500000000000004,0.145
0.13540000000000002,0.18522500000000003,3.2499999999999996,0.6500000000000004,0.145
0.13545000000000001,0.18261250000000004,3.2499999999999996,0.6500000000000004,0.145
0.1355,0.18192500000000003,3.1999999999999997,0.6500000000000004,0.145
0.13555,0.18137500000000004,3.1999999999999997,0.6500000000000004,0.13999999999999996
0.1356,0.18385000000000004,3.15,0.6500000000000004,0.13999999999999996
0.13565,0.18343750000000003,3.15,0.6500000000000004,0.13999999999999996
0.13570000000000002,0.18050000000000002,3.15,0.6500000000000004,0.13999999999999996
0.13575,0.17981250000000004,3.15,0.6500000000000004,0.13999999999999996
0.1358,0.17827500000000004,3.15,0.6500000000000004,0.13999999999999996
0.13585,0.18073750000000002,3.15,0.6500000000000004,0.13999999999999996
0.1359,0.18132500000000004,3.15,0.6000000000000005,0.13999999999999996
0.13595000000000002,0.17862500000000003,3.15,0.6000000000000005,0.13999999999999996
0.136,0.17962500000000003,3.0999999999999996,0.6000000000000005,0.13999999999999996
0.13605,0.18083750000000004,3.0999999999999996,0.6000000000000005,0.13999999999999996
0.1361,0.18517500000000003,3.0500000000000007,0.6000000000000005,0.145
0.13615,0.18672500000000003,3.0500000000000007,0.6000000000000005,0.145
0.13620000000000002,0.18433750000000004,3.0500000000000007,0.6000000000000005,0.145
0.13625,0.18570000000000003,3.150000000000001,0.6000000000000005,0.145
0.1363,0.18580000000000002,3.150000000000001,0.7000000000000002,0.145
0.13635,0.18752500000000003,3.150000000000001,0.7000000000000002,0.145
0.1364,0.18600000000000003,3.150000000000001,0.7000000000000002,0.145
0.13645000000000002,0.18201250000000002,3.100000000000001,0.7000000000000002,0.145
0.1365,0.18143750000000003,3.100000000000001,0.7000000000000002,0.145
0.13655,0.18185000000000004,3.100000000000001,0.6499999999999995,0.145
0.1366,0.18391250000000003,3.0500000000000003,0.6499999999999995,0.145
0.13665,0.18460000000000004,3.0500000000000003,0.6499999999999995,0.13999999999999996
0.13670000000000002,0.18167500000000003,3.0500000000000003,0.6499999999999995,0.13999999999999996
0.13675,0.18167500000000003,3.0500000000000003,0.6499999999999995,0.13999999999999996
0.1368,0.18208750000000004,3.0500000000000003,0.6499999999999995,0.13999999999999996
0.13685,0.18508750000000004,3.0500000000000003,0.6499999999999995,0.13999999999999996
0.1369,0.18448750000000003,3.0500000000000003,0.6499999999999995,0.13999999999999996
0.13695000000000002,0.18141250000000003,3.0500000000000003,0.6499999999999995,0.13999999999999996
0.137,0.18092500000000003,3.0500000000000003,0.6499999999999995,0.13999999999999996
0.13705,0.18013750000000003,2.95,0.6499999999999995,0.13999999999999996
0.1371,0.18513750000000004,2.95,0.5999999999999996,0.145
0.13715,0.18682500000000005,3.0,0.5999999999999996,0.145
0.13720000000000002,0.18487500000000004,3.0,0.5999999999999996,0.145
0.13725,0.18593750000000003,3.0500000000000007,0.6500000000000004,0.145
0.1373,0.18642500000000004,3.0500000000000007,0.7000000000000002,0.145
0.13735,0.18886250000000004,3.0,0.7000000000000002,0.145
0.1374,0.18822500000000003,3.0,0.7000000000000002,0.145
0.13745000000000002,0.18503750000000002,3.0,0.7000000000000002,0.145
0.1375,0.18371250000000003,3.0,0.7000000000000002,0.145
0.13755,0.18316250000000003,3.0,0.7000000000000002,0.145
0.1376,0.18463750000000004,2.9499999999999997,0.7000000000000002,0.145
0.13765,0.18388750000000004,2.9499999999999997,0.7000000000000002,0.145
0.13770000000000002,0.18151250000000002,2.9499999999999997,0.6500000000000004,0.145
0.13775,0.18150000000000002,2.9499999999999997,0.6500000000000004,0.13999999999999996
0.1378,0.18212500000000004,2.9499999999999997,0.6500000000000004,0.13999999999999996
0.13785,0.18547500000000003,2.9499999999999997,0.6500000000000004,0.13999999999999996
0.1379,0.18568750000000003,2.9499999999999997,0.6500000000000004,0.13999999999999996
0.13795000000000002,0.18308750000000004,2.9,0.6500000000000004,0.13999999999999996
0.138,0.18366250000000003,2.85,0.6500000000000004,0.13999999999999996
0.13805,0.18437500000000004,2.85,0.6500000000000004,0.145
0.1381,0.18880000000000002,2.9,0.6500000000000004,0.145
0.13815,0.18895000000000003,2.95,0.7000000000000002,0.145
0.13820000000000002,0.18512500000000004,2.95,0.7000000000000002,0.145
0.13825,0.18545000000000003,2.9,0.7500000000000009,0.145
0.1383,0.18580000000000002,2.9,0.7000000000000002,0.145
0.13835,0.18796250000000003,2.9,0.7000000000000002,0.145
0.1384,0.18748750000000003,2.9,0.7000000000000002,0.145
0.13845000000000002,0.18480000000000005,2.9,0.7000000000000002,0.145
0.1385,0.18378750000000002,2.85,0.7000000000000002,0.145
0.13855,0.18403750000000002,2.85,0.7000000000000002,0.145
0.1386,0.18418750000000003,2.85,0.7000000000000002,0.145
0.13865,0.18670000000000003,2.85,0.7000000000000002,0.145
0.13870000000000002,0.18358750000000004,2.85,0.7000000000000002,0.145
0.13875,0.18233750000000004,2.85,0.7000000000000002,0.13999999999999996
0.1388,0.18182500000000004,2.8000000000000003,0.7000000000000002,0.13999999999999996
0.13885,0.18248750000000002,2.8000000000000003,0.6500000000000012,0.13999999999999996
0.1389,0.18616250000000004,2.8000000000000003,0.6500000000000012,0.13999999999999996
0.13895000000000002,0.18412500000000004,2.7499999999999996,0.6500000000000012,0.13999999999999996
0.139,0.18541250000000004,2.7499999999999996,0.6500000000000012,0.145
0.13905,0.18648750000000003,2.7499999999999996,0.6500000000000012,0.145
0.1391,0.18753750000000002,2.85,0.7000000000000002,0.145
0.13915,0.19088750000000004,2.8000000000000003,0.75,0.145
0.13920000000000002,0.18818750000000004,2.8000000000000003,0.75,0.145
0.13925,0.18705000000000002,2.8000000000000003,0.75,0.145
0.1393,0.18560000000000004,2.8000000000000003,0.75,0.145
0.13935,0.18371250000000003,2.8000000000000003,0.75,0.145
0.1394,0.18593750000000003,2.7500000000000004,0.75,0.145
0.13945000000000002,0.18352500000000002,2.7500000000000004,0.6999999999999993,0.145
0.1395,0.18400000000000002,2.7500000000000004,0.6999999999999993,0.145
0.13955,0.18440000000000004,2.7500000000000004,0.6999999999999993,0.145
0.1396,0.18435000000000004,2.7500000000000004,0.6999999999999993,0.145
0.13965,0.18816250000000004,2.6999999999999997,0.6999999999999993,0.145
0.13970000000000002,0.18513750000000004,2.6999999999999997,0.6999999999999993,0.145
0.13975,0.18515000000000004,2.6999999999999997,0.6999999999999993,0.13999999999999996
0.1398,0.18532500000000005,2.6999999999999997,0.6999999999999993,0.13999999999999996
0.13985,0.18521250000000003,2.6499999999999995,0.6999999999999993,0.145
0.1399,0.18847500000000003,2.7499999999999996,0.6999999999999993,0.145
0.13995000000000002,0.18641250000000004,2.7499999999999996,0.6499999999999995,0.145
0.14,0.18750000000000003,2.6999999999999997,0.75,0.145
0.14005,0.18778750000000002,2.6999999999999997,0.75,0.145
0.1401,0.18752500000000003,2.6999999999999997,0.75,0.145
0.14015,0.18942500000000004,2.6999999999999997,0.75,0.145
0.14020000000000002,0.18683750000000005,2.6999999999999997,0.75,0.145
0.14025,0.18630000000000002,2.65,0.75,0.145
0.1403,0.18546250000000003,2.65,0.75,0.145
0.14035,0.18525000000000003,2.65,0.75,0.145
0.1404,0.18723750000000003,2.5999999999999996,0.75,0.145
0.14045000000000002,0.18362500000000004,2.5999999999999996,0.75,0.145
0.1405,0.18400000000000002,2.5999999999999996,0.7000000000000002,0.145
0.14055,0.18463750000000004,2.5999999999999996,0.7000000000000002,0.145
0.1406,0.18551250000000002,2.5999999999999996,0.7000000000000002,0.145
0.14065,0.18883750000000005,2.5999999999999996,0.7000000000000002,0.145
0.14070000000000002,0.19027500000000003,2.5999999999999996,0.7000000000000002,0.145
0.14075000000000001,0.18772500000000003,2.55,0.7000000000000002,0.145
0.1408,0.18848750000000003,2.5999999999999996,0.75,0.145
0.14085,0.18873750000000003,2.5999999999999996,0.8000000000000007,0.145
0.1409,0.19080000000000003,2.5999999999999996,0.8000000000000007,0.145
0.14095000000000002,0.18911250000000004,2.5999999999999996,0.8000000000000007,0.145
0.14100000000000001,0.18585000000000004,2.5999999999999996,0.8000000000000007,0.145
0.14105,0.18568750000000003,2.55,0.75,0.145
0.1411,0.18561250000000004,2.55,0.75,0.145
0.14115,0.18768750000000003,2.5,0.75,0.145
0.14120000000000002,0.18811250000000004,2.5,0.75,0.145
0.14125000000000001,0.18586250000000004,2.5,0.75,0.145
0.1413,0.18630000000000002,2.5,0.75,0.145
0.14135,0.18617500000000003,2.5,0.75,0.145
0.1414,0.18925000000000003,2.5,0.75,0.145
0.14145000000000002,0.18902500000000003,2.5,0.75,0.145
0.14150000000000001,0.18522500000000003,2.5,0.75,0.145
0.14155,0.18645000000000003,2.45,0.7000000000000002,0.145
0.1416,0.18782500000000005,2.5,0.7499999999999991,0.145
0.14165,0.19108750000000002,2.5,0.7999999999999989,0.145
0.14170000000000002,0.19077500000000003,2.5,0.7999999999999989,0.145
0.14175000000000001,0.18838750000000004,2.5,0.7999999999999989,0.145
0.1418,0.18783750000000005,2.45,0.7999999999999989,0.145
0.14185,0.18686250000000004,2.4000000000000004,0.7999999999999989,0.145
0.1419,0.18897500000000003,2.4000000000000004,0.7999999999999989,0.15
0.14195000000000002,0.18836250000000004,2.4000000000000004,0.7999999999999989,0.15
0.14200000000000002,0.18468750000000003,2.4000000000000004,0.7999999999999989,0.15
0.14205,0.18492500000000003,2.4000000000000004,0.7999999999999989,0.145
0.1421,0.18547500000000003,2.4000000000000004,0.7499999999999991,0.145
0.14215,0.18883750000000005,2.4000000000000004,0.7499999999999991,0.145
0.1422,0.18960000000000005,2.4000000000000004,0.7499999999999991,0.145
0.14225000000000002,0.18757500000000005,2.4000000000000004,0.7499999999999991,0.145
0.1423,0.18825000000000003,2.4000000000000004,0.7499999999999991,0.145
0.14235,0.18872500000000003,2.4000000000000004,0.7999999999999998,0.145
0.1424,0.19146250000000004,2.4000000000000004,0.8499999999999996,0.145
0.14245,0.19046250000000003,2.4000000000000004,0.8499999999999996,0.145
0.14250000000000002,0.18726250000000003,2.3500000000000005,0.8499999999999996,0.145
0.14255,0.18656250000000005,2.3000000000000003,0.8499999999999996,0.145
0.1426,0.18663750000000004,2.3000000000000003,0.7999999999999998,0.15
0.14265,0.18836250000000004,2.3000000000000003,0.7999999999999998,0.15
0.1427,0.18896250000000003,2.3000000000000003,0.7999999999999998,0.15
0.14275000000000002,0.18682500000000005,2.3000000000000003,0.7999999999999998,0.15
0.1428,0.18671250000000003,2.3000000000000003,0.7999999999999998,0.15
0.14285,0.18655000000000002,2.3000000000000003,0.7999999999999998,0.15
0.1429,0.18973750000000003,2.3000000000000003,0.7999999999999998,0.145
0.14295,0.18983750000000005,2.3000000000000003,0.7999999999999998,0.145
0.14300000000000002,0.18617500000000003,2.3000000000000003,0.7999999999999998,0.145
0.14305,0.18752500000000003,2.3000000000000003,0.7999999999999998,0.145
0.1431,0.18793750000000004,2.3000000000000003,0.8500000000000005,0.145
0.14315,0.19028750000000003,2.3000000000000003,0.8500000000000005,0.145
0.1432,0.19076250000000003,2.2500000000000004,0.8500000000000005,0.145
0.14325000000000002,0.18802500000000003,2.2000000000000006,0.8500000000000005,0.145
0.1433,0.18746250000000003,2.2000000000000006,0.8500000000000005,0.15
0.14335,0.18708750000000005,2.2000000000000006,0.8500000000000005,0.15
0.1434,0.18923750000000003,2.2000000000000006,0.8500000000000005,0.15
0.14345,0.18893750000000004,2.2000000000000006,0.8500000000000005,0.15
0.14350000000000002,0.18543750000000003,2.2000000000000006,0.8500000000000005,0.15
0.14355,0.18566250000000004,2.2000000000000006,0.8000000000000007,0.15
0.1436,0.18641250000000004,2.2000000000000006,0.8000000000000007,0.15
0.14365,0.19006250000000002,2.2000000000000006,0.8000000000000007,0.15
0.1437,0.19096250000000003,2.2000000000000006,0.8500000000000005,0.15
0.14375000000000002,0.18790000000000004,2.2000000000000006,0.8500000000000005,0.145
0.1438,0.18811250000000004,2.15,0.9000000000000004,0.145
0.14385,0.18817500000000004,2.0999999999999996,0.9000000000000004,0.145
0.1439,0.18991250000000004,2.0999999999999996,0.9000000000000004,0.15
0.14395,0.18927500000000003,2.0999999999999996,0.9000000000000004,0.15
0.14400000000000002,0.18622500000000003,2.0999999999999996,0.9000000000000004,0.15
0.14405,0.18611250000000004,2.0999999999999996,0.8499999999999996,0.15
0.1441,0.18632500000000005,2.0999999999999996,0.8499999999999996,0.15
0.14415,0.18962500000000004,2.0999999999999996,0.8499999999999996,0.15
0.1442,0.18945000000000004,2.0999999999999996,0.8499999999999996,0.15
0.14425000000000002,0.18691250000000004,2.0999999999999996,0.8499999999999996,0.15
0.1443,0.18717500000000004,2.0999999999999996,0.8499999999999996,0.15
0.14435,0.18726250000000003,2.0999999999999996,0.8499999999999996,0.15
0.1444,0.19016250000000004,2.0999999999999996,0.9499999999999993,0.15
0.14445,0.18891250000000004,2.0999999999999996,0.9499999999999993,0.15
0.14450000000000002,0.18677500000000002,2.0,0.8999999999999995,0.15
0.14455,0.18705000000000002,2.0,0.8999999999999995,0.15
0.1446,0.18731250000000002,2.0,0.8999999999999995,0.15
0.14465,0.18892500000000004,2.0,0.8999999999999995,0.15
0.1447,0.18888750000000004,2.0,0.8999999999999995,0.15
0.14475000000000002,0.18667500000000004,2.0,0.8999999999999995,0.15
0.1448,0.18661250000000004,2.0,0.8999999999999995,0.15
0.14485,0.18688750000000004,2.0,0.8999999999999995,0.15
0.1449,0.18881250000000002,2.0,0.8999999999999995,0.15
0.14495,0.18923750000000003,2.0,0.9000000000000004,0.15
0.14500000000000002,0.18725000000000003,2.0,0.9000000000000004,0.15
0.14505,0.18733750000000005,1.9500000000000002,0.9500000000000002,0.15
0.1451,0.18705000000000002,1.9500000000000002,0.9500000000000002,0.15
0.14515,0.18708750000000005,1.9000000000000004,0.9500000000000002,0.15
0.1452,0.18927500000000003,1.9000000000000004,0.9500000000000002,0.15
0.14525000000000002,0.18657500000000005,1.9000000000000004,0.9500000000000002,0.15
0.1453,0.18552500000000002,1.9000000000000004,0.9500000000000002,0.15
0.14535,0.18525000000000003,1.9000000000000004,0.9500000000000002,0.15
0.1454,0.18561250000000004,1.9000000000000004,0.8999999999999995,0.15
0.14545,0.18883750000000005,1.9000000000000004,0.8999999999999995,0.15
0.14550000000000002,0.18592500000000003,1.9000000000000004,0.8999999999999995,0.15
0.14555,0.18687500000000004,1.9000000000000004,0.9499999999999993,0.15
0.1456,0.18703750000000002,1.9000000000000004,1.0,0.15
0.14565,0.18698750000000003,1.9000000000000004,1.0,0.15
0.1457,0.18880000000000002,1.8499999999999996,1.0,0.15
0.14575000000000002,0.18568750000000003,1.799999999999999,1.0,0.15
0.1458,0.18522500000000003,1.799999999999999,1.0,0.15
0.14585,0.18521250000000003,1.799999999999999,0.9500000000000011,0.15
0.1459,0.18526250000000002,1.799999999999999,0.9500000000000011,0.15
0.14595,0.18823750000000003,1.799999999999999,0.9500000000000011,0.15
0.14600000000000002,0.18592500000000003,1.799999999999999,0.9500000000000011,0.15
0.14605,0.18641250000000004,1.799999999999999,0.9500000000000011,0.15
0.1461,0.18665000000000004,1.799999999999999,1.0499999999999998,0.15
0.14615,0.18608750000000004,1.799999999999999,1.0499999999999998,0.15
0.1462,0.18725000000000003,1.799999999999999,1.0499999999999998,0.15
0.14625000000000002,0.18471250000000003,1.799999999999999,1.0,0.15
0.1463,0.18441250000000003,1.7000000000000002,1.0,0.15
0.14635,0.18441250000000003,1.7000000000000002,1.0,0.15
0.1464,0.18502500000000002,1.7000000000000002,1.0,0.15
0.14645,0.18773750000000003,1.7000000000000002,1.0,0.15
0.14650000000000002,0.18468750000000003,1.7000000000000002,1.0,0.15
0.14655,0.18551250000000002,1.7000000000000002,1.0500000000000007,0.15
0.1466,0.18547500000000003,1.7000000000000002,1.1000000000000005,0.15
0.14665,0.18456250000000005,1.7000000000000002,1.1000000000000005,0.15
0.1467,0.18603750000000002,1.7000000000000002,1.0499999999999998,0.15
0.14675000000000002,0.18385000000000004,1.7000000000000002,1.0499999999999998,0.15
0.1468,0.18396250000000003,1.7000000000000002,1.0499999999999998,0.15
0.14685,0.18373750000000003,1.6500000000000004,1.0499999999999998,0.15
0.1469,0.18367500000000003,1.5999999999999996,1.0499999999999998,0.15
0.14695,0.18666250000000004,1.5999999999999996,1.0999999999999996,0.15
0.14700000000000002,0.18633750000000004,1.5999999999999996,1.1499999999999995,0.15
0.14705000000000001,0.18330000000000005,1.5999999999999996,1.1499999999999995,0.15
0.1471,0.18352500000000002,1.5999999999999996,1.0999999999999996,0.155
0.14715,0.18370000000000003,1.5999999999999996,1.0999999999999996,0.155
0.1472,0.18513750000000004,1.5999999999999996,1.0999999999999996,0.155
0.14725000000000002,0.18540000000000004,1.5999999999999996,1.0999999999999996,0.155
0.14730000000000001,0.18292500000000003,1.5999999999999996,1.0999999999999996,0.155
0.14735,0.18227500000000002,1.5999999999999996,1.0999999999999996,0.155
0.1474,0.18242500000000003,1.5499999999999998,1.0999999999999996,0.155
0.14745,0.18442500000000003,1.5,1.2000000000000002,0.155
0.14750000000000002,0.18481250000000005,1.5,1.1500000000000004,0.155
0.14755000000000001,0.18276250000000002,1.5,1.1500000000000004,0.155
0.1476,0.18245000000000003,1.5,1.1500000000000004,0.155
0.14765,0.18226250000000002,1.5,1.1500000000000004,0.155
0.1477,0.18451250000000002,1.5,1.1500000000000004,0.155
0.14775000000000002,0.18417500000000003,1.5,1.2000000000000002,0.155
0.14780000000000001,0.18106250000000004,1.5,1.2000000000000002,0.155
0.14785,0.18088750000000003,1.5,1.2500000000000009,0.155
0.1479,0.18081250000000004,1.5,1.2000000000000002,0.155
0.14795,0.18291250000000003,1.4000000000000004,1.2000000000000002,0.155
0.14800000000000002,0.18305000000000005,1.4000000000000004,1.2000000000000002,0.155
0.14805000000000001,0.18045000000000003,1.4000000000000004,1.2000000000000002,0.155
0.1481,0.18052500000000005,1.4000000000000004,1.2000000000000002,0.155
0.14815,0.18026250000000002,1.4000000000000004,1.299999999999998,0.155
0.1482,0.18213750000000004,1.4000000000000004,1.299999999999998,0.155
0.14825000000000002,0.18151250000000002,1.4000000000000004,1.2499999999999991,0.155
0.14830000000000002,0.17890000000000003,1.4000000000000004,1.2499999999999991,0.155
0.14835,0.17885000000000004,1.4000000000000004,1.2499999999999991,0.155
0.1484,0.17861250000000004,1.4000000000000004,1.3000000000000016,0.155
0.14845,0.18090000000000003,1.2999999999999998,1.3500000000000005,0.155
0.14850000000000002,0.18062500000000004,1.2999999999999998,1.3500000000000005,0.155
0.14855000000000002,0.17773750000000002,1.2999999999999998,1.3500000000000005,0.155
0.1486,0.17751250000000005,1.2999999999999998,1.3500000000000005,0.155
0.14865,0.17762500000000003,1.2999999999999998,1.3000000000000007,0.155
0.1487,0.17966250000000003,1.2999999999999998,1.4000000000000004,0.155
0.14875,0.17896250000000002,1.2999999999999998,1.4000000000000004,0.155
0.14880000000000002,0.17641250000000003,1.2999999999999998,1.4000000000000004,0.155
0.14885,0.17615000000000003,1.2999999999999998,1.4000000000000004,0.155
0.1489,0.17527500000000004,1.2999999999999998,1.450000000000001,0.155
0.14895,0.17745000000000002,1.1999999999999993,1.5,0.155
0.149,0.17716250000000003,1.1999999999999993,1.5,0.155
0.14905000000000002,0.17496250000000002,1.1999999999999993,1.5,0.155
0.1491,0.17465000000000003,1.1999999999999993,1.5500000000000007,0.155
0.14915,0.17428750000000004,1.1999999999999993,1.5500000000000007,0.155
0.1492,0.17597500000000002,1.1999999999999993,1.6500000000000004,0.155
0.14925,0.17523750000000005,1.1999999999999993,1.6999999999999993,0.155
0.14930000000000002,0.17248750000000004,1.1999999999999993,1.6999999999999993,0.155
0.14935,0.17135000000000003,1.1999999999999993,1.6499999999999995,0.155
0.1494,0.17010000000000003,1.0999999999999996,1.6499999999999995,0.155
0.14945,0.16908750000000003,1.0999999999999996,1.6000000000000005,0.155
0.1495,0.16673750000000004,1.0999999999999996,1.6000000000000005,0.16
0.14955000000000002,0.16401250000000003,1.0999999999999996,1.6000000000000005,0.16
0.1496,0.16118750000000004,1.0999999999999996,1.6000000000000005,0.16
0.14965,0.15905000000000002,1.0999999999999996,1.5499999999999998,0.16
0.1497,0.15670000000000003,1.0999999999999996,1.5499999999999998,0.16
0.14975,0.15387500000000004,1.0999999999999996,1.5499999999999998,0.16
0.14980000000000002,0.15076250000000002,1.0999999999999996,1.5499999999999998,0.16
0.14985,0.14808750000000004,1.0,1.4999999999999991,0.16
0.1499,0.14520000000000002,1.0,1.4999999999999991,0.16
0.14995,0.14238750000000003,1.0,1.4999999999999991,0.16
0.15,0.13957500000000003,1.0,1.4499999999999993,0.16
0.15005000000000002,0.13693750000000002,1.0,1.4499999999999993,0.16
0.1501,0.13391250000000002,1.0,1.4499999999999993,0.16
0.15015,0.13050000000000003,1.0,1.4499999999999993,0.16
0.1502,0.12713750000000001,1.0,1.4499999999999993,0.16
0.15025,0.12388750000000003,1.0,1.4000000000000004,0.16
0.15030000000000002,0.12112500000000002,0.9000000000000004,1.3500000000000005,0.16
0.15035,0.11828750000000002,0.9000000000000004,1.3500000000000005,0.16
0.1504,0.11546250000000002,0.9000000000000004,1.3500000000000005,0.16
0.15045,0.11255000000000003,0.9000000000000004,1.3500000000000005,0.155
0.1505,0.10930000000000002,0.9000000000000004,1.3500000000000005,0.155
0.15055000000000002,0.10555000000000002,0.9000000000000004,1.3500000000000005,0.155
0.1506,0.10280000000000002,0.9000000000000004,1.3000000000000007,0.155
0.15065,0.09995000000000002,0.9000000000000004,1.25,0.155
0.1507,0.09697500000000002,0.8000000000000007,1.25,0.155
0.15075,0.09400000000000001,0.8000000000000007,1.25,0.155
0.15080000000000002,0.09125000000000001,0.8000000000000007,1.25,0.155
0.15085,0.08801250000000002,0.8000000000000007,1.25,0.155
0.1509,0.08505000000000001,0.8000000000000007,1.2000000000000002,0.155
0.15095,0.08190000000000001,0.8000000000000007,1.2000000000000002,0.15
0.151,0.07927500000000001,0.8000000000000007,1.2000000000000002,0.15
0.15105000000000002,0.07603750000000001,0.8000000000000007,1.1499999999999995,0.15
0.1511,0.07328750000000002,0.7000000000000002,1.1499999999999995,0.15
0.15115,0.07058750000000001,0.7000000000000002,1.1499999999999995,0.15
0.1512,0.06793750000000001,0.7000000000000002,1.0999999999999996,0.145
0.15125,0.06530000000000001,0.7000000000000002,1.0999999999999996,0.145
0.15130000000000002,0.06236250000000001,0.7000000000000002,1.0999999999999996,0.145
0.15135,0.05926250000000001,0.7000000000000002,1.0500000000000007,0.145
0.1514,0.05658750000000001,0.7000000000000002,1.0500000000000007,0.13999999999999996
0.15145,0.05421250000000001,0.5999999999999996,1.0,0.13999999999999996
0.1515,0.05185000000000001,0.5999999999999996,1.0,0.13999999999999996
0.15155000000000002,0.049337500000000006,0.5999999999999996,1.0,0.135
0.1516,0.04667500000000001,0.5999999999999996,1.0,0.135
0.15165,0.04408750000000001,0.5999999999999996,0.9499999999999993,0.135
0.1517,0.04161250000000001,0.5999999999999996,0.8999999999999995,0.12999999999999998
0.15175,0.03922500000000001,0.5999999999999996,0.8999999999999995,0.12999999999999998
0.15180000000000002,0.03683750000000001,0.5,0.8999999999999995,0.12999999999999998
0.15185,0.034737500000000004,0.5,0.8999999999999995,0.125
0.1519,0.032350000000000004,0.5,0.8999999999999995,0.125
0.15195,0.030425000000000004,0.5,0.8000000000000007,0.12000000000000001
0.152,0.028087500000000005,0.5,0.8000000000000007,0.12000000000000001
0.15205000000000002,0.025837500000000006,0.5,0.8000000000000007,0.115
0.1521,0.023700000000000006,0.5,0.8000000000000007,0.115
0.15215,0.021962500000000003,0.40000000000000036,0.75,0.11
0.1522,0.020187500000000004,0.40000000000000036,0.6999999999999993,0.11
0.15225,0.01835,0.40000000000000036,0.6999999999999993,0.10500000000000001
0.15230000000000002,0.016262500000000003,0.40000000000000036,0.6999999999999993,0.1
0.15235,0.014475000000000003,0.40000000000000036,0.6500000000000004,0.1
0.1524,0.012912500000000002,0.40000000000000036,0.6000000000000014,0.095
0.15245,0.011337500000000002,0.2999999999999998,0.6000000000000014,0.09000000000000001
0.1525,0.009875000000000002,0.2999999999999998,0.6000000000000014,0.09000000000000001
0.15255000000000002,0.008512500000000001,0.2999999999999998,0.5500000000000016,0.085
0.1526,0.006975000000000001,0.2999999999999998,0.4999999999999991,0.08
0.15265,0.005650000000000001,0.2999999999999998,0.4999999999999991,0.075
0.1527,0.004675000000000001,0.20000000000000107,0.4499999999999984,0.06999999999999998
0.15275,0.0035375000000000007,0.20000000000000107,0.39999999999999947,0.06499999999999999
0.15280000000000002,0.0025000000000000005,0.20000000000000107,0.34999999999999964,0.060000000000000005
0.15285,0.0015250000000000003,0.20000000000000107,0.3000000000000007,0.055
0.1529,0.0008625000000000002,0.09999999999999964,0.2500000000000009,0.045000000000000005
0.15295,0.00021250000000000004,0.09999999999999964,0.20000000000000018,0.03499999999999999
0.153,0.0,0.09999999999999964,0.10000000000000053,0.025
0.15305000000000002,0.0,0.0,0.0,0.0
0.1531,0.0,0.0,0.0,0.0
