t,volume,length,width,depth
0.0,0.0,0.0,0.0,0.0
5e-05,0.0013200000000000004,0.3,0.3,0.029
0.0001,0.004630000000000001,0.6000000000000001,0.3,0.051
0.00015000000000000001,0.0042850000000000015,0.55,0.3,0.051
0.0002,0.005890000000000001,0.7,0.3,0.057
0.00025,0.009500000000000003,1.0,0.3,0.062
0.00030000000000000003,0.008927500000000001,0.95,0.3,0.062
0.00035,0.010250000000000002,1.0999999999999999,0.3,0.063
0.0004,0.011367500000000003,1.25,0.3,0.063
0.00045000000000000004,0.012312500000000002,1.3499999999999999,0.3,0.063
0.0005,0.013087500000000004,1.5,0.3,0.063
0.00055,0.015827500000000005,1.75,0.3,0.063
0.0006000000000000001,0.016230000000000005,1.9000000000000004,0.3,0.063
0.0006500000000000001,0.014415000000000004,1.8500000000000003,0.3,0.063
0.0007,0.014477500000000004,1.9500000000000002,0.3,0.063
0.00075,0.014487500000000004,2.0,0.3,0.063
0.0008,0.014490000000000003,2.05,0.3,0.063
0.0008500000000000001,0.014490000000000003,2.05,0.3,0.063
0.0009000000000000001,0.014490000000000003,2.05,0.3,0.063
0.00095,0.014490000000000003,2.05,0.3,0.063
0.001,0.016540000000000003,2.2,0.3,0.063
0.0010500000000000002,0.014490000000000003,2.05,0.3,0.063
0.0011,0.014490000000000003,2.05,0.3,0.063
0.00115,0.016540000000000003,2.2,0.3,0.063
0.0012000000000000001,0.014490000000000003,2.0500000000000003,0.3,0.063
0.00125,0.016540000000000003,2.2,0.3,0.063
0.0013000000000000002,0.014490000000000003,2.05,0.3,0.063
0.00135,0.014490000000000003,2.0500000000000003,0.3,0.063
0.0014,0.016540000000000003,2.2,0.3,0.063
0.0014500000000000001,0.014490000000000003,2.0500000000000003,0.3,0.063
0.0015,0.016540000000000003,2.1999999999999997,0.3,0.063
0.0015500000000000002,0.014490000000000003,2.05,0.3,0.063
0.0016,0.014490000000000003,2.0499999999999994,0.3,0.063
0.00165,0.014490000000000003,2.05,0.3,0.063
0.0017000000000000001,0.014490000000000003,2.0500000000000003,0.3,0.063
0.00175,0.014490000000000003,2.05,0.3,0.063
0.0018000000000000002,0.014490000000000003,2.0500000000000003,0.3,0.063
0.00185,0.014490000000000003,2.0499999999999994,0.3,0.063
0.0019,0.016540000000000003,2.2,0.3,0.063
0.0019500000000000001,0.014490000000000003,2.0500000000000003,0.3,0.063
0.002,0.014490000000000003,2.0500000000000007,0.3,0.063
0.00205,0.016540000000000003,2.2,0.3,0.063
0.0021000000000000003,0.014490000000000003,2.0500000000000007,0.3,0.063
0.00215,0.014490000000000003,2.0500000000000007,0.3,0.063
0.0022,0.016540000000000003,2.200000000000001,0.3,0.063
0.0022500000000000003,0.014490000000000003,2.0500000000000007,0.3,0.063
0.0023,0.014490000000000003,2.05,0.3,0.063
0.00235,0.016540000000000003,2.1999999999999993,0.3,0.063
0.0024000000000000002,0.016540000000000003,2.2,0.3,0.063
0.00245,0.014490000000000003,2.05,0.3,0.063
0.0025,0.014490000000000003,2.05,0.3,0.063
0.00255,0.016540000000000003,2.2,0.3,0.063
0.0026000000000000003,0.014490000000000003,2.05,0.3,0.063
0.00265,0.014490000000000003,2.0500000000000007,0.3,0.063
0.0027,0.016540000000000003,2.1999999999999993,0.3,0.063
0.0027500000000000003,0.014490000000000003,2.05,0.3,0.063
0.0028,0.014490000000000003,2.05,0.3,0.063
0.00285,0.016540000000000003,2.200000000000001,0.3,0.063
0.0029000000000000002,0.016540000000000003,2.1999999999999993,0.3,0.063
0.00295,0.014490000000000003,2.05,0.3,0.063
0.003,0.014490000000000003,2.05,0.3,0.063
0.00305,0.016540000000000003,2.2,0.3,0.063
0.0031000000000000003,0.014490000000000003,2.0500000000000007,0.3,0.063
0.00315,0.014490000000000003,2.049999999999999,0.3,0.063
0.0032,0.014490000000000003,2.0500000000000016,0.3,0.063
0.0032500000000000003,0.014490000000000003,2.05,0.3,0.063
0.0033,0.014505000000000004,2.05,0.3,0.063
0.00335,0.014472500000000004,2.0,0.3,0.063
0.0034000000000000002,0.014065000000000003,1.8499999999999996,0.35,0.063
0.0034500000000000004,0.013845000000000003,1.6999999999999993,0.35,0.064
0.0035,0.014060000000000003,1.5,0.35,0.07200000000000001
0.00355,0.015157500000000004,1.3500000000000014,0.35,0.079
0.0036000000000000003,0.017045000000000005,1.200000000000001,0.35,0.08399999999999999
0.00365,0.019275000000000004,1.1500000000000004,0.35,0.088
0.0037,0.021760000000000005,1.25,0.35,0.091
0.0037500000000000003,0.024330000000000004,1.4000000000000004,0.35,0.093
0.0038,0.027035000000000007,1.4499999999999993,0.35,0.095
0.00385,0.03301250000000001,1.75,0.35,0.096
0.0039000000000000003,0.03246500000000001,1.75,0.3,0.096
0.00395,0.03477000000000001,1.9000000000000004,0.3,0.096
0.004,0.03987500000000001,2.2,0.3,0.096
0.00405,0.03869500000000001,2.2,0.3,0.095
0.0041,0.04039250000000001,2.3000000000000016,0.3,0.094
0.00415,0.04454500000000001,2.6000000000000014,0.3,0.092
0.004200000000000001,0.04249750000000001,2.6000000000000014,0.3,0.09000000000000001
0.00425,0.04263500000000001,2.750000000000001,0.3,0.088
0.0043,0.04509500000000001,3.0500000000000016,0.3,0.086
0.004350000000000001,0.04254250000000001,3.000000000000001,0.3,0.08399999999999999
0.0044,0.04282500000000001,3.1500000000000004,0.3,0.083
0.00445,0.04550500000000001,3.45,0.3,0.083
0.0045000000000000005,0.042275000000000014,3.3999999999999995,0.3,0.082
0.00455,0.04151250000000001,3.55,0.3,0.081
0.0046,0.04285250000000001,3.8499999999999996,0.3,0.08
0.0046500000000000005,0.03805250000000001,3.799999999999999,0.3,0.08
0.0047,0.03620500000000001,3.8999999999999995,0.3,0.079
0.00475,0.03693000000000001,4.150000000000001,0.3,0.078
0.0048000000000000004,0.032755000000000006,3.749999999999999,0.3,0.078
0.00485,0.034142500000000006,3.5999999999999996,0.3,0.077
0.0049,0.03051250000000001,3.3000000000000007,0.3,0.077
0.00495,0.02965250000000001,3.2,0.3,0.077
0.005,0.03142000000000001,3.3,0.3,0.076
0.005050000000000001,0.028200000000000006,3.05,0.3,0.076
0.0051,0.027602500000000006,3.0,0.3,0.075
0.00515,0.029550000000000007,3.1000000000000005,0.3,0.075
0.005200000000000001,0.026535000000000006,2.95,0.3,0.075
0.00525,0.026075000000000008,2.9000000000000004,0.3,0.074
0.0053,0.028152500000000007,2.9999999999999996,0.3,0.074
0.005350000000000001,0.025272500000000007,2.8000000000000003,0.3,0.074
0.0054,0.024912500000000008,2.8000000000000007,0.3,0.074
0.00545,0.026992500000000006,2.9,0.3,0.073
0.0055000000000000005,0.024230000000000005,2.7500000000000004,0.3,0.073
0.00555,0.023962500000000005,2.7,0.3,0.073
0.0056,0.026127500000000005,2.8500000000000005,0.3,0.073
0.0056500000000000005,0.023422500000000006,2.7,0.3,0.07200000000000001
0.0057,0.025597500000000006,2.8,0.3,0.07200000000000001
0.00575,0.025352500000000007,2.7999999999999994,0.3,0.07200000000000001
0.0058000000000000005,0.022735000000000005,2.6,0.3,0.07200000000000001
0.00585,0.024902500000000008,2.75,0.3,0.07200000000000001
0.0059,0.022297500000000005,2.6000000000000005,0.3,0.07100000000000001
0.00595,0.022115000000000006,2.6,0.3,0.07100000000000001
0.006,0.024345000000000006,2.7,0.3,0.07100000000000001
0.006050000000000001,0.021800000000000007,2.55,0.3,0.07100000000000001
0.0061,0.021615000000000006,2.5500000000000003,0.3,0.07100000000000001
0.00615,0.023777500000000007,2.6999999999999997,0.3,0.07100000000000001
0.006200000000000001,0.021307500000000007,2.5,0.3,0.06999999999999998
0.00625,0.021167500000000006,2.5,0.3,0.06999999999999998
0.0063,0.023402500000000007,2.6500000000000004,0.3,0.06999999999999998
0.006350000000000001,0.020932500000000007,2.5,0.3,0.06999999999999998
0.0064,0.020787500000000004,2.5,0.3,0.06999999999999998
0.00645,0.020652500000000004,2.45,0.3,0.06999999999999998
0.006500000000000001,0.020520000000000004,2.4499999999999997,0.3,0.06999999999999998
0.00655,0.020410000000000005,2.45,0.3,0.06999999999999998
0.0066,0.020277500000000004,2.45,0.3,0.06999999999999998
0.0066500000000000005,0.020182500000000006,2.4499999999999997,0.3,0.06899999999999999
0.0067,0.019795000000000004,2.3499999999999996,0.35,0.06899999999999999
0.00675,0.019107500000000006,2.15,0.35,0.06899999999999999
0.0068000000000000005,0.018530000000000005,1.95,0.35,0.06899999999999999
0.00685,0.018550000000000004,1.8,0.35,0.077
0.006900000000000001,0.021517500000000005,1.65,0.35,0.089
0.0069500000000000004,0.020710000000000006,1.5,0.35,0.089
0.007,0.023015000000000004,1.35,0.35,0.093
0.007050000000000001,0.025750000000000006,1.35,0.35,0.096
0.0071,0.028662500000000007,1.45,0.35,0.098
0.00715,0.031407500000000005,1.55,0.35,0.1
0.007200000000000001,0.03426250000000001,1.7,0.35,0.101
0.00725,0.03698250000000001,1.8499999999999999,0.35,0.102
0.0073,0.03966250000000001,2.0000000000000004,0.35,0.103
0.007350000000000001,0.04230500000000001,2.1500000000000004,0.3,0.103
0.0074,0.04480500000000001,2.25,0.3,0.102
0.00745,0.047152500000000014,2.3499999999999996,0.3,0.102
0.007500000000000001,0.049220000000000014,2.5,0.3,0.101
0.00755,0.05100000000000001,2.65,0.3,0.09899999999999999
0.0076,0.052495000000000014,2.8,0.3,0.098
0.0076500000000000005,0.05375000000000001,2.95,0.3,0.096
0.0077,0.054667500000000015,3.0500000000000003,0.3,0.094
0.00775,0.05822250000000002,3.35,0.3,0.092
0.0078000000000000005,0.057762500000000015,3.5,0.3,0.091
0.007850000000000001,0.05356250000000001,3.5,0.3,0.09000000000000001
0.0079,0.053447500000000016,3.5999999999999996,0.3,0.089
0.00795,0.053127500000000015,3.75,0.3,0.088
0.008,0.05250500000000001,3.9000000000000004,0.3,0.087
0.00805,0.054667500000000015,4.15,0.3,0.087
0.0081,0.053295000000000016,4.3,0.3,0.086
0.008150000000000001,0.04818500000000001,4.25,0.3,0.085
0.0082,0.04598500000000001,4.3500000000000005,0.3,0.085
0.00825,0.04387500000000001,4.45,0.3,0.08399999999999999
0.0083,0.04200500000000001,4.35,0.3,0.08399999999999999
0.00835,0.04338750000000001,4.199999999999999,0.3,0.083
0.008400000000000001,0.042087500000000014,4.0,0.3,0.083
0.008450000000000001,0.03816500000000001,3.7,0.3,0.082
0.0085,0.03721500000000001,3.5499999999999994,0.3,0.082
0.00855,0.03635750000000001,3.5,0.3,0.082
0.0086,0.03839500000000001,3.55,0.3,0.081
0.00865,0.03768500000000001,3.5,0.3,0.081
0.008700000000000001,0.034267500000000006,3.3000000000000003,0.3,0.081
0.00875,0.03371750000000001,3.2999999999999994,0.3,0.08
0.0088,0.03316750000000001,3.25,0.3,0.08
0.00885,0.03268000000000001,3.1999999999999997,0.3,0.08
0.0089,0.03495000000000001,3.2999999999999994,0.3,0.079
0.00895,0.034502500000000005,3.3000000000000007,0.3,0.079
0.009000000000000001,0.031380000000000005,3.1000000000000005,0.3,0.079
0.00905,0.030990000000000007,3.0999999999999996,0.3,0.079
0.0091,0.030642500000000007,3.0500000000000007,0.3,0.078
0.00915,0.030320000000000007,3.0500000000000007,0.3,0.078
0.0092,0.03272500000000001,3.1499999999999995,0.3,0.078
0.009250000000000001,0.03239000000000001,3.1499999999999995,0.3,0.078
0.009300000000000001,0.029442500000000007,3.0,0.3,0.078
0.00935,0.029180000000000008,2.9499999999999984,0.3,0.077
0.0094,0.028900000000000006,2.950000000000001,0.3,0.077
0.00945,0.028675000000000006,2.9499999999999993,0.3,0.077
0.0095,0.031097500000000007,3.05,0.3,0.077
0.009550000000000001,0.030855000000000007,3.05,0.3,0.077
0.009600000000000001,0.027985000000000006,2.9000000000000004,0.3,0.077
0.00965,0.027822500000000007,2.8500000000000005,0.3,0.076
0.0097,0.027635000000000007,2.8499999999999996,0.3,0.076
0.00975,0.030062500000000006,3.0,0.3,0.076
0.0098,0.02986750000000001,3.000000000000001,0.3,0.076
0.009850000000000001,0.027095000000000008,2.8,0.3,0.076
0.0099,0.02687000000000001,2.799999999999999,0.3,0.076
0.00995,0.026715000000000006,2.8000000000000007,0.3,0.076
0.01,0.026150000000000007,2.7,0.35000000000000003,0.076
0.01005,0.026880000000000008,2.55,0.4,0.075
0.010100000000000001,0.026137500000000008,2.3000000000000016,0.35,0.08
0.010150000000000001,0.023915000000000006,2.1500000000000012,0.35,0.08
0.0102,0.024020000000000007,2.000000000000001,0.35,0.087
0.01025,0.024840000000000008,1.8500000000000014,0.35,0.092
0.0103,0.026627500000000005,1.700000000000001,0.35,0.097
0.01035,0.03274250000000001,1.5500000000000007,0.35,0.103
0.010400000000000001,0.036307500000000006,1.5999999999999996,0.35,0.10500000000000001
0.010450000000000001,0.035870000000000006,1.5999999999999996,0.35,0.10500000000000001
0.0105,0.03919750000000001,1.6999999999999993,0.35,0.107
0.01055,0.04220250000000001,1.8499999999999996,0.35,0.108
0.0106,0.04881000000000001,2.1500000000000004,0.35,0.10900000000000001
0.01065,0.051552500000000015,2.3000000000000007,0.35,0.10900000000000001
0.010700000000000001,0.054072500000000016,2.45,0.35,0.10900000000000001
0.010750000000000001,0.05288750000000001,2.3999999999999995,0.35,0.10900000000000001
0.0108,0.05520500000000001,2.55,0.35,0.108
0.01085,0.05753500000000002,2.6999999999999993,0.35,0.108
0.0109,0.06319250000000001,2.999999999999999,0.30000000000000004,0.107
0.01095,0.06510000000000002,3.1499999999999995,0.30000000000000004,0.10500000000000001
0.011000000000000001,0.06334250000000001,3.1499999999999995,0.30000000000000004,0.104
0.01105,0.06485250000000002,3.2499999999999982,0.30000000000000004,0.102
0.0111,0.06604750000000002,3.3999999999999986,0.30000000000000004,0.1
0.01115,0.06687250000000002,3.549999999999999,0.30000000000000004,0.098
0.0112,0.07062250000000002,3.8499999999999988,0.30000000000000004,0.097
0.011250000000000001,0.07055250000000002,3.999999999999999,0.30000000000000004,0.095
0.011300000000000001,0.06645250000000001,3.95,0.30000000000000004,0.094
0.01135,0.06415000000000001,4.1000000000000005,0.30000000000000004,0.093
0.0114,0.06333250000000001,4.25,0.30000000000000004,0.092
0.01145,0.06564500000000002,4.500000000000001,0.30000000000000004,0.091
0.0115,0.06456000000000002,4.650000000000001,0.30000000000000004,0.09000000000000001
0.011550000000000001,0.06314000000000002,4.750000000000001,0.30000000000000004,0.09000000000000001
0.011600000000000001,0.05799500000000001,4.750000000000001,0.30000000000000004,0.089
0.01165,0.055097500000000015,4.85,0.30000000000000004,0.089
0.0117,0.05250000000000001,4.949999999999999,0.30000000000000004,0.088
0.01175,0.05320000000000001,5.1000000000000005,0.30000000000000004,0.088
0.0118,0.051310000000000015,4.799999999999999,0.30000000000000004,0.087
0.011850000000000001,0.04669000000000001,4.35,0.30000000000000004,0.087
0.0119,0.04535000000000001,4.149999999999999,0.30000000000000004,0.086
0.01195,0.04412000000000001,3.9999999999999996,0.30000000000000004,0.086
0.012,0.04312000000000001,3.8999999999999995,0.30000000000000004,0.085
0.01205,0.04512250000000001,3.9499999999999997,0.30000000000000004,0.085
0.012100000000000001,0.04425750000000001,3.8500000000000005,0.30000000000000004,0.085
0.012150000000000001,0.04050000000000001,3.6499999999999995,0.30000000000000004,0.08399999999999999
0.0122,0.03980000000000001,3.6,0.30000000000000004,0.08399999999999999
0.01225,0.03909500000000001,3.5500000000000003,0.30000000000000004,0.08399999999999999
0.0123,0.04141750000000001,3.65,0.30000000000000004,0.083
0.01235,0.04082750000000001,3.6500000000000004,0.30000000000000004,0.083
0.012400000000000001,0.04026750000000001,3.6,0.30000000000000004,0.083
0.012450000000000001,0.03689250000000001,3.4,0.30000000000000004,0.083
0.0125,0.03643000000000001,3.3999999999999995,0.30000000000000004,0.082
0.01255,0.03597750000000001,3.35,0.30000000000000004,0.082
0.0126,0.03842750000000001,3.5,0.30000000000000004,0.082
0.01265,0.03797500000000001,3.4499999999999997,0.30000000000000004,0.082
0.012700000000000001,0.037605000000000006,3.4499999999999993,0.30000000000000004,0.081
0.012750000000000001,0.03440750000000001,3.25,0.30000000000000004,0.081
0.0128,0.03406750000000001,3.25,0.30000000000000004,0.081
0.01285,0.033740000000000006,3.1999999999999997,0.30000000000000004,0.081
0.0129,0.03341250000000001,3.2,0.30000000000000004,0.081
0.012950000000000001,0.03313250000000001,3.1999999999999997,0.30000000000000004,0.08
0.013000000000000001,0.03285500000000001,3.1500000000000004,0.30000000000000004,0.08
0.01305,0.03256250000000001,3.1500000000000004,0.30000000000000004,0.08
0.0131,0.03225000000000001,3.1500000000000004,0.30000000000000004,0.08
0.01315,0.03197500000000001,3.1,0.30000000000000004,0.08
0.0132,0.03166000000000001,3.0500000000000003,0.30000000000000004,0.079
0.013250000000000001,0.03103000000000001,3.0000000000000004,0.35,0.079
0.013300000000000001,0.030085000000000008,2.75,0.4,0.079
0.01335,0.028967500000000007,2.6,0.4,0.079
0.0134,0.028050000000000005,2.45,0.35000000000000003,0.081
0.01345,0.027650000000000008,2.3,0.35000000000000003,0.088
0.0135,0.02804250000000001,2.15,0.35000000000000003,0.093
0.013550000000000001,0.029057500000000007,1.9500000000000002,0.35000000000000003,0.098
0.013600000000000001,0.031060000000000008,1.7999999999999998,0.35000000000000003,0.102
0.01365,0.03403000000000001,1.6,0.35000000000000003,0.10500000000000001
0.0137,0.03747250000000001,1.6,0.35000000000000003,0.107
0.01375,0.04112750000000001,1.7000000000000002,0.35000000000000003,0.10900000000000001
0.013800000000000002,0.04477000000000001,1.85,0.35000000000000003,0.111
0.013850000000000001,0.05223000000000001,2.15,0.35000000000000003,0.112
0.013900000000000001,0.051240000000000015,2.15,0.35000000000000003,0.112
0.01395,0.05400500000000001,2.3,0.35000000000000003,0.11299999999999999
0.014,0.056805000000000015,2.4,0.35000000000000003,0.11299999999999999
0.01405,0.059350000000000014,2.55,0.35000000000000003,0.11299999999999999
0.014100000000000001,0.061717500000000015,2.6999999999999997,0.35000000000000003,0.112
0.014150000000000001,0.06378750000000001,2.85,0.35000000000000003,0.112
0.0142,0.06569500000000002,3.0,0.35000000000000003,0.111
0.01425,0.06779250000000002,3.15,0.30000000000000004,0.11
0.0143,0.06979750000000001,3.25,0.30000000000000004,0.108
0.01435,0.07161750000000001,3.4,0.30000000000000004,0.107
0.014400000000000001,0.07307500000000001,3.55,0.30000000000000004,0.10500000000000001
0.014450000000000001,0.07419750000000001,3.7,0.30000000000000004,0.103
0.0145,0.07510250000000002,3.8500000000000005,0.30000000000000004,0.101
0.01455,0.07562250000000002,3.95,0.30000000000000004,0.1
0.0146,0.07572500000000001,4.1000000000000005,0.30000000000000004,0.098
0.014650000000000002,0.07515750000000002,4.25,0.30000000000000004,0.097
0.014700000000000001,0.07720250000000002,4.550000000000001,0.30000000000000004,0.096
0.014750000000000001,0.07125000000000002,4.500000000000001,0.30000000000000004,0.095
0.0148,0.07004250000000002,4.65,0.30000000000000004,0.094
0.01485,0.06885500000000001,4.800000000000001,0.30000000000000004,0.093
0.0149,0.06733750000000002,4.8999999999999995,0.30000000000000004,0.093
0.014950000000000001,0.06542000000000002,5.0,0.30000000000000004,0.092
0.015000000000000001,0.06602000000000002,5.3,0.30000000000000004,0.092
0.015050000000000001,0.059760000000000014,5.25,0.30000000000000004,0.091
0.0151,0.057110000000000015,5.249999999999999,0.30000000000000004,0.091
0.01515,0.054882500000000015,5.05,0.30000000000000004,0.09000000000000001
0.0152,0.053072500000000015,4.75,0.30000000000000004,0.09000000000000001
0.015250000000000001,0.051490000000000015,4.55,0.30000000000000004,0.089
0.015300000000000001,0.05013500000000001,4.35,0.30000000000000004,0.089
0.01535,0.048965000000000015,4.25,0.30000000000000004,0.088
0.0154,0.04787750000000001,4.1,0.30000000000000004,0.088
0.01545,0.04687250000000001,4.049999999999999,0.30000000000000004,0.088
0.0155,0.04598250000000001,3.9,0.30000000000000004,0.087
0.015550000000000001,0.04823250000000001,3.9999999999999996,0.30000000000000004,0.087
0.015600000000000001,0.04439000000000001,3.7499999999999996,0.30000000000000004,0.087
0.01565,0.04670500000000001,3.8499999999999996,0.30000000000000004,0.086
0.015700000000000002,0.04299500000000001,3.6499999999999995,0.30000000000000004,0.086
0.01575,0.04239750000000001,3.5999999999999996,0.30000000000000004,0.086
0.0158,0.04180000000000001,3.6000000000000005,0.30000000000000004,0.086
0.01585,0.04129250000000001,3.55,0.30000000000000004,0.085
0.0159,0.04376250000000001,3.7,0.30000000000000004,0.085
0.015950000000000002,0.04026500000000001,3.500000000000001,0.30000000000000004,0.085
0.016,0.04280750000000001,3.5999999999999988,0.30000000000000004,0.085
0.016050000000000002,0.03938750000000001,3.4499999999999993,0.30000000000000004,0.08399999999999999
0.0161,0.03899250000000001,3.3999999999999995,0.30000000000000004,0.08399999999999999
0.01615,0.04157000000000001,3.5500000000000007,0.30000000000000004,0.08399999999999999
0.0162,0.03819750000000001,3.4000000000000004,0.30000000000000004,0.08399999999999999
0.01625,0.04079750000000001,3.499999999999999,0.30000000000000004,0.083
0.016300000000000002,0.03745250000000001,3.3499999999999988,0.30000000000000004,0.083
0.01635,0.03714500000000001,3.3,0.30000000000000004,0.083
0.0164,0.03945250000000001,3.45,0.30000000000000004,0.083
0.01645,0.03619750000000001,3.3000000000000007,0.30000000000000004,0.083
0.0165,0.03702250000000001,3.05,0.4,0.083
0.016550000000000002,0.034037500000000005,2.9000000000000004,0.4,0.082
0.0166,0.03263750000000001,2.749999999999999,0.4,0.082
0.01665,0.03178500000000001,2.5999999999999996,0.35000000000000003,0.087
0.0167,0.03146000000000001,2.3999999999999995,0.35000000000000003,0.093
0.01675,0.03445250000000001,2.25,0.35000000000000003,0.102
0.016800000000000002,0.03300250000000001,2.049999999999999,0.35000000000000003,0.102
0.01685,0.03859500000000001,1.8999999999999986,0.35000000000000003,0.108
0.016900000000000002,0.03821500000000001,1.6999999999999993,0.35000000000000003,0.108
0.01695,0.04177750000000001,1.6999999999999993,0.35000000000000003,0.111
0.017,0.05000000000000001,1.9499999999999993,0.35000000000000003,0.114
0.01705,0.04945500000000001,1.9499999999999993,0.35000000000000003,0.114
0.0171,0.05736250000000002,2.2499999999999982,0.35000000000000003,0.116
0.017150000000000002,0.056582500000000015,2.2499999999999982,0.35000000000000003,0.116
0.0172,0.05989500000000002,2.3499999999999996,0.35000000000000003,0.116
0.01725,0.06679750000000002,2.6499999999999995,0.35000000000000003,0.116
0.0173,0.06538750000000002,2.6499999999999995,0.35000000000000003,0.116
0.01735,0.07179500000000001,2.95,0.35000000000000003,0.116
0.017400000000000002,0.07012250000000002,2.95,0.35000000000000003,0.115
0.01745,0.07206750000000002,3.1000000000000005,0.35000000000000003,0.114
0.0175,0.07388250000000002,3.25,0.35000000000000003,0.11299999999999999
0.01755,0.07550750000000002,3.3500000000000014,0.35000000000000003,0.112
0.0176,0.08106000000000002,3.6500000000000012,0.35000000000000003,0.11
0.017650000000000002,0.07904750000000002,3.6500000000000012,0.30000000000000004,0.10900000000000001
0.0177,0.08408750000000002,3.950000000000001,0.30000000000000004,0.107
0.017750000000000002,0.08166750000000002,3.950000000000001,0.30000000000000004,0.10500000000000001
0.0178,0.08257000000000002,4.050000000000001,0.30000000000000004,0.104
0.01785,0.08670500000000002,4.3500000000000005,0.30000000000000004,0.102
0.0179,0.08319500000000002,4.3500000000000005,0.30000000000000004,0.101
0.01795,0.08626750000000002,4.65,0.30000000000000004,0.09899999999999999
0.018000000000000002,0.08184750000000002,4.6,0.30000000000000004,0.098
0.01805,0.08023500000000001,4.749999999999999,0.30000000000000004,0.097
0.0181,0.07722000000000002,4.8999999999999995,0.30000000000000004,0.096
0.01815,0.07572500000000001,4.999999999999999,0.30000000000000004,0.096
0.0182,0.07744500000000001,5.299999999999999,0.30000000000000004,0.095
0.018250000000000002,0.07207500000000001,5.25,0.30000000000000004,0.094
0.0183,0.06955250000000002,5.3999999999999995,0.30000000000000004,0.094
0.01835,0.06645250000000001,5.499999999999999,0.30000000000000004,0.093
0.0184,0.06334250000000001,5.550000000000002,0.30000000000000004,0.093
0.01845,0.06400750000000002,5.6,0.30000000000000004,0.092
0.018500000000000003,0.05860500000000002,5.1,0.30000000000000004,0.092
0.01855,0.06007750000000001,5.000000000000001,0.30000000000000004,0.091
0.018600000000000002,0.05527500000000001,4.6499999999999995,0.30000000000000004,0.091
0.01865,0.053940000000000016,4.5,0.30000000000000004,0.091
0.0187,0.05589750000000002,4.55,0.30000000000000004,0.09000000000000001
0.01875,0.05159250000000001,4.3,0.30000000000000004,0.09000000000000001
0.0188,0.05374000000000002,4.35,0.30000000000000004,0.089
0.018850000000000002,0.04962500000000001,4.100000000000001,0.30000000000000004,0.089
0.0189,0.04877250000000001,4.05,0.30000000000000004,0.089
0.01895,0.04797500000000001,4.0,0.30000000000000004,0.089
0.019,0.047257500000000015,3.8999999999999995,0.30000000000000004,0.088
0.01905,0.049680000000000016,4.0,0.30000000000000004,0.088
0.019100000000000002,0.04587500000000001,3.8,0.30000000000000004,0.088
0.01915,0.04838250000000001,3.9,0.30000000000000004,0.087
0.019200000000000002,0.04469250000000001,3.7500000000000004,0.30000000000000004,0.087
0.01925,0.04414500000000001,3.7,0.30000000000000004,0.087
0.0193,0.04672500000000001,3.8499999999999996,0.30000000000000004,0.087
0.019350000000000003,0.04316250000000001,3.6499999999999995,0.30000000000000004,0.086
0.0194,0.04575000000000001,3.8000000000000003,0.30000000000000004,0.086
0.019450000000000002,0.04224250000000001,3.6,0.30000000000000004,0.086
0.0195,0.04175250000000001,3.6000000000000005,0.30000000000000004,0.086
0.01955,0.044225000000000014,3.65,0.30000000000000004,0.086
0.0196,0.04081250000000001,3.5,0.30000000000000004,0.085
0.01965,0.04198000000000001,3.4000000000000004,0.4,0.085
0.019700000000000002,0.03872250000000001,3.1999999999999997,0.4,0.085
0.01975,0.03728250000000001,3.05,0.4,0.085
0.0198,0.03585500000000001,2.85,0.4,0.085
0.01985,0.034850000000000006,2.6999999999999997,0.4,0.09000000000000001
0.0199,0.03700250000000001,2.55,0.35,0.101
0.019950000000000002,0.03489750000000001,2.3000000000000003,0.35,0.101
0.02,0.03918750000000001,2.15,0.35,0.108
0.020050000000000002,0.03808500000000001,2.0,0.35,0.108
0.0201,0.04124250000000001,1.85,0.35,0.111
0.02015,0.049242500000000015,1.9,0.35,0.115
0.020200000000000003,0.048805000000000015,1.9,0.35,0.115
0.02025,0.057185000000000014,2.1999999999999997,0.35,0.117
0.020300000000000002,0.056625000000000016,2.1999999999999997,0.35,0.117
0.02035,0.06040250000000001,2.3000000000000003,0.35,0.118
0.0204,0.06825750000000001,2.5500000000000003,0.35,0.11900000000000001
0.02045,0.06724500000000001,2.5500000000000003,0.35,0.11900000000000001
0.0205,0.07420250000000002,2.85,0.35,0.11900000000000001
0.020550000000000002,0.07257750000000002,2.85,0.35,0.118
0.0206,0.07491000000000002,3.0,0.35,0.118
0.02065,0.07702750000000001,3.15,0.35,0.117
0.0207,0.07895500000000003,3.25,0.35,0.116
0.02075,0.08460000000000002,3.55,0.35,0.115
0.020800000000000003,0.08221000000000002,3.55,0.35,0.11299999999999999
0.02085,0.08739250000000003,3.85,0.35,0.112
0.020900000000000002,0.08500500000000002,3.85,0.35,0.11
0.02095,0.08651750000000002,3.9499999999999997,0.3,0.108
0.021,0.09139500000000002,4.249999999999999,0.3,0.107
0.021050000000000003,0.08851250000000002,4.249999999999999,0.3,0.10500000000000001
0.0211,0.09260500000000002,4.55,0.3,0.104
0.021150000000000002,0.08902000000000002,4.55,0.3,0.102
0.0212,0.08867500000000002,4.65,0.3,0.101
0.02125,0.09129500000000003,4.95,0.3,0.1
0.0213,0.08634000000000003,4.95,0.3,0.09899999999999999
0.02135,0.08760250000000003,5.2,0.3,0.098
0.021400000000000002,0.08119000000000003,5.2,0.3,0.097
0.02145,0.08274250000000002,5.45,0.3,0.097
0.021500000000000002,0.07714000000000001,5.45,0.3,0.096
0.02155,0.07462000000000002,5.550000000000001,0.3,0.095
0.0216,0.07498250000000002,5.8,0.3,0.095
0.021650000000000003,0.06818000000000002,5.7,0.3,0.094
0.0217,0.06874750000000002,5.75,0.3,0.094
0.021750000000000002,0.06308250000000001,5.3,0.3,0.093
0.0218,0.06115250000000001,5.0,0.3,0.093
0.02185,0.06285000000000002,5.0,0.3,0.093
0.0219,0.058040000000000015,4.7,0.3,0.092
0.02195,0.060032500000000016,4.7,0.3,0.092
0.022000000000000002,0.05553750000000002,4.449999999999999,0.3,0.092
0.02205,0.054440000000000016,4.35,0.3,0.091
0.0221,0.056715000000000015,4.4,0.3,0.091
0.02215,0.05250500000000001,4.2,0.3,0.091
0.0222,0.05488500000000002,4.3,0.3,0.09000000000000001
0.022250000000000002,0.05084000000000001,4.05,0.3,0.09000000000000001
0.0223,0.053327500000000014,4.15,0.3,0.09000000000000001
0.022350000000000002,0.04940500000000001,3.950000000000001,0.3,0.089
0.0224,0.04873750000000001,3.8999999999999995,0.3,0.089
0.02245,0.051337500000000015,4.05,0.3,0.089
0.022500000000000003,0.047542500000000015,3.8499999999999996,0.3,0.089
0.02255,0.050122500000000014,3.9499999999999993,0.3,0.088
0.022600000000000002,0.04646000000000001,3.749999999999999,0.3,0.088
0.02265,0.04588500000000001,3.749999999999999,0.3,0.088
0.0227,0.048325000000000014,3.8500000000000005,0.3,0.088
0.02275,0.04478750000000001,3.7,0.3,0.087
0.0228,0.04567000000000001,3.5,0.39999999999999997,0.087
0.022850000000000002,0.04216000000000001,3.3499999999999996,0.39999999999999997,0.087
0.0229,0.04068250000000001,3.1999999999999993,0.39999999999999997,0.087
0.02295,0.04128750000000001,3.0,0.39999999999999997,0.092
0.023,0.03810000000000001,2.8000000000000016,0.39999999999999997,0.092
0.02305,0.04002500000000001,2.6000000000000005,0.39999999999999997,0.103
0.023100000000000002,0.03769000000000001,2.450000000000001,0.35,0.103
0.02315,0.04168000000000001,2.3000000000000007,0.35,0.11
0.023200000000000002,0.04043000000000001,2.1000000000000014,0.35,0.11
0.02325,0.04332000000000001,1.950000000000001,0.35,0.11299999999999999
0.0233,0.051350000000000014,1.950000000000001,0.35,0.117
0.023350000000000003,0.050872500000000015,1.950000000000001,0.35,0.117
0.0234,0.05954750000000002,2.200000000000001,0.35,0.11900000000000001
0.023450000000000002,0.05906250000000002,2.1500000000000004,0.35,0.11900000000000001
0.0235,0.06304500000000002,2.3000000000000007,0.35,0.12000000000000001
0.02355,0.07121500000000001,2.6000000000000005,0.35,0.121
0.0236,0.07037000000000002,2.6000000000000005,0.35,0.121
0.02365,0.07794000000000002,2.9000000000000004,0.35,0.121
0.023700000000000002,0.07659250000000002,2.9000000000000004,0.35,0.12000000000000001
0.02375,0.07896250000000002,3.0500000000000007,0.35,0.12000000000000001
0.0238,0.08540750000000003,3.3,0.35,0.11900000000000001
0.02385,0.08327500000000002,3.3,0.35,0.118
0.0239,0.08924000000000003,3.5999999999999996,0.35,0.117
0.023950000000000003,0.08682750000000002,3.5999999999999996,0.35,0.116
0.024,0.09217500000000002,3.8999999999999995,0.35,0.115
0.024050000000000002,0.08937500000000002,3.8999999999999995,0.35,0.11299999999999999
0.0241,0.09044000000000002,3.999999999999999,0.35,0.111
0.02415,0.09555250000000003,4.299999999999999,0.35,0.11
0.024200000000000003,0.09286750000000002,4.299999999999999,0.29999999999999993,0.108
0.02425,0.09737500000000003,4.599999999999999,0.29999999999999993,0.106
0.024300000000000002,0.09405500000000003,4.599999999999999,0.29999999999999993,0.10500000000000001
0.02435,0.09409750000000003,4.7,0.29999999999999993,0.104
0.0244,0.09738250000000002,5.0,0.29999999999999993,0.103
0.02445,0.09283250000000003,5.0,0.29999999999999993,0.102
0.0245,0.09525000000000003,5.249999999999999,0.29999999999999993,0.101
0.024550000000000002,0.08975250000000003,5.249999999999999,0.29999999999999993,0.1
0.0246,0.08992000000000003,5.549999999999999,0.29999999999999993,0.09899999999999999
0.024650000000000002,0.08758750000000003,5.65,0.29999999999999993,0.098
0.0247,0.08169250000000002,5.65,0.29999999999999993,0.097
0.02475,0.08256750000000002,5.900000000000002,0.29999999999999993,0.097
0.024800000000000003,0.07609000000000002,5.85,0.29999999999999993,0.096
0.02485,0.07604750000000002,6.049999999999999,0.29999999999999993,0.096
0.024900000000000002,0.06946500000000001,5.85,0.29999999999999993,0.095
0.02495,0.06700000000000002,5.5,0.29999999999999993,0.095
0.025,0.06842750000000002,5.3500000000000005,0.29999999999999993,0.094
0.025050000000000003,0.06320000000000002,5.0,0.29999999999999993,0.094
0.0251,0.06501500000000002,5.0,0.29999999999999993,0.094
0.025150000000000002,0.060212500000000016,4.75,0.29999999999999993,0.093
0.0252,0.058942500000000016,4.6000000000000005,0.29999999999999993,0.093
0.02525,0.06113250000000001,4.699999999999999,0.29999999999999993,0.093
0.0253,0.056727500000000014,4.45,0.29999999999999993,0.092
0.02535,0.05907000000000001,4.5,0.29999999999999993,0.092
0.025400000000000002,0.05481750000000001,4.300000000000001,0.29999999999999993,0.092
0.02545,0.057227500000000014,4.4,0.29999999999999993,0.091
0.025500000000000002,0.056422500000000014,4.35,0.29999999999999993,0.091
0.02555,0.05239000000000001,4.1,0.29999999999999993,0.091
0.0256,0.05166500000000001,4.1000000000000005,0.29999999999999993,0.09000000000000001
0.025650000000000003,0.05101500000000001,4.05,0.29999999999999993,0.09000000000000001
0.0257,0.05034250000000001,4.0,0.29999999999999993,0.09000000000000001
0.025750000000000002,0.04971750000000001,3.9499999999999997,0.29999999999999993,0.09000000000000001
0.0258,0.04905000000000001,3.8999999999999995,0.29999999999999993,0.089
0.02585,0.04842500000000001,3.9000000000000004,0.29999999999999993,0.089
0.025900000000000003,0.04732750000000001,3.7,0.35,0.089
0.02595,0.04567750000000001,3.5,0.3999999999999999,0.089
0.026000000000000002,0.04387250000000001,3.35,0.3999999999999999,0.089
0.02605,0.04243750000000001,3.0999999999999996,0.3999999999999999,0.088
0.0261,0.04131500000000001,2.9499999999999997,0.3999999999999999,0.093
0.02615,0.04057500000000001,2.75,0.3999999999999999,0.098
0.0262,0.04024250000000001,2.5999999999999996,0.3999999999999999,0.103
0.026250000000000002,0.04058500000000001,2.4499999999999997,0.3999999999999999,0.107
0.0263,0.042087500000000014,2.25,0.35,0.111
0.026350000000000002,0.04445250000000001,2.0999999999999996,0.35,0.11299999999999999
0.0264,0.04790500000000001,1.9499999999999997,0.35,0.116
0.02645,0.05177000000000001,1.9499999999999997,0.35,0.118
0.026500000000000003,0.056042500000000016,2.05,0.35,0.11900000000000001
0.02655,0.060267500000000016,2.2,0.35,0.12000000000000001
0.026600000000000002,0.06433000000000001,2.3000000000000003,0.35,0.121
0.02665,0.06827500000000002,2.45,0.35,0.122
0.0267,0.07206250000000002,2.6,0.35,0.122
0.026750000000000003,0.07560750000000002,2.75,0.35,0.122
0.0268,0.07882500000000002,2.9,0.35,0.122
0.026850000000000002,0.08189500000000002,3.05,0.35,0.122
0.0269,0.08449750000000002,3.15,0.35,0.121
0.02695,0.08660750000000002,3.3,0.35,0.121
0.027,0.08857750000000002,3.4499999999999997,0.35,0.12000000000000001
0.02705,0.09044000000000002,3.5999999999999996,0.35,0.118
0.027100000000000003,0.09193500000000002,3.75,0.35,0.117
0.02715,0.09326500000000003,3.8999999999999995,0.35,0.116
0.027200000000000002,0.09441750000000003,4.0,0.35,0.114
0.02725,0.09529000000000003,4.1499999999999995,0.35,0.112
0.0273,0.09603750000000003,4.3,0.35,0.111
0.027350000000000003,0.09701750000000002,4.45,0.35,0.10900000000000001
0.0274,0.09781750000000003,4.6000000000000005,0.35,0.108
0.027450000000000002,0.09832250000000002,4.7,0.29999999999999993,0.106
0.0275,0.09829500000000002,4.8500000000000005,0.29999999999999993,0.10500000000000001
0.02755,0.09779500000000002,5.0,0.29999999999999993,0.104
0.027600000000000003,0.09711750000000002,5.1000000000000005,0.29999999999999993,0.103
0.02765,0.09593750000000002,5.250000000000001,0.29999999999999993,0.102
0.027700000000000002,0.09424500000000002,5.4,0.29999999999999993,0.101
0.02775,0.09542750000000003,5.6499999999999995,0.29999999999999993,0.1
0.027800000000000002,0.08818250000000002,5.6499999999999995,0.29999999999999993,0.09899999999999999
0.02785,0.08565500000000002,5.75,0.29999999999999993,0.098
0.0279,0.08296000000000002,5.8999999999999995,0.29999999999999993,0.098
0.027950000000000003,0.07998500000000001,6.0,0.29999999999999993,0.097
0.028,0.07646500000000002,6.05,0.29999999999999993,0.097
0.028050000000000002,0.07309500000000002,6.0,0.29999999999999993,0.096
0.0281,0.07051250000000002,5.65,0.29999999999999993,0.096
0.02815,0.06832750000000001,5.3999999999999995,0.29999999999999993,0.096
0.028200000000000003,0.06642750000000001,5.15,0.29999999999999993,0.095
0.02825,0.06475250000000002,5.0,0.29999999999999993,0.095
0.028300000000000002,0.06332250000000002,4.85,0.29999999999999993,0.094
0.02835,0.061910000000000014,4.75,0.29999999999999993,0.094
0.0284,0.06070250000000001,4.65,0.29999999999999993,0.094
0.028450000000000003,0.05958250000000002,4.55,0.29999999999999993,0.093
0.0285,0.05852750000000002,4.5,0.29999999999999993,0.093
0.028550000000000002,0.05755750000000001,4.4,0.29999999999999993,0.093
0.0286,0.06001250000000002,4.5,0.29999999999999993,0.092
0.028650000000000002,0.05581000000000001,4.3,0.29999999999999993,0.092
0.0287,0.055022500000000016,4.25,0.29999999999999993,0.092
0.02875,0.05427000000000001,4.2,0.29999999999999993,0.092
0.028800000000000003,0.05350750000000001,4.149999999999999,0.29999999999999993,0.091
0.02885,0.05275000000000001,4.1,0.29999999999999993,0.091
0.028900000000000002,0.05197750000000001,4.05,0.29999999999999993,0.091
0.02895,0.051045000000000014,3.95,0.35,0.091
0.029,0.049352500000000014,3.750000000000001,0.4,0.09000000000000001
0.029050000000000003,0.04743500000000001,3.55,0.4,0.09000000000000001
0.0291,0.04583000000000001,3.3,0.4,0.09000000000000001
0.029150000000000002,0.04444250000000001,3.1499999999999995,0.4,0.092
0.0292,0.04359000000000001,2.95,0.4,0.097
0.02925,0.04300500000000001,2.8,0.4,0.103
0.029300000000000003,0.04285250000000001,2.5999999999999996,0.4,0.107
0.02935,0.04350750000000001,2.4499999999999993,0.4,0.11
0.029400000000000003,0.04516500000000001,2.25,0.4,0.11299999999999999
0.02945,0.05199250000000001,2.0999999999999996,0.3500000000000001,0.118
0.029500000000000002,0.05163250000000001,1.8999999999999995,0.3500000000000001,0.118
0.02955,0.055902500000000015,1.9999999999999982,0.3500000000000001,0.12000000000000001
0.0296,0.06022250000000001,2.1499999999999986,0.3500000000000001,0.121
0.029650000000000003,0.06442750000000001,2.299999999999999,0.3500000000000001,0.122
0.0297,0.06848000000000001,2.4499999999999984,0.3500000000000001,0.12300000000000001
0.029750000000000002,0.07246250000000001,2.5999999999999996,0.3500000000000001,0.12300000000000001
0.0298,0.07631250000000002,2.749999999999999,0.3500000000000001,0.124
0.02985,0.07986750000000002,2.8999999999999995,0.3500000000000001,0.124
0.029900000000000003,0.08324250000000002,3.0,0.3500000000000001,0.124
0.02995,0.08630750000000002,3.0999999999999996,0.3500000000000001,0.12300000000000001
0.030000000000000002,0.08892500000000002,3.25,0.3500000000000001,0.122
0.03005,0.09545000000000002,3.55,0.3500000000000001,0.122
0.030100000000000002,0.09316000000000002,3.55,0.3500000000000001,0.121
0.03015,0.09493000000000003,3.7,0.3500000000000001,0.11900000000000001
0.0302,0.09636500000000002,3.8500000000000005,0.3500000000000001,0.118
0.030250000000000003,0.09770500000000003,3.9499999999999993,0.3500000000000001,0.117
0.0303,0.10280500000000002,4.249999999999999,0.3500000000000001,0.115
0.030350000000000002,0.09959750000000002,4.249999999999999,0.3500000000000001,0.11299999999999999
0.0304,0.10012500000000002,4.3999999999999995,0.3500000000000001,0.112
0.03045,0.10065000000000003,4.55,0.3500000000000001,0.11
0.030500000000000003,0.10146750000000003,4.65,0.3500000000000001,0.10900000000000001
0.03055,0.10191750000000002,4.800000000000001,0.3500000000000001,0.107
0.030600000000000002,0.10180500000000002,4.95,0.3500000000000001,0.106
0.03065,0.10151250000000002,5.1000000000000005,0.30000000000000004,0.10500000000000001
0.0307,0.10085250000000003,5.200000000000001,0.30000000000000004,0.104
0.030750000000000003,0.09976250000000003,5.350000000000001,0.30000000000000004,0.103
0.0308,0.09827750000000003,5.500000000000002,0.30000000000000004,0.102
0.030850000000000002,0.09613750000000003,5.599999999999999,0.30000000000000004,0.101
0.0309,0.09631750000000003,5.899999999999999,0.30000000000000004,0.1
0.030950000000000002,0.08938750000000002,5.85,0.30000000000000004,0.1
0.031,0.08658500000000002,5.949999999999999,0.30000000000000004,0.09899999999999999
0.03105,0.08368250000000002,6.050000000000001,0.30000000000000004,0.098
0.031100000000000003,0.08028000000000002,6.15,0.30000000000000004,0.098
0.03115,0.08014750000000002,6.25,0.30000000000000004,0.097
0.031200000000000002,0.07372000000000002,5.799999999999999,0.30000000000000004,0.097
0.03125,0.07141250000000002,5.5,0.30000000000000004,0.096
0.0313,0.06942500000000001,5.299999999999999,0.30000000000000004,0.096
0.03135,0.07118000000000002,5.25,0.30000000000000004,0.096
0.031400000000000004,0.06610500000000001,5.0,0.30000000000000004,0.095
0.03145,0.06467000000000002,4.85,0.30000000000000004,0.095
0.0315,0.06336000000000001,4.75,0.30000000000000004,0.095
0.03155,0.06214500000000001,4.65,0.30000000000000004,0.094
0.0316,0.06448750000000002,4.75,0.30000000000000004,0.094
0.031650000000000005,0.06003500000000001,4.5,0.30000000000000004,0.094
0.0317,0.05909250000000001,4.449999999999999,0.30000000000000004,0.093
0.03175,0.05821750000000001,4.4,0.30000000000000004,0.093
0.0318,0.05732750000000002,4.3500000000000005,0.30000000000000004,0.093
0.03185,0.05977000000000002,4.45,0.30000000000000004,0.093
0.031900000000000005,0.055645000000000014,4.25,0.30000000000000004,0.092
0.03195,0.05481750000000001,4.199999999999999,0.30000000000000004,0.092
0.032,0.05325000000000001,4.0,0.3999999999999999,0.092
0.03205,0.05327500000000002,3.8000000000000003,0.3999999999999999,0.092
0.032100000000000004,0.05143000000000001,3.55,0.3999999999999999,0.091
0.032150000000000005,0.04779000000000001,3.4,0.3999999999999999,0.091
0.0322,0.04643250000000001,3.1999999999999997,0.3999999999999999,0.095
0.03225,0.04564500000000001,2.9999999999999996,0.3999999999999999,0.101
0.0323,0.04805250000000001,2.8499999999999996,0.3999999999999999,0.10900000000000001
0.032350000000000004,0.048285000000000015,2.65,0.3999999999999999,0.11299999999999999
0.0324,0.04612500000000001,2.4999999999999996,0.3999999999999999,0.11299999999999999
0.03245,0.047930000000000014,2.3,0.3999999999999999,0.115
0.0325,0.05089000000000001,2.1,0.3999999999999999,0.118
0.03255,0.05936250000000001,2.1,0.3999999999999999,0.121
0.032600000000000004,0.06376000000000001,2.25,0.34999999999999987,0.12300000000000001
0.03265,0.06321250000000002,2.25,0.34999999999999987,0.12300000000000001
0.0327,0.06743250000000002,2.35,0.34999999999999987,0.124
0.03275,0.07163750000000002,2.5,0.34999999999999987,0.124
0.0328,0.08036500000000002,2.8,0.34999999999999987,0.125
0.032850000000000004,0.08413000000000002,2.9499999999999997,0.34999999999999987,0.125
0.0329,0.08316750000000002,2.8999999999999995,0.34999999999999987,0.125
0.03295,0.08660750000000002,3.05,0.34999999999999987,0.125
0.033,0.08965750000000003,3.2,0.34999999999999987,0.124
0.03305,0.09686500000000002,3.5,0.34999999999999987,0.124
0.033100000000000004,0.09493000000000003,3.5,0.34999999999999987,0.12300000000000001
0.03315,0.09680000000000002,3.6500000000000004,0.34999999999999987,0.122
0.0332,0.09862000000000003,3.8,0.34999999999999987,0.12000000000000001
0.03325,0.10012000000000003,3.9,0.34999999999999987,0.11900000000000001
0.0333,0.10563500000000002,4.2,0.34999999999999987,0.118
0.033350000000000005,0.10249500000000003,4.2,0.34999999999999987,0.116
0.0334,0.10333000000000002,4.3500000000000005,0.34999999999999987,0.114
0.03345,0.10378750000000003,4.500000000000001,0.34999999999999987,0.11299999999999999
0.0335,0.10411500000000003,4.6,0.34999999999999987,0.111
0.03355,0.10840500000000003,4.8999999999999995,0.34999999999999987,0.11
0.033600000000000005,0.10492250000000003,4.8999999999999995,0.34999999999999987,0.108
0.03365,0.10491750000000002,5.05,0.34999999999999987,0.107
0.0337,0.10472500000000003,5.15,0.34999999999999987,0.106
0.03375,0.10788250000000003,5.45,0.29999999999999993,0.10500000000000001
0.033800000000000004,0.10693000000000003,5.6,0.29999999999999993,0.104
0.033850000000000005,0.10179750000000003,5.55,0.29999999999999993,0.103
0.0339,0.09992000000000002,5.7,0.29999999999999993,0.102
0.03395,0.09726250000000003,5.85,0.29999999999999993,0.102
0.034,0.09682500000000002,6.1,0.29999999999999993,0.101
0.034050000000000004,0.09381250000000002,6.2,0.29999999999999993,0.1
0.0341,0.08719500000000002,6.1499999999999995,0.29999999999999993,0.09899999999999999
0.03415,0.08395000000000002,6.25,0.29999999999999993,0.09899999999999999
0.0342,0.08010500000000002,6.25,0.29999999999999993,0.098
0.03425,0.08054000000000001,6.199999999999999,0.29999999999999993,0.098
0.034300000000000004,0.07803500000000002,5.85,0.29999999999999993,0.097
0.03435,0.07228250000000001,5.449999999999999,0.29999999999999993,0.097
0.0344,0.07040250000000002,5.25,0.29999999999999993,0.096
0.03445,0.06873750000000002,5.15,0.29999999999999993,0.096
0.0345,0.07075000000000002,5.15,0.29999999999999993,0.096
0.034550000000000004,0.06935000000000002,5.050000000000001,0.29999999999999993,0.095
0.0346,0.06457750000000001,4.800000000000001,0.29999999999999993,0.095
0.03465,0.06342250000000002,4.699999999999999,0.29999999999999993,0.095
0.0347,0.06233000000000002,4.6499999999999995,0.29999999999999993,0.094
0.03475,0.06474500000000001,4.7,0.29999999999999993,0.094
0.034800000000000005,0.060342500000000014,4.500000000000001,0.29999999999999993,0.094
0.03485,0.059392500000000015,4.449999999999998,0.29999999999999993,0.094
0.0349,0.05844750000000001,4.3999999999999995,0.29999999999999993,0.093
0.03495,0.05742750000000001,4.299999999999999,0.29999999999999993,0.093
0.035,0.05770500000000001,4.099999999999999,0.4,0.093
0.035050000000000005,0.053640000000000014,3.8500000000000005,0.4,0.093
0.0351,0.05166500000000001,3.6499999999999995,0.4,0.092
0.03515,0.04982750000000001,3.5,0.4,0.092
0.0352,0.050775000000000015,3.3,0.4,0.102
0.035250000000000004,0.05034250000000001,3.0999999999999996,0.4,0.107
0.035300000000000005,0.047410000000000015,2.9499999999999993,0.4,0.107
0.03535,0.04742000000000001,2.75,0.4,0.111
0.0354,0.04838500000000001,2.5,0.4,0.114
0.03545,0.05404500000000002,2.3499999999999988,0.4,0.11900000000000001
0.035500000000000004,0.05741250000000001,2.1499999999999995,0.4,0.121
0.03555,0.05680000000000002,2.049999999999999,0.4,0.121
0.0356,0.06079000000000002,2.1499999999999995,0.4,0.122
0.03565,0.06515250000000002,2.299999999999999,0.35,0.124
0.0357,0.07433500000000001,2.55,0.35,0.125
0.035750000000000004,0.07850250000000002,2.6999999999999993,0.35,0.126
0.0358,0.07778250000000002,2.6999999999999993,0.35,0.126
0.03585,0.08177750000000002,2.8000000000000007,0.35,0.126
0.0359,0.08549750000000002,2.95,0.35,0.126
0.03595,0.09347750000000002,3.25,0.35,0.126
0.036000000000000004,0.09663750000000003,3.4000000000000004,0.35,0.125
0.03605,0.09512750000000002,3.4000000000000004,0.35,0.124
0.0361,0.09764000000000002,3.55,0.35,0.124
0.03615,0.09992750000000003,3.7,0.35,0.12300000000000001
0.0362,0.10603750000000002,3.950000000000001,0.35,0.121
0.036250000000000004,0.10323250000000003,3.950000000000001,0.35,0.12000000000000001
0.0363,0.10470750000000002,4.100000000000001,0.35,0.11900000000000001
0.03635,0.10577250000000003,4.250000000000001,0.35,0.117
0.0364,0.10652750000000002,4.400000000000001,0.35,0.115
0.03645,0.11108000000000003,4.6499999999999995,0.35,0.114
0.036500000000000005,0.10733750000000003,4.6499999999999995,0.35,0.112
0.03655,0.10743000000000003,4.799999999999999,0.35,0.111
0.0366,0.10741000000000003,4.949999999999999,0.35,0.11
0.03665,0.10758250000000003,5.099999999999999,0.35,0.108
0.0367,0.11139250000000003,5.35,0.35,0.107
0.036750000000000005,0.10698250000000002,5.35,0.35,0.106
0.0368,0.10617500000000003,5.5,0.35,0.10500000000000001
0.03685,0.10507000000000002,5.6,0.35,0.104
0.0369,0.10714750000000002,5.8999999999999995,0.30000000000000004,0.103
0.036950000000000004,0.10500250000000003,6.049999999999999,0.30000000000000004,0.103
0.037000000000000005,0.09797250000000002,6.0,0.30000000000000004,0.102
0.03705,0.09384500000000003,6.1,0.30000000000000004,0.101
0.0371,0.09078500000000002,6.25,0.30000000000000004,0.1
0.03715,0.09130250000000002,6.5,0.30000000000000004,0.1
0.037200000000000004,0.08761000000000002,6.549999999999999,0.30000000000000004,0.09899999999999999
0.03725,0.08036250000000002,6.25,0.30000000000000004,0.098
0.0373,0.07752750000000001,5.899999999999999,0.30000000000000004,0.098
0.03735,0.07513500000000002,5.6,0.30000000000000004,0.098
0.0374,0.07672000000000002,5.55,0.30000000000000004,0.097
0.037450000000000004,0.07491000000000002,5.4,0.30000000000000004,0.097
0.0375,0.06971250000000002,5.15,0.30000000000000004,0.097
0.03755,0.06824750000000002,5.0,0.30000000000000004,0.096
0.0376,0.06693500000000002,4.9,0.30000000000000004,0.096
0.03765,0.06920500000000002,4.95,0.30000000000000004,0.096
0.037700000000000004,0.06801250000000002,4.8999999999999995,0.30000000000000004,0.095
0.03775,0.06342750000000001,4.6499999999999995,0.30000000000000004,0.095
0.0378,0.062390000000000015,4.6,0.30000000000000004,0.095
0.03785,0.061335000000000015,4.5,0.30000000000000004,0.094
0.0379,0.06257250000000002,4.45,0.40000000000000013,0.094
0.037950000000000005,0.058325000000000016,4.2,0.40000000000000013,0.094
0.038,0.056230000000000016,4.0,0.40000000000000013,0.094
0.03805,0.054072500000000016,3.8,0.40000000000000013,0.093
0.0381,0.05205500000000001,3.6000000000000005,0.40000000000000013,0.093
0.03815,0.052815000000000015,3.4000000000000004,0.40000000000000013,0.103
0.038200000000000005,0.04964750000000001,3.25,0.40000000000000013,0.103
0.03825,0.04930750000000001,3.05,0.40000000000000013,0.107
0.0383,0.049457500000000015,2.8,0.40000000000000013,0.111
0.03835,0.05338750000000001,2.65,0.40000000000000013,0.117
0.038400000000000004,0.05556750000000001,2.45,0.40000000000000013,0.12000000000000001
0.038450000000000005,0.054472500000000014,2.25,0.40000000000000013,0.12000000000000001
0.0385,0.05798000000000002,2.1,0.40000000000000013,0.122
0.03855,0.062010000000000016,2.15,0.40000000000000013,0.12300000000000001
0.0386,0.07105500000000002,2.45,0.40000000000000013,0.125
0.038650000000000004,0.07528250000000002,2.6,0.40000000000000013,0.126
0.038700000000000005,0.07471750000000002,2.6,0.3500000000000001,0.126
0.03875,0.07889750000000002,2.7,0.3500000000000001,0.126
0.0388,0.08295750000000002,2.8,0.3500000000000001,0.127
0.03885,0.09140500000000003,3.1,0.3500000000000001,0.127
0.038900000000000004,0.09488750000000003,3.25,0.3500000000000001,0.127
0.03895,0.09370000000000002,3.25,0.3500000000000001,0.126
0.039,0.09680750000000002,3.4,0.3500000000000001,0.125
0.03905,0.09952250000000003,3.5500000000000003,0.3500000000000001,0.125
0.0391,0.10640250000000002,3.8,0.3500000000000001,0.124
0.039150000000000004,0.10849500000000002,3.9499999999999993,0.3500000000000001,0.12300000000000001
0.0392,0.10581500000000002,3.9499999999999993,0.3500000000000001,0.121
0.03925,0.10722500000000003,4.1,0.3500000000000001,0.12000000000000001
0.0393,0.10847500000000003,4.25,0.3500000000000001,0.118
0.03935,0.11357000000000003,4.55,0.3500000000000001,0.117
0.039400000000000004,0.11406250000000002,4.65,0.3500000000000001,0.115
0.03945,0.11026750000000003,4.65,0.3500000000000001,0.11299999999999999
0.0395,0.11038000000000003,4.8,0.3500000000000001,0.112
0.03955,0.11010250000000003,4.95,0.3500000000000001,0.111
0.0396,0.11386000000000003,5.2,0.3500000000000001,0.11
0.039650000000000005,0.10993000000000003,5.2,0.3500000000000001,0.108
0.0397,0.10954000000000003,5.3500000000000005,0.3500000000000001,0.107
0.03975,0.10894750000000003,5.5,0.3500000000000001,0.106
0.0398,0.11190500000000003,5.75,0.3500000000000001,0.10500000000000001
0.039850000000000003,0.11050750000000002,5.9,0.3500000000000001,0.104
0.039900000000000005,0.10485250000000003,5.9,0.3500000000000001,0.104
0.03995,0.10228000000000002,5.999999999999999,0.30000000000000004,0.103
0.04,0.09870750000000003,6.1499999999999995,0.30000000000000004,0.102
0.04005,0.09841250000000003,6.3999999999999995,0.30000000000000004,0.101
0.040100000000000004,0.09524250000000002,6.5,0.30000000000000004,0.101
0.040150000000000005,0.08811500000000003,6.45,0.30000000000000004,0.1
0.0402,0.08424500000000001,6.449999999999999,0.30000000000000004,0.09899999999999999
0.04025,0.08091500000000001,6.15,0.30000000000000004,0.09899999999999999
0.0403,0.08194000000000003,5.949999999999999,0.30000000000000004,0.098
0.040350000000000004,0.07966000000000002,5.75,0.30000000000000004,0.098
0.040400000000000005,0.07407500000000002,5.4,0.30000000000000004,0.098
0.04045,0.07229500000000001,5.25,0.30000000000000004,0.097
0.0405,0.07070500000000002,5.15,0.30000000000000004,0.097
0.04055,0.07282750000000002,5.1499999999999995,0.30000000000000004,0.097
0.040600000000000004,0.07151000000000002,5.05,0.30000000000000004,0.096
0.04065,0.06671000000000002,4.85,0.30000000000000004,0.096
0.0407,0.06552250000000001,4.75,0.30000000000000004,0.096
0.04075,0.06435500000000001,4.699999999999999,0.30000000000000004,0.095
0.0408,0.06573000000000001,4.6499999999999995,0.3999999999999999,0.095
0.040850000000000004,0.06348750000000002,4.3500000000000005,0.3999999999999999,0.095
0.0409,0.05917500000000001,4.15,0.3999999999999999,0.094
0.04095,0.05683500000000002,3.95,0.3999999999999999,0.094
0.041,0.054612500000000015,3.750000000000001,0.3999999999999999,0.094
0.04105,0.05502000000000001,3.55,0.3999999999999999,0.102
0.041100000000000005,0.054265000000000015,3.4000000000000004,0.3999999999999999,0.107
0.04115,0.05120250000000001,3.1500000000000012,0.3999999999999999,0.107
0.0412,0.051232500000000014,2.950000000000001,0.3999999999999999,0.111
0.04125,0.05167250000000001,2.7500000000000018,0.3999999999999999,0.114
0.0413,0.056437500000000015,2.6000000000000014,0.3999999999999999,0.12000000000000001
0.041350000000000005,0.055027500000000014,2.400000000000002,0.3999999999999999,0.12000000000000001
0.0414,0.058352500000000015,2.250000000000001,0.3999999999999999,0.122
0.04145,0.06213000000000002,2.1500000000000012,0.3999999999999999,0.12300000000000001
0.0415,0.07132750000000002,2.400000000000002,0.3999999999999999,0.126
0.041550000000000004,0.07554250000000001,2.5500000000000016,0.3999999999999999,0.127
0.041600000000000005,0.07475500000000002,2.499999999999999,0.3999999999999999,0.127
0.04165,0.07895000000000002,2.6499999999999995,0.3999999999999999,0.127
0.0417,0.08304250000000002,2.799999999999999,0.34999999999999987,0.127
0.04175,0.09162000000000002,3.0999999999999988,0.34999999999999987,0.127
0.041800000000000004,0.09540750000000002,3.249999999999999,0.34999999999999987,0.127
0.041850000000000005,0.09423000000000002,3.249999999999999,0.34999999999999987,0.127
0.0419,0.09745250000000003,3.3999999999999995,0.34999999999999987,0.126
0.04195,0.10044000000000003,3.5,0.34999999999999987,0.126
0.042,0.10759250000000002,3.8,0.34999999999999987,0.125
0.042050000000000004,0.10993750000000002,3.95,0.34999999999999987,0.124
0.042100000000000005,0.10765000000000002,3.95,0.34999999999999987,0.12300000000000001
0.04215,0.10923500000000003,4.1,0.34999999999999987,0.121
0.0422,0.11055000000000002,4.25,0.34999999999999987,0.12000000000000001
0.04225,0.11591250000000003,4.499999999999999,0.34999999999999987,0.118
0.042300000000000004,0.11660750000000003,4.6499999999999995,0.34999999999999987,0.116
0.04235,0.11292500000000003,4.6499999999999995,0.34999999999999987,0.115
0.0424,0.11310750000000003,4.799999999999999,0.34999999999999987,0.11299999999999999
0.04245,0.11282000000000003,4.949999999999999,0.34999999999999987,0.112
0.0425,0.11646500000000003,5.2,0.34999999999999987,0.111
0.042550000000000004,0.11599000000000002,5.3500000000000005,0.34999999999999987,0.11
0.0426,0.11175000000000003,5.3500000000000005,0.34999999999999987,0.10900000000000001
0.04265,0.11135000000000003,5.5,0.34999999999999987,0.107
0.0427,0.11067250000000003,5.6,0.34999999999999987,0.107
0.04275,0.11357750000000003,5.8999999999999995,0.34999999999999987,0.106
0.042800000000000005,0.11205500000000003,6.049999999999999,0.34999999999999987,0.10500000000000001
0.04285,0.10621000000000003,6.0,0.34999999999999987,0.104
0.0429,0.10349750000000002,6.15,0.34999999999999987,0.103
0.04295,0.10343750000000003,6.4,0.34999999999999987,0.102
0.043000000000000003,0.09938000000000002,6.550000000000001,0.30000000000000004,0.102
0.043050000000000005,0.09238250000000002,6.5,0.30000000000000004,0.101
0.0431,0.08880250000000002,6.55,0.30000000000000004,0.1
0.04315,0.08490000000000002,6.549999999999999,0.30000000000000004,0.1
0.0432,0.08542500000000001,6.25,0.30000000000000004,0.09899999999999999
0.043250000000000004,0.08283000000000001,5.949999999999999,0.30000000000000004,0.09899999999999999
0.043300000000000005,0.07697250000000001,5.6,0.30000000000000004,0.098
0.04335,0.07506250000000002,5.45,0.30000000000000004,0.098
0.0434,0.07329750000000002,5.300000000000001,0.30000000000000004,0.098
0.04345,0.07532250000000001,5.25,0.30000000000000004,0.097
0.043500000000000004,0.07385750000000002,5.15,0.30000000000000004,0.097
0.043550000000000005,0.06893250000000002,4.8999999999999995,0.30000000000000004,0.097
0.0436,0.06763500000000001,4.8500000000000005,0.30000000000000004,0.096
0.04365,0.06635000000000002,4.75,0.30000000000000004,0.096
0.0437,0.06711500000000002,4.6,0.40000000000000013,0.096
0.043750000000000004,0.06463000000000002,4.3999999999999995,0.40000000000000013,0.095
0.0438,0.06016750000000001,4.2,0.40000000000000013,0.095
0.04385,0.05775000000000002,3.9499999999999997,0.40000000000000013,0.095
0.0439,0.05558000000000001,3.7500000000000004,0.40000000000000013,0.095
0.04395,0.056402500000000015,3.55,0.40000000000000013,0.10500000000000001
0.044000000000000004,0.05599500000000002,3.3499999999999996,0.40000000000000013,0.11
0.04405,0.05291500000000001,3.1500000000000004,0.40000000000000013,0.11
0.0441,0.053030000000000015,2.95,0.40000000000000013,0.11299999999999999
0.04415,0.05379000000000001,2.75,0.40000000000000013,0.116
0.0442,0.05902000000000002,2.5999999999999996,0.40000000000000013,0.121
0.044250000000000005,0.06205500000000001,2.4000000000000004,0.40000000000000013,0.12300000000000001
0.0443,0.06142750000000002,2.2,0.40000000000000013,0.12300000000000001
0.04435,0.06544000000000001,2.25,0.40000000000000013,0.125
0.0444,0.06977250000000002,2.3000000000000003,0.40000000000000013,0.126
0.04445,0.07906500000000002,2.6,0.40000000000000013,0.127
0.044500000000000005,0.07818250000000002,2.6,0.40000000000000013,0.127
0.04455,0.08211000000000002,2.75,0.40000000000000013,0.128
0.0446,0.08603000000000002,2.9,0.40000000000000013,0.128
0.04465,0.09484750000000003,3.2,0.3500000000000001,0.128
0.044700000000000004,0.09846750000000003,3.3500000000000005,0.3500000000000001,0.128
0.044750000000000005,0.09718000000000003,3.3500000000000005,0.3500000000000001,0.127
0.0448,0.10036500000000002,3.45,0.3500000000000001,0.127
0.04485,0.10335000000000003,3.6000000000000005,0.3500000000000001,0.126
0.0449,0.11045500000000003,3.9000000000000004,0.3500000000000001,0.125
0.044950000000000004,0.11284000000000002,4.050000000000001,0.3500000000000001,0.124
0.045000000000000005,0.11044750000000003,4.050000000000001,0.3500000000000001,0.12300000000000001
0.04505,0.11217000000000003,4.2,0.3500000000000001,0.121
0.0451,0.11341250000000003,4.300000000000001,0.3500000000000001,0.12000000000000001
0.04515,0.11860500000000003,4.6000000000000005,0.3500000000000001,0.118
0.045200000000000004,0.11943000000000004,4.75,0.3500000000000001,0.116
0.045250000000000005,0.11557750000000003,4.75,0.3500000000000001,0.115
0.0453,0.11550000000000003,4.9,0.3500000000000001,0.114
0.04535,0.11514000000000003,4.999999999999999,0.3500000000000001,0.112
0.0454,0.11872250000000004,5.3,0.3500000000000001,0.111
0.045450000000000004,0.11788500000000003,5.3999999999999995,0.3500000000000001,0.11
0.0455,0.11344750000000003,5.3999999999999995,0.3500000000000001,0.10900000000000001
0.04555,0.11308000000000003,5.5,0.3500000000000001,0.108
0.0456,0.11238250000000002,5.6499999999999995,0.3500000000000001,0.107
0.04565,0.11515000000000003,5.949999999999999,0.3500000000000001,0.106
0.045700000000000005,0.11368000000000003,6.05,0.3500000000000001,0.10500000000000001
0.04575,0.10767750000000002,6.05,0.3500000000000001,0.104
0.0458,0.10496500000000003,6.2,0.3500000000000001,0.104
0.04585,0.10121500000000003,6.3,0.3500000000000001,0.103
0.0459,0.10075250000000002,6.549999999999999,0.3500000000000001,0.102
0.045950000000000005,0.09739250000000002,6.65,0.30000000000000004,0.102
0.046,0.08998250000000002,6.6,0.30000000000000004,0.101
0.04605,0.08602750000000002,6.6,0.30000000000000004,0.1
0.0461,0.08663000000000003,6.199999999999999,0.30000000000000004,0.1
0.046150000000000004,0.08403750000000001,5.950000000000001,0.30000000000000004,0.09899999999999999
0.046200000000000005,0.07812750000000002,5.6000000000000005,0.30000000000000004,0.09899999999999999
0.04625,0.07617500000000002,5.4,0.30000000000000004,0.098
0.0463,0.07441250000000002,5.299999999999999,0.30000000000000004,0.098
0.04635,0.07639000000000001,5.3,0.30000000000000004,0.098
0.046400000000000004,0.07486500000000001,5.2,0.30000000000000004,0.097
0.046450000000000005,0.06994250000000002,4.95,0.30000000000000004,0.097
0.0465,0.06853750000000002,4.899999999999999,0.30000000000000004,0.097
0.04655,0.06649250000000001,4.6499999999999995,0.3999999999999999,0.096
0.0466,0.06613750000000002,4.449999999999998,0.3999999999999999,0.096
0.046650000000000004,0.06351750000000002,4.249999999999999,0.3999999999999999,0.096
0.046700000000000005,0.059060000000000015,3.95,0.3999999999999999,0.095
0.04675,0.05704500000000001,3.75,0.3999999999999999,0.097
0.0468,0.055550000000000016,3.55,0.3999999999999999,0.103
0.04685,0.05757250000000001,3.3500000000000005,0.3999999999999999,0.111
0.046900000000000004,0.05752250000000001,3.2,0.3999999999999999,0.115
0.046950000000000006,0.054640000000000015,3.0,0.3999999999999999,0.115
0.047,0.055625000000000015,2.8,0.3999999999999999,0.118
0.04705,0.05723250000000001,2.6000000000000005,0.3999999999999999,0.12000000000000001
0.0471,0.06415250000000002,2.45,0.3999999999999999,0.124
0.047150000000000004,0.06842750000000002,2.25,0.3999999999999999,0.126
0.0472,0.06785750000000002,2.25,0.3999999999999999,0.126
0.04725,0.07218000000000002,2.3999999999999995,0.3999999999999999,0.127
0.0473,0.07642000000000002,2.499999999999999,0.3999999999999999,0.128
0.04735,0.08541500000000002,2.799999999999999,0.3999999999999999,0.129
0.047400000000000005,0.08938250000000002,2.9499999999999993,0.3999999999999999,0.129
0.04745,0.08830250000000002,2.9499999999999993,0.3999999999999999,0.129
0.0475,0.09205000000000002,3.0999999999999988,0.3999999999999999,0.129
0.04755,0.09585000000000002,3.249999999999999,0.34999999999999987,0.128
0.0476,0.10402500000000002,3.500000000000001,0.34999999999999987,0.128
0.047650000000000005,0.10709500000000002,3.6500000000000004,0.34999999999999987,0.127
0.0477,0.10540500000000003,3.6500000000000004,0.34999999999999987,0.126
0.04775,0.10814750000000002,3.8000000000000007,0.34999999999999987,0.125
0.0478,0.11503250000000002,4.1000000000000005,0.34999999999999987,0.124
0.047850000000000004,0.11704500000000002,4.250000000000001,0.34999999999999987,0.12300000000000001
0.047900000000000005,0.11452250000000003,4.2,0.34999999999999987,0.122
0.04795,0.11576000000000003,4.35,0.34999999999999987,0.12000000000000001
0.048,0.11680500000000003,4.5,0.34999999999999987,0.118
0.04805,0.12182500000000003,4.8,0.34999999999999987,0.117
0.048100000000000004,0.12203250000000003,4.949999999999999,0.34999999999999987,0.115
0.048150000000000005,0.11780750000000002,4.9,0.34999999999999987,0.114
0.0482,0.11742250000000003,5.050000000000001,0.34999999999999987,0.11299999999999999
0.04825,0.11675750000000003,5.200000000000001,0.34999999999999987,0.111
0.0483,0.11981250000000003,5.5,0.34999999999999987,0.11
0.048350000000000004,0.11906750000000003,5.65,0.34999999999999987,0.10900000000000001
0.048400000000000006,0.11465000000000003,5.6,0.34999999999999987,0.108
0.04845,0.11394000000000003,5.75,0.34999999999999987,0.107
0.0485,0.11291000000000002,5.9,0.34999999999999987,0.106
0.04855,0.11538250000000003,6.1499999999999995,0.34999999999999987,0.106
0.048600000000000004,0.11329500000000003,6.299999999999999,0.34999999999999987,0.10500000000000001
0.048650000000000006,0.10675250000000003,6.25,0.34999999999999987,0.104
0.0487,0.10327000000000003,6.4,0.34999999999999987,0.103
0.04875,0.09879250000000002,6.5,0.34999999999999987,0.103
0.0488,0.09909750000000002,6.75,0.34999999999999987,0.102
0.048850000000000005,0.09541000000000002,6.85,0.34999999999999987,0.101
0.0489,0.08764000000000002,6.699999999999999,0.2999999999999998,0.101
0.04895,0.08440250000000002,6.25,0.2999999999999998,0.1
0.049,0.08177000000000002,5.9,0.2999999999999998,0.1
0.04905,0.08318500000000002,5.800000000000001,0.2999999999999998,0.09899999999999999
0.049100000000000005,0.08118250000000002,5.65,0.2999999999999998,0.09899999999999999
0.04915,0.07574500000000002,5.35,0.2999999999999998,0.098
0.0492,0.07406500000000002,5.2,0.2999999999999998,0.098
0.04925,0.07581000000000002,5.25,0.2999999999999998,0.098
0.049300000000000004,0.07354500000000001,5.0,0.3999999999999999,0.097
0.049350000000000005,0.07094000000000002,4.75,0.3999999999999999,0.097
0.0494,0.06607000000000002,4.55,0.3999999999999999,0.097
0.04945,0.06346500000000002,4.300000000000001,0.3999999999999999,0.096
0.0495,0.06315000000000001,4.050000000000001,0.3999999999999999,0.098
0.049550000000000004,0.061100000000000015,3.8499999999999996,0.3999999999999999,0.104
0.049600000000000005,0.05721750000000001,3.6500000000000004,0.3999999999999999,0.104
0.04965,0.05623250000000001,3.45,0.3999999999999999,0.108
0.0497,0.055887500000000014,3.25,0.3999999999999999,0.112
0.04975,0.05933250000000002,3.05,0.3999999999999999,0.118
0.049800000000000004,0.06047250000000001,2.8499999999999996,0.3999999999999999,0.121
0.049850000000000005,0.058595000000000015,2.7,0.3999999999999999,0.121
0.0499,0.06129750000000002,2.4499999999999997,0.3999999999999999,0.12300000000000001
0.04995,0.06505750000000002,2.25,0.3999999999999999,0.125
0.05,0.07428500000000002,2.4,0.3999999999999999,0.127
0.050050000000000004,0.07857500000000002,2.55,0.3999999999999999,0.128
0.050100000000000006,0.07763750000000003,2.55,0.3999999999999999,0.128
0.05015,0.08182750000000003,2.7,0.3999999999999999,0.129
0.0502,0.08587750000000002,2.85,0.3999999999999999,0.129
0.05025,0.09460000000000002,3.15,0.3999999999999999,0.129
0.050300000000000004,0.09828000000000002,3.2000000000000006,0.3999999999999999,0.129
0.050350000000000006,0.09704250000000002,3.2000000000000006,0.3999999999999999,0.129
0.0504,0.10049500000000003,3.35,0.3500000000000001,0.128
0.05045,0.10371000000000002,3.5000000000000004,0.3500000000000001,0.128
0.0505,0.11144250000000003,3.8000000000000003,0.3500000000000001,0.127
0.050550000000000005,0.11415250000000003,3.9500000000000006,0.3500000000000001,0.126
0.0506,0.11197750000000002,3.9500000000000006,0.3500000000000001,0.125
0.05065,0.11429000000000003,4.05,0.3500000000000001,0.124
0.0507,0.11622250000000003,4.2,0.3500000000000001,0.122
0.05075,0.12215250000000002,4.5,0.3500000000000001,0.121
0.050800000000000005,0.12315750000000003,4.6499999999999995,0.3500000000000001,0.11900000000000001
0.05085,0.11958000000000003,4.6499999999999995,0.3500000000000001,0.117
0.0509,0.12000000000000002,4.8,0.3500000000000001,0.116
0.05095,0.12424750000000002,5.05,0.3500000000000001,0.114
0.051000000000000004,0.12383000000000004,5.2,0.3500000000000001,0.11299999999999999
0.051050000000000005,0.12306000000000003,5.35,0.3500000000000001,0.112
0.0511,0.11785250000000003,5.35,0.3500000000000001,0.111
0.05115,0.11681000000000002,5.45,0.3500000000000001,0.11
0.0512,0.11628500000000003,5.6,0.3500000000000001,0.10900000000000001
0.051250000000000004,0.11556250000000003,5.75,0.3500000000000001,0.108
0.051300000000000005,0.11464250000000002,5.8999999999999995,0.3500000000000001,0.107
0.05135,0.11327250000000003,6.0,0.3500000000000001,0.106
0.0514,0.11142000000000003,6.15,0.3500000000000001,0.10500000000000001
0.05145,0.10895250000000002,6.25,0.3500000000000001,0.10500000000000001
0.051500000000000004,0.10582000000000003,6.4,0.3500000000000001,0.104
0.051550000000000006,0.10134750000000002,6.5,0.3500000000000001,0.103
0.0516,0.09757750000000003,6.6,0.3500000000000001,0.103
0.05165,0.09394750000000002,6.7,0.3500000000000001,0.102
0.0517,0.08994750000000003,6.749999999999998,0.3500000000000001,0.101
0.051750000000000004,0.08641750000000002,6.550000000000001,0.3500000000000001,0.101
0.051800000000000006,0.08360250000000002,5.949999999999999,0.30000000000000004,0.1
0.05185,0.08118500000000002,5.75,0.30000000000000004,0.1
0.0519,0.07910250000000002,5.55,0.30000000000000004,0.09899999999999999
0.05195,0.07722750000000002,5.4,0.30000000000000004,0.09899999999999999
0.052000000000000005,0.07538500000000002,5.300000000000001,0.30000000000000004,0.098
0.05205,0.07368000000000002,5.199999999999999,0.30000000000000004,0.098
0.0521,0.07137000000000002,4.949999999999999,0.40000000000000013,0.098
0.05215,0.06874500000000001,4.65,0.40000000000000013,0.097
0.0522,0.06602250000000001,4.45,0.40000000000000013,0.097
0.052250000000000005,0.06340250000000001,4.2,0.40000000000000013,0.097
0.0523,0.061002500000000015,4.0,0.40000000000000013,0.098
0.05235,0.059067500000000016,3.8000000000000007,0.40000000000000013,0.103
0.0524,0.06064500000000002,3.6000000000000005,0.40000000000000013,0.112
0.052450000000000004,0.05733000000000001,3.4000000000000004,0.40000000000000013,0.112
0.052500000000000005,0.057372500000000014,3.2,0.40000000000000013,0.115
0.05255,0.058137500000000016,3.0,0.40000000000000013,0.118
0.0526,0.059630000000000016,2.75,0.40000000000000013,0.121
0.05265,0.062062500000000013,2.549999999999999,0.40000000000000013,0.12300000000000001
0.052700000000000004,0.06544750000000002,2.3499999999999996,0.40000000000000013,0.125
0.052750000000000005,0.06948250000000002,2.249999999999999,0.40000000000000013,0.126
0.0528,0.07368250000000001,2.3999999999999995,0.40000000000000013,0.127
0.05285,0.07797250000000001,2.549999999999999,0.40000000000000013,0.128
0.0529,0.08224250000000002,2.6999999999999993,0.40000000000000013,0.129
0.052950000000000004,0.08624000000000002,2.8,0.40000000000000013,0.129
0.053000000000000005,0.09027250000000002,2.9000000000000004,0.40000000000000013,0.12999999999999998
0.05305,0.09406750000000003,3.0500000000000007,0.40000000000000013,0.12999999999999998
0.0531,0.09758250000000003,3.2,0.40000000000000013,0.129
0.05315,0.10082750000000003,3.3500000000000005,0.40000000000000013,0.129
0.053200000000000004,0.10424250000000003,3.500000000000001,0.3500000000000001,0.128
0.053250000000000006,0.10739750000000002,3.6500000000000004,0.3500000000000001,0.128
0.0533,0.11020500000000003,3.8000000000000007,0.3500000000000001,0.127
0.05335,0.11285250000000002,3.95,0.3500000000000001,0.126
0.0534,0.11522750000000002,4.05,0.3500000000000001,0.124
0.053450000000000004,0.11733250000000003,4.2,0.3500000000000001,0.12300000000000001
0.053500000000000006,0.11913000000000003,4.3500000000000005,0.3500000000000001,0.121
0.05355,0.12053000000000003,4.5,0.3500000000000001,0.12000000000000001
0.0536,0.12130750000000003,4.65,0.3500000000000001,0.118
0.05365,0.12193000000000002,4.749999999999999,0.3500000000000001,0.117
0.053700000000000005,0.12211750000000003,4.8999999999999995,0.3500000000000001,0.115
0.05375,0.12190750000000003,5.049999999999999,0.3500000000000001,0.114
0.0538,0.12117250000000003,5.199999999999999,0.3500000000000001,0.11299999999999999
0.05385,0.12012750000000003,5.35,0.3500000000000001,0.112
0.0539,0.11897250000000004,5.450000000000001,0.3500000000000001,0.111
0.053950000000000005,0.11779000000000003,5.6000000000000005,0.3500000000000001,0.10900000000000001
0.054,0.11718750000000003,5.75,0.3500000000000001,0.10900000000000001
0.05405,0.11640000000000003,5.9,0.3500000000000001,0.108
0.0541,0.11923000000000003,6.1499999999999995,0.3500000000000001,0.107
0.054150000000000004,0.11359750000000003,6.1499999999999995,0.3500000000000001,0.106
0.054200000000000005,0.11142750000000003,6.25,0.3500000000000001,0.10500000000000001
0.05425,0.10863500000000002,6.4,0.3500000000000001,0.104
0.0543,0.10511250000000003,6.5,0.3500000000000001,0.104
0.05435,0.10050000000000002,6.65,0.3500000000000001,0.103
0.054400000000000004,0.09685500000000002,6.749999999999999,0.3500000000000001,0.103
0.054450000000000005,0.09296250000000002,6.8,0.3500000000000001,0.102
0.0545,0.08901000000000002,6.799999999999999,0.3500000000000001,0.101
0.05455,0.08587750000000002,6.25,0.30000000000000004,0.101
0.0546,0.08326500000000002,5.85,0.30000000000000004,0.1
0.054650000000000004,0.08093250000000002,5.699999999999999,0.30000000000000004,0.1
0.054700000000000006,0.07898000000000002,5.500000000000001,0.30000000000000004,0.09899999999999999
0.05475,0.07699000000000002,5.3999999999999995,0.30000000000000004,0.09899999999999999
0.0548,0.07482750000000002,5.15,0.34999999999999987,0.098
0.05485,0.07207250000000001,4.85,0.3999999999999999,0.098
0.054900000000000004,0.06927500000000002,4.6499999999999995,0.3999999999999999,0.098
0.054950000000000006,0.06649000000000002,4.3999999999999995,0.3999999999999999,0.097
0.055,0.06377750000000001,4.2,0.3999999999999999,0.097
0.05505,0.06148500000000002,3.9500000000000006,0.3999999999999999,0.102
0.0551,0.05985500000000001,3.7499999999999996,0.3999999999999999,0.107
0.055150000000000005,0.05890250000000002,3.5500000000000003,0.3999999999999999,0.111
0.055200000000000006,0.058685000000000015,3.35,0.3999999999999999,0.115
0.05525,0.05911750000000002,3.0999999999999996,0.3999999999999999,0.118
0.0553,0.060302500000000016,2.9000000000000004,0.3999999999999999,0.12000000000000001
0.05535,0.062230000000000014,2.7,0.3999999999999999,0.12300000000000001
0.055400000000000005,0.06505250000000001,2.5,0.3999999999999999,0.125
0.05545,0.06877750000000002,2.3,0.3999999999999999,0.126
0.0555,0.07290250000000002,2.3499999999999996,0.3999999999999999,0.127
0.05555,0.08237500000000002,2.6500000000000004,0.3999999999999999,0.129
0.055600000000000004,0.08158000000000001,2.6500000000000004,0.3999999999999999,0.129
0.055650000000000005,0.08575000000000002,2.8,0.3999999999999999,0.12999999999999998
0.0557,0.08985000000000003,2.9,0.3999999999999999,0.12999999999999998
0.05575,0.09374000000000002,3.0,0.3999999999999999,0.12999999999999998
0.0558,0.10222250000000002,3.3,0.3999999999999999,0.12999999999999998
0.055850000000000004,0.10067750000000003,3.3,0.3999999999999999,0.12999999999999998
0.055900000000000005,0.10390750000000003,3.45,0.3999999999999999,0.129
0.05595,0.10714000000000003,3.5999999999999996,0.3999999999999999,0.128
0.056,0.11011750000000002,3.75,0.34999999999999987,0.128
0.05605,0.11291500000000003,3.8499999999999996,0.34999999999999987,0.127
0.056100000000000004,0.11550750000000003,4.0,0.34999999999999987,0.125
0.056150000000000005,0.11777250000000003,4.15,0.34999999999999987,0.124
0.0562,0.11979500000000003,4.3,0.34999999999999987,0.12300000000000001
0.05625,0.12150750000000003,4.45,0.34999999999999987,0.121
0.0563,0.12271750000000003,4.6,0.34999999999999987,0.11900000000000001
0.056350000000000004,0.12354250000000003,4.699999999999999,0.34999999999999987,0.118
0.056400000000000006,0.12391500000000003,4.85,0.34999999999999987,0.116
0.05645,0.12404750000000003,5.0,0.34999999999999987,0.115
0.0565,0.12354750000000003,5.15,0.34999999999999987,0.114
0.05655,0.12261500000000003,5.300000000000001,0.34999999999999987,0.11299999999999999
0.056600000000000004,0.12141750000000003,5.4,0.34999999999999987,0.111
0.056650000000000006,0.12012500000000002,5.550000000000001,0.34999999999999987,0.11
0.0567,0.11873500000000003,5.700000000000001,0.34999999999999987,0.10900000000000001
0.05675,0.11807500000000003,5.85,0.34999999999999987,0.108
0.0568,0.11719500000000004,5.95,0.34999999999999987,0.108
0.056850000000000005,0.11585250000000002,6.1,0.34999999999999987,0.107
0.056900000000000006,0.11406500000000003,6.25,0.34999999999999987,0.106
0.05695,0.11168750000000002,6.35,0.34999999999999987,0.10500000000000001
0.057,0.11265250000000003,6.65,0.34999999999999987,0.10500000000000001
0.057050000000000003,0.10502250000000003,6.6000000000000005,0.34999999999999987,0.104
0.057100000000000005,0.10043500000000002,6.700000000000001,0.34999999999999987,0.103
0.05715,0.09661750000000002,6.800000000000001,0.34999999999999987,0.103
0.0572,0.09262500000000003,6.85,0.34999999999999987,0.102
0.05725,0.09265000000000002,6.95,0.34999999999999987,0.101
0.057300000000000004,0.08590750000000003,6.15,0.30000000000000004,0.101
0.057350000000000005,0.08333750000000002,5.800000000000001,0.30000000000000004,0.1
0.0574,0.08102000000000002,5.6499999999999995,0.30000000000000004,0.1
0.05745,0.07893000000000001,5.5,0.30000000000000004,0.09899999999999999
0.0575,0.07858250000000001,5.15,0.40000000000000036,0.09899999999999999
0.057550000000000004,0.07335000000000001,4.9,0.40000000000000036,0.09899999999999999
0.057600000000000005,0.07031750000000002,4.65,0.40000000000000036,0.098
0.05765,0.06735500000000001,4.450000000000001,0.40000000000000036,0.098
0.0577,0.06468500000000002,4.2,0.40000000000000036,0.09899999999999999
0.05775,0.062445000000000014,4.000000000000001,0.40000000000000036,0.104
0.057800000000000004,0.060897500000000014,3.750000000000001,0.40000000000000036,0.10900000000000001
0.057850000000000006,0.06028250000000002,3.5,0.40000000000000036,0.11299999999999999
0.0579,0.06022750000000002,3.3,0.40000000000000036,0.116
0.05795,0.06079000000000002,3.1000000000000005,0.40000000000000036,0.11900000000000001
0.058,0.062132500000000014,2.8999999999999995,0.40000000000000036,0.122
0.058050000000000004,0.06429750000000002,2.7,0.40000000000000036,0.124
0.058100000000000006,0.06728250000000002,2.5,0.40000000000000036,0.126
0.05815,0.07111000000000002,2.3500000000000005,0.40000000000000036,0.127
0.0582,0.07544750000000001,2.4499999999999993,0.40000000000000036,0.128
0.05825,0.07980250000000003,2.55,0.40000000000000036,0.129
0.058300000000000005,0.08418250000000002,2.6499999999999995,0.40000000000000036,0.12999999999999998
0.058350000000000006,0.08839500000000003,2.799999999999999,0.40000000000000036,0.12999999999999998
0.0584,0.09241750000000003,2.9499999999999993,0.40000000000000036,0.12999999999999998
0.05845,0.09614500000000002,3.0999999999999988,0.40000000000000036,0.12999999999999998
0.0585,0.09972250000000002,3.249999999999999,0.40000000000000036,0.12999999999999998
0.058550000000000005,0.10311250000000002,3.3999999999999995,0.40000000000000036,0.12999999999999998
0.058600000000000006,0.10621500000000003,3.549999999999999,0.40000000000000036,0.129
0.05865,0.10915250000000003,3.6999999999999993,0.40000000000000036,0.129
0.0587,0.11683750000000002,3.95,0.3500000000000003,0.128
0.058750000000000004,0.11488000000000002,3.95,0.3500000000000003,0.127
0.058800000000000005,0.11745500000000003,4.1000000000000005,0.3500000000000003,0.125
0.05885,0.11975500000000003,4.250000000000001,0.3500000000000003,0.124
0.0589,0.12170750000000002,4.4,0.3500000000000003,0.122
0.05895,0.12775250000000002,4.7,0.3500000000000003,0.121
0.059000000000000004,0.12467750000000002,4.6499999999999995,0.3500000000000003,0.11900000000000001
0.059050000000000005,0.12546750000000004,4.8,0.3500000000000003,0.118
0.0591,0.12581000000000003,4.949999999999999,0.3500000000000003,0.116
0.05915,0.12576000000000004,5.1,0.3500000000000003,0.115
0.0592,0.12939750000000003,5.4,0.3500000000000003,0.114
0.059250000000000004,0.12414750000000004,5.350000000000001,0.3500000000000003,0.11299999999999999
0.059300000000000005,0.12280500000000003,5.450000000000001,0.3500000000000003,0.112
0.05935,0.12132000000000003,5.6000000000000005,0.3500000000000003,0.11
0.0594,0.11992000000000003,5.75,0.3500000000000003,0.11
0.05945,0.11907250000000003,5.85,0.3500000000000003,0.10900000000000001
0.059500000000000004,0.11805250000000003,6.0,0.3500000000000003,0.108
0.059550000000000006,0.11668250000000004,6.15,0.3500000000000003,0.107
0.0596,0.11475250000000004,6.25,0.3500000000000003,0.106
0.05965,0.11233250000000003,6.3999999999999995,0.3500000000000003,0.10500000000000001
0.0597,0.10937500000000003,6.5,0.3500000000000003,0.10500000000000001
0.059750000000000004,0.10567250000000003,6.65,0.3500000000000003,0.104
0.059800000000000006,0.10098250000000003,6.75,0.3500000000000003,0.103
0.05985,0.09710250000000002,6.8500000000000005,0.3500000000000003,0.103
0.0599,0.09307250000000003,6.8999999999999995,0.3500000000000003,0.102
0.05995,0.08929500000000003,6.749999999999998,0.3500000000000003,0.102
0.060000000000000005,0.08634000000000003,6.1,0.30000000000000027,0.101
0.060050000000000006,0.08375500000000002,5.799999999999999,0.30000000000000027,0.101
0.0601,0.08132750000000002,5.6499999999999995,0.30000000000000027,0.1
0.06015,0.08066500000000001,5.3,0.3999999999999999,0.1
0.060200000000000004,0.07516500000000002,5.0,0.3999999999999999,0.09899999999999999
0.060250000000000005,0.07199750000000002,4.75,0.3999999999999999,0.09899999999999999
0.0603,0.06891750000000002,4.5,0.3999999999999999,0.098
0.06035,0.06611250000000002,4.3,0.3999999999999999,0.1
0.0604,0.06646750000000001,4.0,0.3999999999999999,0.11
0.060450000000000004,0.062432500000000016,3.8000000000000007,0.3999999999999999,0.11
0.060500000000000005,0.06174000000000002,3.55,0.3999999999999999,0.114
0.06055,0.06158000000000002,3.3500000000000005,0.3999999999999999,0.117
0.0606,0.062257500000000014,3.1500000000000004,0.3999999999999999,0.12000000000000001
0.06065,0.06733000000000001,2.95,0.3999999999999999,0.124
0.060700000000000004,0.06567000000000002,2.75,0.3999999999999999,0.124
0.060750000000000005,0.06871750000000001,2.55,0.3999999999999999,0.126
0.0608,0.07264500000000002,2.3999999999999995,0.3999999999999999,0.128
0.06085,0.07703250000000002,2.45,0.3999999999999999,0.129
0.0609,0.08659500000000002,2.6999999999999997,0.3999999999999999,0.12999999999999998
0.060950000000000004,0.08579000000000002,2.6999999999999997,0.3999999999999999,0.12999999999999998
0.061000000000000006,0.08998750000000003,2.85,0.3999999999999999,0.131
0.06105,0.09384500000000003,3.0000000000000004,0.3999999999999999,0.131
0.0611,0.09771250000000002,3.15,0.3999999999999999,0.131
0.06115,0.10134750000000002,3.3000000000000003,0.3999999999999999,0.131
0.061200000000000004,0.10468250000000003,3.4499999999999997,0.3999999999999999,0.12999999999999998
0.061250000000000006,0.10782750000000002,3.5499999999999994,0.3999999999999999,0.12999999999999998
0.0613,0.11067000000000003,3.65,0.3999999999999999,0.129
0.06135,0.11347500000000003,3.8000000000000003,0.3999999999999999,0.128
0.0614,0.11620500000000003,3.9500000000000006,0.34999999999999987,0.127
0.061450000000000005,0.11885000000000003,4.1,0.34999999999999987,0.126
0.061500000000000006,0.12113000000000003,4.25,0.34999999999999987,0.124
0.06155,0.12315500000000003,4.4,0.34999999999999987,0.12300000000000001
0.0616,0.12478500000000003,4.5,0.34999999999999987,0.121
0.06165,0.12623000000000004,4.65,0.34999999999999987,0.11900000000000001
0.061700000000000005,0.12719500000000003,4.8,0.34999999999999987,0.118
0.061750000000000006,0.12755000000000002,4.95,0.34999999999999987,0.117
0.0618,0.12744500000000003,5.1,0.34999999999999987,0.115
0.06185,0.13121500000000003,5.35,0.34999999999999987,0.114
0.061900000000000004,0.12594000000000002,5.35,0.34999999999999987,0.11299999999999999
0.061950000000000005,0.12451000000000004,5.5,0.34999999999999987,0.112
0.062,0.12286750000000003,5.6499999999999995,0.34999999999999987,0.111
0.06205,0.12134750000000002,5.75,0.34999999999999987,0.11
0.0621,0.12424000000000003,6.05,0.34999999999999987,0.10900000000000001
0.062150000000000004,0.11917250000000003,6.05,0.34999999999999987,0.108
0.062200000000000005,0.11782750000000003,6.2,0.34999999999999987,0.107
0.06225,0.11595250000000003,6.299999999999999,0.34999999999999987,0.106
0.0623,0.11358750000000002,6.449999999999999,0.34999999999999987,0.106
0.06235,0.11461500000000002,6.699999999999999,0.34999999999999987,0.10500000000000001
0.062400000000000004,0.10716750000000003,6.699999999999999,0.34999999999999987,0.104
0.062450000000000006,0.10238000000000003,6.8,0.34999999999999987,0.104
0.0625,0.10221000000000002,7.050000000000001,0.34999999999999987,0.103
0.06255000000000001,0.09432500000000002,6.950000000000001,0.34999999999999987,0.103
0.0626,0.09040750000000003,6.8999999999999995,0.2999999999999998,0.102
0.06265,0.08728250000000003,6.25,0.2999999999999998,0.101
0.0627,0.08451750000000002,5.799999999999999,0.2999999999999998,0.101
0.06275,0.08360250000000002,5.5,0.3999999999999999,0.1
0.06280000000000001,0.07790250000000001,5.199999999999999,0.3999999999999999,0.1
0.06285,0.07444750000000001,4.8999999999999995,0.3999999999999999,0.1
0.0629,0.07116750000000002,4.6499999999999995,0.3999999999999999,0.09899999999999999
0.06295,0.06831750000000002,4.3500000000000005,0.3999999999999999,0.1
0.063,0.06842500000000001,4.1000000000000005,0.3999999999999999,0.11
0.06305000000000001,0.06422000000000001,3.9000000000000004,0.3999999999999999,0.11
0.0631,0.06323250000000001,3.6500000000000004,0.3999999999999999,0.114
0.06315,0.06295250000000002,3.45,0.3999999999999999,0.117
0.0632,0.06331750000000001,3.250000000000001,0.3999999999999999,0.12000000000000001
0.06325,0.06837000000000001,3.05,0.3999999999999999,0.125
0.06330000000000001,0.06647000000000002,2.8500000000000005,0.3999999999999999,0.125
0.06335,0.06942750000000002,2.6500000000000004,0.3999999999999999,0.126
0.0634,0.07328500000000002,2.3999999999999995,0.3999999999999999,0.128
0.06345,0.07760500000000002,2.3999999999999995,0.3999999999999999,0.129
0.0635,0.08718500000000003,2.6999999999999993,0.3999999999999999,0.12999999999999998
0.06355000000000001,0.08636500000000003,2.6999999999999993,0.3999999999999999,0.12999999999999998
0.0636,0.09053750000000002,2.8499999999999996,0.3999999999999999,0.131
0.06365,0.09450000000000003,2.999999999999999,0.3999999999999999,0.131
0.0637,0.09847750000000002,3.1499999999999995,0.3999999999999999,0.131
0.06375,0.10702500000000002,3.4499999999999993,0.3999999999999999,0.131
0.06380000000000001,0.10552750000000002,3.4499999999999993,0.3999999999999999,0.131
0.06385,0.10865250000000003,3.5500000000000007,0.3999999999999999,0.12999999999999998
0.0639,0.11160500000000002,3.6500000000000004,0.3999999999999999,0.129
0.06395,0.11425500000000002,3.8000000000000007,0.3999999999999999,0.129
0.064,0.12160000000000003,4.1000000000000005,0.3999999999999999,0.128
0.06405000000000001,0.11954250000000002,4.1000000000000005,0.3500000000000001,0.126
0.0641,0.12186000000000002,4.250000000000001,0.3500000000000001,0.125
0.06415,0.12856000000000004,4.5,0.3500000000000001,0.12300000000000001
0.06420000000000001,0.12585750000000004,4.5,0.3500000000000001,0.122
0.06425,0.13176750000000004,4.8,0.3500000000000001,0.12000000000000001
0.06430000000000001,0.12856000000000004,4.8,0.3500000000000001,0.118
0.06435,0.12913000000000002,4.95,0.3500000000000001,0.117
0.0644,0.13346000000000002,5.25,0.3500000000000001,0.116
0.06445000000000001,0.12876750000000003,5.199999999999999,0.3500000000000001,0.114
0.0645,0.13217750000000003,5.499999999999999,0.3500000000000001,0.11299999999999999
0.06455,0.12649250000000004,5.499999999999999,0.3500000000000001,0.112
0.0646,0.12482500000000003,5.649999999999999,0.3500000000000001,0.111
0.06465,0.12726750000000003,5.9,0.3500000000000001,0.11
0.06470000000000001,0.12149250000000003,5.9,0.3500000000000001,0.10900000000000001
0.06475,0.12444250000000003,6.200000000000001,0.3500000000000001,0.108
0.0648,0.11918000000000004,6.15,0.3500000000000001,0.108
0.06485,0.11746500000000003,6.3,0.3500000000000001,0.107
0.0649,0.11921250000000003,6.6,0.3500000000000001,0.106
0.06495000000000001,0.11252000000000002,6.550000000000001,0.3500000000000001,0.10500000000000001
0.065,0.11320750000000003,6.8500000000000005,0.3500000000000001,0.10500000000000001
0.06505,0.10500750000000003,6.8,0.3500000000000001,0.104
0.0651,0.10046250000000002,6.8999999999999995,0.3500000000000001,0.104
0.06515,0.10009250000000003,7.15,0.3500000000000001,0.103
0.06520000000000001,0.09218500000000002,7.0,0.30000000000000004,0.102
0.06525,0.09166500000000002,6.5,0.34999999999999987,0.102
0.0653,0.08529750000000003,5.85,0.34999999999999987,0.101
0.06535,0.08158000000000001,5.450000000000001,0.40000000000000013,0.101
0.0654,0.07995750000000001,5.15,0.40000000000000013,0.1
0.06545000000000001,0.07443750000000002,4.800000000000001,0.40000000000000013,0.1
0.0655,0.07353500000000002,4.550000000000001,0.40000000000000013,0.104
0.06555,0.06853250000000002,4.300000000000001,0.40000000000000013,0.104
0.0656,0.06651250000000002,4.050000000000001,0.40000000000000013,0.10900000000000001
0.06565,0.06799500000000001,3.85,0.40000000000000013,0.117
0.06570000000000001,0.06436250000000002,3.6,0.40000000000000013,0.117
0.06575,0.06779500000000002,3.4,0.40000000000000013,0.122
0.0658,0.06527250000000001,3.1999999999999997,0.40000000000000013,0.122
0.06585,0.06678000000000002,3.0000000000000004,0.40000000000000013,0.124
0.0659,0.07376750000000001,2.7,0.40000000000000013,0.128
0.06595000000000001,0.07300500000000001,2.5,0.40000000000000013,0.128
0.066,0.07715750000000002,2.4000000000000004,0.40000000000000013,0.129
0.06605,0.08154250000000002,2.55,0.40000000000000013,0.12999999999999998
0.0661,0.08588250000000003,2.6500000000000004,0.40000000000000013,0.131
0.06615,0.09524250000000002,2.95,0.40000000000000013,0.132
0.06620000000000001,0.09423500000000003,2.95,0.40000000000000013,0.132
0.06625,0.09823000000000003,3.0999999999999996,0.40000000000000013,0.132
0.0663,0.10199000000000003,3.25,0.40000000000000013,0.132
0.06635,0.10554250000000003,3.3499999999999996,0.40000000000000013,0.131
0.0664,0.11370750000000003,3.6499999999999995,0.40000000000000013,0.131
0.06645000000000001,0.11178750000000003,3.6499999999999995,0.40000000000000013,0.12999999999999998
0.0665,0.11455000000000003,3.8,0.40000000000000013,0.129
0.06655,0.11719500000000004,3.95,0.40000000000000013,0.128
0.0666,0.11957750000000003,4.1,0.40000000000000013,0.127
0.06665,0.12673500000000004,4.3999999999999995,0.3500000000000001,0.126
0.06670000000000001,0.12439250000000003,4.35,0.3500000000000001,0.125
0.06675,0.12642000000000003,4.5,0.3500000000000001,0.12300000000000001
0.0668,0.12812500000000004,4.65,0.3500000000000001,0.121
0.06685,0.12947500000000003,4.800000000000001,0.3500000000000001,0.11900000000000001
0.0669,0.13470750000000004,5.1000000000000005,0.3500000000000001,0.118
0.06695000000000001,0.13086250000000002,5.050000000000001,0.3500000000000001,0.117
0.067,0.13076000000000004,5.200000000000001,0.3500000000000001,0.115
0.06705,0.13005250000000004,5.35,0.3500000000000001,0.114
0.0671,0.12889500000000004,5.5,0.3500000000000001,0.11299999999999999
0.06715,0.13152500000000003,5.800000000000001,0.3500000000000001,0.112
0.06720000000000001,0.12536250000000004,5.75,0.3500000000000001,0.111
0.06725,0.12359750000000003,5.9,0.3500000000000001,0.11
0.0673,0.12588750000000004,6.199999999999999,0.3500000000000001,0.10900000000000001
0.06735000000000001,0.12067750000000003,6.1499999999999995,0.3500000000000001,0.108
0.0674,0.12329750000000003,6.45,0.3500000000000001,0.107
0.06745000000000001,0.11724750000000003,6.45,0.3500000000000001,0.107
0.0675,0.11475250000000004,6.550000000000001,0.3500000000000001,0.106
0.06755,0.11584000000000003,6.85,0.3500000000000001,0.10500000000000001
0.06760000000000001,0.10838500000000002,6.8,0.3500000000000001,0.10500000000000001
0.06765,0.10730000000000002,7.0,0.3500000000000001,0.104
0.06770000000000001,0.09918250000000002,6.949999999999999,0.3500000000000001,0.103
0.06775,0.09497250000000003,7.05,0.2999999999999998,0.103
0.0678,0.09342500000000002,6.85,0.39999999999999947,0.102
0.06785000000000001,0.08663000000000003,6.05,0.39999999999999947,0.102
0.0679,0.08471000000000002,5.450000000000001,0.39999999999999947,0.101
0.06795,0.07881250000000002,5.1000000000000005,0.39999999999999947,0.101
0.068,0.07527250000000002,4.8500000000000005,0.39999999999999947,0.1
0.06805,0.07442000000000001,4.550000000000001,0.39999999999999947,0.107
0.06810000000000001,0.06948500000000002,4.300000000000001,0.39999999999999947,0.107
0.06815,0.07029500000000002,4.050000000000001,0.39999999999999947,0.115
0.0682,0.06620750000000002,3.8500000000000005,0.39999999999999947,0.115
0.06825,0.06572750000000002,3.6000000000000005,0.39999999999999947,0.11900000000000001
0.0683,0.06938250000000001,3.4000000000000004,0.39999999999999947,0.124
0.06835000000000001,0.06705750000000002,3.1000000000000005,0.39999999999999947,0.124
0.0684,0.07314500000000002,2.8999999999999995,0.39999999999999947,0.127
0.06845,0.07216750000000002,2.7,0.39999999999999947,0.127
0.0685,0.07586750000000002,2.5,0.39999999999999947,0.129
0.06855,0.08520000000000003,2.5999999999999996,0.39999999999999947,0.131
0.06860000000000001,0.08434000000000003,2.5999999999999996,0.39999999999999947,0.131
0.06865,0.09390750000000002,2.8999999999999995,0.39999999999999947,0.132
0.0687,0.09297250000000003,2.8999999999999995,0.39999999999999947,0.132
0.06875,0.09703250000000002,3.05,0.39999999999999947,0.132
0.0688,0.10599500000000002,3.299999999999999,0.39999999999999947,0.132
0.06885000000000001,0.10465750000000003,3.299999999999999,0.39999999999999947,0.132
0.0689,0.11306000000000002,3.5999999999999988,0.39999999999999947,0.132
0.06895,0.11125000000000003,3.5999999999999988,0.39999999999999947,0.131
0.069,0.11418750000000003,3.749999999999999,0.39999999999999947,0.12999999999999998
0.06905,0.12172500000000003,3.999999999999999,0.39999999999999947,0.129
0.06910000000000001,0.11934250000000003,3.999999999999999,0.39999999999999947,0.128
0.06915,0.12637250000000003,4.299999999999999,0.39999999999999947,0.127
0.0692,0.12409500000000002,4.25,0.39999999999999947,0.126
0.06925,0.12634000000000004,4.4,0.34999999999999964,0.124
0.0693,0.13276000000000004,4.7,0.34999999999999964,0.12300000000000001
0.06935000000000001,0.12989500000000004,4.7,0.34999999999999964,0.121
0.0694,0.13110000000000002,4.8500000000000005,0.34999999999999964,0.11900000000000001
0.06945,0.13199000000000002,4.949999999999999,0.34999999999999964,0.118
0.0695,0.13248000000000004,5.1,0.34999999999999964,0.116
0.06955,0.13648500000000002,5.3999999999999995,0.34999999999999964,0.115
0.06960000000000001,0.13136500000000004,5.3999999999999995,0.34999999999999964,0.114
0.06965,0.13007250000000004,5.549999999999999,0.34999999999999964,0.11299999999999999
0.0697,0.12839500000000004,5.65,0.34999999999999964,0.112
0.06975,0.12631500000000004,5.800000000000001,0.34999999999999964,0.111
0.0698,0.12846000000000002,6.100000000000001,0.34999999999999964,0.11
0.06985000000000001,0.12239750000000003,6.100000000000001,0.34999999999999964,0.10900000000000001
0.0699,0.12114500000000003,6.2,0.34999999999999964,0.108
0.06995,0.11954500000000003,6.35,0.34999999999999964,0.107
0.07,0.11744500000000004,6.449999999999999,0.34999999999999964,0.107
0.07005,0.11885000000000003,6.749999999999999,0.34999999999999964,0.106
0.07010000000000001,0.11192250000000002,6.749999999999999,0.34999999999999964,0.10500000000000001
0.07015,0.10814250000000003,6.8500000000000005,0.34999999999999964,0.10500000000000001
0.0702,0.10314250000000003,6.949999999999999,0.34999999999999964,0.104
0.07025,0.09869000000000003,7.050000000000001,0.2999999999999998,0.104
0.0703,0.09641750000000003,7.000000000000001,0.40000000000000036,0.103
0.07035000000000001,0.08907000000000002,6.5,0.40000000000000036,0.102
0.0704,0.08471750000000002,5.75,0.40000000000000036,0.102
0.07045,0.08275750000000003,5.25,0.40000000000000036,0.101
0.07050000000000001,0.07685000000000002,4.9,0.40000000000000036,0.101
0.07055,0.07590750000000002,4.6499999999999995,0.40000000000000036,0.10900000000000001
0.07060000000000001,0.07092750000000002,4.35,0.40000000000000036,0.10900000000000001
0.07065,0.06890500000000002,4.1,0.40000000000000036,0.11299999999999999
0.0707,0.07057750000000002,3.9000000000000004,0.40000000000000036,0.12000000000000001
0.07075000000000001,0.06706000000000002,3.6499999999999995,0.40000000000000036,0.12000000000000001
0.0708,0.07101500000000002,3.3499999999999996,0.40000000000000036,0.125
0.07085000000000001,0.06869000000000001,3.1500000000000004,0.40000000000000036,0.125
0.0709,0.07081750000000002,2.95,0.40000000000000036,0.127
0.07095,0.07841750000000001,2.75,0.40000000000000036,0.129
0.07100000000000001,0.07765250000000001,2.55,0.40000000000000036,0.129
0.07105,0.08698250000000002,2.6500000000000004,0.40000000000000036,0.131
0.0711,0.08623750000000002,2.6500000000000004,0.40000000000000036,0.131
0.07115,0.09057000000000003,2.8000000000000007,0.40000000000000036,0.132
0.0712,0.09998000000000003,3.1000000000000005,0.40000000000000036,0.132
0.07125000000000001,0.09895500000000003,3.0500000000000003,0.40000000000000036,0.132
0.0713,0.10792500000000002,3.35,0.40000000000000036,0.132
0.07135,0.10649750000000002,3.35,0.40000000000000036,0.132
0.0714,0.10991000000000002,3.5000000000000004,0.40000000000000036,0.132
0.07145,0.11790250000000004,3.7500000000000004,0.40000000000000036,0.131
0.07150000000000001,0.11595250000000003,3.7500000000000004,0.40000000000000036,0.131
0.07155,0.12337000000000004,4.050000000000001,0.40000000000000036,0.12999999999999998
0.0716,0.12107750000000003,4.0,0.40000000000000036,0.129
0.07165,0.12341000000000003,4.15,0.40000000000000036,0.127
0.0717,0.13015250000000003,4.450000000000001,0.40000000000000036,0.126
0.07175000000000001,0.12776250000000003,4.450000000000001,0.3500000000000001,0.125
0.0718,0.13417750000000003,4.75,0.3500000000000001,0.12300000000000001
0.07185,0.13125500000000004,4.75,0.3500000000000001,0.121
0.0719,0.13251750000000004,4.85,0.3500000000000001,0.11900000000000001
0.07195,0.13783000000000004,5.1499999999999995,0.3500000000000001,0.118
0.07200000000000001,0.13386000000000003,5.1499999999999995,0.3500000000000001,0.116
0.07205,0.13795500000000002,5.449999999999999,0.3500000000000001,0.115
0.0721,0.13283250000000002,5.449999999999999,0.3500000000000001,0.114
0.07215,0.13163750000000005,5.55,0.3500000000000001,0.11299999999999999
0.0722,0.13414250000000003,5.85,0.3500000000000001,0.112
0.07225000000000001,0.12769500000000003,5.85,0.3500000000000001,0.111
0.0723,0.12962250000000003,6.1499999999999995,0.3500000000000001,0.11
0.07235,0.12338750000000002,6.1,0.3500000000000001,0.10900000000000001
0.0724,0.12190250000000002,6.25,0.3500000000000001,0.108
0.07245,0.12431250000000003,6.55,0.3500000000000001,0.108
0.07250000000000001,0.11810250000000003,6.5,0.3500000000000001,0.107
0.07255,0.11551000000000003,6.65,0.3500000000000001,0.106
0.0726,0.11257000000000003,6.75,0.3500000000000001,0.10500000000000001
0.07265,0.10880250000000002,6.9,0.3500000000000001,0.10500000000000001
0.0727,0.10681000000000003,7.05,0.3500000000000001,0.104
0.07275000000000001,0.09860500000000003,7.0,0.3500000000000001,0.104
0.0728,0.09321750000000002,6.85,0.3999999999999999,0.103
0.07285,0.08808250000000002,6.3999999999999995,0.3999999999999999,0.103
0.0729,0.08349250000000003,5.6,0.3999999999999999,0.102
0.07295,0.08161750000000002,5.149999999999999,0.3999999999999999,0.104
0.07300000000000001,0.07583500000000001,4.799999999999999,0.3999999999999999,0.104
0.07305,0.07301250000000002,4.499999999999999,0.3999999999999999,0.10900000000000001
0.0731,0.07073500000000002,4.249999999999999,0.3999999999999999,0.11299999999999999
0.07315,0.06929750000000001,3.95,0.3999999999999999,0.117
0.0732,0.07182250000000001,3.7,0.3999999999999999,0.12300000000000001
0.07325000000000001,0.06885500000000001,3.45,0.3999999999999999,0.12300000000000001
0.0733,0.07000750000000001,3.25,0.3999999999999999,0.125
0.07335,0.07194750000000001,3.000000000000001,0.3999999999999999,0.127
0.0734,0.07489250000000001,2.8,0.3999999999999999,0.129
0.07345,0.08344500000000002,2.6000000000000005,0.3999999999999999,0.131
0.07350000000000001,0.08266750000000002,2.55,0.3999999999999999,0.131
0.07355,0.08707000000000002,2.6500000000000004,0.3999999999999999,0.132
0.0736,0.09666500000000003,2.95,0.3999999999999999,0.133
0.07365000000000001,0.09581000000000002,2.8999999999999995,0.3999999999999999,0.133
0.0737,0.10505000000000003,3.1999999999999993,0.3999999999999999,0.133
0.07375000000000001,0.10379000000000002,3.1999999999999993,0.3999999999999999,0.133
0.0738,0.10748000000000003,3.3499999999999996,0.3999999999999999,0.133
0.07385,0.11583000000000003,3.6499999999999995,0.3999999999999999,0.132
0.07390000000000001,0.11404000000000003,3.6499999999999995,0.3999999999999999,0.132
0.07395,0.12185500000000003,3.95,0.3999999999999999,0.131
0.07400000000000001,0.11973250000000003,3.9000000000000012,0.3999999999999999,0.12999999999999998
0.07405,0.12229750000000003,4.050000000000001,0.3999999999999999,0.129
0.0741,0.12931500000000004,4.3500000000000005,0.3999999999999999,0.128
0.07415000000000001,0.12661250000000004,4.3500000000000005,0.3999999999999999,0.127
0.0742,0.13324500000000003,4.65,0.3999999999999999,0.125
0.07425000000000001,0.13061500000000004,4.65,0.3500000000000001,0.12300000000000001
0.0743,0.13225000000000003,4.800000000000001,0.3500000000000001,0.122
0.07435,0.13805000000000003,5.050000000000001,0.3500000000000001,0.12000000000000001
0.07440000000000001,0.13462250000000003,5.050000000000001,0.3500000000000001,0.118
0.07445,0.13952500000000004,5.35,0.3500000000000001,0.117
0.0745,0.13515000000000002,5.35,0.3500000000000001,0.115
0.07455,0.13464000000000004,5.5,0.3500000000000001,0.114
0.0746,0.13767000000000004,5.699999999999999,0.3500000000000001,0.11299999999999999
0.07465000000000001,0.13186250000000002,5.699999999999999,0.3500000000000001,0.112
0.0747,0.13386000000000003,6.0,0.3500000000000001,0.111
0.07475,0.12714000000000003,6.0,0.3500000000000001,0.11
0.0748,0.12485000000000003,6.1000000000000005,0.3500000000000001,0.10900000000000001
0.07485,0.12699500000000002,6.4,0.3500000000000001,0.10900000000000001
0.07490000000000001,0.12128000000000003,6.4,0.3500000000000001,0.108
0.07495,0.12324000000000003,6.6499999999999995,0.3500000000000001,0.107
0.075,0.11669000000000003,6.6499999999999995,0.3500000000000001,0.106
0.07505,0.11380750000000003,6.750000000000001,0.3500000000000001,0.106
0.0751,0.11360500000000003,7.000000000000001,0.3500000000000001,0.10500000000000001
0.07515000000000001,0.10519000000000002,6.95,0.3500000000000001,0.10500000000000001
0.0752,0.10140750000000003,6.850000000000001,0.3999999999999999,0.104
0.07525,0.09342500000000002,6.75,0.3999999999999999,0.103
0.0753,0.08782750000000002,6.449999999999999,0.3999999999999999,0.103
0.07535,0.08540250000000002,5.65,0.3999999999999999,0.103
0.07540000000000001,0.07917750000000003,5.1,0.3999999999999999,0.103
0.07545,0.07835250000000002,4.699999999999999,0.3999999999999999,0.11299999999999999
0.0755,0.07332250000000001,4.35,0.3999999999999999,0.11299999999999999
0.07555,0.07156000000000001,4.1,0.3999999999999999,0.117
0.0756,0.07355500000000002,3.85,0.3999999999999999,0.12300000000000001
0.07565000000000001,0.07027000000000001,3.6,0.3999999999999999,0.12300000000000001
0.0757,0.07484500000000002,3.4,0.3999999999999999,0.127
0.07575,0.07257500000000001,3.15,0.3999999999999999,0.127
0.0758,0.07500500000000002,2.9499999999999997,0.3999999999999999,0.129
0.07585,0.08329500000000002,2.7000000000000006,0.3999999999999999,0.131
0.07590000000000001,0.08251750000000002,2.5500000000000003,0.3999999999999999,0.131
0.07595,0.08696250000000003,2.65,0.3999999999999999,0.132
0.076,0.09141750000000003,2.75,0.3999999999999999,0.133
0.07605,0.09579250000000003,2.8999999999999995,0.3999999999999999,0.133
0.0761,0.10505250000000002,3.1499999999999995,0.3999999999999999,0.133
0.07615000000000001,0.10387000000000003,3.1499999999999995,0.3999999999999999,0.133
0.0762,0.10761250000000003,3.3,0.3999999999999999,0.133
0.07625,0.11109000000000002,3.4499999999999993,0.3999999999999999,0.133
0.0763,0.11433750000000002,3.5999999999999996,0.3999999999999999,0.132
0.07635,0.12231500000000003,3.8999999999999995,0.3999999999999999,0.132
0.07640000000000001,0.12027750000000002,3.8499999999999996,0.3999999999999999,0.131
0.07645,0.12285000000000003,4.0,0.3999999999999999,0.12999999999999998
0.0765,0.12526000000000004,4.1499999999999995,0.3999999999999999,0.129
0.07655,0.12733000000000003,4.3,0.3999999999999999,0.127
0.0766,0.13389250000000003,4.6000000000000005,0.3999999999999999,0.126
0.07665000000000001,0.13104750000000004,4.6000000000000005,0.3999999999999999,0.124
0.0767,0.13291750000000002,4.7,0.3500000000000001,0.12300000000000001
0.07675,0.13887500000000003,5.000000000000001,0.3500000000000001,0.121
0.07680000000000001,0.13557500000000003,5.000000000000001,0.3500000000000001,0.118
0.07685,0.14072750000000003,5.300000000000001,0.3500000000000001,0.117
0.07690000000000001,0.13652250000000005,5.300000000000001,0.3500000000000001,0.116
0.07695,0.13640750000000004,5.4,0.3500000000000001,0.115
0.077,0.13987500000000003,5.699999999999999,0.3500000000000001,0.114
0.07705000000000001,0.13415250000000004,5.699999999999999,0.3500000000000001,0.11299999999999999
0.0771,0.13651500000000003,6.0,0.3500000000000001,0.112
0.07715000000000001,0.12979750000000004,6.0,0.3500000000000001,0.111
0.0772,0.12701750000000003,6.1,0.3500000000000001,0.11
0.07725,0.12872000000000003,6.4,0.3500000000000001,0.10900000000000001
0.07730000000000001,0.12270000000000003,6.4,0.3500000000000001,0.108
0.07735,0.12486000000000003,6.6499999999999995,0.3500000000000001,0.108
0.07740000000000001,0.11836500000000003,6.6499999999999995,0.3500000000000001,0.107
0.07745,0.11568000000000003,6.75,0.3500000000000001,0.106
0.0775,0.11523250000000003,6.85,0.40000000000000036,0.106
0.07755000000000001,0.10750750000000003,6.8,0.40000000000000036,0.10500000000000001
0.0776,0.10299750000000002,6.75,0.40000000000000036,0.104
0.07765,0.09473250000000003,6.699999999999999,0.40000000000000036,0.104
0.0777,0.08889500000000002,6.549999999999999,0.40000000000000036,0.103
0.07775,0.08620000000000003,5.85,0.40000000000000036,0.107
0.07780000000000001,0.07997000000000001,5.15,0.40000000000000036,0.107
0.07785,0.07961250000000002,4.700000000000001,0.40000000000000036,0.115
0.0779,0.07448000000000002,4.3500000000000005,0.40000000000000036,0.115
0.07795,0.07282000000000002,4.1000000000000005,0.40000000000000036,0.11900000000000001
0.078,0.07516750000000001,3.8500000000000005,0.40000000000000036,0.124
0.07805000000000001,0.07209500000000002,3.6000000000000005,0.40000000000000036,0.124
0.0781,0.07699500000000002,3.3500000000000005,0.40000000000000036,0.128
0.07815,0.07485500000000002,3.1000000000000005,0.40000000000000036,0.128
0.0782,0.07775000000000001,2.9000000000000012,0.40000000000000036,0.12999999999999998
0.07825,0.08655750000000002,2.7,0.40000000000000036,0.132
0.07830000000000001,0.08589250000000002,2.55,0.40000000000000036,0.132
0.07835,0.09556750000000003,2.8500000000000005,0.40000000000000036,0.133
0.0784,0.09473750000000003,2.8500000000000005,0.40000000000000036,0.133
0.07845,0.09887750000000002,2.95,0.40000000000000036,0.134
0.0785,0.10813000000000003,3.25,0.40000000000000036,0.134
0.07855000000000001,0.10688250000000003,3.25,0.40000000000000036,0.134
0.0786,0.11561500000000002,3.55,0.40000000000000036,0.133
0.07865,0.11394750000000003,3.55,0.40000000000000036,0.133
0.0787,0.11710500000000003,3.6499999999999995,0.40000000000000036,0.132
0.07875,0.12500750000000002,3.9499999999999993,0.40000000000000036,0.132
0.07880000000000001,0.12284000000000003,3.9499999999999993,0.40000000000000036,0.131
0.07885,0.13009500000000004,4.249999999999999,0.40000000000000036,0.12999999999999998
0.0789,0.12754500000000002,4.249999999999999,0.40000000000000036,0.128
0.07895,0.12958250000000004,4.3999999999999995,0.40000000000000036,0.127
0.079,0.13603250000000003,4.699999999999999,0.40000000000000036,0.126
0.07905000000000001,0.13307500000000003,4.65,0.40000000000000036,0.124
0.0791,0.13475500000000004,4.800000000000001,0.3500000000000001,0.122
0.07915,0.13616500000000004,4.950000000000001,0.3500000000000001,0.12000000000000001
0.0792,0.13708750000000003,5.1000000000000005,0.3500000000000001,0.118
0.07925,0.14214750000000004,5.4,0.3500000000000001,0.117
0.07930000000000001,0.13784000000000005,5.35,0.3500000000000001,0.116
0.07935,0.13753750000000003,5.5,0.3500000000000001,0.114
0.0794,0.13662500000000002,5.6499999999999995,0.3500000000000001,0.11299999999999999
0.07945,0.13511000000000004,5.799999999999999,0.3500000000000001,0.112
0.0795,0.13736000000000004,6.1,0.3500000000000001,0.111
0.07955000000000001,0.13039000000000003,6.050000000000001,0.3500000000000001,0.111
0.0796,0.12732500000000002,6.200000000000001,0.3500000000000001,0.11
0.07965,0.12885000000000002,6.500000000000001,0.3500000000000001,0.10900000000000001
0.07970000000000001,0.12270500000000004,6.45,0.3500000000000001,0.108
0.07975,0.12442000000000003,6.75,0.3500000000000001,0.107
0.07980000000000001,0.11793500000000003,6.75,0.3500000000000001,0.107
0.07985,0.11484500000000003,6.750000000000001,0.34999999999999964,0.106
0.0799,0.11269250000000003,6.699999999999998,0.39999999999999947,0.106
0.07995000000000001,0.10451750000000003,6.699999999999998,0.39999999999999947,0.10500000000000001
0.08,0.09961000000000003,6.6499999999999995,0.39999999999999947,0.104
0.08005000000000001,0.09145250000000002,6.5,0.39999999999999947,0.104
0.0801,0.08611000000000002,6.25,0.39999999999999947,0.103
0.08015,0.08445000000000003,5.449999999999999,0.39999999999999947,0.11299999999999999
0.08020000000000001,0.07862750000000002,4.9,0.39999999999999947,0.11299999999999999
0.08025,0.07917250000000002,4.45,0.39999999999999947,0.12000000000000001
0.08030000000000001,0.07440750000000002,4.1499999999999995,0.39999999999999947,0.12000000000000001
0.08035,0.07347750000000002,3.8499999999999996,0.39999999999999947,0.12300000000000001
0.0804,0.07738500000000002,3.6000000000000005,0.39999999999999947,0.127
0.08045000000000001,0.07479500000000001,3.3500000000000005,0.39999999999999947,0.127
0.0805,0.08100500000000002,3.1499999999999995,0.39999999999999947,0.131
0.08055000000000001,0.07985250000000002,2.8500000000000005,0.39999999999999947,0.131
0.0806,0.08391750000000002,2.6500000000000004,0.39999999999999947,0.132
0.08065,0.09352250000000002,2.75,0.39999999999999947,0.133
0.08070000000000001,0.09265500000000003,2.75,0.39999999999999947,0.133
0.08075,0.10217250000000003,3.05,0.39999999999999947,0.134
0.08080000000000001,0.10112500000000002,3.05,0.39999999999999947,0.134
0.08085,0.10518500000000003,3.2,0.39999999999999947,0.134
0.0809,0.11410000000000003,3.5,0.39999999999999947,0.134
0.08095000000000001,0.11267500000000003,3.5,0.39999999999999947,0.134
0.081,0.12104000000000004,3.6999999999999997,0.39999999999999947,0.133
0.08105,0.11916250000000003,3.6999999999999997,0.39999999999999947,0.133
0.0811,0.12213750000000002,3.85,0.39999999999999947,0.132
0.08115,0.12958000000000003,4.15,0.39999999999999947,0.131
0.08120000000000001,0.12715750000000003,4.15,0.39999999999999947,0.12999999999999998
0.08125,0.13413500000000003,4.449999999999999,0.39999999999999947,0.128
0.0813,0.13142250000000003,4.449999999999999,0.39999999999999947,0.127
0.08135,0.13314500000000004,4.550000000000001,0.39999999999999947,0.126
0.0814,0.13924250000000005,4.85,0.39999999999999947,0.124
0.08145000000000001,0.13616500000000004,4.85,0.39999999999999947,0.122
0.0815,0.14199750000000003,5.15,0.34999999999999964,0.12000000000000001
0.08155,0.13848000000000005,5.15,0.34999999999999964,0.118
0.0816,0.13904000000000002,5.249999999999999,0.34999999999999964,0.117
0.08165,0.14349750000000003,5.55,0.34999999999999964,0.116
0.08170000000000001,0.13870000000000005,5.55,0.34999999999999964,0.114
0.08175,0.14225000000000004,5.8500000000000005,0.34999999999999964,0.11299999999999999
0.0818,0.13656000000000004,5.8500000000000005,0.34999999999999964,0.112
0.08185,0.13452750000000002,5.95,0.34999999999999964,0.111
0.0819,0.13593000000000002,6.25,0.34999999999999964,0.111
0.08195000000000001,0.12819000000000003,6.25,0.34999999999999964,0.11
0.082,0.12943750000000004,6.500000000000001,0.34999999999999964,0.10900000000000001
0.08205,0.12298500000000002,6.500000000000001,0.34999999999999964,0.108
0.0821,0.12066000000000003,6.6499999999999995,0.34999999999999964,0.108
0.08215,0.12044750000000003,6.65,0.40000000000000036,0.107
0.08220000000000001,0.11366500000000003,6.65,0.40000000000000036,0.106
0.08225,0.11085250000000003,6.6,0.40000000000000036,0.106
0.0823,0.10272250000000002,6.499999999999999,0.40000000000000036,0.10500000000000001
0.08235,0.09572500000000002,6.449999999999999,0.40000000000000036,0.104
0.0824,0.09229000000000002,6.399999999999999,0.40000000000000036,0.10900000000000001
0.08245000000000001,0.08497000000000002,6.1,0.40000000000000036,0.10900000000000001
0.0825,0.08122500000000002,5.249999999999999,0.40000000000000036,0.114
0.08255,0.07846250000000002,4.749999999999999,0.40000000000000036,0.118
0.0826,0.07648250000000002,4.299999999999999,0.40000000000000036,0.121
0.08265,0.07866750000000002,3.9499999999999993,0.40000000000000036,0.126
0.08270000000000001,0.07531250000000002,3.6999999999999993,0.40000000000000036,0.126
0.08275,0.07627250000000002,3.4499999999999993,0.40000000000000036,0.128
0.0828,0.08258500000000002,3.1500000000000004,0.40000000000000036,0.131
0.08285000000000001,0.08126500000000002,2.95,0.40000000000000036,0.131
0.0829,0.09021500000000002,2.7,0.40000000000000036,0.133
0.08295000000000001,0.08952000000000002,2.6500000000000004,0.40000000000000036,0.133
0.083,0.09386250000000003,2.750000000000001,0.40000000000000036,0.134
0.08305,0.10345750000000002,3.0500000000000007,0.40000000000000036,0.134
0.08310000000000001,0.10241250000000003,3.0500000000000007,0.40000000000000036,0.134
0.08315,0.11161250000000003,3.3500000000000005,0.40000000000000036,0.134
0.08320000000000001,0.11038000000000003,3.3,0.40000000000000036,0.134
0.08325,0.11397500000000003,3.45,0.40000000000000036,0.134
0.0833,0.12238000000000003,3.75,0.40000000000000036,0.134
0.08335000000000001,0.12052750000000002,3.75,0.40000000000000036,0.133
0.0834,0.12832750000000004,4.05,0.40000000000000036,0.132
0.08345000000000001,0.12605500000000003,4.05,0.40000000000000036,0.131
0.0835,0.12852500000000003,4.199999999999999,0.40000000000000036,0.12999999999999998
0.08355,0.13556250000000003,4.5,0.40000000000000036,0.129
0.08360000000000001,0.13278250000000003,4.450000000000001,0.40000000000000036,0.127
0.08365,0.13927000000000003,4.75,0.40000000000000036,0.126
0.08370000000000001,0.13607250000000004,4.75,0.40000000000000036,0.124
0.08375,0.13723000000000005,4.9,0.40000000000000036,0.122
0.0838,0.14311500000000005,5.200000000000001,0.3500000000000001,0.12000000000000001
0.08385000000000001,0.13962250000000004,5.200000000000001,0.3500000000000001,0.118
0.0839,0.14468000000000003,5.45,0.3500000000000001,0.117
0.08395000000000001,0.14034750000000004,5.45,0.3500000000000001,0.116
0.084,0.14003750000000004,5.6,0.3500000000000001,0.115
0.08405,0.14367250000000004,5.9,0.3500000000000001,0.114
0.08410000000000001,0.13830250000000002,5.850000000000001,0.3500000000000001,0.11299999999999999
0.08415,0.14064500000000005,6.15,0.3500000000000001,0.112
0.08420000000000001,0.13389000000000004,6.15,0.3500000000000001,0.111
0.08425,0.13013000000000002,6.300000000000001,0.3500000000000001,0.11
0.0843,0.13052000000000002,6.499999999999998,0.3500000000000001,0.10900000000000001
0.08435000000000001,0.12366500000000002,6.499999999999998,0.3500000000000001,0.108
0.0844,0.12384750000000003,6.599999999999999,0.3999999999999999,0.108
0.08445,0.11743500000000003,6.55,0.3999999999999999,0.107
0.0845,0.11322750000000002,6.5,0.3999999999999999,0.106
0.08455,0.11043250000000003,6.450000000000001,0.3999999999999999,0.106
0.08460000000000001,0.10248250000000003,6.4,0.3999999999999999,0.10500000000000001
0.08465,0.09781750000000003,6.35,0.3999999999999999,0.10900000000000001
0.0847,0.08975250000000003,6.300000000000001,0.3999999999999999,0.10900000000000001
0.08475,0.08501500000000002,6.049999999999999,0.3999999999999999,0.114
0.0848,0.08467250000000003,5.25,0.3999999999999999,0.121
0.08485000000000001,0.07917500000000002,4.65,0.3999999999999999,0.121
0.0849,0.08082250000000002,4.25,0.3999999999999999,0.126
0.08495,0.07706250000000002,3.85,0.3999999999999999,0.126
0.085,0.07775000000000001,3.5500000000000003,0.3999999999999999,0.128
0.08505,0.08355500000000002,3.3000000000000003,0.3999999999999999,0.131
0.08510000000000001,0.08197500000000002,3.0500000000000003,0.3999999999999999,0.131
0.08515,0.09035500000000002,2.85,0.3999999999999999,0.133
0.0852,0.08973000000000002,2.65,0.3999999999999999,0.133
0.08525,0.09420000000000002,2.7500000000000004,0.3999999999999999,0.134
0.0853,0.10375000000000002,3.0500000000000003,0.3999999999999999,0.135
0.08535000000000001,0.10270000000000003,3.0500000000000003,0.3999999999999999,0.135
0.0854,0.11206500000000003,3.3,0.3999999999999999,0.135
0.08545,0.11080750000000003,3.3,0.3999999999999999,0.135
0.0855,0.11449750000000003,3.45,0.3999999999999999,0.134
0.08555,0.12301500000000003,3.75,0.3999999999999999,0.134
0.08560000000000001,0.12117250000000003,3.75,0.3999999999999999,0.133
0.08565,0.12903250000000002,4.05,0.3999999999999999,0.133
0.0857,0.12681750000000003,4.05,0.3999999999999999,0.132
0.08575,0.12936250000000002,4.199999999999999,0.3999999999999999,0.131
0.0858,0.13656000000000004,4.45,0.3999999999999999,0.129
0.08585000000000001,0.13377750000000002,4.45,0.3999999999999999,0.128
0.0859,0.13564000000000004,4.6,0.3999999999999999,0.127
0.08595,0.14178250000000003,4.8999999999999995,0.3999999999999999,0.125
0.08600000000000001,0.13840250000000004,4.8999999999999995,0.3999999999999999,0.12300000000000001
0.08605,0.14393750000000002,5.199999999999999,0.3999999999999999,0.121
0.08610000000000001,0.14057500000000003,5.1499999999999995,0.3500000000000001,0.11900000000000001
0.08615,0.14132250000000005,5.300000000000001,0.3500000000000001,0.117
0.0862,0.14596250000000005,5.6000000000000005,0.3500000000000001,0.116
0.08625000000000001,0.14143500000000003,5.6000000000000005,0.3500000000000001,0.115
0.0863,0.14530250000000003,5.85,0.3500000000000001,0.114
0.08635000000000001,0.14011250000000003,5.799999999999999,0.3500000000000001,0.11299999999999999
0.0864,0.13866000000000003,5.949999999999999,0.3500000000000001,0.112
0.08645,0.14069500000000004,6.25,0.3500000000000001,0.111
0.08650000000000001,0.13346000000000002,6.25,0.3500000000000001,0.11
0.08655,0.13254000000000005,6.5,0.3500000000000001,0.11
0.08660000000000001,0.12531500000000004,6.5,0.3500000000000001,0.10900000000000001
0.08665,0.12154250000000003,6.5,0.4500000000000002,0.108
0.0867,0.12016500000000004,6.3999999999999995,0.3999999999999999,0.107
0.08675000000000001,0.11369500000000003,6.3999999999999995,0.3999999999999999,0.107
0.0868,0.11111000000000003,6.35,0.3999999999999999,0.106
0.08685000000000001,0.10347750000000003,6.35,0.3999999999999999,0.106
0.0869,0.09698500000000003,6.299999999999999,0.3999999999999999,0.108
0.08695,0.09385750000000002,6.199999999999999,0.3999999999999999,0.116
0.08700000000000001,0.08635250000000003,6.05,0.3999999999999999,0.116
0.08705,0.08602250000000002,5.4,0.3999999999999999,0.12300000000000001
0.08710000000000001,0.08062750000000002,4.700000000000001,0.3999999999999999,0.12300000000000001
0.08715,0.07937000000000002,4.250000000000001,0.3999999999999999,0.125
0.0872,0.08294500000000002,3.8500000000000005,0.3999999999999999,0.12999999999999998
0.08725000000000001,0.08022750000000002,3.500000000000001,0.3999999999999999,0.12999999999999998
0.0873,0.08646500000000003,3.250000000000001,0.3999999999999999,0.132
0.08735000000000001,0.08499500000000001,3.000000000000001,0.3999999999999999,0.132
0.0874,0.08905250000000002,2.8000000000000007,0.3999999999999999,0.133
0.08745,0.09875250000000002,2.8500000000000005,0.3999999999999999,0.135
0.08750000000000001,0.09779500000000002,2.8500000000000005,0.3999999999999999,0.135
0.08755,0.10741750000000003,3.1500000000000004,0.3999999999999999,0.135
0.0876,0.10637500000000003,3.0999999999999996,0.3999999999999999,0.135
0.08765,0.11037000000000002,3.25,0.3999999999999999,0.135
0.0877,0.11931000000000003,3.55,0.3999999999999999,0.135
0.08775000000000001,0.11776750000000002,3.55,0.3999999999999999,0.135
0.0878,0.12609000000000004,3.8499999999999996,0.3999999999999999,0.134
0.08785,0.12409000000000003,3.8499999999999996,0.3999999999999999,0.133
0.0879,0.12692250000000002,4.0,0.3999999999999999,0.133
0.08795,0.13458500000000004,4.250000000000001,0.3999999999999999,0.132
0.08800000000000001,0.13215250000000003,4.250000000000001,0.3999999999999999,0.12999999999999998
0.08805,0.13915250000000004,4.550000000000001,0.3999999999999999,0.129
0.0881,0.13627250000000005,4.550000000000001,0.3999999999999999,0.128
0.08815,0.13788750000000002,4.700000000000001,0.3999999999999999,0.126
0.0882,0.14392000000000005,5.000000000000001,0.3999999999999999,0.124
0.08825000000000001,0.14038750000000003,5.000000000000001,0.3999999999999999,0.122
0.0883,0.14584250000000004,5.249999999999998,0.3999999999999999,0.12000000000000001
0.08835,0.14216000000000004,5.249999999999998,0.3999999999999999,0.118
0.0884,0.14258000000000004,5.399999999999999,0.3500000000000001,0.117
0.08845,0.14719500000000005,5.699999999999999,0.3500000000000001,0.116
0.08850000000000001,0.14253250000000003,5.699999999999999,0.3500000000000001,0.115
0.08855,0.14633000000000004,5.949999999999999,0.3500000000000001,0.114
0.0886,0.14093750000000005,5.949999999999999,0.3500000000000001,0.11299999999999999
0.08865,0.13942500000000005,6.1,0.3500000000000001,0.112
0.0887,0.14094750000000003,6.35,0.3500000000000001,0.111
0.08875000000000001,0.13337250000000003,6.300000000000001,0.3500000000000001,0.11
0.0888,0.13064750000000003,6.4,0.4500000000000002,0.10900000000000001
0.08885,0.12324500000000004,6.3500000000000005,0.4500000000000002,0.10900000000000001
0.0889,0.11912750000000003,6.3,0.4500000000000002,0.108
0.08895,0.11708750000000002,6.3,0.40000000000000036,0.107
0.08900000000000001,0.11039500000000002,6.25,0.40000000000000036,0.107
0.08905,0.10548750000000003,6.25,0.40000000000000036,0.106
0.0891,0.10265250000000002,6.2,0.40000000000000036,0.114
0.08915000000000001,0.09383250000000003,6.1499999999999995,0.40000000000000036,0.114
0.0892,0.09205750000000003,6.0,0.40000000000000036,0.121
0.08925000000000001,0.08528500000000003,5.75,0.40000000000000036,0.121
0.0893,0.08277500000000002,4.8999999999999995,0.40000000000000036,0.124
0.08935,0.08505000000000001,4.3500000000000005,0.40000000000000036,0.129
0.08940000000000001,0.08133750000000002,3.95,0.40000000000000036,0.129
0.08945,0.08647500000000002,3.5999999999999996,0.40000000000000036,0.132
0.08950000000000001,0.08442000000000002,3.25,0.40000000000000036,0.132
0.08955,0.08750250000000002,3.05,0.40000000000000036,0.133
0.0896,0.09681750000000003,2.8,0.40000000000000036,0.135
0.08965000000000001,0.09608750000000002,2.8,0.40000000000000036,0.135
0.0897,0.10592250000000003,3.0500000000000007,0.40000000000000036,0.136
0.08975000000000001,0.10485750000000002,3.0500000000000007,0.40000000000000036,0.136
0.0898,0.10898500000000003,3.2,0.40000000000000036,0.136
0.08985,0.11813750000000003,3.45,0.40000000000000036,0.136
0.08990000000000001,0.11669500000000003,3.45,0.40000000000000036,0.135
0.08995,0.12522500000000003,3.75,0.40000000000000036,0.135
0.09000000000000001,0.12328000000000003,3.75,0.40000000000000036,0.134
0.09005,0.12638250000000004,3.9000000000000004,0.40000000000000036,0.133
0.0901,0.13425000000000004,4.15,0.40000000000000036,0.133
0.09015000000000001,0.13191000000000003,4.15,0.40000000000000036,0.132
0.0902,0.13913250000000005,4.449999999999999,0.40000000000000036,0.12999999999999998
0.09025000000000001,0.13641250000000005,4.449999999999999,0.40000000000000036,0.129
0.0903,0.13821500000000003,4.6,0.40000000000000036,0.127
0.09035,0.14450000000000005,4.9,0.40000000000000036,0.126
0.09040000000000001,0.14117500000000002,4.85,0.40000000000000036,0.124
0.09045,0.14685250000000002,5.15,0.40000000000000036,0.122
0.09050000000000001,0.14291250000000003,5.15,0.40000000000000036,0.12000000000000001
0.09055,0.14344000000000004,5.300000000000001,0.40000000000000036,0.118
0.0906,0.14835750000000003,5.6,0.3500000000000001,0.117
0.09065000000000001,0.14397250000000003,5.6,0.3500000000000001,0.116
0.0907,0.14804750000000003,5.85,0.3500000000000001,0.114
0.09075000000000001,0.14307000000000003,5.85,0.3500000000000001,0.11299999999999999
0.0908,0.14197500000000005,6.0,0.3500000000000001,0.11299999999999999
0.09085,0.14432500000000004,6.3,0.3500000000000001,0.112
0.09090000000000001,0.13767500000000005,6.25,0.3500000000000001,0.111
0.09095,0.13652750000000002,6.25,0.44999999999999973,0.11
0.091,0.12752000000000002,6.25,0.44999999999999973,0.10900000000000001
0.09105,0.12147000000000004,6.199999999999999,0.44999999999999973,0.10900000000000001
0.0911,0.11914250000000003,6.199999999999999,0.44999999999999973,0.108
0.09115000000000001,0.11272250000000003,6.199999999999999,0.39999999999999947,0.107
0.0912,0.11069500000000003,6.15,0.39999999999999947,0.111
0.09125,0.10377000000000003,6.050000000000001,0.39999999999999947,0.111
0.0913,0.09879750000000002,6.050000000000001,0.39999999999999947,0.115
0.09135,0.09613250000000002,6.000000000000001,0.39999999999999947,0.122
0.09140000000000001,0.08877250000000002,5.900000000000001,0.39999999999999947,0.122
0.09145,0.08893750000000002,5.450000000000001,0.39999999999999947,0.127
0.0915,0.08401000000000002,4.700000000000001,0.39999999999999947,0.127
0.09155,0.08348500000000002,4.150000000000001,0.39999999999999947,0.129
0.0916,0.08836750000000002,3.750000000000001,0.39999999999999947,0.133
0.09165000000000001,0.08634250000000002,3.4000000000000012,0.39999999999999947,0.133
0.0917,0.09397250000000003,3.1000000000000005,0.39999999999999947,0.135
0.09175,0.09339000000000003,2.799999999999999,0.39999999999999947,0.135
0.0918,0.09781500000000003,2.799999999999999,0.39999999999999947,0.135
0.09185,0.10770250000000002,3.049999999999998,0.39999999999999947,0.136
0.09190000000000001,0.10654500000000003,3.049999999999998,0.39999999999999947,0.136
0.09195,0.11595750000000003,3.3499999999999988,0.39999999999999947,0.136
0.092,0.11463500000000003,3.3499999999999988,0.39999999999999947,0.136
0.09205,0.11835000000000002,3.499999999999999,0.39999999999999947,0.136
0.0921,0.12685000000000002,3.799999999999999,0.39999999999999947,0.135
0.09215000000000001,0.12498750000000003,3.799999999999999,0.39999999999999947,0.135
0.0922,0.13311750000000003,4.05,0.39999999999999947,0.134
0.09225,0.13600750000000003,4.199999999999999,0.39999999999999947,0.133
0.09230000000000001,0.13361500000000004,4.199999999999999,0.39999999999999947,0.132
0.09235,0.14084500000000003,4.5,0.39999999999999947,0.131
0.09240000000000001,0.13804750000000005,4.5,0.39999999999999947,0.129
0.09245,0.13984250000000004,4.65,0.39999999999999947,0.128
0.0925,0.14623250000000004,4.9,0.39999999999999947,0.126
0.09255000000000001,0.14282750000000002,4.9,0.39999999999999947,0.124
0.0926,0.14846750000000003,5.200000000000001,0.39999999999999947,0.122
0.09265000000000001,0.14442250000000004,5.200000000000001,0.39999999999999947,0.12000000000000001
0.0927,0.14465500000000003,5.3500000000000005,0.39999999999999947,0.118
0.09275,0.14959000000000003,5.65,0.39999999999999947,0.117
0.09280000000000001,0.14519750000000003,5.6,0.34999999999999964,0.116
0.09285,0.14925250000000004,5.9,0.34999999999999964,0.115
0.09290000000000001,0.14434750000000005,5.9,0.34999999999999964,0.114
0.09295,0.14318000000000003,6.05,0.34999999999999964,0.11299999999999999
0.093,0.14484500000000003,6.15,0.3999999999999999,0.112
0.09305000000000001,0.13857250000000004,6.15,0.3999999999999999,0.111
0.0931,0.13672750000000003,6.15,0.4500000000000002,0.11
0.09315000000000001,0.12856000000000004,6.15,0.4500000000000002,0.10900000000000001
0.0932,0.12064500000000003,6.1000000000000005,0.4500000000000002,0.10900000000000001
0.09325,0.11797750000000003,6.1000000000000005,0.4500000000000002,0.108
0.09330000000000001,0.11175250000000003,6.0,0.4500000000000002,0.107
0.09335,0.11029500000000003,6.0,0.40000000000000036,0.116
0.09340000000000001,0.10365750000000003,5.949999999999999,0.40000000000000036,0.116
0.09345,0.09913000000000002,5.949999999999999,0.40000000000000036,0.11900000000000001
0.0935,0.09693000000000003,5.9,0.40000000000000036,0.125
0.09355000000000001,0.08971500000000002,5.799999999999999,0.40000000000000036,0.125
0.0936,0.09057750000000002,5.4,0.40000000000000036,0.12999999999999998
0.09365000000000001,0.08595000000000003,4.6,0.40000000000000036,0.12999999999999998
0.0937,0.08609500000000002,4.1,0.40000000000000036,0.131
0.09375,0.09201000000000002,3.65,0.40000000000000036,0.134
0.09380000000000001,0.09031000000000003,3.2500000000000004,0.40000000000000036,0.134
0.09385,0.09913250000000003,2.9500000000000006,0.40000000000000036,0.136
0.09390000000000001,0.09850250000000002,2.8000000000000003,0.40000000000000036,0.136
0.09395,0.10297250000000002,2.9500000000000006,0.40000000000000036,0.136
0.094,0.11275750000000002,3.2000000000000006,0.40000000000000036,0.136
0.09405000000000001,0.11153000000000003,3.2000000000000006,0.40000000000000036,0.136
0.0941,0.12067000000000003,3.5000000000000004,0.40000000000000036,0.136
0.09415,0.11914000000000002,3.5000000000000004,0.40000000000000036,0.136
0.0942,0.12264750000000003,3.65,0.40000000000000036,0.136
0.09425,0.13105250000000004,3.9000000000000004,0.40000000000000036,0.135
0.09430000000000001,0.12912500000000005,3.9000000000000004,0.40000000000000036,0.134
0.09435,0.13709250000000003,4.2,0.40000000000000036,0.133
0.0944,0.13472750000000003,4.2,0.40000000000000036,0.132
0.09445,0.13710750000000002,4.35,0.40000000000000036,0.131
0.0945,0.14410500000000004,4.6499999999999995,0.40000000000000036,0.12999999999999998
0.09455000000000001,0.14114000000000004,4.6499999999999995,0.40000000000000036,0.128
0.0946,0.14763000000000004,4.8999999999999995,0.40000000000000036,0.127
0.09465,0.14426250000000004,4.8999999999999995,0.40000000000000036,0.125
0.0947,0.14523500000000003,5.05,0.40000000000000036,0.12300000000000001
0.09475,0.15042000000000003,5.35,0.40000000000000036,0.121
0.09480000000000001,0.14620500000000003,5.35,0.40000000000000036,0.11900000000000001
0.09485,0.15076000000000003,5.6,0.40000000000000036,0.117
0.0949,0.14637500000000003,5.6,0.3500000000000001,0.116
0.09495,0.14619750000000004,5.75,0.3500000000000001,0.115
0.095,0.14983500000000005,6.049999999999999,0.3500000000000001,0.114
0.09505000000000001,0.14456250000000004,6.049999999999999,0.3500000000000001,0.11299999999999999
0.0951,0.14558750000000004,6.049999999999999,0.44999999999999973,0.112
0.09515,0.13954750000000005,6.049999999999999,0.44999999999999973,0.111
0.0952,0.13535000000000003,6.049999999999999,0.44999999999999973,0.11
0.09525,0.13244750000000002,6.049999999999999,0.44999999999999973,0.11
0.09530000000000001,0.12351750000000003,5.949999999999999,0.44999999999999973,0.10900000000000001
0.09535,0.11869750000000003,5.949999999999999,0.44999999999999973,0.11
0.0954,0.11473250000000003,5.8999999999999995,0.44999999999999973,0.115
0.09545000000000001,0.10843250000000003,5.8999999999999995,0.44999999999999973,0.115
0.0955,0.10772500000000003,5.85,0.44999999999999973,0.122
0.09555000000000001,0.10069750000000002,5.85,0.3999999999999999,0.122
0.0956,0.09610750000000003,5.8,0.3999999999999999,0.125
0.09565,0.09522500000000002,5.699999999999999,0.3999999999999999,0.129
0.09570000000000001,0.08928250000000003,5.5,0.3999999999999999,0.129
0.09575,0.09236500000000002,4.65,0.3999999999999999,0.133
0.09580000000000001,0.08902750000000002,4.050000000000001,0.3999999999999999,0.133
0.09585,0.09106500000000002,3.6000000000000005,0.3999999999999999,0.134
0.0959,0.09889500000000002,3.250000000000001,0.3999999999999999,0.136
0.09595000000000001,0.09818500000000002,2.95,0.3999999999999999,0.136
0.096,0.10798500000000003,3.0500000000000007,0.3999999999999999,0.13699999999999998
0.09605000000000001,0.10714750000000002,3.0500000000000007,0.3999999999999999,0.13699999999999998
0.0961,0.11148000000000002,3.2,0.3999999999999999,0.13699999999999998
0.09615,0.12060750000000003,3.500000000000001,0.3999999999999999,0.13699999999999998
0.09620000000000001,0.11918000000000004,3.500000000000001,0.3999999999999999,0.136
0.09625,0.12795250000000002,3.75,0.3999999999999999,0.136
0.09630000000000001,0.12622500000000003,3.75,0.3999999999999999,0.136
0.09635,0.12948750000000003,3.8999999999999995,0.3999999999999999,0.135
0.0964,0.13757000000000003,4.15,0.3999999999999999,0.134
0.09645000000000001,0.13524500000000003,4.15,0.3999999999999999,0.133
0.0965,0.14262500000000003,4.449999999999999,0.3999999999999999,0.132
0.09655000000000001,0.13997750000000003,4.449999999999999,0.3999999999999999,0.131
0.0966,0.14206250000000004,4.550000000000001,0.3999999999999999,0.129
0.09665,0.14869250000000003,4.85,0.3999999999999999,0.128
0.09670000000000001,0.14536750000000004,4.85,0.3999999999999999,0.126
0.09675,0.15113250000000003,5.15,0.3999999999999999,0.124
0.09680000000000001,0.14717750000000004,5.15,0.3999999999999999,0.122
0.09685,0.14764250000000004,5.300000000000001,0.3999999999999999,0.12000000000000001
0.0969,0.15236750000000004,5.550000000000001,0.3999999999999999,0.118
0.09695000000000001,0.14749250000000003,5.550000000000001,0.3999999999999999,0.116
0.097,0.15172000000000005,5.85,0.3999999999999999,0.115
0.09705000000000001,0.14709500000000003,5.85,0.3500000000000001,0.114
0.0971,0.14609000000000003,6.0,0.3500000000000001,0.11299999999999999
0.09715,0.14667500000000003,5.949999999999999,0.4500000000000002,0.11299999999999999
0.09720000000000001,0.14079500000000003,5.949999999999999,0.4500000000000002,0.112
0.09725,0.13926750000000004,5.8999999999999995,0.4500000000000002,0.111
0.09730000000000001,0.13253000000000004,5.85,0.4500000000000002,0.11
0.09735,0.12710750000000004,5.85,0.4500000000000002,0.10900000000000001
0.0974,0.12247000000000004,5.85,0.4500000000000002,0.11299999999999999
0.09745000000000001,0.11393750000000002,5.8,0.4500000000000002,0.11299999999999999
0.0975,0.11338000000000002,5.8,0.4500000000000002,0.121
0.09755,0.10697250000000003,5.75,0.4500000000000002,0.121
0.0976,0.10331750000000002,5.75,0.4500000000000002,0.124
0.09765,0.10265250000000002,5.699999999999999,0.4500000000000002,0.129
0.09770000000000001,0.09511500000000002,5.6499999999999995,0.4500000000000002,0.129
0.09775,0.09614750000000002,5.5,0.3999999999999999,0.132
0.0978,0.09133000000000002,4.8999999999999995,0.3999999999999999,0.132
0.09785,0.09191500000000002,4.2,0.3999999999999999,0.134
0.0979,0.09856000000000002,3.7,0.3999999999999999,0.136
0.09795000000000001,0.09706500000000003,3.3,0.3999999999999999,0.136
0.098,0.10655250000000002,3.0,0.3999999999999999,0.13699999999999998
0.09805,0.10574250000000003,3.0,0.3999999999999999,0.13699999999999998
0.0981,0.11023000000000002,3.1500000000000004,0.3999999999999999,0.13699999999999998
0.09815,0.11979500000000003,3.4000000000000004,0.3999999999999999,0.13699999999999998
0.09820000000000001,0.11839250000000003,3.35,0.3999999999999999,0.13699999999999998
0.09825,0.12733250000000004,3.65,0.3999999999999999,0.13699999999999998
0.0983,0.12566750000000004,3.65,0.3999999999999999,0.136
0.09835,0.12906500000000004,3.8000000000000003,0.3999999999999999,0.136
0.0984,0.13731250000000003,4.1,0.3999999999999999,0.135
0.09845000000000001,0.13511250000000002,4.1,0.3999999999999999,0.134
0.0985,0.14274500000000004,4.4,0.3999999999999999,0.133
0.09855,0.14518250000000005,4.549999999999999,0.3999999999999999,0.132
0.09860000000000001,0.14251750000000005,4.5,0.3999999999999999,0.12999999999999998
0.09865,0.14938250000000003,4.799999999999999,0.3999999999999999,0.129
0.09870000000000001,0.14617500000000003,4.799999999999999,0.3999999999999999,0.127
0.09875,0.15219250000000004,5.1,0.3999999999999999,0.125
0.0988,0.15307000000000004,5.25,0.3999999999999999,0.12300000000000001
0.09885000000000001,0.14908750000000004,5.25,0.3999999999999999,0.121
0.0989,0.15405250000000004,5.5,0.3999999999999999,0.11900000000000001
0.09895000000000001,0.14928250000000004,5.5,0.3999999999999999,0.117
0.099,0.14878000000000005,5.65,0.3999999999999999,0.116
0.09905,0.15234000000000003,5.9,0.3999999999999999,0.115
0.09910000000000001,0.14757500000000004,5.9,0.3500000000000001,0.114
0.09915,0.14809500000000003,5.8500000000000005,0.4500000000000002,0.11299999999999999
0.09920000000000001,0.14271500000000004,5.8,0.4500000000000002,0.112
0.09925,0.13935250000000005,5.8,0.4500000000000002,0.112
0.0993,0.13758250000000002,5.8,0.4500000000000002,0.111
0.09935000000000001,0.13068250000000003,5.75,0.4500000000000002,0.11
0.0994,0.12790500000000002,5.75,0.4500000000000002,0.114
0.09945000000000001,0.11939500000000003,5.75,0.4500000000000002,0.114
0.0995,0.11316250000000003,5.7,0.4500000000000002,0.118
0.09955,0.11308500000000003,5.7,0.4500000000000002,0.125
0.09960000000000001,0.10684750000000003,5.65,0.4500000000000002,0.125
0.09965,0.10684500000000002,5.6,0.4500000000000002,0.12999999999999998
0.09970000000000001,0.10034250000000003,5.550000000000001,0.4500000000000002,0.12999999999999998
0.09975,0.09675500000000002,5.45,0.4500000000000002,0.131
0.0998,0.09872000000000003,5.300000000000001,0.4500000000000002,0.134
0.09985000000000001,0.09456250000000002,4.550000000000001,0.4500000000000002,0.134
0.0999,0.10093500000000002,3.95,0.40000000000000036,0.136
0.09995000000000001,0.09929750000000002,3.5,0.40000000000000036,0.136
0.1,0.10340750000000003,3.0999999999999996,0.40000000000000036,0.13699999999999998
0.10005,0.11322250000000003,3.2,0.40000000000000036,0.13699999999999998
0.10010000000000001,0.11227500000000003,3.2,0.40000000000000036,0.13699999999999998
0.10015,0.12190250000000002,3.4000000000000004,0.40000000000000036,0.13699999999999998
0.10020000000000001,0.12060500000000003,3.4000000000000004,0.40000000000000036,0.13699999999999998
0.10025,0.12423750000000003,3.5500000000000007,0.40000000000000036,0.13699999999999998
0.1003,0.13294000000000003,3.8500000000000005,0.40000000000000036,0.136
0.10035000000000001,0.13113250000000004,3.8500000000000005,0.40000000000000036,0.136
0.1004,0.13925500000000005,4.15,0.40000000000000036,0.135
0.10045000000000001,0.13709250000000003,4.15,0.40000000000000036,0.134
0.1005,0.13975500000000005,4.300000000000001,0.40000000000000036,0.133
0.10055,0.14716750000000003,4.55,0.40000000000000036,0.132
0.10060000000000001,0.14460750000000003,4.55,0.40000000000000036,0.12999999999999998
0.10065,0.15132000000000004,4.85,0.40000000000000036,0.129
0.10070000000000001,0.14804750000000003,4.85,0.40000000000000036,0.127
0.10075,0.14929500000000004,5.0,0.40000000000000036,0.125
0.1008,0.15497000000000005,5.299999999999999,0.40000000000000036,0.124
0.10085000000000001,0.15098750000000002,5.25,0.40000000000000036,0.121
0.1009,0.15561000000000003,5.55,0.40000000000000036,0.11900000000000001
0.10095,0.15076500000000004,5.55,0.40000000000000036,0.117
0.101,0.15020250000000004,5.699999999999999,0.40000000000000036,0.116
0.10105,0.15201250000000005,5.8,0.5000000000000004,0.115
0.10110000000000001,0.14737250000000005,5.699999999999999,0.4500000000000002,0.114
0.10115,0.14722000000000005,5.699999999999999,0.4500000000000002,0.11299999999999999
0.1012,0.14200750000000004,5.699999999999999,0.4500000000000002,0.112
0.10125,0.13846000000000003,5.699999999999999,0.4500000000000002,0.112
0.1013,0.13666750000000003,5.65,0.4500000000000002,0.111
0.10135000000000001,0.13002500000000003,5.65,0.4500000000000002,0.11
0.1014,0.12794750000000002,5.65,0.4500000000000002,0.11900000000000001
0.10145,0.12030500000000004,5.6,0.4500000000000002,0.11900000000000001
0.1015,0.11400250000000003,5.6,0.4500000000000002,0.122
0.10155,0.11389500000000002,5.549999999999999,0.4500000000000002,0.128
0.10160000000000001,0.10817250000000003,5.5,0.4500000000000002,0.128
0.10165,0.10897750000000003,5.450000000000001,0.4500000000000002,0.132
0.1017,0.10652500000000002,5.4,0.4500000000000002,0.133
0.10175000000000001,0.09965500000000002,5.35,0.4500000000000002,0.133
0.1018,0.10222750000000003,5.199999999999999,0.4500000000000002,0.136
0.10185000000000001,0.09874000000000002,4.4,0.4500000000000002,0.136
0.1019,0.10575750000000003,3.7999999999999994,0.4500000000000002,0.13699999999999998
0.10195,0.10969500000000003,3.35,0.4500000000000002,0.13799999999999998
0.10200000000000001,0.10890000000000002,3.0500000000000003,0.3999999999999999,0.13799999999999998
0.10205,0.11884250000000003,3.3000000000000003,0.3999999999999999,0.13799999999999998
0.10210000000000001,0.11775750000000003,3.3000000000000003,0.3999999999999999,0.13799999999999998
0.10215,0.12718000000000004,3.6,0.3999999999999999,0.13799999999999998
0.1022,0.13080750000000002,3.7499999999999996,0.3999999999999999,0.13699999999999998
0.10225000000000001,0.12912000000000004,3.7499999999999996,0.3999999999999999,0.13699999999999998
0.1023,0.13747000000000004,4.0,0.3999999999999999,0.136
0.10235000000000001,0.13552500000000003,4.0,0.3999999999999999,0.135
0.1024,0.13850000000000004,4.15,0.3999999999999999,0.134
0.10245,0.14126500000000003,4.25,0.3999999999999999,0.133
0.10250000000000001,0.14383500000000005,4.3999999999999995,0.3999999999999999,0.132
0.10255,0.14615250000000005,4.55,0.3999999999999999,0.131
0.10260000000000001,0.14808750000000004,4.699999999999999,0.3999999999999999,0.129
0.10265,0.14962250000000005,4.85,0.3999999999999999,0.128
0.1027,0.15097500000000003,5.0,0.3999999999999999,0.126
0.10275000000000001,0.15207500000000004,5.1,0.3999999999999999,0.124
0.1028,0.15275000000000002,5.25,0.3999999999999999,0.122
0.10285000000000001,0.15277250000000003,5.3999999999999995,0.3999999999999999,0.12000000000000001
0.1029,0.15238500000000005,5.55,0.3999999999999999,0.117
0.10295,0.15150250000000004,5.7,0.3999999999999999,0.116
0.10300000000000001,0.14964250000000004,5.6000000000000005,0.49999999999999956,0.115
0.10305,0.14728500000000003,5.6000000000000005,0.49999999999999956,0.114
0.10310000000000001,0.14463750000000003,5.6000000000000005,0.44999999999999973,0.114
0.10315,0.14166500000000004,5.6000000000000005,0.44999999999999973,0.11299999999999999
0.1032,0.13827000000000003,5.6000000000000005,0.44999999999999973,0.112
0.10325000000000001,0.13453250000000003,5.550000000000001,0.44999999999999973,0.111
0.1033,0.13070250000000003,5.550000000000001,0.44999999999999973,0.114
0.10335000000000001,0.12657250000000003,5.5,0.44999999999999973,0.118
0.1034,0.12242000000000003,5.449999999999999,0.44999999999999973,0.122
0.10345,0.11709500000000003,5.449999999999999,0.44999999999999973,0.125
0.10350000000000001,0.11271250000000003,5.4,0.44999999999999973,0.128
0.10355,0.11061750000000002,5.4,0.44999999999999973,0.12999999999999998
0.10360000000000001,0.10820500000000002,5.35,0.44999999999999973,0.132
0.10365,0.10604250000000003,5.35,0.44999999999999973,0.133
0.1037,0.10371500000000003,5.25,0.44999999999999973,0.135
0.10375000000000001,0.10212500000000002,5.1499999999999995,0.44999999999999973,0.136
0.1038,0.10294750000000003,4.449999999999999,0.44999999999999973,0.13699999999999998
0.10385000000000001,0.10566750000000003,3.75,0.44999999999999973,0.13699999999999998
0.1039,0.10946000000000003,3.3,0.44999999999999973,0.13799999999999998
0.10395,0.11361500000000004,3.1500000000000004,0.44999999999999973,0.13799999999999998
0.10400000000000001,0.11795750000000003,3.25,0.44999999999999973,0.13799999999999998
0.10405,0.12220500000000004,3.3999999999999995,0.3999999999999999,0.13799999999999998
0.1041,0.12612250000000003,3.55,0.3999999999999999,0.13799999999999998
0.10415,0.12960500000000003,3.6999999999999993,0.3999999999999999,0.13699999999999998
0.1042,0.13300000000000003,3.8499999999999996,0.3999999999999999,0.13699999999999998
0.10425000000000001,0.13624000000000003,4.0,0.3999999999999999,0.136
0.1043,0.13928000000000004,4.1,0.3999999999999999,0.135
0.10435,0.14217500000000002,4.25,0.3999999999999999,0.134
0.1044,0.14483250000000003,4.4,0.3999999999999999,0.133
0.10445,0.14724500000000004,4.55,0.3999999999999999,0.132
0.10450000000000001,0.14918000000000003,4.699999999999999,0.3999999999999999,0.12999999999999998
0.10455,0.15094500000000005,4.85,0.3999999999999999,0.129
0.1046,0.15244000000000005,5.0,0.3999999999999999,0.127
0.10465,0.15367750000000005,5.1,0.3999999999999999,0.125
0.1047,0.15434000000000003,5.25,0.3999999999999999,0.12300000000000001
0.10475000000000001,0.15445000000000003,5.4,0.3999999999999999,0.121
0.1048,0.15404500000000004,5.5,0.3999999999999999,0.118
0.10485,0.15565250000000003,5.550000000000001,0.5000000000000004,0.117
0.10490000000000001,0.15067000000000003,5.5,0.5000000000000004,0.116
0.10495,0.14790500000000004,5.5,0.5000000000000004,0.115
0.10500000000000001,0.14469000000000004,5.5,0.5000000000000004,0.114
0.10505,0.14184000000000005,5.5,0.4500000000000002,0.11299999999999999
0.1051,0.14108750000000003,5.449999999999999,0.4500000000000002,0.11299999999999999
0.10515000000000001,0.13559250000000003,5.3999999999999995,0.4500000000000002,0.11299999999999999
0.1052,0.13226500000000002,5.3999999999999995,0.4500000000000002,0.117
0.10525000000000001,0.12871500000000002,5.3999999999999995,0.4500000000000002,0.121
0.1053,0.12519250000000004,5.3500000000000005,0.4500000000000002,0.124
0.10535,0.12131250000000003,5.3500000000000005,0.4500000000000002,0.127
0.10540000000000001,0.11614250000000002,5.3,0.4500000000000002,0.129
0.10545,0.11348750000000003,5.3,0.4500000000000002,0.131
0.10550000000000001,0.11167250000000002,5.25,0.4500000000000002,0.133
0.10555,0.10990250000000003,5.25,0.4500000000000002,0.135
0.1056,0.10841750000000003,5.2,0.4500000000000002,0.136
0.10565000000000001,0.10662000000000002,5.05,0.4500000000000002,0.13699999999999998
0.1057,0.10708500000000003,4.75,0.4500000000000002,0.13699999999999998
0.10575000000000001,0.10979500000000003,3.9000000000000004,0.4500000000000002,0.13799999999999998
0.1058,0.11353000000000003,3.3499999999999996,0.4500000000000002,0.13799999999999998
0.10585,0.11759750000000004,3.25,0.4500000000000002,0.13799999999999998
0.10590000000000001,0.12173000000000003,3.3499999999999996,0.4500000000000002,0.13799999999999998
0.10595,0.12550000000000003,3.5,0.4500000000000002,0.13799999999999998
0.10600000000000001,0.12937250000000003,3.6499999999999995,0.4500000000000002,0.13799999999999998
0.10605,0.13294250000000005,3.8,0.40000000000000036,0.13699999999999998
0.1061,0.13624250000000004,3.9000000000000004,0.40000000000000036,0.13699999999999998
0.10615000000000001,0.13943750000000005,4.05,0.40000000000000036,0.136
0.1062,0.14243000000000003,4.2,0.40000000000000036,0.135
0.10625000000000001,0.14520500000000003,4.35,0.40000000000000036,0.134
0.1063,0.14770750000000005,4.5,0.40000000000000036,0.133
0.10635,0.14991000000000004,4.6499999999999995,0.40000000000000036,0.131
0.10640000000000001,0.15184000000000003,4.800000000000001,0.40000000000000036,0.12999999999999998
0.10645,0.15354750000000003,4.9,0.40000000000000036,0.128
0.10650000000000001,0.15497250000000004,5.050000000000001,0.40000000000000036,0.126
0.10655,0.15586500000000003,5.200000000000001,0.40000000000000036,0.124
0.1066,0.15613500000000005,5.35,0.40000000000000036,0.122
0.10665000000000001,0.15584500000000004,5.449999999999999,0.40000000000000036,0.12000000000000001
0.1067,0.15438750000000004,5.449999999999999,0.5,0.118
0.10675000000000001,0.15216250000000003,5.4,0.5,0.117
0.1068,0.14927000000000004,5.4,0.5,0.116
0.10685,0.14602000000000004,5.4,0.5,0.115
0.10690000000000001,0.14272250000000003,5.35,0.5,0.114
0.10695,0.13996250000000005,5.300000000000001,0.5,0.11299999999999999
0.10700000000000001,0.13724500000000003,5.300000000000001,0.4500000000000002,0.114
0.10705,0.13439000000000004,5.300000000000001,0.4500000000000002,0.11900000000000001
0.1071,0.13134750000000003,5.300000000000001,0.4500000000000002,0.122
0.10715000000000001,0.12828500000000004,5.25,0.4500000000000002,0.125
0.1072,0.12507500000000002,5.25,0.4500000000000002,0.128
0.10725000000000001,0.12186250000000003,5.25,0.4500000000000002,0.12999999999999998
0.1073,0.11756000000000003,5.199999999999999,0.4500000000000002,0.132
0.10735,0.11555000000000003,5.199999999999999,0.4500000000000002,0.134
0.10740000000000001,0.11409000000000002,5.15,0.4500000000000002,0.135
0.10745,0.11310000000000003,5.050000000000001,0.4500000000000002,0.13699999999999998
0.1075,0.11223750000000003,5.0,0.4500000000000002,0.13699999999999998
0.10755,0.11126000000000003,4.9,0.4500000000000002,0.13799999999999998
0.1076,0.11336750000000002,4.300000000000001,0.4500000000000002,0.13899999999999998
0.10765000000000001,0.11681000000000002,3.5999999999999996,0.4500000000000002,0.13899999999999998
0.1077,0.12078000000000003,3.3,0.4500000000000002,0.13899999999999998
0.10775,0.12462250000000002,3.4000000000000004,0.4500000000000002,0.13899999999999998
0.1078,0.12844750000000002,3.55,0.4500000000000002,0.13899999999999998
0.10785,0.13202250000000004,3.7,0.4500000000000002,0.13799999999999998
0.10790000000000001,0.13544250000000002,3.7999999999999994,0.4500000000000002,0.13799999999999998
0.10795,0.13878750000000004,3.9499999999999993,0.3999999999999999,0.13699999999999998
0.108,0.14704250000000005,4.25,0.3999999999999999,0.136
0.10805000000000001,0.14489500000000002,4.25,0.3999999999999999,0.135
0.1081,0.14758750000000004,4.3999999999999995,0.3999999999999999,0.134
0.10815000000000001,0.15005750000000004,4.549999999999999,0.3999999999999999,0.133
0.1082,0.15224250000000003,4.699999999999999,0.3999999999999999,0.131
0.10825,0.15901000000000004,4.949999999999999,0.3999999999999999,0.12999999999999998
0.10830000000000001,0.15583500000000003,4.949999999999999,0.3999999999999999,0.128
0.10835,0.15710750000000004,5.1,0.3999999999999999,0.126
0.10840000000000001,0.15769750000000005,5.25,0.3999999999999999,0.124
0.10845,0.15763000000000005,5.35,0.3999999999999999,0.122
0.1085,0.15896500000000005,5.35,0.49999999999999956,0.12000000000000001
0.10855000000000001,0.15404750000000003,5.300000000000001,0.49999999999999956,0.117
0.1086,0.15144000000000005,5.300000000000001,0.49999999999999956,0.116
0.10865000000000001,0.14839500000000003,5.250000000000001,0.49999999999999956,0.115
0.1087,0.14511500000000005,5.250000000000001,0.49999999999999956,0.115
0.10875,0.14194000000000004,5.250000000000001,0.49999999999999956,0.114
0.10880000000000001,0.13924750000000002,5.2,0.49999999999999956,0.115
0.10885,0.13673000000000005,5.2,0.44999999999999973,0.11900000000000001
0.10890000000000001,0.13430000000000003,5.2,0.44999999999999973,0.12300000000000001
0.10895,0.13152250000000004,5.15,0.44999999999999973,0.126
0.109,0.12885750000000004,5.15,0.44999999999999973,0.129
0.10905000000000001,0.12628250000000002,5.15,0.44999999999999973,0.131
0.1091,0.12394500000000003,5.1000000000000005,0.44999999999999973,0.133
0.10915000000000001,0.12100500000000003,5.050000000000001,0.44999999999999973,0.134
0.1092,0.11845250000000003,5.0,0.44999999999999973,0.136
0.10925,0.11757250000000002,5.0,0.44999999999999973,0.13699999999999998
0.10930000000000001,0.11713500000000003,4.949999999999999,0.44999999999999973,0.13799999999999998
0.10935,0.11692000000000002,4.9,0.44999999999999973,0.13799999999999998
0.10940000000000001,0.11670250000000003,4.75,0.44999999999999973,0.13899999999999998
0.10945,0.11939500000000003,4.050000000000001,0.44999999999999973,0.13899999999999998
0.1095,0.12304000000000002,3.4499999999999997,0.44999999999999973,0.13899999999999998
0.10955000000000001,0.12689000000000003,3.4499999999999997,0.44999999999999973,0.13899999999999998
0.1096,0.13066750000000002,3.5500000000000003,0.44999999999999973,0.13899999999999998
0.10965000000000001,0.13423750000000004,3.7000000000000006,0.44999999999999973,0.13799999999999998
0.1097,0.13773500000000002,3.85,0.44999999999999973,0.13799999999999998
0.10975,0.14088500000000004,4.0,0.44999999999999973,0.13699999999999998
0.10980000000000001,0.14374000000000003,4.15,0.44999999999999973,0.136
0.10985,0.14660750000000003,4.300000000000001,0.39999999999999947,0.135
0.10990000000000001,0.14940500000000004,4.450000000000001,0.39999999999999947,0.134
0.10995,0.15182500000000004,4.6,0.39999999999999947,0.133
0.11,0.15415500000000004,4.700000000000001,0.39999999999999947,0.131
0.11005000000000001,0.15616000000000005,4.85,0.39999999999999947,0.12999999999999998
0.1101,0.15772750000000005,4.950000000000001,0.39999999999999947,0.128
0.11015000000000001,0.15877750000000004,5.100000000000001,0.39999999999999947,0.126
0.1102,0.15930500000000003,5.25,0.39999999999999947,0.124
0.11025,0.15838500000000005,5.25,0.5,0.122
0.11030000000000001,0.15663000000000005,5.2,0.5,0.12000000000000001
0.11035,0.15419250000000004,5.1499999999999995,0.5,0.118
0.11040000000000001,0.15137000000000003,5.1499999999999995,0.5,0.117
0.11045,0.14829750000000003,5.1499999999999995,0.5,0.116
0.1105,0.14511500000000005,5.1499999999999995,0.5,0.115
0.11055000000000001,0.14214750000000004,5.1,0.5,0.115
0.1106,0.13936250000000003,5.1,0.5,0.11900000000000001
0.11065000000000001,0.13699000000000003,5.1,0.5,0.12300000000000001
0.1107,0.13487500000000002,5.1,0.4500000000000002,0.126
0.11075,0.13249750000000005,5.049999999999999,0.4500000000000002,0.129
0.11080000000000001,0.13037250000000003,5.049999999999999,0.4500000000000002,0.131
0.11085,0.12851000000000004,5.0,0.4500000000000002,0.133
0.1109,0.13067750000000003,4.949999999999999,0.4500000000000002,0.136
0.11095000000000001,0.12498500000000003,4.949999999999999,0.4500000000000002,0.136
0.111,0.12223750000000003,4.8999999999999995,0.4500000000000002,0.13699999999999998
0.11105000000000001,0.12174750000000004,4.8999999999999995,0.4500000000000002,0.13799999999999998
0.1111,0.12169500000000003,4.85,0.4500000000000002,0.13899999999999998
0.11115,0.12655500000000003,4.8,0.4500000000000002,0.13899999999999998
0.11120000000000001,0.12198250000000004,4.699999999999999,0.4500000000000002,0.13899999999999998
0.11125,0.12482250000000003,4.1,0.4500000000000002,0.13999999999999996
0.11130000000000001,0.12840750000000004,3.45,0.4500000000000002,0.13999999999999996
0.11135,0.13215250000000003,3.5500000000000007,0.4500000000000002,0.13899999999999998
0.1114,0.14124750000000003,3.8500000000000005,0.4500000000000002,0.13899999999999998
0.11145000000000001,0.13935000000000003,3.8500000000000005,0.4500000000000002,0.13799999999999998
0.1115,0.14263500000000004,4.0,0.4500000000000002,0.13799999999999998
0.11155000000000001,0.14551750000000005,4.15,0.4500000000000002,0.13699999999999998
0.1116,0.14801250000000005,4.300000000000001,0.4500000000000002,0.136
0.11165,0.15562250000000005,4.600000000000001,0.4500000000000002,0.135
0.11170000000000001,0.15322750000000004,4.550000000000001,0.40000000000000036,0.133
0.11175,0.15560750000000004,4.65,0.40000000000000036,0.132
0.11180000000000001,0.15771750000000004,4.8,0.40000000000000036,0.131
0.11185,0.15924000000000005,4.949999999999999,0.40000000000000036,0.129
0.1119,0.16405500000000003,5.15,0.4500000000000002,0.127
0.11195000000000001,0.16035250000000004,5.15,0.4500000000000002,0.125
0.112,0.15917750000000003,5.1,0.5,0.12300000000000001
0.11205000000000001,0.15725000000000003,5.050000000000001,0.5,0.121
0.1121,0.15484250000000005,5.050000000000001,0.5,0.11900000000000001
0.11215,0.15204750000000003,5.050000000000001,0.5,0.117
0.11220000000000001,0.14899750000000003,5.050000000000001,0.5,0.116
0.11225,0.14610750000000003,5.050000000000001,0.5,0.115
0.11230000000000001,0.14325750000000004,5.0,0.5,0.118
0.11235,0.14063250000000005,5.0,0.5,0.122
0.1124,0.13807750000000005,5.0,0.5,0.125
0.11245000000000001,0.13601750000000004,4.950000000000001,0.5,0.128
0.1125,0.13419500000000004,4.9,0.4499999999999993,0.131
0.11255000000000001,0.13260000000000002,4.9,0.4499999999999993,0.133
0.1126,0.13129000000000005,4.9,0.4499999999999993,0.134
0.11265,0.13013500000000003,4.85,0.4499999999999993,0.136
0.11270000000000001,0.12892000000000003,4.85,0.4499999999999993,0.13699999999999998
0.11275,0.12777250000000004,4.800000000000001,0.4499999999999993,0.13799999999999998
0.11280000000000001,0.12597250000000004,4.800000000000001,0.4499999999999993,0.13899999999999998
0.11285,0.12618500000000002,4.75,0.4499999999999993,0.13899999999999998
0.1129,0.12690750000000003,4.700000000000001,0.4499999999999993,0.13999999999999996
0.11295000000000001,0.12761000000000003,4.6000000000000005,0.4499999999999993,0.13999999999999996
0.113,0.12953500000000004,4.3999999999999995,0.4499999999999993,0.13999999999999996
0.11305000000000001,0.13302750000000002,3.55,0.4499999999999993,0.13999999999999996
0.1131,0.13672750000000003,3.6500000000000004,0.4499999999999993,0.13899999999999998
0.11315,0.14026000000000002,3.8,0.4499999999999993,0.13899999999999998
0.11320000000000001,0.14356250000000004,3.95,0.4499999999999993,0.13799999999999998
0.11325,0.14665250000000005,4.1,0.4499999999999993,0.13799999999999998
0.11330000000000001,0.14951250000000005,4.25,0.4499999999999993,0.13699999999999998
0.11335,0.15206250000000004,4.3999999999999995,0.4499999999999993,0.136
0.1134,0.15433250000000004,4.5,0.4499999999999993,0.134
0.11345000000000001,0.15656250000000005,4.65,0.4499999999999993,0.133
0.1135,0.15872750000000005,4.75,0.39999999999999947,0.132
0.11355000000000001,0.16035000000000005,4.9,0.39999999999999947,0.12999999999999998
0.1136,0.16138000000000005,5.049999999999999,0.39999999999999947,0.128
0.11365,0.16122250000000005,5.0,0.4999999999999991,0.126
0.11370000000000001,0.16014000000000003,4.950000000000001,0.4999999999999991,0.124
0.11375,0.15827750000000004,4.950000000000001,0.4999999999999991,0.122
0.11380000000000001,0.15589250000000004,4.950000000000001,0.4999999999999991,0.12000000000000001
0.11385,0.15334500000000004,4.950000000000001,0.4999999999999991,0.118
0.1139,0.15041000000000004,4.950000000000001,0.4999999999999991,0.117
0.11395000000000001,0.14784750000000005,4.9,0.4999999999999991,0.116
0.114,0.14521250000000005,4.9,0.4999999999999991,0.12000000000000001
0.11405,0.14574250000000002,4.85,0.4999999999999991,0.127
0.11410000000000001,0.14040000000000002,4.85,0.4999999999999991,0.127
0.11415,0.13803250000000003,4.85,0.4999999999999991,0.12999999999999998
0.11420000000000001,0.13621250000000004,4.8,0.4999999999999991,0.132
0.11425,0.13497750000000003,4.8,0.4499999999999993,0.134
0.1143,0.13768250000000004,4.8,0.4499999999999993,0.13699999999999998
0.11435000000000001,0.13335000000000002,4.75,0.4499999999999993,0.13699999999999998
0.1144,0.13275750000000003,4.75,0.4499999999999993,0.13799999999999998
0.11445000000000001,0.13232500000000003,4.75,0.4499999999999993,0.13899999999999998
0.1145,0.13160500000000003,4.7,0.4499999999999993,0.13899999999999998
0.11455,0.13517500000000005,4.65,0.4499999999999993,0.13999999999999996
0.11460000000000001,0.13152250000000004,4.6,0.4499999999999993,0.13999999999999996
0.11465,0.13271500000000003,4.550000000000001,0.4499999999999993,0.13999999999999996
0.11470000000000001,0.13372250000000002,4.45,0.4499999999999993,0.13999999999999996
0.11475,0.13707250000000004,3.75,0.4499999999999993,0.13999999999999996
0.1148,0.14598000000000003,3.85,0.4499999999999993,0.13999999999999996
0.11485000000000001,0.14389500000000002,3.85,0.4499999999999993,0.13899999999999998
0.1149,0.14712500000000003,4.0,0.4499999999999993,0.13799999999999998
0.11495000000000001,0.15018500000000004,4.15,0.4499999999999993,0.13799999999999998
0.115,0.15306250000000005,4.25,0.4499999999999993,0.13699999999999998
0.11505,0.16068250000000003,4.550000000000001,0.4499999999999993,0.136
0.11510000000000001,0.15777750000000004,4.550000000000001,0.4499999999999993,0.134
0.11515,0.15963500000000003,4.7,0.4499999999999993,0.133
0.11520000000000001,0.16106750000000003,4.85,0.4499999999999993,0.131
0.11525,0.16218250000000003,4.950000000000001,0.4499999999999993,0.12999999999999998
0.1153,0.16214250000000005,4.9,0.5,0.128
0.11535000000000001,0.16122000000000003,4.85,0.5,0.126
0.1154,0.15963000000000005,4.85,0.5,0.124
0.11545000000000001,0.15742750000000003,4.85,0.5,0.122
0.1155,0.15507000000000004,4.85,0.5,0.12000000000000001
0.11555,0.15256000000000003,4.85,0.5,0.118
0.11560000000000001,0.15019250000000003,4.75,0.5,0.117
0.11565,0.14799500000000004,4.75,0.5,0.121
0.11570000000000001,0.14567500000000003,4.75,0.5,0.125
0.11575,0.14335500000000004,4.75,0.5,0.128
0.1158,0.14102250000000002,4.75,0.5,0.12999999999999998
0.11585000000000001,0.13907250000000004,4.699999999999999,0.5,0.133
0.1159,0.13735500000000003,4.699999999999999,0.5,0.134
0.11595000000000001,0.13663500000000003,4.699999999999999,0.4500000000000002,0.136
0.116,0.13623250000000003,4.65,0.4500000000000002,0.13699999999999998
0.11605,0.13603500000000004,4.65,0.4500000000000002,0.13799999999999998
0.11610000000000001,0.13611250000000003,4.65,0.4500000000000002,0.13899999999999998
0.11615,0.13632000000000002,4.550000000000001,0.4500000000000002,0.13999999999999996
0.11620000000000001,0.13624750000000002,4.550000000000001,0.4500000000000002,0.13999999999999996
0.11625,0.13562250000000003,4.5,0.4500000000000002,0.141
0.1163,0.13724000000000003,4.5,0.4500000000000002,0.141
0.11635000000000001,0.13876500000000003,4.449999999999999,0.4500000000000002,0.141
0.1164,0.14049000000000003,4.35,0.4500000000000002,0.13999999999999996
0.11645000000000001,0.14353750000000004,3.8000000000000003,0.4500000000000002,0.13999999999999996
0.1165,0.14690500000000004,3.9,0.4500000000000002,0.13899999999999998
0.11655,0.15014750000000004,4.049999999999999,0.4500000000000002,0.13899999999999998
0.11660000000000001,0.15320250000000005,4.15,0.4500000000000002,0.13799999999999998
0.11665,0.15603000000000003,4.299999999999999,0.4500000000000002,0.13699999999999998
0.11670000000000001,0.15861750000000005,4.450000000000001,0.4500000000000002,0.136
0.11675,0.16069250000000004,4.6,0.4500000000000002,0.134
0.1168,0.16228500000000004,4.699999999999999,0.4500000000000002,0.133
0.11685000000000001,0.16323750000000004,4.800000000000001,0.4500000000000002,0.132
0.1169,0.16305250000000004,4.800000000000001,0.5500000000000007,0.12999999999999998
0.11695000000000001,0.16228000000000004,4.75,0.5500000000000007,0.128
0.117,0.16105000000000005,4.75,0.5000000000000009,0.126
0.11705,0.15926500000000005,4.75,0.5000000000000009,0.124
0.11710000000000001,0.15722250000000004,4.75,0.5000000000000009,0.122
0.11715,0.15505750000000004,4.7,0.5000000000000009,0.12000000000000001
0.11720000000000001,0.15557000000000004,4.7,0.5000000000000009,0.121
0.11725000000000001,0.15096750000000003,4.65,0.5000000000000009,0.121
0.1173,0.14894250000000003,4.65,0.5000000000000009,0.125
0.11735000000000001,0.14689750000000004,4.65,0.5000000000000009,0.128
0.1174,0.14479500000000003,4.65,0.5000000000000009,0.131
0.11745,0.14597250000000003,4.6000000000000005,0.5000000000000009,0.135
0.11750000000000001,0.14114250000000003,4.6000000000000005,0.5000000000000009,0.135
0.11755,0.13962000000000002,4.6000000000000005,0.5000000000000009,0.136
0.11760000000000001,0.13875750000000003,4.6000000000000005,0.5000000000000009,0.13799999999999998
0.11765,0.13878000000000004,4.550000000000001,0.4500000000000002,0.13899999999999998
0.1177,0.14318500000000003,4.5,0.4500000000000002,0.13999999999999996
0.11775000000000001,0.13978500000000005,4.5,0.4500000000000002,0.13999999999999996
0.1178,0.14033500000000004,4.449999999999999,0.4500000000000002,0.141
0.11785000000000001,0.14083500000000004,4.449999999999999,0.4500000000000002,0.141
0.1179,0.14144500000000004,4.4,0.4500000000000002,0.141
0.11795,0.14760750000000003,4.4,0.4500000000000002,0.141
0.11800000000000001,0.14433000000000004,4.35,0.4500000000000002,0.141
0.11805,0.14645250000000004,4.25,0.4500000000000002,0.13999999999999996
0.11810000000000001,0.14950000000000005,3.9999999999999996,0.4500000000000002,0.13999999999999996
0.11815,0.15265500000000004,4.0,0.4500000000000002,0.13899999999999998
0.1182,0.16104000000000004,4.3,0.4500000000000002,0.13799999999999998
0.11825000000000001,0.15851500000000004,4.3,0.4500000000000002,0.13699999999999998
0.1183,0.16111000000000003,4.449999999999999,0.4500000000000002,0.136
0.11835000000000001,0.16298250000000003,4.6,0.4500000000000002,0.135
0.1184,0.16436250000000005,4.699999999999999,0.4500000000000002,0.134
0.11845,0.16754250000000004,4.699999999999999,0.5499999999999998,0.132
0.11850000000000001,0.16403000000000004,4.65,0.5499999999999998,0.12999999999999998
0.11855,0.16270500000000004,4.65,0.5499999999999998,0.129
0.11860000000000001,0.16107000000000005,4.65,0.5499999999999998,0.127
0.11865,0.15940500000000005,4.6,0.5499999999999998,0.125
0.1187,0.15752000000000005,4.6,0.5,0.12300000000000001
0.11875000000000001,0.15566250000000004,4.6,0.5,0.12000000000000001
0.1188,0.15405250000000004,4.550000000000001,0.5,0.121
0.11885000000000001,0.15244250000000004,4.550000000000001,0.5,0.124
0.1189,0.15088000000000004,4.550000000000001,0.5,0.128
0.11895,0.14912000000000003,4.550000000000001,0.5,0.12999999999999998
0.11900000000000001,0.14716250000000003,4.550000000000001,0.5,0.133
0.11905,0.14548750000000005,4.5,0.5,0.135
0.11910000000000001,0.14395250000000004,4.5,0.5,0.136
0.11915,0.14263000000000003,4.5,0.5,0.13799999999999998
0.1192,0.14155250000000003,4.45,0.5,0.13899999999999998
0.11925000000000001,0.14141750000000003,4.4,0.5,0.13999999999999996
0.1193,0.14219500000000004,4.4,0.4500000000000002,0.13999999999999996
0.11935000000000001,0.14319750000000003,4.4,0.4500000000000002,0.141
0.1194,0.14423250000000004,4.35,0.4500000000000002,0.141
0.11945,0.14520500000000003,4.35,0.4500000000000002,0.141
0.11950000000000001,0.14636000000000005,4.3,0.4500000000000002,0.141
0.11955,0.14753250000000004,4.3,0.4500000000000002,0.141
0.11960000000000001,0.14965500000000004,4.249999999999999,0.4500000000000002,0.141
0.11965,0.15193000000000004,4.1499999999999995,0.4500000000000002,0.13999999999999996
0.1197,0.15471500000000005,4.05,0.4500000000000002,0.13999999999999996
0.11975000000000001,0.15762500000000004,4.1000000000000005,0.4500000000000002,0.13899999999999998
0.1198,0.16049000000000005,4.25,0.4500000000000002,0.13799999999999998
0.11985000000000001,0.16298250000000003,4.4,0.4500000000000002,0.13699999999999998
0.1199,0.16485750000000005,4.55,0.4500000000000002,0.136
0.11995,0.16595500000000005,4.6,0.5,0.134
0.12000000000000001,0.16582250000000004,4.6,0.5499999999999998,0.133
0.12005,0.16507500000000006,4.55,0.5499999999999998,0.131
0.12010000000000001,0.16375500000000004,4.5,0.5499999999999998,0.12999999999999998
0.12015,0.16207000000000005,4.5,0.5499999999999998,0.128
0.1202,0.16013000000000005,4.5,0.5499999999999998,0.126
0.12025000000000001,0.15797750000000005,4.5,0.5499999999999998,0.124
0.1203,0.15647500000000003,4.5,0.5499999999999998,0.122
0.12035000000000001,0.15814000000000003,4.449999999999999,0.5,0.126
0.12040000000000001,0.15402000000000005,4.449999999999999,0.5,0.126
0.12045,0.15278000000000003,4.449999999999999,0.5,0.129
0.12050000000000001,0.15150750000000004,4.449999999999999,0.5,0.132
0.12055,0.15038750000000004,4.449999999999999,0.5,0.134
0.1206,0.15289750000000005,4.4,0.5,0.13699999999999998
0.12065000000000001,0.14845250000000004,4.35,0.5,0.13699999999999998
0.1207,0.14666750000000003,4.35,0.5,0.13799999999999998
0.12075000000000001,0.14498250000000004,4.35,0.5,0.13999999999999996
0.1208,0.14448000000000003,4.300000000000001,0.5,0.13999999999999996
0.12085,0.14912500000000004,4.300000000000001,0.5,0.141
0.12090000000000001,0.14620250000000004,4.300000000000001,0.4500000000000002,0.141
0.12095,0.14764000000000005,4.25,0.4500000000000002,0.14200000000000002
0.12100000000000001,0.14880500000000005,4.25,0.4500000000000002,0.14200000000000002
0.12105,0.15029250000000005,4.25,0.4500000000000002,0.14200000000000002
0.1211,0.15700250000000004,4.15,0.4500000000000002,0.141
0.12115000000000001,0.15424000000000004,4.1,0.4500000000000002,0.141
0.1212,0.15677000000000005,4.050000000000001,0.4500000000000002,0.13999999999999996
0.12125000000000001,0.15915750000000004,4.050000000000001,0.4500000000000002,0.13999999999999996
0.1213,0.16191250000000004,4.2,0.4500000000000002,0.13899999999999998
0.12135,0.16913250000000005,4.5,0.4500000000000002,0.13799999999999998
0.12140000000000001,0.16629500000000005,4.5,0.4500000000000002,0.13699999999999998
0.12145,0.16710000000000005,4.5,0.5000000000000009,0.136
0.12150000000000001,0.16710500000000003,4.45,0.5500000000000007,0.134
0.12155,0.16640000000000005,4.4,0.5500000000000007,0.133
0.1216,0.16739000000000004,4.4,0.5500000000000007,0.131
0.12165000000000001,0.16345000000000004,4.4,0.5500000000000007,0.129
0.1217,0.16161750000000005,4.4,0.5500000000000007,0.128
0.12175000000000001,0.15965750000000004,4.4,0.5500000000000007,0.126
0.1218,0.15794500000000003,4.4,0.5500000000000007,0.12300000000000001
0.12185,0.15920500000000004,4.3500000000000005,0.5500000000000007,0.128
0.12190000000000001,0.15525500000000003,4.3500000000000005,0.5500000000000007,0.128
0.12195,0.15440000000000004,4.3500000000000005,0.5000000000000009,0.12999999999999998
0.12200000000000001,0.15359250000000005,4.3500000000000005,0.5000000000000009,0.133
0.12205,0.15292000000000003,4.300000000000001,0.5000000000000009,0.135
0.1221,0.15253500000000003,4.25,0.5000000000000009,0.136
0.12215000000000001,0.15215750000000003,4.25,0.5000000000000009,0.13799999999999998
0.1222,0.15157500000000004,4.25,0.5000000000000009,0.13899999999999998
0.12225000000000001,0.15076500000000004,4.25,0.5000000000000009,0.13999999999999996
0.1223,0.14995500000000003,4.2,0.5000000000000009,0.141
0.12235,0.14879000000000003,4.2,0.5000000000000009,0.141
0.12240000000000001,0.14874250000000003,4.2,0.5000000000000009,0.14200000000000002
0.12245,0.15016500000000005,4.2,0.5000000000000009,0.14200000000000002
0.12250000000000001,0.15167500000000003,4.1499999999999995,0.4500000000000002,0.14200000000000002
0.12255,0.15342000000000003,4.1,0.4500000000000002,0.14200000000000002
0.1226,0.15551750000000003,4.049999999999999,0.4500000000000002,0.14200000000000002
0.12265000000000001,0.15785250000000003,4.049999999999999,0.4500000000000002,0.141
0.1227,0.16048500000000004,4.0,0.4500000000000002,0.141
0.12275000000000001,0.16302250000000004,4.1,0.4500000000000002,0.13999999999999996
0.1228,0.16545500000000005,4.25,0.4500000000000002,0.13899999999999998
0.12285,0.16740250000000004,4.4,0.4500000000000002,0.13799999999999998
0.12290000000000001,0.16826500000000005,4.4,0.5,0.13699999999999998
0.12295,0.16844250000000005,4.300000000000001,0.5499999999999998,0.136
0.12300000000000001,0.16781250000000003,4.300000000000001,0.5499999999999998,0.134
0.12305,0.16666500000000004,4.300000000000001,0.5499999999999998,0.133
0.1231,0.16514000000000004,4.300000000000001,0.5499999999999998,0.131
0.12315000000000001,0.16359750000000003,4.300000000000001,0.5499999999999998,0.129
0.1232,0.16186750000000005,4.300000000000001,0.5499999999999998,0.127
0.12325000000000001,0.16014250000000005,4.300000000000001,0.5499999999999998,0.125
0.1233,0.15866000000000005,4.25,0.5499999999999998,0.125
0.12335,0.15716000000000005,4.25,0.5499999999999998,0.128
0.12340000000000001,0.15605250000000004,4.200000000000001,0.5499999999999998,0.131
0.12345,0.15533000000000005,4.200000000000001,0.5499999999999998,0.133
0.12350000000000001,0.15812750000000003,4.200000000000001,0.5,0.13699999999999998
0.12355000000000001,0.15473250000000005,4.15,0.5,0.13699999999999998
0.1236,0.15480000000000005,4.15,0.5,0.13799999999999998
0.12365000000000001,0.15490500000000004,4.15,0.5,0.13899999999999998
0.1237,0.15462750000000003,4.15,0.5,0.13999999999999996
0.12375000000000001,0.15839500000000004,4.15,0.5,0.14200000000000002
0.12380000000000001,0.15468750000000003,4.1,0.5,0.14200000000000002
0.12385,0.15495500000000004,4.1,0.5,0.14200000000000002
0.12390000000000001,0.15464000000000003,4.050000000000001,0.5,0.14200000000000002
0.12395,0.15429000000000004,4.0,0.5,0.14200000000000002
0.124,0.16022000000000003,4.0,0.5,0.14200000000000002
0.12405000000000001,0.15786750000000005,4.0,0.5,0.14200000000000002
0.1241,0.16032500000000005,3.9500000000000006,0.4500000000000002,0.141
0.12415000000000001,0.16289500000000004,3.9500000000000006,0.4500000000000002,0.141
0.1242,0.16558500000000004,4.1000000000000005,0.4500000000000002,0.13999999999999996
0.12425,0.17186750000000003,4.300000000000001,0.5,0.13899999999999998
0.12430000000000001,0.16925250000000006,4.300000000000001,0.5,0.13799999999999998
0.12435,0.16969500000000004,4.199999999999999,0.5499999999999998,0.13699999999999998
0.12440000000000001,0.16941500000000004,4.199999999999999,0.5499999999999998,0.136
0.12445,0.16843500000000003,4.199999999999999,0.5499999999999998,0.135
0.1245,0.16945000000000005,4.199999999999999,0.5499999999999998,0.133
0.12455000000000001,0.16580000000000003,4.199999999999999,0.5499999999999998,0.131
0.1246,0.16432250000000004,4.199999999999999,0.5499999999999998,0.12999999999999998
0.12465000000000001,0.16285250000000004,4.199999999999999,0.5499999999999998,0.128
0.1247,0.16147500000000004,4.1,0.5499999999999998,0.126
0.12475,0.16306250000000005,4.1,0.5499999999999998,0.131
0.12480000000000001,0.15885750000000004,4.1,0.5499999999999998,0.131
0.12485,0.15772000000000003,4.1,0.5499999999999998,0.133
0.12490000000000001,0.15667000000000003,4.1,0.5499999999999998,0.135
0.12495,0.15628250000000005,4.1,0.5499999999999998,0.13699999999999998
0.125,0.16030500000000003,4.049999999999999,0.4999999999999991,0.13999999999999996
0.12505,0.16079250000000003,4.049999999999999,0.4999999999999991,0.141
0.12510000000000002,0.15742250000000005,4.049999999999999,0.4999999999999991,0.141
0.12515,0.15754000000000004,4.049999999999999,0.4999999999999991,0.141
0.1252,0.15791000000000005,3.9999999999999996,0.4999999999999991,0.14200000000000002
0.12525,0.15872500000000003,3.9499999999999997,0.4999999999999991,0.14200000000000002
0.1253,0.16383500000000004,3.9499999999999997,0.4999999999999991,0.14300000000000002
0.12535000000000002,0.16033750000000005,3.9499999999999997,0.4999999999999991,0.14300000000000002
0.1254,0.16091250000000004,3.900000000000001,0.4999999999999991,0.14300000000000002
0.12545,0.16073500000000004,3.900000000000001,0.4999999999999991,0.14200000000000002
0.1255,0.16235750000000004,3.900000000000001,0.4999999999999991,0.14200000000000002
0.12555,0.16919250000000005,4.1,0.4999999999999991,0.141
0.12560000000000002,0.16681500000000005,4.1,0.4999999999999991,0.141
0.12565,0.16897000000000004,4.200000000000001,0.4500000000000002,0.13999999999999996
0.1257,0.16997250000000005,4.1000000000000005,0.5500000000000007,0.13899999999999998
0.12575,0.17025500000000005,4.1000000000000005,0.5500000000000007,0.13799999999999998
0.1258,0.17230750000000003,4.1000000000000005,0.5500000000000007,0.13699999999999998
0.12585000000000002,0.16907000000000005,4.1000000000000005,0.5500000000000007,0.135
0.1259,0.16796250000000004,4.1000000000000005,0.5500000000000007,0.134
0.12595,0.16686500000000004,4.1000000000000005,0.5500000000000007,0.132
0.126,0.16572000000000003,4.05,0.5500000000000007,0.131
0.12605,0.16734250000000003,3.9999999999999996,0.5500000000000007,0.129
0.12610000000000002,0.16332250000000004,3.9999999999999996,0.5500000000000007,0.127
0.12615,0.16210250000000004,3.9999999999999996,0.5500000000000007,0.12999999999999998
0.1262,0.16085500000000005,3.9999999999999996,0.5500000000000007,0.132
0.12625,0.15972000000000003,3.9999999999999996,0.5500000000000007,0.134
0.1263,0.16229750000000004,3.9999999999999996,0.5500000000000007,0.13799999999999998
0.12635000000000002,0.15877750000000004,3.9499999999999997,0.5500000000000007,0.13799999999999998
0.1264,0.15862500000000004,3.9499999999999997,0.5500000000000007,0.13899999999999998
0.12645,0.15886000000000003,3.9499999999999997,0.5500000000000007,0.13999999999999996
0.1265,0.15957500000000005,3.9499999999999997,0.5,0.141
0.12655,0.16399250000000004,3.9,0.5,0.14200000000000002
0.12660000000000002,0.16095750000000003,3.85,0.5,0.14200000000000002
0.12665,0.16209750000000003,3.85,0.5,0.14300000000000002
0.1267,0.16333500000000004,3.85,0.5,0.14300000000000002
0.12675,0.16454750000000004,3.85,0.5,0.14300000000000002
0.1268,0.17019000000000004,3.8,0.5,0.14300000000000002
0.12685000000000002,0.16699000000000006,3.8,0.5,0.14200000000000002
0.1269,0.16812250000000004,3.9,0.5,0.14200000000000002
0.12695,0.16893250000000004,4.0,0.5,0.141
0.127,0.17010250000000005,3.9999999999999996,0.5499999999999998,0.141
0.12705,0.17300500000000005,3.9999999999999996,0.5999999999999996,0.13999999999999996
0.12710000000000002,0.17006750000000004,3.9999999999999996,0.5999999999999996,0.13899999999999998
0.12715,0.16978000000000004,3.9999999999999996,0.5499999999999998,0.13799999999999998
0.1272,0.16918500000000003,3.9999999999999996,0.5499999999999998,0.136
0.12725,0.16856250000000003,3.9499999999999993,0.5499999999999998,0.135
0.1273,0.17020000000000005,3.9499999999999993,0.5499999999999998,0.134
0.12735000000000002,0.16703250000000003,3.9499999999999993,0.5499999999999998,0.132
0.1274,0.16635500000000003,3.8999999999999995,0.5499999999999998,0.12999999999999998
0.12745,0.16540750000000004,3.8999999999999995,0.5499999999999998,0.129
0.1275,0.16435500000000003,3.8999999999999995,0.5499999999999998,0.131
0.12755,0.16633000000000003,3.8999999999999995,0.5499999999999998,0.135
0.12760000000000002,0.16233500000000003,3.8999999999999995,0.5499999999999998,0.135
0.12765,0.16178000000000003,3.8999999999999995,0.5499999999999998,0.13699999999999998
0.1277,0.16151250000000003,3.8500000000000005,0.5499999999999998,0.13899999999999998
0.12775,0.16142000000000004,3.8500000000000005,0.5499999999999998,0.13999999999999996
0.1278,0.16518500000000005,3.8500000000000005,0.5499999999999998,0.14200000000000002
0.12785000000000002,0.16168250000000003,3.8000000000000003,0.5499999999999998,0.14200000000000002
0.1279,0.16219750000000005,3.8000000000000003,0.5499999999999998,0.14200000000000002
0.12795,0.16334250000000003,3.7499999999999996,0.5,0.14300000000000002
0.128,0.16473250000000003,3.7499999999999996,0.5,0.14300000000000002
0.12805,0.17036250000000006,3.7499999999999996,0.5,0.14300000000000002
0.12810000000000002,0.17187500000000006,3.7499999999999996,0.5,0.14300000000000002
0.12815000000000001,0.16912750000000004,3.6999999999999997,0.5,0.14300000000000002
0.1282,0.17097500000000004,3.8000000000000003,0.5,0.14300000000000002
0.12825,0.17264500000000005,3.9499999999999997,0.5,0.14200000000000002
0.1283,0.17659750000000005,3.9,0.5999999999999996,0.141
0.12835000000000002,0.17576500000000003,3.9,0.5999999999999996,0.141
0.12840000000000001,0.17192500000000005,3.9,0.5999999999999996,0.13999999999999996
0.12845,0.17091500000000004,3.9,0.5999999999999996,0.13899999999999998
0.1285,0.16977750000000005,3.849999999999999,0.5999999999999996,0.13799999999999998
0.12855,0.17110500000000003,3.849999999999999,0.5999999999999996,0.136
0.12860000000000002,0.17050000000000004,3.849999999999999,0.5999999999999996,0.135
0.12865000000000001,0.16770250000000003,3.849999999999999,0.5499999999999989,0.134
0.1287,0.16727250000000005,3.7999999999999994,0.5499999999999989,0.132
0.12875,0.16679750000000004,3.7999999999999994,0.5499999999999989,0.131
0.1288,0.16917500000000005,3.7999999999999994,0.5499999999999989,0.134
0.12885,0.16865000000000005,3.7999999999999994,0.5499999999999989,0.136
0.12890000000000001,0.16496500000000003,3.7999999999999994,0.5499999999999989,0.136
0.12895,0.16471000000000005,3.7999999999999994,0.5499999999999989,0.13799999999999998
0.129,0.16477500000000003,3.749999999999999,0.5499999999999989,0.13899999999999998
0.12905,0.16850500000000004,3.6999999999999993,0.5499999999999989,0.141
0.1291,0.16858250000000005,3.6999999999999993,0.5499999999999989,0.14200000000000002
0.12915000000000001,0.16481250000000003,3.6999999999999993,0.5499999999999989,0.14200000000000002
0.1292,0.16495750000000003,3.6999999999999993,0.5499999999999989,0.14300000000000002
0.12925,0.16538750000000005,3.6999999999999993,0.5499999999999989,0.14300000000000002
0.1293,0.17051250000000004,3.6499999999999995,0.5499999999999989,0.14400000000000002
0.12935,0.17210500000000004,3.6499999999999995,0.4999999999999991,0.14400000000000002
0.12940000000000002,0.16962000000000005,3.6499999999999995,0.4999999999999991,0.14300000000000002
0.12945,0.17142500000000005,3.6999999999999993,0.4999999999999991,0.14300000000000002
0.1295,0.17348500000000006,3.7999999999999994,0.4999999999999991,0.14300000000000002
0.12955,0.17797500000000005,3.8000000000000003,0.5999999999999996,0.14200000000000002
0.1296,0.17792000000000005,3.8000000000000003,0.5999999999999996,0.14200000000000002
0.12965000000000002,0.17508250000000006,3.7500000000000004,0.5999999999999996,0.141
0.1297,0.17436250000000003,3.7500000000000004,0.5999999999999996,0.13999999999999996
0.12975,0.17300250000000003,3.7500000000000004,0.5999999999999996,0.13899999999999998
0.1298,0.17362250000000004,3.7500000000000004,0.5999999999999996,0.13799999999999998
0.12985,0.17227000000000003,3.7500000000000004,0.5999999999999996,0.13699999999999998
0.12990000000000002,0.16881000000000004,3.7500000000000004,0.5999999999999996,0.136
0.12995,0.16803000000000004,3.6999999999999997,0.5999999999999996,0.135
0.13,0.16747750000000003,3.6999999999999997,0.5999999999999996,0.133
0.13005,0.17004500000000003,3.6999999999999997,0.5499999999999998,0.134
0.1301,0.16985750000000005,3.6999999999999997,0.5499999999999998,0.136
0.13015000000000002,0.16649000000000005,3.6999999999999997,0.5499999999999998,0.136
0.1302,0.16648000000000004,3.65,0.5499999999999998,0.13799999999999998
0.13025,0.16697750000000003,3.65,0.5499999999999998,0.13899999999999998
0.1303,0.17121750000000005,3.6,0.5499999999999998,0.14200000000000002
0.13035,0.17179750000000005,3.6,0.5499999999999998,0.14200000000000002
0.13040000000000002,0.16859000000000005,3.6,0.5499999999999998,0.14200000000000002
0.13045,0.16893000000000005,3.6,0.5499999999999998,0.14300000000000002
0.1305,0.16898750000000004,3.6,0.5499999999999998,0.14300000000000002
0.13055,0.17325750000000004,3.5500000000000003,0.5499999999999998,0.14400000000000002
0.1306,0.17390750000000005,3.5500000000000003,0.5499999999999998,0.14400000000000002
0.13065000000000002,0.17071500000000003,3.5500000000000003,0.5499999999999998,0.14400000000000002
0.1307,0.17261500000000005,3.65,0.5499999999999998,0.14400000000000002
0.13075,0.17459750000000004,3.6999999999999993,0.5499999999999998,0.14300000000000002
0.1308,0.17837500000000003,3.6999999999999993,0.6000000000000005,0.14300000000000002
0.13085,0.17848000000000006,3.6500000000000004,0.6000000000000005,0.14200000000000002
0.13090000000000002,0.17572250000000003,3.6500000000000004,0.6000000000000005,0.14200000000000002
0.13095,0.17509500000000006,3.6500000000000004,0.6000000000000005,0.141
0.131,0.17418500000000003,3.6500000000000004,0.6000000000000005,0.13999999999999996
0.13105,0.17567500000000005,3.6500000000000004,0.6000000000000005,0.13899999999999998
0.1311,0.17485500000000004,3.6500000000000004,0.6000000000000005,0.13799999999999998
0.13115000000000002,0.17140250000000004,3.6000000000000005,0.6000000000000005,0.13699999999999998
0.1312,0.17016500000000004,3.6000000000000005,0.6000000000000005,0.136
0.13125,0.16918500000000003,3.6000000000000005,0.6000000000000005,0.134
0.1313,0.17124000000000003,3.6000000000000005,0.6000000000000005,0.136
0.13135,0.17058500000000004,3.55,0.6000000000000005,0.13799999999999998
0.13140000000000002,0.16734250000000003,3.55,0.6000000000000005,0.13799999999999998
0.13145,0.16789750000000003,3.55,0.5500000000000007,0.13899999999999998
0.1315,0.16865000000000005,3.5,0.5500000000000007,0.141
0.13155,0.17321500000000004,3.5,0.5500000000000007,0.14300000000000002
0.1316,0.17423500000000006,3.5,0.5500000000000007,0.14300000000000002
0.13165000000000002,0.17126750000000004,3.5,0.5500000000000007,0.14300000000000002
0.1317,0.17199500000000004,3.5,0.5500000000000007,0.14400000000000002
0.13175,0.17293500000000003,3.5,0.5500000000000007,0.14400000000000002
0.1318,0.17375750000000004,3.4499999999999997,0.5500000000000007,0.14400000000000002
0.13185,0.17889250000000004,3.5999999999999996,0.5500000000000007,0.14400000000000002
0.13190000000000002,0.17521000000000003,3.55,0.5500000000000007,0.14400000000000002
0.13195,0.17521750000000005,3.6,0.5999999999999996,0.14400000000000002
0.132,0.17539750000000004,3.55,0.6500000000000004,0.14400000000000002
0.13205,0.17567500000000005,3.55,0.6000000000000005,0.14300000000000002
0.1321,0.17782000000000003,3.55,0.6000000000000005,0.14300000000000002
0.13215000000000002,0.17508500000000005,3.55,0.6000000000000005,0.14200000000000002
0.1322,0.17448500000000006,3.55,0.6000000000000005,0.141
0.13225,0.17397250000000003,3.55,0.6000000000000005,0.13999999999999996
0.1323,0.17352750000000006,3.55,0.6000000000000005,0.13899999999999998
0.13235,0.17599500000000004,3.5,0.6000000000000005,0.13799999999999998
0.13240000000000002,0.17274250000000005,3.5,0.6000000000000005,0.13699999999999998
0.13245,0.17221000000000003,3.45,0.6000000000000005,0.135
0.1325,0.17147000000000004,3.45,0.6000000000000005,0.136
0.13255,0.17031000000000004,3.45,0.6000000000000005,0.13699999999999998
0.1326,0.17260750000000005,3.45,0.6000000000000005,0.13999999999999996
0.13265000000000002,0.16948750000000004,3.45,0.6000000000000005,0.13999999999999996
0.1327,0.16986750000000003,3.3999999999999995,0.6000000000000005,0.14200000000000002
0.13275,0.17086000000000004,3.3999999999999995,0.6000000000000005,0.14300000000000002
0.1328,0.17201500000000006,3.3999999999999995,0.5499999999999998,0.14300000000000002
0.13285,0.17679750000000005,3.3999999999999995,0.5499999999999998,0.14400000000000002
0.13290000000000002,0.17410500000000004,3.3999999999999995,0.5499999999999998,0.14400000000000002
0.13295,0.17529750000000005,3.3999999999999995,0.5499999999999998,0.145
0.133,0.17674750000000006,3.3499999999999996,0.5499999999999998,0.145
0.13305,0.17831000000000005,3.5,0.5499999999999998,0.145
0.1331,0.18186250000000004,3.45,0.6499999999999995,0.145
0.13315000000000002,0.17875000000000005,3.45,0.6499999999999995,0.145
0.1332,0.17780750000000003,3.45,0.6499999999999995,0.14400000000000002
0.13325,0.17589500000000005,3.45,0.6499999999999995,0.14400000000000002
0.1333,0.17443750000000005,3.45,0.6499999999999995,0.14300000000000002
0.13335,0.17648750000000005,3.45,0.5999999999999996,0.14200000000000002
0.13340000000000002,0.17392500000000005,3.45,0.5999999999999996,0.141
0.13345,0.17383750000000003,3.4,0.5999999999999996,0.141
0.1335,0.17375000000000004,3.35,0.5999999999999996,0.13899999999999998
0.13355,0.17384000000000005,3.35,0.5999999999999996,0.13799999999999998
0.1336,0.17674500000000004,3.35,0.5999999999999996,0.13699999999999998
0.13365000000000002,0.17357750000000005,3.35,0.5999999999999996,0.13699999999999998
0.1337,0.17319000000000004,3.35,0.5999999999999996,0.13799999999999998
0.13375,0.17300250000000003,3.35,0.5999999999999996,0.13999999999999996
0.1338,0.17300000000000004,3.35,0.5999999999999996,0.141
0.13385,0.17651000000000006,3.3000000000000003,0.5999999999999996,0.14300000000000002
0.13390000000000002,0.17311000000000004,3.3000000000000003,0.5999999999999996,0.14300000000000002
0.13395,0.17349500000000004,3.3000000000000003,0.5999999999999996,0.14400000000000002
0.134,0.17398750000000004,3.3000000000000003,0.5999999999999996,0.145
0.13405,0.17531000000000005,3.2499999999999996,0.5999999999999996,0.145
0.1341,0.18101000000000003,3.3499999999999996,0.5499999999999998,0.145
0.13415000000000002,0.17869250000000003,3.3499999999999996,0.5499999999999998,0.145
0.1342,0.17971750000000006,3.3499999999999996,0.6500000000000004,0.145
0.13425,0.17991500000000005,3.3499999999999996,0.6500000000000004,0.145
0.1343,0.17975000000000005,3.3499999999999996,0.6500000000000004,0.145
0.13435,0.18134500000000003,3.3499999999999996,0.6500000000000004,0.145
0.13440000000000002,0.18042750000000005,3.3499999999999996,0.6500000000000004,0.14400000000000002
0.13445000000000001,0.17709250000000004,3.3499999999999996,0.6500000000000004,0.14400000000000002
0.1345,0.17601000000000006,3.2999999999999994,0.6500000000000004,0.14300000000000002
0.13455,0.17400250000000003,3.2499999999999996,0.6500000000000004,0.14200000000000002
0.1346,0.17652000000000004,3.2499999999999996,0.6500000000000004,0.141
0.13465000000000002,0.17683000000000004,3.2499999999999996,0.6000000000000005,0.13999999999999996
0.13470000000000001,0.17410000000000003,3.2499999999999996,0.6000000000000005,0.13899999999999998
0.13475,0.17425000000000004,3.2499999999999996,0.6000000000000005,0.13799999999999998
0.1348,0.17446000000000003,3.2499999999999996,0.6000000000000005,0.13899999999999998
0.13485,0.17776500000000003,3.2499999999999996,0.6000000000000005,0.14200000000000002
0.13490000000000002,0.17833250000000003,3.2499999999999996,0.6000000000000005,0.14300000000000002
0.13495000000000001,0.17562750000000005,3.2000000000000006,0.6000000000000005,0.14300000000000002
0.135,0.17639500000000005,3.2000000000000006,0.6000000000000005,0.14400000000000002
0.13505,0.17692250000000004,3.2000000000000006,0.6000000000000005,0.145
0.1351,0.18117750000000005,3.150000000000001,0.6000000000000005,0.146
0.13515000000000002,0.18173750000000005,3.2499999999999996,0.6000000000000005,0.146
0.13520000000000001,0.17844500000000005,3.2499999999999996,0.6000000000000005,0.146
0.13525,0.17901250000000005,3.2499999999999996,0.6500000000000004,0.146
0.1353,0.17956250000000004,3.2499999999999996,0.7000000000000002,0.146
0.13535,0.18200750000000004,3.2499999999999996,0.6500000000000004,0.146
0.13540000000000002,0.18176000000000003,3.2499999999999996,0.6500000000000004,0.146
0.13545000000000001,0.17907500000000004,3.2499999999999996,0.6500000000000004,0.145
0.1355,0.17852250000000006,3.1999999999999997,0.6500000000000004,0.145
0.13555,0.17799500000000004,3.1999999999999997,0.6500000000000004,0.14400000000000002
0.1356,0.18030500000000005,3.15,0.6500000000000004,0.14400000000000002
0.13565,0.18018500000000004,3.15,0.6500000000000004,0.14300000000000002
0.13570000000000002,0.17701000000000006,3.15,0.6500000000000004,0.14200000000000002
0.13575,0.17628250000000004,3.15,0.6500000000000004,0.141
0.1358,0.17483750000000003,3.15,0.6500000000000004,0.13999999999999996
0.13585,0.17754500000000004,3.15,0.6500000000000004,0.141
0.1359,0.17789500000000005,3.15,0.6000000000000005,0.14200000000000002
0.13595000000000002,0.17529250000000005,3.15,0.6000000000000005,0.14200000000000002
0.136,0.17626250000000004,3.0999999999999996,0.6000000000000005,0.14300000000000002
0.13605,0.17730250000000006,3.0999999999999996,0.6000000000000005,0.14400000000000002
0.1361,0.18184000000000006,3.0500000000000007,0.6000000000000005,0.146
0.13615,0.18318500000000004,3.0500000000000007,0.6000000000000005,0.146
0.13620000000000002,0.18063000000000004,3.0500000000000007,0.6000000000000005,0.146
0.13625,0.18177500000000005,3.150000000000001,0.6000000000000005,0.146
0.1363,0.18208500000000005,3.150000000000001,0.7000000000000002,0.147
0.13635,0.18380500000000005,3.150000000000001,0.7000000000000002,0.147
0.1364,0.18235250000000006,3.150000000000001,0.7000000000000002,0.147
0.13645000000000002,0.17879500000000004,3.100000000000001,0.7000000000000002,0.146
0.1365,0.17828500000000005,3.100000000000001,0.7000000000000002,0.146
0.13655,0.17804500000000004,3.100000000000001,0.6499999999999995,0.146
0.1366,0.18054500000000004,3.0500000000000003,0.6499999999999995,0.145
0.13665,0.18087250000000005,3.0500000000000003,0.6499999999999995,0.14400000000000002
0.13670000000000002,0.17825000000000005,3.0500000000000003,0.6499999999999995,0.14400000000000002
0.13675,0.17823000000000006,3.0500000000000003,0.6499999999999995,0.14300000000000002
0.1368,0.17828250000000004,3.0500000000000003,0.6499999999999995,0.14200000000000002
0.13685,0.18116500000000005,3.0500000000000003,0.6499999999999995,0.141
0.1369,0.18102000000000004,3.0500000000000003,0.6499999999999995,0.14200000000000002
0.13695000000000002,0.17769500000000005,3.0500000000000003,0.6499999999999995,0.14200000000000002
0.137,0.17710750000000006,3.0500000000000003,0.6499999999999995,0.14300000000000002
0.13705,0.17672750000000004,2.95,0.6499999999999995,0.14400000000000002
0.1371,0.18165250000000005,2.95,0.5999999999999996,0.146
0.13715,0.18317000000000005,3.0,0.5999999999999996,0.146
0.13720000000000002,0.18102750000000004,3.0,0.5999999999999996,0.146
0.13725,0.18229000000000004,3.0500000000000007,0.6500000000000004,0.147
0.1373,0.18280500000000005,3.0500000000000007,0.7000000000000002,0.147
0.13735,0.18510750000000004,3.0,0.7000000000000002,0.147
0.1374,0.18462250000000005,3.0,0.7000000000000002,0.147
0.13745000000000002,0.18144750000000004,3.0,0.7000000000000002,0.147
0.1375,0.18052750000000004,3.0,0.7000000000000002,0.147
0.13755,0.17958250000000003,3.0,0.7000000000000002,0.146
0.1376,0.18083000000000005,2.9499999999999997,0.7000000000000002,0.146
0.13765,0.18037250000000005,2.9499999999999997,0.7000000000000002,0.145
0.13770000000000002,0.17799250000000005,2.9499999999999997,0.6500000000000004,0.145
0.13775,0.17815750000000005,2.9499999999999997,0.6500000000000004,0.14400000000000002
0.1378,0.17864750000000004,2.9499999999999997,0.6500000000000004,0.14300000000000002
0.13785,0.18188750000000004,2.9499999999999997,0.6500000000000004,0.14200000000000002
0.1379,0.18223750000000005,2.9499999999999997,0.6500000000000004,0.14300000000000002
0.13795000000000002,0.17958000000000005,2.9,0.6500000000000004,0.14300000000000002
0.138,0.18009750000000005,2.85,0.6500000000000004,0.14400000000000002
0.13805,0.18074500000000004,2.85,0.6500000000000004,0.145
0.1381,0.18503000000000006,2.9,0.6500000000000004,0.147
0.13815,0.18540500000000004,2.95,0.7000000000000002,0.147
0.13820000000000002,0.18159750000000005,2.95,0.7000000000000002,0.147
0.13825,0.18192250000000004,2.9,0.7500000000000009,0.147
0.1383,0.18220250000000004,2.9,0.7000000000000002,0.148
0.13835,0.18437500000000004,2.9,0.7000000000000002,0.148
0.1384,0.18391750000000004,2.9,0.7000000000000002,0.148
0.13845000000000002,0.18128000000000005,2.9,0.7000000000000002,0.148
0.1385,0.18077250000000006,2.85,0.7000000000000002,0.147
0.13855,0.18074500000000004,2.85,0.7000000000000002,0.147
0.1386,0.18055750000000004,2.85,0.7000000000000002,0.146
0.13865,0.18316000000000004,2.85,0.7000000000000002,0.146
0.13870000000000002,0.17994750000000004,2.85,0.7000000000000002,0.145
0.13875,0.17906000000000005,2.85,0.7000000000000002,0.14400000000000002
0.1388,0.17850500000000005,2.8000000000000003,0.7000000000000002,0.14300000000000002
0.13885,0.17913000000000004,2.8000000000000003,0.6500000000000012,0.14200000000000002
0.1389,0.18294500000000005,2.8000000000000003,0.6500000000000012,0.14400000000000002
0.13895000000000002,0.18074750000000003,2.7499999999999996,0.6500000000000012,0.14400000000000002
0.139,0.18195500000000003,2.7499999999999996,0.6500000000000012,0.145
0.13905,0.18305250000000003,2.7499999999999996,0.6500000000000012,0.146
0.1391,0.18410750000000004,2.85,0.7000000000000002,0.147
0.13915,0.18700750000000005,2.8000000000000003,0.75,0.148
0.13920000000000002,0.18419500000000005,2.8000000000000003,0.75,0.148
0.13925,0.18337000000000003,2.8000000000000003,0.75,0.148
0.1393,0.18208000000000005,2.8000000000000003,0.75,0.148
0.13935,0.18045000000000005,2.8000000000000003,0.75,0.148
0.1394,0.18266500000000005,2.7500000000000004,0.75,0.148
0.13945000000000002,0.18041750000000004,2.7500000000000004,0.6999999999999993,0.148
0.1395,0.18056250000000004,2.7500000000000004,0.6999999999999993,0.147
0.13955,0.18076000000000003,2.7500000000000004,0.6999999999999993,0.147
0.1396,0.18106000000000005,2.7500000000000004,0.6999999999999993,0.146
0.13965,0.18428500000000006,2.6999999999999997,0.6999999999999993,0.146
0.13970000000000002,0.18149750000000003,2.6999999999999997,0.6999999999999993,0.145
0.13975,0.18158750000000004,2.6999999999999997,0.6999999999999993,0.14400000000000002
0.1398,0.18167750000000005,2.6999999999999997,0.6999999999999993,0.14300000000000002
0.13985,0.18170000000000006,2.6499999999999995,0.6999999999999993,0.145
0.1399,0.18487000000000003,2.7499999999999996,0.6999999999999993,0.147
0.13995000000000002,0.18285250000000006,2.7499999999999996,0.6499999999999995,0.147
0.14,0.18384750000000005,2.6999999999999997,0.75,0.147
0.14005,0.18417500000000003,2.6999999999999997,0.75,0.148
0.1401,0.18409250000000005,2.6999999999999997,0.75,0.148
0.14015,0.18585250000000006,2.6999999999999997,0.75,0.149
0.14020000000000002,0.18318000000000004,2.6999999999999997,0.75,0.149
0.14025,0.18265000000000003,2.65,0.75,0.149
0.1403,0.18219500000000005,2.65,0.75,0.149
0.14035,0.18169500000000005,2.65,0.75,0.148
0.1404,0.18377250000000003,2.5999999999999996,0.75,0.148
0.14045000000000002,0.18018250000000005,2.5999999999999996,0.75,0.148
0.1405,0.18066500000000005,2.5999999999999996,0.7000000000000002,0.147
0.14055,0.18120750000000005,2.5999999999999996,0.7000000000000002,0.146
0.1406,0.18180000000000004,2.5999999999999996,0.7000000000000002,0.146
0.14065,0.18559500000000004,2.5999999999999996,0.7000000000000002,0.145
0.14070000000000002,0.18648000000000003,2.5999999999999996,0.7000000000000002,0.146
0.14075000000000001,0.18408500000000005,2.55,0.7000000000000002,0.146
0.1408,0.18488000000000004,2.5999999999999996,0.75,0.147
0.14085,0.18517750000000005,2.5999999999999996,0.8000000000000007,0.147
0.1409,0.18703500000000003,2.5999999999999996,0.8000000000000007,0.149
0.14095000000000002,0.18555750000000004,2.5999999999999996,0.8000000000000007,0.149
0.14100000000000001,0.18238000000000004,2.5999999999999996,0.8000000000000007,0.149
0.14105,0.18232000000000004,2.55,0.75,0.149
0.1411,0.18212000000000006,2.55,0.75,0.149
0.14115,0.18464000000000005,2.5,0.75,0.149
0.14120000000000002,0.18502250000000003,2.5,0.75,0.149
0.14125000000000001,0.18255750000000004,2.5,0.75,0.149
0.1413,0.18273000000000006,2.5,0.75,0.148
0.14135,0.18283250000000004,2.5,0.75,0.148
0.1414,0.18554500000000004,2.5,0.75,0.147
0.14145000000000002,0.18560500000000005,2.5,0.75,0.146
0.14150000000000001,0.18193750000000006,2.5,0.75,0.146
0.14155,0.18316000000000004,2.45,0.7000000000000002,0.146
0.1416,0.18433000000000005,2.5,0.7499999999999991,0.147
0.14165,0.18745000000000003,2.5,0.7999999999999989,0.148
0.14170000000000002,0.18726500000000004,2.5,0.7999999999999989,0.149
0.14175000000000001,0.18457500000000004,2.5,0.7999999999999989,0.149
0.1418,0.18424000000000004,2.45,0.7999999999999989,0.149
0.14185,0.18372750000000004,2.4000000000000004,0.7999999999999989,0.149
0.1419,0.18556000000000006,2.4000000000000004,0.7999999999999989,0.15
0.14195000000000002,0.18514000000000005,2.4000000000000004,0.7999999999999989,0.15
0.14200000000000002,0.18125500000000005,2.4000000000000004,0.7999999999999989,0.15
0.14205,0.18163250000000006,2.4000000000000004,0.7999999999999989,0.149
0.1421,0.18220500000000003,2.4000000000000004,0.7499999999999991,0.149
0.14215,0.18561250000000004,2.4000000000000004,0.7499999999999991,0.149
0.1422,0.18618500000000004,2.4000000000000004,0.7499999999999991,0.148
0.14225000000000002,0.18380750000000004,2.4000000000000004,0.7499999999999991,0.147
0.1423,0.18451750000000006,2.4000000000000004,0.7499999999999991,0.147
0.14235,0.18523000000000003,2.4000000000000004,0.7999999999999998,0.147
0.1424,0.18772500000000006,2.4000000000000004,0.8499999999999996,0.148
0.14245,0.18707250000000006,2.4000000000000004,0.8499999999999996,0.149
0.14250000000000002,0.18357500000000004,2.3500000000000005,0.8499999999999996,0.149
0.14255,0.18324750000000004,2.3000000000000003,0.8499999999999996,0.149
0.1426,0.18320500000000003,2.3000000000000003,0.7999999999999998,0.15
0.14265,0.18533250000000004,2.3000000000000003,0.7999999999999998,0.15
0.1427,0.18550750000000005,2.3000000000000003,0.7999999999999998,0.15
0.14275000000000002,0.18325750000000005,2.3000000000000003,0.7999999999999998,0.15
0.1428,0.18344500000000005,2.3000000000000003,0.7999999999999998,0.15
0.14285,0.18360750000000003,2.3000000000000003,0.7999999999999998,0.15
0.1429,0.18637750000000006,2.3000000000000003,0.7999999999999998,0.149
0.14295,0.18633500000000006,2.3000000000000003,0.7999999999999998,0.149
0.14300000000000002,0.18270750000000005,2.3000000000000003,0.7999999999999998,0.148
0.14305,0.18383000000000005,2.3000000000000003,0.7999999999999998,0.148
0.1431,0.18437250000000005,2.3000000000000003,0.8500000000000005,0.147
0.14315,0.18711750000000005,2.3000000000000003,0.8500000000000005,0.149
0.1432,0.18720250000000005,2.2500000000000004,0.8500000000000005,0.149
0.14325000000000002,0.18460500000000005,2.2000000000000006,0.8500000000000005,0.149
0.1433,0.18433250000000004,2.2000000000000006,0.8500000000000005,0.15
0.14335,0.18393000000000004,2.2000000000000006,0.8500000000000005,0.15
0.1434,0.18593000000000004,2.2000000000000006,0.8500000000000005,0.15100000000000002
0.14345,0.18551250000000005,2.2000000000000006,0.8500000000000005,0.15100000000000002
0.14350000000000002,0.18209750000000005,2.2000000000000006,0.8500000000000005,0.15100000000000002
0.14355,0.18252000000000004,2.2000000000000006,0.8000000000000007,0.15100000000000002
0.1436,0.18309250000000005,2.2000000000000006,0.8000000000000007,0.15
0.14365,0.18657250000000006,2.2000000000000006,0.8000000000000007,0.15
0.1437,0.18730000000000005,2.2000000000000006,0.8500000000000005,0.15
0.14375000000000002,0.18476750000000006,2.2000000000000006,0.8500000000000005,0.149
0.1438,0.18501750000000006,2.15,0.9000000000000004,0.149
0.14385,0.18501250000000005,2.0999999999999996,0.9000000000000004,0.149
0.1439,0.18675000000000005,2.0999999999999996,0.9000000000000004,0.15
0.14395,0.18582000000000004,2.0999999999999996,0.9000000000000004,0.15
0.14400000000000002,0.18294500000000005,2.0999999999999996,0.9000000000000004,0.15
0.14405,0.18287250000000005,2.0999999999999996,0.8499999999999996,0.15100000000000002
0.1441,0.18294750000000004,2.0999999999999996,0.8499999999999996,0.15100000000000002
0.14415,0.18587250000000005,2.0999999999999996,0.8499999999999996,0.15100000000000002
0.1442,0.18625500000000006,2.0999999999999996,0.8499999999999996,0.15100000000000002
0.14425000000000002,0.18381500000000003,2.0999999999999996,0.8499999999999996,0.15100000000000002
0.1443,0.18382500000000004,2.0999999999999996,0.8499999999999996,0.15100000000000002
0.14435,0.18402500000000005,2.0999999999999996,0.8499999999999996,0.15100000000000002
0.1444,0.18641500000000005,2.0999999999999996,0.9499999999999993,0.15100000000000002
0.14445,0.18589000000000006,2.0999999999999996,0.9499999999999993,0.15100000000000002
0.14450000000000002,0.18381250000000005,2.0,0.8999999999999995,0.15
0.14455,0.18395250000000005,2.0,0.8999999999999995,0.15
0.1446,0.18395750000000005,2.0,0.8999999999999995,0.15
0.14465,0.18582000000000004,2.0,0.8999999999999995,0.15100000000000002
0.1447,0.18573500000000004,2.0,0.8999999999999995,0.152
0.14475000000000002,0.18336000000000005,2.0,0.8999999999999995,0.152
0.1448,0.18329500000000004,2.0,0.8999999999999995,0.152
0.14485,0.18300500000000006,2.0,0.8999999999999995,0.152
0.1449,0.18515500000000004,2.0,0.8999999999999995,0.152
0.14495,0.18569750000000004,2.0,0.9000000000000004,0.152
0.14500000000000002,0.18358250000000004,2.0,0.9000000000000004,0.152
0.14505,0.18399500000000005,1.9500000000000002,0.9500000000000002,0.152
0.1451,0.18409750000000005,1.9500000000000002,0.9500000000000002,0.152
0.14515,0.18397250000000004,1.9000000000000004,0.9500000000000002,0.15100000000000002
0.1452,0.18583750000000004,1.9000000000000004,0.9500000000000002,0.15100000000000002
0.14525000000000002,0.18311000000000005,1.9000000000000004,0.9500000000000002,0.15100000000000002
0.1453,0.18255000000000005,1.9000000000000004,0.9500000000000002,0.152
0.14535,0.18189000000000005,1.9000000000000004,0.9500000000000002,0.152
0.1454,0.18227250000000006,1.9000000000000004,0.8999999999999995,0.152
0.14545,0.18533250000000004,1.9000000000000004,0.8999999999999995,0.153
0.14550000000000002,0.18299250000000006,1.9000000000000004,0.8999999999999995,0.153
0.14555,0.18361750000000004,1.9000000000000004,0.9499999999999993,0.153
0.1456,0.18366750000000004,1.9000000000000004,1.0,0.153
0.14565,0.18341500000000005,1.9000000000000004,1.0,0.153
0.1457,0.18530250000000004,1.8499999999999996,1.0,0.153
0.14575000000000002,0.18232500000000004,1.799999999999999,1.0,0.153
0.1458,0.18180500000000005,1.799999999999999,1.0,0.152
0.14585,0.18189750000000005,1.799999999999999,0.9500000000000011,0.152
0.1459,0.18216500000000005,1.799999999999999,0.9500000000000011,0.152
0.14595,0.18482500000000004,1.799999999999999,0.9500000000000011,0.153
0.14600000000000002,0.18240750000000006,1.799999999999999,0.9500000000000011,0.153
0.14605,0.18298750000000005,1.799999999999999,0.9500000000000011,0.153
0.1461,0.18310500000000005,1.799999999999999,1.0499999999999998,0.153
0.14615,0.18255500000000005,1.799999999999999,1.0499999999999998,0.154
0.1462,0.18373500000000004,1.799999999999999,1.0499999999999998,0.154
0.14625000000000002,0.18136000000000005,1.799999999999999,1.0,0.154
0.1463,0.18144250000000003,1.7000000000000002,1.0,0.154
0.14635,0.18148000000000006,1.7000000000000002,1.0,0.153
0.1464,0.18160000000000004,1.7000000000000002,1.0,0.153
0.14645,0.18426500000000004,1.7000000000000002,1.0,0.153
0.14650000000000002,0.18165750000000006,1.7000000000000002,1.0,0.153
0.14655,0.18203750000000005,1.7000000000000002,1.0500000000000007,0.154
0.1466,0.18173250000000005,1.7000000000000002,1.1000000000000005,0.154
0.14665,0.18130000000000004,1.7000000000000002,1.1000000000000005,0.154
0.1467,0.18333250000000004,1.7000000000000002,1.0499999999999998,0.154
0.14675000000000002,0.18086500000000005,1.7000000000000002,1.0499999999999998,0.154
0.1468,0.18057750000000006,1.7000000000000002,1.0499999999999998,0.154
0.14685,0.18054500000000004,1.6500000000000004,1.0499999999999998,0.154
0.1469,0.18051750000000005,1.5999999999999996,1.0499999999999998,0.154
0.14695,0.18329500000000004,1.5999999999999996,1.0999999999999996,0.154
0.14700000000000002,0.18311750000000004,1.5999999999999996,1.1499999999999995,0.154
0.14705000000000001,0.18053750000000005,1.5999999999999996,1.1499999999999995,0.154
0.1471,0.18066250000000006,1.5999999999999996,1.0999999999999996,0.155
0.14715,0.18045750000000005,1.5999999999999996,1.0999999999999996,0.155
0.1472,0.18229500000000004,1.5999999999999996,1.0999999999999996,0.155
0.14725000000000002,0.18210250000000006,1.5999999999999996,1.0999999999999996,0.155
0.14730000000000001,0.17949750000000003,1.5999999999999996,1.0999999999999996,0.155
0.14735,0.17910750000000006,1.5999999999999996,1.0999999999999996,0.155
0.1474,0.17916000000000004,1.5499999999999998,1.0999999999999996,0.155
0.14745,0.18150750000000004,1.5,1.2000000000000002,0.155
0.14750000000000002,0.18154000000000003,1.5,1.1500000000000004,0.155
0.14755000000000001,0.17927500000000005,1.5,1.1500000000000004,0.155
0.1476,0.17913250000000006,1.5,1.1500000000000004,0.155
0.14765,0.17865750000000005,1.5,1.1500000000000004,0.156
0.1477,0.18104750000000006,1.5,1.1500000000000004,0.156
0.14775000000000002,0.18092250000000004,1.5,1.2000000000000002,0.156
0.14780000000000001,0.17796500000000004,1.5,1.2000000000000002,0.156
0.14785,0.17769000000000004,1.5,1.2500000000000009,0.156
0.1479,0.17747750000000004,1.5,1.2000000000000002,0.156
0.14795,0.17975250000000004,1.4000000000000004,1.2000000000000002,0.156
0.14800000000000002,0.17972000000000005,1.4000000000000004,1.2000000000000002,0.156
0.14805000000000001,0.17728750000000004,1.4000000000000004,1.2000000000000002,0.156
0.1481,0.17735500000000004,1.4000000000000004,1.2000000000000002,0.156
0.14815,0.17701000000000006,1.4000000000000004,1.299999999999998,0.157
0.1482,0.17867250000000004,1.4000000000000004,1.299999999999998,0.157
0.14825000000000002,0.17838000000000004,1.4000000000000004,1.2499999999999991,0.157
0.14830000000000002,0.17592750000000004,1.4000000000000004,1.2499999999999991,0.157
0.14835,0.17557250000000005,1.4000000000000004,1.2499999999999991,0.157
0.1484,0.17559500000000006,1.4000000000000004,1.3000000000000016,0.157
0.14845,0.17780750000000003,1.2999999999999998,1.3500000000000005,0.157
0.14850000000000002,0.17730750000000003,1.2999999999999998,1.3500000000000005,0.157
0.14855000000000002,0.17429750000000005,1.2999999999999998,1.3500000000000005,0.157
0.1486,0.17431000000000005,1.2999999999999998,1.3500000000000005,0.157
0.14865,0.17449250000000005,1.2999999999999998,1.3000000000000007,0.158
0.1487,0.17660500000000004,1.2999999999999998,1.4000000000000004,0.158
0.14875,0.17596500000000004,1.2999999999999998,1.4000000000000004,0.158
0.14880000000000002,0.17332250000000005,1.2999999999999998,1.4000000000000004,0.158
0.14885,0.17286750000000004,1.2999999999999998,1.4000000000000004,0.158
0.1489,0.17229000000000005,1.2999999999999998,1.450000000000001,0.158
0.14895,0.17428500000000005,1.1999999999999993,1.5,0.158
0.149,0.17423250000000004,1.1999999999999993,1.5,0.158
0.14905000000000002,0.17184000000000005,1.1999999999999993,1.5,0.158
0.1491,0.17177250000000005,1.1999999999999993,1.5500000000000007,0.159
0.14915,0.17120000000000005,1.1999999999999993,1.5500000000000007,0.159
0.1492,0.17288250000000005,1.1999999999999993,1.6500000000000004,0.159
0.14925,0.17217500000000005,1.1999999999999993,1.6999999999999993,0.159
0.14930000000000002,0.16955000000000003,1.1999999999999993,1.6999999999999993,0.159
0.14935,0.16855250000000005,1.1999999999999993,1.6499999999999995,0.159
0.1494,0.16721000000000005,1.0999999999999996,1.6499999999999995,0.159
0.14945,0.16617750000000003,1.0999999999999996,1.6000000000000005,0.159
0.1495,0.16408500000000004,1.0999999999999996,1.6000000000000005,0.16
0.14955000000000002,0.16132500000000005,1.0999999999999996,1.6000000000000005,0.16
0.1496,0.15869250000000004,1.0999999999999996,1.6000000000000005,0.16
0.14965,0.15645000000000003,1.0999999999999996,1.5499999999999998,0.16
0.1497,0.15403750000000005,1.0999999999999996,1.5499999999999998,0.16
0.14975,0.15123750000000002,1.0999999999999996,1.5499999999999998,0.16
0.14980000000000002,0.14826000000000003,1.0999999999999996,1.5499999999999998,0.16
0.14985,0.14557500000000004,1.0,1.4999999999999991,0.16
0.1499,0.14268750000000002,1.0,1.4999999999999991,0.16
0.14995,0.13994250000000003,1.0,1.4999999999999991,0.16
0.15,0.13732500000000003,1.0,1.4499999999999993,0.16
0.15005000000000002,0.13451750000000004,1.0,1.4499999999999993,0.16
0.1501,0.13160000000000002,1.0,1.4499999999999993,0.16
0.15015,0.12816750000000005,1.0,1.4499999999999993,0.16
0.1502,0.12489500000000003,1.0,1.4499999999999993,0.16
0.15025,0.12191500000000004,1.0,1.4000000000000004,0.16
0.15030000000000002,0.11914500000000003,0.9000000000000004,1.3500000000000005,0.16
0.15035,0.11638250000000003,0.9000000000000004,1.3500000000000005,0.16
0.1504,0.11353000000000003,0.9000000000000004,1.3500000000000005,0.16
0.15045,0.11053250000000003,0.9000000000000004,1.3500000000000005,0.159
0.1505,0.10726750000000003,0.9000000000000004,1.3500000000000005,0.159
0.15055000000000002,0.10380750000000002,0.9000000000000004,1.3500000000000005,0.159
0.1506,0.10099250000000003,0.9000000000000004,1.3000000000000007,0.158
0.15065,0.09816250000000003,0.9000000000000004,1.25,0.158
0.1507,0.09510000000000002,0.8000000000000007,1.25,0.157
0.15075,0.09238250000000002,0.8000000000000007,1.25,0.157
0.15080000000000002,0.08948000000000002,0.8000000000000007,1.25,0.156
0.15085,0.08638250000000001,0.8000000000000007,1.25,0.155
0.1509,0.08349500000000003,0.8000000000000007,1.2000000000000002,0.155
0.15095,0.08046750000000003,0.8000000000000007,1.2000000000000002,0.154
0.151,0.07760250000000002,0.8000000000000007,1.2000000000000002,0.153
0.15105000000000002,0.07462250000000002,0.8000000000000007,1.1499999999999995,0.152
0.1511,0.07193750000000002,0.7000000000000002,1.1499999999999995,0.15100000000000002
0.15115,0.06918500000000002,0.7000000000000002,1.1499999999999995,0.15
0.1512,0.06661000000000002,0.7000000000000002,1.0999999999999996,0.149
0.15125,0.06388500000000001,0.7000000000000002,1.0999999999999996,0.148
0.15130000000000002,0.061092500000000015,0.7000000000000002,1.0999999999999996,0.146
0.15135,0.05812000000000001,0.7000000000000002,1.0500000000000007,0.145
0.1514,0.055390000000000016,0.7000000000000002,1.0500000000000007,0.14400000000000002
0.15145,0.053140000000000014,0.5999999999999996,1.0,0.14200000000000002
0.1515,0.05069000000000001,0.5999999999999996,1.0,0.141
0.15155000000000002,0.04822000000000001,0.5999999999999996,1.0,0.13899999999999998
0.1516,0.04558000000000001,0.5999999999999996,1.0,0.13699999999999998
0.15165,0.04304250000000001,0.5999999999999996,0.9499999999999993,0.136
0.1517,0.04066750000000001,0.5999999999999996,0.8999999999999995,0.134
0.15175,0.03833500000000001,0.5999999999999996,0.8999999999999995,0.132
0.15180000000000002,0.03602000000000001,0.5,0.8999999999999995,0.12999999999999998
0.15185,0.03381750000000001,0.5,0.8999999999999995,0.128
0.1519,0.031685000000000005,0.5,0.8999999999999995,0.125
0.15195,0.029647500000000007,0.5,0.8000000000000007,0.12300000000000001
0.152,0.027342500000000006,0.5,0.8000000000000007,0.121
0.15205000000000002,0.025190000000000008,0.5,0.8000000000000007,0.118
0.1521,0.023077500000000004,0.5,0.8000000000000007,0.116
0.15215,0.021417500000000006,0.40000000000000036,0.75,0.11299999999999999
0.1522,0.019632500000000004,0.40000000000000036,0.6999999999999993,0.11
0.15225,0.017832500000000005,0.40000000000000036,0.6999999999999993,0.108
0.15230000000000002,0.015802500000000004,0.40000000000000036,0.6999999999999993,0.104
0.15235,0.014110000000000003,0.40000000000000036,0.6500000000000004,0.101
0.1524,0.012560000000000003,0.40000000000000036,0.6000000000000014,0.098
0.15245,0.010980000000000002,0.2999999999999998,0.6000000000000014,0.094
0.1525,0.009582500000000002,0.2999999999999998,0.6000000000000014,0.09000000000000001
0.15255000000000002,0.008255000000000002,0.2999999999999998,0.5500000000000016,0.086
0.1526,0.0067125000000000015,0.2999999999999998,0.4999999999999991,0.082
0.15265,0.005472500000000002,0.2999999999999998,0.4999999999999991,0.078
0.1527,0.004460000000000001,0.20000000000000107,0.4499999999999984,0.073
0.15275,0.003320000000000001,0.20000000000000107,0.39999999999999947,0.067
0.15280000000000002,0.0023475000000000006,0.20000000000000107,0.34999999999999964,0.061
0.15285,0.0014550000000000003,0.20000000000000107,0.3000000000000007,0.055
0.1529,0.0008025000000000002,0.09999999999999964,0.2500000000000009,0.047
0.15295,0.00018500000000000005,0.09999999999999964,0.20000000000000018,0.038
0.153,0.0,0.09999999999999964,0.10000000000000053,0.026
0.15305000000000002,0.0,0.0,0.0,0.0
0.1531,0.0,0.0,0.0,0.0
